_id,DATA,hora,natureza_acidente,situacao,bairro,endereco,numero,detalhe_endereco_acidente,complemento,endereco_cruzamento,numero_cruzamento,referencia_cruzamento,bairro_cruzamento,num_semaforo,sentido_via,tipo,descricao,auto,moto,ciclom,ciclista,pedestre,onibus,caminhao,viatura,outros,vitimas,vitimasfatais,acidente_verificado,tempo_clima,situacao_semaforo,sinalizacao,condicao_via,conservacao_via,ponto_controle,situacao_placa,velocidade_max_via,mao_direcao,divisao_via1,divisao_via2,divisao_via3
166,2019-01-07T00:00:00,16:41:00,SEM VÍTIMA,FINALIZADA,BOA VIAGEM,AV CONSELHEIRO AGUIAR,"","",NA FRENTE DA GALERIA RECIFE TREDY CENTER,AV CONSELHEIRO AGUIAR,"",NA FRENTE DA GALERIA RECIFE TREDY CENTER,BOA VIAGEM,,CIDADE,COLISÃO TRASEIRA,COLISÃO SEM VITIMA,2,,,,,,,,,0,,Longo da via,Bom,Não existe,Perfeito estado,Seca,Perfeito estado,Não existe,R-6b,"",Única,Faixa seccionada,"",""
167,2019-01-07T00:00:00,17:28:00,SEM VÍTIMA,FINALIZADA,DERBY,AV GOVERNADOR AGAMENON MAGALHAES,"","",E/F AO HOSPITAL DA RESTAURAÇAO S/T BOA VIAGEM,AV GOVERNADOR AGAMENON MAGALHAES,"",E/F AO HOSPITAL DA RESTAURAÇAO S/T BOA VIAGEM,DERBY,,SUBURBIO,COLISÃO TRASEIRA,COLISAO ENTRE DUAS VT DA POLICIA S/V,,,,,,,,2,,0,,Longo da via,Bom,Não existe,Perfeito estado,Seca,Perfeito estado,Não existe,Outras,60 km/h,Dupla,Canal,"",""
168,2019-01-07T00:00:00,17:57:00,SEM VÍTIMA,FINALIZADA,BOA VIAGEM,RUA VISCONDE DE JEQUITINHONHA,"","",POSTO DE COMBUSTÍVEL CANAL 01,RUA VISCONDE DE JEQUITINHONHA,"",POSTO DE COMBUSTÍVEL CANAL 01,BOA VIAGEM,,"",COLISÃO,COLISÃO SEM VITIMA,1,1,,,,,,,,0,,"","","","","","","","","","","","",""
169,2019-01-07T00:00:00,21:35:00,COM VÍTIMA,FINALIZADA,ALTO JOSÉ BONIFÁCIO,RUA CORREGO DO EUCLIDES,765,"",PROX AO AMARELINHO JATO DEPOIS DA ASSEMBLEIA DE DEUS,RUA CORREGO DO EUCLIDES,765,PROX AO AMARELINHO JATO DEPOIS DA ASSEMBLEIA DE DEUS,ALTO JOSÉ BONIFÁCIO,,SUBURBIO,ABALROAMENTO TRANSVERSAL,SANDERO X MOTO,1,1,,,,,,,,1,,Longo da via,Bom,Não existe,Incompleta,Seca,Perfeito estado,Não existe,Outras,"",Dupla,Faixa seccionada,"",""
170,2019-01-07T00:00:00,21:42:00,SEM VÍTIMA,FINALIZADA,BOA VIAGEM,RUA BARAO DE SOUZA LEAO,514,"",ED SAN SEBASTIAN,RUA BARAO DE SOUZA LEAO,514,ED SAN SEBASTIAN,BOA VIAGEM,,"",ABALROAMENTO TRANSVERSAL,DOIS AUTOS CHOCOU-SE COM O PORTAO DA CAGAREM EDF.SAN SEBASTIAN,2,,,,,,,,,0,,Longo da via,Bom,Não existe,Perfeito estado,Seca,Perfeito estado,Não existe,Outras,"",Única,Faixa seccionada,"",""
171,2019-01-07T00:00:00,22:01:00,SEM VÍTIMA,FINALIZADA,DOIS UNIDOS,AV HILDEBRANDO DE VASCONCELOS,1016,"",PROX ANTIGA FABRICA DA MINEVA,AV HILDEBRANDO DE VASCONCELOS,1016,PROX ANTIGA FABRICA DA MINEVA,DOIS UNIDOS,,SUBURBIO,COLISÃO FRONTAL,VOYAGE X HONDA FIT,2,,,,,,,,,0,,Longo da via,Bom,Não existe,Não existente,Seca,Mal iluminada,Não existe,Não há placas,"",Dupla,Não existe,"",""
172,2019-01-08T00:00:00,06:25:00,SEM VÍTIMA,FINALIZADA,SÃO JOSÉ,RUA DO PEIXOTO,"",RUA DO MUNIZ,EM FRENTE A IGREJA MUNIZ DO BAIRRO DE SÃO JOSÉ,RUA DO PEIXOTO,"",EM FRENTE A IGREJA MUNIZ DO BAIRRO DE SÃO JOSÉ,SÃO JOSÉ,207,SUBURBIO,ABALROAMENTO LONGITUDINAL,ONIBUS E AUTO,1,,,,,1,,,,0,,Cruzamento,Bom,Sem defeito,Incompleta,Seca,Perfeito estado,"",Não há placas,40 km/h,Única,Não existe,"",""
173,2019-01-08T00:00:00,06:47:00,SEM VÍTIMA,FINALIZADA,VÁRZEA,RUA MARECHAL MANOEL LUIS OSORIO,495,RUA PROFESSOR ANTONIO COELHO,EM FRENTE AO COLEGIO PONTUAL,RUA MARECHAL MANOEL LUIS OSORIO,495,EM FRENTE AO COLEGIO PONTUAL,VÁRZEA,,SUBURBIO,ABALROAMENTO TRANSVERSAL,AUTO E MOTO,1,1,,,,,,,,0,,Cruzamento,"",Não existe,Perfeito estado,Seca,Perfeito estado,Não existe,Não há placas,"","",Não existe,"",""
174,2019-01-08T00:00:00,06:59:00,SEM VÍTIMA,FINALIZADA,VÁRZEA,RUA PROFESSOR CHAVES BATISTA,187,"",EM FRENTE AO EDF HELOISA,RUA PROFESSOR CHAVES BATISTA,187,EM FRENTE AO EDF HELOISA,VÁRZEA,,CIDADE,COLISÃO TRASEIRA,COLISÃO SEM VITIMAS,1,1,,,,,,,,0,,Longo da via,Bom,Sem defeito,Perfeito estado,Seca,Perfeito estado,Faixa de pedestre,Outras,"",Única,Faixa seccionada,"",""
175,2019-01-08T00:00:00,07:31:00,COM VÍTIMA,FINALIZADA,CABANGA,AV GOVERNADOR PAULO GUERRA,"","",PROX A COMPESA,AV GOVERNADOR PAULO GUERRA,"",PROX A COMPESA,CABANGA,662,SUBURBIO,COLISÃO COM CICLISTA,BICICLETA E MOTO,,1,,1,,,,,,2,,Longo da via,Bom,Sem defeito,Perfeito estado,Seca,Perfeito estado,Outros,Outras,"",Única,Faixa,"",""
176,2019-01-08T00:00:00,07:49:00,SEM VÍTIMA,FINALIZADA,VÁRZEA,RUA MARECHAL MANOEL LUIS OSORIO,495,RUA PROFESSOR ANTONIO COELHO,EM FRENTE AO COLEGIO PONTUAL,RUA MARECHAL MANOEL LUIS OSORIO,495,EM FRENTE AO COLEGIO PONTUAL,VÁRZEA,,CIDADE,CHOQUE VEÍCULO PARADO,COLISÃO SEM VITIMAS VT 17 QTH,2,,,,,,,,,0,,Longo da via,Bom,Não existe,Não existente,Seca,Perfeito estado,Não existe,Não há placas,"",Única,Não existe,"",""
177,2019-01-08T00:00:00,07:53:00,SEM VÍTIMA,FINALIZADA,PAISSANDU,RUA PAISSANDU,"","",EM FRENTE AO BRADESCO,RUA PAISSANDU,"",EM FRENTE AO BRADESCO,PAISSANDU,,CIDADE,ABALROAMENTO LONGITUDINAL,MOTO E AUTO,1,1,,,,,,,,0,,Longo da via,Bom,Não existe,Perfeito estado,Seca,Perfeito estado,Não existe,Não há placas,"",Dupla,Canteiro central,"",""
178,2019-01-08T00:00:00,07:56:00,SEM VÍTIMA,DUPLICIDADE,PAISSANDU,RUA PAISSANDU,"","",PROX. AO HOSPITAL SAO MARCOS,RUA PAISSANDU,"",PROX. AO HOSPITAL SAO MARCOS,PAISSANDU,,"",COLISÃO,AUTO E MOTO,1,1,,,,,,,,0,,"","","","","","","","","","","","",""
179,2019-01-08T00:00:00,08:21:00,SEM VÍTIMA,FINALIZADA,BOA VIAGEM,AV ENGENHEIRO DOMINGOS FERREIRA,"",RUA FELIX DE BRITO E MELO,"",AV ENGENHEIRO DOMINGOS FERREIRA,"","",BOA VIAGEM,545,SUBURBIO,ABALROAMENTO TRANSVERSAL,DOIS AUTOS MOTOS 34 E 24 NO QTH,2,,,,,,,,,0,,Cruzamento,Bom,Sem defeito,Perfeito estado,Seca,Perfeito estado,Faixa de pedestre,Outras,60 km/h,Única,Canteiro central,"",""
180,2019-01-08T00:00:00,08:27:00,SEM VÍTIMA,FINALIZADA,CASA AMARELA,RUA MAJOR NEREU GUERRA,310,"",EM FRENTE A GALERIA VIA APIA,RUA MAJOR NEREU GUERRA,310,EM FRENTE A GALERIA VIA APIA,CASA AMARELA,598,CIDADE,COLISÃO TRASEIRA,SEM VÍTIMAS,2,,,,,,,,,0,,Longo da via,Bom,Sem defeito,Perfeito estado,Seca,Perfeito estado,Faixa de pedestre,Não há placas,30 km/h,Dupla,Faixa seccionada,"",""
181,2019-01-08T00:00:00,08:57:00,SEM VÍTIMA,FINALIZADA,BOA VIAGEM,RUA BALTAZAR PASSOS,6432,AV BOA VIAGEM,EDF MARIA FRAZÃO,RUA BALTAZAR PASSOS,6432,EDF MARIA FRAZÃO,BOA VIAGEM,149,CIDADE,ABALROAMENTO LONGITUDINAL,CAMINHÃO E AUTO,1,,,,,,1,,,0,,Cruzamento,Bom,Sem defeito,Perfeito estado,Seca,Perfeito estado,Faixa de pedestre,Não há placas,30 km/h,Única,Faixa contínua,"",""
182,2019-01-08T00:00:00,10:09:00,SEM VÍTIMA,FINALIZADA,CASA FORTE,AV DEZESSETE DE AGOSTO,2720,"","",AV DEZESSETE DE AGOSTO,2720,"",CASA FORTE,,SUBURBIO,COLISÃO TRASEIRA,SEM VÍTIMAS,3,,,,,,,,,0,,Longo da via,Bom,Não existe,Perfeito estado,Seca,Perfeito estado,Não existe,Não há placas,60 km/h,Dupla,Faixa contínua,"",""
183,2019-01-08T00:00:00,10:24:00,SEM VÍTIMA,FINALIZADA,SANTO AMARO,RUA DA UNIAO,"","",EM FRENTE A ASSEMBLEIA LEGISLATIVA,RUA DA UNIAO,"",EM FRENTE A ASSEMBLEIA LEGISLATIVA,SANTO AMARO,,SUBURBIO,ABALROAMENTO LONGITUDINAL,COLISÃO SEM VITIMAS,2,,,,,,,,,0,,Longo da via,Bom,Não existe,Incompleta,Seca,Perfeito estado,Não existe,Não há placas,"",Única,Não existe,"",""
184,2019-01-08T00:00:00,10:29:00,SEM VÍTIMA,FINALIZADA,NOVA DESCOBERTA,RUA CORREGO DA AREIA,1229,"","",RUA CORREGO DA AREIA,1229,"",NOVA DESCOBERTA,,SUBURBIO,ABALROAMENTO LONGITUDINAL,COLISÃO SEM VITIMAS,1,,,,,,1,,,0,,Longo da via,Bom,Não existe,Não existente,Seca,Mal conservada,Não existe,Não há placas,"",Dupla,Não existe,"",""
185,2019-01-08T00:00:00,10:58:00,SEM VÍTIMA,FINALIZADA,IMBIRIBEIRA,AV MARECHAL MASCARENHAS DE MORAES,820,"",EM FRENTE A CONCESSIONARIA FORD,AV MARECHAL MASCARENHAS DE MORAES,820,EM FRENTE A CONCESSIONARIA FORD,IMBIRIBEIRA,532,SUBURBIO,COLISÃO TRASEIRA,DOIS AUTOS,2,,,,,,,,,0,,Longo da via,Bom,Sem defeito,Perfeito estado,Seca,Perfeito estado,Faixa de retenção,Outras,60 km/h,Dupla,Canteiro central,"",""
186,2019-01-08T00:00:00,10:58:00,SEM VÍTIMA,DUPLICIDADE,NOVA DESCOBERTA,RUA CORREGO DA AREIA,"","",E/F A ESCOLA MUNICIPAL POETA JOAQUIMCARDOSO,RUA CORREGO DA AREIA,"",E/F A ESCOLA MUNICIPAL POETA JOAQUIMCARDOSO,NOVA DESCOBERTA,,"",COLISÃO,SEM VÍTMAS,1,,,,,,1,,,0,,"","","","","","","","","","","","",""
187,2019-01-08T00:00:00,11:04:00,SEM VÍTIMA,FINALIZADA,AREIAS,AV RECIFE,5510,"","",AV RECIFE,5510,"",AREIAS,,SUBURBIO,ABALROAMENTO LONGITUDINAL,CARRETA E AUTO PASSEIO,1,,,,,,1,,,0,,Longo da via,Bom,Não existe,Perfeito estado,Seca,Perfeito estado,Outros,Outras,60 km/h,Única,Faixa seccionada,Canteiro central,""
188,2019-01-08T00:00:00,12:09:00,SEM VÍTIMA,FINALIZADA,ESPINHEIRO,RUA MARQUES DO PARANA,209,RUA ALFREDO DE CARVALHO,EM FRENTE AO MARTELINHO DE OURO,RUA MARQUES DO PARANA,209,EM FRENTE AO MARTELINHO DE OURO,ESPINHEIRO,,SUBURBIO,ABALROAMENTO TRANSVERSAL,DOIS AUTOS S/V,2,,,,,,,,,0,,Cruzamento,Bom,Não existe,Perfeito estado,Seca,Perfeito estado,Não existe,Placas Pare,"",Dupla,Não existe,"",""
189,2019-01-08T00:00:00,12:34:00,SEM VÍTIMA,FINALIZADA,SANTO AMARO,AV VISCONDE DE SUASSUNA,923,"",EM FRENTE AO EDIFICIO BOSQUE DE VERSAILLES,AV VISCONDE DE SUASSUNA,923,EM FRENTE AO EDIFICIO BOSQUE DE VERSAILLES,SANTO AMARO,356,SUBURBIO,CHOQUE VEÍCULO PARADO,COLISÃO SEM VÍTIMA,2,,,,,,,,,0,,Longo da via,Bom,Sem defeito,Perfeito estado,Seca,Perfeito estado,Não existe,R-6a,40 km/h,Única,Faixa seccionada,"",""
190,2019-01-08T00:00:00,13:00:00,SEM VÍTIMA,FINALIZADA,TORRE,RUA REAL DA TORRE,1531,"",EM FRENTE A DELICATESSEN TORRE MASSAS,RUA REAL DA TORRE,1531,EM FRENTE A DELICATESSEN TORRE MASSAS,TORRE,,CIDADE,ABALROAMENTO LONGITUDINAL,AUTO E MOTO,1,1,,,,,,,,0,,Longo da via,Bom,Não existe,Incompleta,Seca,Perfeito estado,Não existe,R-6a,"",Única,Não existe,"",""
191,2019-01-08T00:00:00,13:05:00,SEM VÍTIMA,FINALIZADA,JAQUEIRA,RUA LEONARDO BEZERRA CAVALCANTE,59,"",E/F AO HOSPITAL INFANTIL MARIA LUCINDA,RUA LEONARDO BEZERRA CAVALCANTE,59,E/F AO HOSPITAL INFANTIL MARIA LUCINDA,JAQUEIRA,,CIDADE,ABALROAMENTO TRANSVERSAL,COLISAO ENTRE AUTO E MOTO S/V,1,1,,,,,,,,0,,Longo da via,Bom,Sem defeito,Perfeito estado,Seca,Perfeito estado,Faixa de pedestre,R-6a,40 km/h,Dupla,Faixa contínua,"",""
192,2019-01-08T00:00:00,13:20:00,SEM VÍTIMA,FINALIZADA,IMBIRIBEIRA,RUA PAMPULHA,268,"","EM BAIXO DO VIADUTO, DA ESTAÇAO DO METRO ANTONIO FALCAO",RUA PAMPULHA,268,"EM BAIXO DO VIADUTO, DA ESTAÇAO DO METRO ANTONIO FALCAO",IMBIRIBEIRA,,"",COLISÃO,DOIS AUTOS S/V,2,,,,,,,,,0,,"","","","","","","","","","","","",""
193,2019-01-08T00:00:00,13:29:00,SEM VÍTIMA,CANCELADA,CAMPO GRANDE,AV PROFESSOR JOSE DOS ANJOS,116C,"",PROX AO CONJUNTO RESIDENCIAL SARAMANDAIA,AV PROFESSOR JOSE DOS ANJOS,116C,PROX AO CONJUNTO RESIDENCIAL SARAMANDAIA,CAMPO GRANDE,,"",COLISÃO,COLISAO ENTRE AUTO E MOTO S/V,1,1,,,,,,,,0,,"","","","","","","","","","","","",""
194,2019-01-08T00:00:00,13:31:00,SEM VÍTIMA,FINALIZADA,MADALENA,AV VISCONDE DE ALBUQUERQUE,81,"",EM FRENTE A LOGNET INFORMATICA,AV VISCONDE DE ALBUQUERQUE,81,EM FRENTE A LOGNET INFORMATICA,MADALENA,,CIDADE,COLISÃO TRASEIRA,ENTRE UM CAMINHAO E DOIS AUTOS PASSEIO S/V,2,,,,,,1,,,0,,Longo da via,Bom,Sem defeito,Perfeito estado,Seca,Perfeito estado,Outros,R-6a,"",Única,Faixa seccionada,"",""
195,2019-01-08T00:00:00,13:35:00,SEM VÍTIMA,FINALIZADA,BOA VIAGEM,RUA VISCONDE DE JEQUITINHONHA,452,"",EM FRENTE A PASSIRA DELICATESSE,RUA VISCONDE DE JEQUITINHONHA,452,EM FRENTE A PASSIRA DELICATESSE,BOA VIAGEM,,"",COLISÃO,COLISÃO SEM VÍTIMA,1,,,,,1,,,,0,,"","","","","","","","","","","","",""
196,2019-01-08T00:00:00,15:04:00,COM VÍTIMA,FINALIZADA,IPSEP,RUA JEAN EMILE FAVRE,754,RUA PAMPULHA,"E/F AO ESCOLA ELEONOR ROOSEVELT, FARMÁCIA DIARIAMENTE",RUA JEAN EMILE FAVRE,754,"E/F AO ESCOLA ELEONOR ROOSEVELT, FARMÁCIA DIARIAMENTE",IPSEP,,CIDADE,COLISÃO FRONTAL,COLISAO ENRE AUTO E MOTO COM UMA VITIMA,1,1,,,,,,,,1,,Cruzamento,Bom,Sem defeito,Perfeito estado,Seca,Perfeito estado,Faixa de pedestre,R-6a,"",Dupla,Faixa,"",""
197,2019-01-08T00:00:00,15:05:00,SEM VÍTIMA,FINALIZADA,SANTO AMARO,AV NORTE,"","",SOB O SEMÁFORO DE Nº 463,AV NORTE,"",SOB O SEMÁFORO DE Nº 463,SANTO AMARO,463,SUBURBIO,COLISÃO TRASEIRA,DOIS AUTOS S/V,2,,,,,,,,,0,,Longo da via,Bom,Sem defeito,Perfeito estado,Seca,Perfeito estado,Faixa de pedestre,Outras,"",Dupla,Faixa seccionada,Canteiro central,""
198,2019-01-08T00:00:00,15:06:00,SEM VÍTIMA,CANCELADA,BOA VIAGEM,RUA BRUNO VELOSO,452,"",EM FRENTE A PASSIRA DELICATESSE,RUA BRUNO VELOSO,452,EM FRENTE A PASSIRA DELICATESSE,BOA VIAGEM,,"",COLISÃO,COLISÃO SEM VÍTIMA,1,,,,,1,,,,0,,"","","","","","","","","","","","",""
199,2019-01-08T00:00:00,15:42:00,SEM VÍTIMA,FINALIZADA,PINA,AV ANTONIO DE GOES,500,"",EM FRENTE A LOCALIZA HERTZ,AV ANTONIO DE GOES,500,EM FRENTE A LOCALIZA HERTZ,PINA,,CIDADE,COLISÃO TRASEIRA,COLISAO ENVOLVENDO TRES AUTOS SEM VITIMA,3,,,,,,,,,0,,Longo da via,Bom,Sem defeito,Perfeito estado,Seca,Perfeito estado,Faixa de retenção,Não há placas,"",Única,Faixa seccionada,"",""
200,2019-01-08T00:00:00,16:20:00,SEM VÍTIMA,FINALIZADA,CASA AMARELA,EST DO ARRAIAL,3934,RUA PADRE LEMOS,EM FRENTE AO BANCO BRASIL,EST DO ARRAIAL,3934,EM FRENTE AO BANCO BRASIL,CASA AMARELA,404,SUBURBIO,ABALROAMENTO LONGITUDINAL,COLISÃO SEM VÍTIMA,2,,,,,,,,,0,,Cruzamento,Bom,Sem defeito,Perfeito estado,Seca,Perfeito estado,Faixa de pedestre,R-6a,"",Única,Não existe,"",""
201,2019-01-08T00:00:00,17:25:00,SEM VÍTIMA,FINALIZADA,BOA VIAGEM,AV VINTE DE JANEIRO,"","",EM FRENTE AO Nº 237,AV VINTE DE JANEIRO,"",EM FRENTE AO Nº 237,BOA VIAGEM,,SUBURBIO,COLISÃO TRASEIRA,DOIS AUTOS S/V,2,,,,,,,,,0,,Longo da via,Bom,Sem defeito,Perfeito estado,Seca,Perfeito estado,Não existe,Não há placas,"",Dupla,Não existe,"",""
202,2019-01-08T00:00:00,18:51:00,SEM VÍTIMA,FINALIZADA,IMBIRIBEIRA,AV MARECHAL MASCARENHAS DE MORAES,"","",LADO OPOSTO AO Nº 6345,AV MARECHAL MASCARENHAS DE MORAES,"",LADO OPOSTO AO Nº 6345,IMBIRIBEIRA,,SUBURBIO,COLISÃO TRASEIRA,QUATRO VEICULOS,4,,,,,,,,,0,,Longo da via,Bom,Não existe,Perfeito estado,Seca,Perfeito estado,Não existe,Não há placas,"",Dupla,Canteiro central,"",""
203,2019-01-08T00:00:00,20:29:00,SEM VÍTIMA,FINALIZADA,GRAÇAS,RUA ANTENOR NAVARRO,60,RUA DO FUTURO,"",RUA ANTENOR NAVARRO,60,"",GRAÇAS,,SUBURBIO,COLISÃO TRASEIRA,HB 20 X CHEVROLET,2,,,,,,,,,0,,Longo da via,Bom,Sem defeito,Perfeito estado,Seca,Perfeito estado,Não existe,Não há placas,"",Única,Não existe,"",""
204,2019-01-09T00:00:00,01:50:00,SEM VÍTIMA,CANCELADA,JORDÃO,RUA DR ALVARO FERRAZ,70,"","EM FRENTE AO TERMINAL DE ÔNIBUS DO JORÃO BAIXO, EM FRENTE A FARMÁCIA BRILHANTE",RUA DR ALVARO FERRAZ,70,"EM FRENTE AO TERMINAL DE ÔNIBUS DO JORÃO BAIXO, EM FRENTE A FARMÁCIA BRILHANTE",JORDÃO,,"",COLISÃO,COLISÃO ENTRE DOIS AUTOS S/V,2,,,,,,,,,0,,"","","","","","","","","","","","",""
205,2019-01-09T00:00:00,05:50:00,SEM VÍTIMA,FINALIZADA,BOA VIAGEM,RUA WALDEMAR NERY CARNEIRO MONTEIRO,391,RUA COPACABANA,"",RUA WALDEMAR NERY CARNEIRO MONTEIRO,391,"",BOA VIAGEM,,CIDADE,ABALROAMENTO TRANSVERSAL,SEM VITIMAS,2,,,,,,,,,0,,Cruzamento,Bom,Não existe,Perfeito estado,Seca,Perfeito estado,Não existe,Placas Pare,30 km/h,Dupla,Não existe,"",""
206,2019-01-09T00:00:00,06:27:00,SEM VÍTIMA,CANCELADA,BOA VISTA,RUA JOSE DE ALENCAR,"",RUA BARAO DE SAO BORJA,EM FRENTE AO HOTEL BOA VISTA,RUA JOSE DE ALENCAR,"",EM FRENTE AO HOTEL BOA VISTA,BOA VISTA,,"",COLISÃO,COLISÃO SEM VITIMAS,1,1,,,,,,,,0,,"","","","","","","","","","","","",""
207,2019-01-09T00:00:00,07:06:00,SEM VÍTIMA,CANCELADA,MANGUEIRA,RUA VINTE E UM DE ABRIL,"","",EM FRENTE AO TERMINAL INTEGRADO DA MANGUEIRA,RUA VINTE E UM DE ABRIL,"",EM FRENTE AO TERMINAL INTEGRADO DA MANGUEIRA,MANGUEIRA,,"",COLISÃO,COLISÃO SEM VITIMAS,,,,,,,,,,0,,"","","","","","","","","","","","",""
208,2019-01-09T00:00:00,07:49:00,COM VÍTIMA,FINALIZADA,BOA VIAGEM,AVENIDA CELSO FURTADO (VIA MANGUE),"","",PROX A LOMABADA ELETRONICA. ENTRADA DA ESTAÇÃO DE RÁDIO DA MARINHA.,AVENIDA CELSO FURTADO (VIA MANGUE),"",PROX A LOMABADA ELETRONICA. ENTRADA DA ESTAÇÃO DE RÁDIO DA MARINHA.,BOA VIAGEM,,SUBURBIO,ABALROAMENTO LONGITUDINAL,COLISÃO COM VITIMA,1,1,,,,,,,,1,,Longo da via,Bom,Não existe,Perfeito estado,Seca,Perfeito estado,Não existe,Não há placas,60 km/h,Dupla,Canteiro central,"",""
209,2019-01-09T00:00:00,08:32:00,SEM VÍTIMA,FINALIZADA,ENGENHO DO MEIO,"",198,"","","",198,"",ENGENHO DO MEIO,,CIDADE,ABALROAMENTO LONGITUDINAL,DOIS AUTOS,2,1,,,,,,,,0,,Longo da via,Bom,Não existe,Perfeito estado,Seca,Perfeito estado,"",Outras,"",Dupla,Faixa seccionada,"",""
210,2019-01-09T00:00:00,09:03:00,SEM VÍTIMA,FINALIZADA,IMBIRIBEIRA,RUA CORONEL FABRICIANO,"","",AO LADO DO ATACADO DOS PRESENTES,RUA CORONEL FABRICIANO,"",AO LADO DO ATACADO DOS PRESENTES,IMBIRIBEIRA,,SUBURBIO,ABALROAMENTO LONGITUDINAL,COLISÃO SEM VITIMAS,1,1,,,,,,,,0,,Longo da via,Bom,Não existe,Incompleta,Seca,Perfeito estado,Não existe,R-6a,30 km/h,Única,Não existe,"",""
211,2019-01-09T00:00:00,10:16:00,SEM VÍTIMA,FINALIZADA,AREIAS,AV RECIFE,5520,"","",AV RECIFE,5520,"",AREIAS,,"",COLISÃO TRASEIRA,SEM VITIMAS,2,,,,,,,,,0,,Longo da via,Bom,Não existe,Perfeito estado,Seca,Perfeito estado,Não existe,Não há placas,"",Dupla,Faixa seccionada,"",""
212,2019-01-09T00:00:00,12:19:00,SEM VÍTIMA,CANCELADA,CAXANGÁ,AV CAXANGA,"","","PROX. A UPA, ANTES DA PONTE, SENTIDO RECIFE",AV CAXANGA,"","PROX. A UPA, ANTES DA PONTE, SENTIDO RECIFE",CAXANGÁ,,"",COLISÃO,AUTO E MOTO S/V,1,1,,,,,,,,0,,"","","","","","","","","","","","",""
213,2019-01-09T00:00:00,14:43:00,SEM VÍTIMA,FINALIZADA,ESTÂNCIA,AV RECIFE,"","",POSTO BR,AV RECIFE,"",POSTO BR,ESTÂNCIA,,SUBURBIO,ABALROAMENTO LONGITUDINAL,AUTO E CAMINHAO S/V,1,,,,,,1,,,0,,Longo da via,Bom,Não existe,Perfeito estado,Seca,Perfeito estado,Outros,Outras,"",Dupla,Faixa seccionada,Canteiro central,""
214,2019-01-09T00:00:00,14:45:00,SEM VÍTIMA,FINALIZADA,SÃO JOSÉ,RUA SAO JOAO,"",RUA DA CONCORDIA,"",RUA SAO JOAO,"","",SÃO JOSÉ,180,CIDADE,ABALROAMENTO LONGITUDINAL,COLISAO ENTRE DOIS AUTOS S/V VT 04 NO LOCAL,2,,,,,,,,,0,,Cruzamento,Bom,Sem defeito,Perfeito estado,Seca,"","",Outras,"",Única,Não existe,"",""
215,2019-01-09T00:00:00,15:19:00,SEM VÍTIMA,FINALIZADA,BOA VIAGEM,RUA RIO AZUL,"",RUA BARAO DE SOUZA LEAO,EM FRENTE AO SUPERMERCADO TREVO,RUA RIO AZUL,"",EM FRENTE AO SUPERMERCADO TREVO,BOA VIAGEM,,SUBURBIO,ABALROAMENTO TRANSVERSAL,COLISÃO SEM VÍTIMA,1,1,,,,,,,,0,,Longo da via,Bom,Sem defeito,Perfeito estado,Seca,Perfeito estado,Não existe,Não há placas,"",Dupla,Não existe,"",""
216,2019-01-09T00:00:00,15:21:00,COM VÍTIMA,FINALIZADA,TORRE,RUA JOSE BONIFACIO,1143,RUA MARCOS ANDRE,PROX. AO CARREFOUR,RUA JOSE BONIFACIO,1143,PROX. AO CARREFOUR,TORRE,,CIDADE,COLISÃO TRASEIRA,AUTO E MOTO C/V,1,1,,,,,,,,1,,Longo da via,Bom,Sem defeito,Perfeito estado,Seca,Perfeito estado,Faixa de pedestre,R-6a,"",Dupla,Canteiro central,"",""
217,2019-01-09T00:00:00,15:32:00,COM VÍTIMA,FINALIZADA,ÁGUA FRIA,AV BEBERIBE,"","",EM FRENTE AO MERCADO DE ÁGUA FRIA,AV BEBERIBE,"",EM FRENTE AO MERCADO DE ÁGUA FRIA,ÁGUA FRIA,405,"",COLISÃO COM CICLISTA,COM VÍTIMA,1,,,1,,,,,,1,,Longo da via,Bom,Sem defeito,Perfeito estado,Seca,Perfeito estado,"",Outras,"",Dupla,Faixa,"",""
218,2019-01-09T00:00:00,15:43:00,COM VÍTIMA,FINALIZADA,SÃO JOSÉ,TRV DO RAPOSO,177,TRV PADRE AZEVEDO,"NA SUBIADA DO VIADUTO JOAQUIM CARDOSO, PROX. AO FORUM",TRV DO RAPOSO,177,"NA SUBIADA DO VIADUTO JOAQUIM CARDOSO, PROX. AO FORUM",SÃO JOSÉ,,CIDADE,ATROPELAMENTO,ONIBUS E PEDESTRE C/V,,,,,1,1,,,,1,,Longo da via,Bom,Não existe,Ilegível,Seca,Mal conservada,Não existe,Não há placas,"",Única,Não existe,"",""
219,2019-01-09T00:00:00,16:54:00,SEM VÍTIMA,CANCELADA,BOA VISTA,PTE PRINCESA IZABEL,"","",EM CIMA DA PONTE,PTE PRINCESA IZABEL,"",EM CIMA DA PONTE,BOA VISTA,,"",COLISÃO,COLISÃO SEM VÍTIMA,,2,,,,,,,,0,,"","","","","","","","","","","","",""
220,2019-01-09T00:00:00,18:07:00,SEM VÍTIMA,FINALIZADA,DERBY,AV GOVERNADOR AGAMENON MAGALHAES,"",AV GOVERNADOR CARLOS DE LIMA CAVALCANTI,SEMÁFORO 075,AV GOVERNADOR AGAMENON MAGALHAES,"",SEMÁFORO 075,DERBY,75,"",COLISÃO TRASEIRA,HB 20 X GOL,2,,,,,,,,,0,,Cruzamento,Bom,Sem defeito,Perfeito estado,Seca,Perfeito estado,Agente,Não há placas,60 km/h,Dupla,Canteiro central,"",""