_id,DATA,hora,natureza_acidente,situacao,bairro,endereco,numero,detalhe_endereco_acidente,complemento,endereco_cruzamento,numero_cruzamento,referencia_cruzamento,bairro_cruzamento,num_semaforo,sentido_via,tipo,descricao,auto,moto,ciclom,ciclista,pedestre,onibus,caminhao,viatura,outros,vitimas,vitimasfatais,acidente_verificado,tempo_clima,situacao_semaforo,sinalizacao,condicao_via,conservacao_via,ponto_controle,situacao_placa,velocidade_max_via,mao_direcao,divisao_via1,divisao_via2,divisao_via3
221,2019-01-09T00:00:00,18:55:00,SEM VÍTIMA,FINALIZADA,PINA,AV REPUBLICA ARABE UNIDA,"","",EM FRENTE A PORTA PRINCIPAL DO SHOPPING RIO MAR,AV REPUBLICA ARABE UNIDA,"",EM FRENTE A PORTA PRINCIPAL DO SHOPPING RIO MAR,PINA,,SUBURBIO,ABALROAMENTO LONGITUDINAL,ENTRE 2 AUTOS. S/V,2,,,,,,,,,0,,Longo da via,Bom,Não existe,Perfeito estado,Seca,Perfeito estado,Não existe,Outras,"",Única,Faixa seccionada,"",""
222,2019-01-09T00:00:00,19:35:00,SEM VÍTIMA,FINALIZADA,IPUTINGA,AV CAXANGA,3621,"",ENF A ESCOLA FERNADES VIEIRA,AV CAXANGA,3621,ENF A ESCOLA FERNADES VIEIRA,IPUTINGA,8,CIDADE,ABALROAMENTO LONGITUDINAL,CAMINHAO CARROÇA X PALIO,1,,,,,,1,,,0,,Longo da via,Bom,"",Perfeito estado,Seca,Perfeito estado,Faixa de pedestre,Outras,"",Única,Outros,"",""
223,2019-01-09T00:00:00,20:45:00,COM VÍTIMA,FINALIZADA,ENCRUZILHADA,RUA AMARO COUTINHO,"",RUA PROFESSOR OTAVIO DE FREITAS,AO LADO DO BAR DO TONHÃO / PRÓX AO MERCADO DA ENCRUZILHADA,RUA AMARO COUTINHO,"",AO LADO DO BAR DO TONHÃO / PRÓX AO MERCADO DA ENCRUZILHADA,ENCRUZILHADA,,CIDADE,ABALROAMENTO TRANSVERSAL,ENTRE AUTO E MOTO. C/V,1,1,,,,,,,,1,,Cruzamento,Bom,Não existe,Não existente,Seca,Mal iluminada,Não existe,Não há placas,"",Dupla,Não existe,"",""
224,2019-01-09T00:00:00,20:54:00,SEM VÍTIMA,FINALIZADA,CAMPO GRANDE,RUA ODORICO MENDES,28,EST DE BELEM,IGREJA EVANGÉLICA BRASILEIRA,RUA ODORICO MENDES,28,IGREJA EVANGÉLICA BRASILEIRA,CAMPO GRANDE,,"",COLISÃO FRONTAL,ENTRE 2 AUTOS. S/V,2,,,,,,,,,0,,Longo da via,Bom,Sem defeito,Perfeito estado,Seca,Perfeito estado,Faixa de pedestre,Outras,"","","","",""
225,2019-01-09T00:00:00,21:44:00,COM VÍTIMA,FINALIZADA,CORDEIRO,RUA DO FORTE,325,RUA ALAIDE,PRÓX A ACADEMIA CIA CITY / E/F A PADARIA RAINHA DO FORTE,RUA DO FORTE,325,PRÓX A ACADEMIA CIA CITY / E/F A PADARIA RAINHA DO FORTE,CORDEIRO,,"",ABALROAMENTO LONGITUDINAL,ENTRE 2 MOTOS. C/V,,1,1,,,,,,,1,,Cruzamento,Bom,Não existe,Perfeito estado,Seca,Perfeito estado,Não existe,Não há placas,"",Dupla,Faixa contínua,"",""
226,2019-01-09T00:00:00,22:10:00,SEM VÍTIMA,FINALIZADA,BOA VIAGEM,RUA CORONEL ANIZIO RODRIGUES COELHO,871,RUA DOM JOSE LOPES,"",RUA CORONEL ANIZIO RODRIGUES COELHO,871,"",BOA VIAGEM,,SUBURBIO,ABALROAMENTO TRANSVERSAL,CITROEEN X FIESTA,2,,,,,,,,,0,,Cruzamento,Bom,Não existe,Perfeito estado,Seca,Perfeito estado,Faixa de pedestre,Placas Pare,"",Única,Não existe,"",""
227,2019-01-09T00:00:00,22:27:00,COM VÍTIMA,FINALIZADA,SAN MARTIN,RUA COMENDADOR FRANCO FERREIRA,460,RUA DUARTE FILHO,PROX AO SUPERMERCADO EXTRA COMPRA,RUA COMENDADOR FRANCO FERREIRA,460,PROX AO SUPERMERCADO EXTRA COMPRA,SAN MARTIN,,SUBURBIO,ABALROAMENTO TRANSVERSAL,SIENA X PALIO,2,,,,,,,,,1,,Cruzamento,Bom,Não existe,Perfeito estado,Seca,Perfeito estado,"",Placas Pare,30 km/h,Dupla,Não existe,"",""
228,2019-01-10T00:00:00,00:35:00,SEM VÍTIMA,FINALIZADA,ARRUDA,RUA PROFESSOR JERONIMO GUEIROS,295,RUA MARQUES DE BAIPENDI,"",RUA PROFESSOR JERONIMO GUEIROS,295,"",ARRUDA,495,CIDADE,ABALROAMENTO TRANSVERSAL,"COLISÃO ENTRE DOIS AUTOS, SEM VÍTIMAS",2,,,,,,,,,0,,Cruzamento,Bom,Sem defeito,Incompleta,Seca,Mal conservada,Não existe,Não há placas,"",Dupla,Não existe,"",""
229,2019-01-10T00:00:00,07:40:00,SEM VÍTIMA,FINALIZADA,ILHA DO LEITE,RUA DR JOAO ASFORA,"","",AO LADO DO EMPRESARIAL THOMAS EDSON,RUA DR JOAO ASFORA,"",AO LADO DO EMPRESARIAL THOMAS EDSON,ILHA DO LEITE,,CIDADE,ABALROAMENTO LONGITUDINAL,SEM VÍTIMAS,2,,,,,,,,,0,,Longo da via,Bom,Não existe,Perfeito estado,Seca,Perfeito estado,Não existe,Não há placas,30 km/h,Única,Faixa seccionada,"",""
230,2019-01-10T00:00:00,08:22:00,SEM VÍTIMA,FINALIZADA,JARDIM SÃO PAULO,RUA SENADOR ALBERTO PASQUALINI,178,"","",RUA SENADOR ALBERTO PASQUALINI,178,"",JARDIM SÃO PAULO,,SUBURBIO,ABALROAMENTO LONGITUDINAL,COLISÃO SEM VITIMAS VT 15 QTH,2,,,,,,,,,0,,Longo da via,Bom,Não existe,Perfeito estado,Seca,Perfeito estado,Outros,Outras,"",Única,Faixa seccionada,"",""
231,2019-01-10T00:00:00,08:43:00,SEM VÍTIMA,FINALIZADA,GRAÇAS,RUA ALBERTO PAIVA,"","",AO LADO DA GERÊNCIA OPERACIONAL DE FISCALIZAÇÃO RPA 4 E 5,RUA ALBERTO PAIVA,"",AO LADO DA GERÊNCIA OPERACIONAL DE FISCALIZAÇÃO RPA 4 E 5,GRAÇAS,,CIDADE,ABALROAMENTO LONGITUDINAL,SEM VÍTIMAS,2,,,,,,,,,0,,Longo da via,Bom,Não existe,Perfeito estado,Seca,Perfeito estado,Não existe,R-6a,"",Única,Faixa contínua,Faixa seccionada,""
232,2019-01-10T00:00:00,09:07:00,SEM VÍTIMA,CANCELADA,IMBIRIBEIRA,AV MARECHAL MASCARENHAS DE MORAES,"","",AO LADO DA UPA EM FRENTE AO ARMAZEM VENEZA,AV MARECHAL MASCARENHAS DE MORAES,"",AO LADO DA UPA EM FRENTE AO ARMAZEM VENEZA,IMBIRIBEIRA,,AEROPORTO,COLISÃO,COLISÃO SEM VITIMAS,,2,,,,,,,,0,,"","","","","","","","","","","","",""
233,2019-01-10T00:00:00,09:22:00,SEM VÍTIMA,FINALIZADA,BOA VISTA,RUA DA AURORA,"",PTE PRINCESA IZABEL,NO INICIO DA PONTE PRINCESA IZABEL,RUA DA AURORA,"",NO INICIO DA PONTE PRINCESA IZABEL,BOA VISTA,22,CIDADE,ABALROAMENTO TRANSVERSAL,SEM VITIMAS,1,,,,,1,,,,0,,Cruzamento,Bom,Sem defeito,Perfeito estado,Seca,Perfeito estado,Faixa de pedestre,Não há placas,"",Única,Faixa contínua,Faixa seccionada,""
234,2019-01-10T00:00:00,09:24:00,SEM VÍTIMA,FINALIZADA,JAQUEIRA,AV RUI BARBOSA,"","",EM FRENTE AO Nº 1559,AV RUI BARBOSA,"",EM FRENTE AO Nº 1559,JAQUEIRA,,"",COLISÃO TRASEIRA,COLISÃO SEM VITIMAS,2,,,,,,,,,0,,Longo da via,Bom,Sem defeito,Perfeito estado,Seca,Perfeito estado,Faixa de pedestre,"","",Única,Faixa contínua,"",""
235,2019-01-10T00:00:00,10:11:00,SEM VÍTIMA,FINALIZADA,BOA VIAGEM,RUA AGENOR LOPES,25,"",ED ITAMARATY,RUA AGENOR LOPES,25,ED ITAMARATY,BOA VIAGEM,,"",ABALROAMENTO LONGITUDINAL,DOIS AUTOS,2,,,,,,,,,0,,Longo da via,Bom,Não existe,Perfeito estado,Seca,Perfeito estado,Outros,R-6a,"",Única,Não existe,"",""
236,2019-01-10T00:00:00,11:05:00,SEM VÍTIMA,FINALIZADA,PINA,RUA MANOEL DE BRITO,"",AV REPUBLICA ARABE UNIDA,SOB O SEMÁFORO 659,RUA MANOEL DE BRITO,"",SOB O SEMÁFORO 659,PINA,659,CIDADE,COLISÃO TRASEIRA,SEM VÍTIMAS.,2,,,,,,,,,0,,Cruzamento,Bom,Sem defeito,Perfeito estado,Seca,Perfeito estado,Agente,Outras,"",Única,Faixa seccionada,"",""
237,2019-01-10T00:00:00,11:14:00,SEM VÍTIMA,FINALIZADA,SANTO AMARO,AV GOVERNADOR AGAMENON MAGALHAES,"","",EM FRENTE AO POSTO DISLUB,AV GOVERNADOR AGAMENON MAGALHAES,"",EM FRENTE AO POSTO DISLUB,SANTO AMARO,,SUBURBIO,COLISÃO TRASEIRA,SEM VITIMAS,1,,,,,1,,,,0,,Longo da via,Bom,Não existe,Perfeito estado,Seca,Perfeito estado,Não existe,Outras,60 km/h,Dupla,Faixa seccionada,"",""
238,2019-01-10T00:00:00,11:22:00,SEM VÍTIMA,FINALIZADA,SANTO AMARO,AV CRUZ CABUGA,"","",AO LADO DA PRAÇA GENERAL CARLOS PINTO,AV CRUZ CABUGA,"",AO LADO DA PRAÇA GENERAL CARLOS PINTO,SANTO AMARO,202,CIDADE,ABALROAMENTO LONGITUDINAL,ONIBUS E AUTO PASSEIO,1,,,,,1,,,,0,,Cruzamento,Bom,Sem defeito,Ilegível,Seca,Mal conservada,Não existe,Não há placas,"",Única,Não existe,"",""
239,2019-01-10T00:00:00,11:41:00,SEM VÍTIMA,FINALIZADA,CASA AMARELA,AV DR EURICO CHAVES,"","",FRENTE AO Nº 171,AV DR EURICO CHAVES,"",FRENTE AO Nº 171,CASA AMARELA,,SUBURBIO,ABALROAMENTO LONGITUDINAL,COLISÃO SEM VITIMAS,1,,,,,1,,,,0,,Longo da via,Bom,Não existe,"",Seca,"","",R-6a,"",Dupla,Não existe,"",""
240,2019-01-10T00:00:00,12:50:00,SEM VÍTIMA,FINALIZADA,ESPINHEIRO,RUA VIGARIO BARRETO,82,"","",RUA VIGARIO BARRETO,82,"",ESPINHEIRO,,SUBURBIO,ABALROAMENTO LONGITUDINAL,AUTO X MOTO,1,1,,,,,,,,0,,Longo da via,Bom,Não existe,Perfeito estado,Seca,Perfeito estado,Não existe,R-6a,"",Dupla,Não existe,"",""
241,2019-01-10T00:00:00,13:13:00,SEM VÍTIMA,FINALIZADA,TORRE,RUA REAL DA TORRE,1568,"",EM FRENTE A ESPETINHOS COMEDORIA,RUA REAL DA TORRE,1568,EM FRENTE A ESPETINHOS COMEDORIA,TORRE,,CIDADE,ABALROAMENTO LONGITUDINAL,DOIS AUTOS S/V,2,,,,,,,,,0,,Longo da via,Bom,Não existe,Incompleta,Seca,Perfeito estado,Faixa de pedestre,Outras,"",Única,Não existe,"",""
242,2019-01-10T00:00:00,13:20:00,COM VÍTIMA,FINALIZADA,IMBIRIBEIRA,RUA DEAO FARIA,632,RUA ARQUITETO LUIZ NUNES,E/F A IGREJA DOS MÓMON NA LAGOA DO ARAÇA,RUA DEAO FARIA,632,E/F A IGREJA DOS MÓMON NA LAGOA DO ARAÇA,IMBIRIBEIRA,,SUBURBIO,ABALROAMENTO LONGITUDINAL,COLISAO ENTRE AUTO E MOTO COM UMA VITIMA,1,1,,,,,,,,1,,Longo da via,Bom,Sem defeito,Perfeito estado,Seca,Perfeito estado,Faixa de pedestre,R-6a,"",Dupla,Faixa contínua,"",""
243,2019-01-10T00:00:00,13:28:00,SEM VÍTIMA,DUPLICIDADE,TORRE,RUA REAL DA TORRE,1571,"",PROX ESCOLA DESPERTAR,RUA REAL DA TORRE,1571,PROX ESCOLA DESPERTAR,TORRE,,"",COLISÃO,COLISAO ENTRE DOIS AUTOS S/V,2,,,,,,,,,0,,"","","","","","","","","","","","",""
244,2019-01-10T00:00:00,13:47:00,SEM VÍTIMA,FINALIZADA,CASA FORTE,AV DEZESSETE DE AGOSTO,2133,"",FUNDAÇÃO JOAQUIM NABUCO,AV DEZESSETE DE AGOSTO,2133,FUNDAÇÃO JOAQUIM NABUCO,CASA FORTE,646,CIDADE,COLISÃO TRASEIRA,COLISAO ENTRE DOIS AUTOS S/V,2,,,,,,,,,0,,Longo da via,Bom,Sem defeito,Perfeito estado,Seca,Perfeito estado,Faixa de retenção,R-6a,60 km/h,Dupla,Faixa contínua,"",""
245,2019-01-10T00:00:00,13:57:00,SEM VÍTIMA,CANCELADA,IPUTINGA,AV CAXANGA,4038,"",E/F AO SUPRANOR S/T CAMARAGIBE,AV CAXANGA,4038,E/F AO SUPRANOR S/T CAMARAGIBE,IPUTINGA,,"",COLISÃO,COLISAO ENTRE DOIS AUTOS S/V,2,,,,,,,,,0,,"","","","","","","","","","","","",""
246,2019-01-10T00:00:00,14:01:00,SEM VÍTIMA,FINALIZADA,SANTO AMARO,AV CRUZ CABUGA,211,"",EM FRENTE A ASSEMBLEIA DE DEUS,AV CRUZ CABUGA,211,EM FRENTE A ASSEMBLEIA DE DEUS,SANTO AMARO,,CIDADE,ABALROAMENTO LONGITUDINAL,COLISÃO SEM VÍTIMA,1,,,,,1,,,,0,,Longo da via,Bom,Não existe,Perfeito estado,Seca,Perfeito estado,Não existe,Outras,60 km/h,Dupla,Faixa contínua,"",""
247,2019-01-10T00:00:00,14:55:00,SEM VÍTIMA,FINALIZADA,ESPINHEIRO,AV CONS ROSA E SILVA,"","",E/F AO CLUBE PORTUGUES,AV CONS ROSA E SILVA,"",E/F AO CLUBE PORTUGUES,ESPINHEIRO,,SUBURBIO,ABALROAMENTO LONGITUDINAL,COLISAO ENTRE DOIS AUTOS S/V,2,,,,,,,,,0,,Longo da via,Bom,Não existe,Perfeito estado,Seca,Perfeito estado,Não existe,R-6c,"",Única,Faixa seccionada,"",""
248,2019-01-10T00:00:00,15:12:00,SEM VÍTIMA,FINALIZADA,TEJIPIÓ,RUA QUEIRA DEUS,14B,"",EM FRENTE A PRAÇA DO PACHECO',RUA QUEIRA DEUS,14B,EM FRENTE A PRAÇA DO PACHECO',TEJIPIÓ,,"",COLISÃO,AUTO E CAMINHAO S/V,1,,,,,,1,,,0,,"","","","","","","","","","","","",""
249,2019-01-10T00:00:00,15:33:00,SEM VÍTIMA,FINALIZADA,SANTO ANTÔNIO,AV MARTINS DE BARROS,"",PRC DA REPUBLICA,SOB O SEMÁFORO Nº 164,AV MARTINS DE BARROS,"",SOB O SEMÁFORO Nº 164,SANTO ANTÔNIO,,CIDADE,COLISÃO TRASEIRA,DOIS AUTOS S/V,2,,,,,,,,,0,,Cruzamento,Bom,Sem defeito,Perfeito estado,Seca,Perfeito estado,Faixa de pedestre,Outras,"",Única,Faixa contínua,Faixa seccionada,""
250,2019-01-10T00:00:00,16:19:00,SEM VÍTIMA,FINALIZADA,SÃO JOSÉ,RUA IMPERIAL,1217,"",E/F A PANIFICADORA PÃO PÃO,RUA IMPERIAL,1217,E/F A PANIFICADORA PÃO PÃO,SÃO JOSÉ,,"",COLISÃO,COLISAO ENTRE TRES AUTOS S/V,2,,,,,,,,,0,,"","","","","","","","","","","","",""
251,2019-01-10T00:00:00,16:24:00,SEM VÍTIMA,FINALIZADA,HIPÓDROMO,RUA MARQUES DE BAIPENDI,50,RUA MADRE ROSA GATTORNO,AO LADO DA PRAÇA ULISSES LEON DE OLIVEIRA,RUA MARQUES DE BAIPENDI,50,AO LADO DA PRAÇA ULISSES LEON DE OLIVEIRA,HIPÓDROMO,,CIDADE,ABALROAMENTO TRANSVERSAL,ENTRA DOIS AUTOS S/V,2,,,,,,,,,0,,Cruzamento,Bom,Não existe,Perfeito estado,Seca,Perfeito estado,Não existe,Outras,"",Dupla,Faixa seccionada,"",""
252,2019-01-10T00:00:00,16:30:00,COM VÍTIMA,FINALIZADA,ESPINHEIRO,RUA QUARENTA E OITO,447,RUA DO ESPINHEIRO,APOS A FARMACIA PAGUE MENOS,RUA QUARENTA E OITO,447,APOS A FARMACIA PAGUE MENOS,ESPINHEIRO,,"",ABALROAMENTO LONGITUDINAL,AUTO E MOTO C/V,1,1,,,,,,,,1,,Longo da via,Bom,Sem defeito,Perfeito estado,Seca,Perfeito estado,Faixa de pedestre,R-6a,"",Única,Faixa seccionada,"",""
253,2019-01-10T00:00:00,16:30:00,SEM VÍTIMA,CANCELADA,BOA VISTA,AV GOVERNADOR AGAMENON MAGALHAES,"","",EM FRENTE AO BANCO DO BARSIL,AV GOVERNADOR AGAMENON MAGALHAES,"",EM FRENTE AO BANCO DO BARSIL,BOA VISTA,,OLINDA,COLISÃO,COLISAO ENVOLVENDO ONIBUS E AUTO,1,,,,,1,,,,0,,"","","","","","","","","","","","",""
254,2019-01-10T00:00:00,16:34:00,SEM VÍTIMA,FINALIZADA,MADALENA,RUA JOSE BONIFACIO,"","",EM FRENTE A DROGASIL,RUA JOSE BONIFACIO,"",EM FRENTE A DROGASIL,MADALENA,193,CIDADE,ABALROAMENTO LONGITUDINAL,COLISÃO SEM VÍTIMA,1,1,,,,,,,,0,,Longo da via,Bom,Sem defeito,Perfeito estado,Seca,Perfeito estado,Outros,Outras,"",Única,Faixa seccionada,"",""
255,2019-01-10T00:00:00,16:44:00,SEM VÍTIMA,FINALIZADA,BOA VIAGEM,"","","",ÁREA INTERNA DO SHOPPING RECIFE,"","",ÁREA INTERNA DO SHOPPING RECIFE,BOA VIAGEM,,"",ABALROAMENTO LONGITUDINAL,COLISAO ENTRE DOIS AUTOS S/V,2,,,,,,,,,0,,"",Bom,Não existe,Perfeito estado,Seca,Perfeito estado,Não existe,Não há placas,"","",Faixa seccionada,"",""
256,2019-01-10T00:00:00,16:47:00,SEM VÍTIMA,FINALIZADA,BOA VIAGEM,AV ENGENHEIRO DOMINGOS FERREIRA,3190,"",AO LADO DO Nº 3190,AV ENGENHEIRO DOMINGOS FERREIRA,3190,AO LADO DO Nº 3190,BOA VIAGEM,,SUBURBIO,ABALROAMENTO LONGITUDINAL,AUTO E ONIBUS DA BORBOREMA,1,,,,,1,,,,0,,Longo da via,Bom,Não existe,Perfeito estado,Seca,Perfeito estado,Não existe,Outras,50 km/h,Única,Canteiro central,"",""
257,2019-01-10T00:00:00,16:55:00,SEM VÍTIMA,FINALIZADA,ILHA DO RETIRO,EST DOS REMEDIOS,24,RUA PADRE GABRIEL MOUSINHO,GALERIA ASA BRANCA,EST DOS REMEDIOS,24,GALERIA ASA BRANCA,ILHA DO RETIRO,52,SUBURBIO,ABALROAMENTO TRANSVERSAL,DOIS AUTOS S/V,2,,,,,,,,,0,,Cruzamento,Bom,Sem defeito,Perfeito estado,Seca,Perfeito estado,Não existe,Placas Pare,40 km/h,Única,Faixa seccionada,"",""
258,2019-01-10T00:00:00,16:56:00,SEM VÍTIMA,FINALIZADA,IPSEP,AV RECIFE,"","",ANTES DA ENTRADA DO IBURA E/F AO SUPERMERCADO ATACAMAX S/T CID,AV RECIFE,"",ANTES DA ENTRADA DO IBURA E/F AO SUPERMERCADO ATACAMAX S/T CID,IPSEP,,"",COLISÃO TRASEIRA,ENGAVETAMENTO DE QUATRO AUTOS S/V,4,,,,,,,,,0,,Longo da via,Bom,Não existe,Não existente,Seca,Perfeito estado,Não existe,Não há placas,"",Dupla,Canteiro central,"",""
259,2019-01-10T00:00:00,17:06:00,COM VÍTIMA,FINALIZADA,MADALENA,RUA BENFICA,"",RUA CARLOS GOMES,E/F AO BRADESCO VT 15 NO LOCAL,RUA BENFICA,"",E/F AO BRADESCO VT 15 NO LOCAL,MADALENA,257,CIDADE,ABALROAMENTO TRANSVERSAL,COLISAO ENTRE AUTO E MOTO COM UMA VITIMA,1,1,,,,,,,,1,,Cruzamento,Bom,Sem defeito,Perfeito estado,Seca,Perfeito estado,Faixa de pedestre,Outras,60 km/h,Única,Faixa,"",""
260,2019-01-10T00:00:00,17:52:00,SEM VÍTIMA,FINALIZADA,ENCRUZILHADA,AV BEBERIBE,"","",SOB O SEMÁFORO Nº 186,AV BEBERIBE,"",SOB O SEMÁFORO Nº 186,ENCRUZILHADA,186,SUBURBIO,ABALROAMENTO LONGITUDINAL,COLISAO ENTRE ONIBUS E AUTO S/V VT 11 NO LOCAL,1,,,,,1,,,,0,,Longo da via,Bom,Sem defeito,Perfeito estado,Seca,Perfeito estado,Faixa de pedestre,R-6a,"",Dupla,Faixa contínua,"",""
261,2019-01-10T00:00:00,18:14:00,SEM VÍTIMA,FINALIZADA,ARRUDA,RUA SAO BENTO,343,EST VELHA DE AGUA FRIA,E/F AO POSTO NORTE BRAZ,RUA SAO BENTO,343,E/F AO POSTO NORTE BRAZ,ARRUDA,,"",COLISÃO,ENTRE AUTO E MOTO. S/V,1,1,,,,,,,,0,,"","","","","","","","","","","","",""
262,2019-01-10T00:00:00,19:13:00,SEM VÍTIMA,FINALIZADA,BOA VIAGEM,AV BOA VIAGEM,"","",EM FRENTE AO Nº 2610,AV BOA VIAGEM,"",EM FRENTE AO Nº 2610,BOA VIAGEM,,CIDADE,CHOQUE VEÍCULO PARADO,BO 198804 E 198805,3,,,,,,,,1,0,,Longo da via,Bom,Não existe,Perfeito estado,Seca,Perfeito estado,Não existe,Outras,"",Única,Faixa seccionada,"",""
263,2019-01-10T00:00:00,19:18:00,SEM VÍTIMA,FINALIZADA,"",RUA BENFICA,351,RUA BENFICA,COLÉGIO GGE,RUA BENFICA,351,COLÉGIO GGE,"",,CIDADE,COLISÃO TRASEIRA,ENTRE 2 AUTOS. S/V,2,,,,,,,,,0,,"",Bom,Não existe,Perfeito estado,Seca,Perfeito estado,Faixa de pedestre,Não há placas,"",Única,Faixa seccionada,Canteiro central,""
264,2019-01-10T00:00:00,19:31:00,"","",BOMBA DO HEMETÉRIO,"","","",EM FRENTE AO COLÉGIO MARDÔNIO COELHO,"","",EM FRENTE AO COLÉGIO MARDÔNIO COELHO,BOMBA DO HEMETÉRIO,,CIDADE,CHOQUE OBJETO FIXO,TAXI CHOCOU-SE COM POSTE OBS:: POSTO ESTA ARRIADO NA VIA E VEICULO NO LOCAL,1,,,,,,,,,,,Longo da via,Bom,Não existe,Perfeito estado,Seca,Perfeito estado,Faixa de pedestre,Não há placas,"",Dupla,Faixa seccionada,"",""
265,2019-01-10T00:00:00,20:50:00,SEM VÍTIMA,FINALIZADA,IMBIRIBEIRA,AV MARECHAL MASCARENHAS DE MORAES,"",RUA JOAQUIM BANDEIRA,"SEMÁFORO 534 / E/F A RENAUT E EURO VIA, SNT CIDADE",AV MARECHAL MASCARENHAS DE MORAES,"","SEMÁFORO 534 / E/F A RENAUT E EURO VIA, SNT CIDADE",IMBIRIBEIRA,534,CIDADE,ABALROAMENTO LONGITUDINAL,ENTRE 2 AUTOS. S/V,2,,,,,,,,,0,,Cruzamento,Chuvoso,Sem defeito,Perfeito estado,Molhada,Perfeito estado,Faixa de pedestre,Não há placas,"",Dupla,Canteiro central,"",""
266,2019-01-10T00:00:00,21:06:00,COM VÍTIMA,FINALIZADA,IPUTINGA,AV CAXANGA,"","",E/F AO CAXANGÁ GOLF E COUNTRY CLUB,AV CAXANGA,"",E/F AO CAXANGÁ GOLF E COUNTRY CLUB,IPUTINGA,,SUBURBIO,COLISÃO TRASEIRA,COLISÃO ENTRE AUTO E MOTO COM UMA VÍTIMA.,1,1,,,,,,,,1,,Longo da via,Chuvoso,Não existe,Perfeito estado,Molhada,Perfeito estado,Não existe,Não há placas,"",Única,Faixa seccionada,Canteiro central,""
267,2019-01-10T00:00:00,21:30:00,SEM VÍTIMA,CANCELADA,IMBIRIBEIRA,AV MARECHAL MASCARENHAS DE MORAES,2555,RUA JOAQUIM BANDEIRA,ENF A MITSUBISHI,AV MARECHAL MASCARENHAS DE MORAES,2555,ENF A MITSUBISHI,IMBIRIBEIRA,,CIDADE,COLISÃO,PALIO X TAXI,2,,,,,,,,,0,,"","","","","","","","","","","","",""
268,2019-01-10T00:00:00,21:53:00,SEM VÍTIMA,FINALIZADA,TORRE,AV BEIRA RIO,"","",POSTE E003696,AV BEIRA RIO,"",POSTE E003696,TORRE,,SUBURBIO,COLISÃO TRASEIRA,ENTRE 2 AUTOS. S/V,2,,,,,,,,,0,,Longo da via,Chuvoso,Não existe,Perfeito estado,Molhada,Perfeito estado,Não existe,Não há placas,"",Dupla,Faixa seccionada,"",""
269,2019-01-10T00:00:00,23:26:00,SEM VÍTIMA,FINALIZADA,IPSEP,AV RECIFE,"","",EM FRENTE O N 2273 B,AV RECIFE,"",EM FRENTE O N 2273 B,IPSEP,,"",COLISÃO TRASEIRA,CELTA X SIENA,2,,,,,,,,,0,,Longo da via,Chuvoso,Não existe,Perfeito estado,Molhada,Perfeito estado,Não existe,Não há placas,"",Dupla,Canteiro central,"",""
270,2019-01-11T00:00:00,00:37:00,SEM VÍTIMA,FINALIZADA,PINA,AV HERCULANO BANDEIRA,"",RUA ARQUITETO AUGUSTO REINALDO,"",AV HERCULANO BANDEIRA,"","",PINA,660,SUBURBIO,ABALROAMENTO LONGITUDINAL,"COLISÃO ENTRE DOIS AUTOS, SEM VÍTIMAS",2,,,,,,,,,0,,Cruzamento,Chuvoso,Intermitente,Perfeito estado,Molhada,Perfeito estado,Faixa de pedestre,Não há placas,"",Única,Faixa seccionada,"",""
271,2019-01-11T00:00:00,03:01:00,SEM VÍTIMA,FINALIZADA,PAISSANDU,AV GOVERNADOR AGAMENON MAGALHAES,"",RUA GENERAL JOAQUIM INACIO,EM FRENTE A ITAÚ,AV GOVERNADOR AGAMENON MAGALHAES,"",EM FRENTE A ITAÚ,PAISSANDU,69,CIDADE,ABALROAMENTO TRANSVERSAL,"COLISÃO ENTRE DOIS AUTOS, SEM VÍTIMAS",2,,,,,,,,,0,,Cruzamento,Chuvoso,Sem defeito,Perfeito estado,Molhada,Perfeito estado,Faixa de pedestre,Outras,"",Dupla,Faixa contínua,Faixa seccionada,Blocos
272,2019-01-11T00:00:00,07:48:00,SEM VÍTIMA,FINALIZADA,BONGI,AV ENGENHEIRO ABDIAS DE CARVALHO,"","",AO LADO DA PRAÇA DO CHESF,AV ENGENHEIRO ABDIAS DE CARVALHO,"",AO LADO DA PRAÇA DO CHESF,BONGI,,CIDADE,COLISÃO TRASEIRA,DOIS AUTOS,2,,,,,,,,,0,,Longo da via,Bom,Sem defeito,Perfeito estado,Seca,Perfeito estado,Faixa de pedestre,R-6a,"",Dupla,Canteiro central,"",""
273,2019-01-11T00:00:00,09:14:00,SEM VÍTIMA,FINALIZADA,BOA VIAGEM,AV BOA VIAGEM,3232,"",EM FRENTE AO ACAIACA,AV BOA VIAGEM,3232,EM FRENTE AO ACAIACA,BOA VIAGEM,,SUBURBIO,ABALROAMENTO LONGITUDINAL,DOIS AUTOS,2,,,,,,,,,0,,Longo da via,Bom,Sem defeito,Perfeito estado,Seca,Perfeito estado,Outros,Outras,60 km/h,Única,Faixa seccionada,"",""
274,2019-01-11T00:00:00,09:23:00,SEM VÍTIMA,FINALIZADA,BOA VIAGEM,RUA RIBEIRO DE BRITO,"","",SEMÁFORO 155,RUA RIBEIRO DE BRITO,"",SEMÁFORO 155,BOA VIAGEM,155,SUBURBIO,COLISÃO TRASEIRA,SEM VÍTIMAS.,2,,,,,,,,,0,,Longo da via,Bom,Sem defeito,Perfeito estado,Seca,Perfeito estado,Agente,Não há placas,60 km/h,Única,"","",""