_id,DATA,hora,natureza_acidente,situacao,bairro,endereco,numero,detalhe_endereco_acidente,complemento,endereco_cruzamento,numero_cruzamento,referencia_cruzamento,bairro_cruzamento,num_semaforo,sentido_via,tipo,descricao,auto,moto,ciclom,ciclista,pedestre,onibus,caminhao,viatura,outros,vitimas,vitimasfatais,acidente_verificado,tempo_clima,situacao_semaforo,sinalizacao,condicao_via,conservacao_via,ponto_controle,situacao_placa,velocidade_max_via,mao_direcao,divisao_via1,divisao_via2,divisao_via3
275,2019-01-11T00:00:00,10:10:00,COM VÍTIMA,FINALIZADA,BOA VIAGEM,AVENIDA CELSO FURTADO (VIA MANGUE),"","","SNTIDO PIEDADE, NA SUBIDA DO VIADUTO VIA MANGUE. PROX. AO COLÉGIO SANTA MARIA. ALÇA DE ACESSO A AV. ANTÔNIO FALCÃO.",AVENIDA CELSO FURTADO (VIA MANGUE),"","SNTIDO PIEDADE, NA SUBIDA DO VIADUTO VIA MANGUE. PROX. AO COLÉGIO SANTA MARIA. ALÇA DE ACESSO A AV. ANTÔNIO FALCÃO.",BOA VIAGEM,,SUBURBIO,CHOQUE OBJETO FIXO,COM UMA VÍTIMA EM ATENDIMENTO PELO SAMU.,1,,,,,,,,,1,,Viaduto,Bom,Não existe,Perfeito estado,Seca,Perfeito estado,Não existe,Não há placas,60 km/h,Dupla,Canteiro central,"",""
276,2019-01-11T00:00:00,10:16:00,SEM VÍTIMA,FINALIZADA,BOA VIAGEM,AV ENGENHEIRO DOMINGOS FERREIRA,"",RUA BARAO DE SOUZA LEAO,SEMÁFORO 129,AV ENGENHEIRO DOMINGOS FERREIRA,"",SEMÁFORO 129,BOA VIAGEM,129,SUBURBIO,ABALROAMENTO LONGITUDINAL,SEM VITIMAS,2,,,,,,,,,0,,Cruzamento,Bom,Sem defeito,Perfeito estado,Seca,Perfeito estado,Faixa de pedestre,Não há placas,60 km/h,Única,Não existe,"",""
277,2019-01-11T00:00:00,11:29:00,SEM VÍTIMA,FINALIZADA,BOA VIAGEM,AV CONSELHEIRO AGUIAR,4734,RUA PROFESSOR ALOISIO PESSOA DE ARAUJO,BANCO ITAÚ,AV CONSELHEIRO AGUIAR,4734,BANCO ITAÚ,BOA VIAGEM,,CIDADE,ABALROAMENTO LONGITUDINAL,SEM VÍTIMAS,2,,,,,,,,,0,,Longo da via,Bom,Não existe,Perfeito estado,Seca,Perfeito estado,Faixa de retenção,Não há placas,60 km/h,Única,Faixa seccionada,"",""
278,2019-01-11T00:00:00,"",SEM VÍTIMA,FINALIZADA,BOA VIAGEM,AV BOA VIAGEM,"",RUA BALTAZAR PASSOS,"",AV BOA VIAGEM,"","",BOA VIAGEM,149,SUBURBIO,ABALROAMENTO LONGITUDINAL,DOIS AUTOS,2,,,,,,,,,0,,Cruzamento,Bom,Sem defeito,Perfeito estado,Seca,Perfeito estado,Faixa de pedestre,Não há placas,60 km/h,Única,Faixa seccionada,"",""
279,2019-01-11T00:00:00,11:40:00,SEM VÍTIMA,FINALIZADA,BAIRRO DO RECIFE,CAIS DA ALFANDEGA,"",RUA ALFANDEGA,PRÓXIMO A LIVRARIA CULTURA,CAIS DA ALFANDEGA,"",PRÓXIMO A LIVRARIA CULTURA,BAIRRO DO RECIFE,255,CIDADE,ABALROAMENTO LONGITUDINAL,SEM VÍTIMAS,2,,,,,,,,,0,,Longo da via,Bom,Sem defeito,Perfeito estado,Seca,Perfeito estado,"",Não há placas,40 km/h,Única,Não existe,"",""
280,2019-01-11T00:00:00,11:49:00,SEM VÍTIMA,FINALIZADA,MADALENA,AV BEIRA RIO,"",RUA DEMOSTENES DE OLINDA,"",AV BEIRA RIO,"","",MADALENA,,CIDADE,ABALROAMENTO LONGITUDINAL,DOIS AUTOS,2,,,,,,,,,0,,"",Bom,Não existe,Perfeito estado,Seca,Perfeito estado,Não existe,R-4b,"",Dupla,Faixa seccionada,"",""
281,2019-01-11T00:00:00,12:18:00,SEM VÍTIMA,FINALIZADA,ESPINHEIRO,RUA MARQUES DO PARANA,"",RUA ALFREDO DE CARVALHO,PROX AO MARTELINHO DE OURO NOBRE CAR,RUA MARQUES DO PARANA,"",PROX AO MARTELINHO DE OURO NOBRE CAR,ESPINHEIRO,,SUBURBIO,ABALROAMENTO TRANSVERSAL,COLISAO ENTRE DOIS AUTOS S/V,2,,,,,,,,,0,,Cruzamento,Bom,Não existe,Perfeito estado,Seca,Perfeito estado,Não existe,Placas Pare,"",Dupla,Não existe,"",""
282,2019-01-11T00:00:00,12:30:00,SEM VÍTIMA,FINALIZADA,ESPINHEIRO,RUA DO ESPINHEIRO,"",RUA SANTO ELIAS,"",RUA DO ESPINHEIRO,"","",ESPINHEIRO,,"",ABALROAMENTO TRANSVERSAL,ENTRE DOIS AUTOS S/V,2,,,,,,,,,0,,Cruzamento,Bom,Não existe,Perfeito estado,Seca,Perfeito estado,Faixa de pedestre,Placas Pare,"",Única,"","",""
283,2019-01-11T00:00:00,13:01:00,SEM VÍTIMA,FINALIZADA,VÁRZEA,AV PROFESSOR ARTUR DE SA,956,RUA PROFESSOR ANTONIO COELHO,AO LADO DO HOSPITAL DAS CLINICAS ENTRADA LATERAL,AV PROFESSOR ARTUR DE SA,956,AO LADO DO HOSPITAL DAS CLINICAS ENTRADA LATERAL,VÁRZEA,,CIDADE,COLISÃO FRONTAL,COLISAO ENTRE AUTO E MOTO S/V,1,1,,,,,,,,0,,Longo da via,Bom,Não existe,Perfeito estado,Seca,Perfeito estado,Agente,Não há placas,40 km/h,Dupla,Faixa contínua,"",""
284,2019-01-11T00:00:00,13:50:00,SEM VÍTIMA,FINALIZADA,BOA VIAGEM,RUA JOSE MARIA DE MIRANDA,226,RUA AVIADOR SEVERIANO LINS,"",RUA JOSE MARIA DE MIRANDA,226,"",BOA VIAGEM,,CIDADE,ABALROAMENTO TRANSVERSAL,AUTO E MOTO,1,1,,,,,,,,0,,Longo da via,Bom,Não existe,Perfeito estado,Seca,Perfeito estado,Não existe,Não há placas,"",Única,Não existe,"",""
285,2019-01-11T00:00:00,14:19:00,SEM VÍTIMA,FINALIZADA,BOA VIAGEM,AV FERNANDO SIMOES BARBOSA,"",RUA RIBEIRO DE BRITO,"",AV FERNANDO SIMOES BARBOSA,"","",BOA VIAGEM,332,SUBURBIO,ABALROAMENTO LONGITUDINAL,COLISAO ENTRE DOIS AUTOS S/V,2,,,,,,,,,0,,Cruzamento,Bom,Sem defeito,Perfeito estado,Seca,Perfeito estado,Faixa de pedestre,"","",Dupla,Canteiro central,"",""
286,2019-01-11T00:00:00,14:45:00,SEM VÍTIMA,CANCELADA,BOA VIAGEM,RUA DO SA LEITAO,26,"",PROX. AOCOLEGIO BOA VIAGEM,RUA DO SA LEITAO,26,PROX. AOCOLEGIO BOA VIAGEM,BOA VIAGEM,,"",COLISÃO,AUTO E CAMINHAO S/V,1,,,,,,1,,,0,,"","","","","","","","","","","","",""
287,2019-01-11T00:00:00,14:51:00,SEM VÍTIMA,FINALIZADA,IPSEP,AV RECIFE,2330,AV DOM HELDER CAMARA,E/F A CASA DAS BATERIAS,AV RECIFE,2330,E/F A CASA DAS BATERIAS,IPSEP,16,"",COLISÃO TRASEIRA,COLISAO ENTRE DOIS AUTOS S/V,2,,,,,,,,,0,,Longo da via,Bom,Sem defeito,Perfeito estado,Seca,Perfeito estado,Agente,Não há placas,"",Dupla,Canteiro central,"",""
288,2019-01-11T00:00:00,15:33:00,SEM VÍTIMA,FINALIZADA,IPUTINGA,RUA BOM PASTOR,64,"",EM FRENTE A GS AUTOMOTIVO,RUA BOM PASTOR,64,EM FRENTE A GS AUTOMOTIVO,IPUTINGA,8,CIDADE,ABALROAMENTO LONGITUDINAL,COLISAO ENTRE CAMINHAO E AUTO S/V,1,,,,,,1,,,0,,Longo da via,Bom,Sem defeito,Perfeito estado,Seca,Perfeito estado,Faixa de pedestre,R-6a,"",Única,Não existe,"",""
289,2019-01-11T00:00:00,15:33:00,SEM VÍTIMA,FINALIZADA,IMBIRIBEIRA,AV MARECHAL MASCARENHAS DE MORAES,4831,"","",AV MARECHAL MASCARENHAS DE MORAES,4831,"",IMBIRIBEIRA,,CIDADE,COLISÃO TRASEIRA,COLISÃO SEM VITIMAS,2,,,,,,,,,0,,Longo da via,Bom,Sem defeito,Perfeito estado,Seca,Perfeito estado,Faixa de pedestre,Outras,"",Dupla,Canteiro central,"",""
290,2019-01-11T00:00:00,15:50:00,SEM VÍTIMA,FINALIZADA,IMBIRIBEIRA,AV MARECHAL MASCARENHAS DE MORAES,"","","AO LADO DA FORD , GRANVIA E AGRILLO, APOS A BREMMER S/T CID",AV MARECHAL MASCARENHAS DE MORAES,"","AO LADO DA FORD , GRANVIA E AGRILLO, APOS A BREMMER S/T CID",IMBIRIBEIRA,,"",COLISÃO,COLISAO ENTRE DOIS AUTOS S/V,2,,,,,,,,,0,,"","","","","","","","","","","","",""
291,2019-01-11T00:00:00,16:17:00,COM VÍTIMA,FINALIZADA,ALTO JOSÉ DO PINHO,COR DO BARTOLOMEU,133,RUA VALERIANO LOBO,NA FRENTE DA PADARIA ANDREA,COR DO BARTOLOMEU,133,NA FRENTE DA PADARIA ANDREA,ALTO JOSÉ DO PINHO,,SUBURBIO,ABALROAMENTO LONGITUDINAL,COLISÃO COM VITIMAS,1,1,,,,,,,,2,,Esquina,Bom,Não existe,Perfeito estado,Seca,Perfeito estado,Não existe,Placas Pare,"",Dupla,Faixa seccionada,"",""
292,2019-01-11T00:00:00,16:42:00,COM VÍTIMA,FINALIZADA,JAQUEIRA,RUA DO FUTURO,999,"",E/F A LIVRARIA JAQUEIRA,RUA DO FUTURO,999,E/F A LIVRARIA JAQUEIRA,JAQUEIRA,,CIDADE,COLISÃO TRASEIRA,COLISAO ENTRE DOIS AUTOS COM UMA VÍTIMA,2,,,,,,,,,1,,Longo da via,Bom,Não existe,Perfeito estado,Seca,Perfeito estado,Não existe,Outras,30 km/h,Única,Não existe,"",""
293,2019-01-11T00:00:00,16:53:00,SEM VÍTIMA,FINALIZADA,"",RUA EXP FRANCISCO VITORIANO,"","",TREVO SUPERMERCADO,RUA EXP FRANCISCO VITORIANO,"",TREVO SUPERMERCADO,"",,SUBURBIO,COLISÃO TRASEIRA,COLISAO ENTRE ONIBUS E AUTOS S/V,1,,,,,1,,,,0,,Longo da via,Bom,Não existe,Incompleta,Seca,Perfeito estado,Não existe,Não há placas,"",Dupla,Faixa seccionada,"",""
294,2019-01-11T00:00:00,17:06:00,SEM VÍTIMA,FINALIZADA,IMBIRIBEIRA,AV RECIFE,"","",EM CIMA DO VIADUTO TANCREDO NEVES,AV RECIFE,"",EM CIMA DO VIADUTO TANCREDO NEVES,IMBIRIBEIRA,,SUBURBIO,COLISÃO TRASEIRA,COLISAO ENTRE DOIS AUTOS SE UMA MOTO S/V,2,,,,,,,,,0,,Longo da via,Bom,Não existe,Perfeito estado,Seca,Perfeito estado,"",Não há placas,"",Única,Não existe,"",""
295,2019-01-11T00:00:00,17:16:00,ENTRADA E SAÍDA,FINALIZADA,JAQUEIRA,RUA HOEL SETTE,1847,"",EM FRENTE A PRAÇA DA JAQUEIRA,RUA HOEL SETTE,1847,EM FRENTE A PRAÇA DA JAQUEIRA,JAQUEIRA,,"",SUBURBIO,ENTRADA E SAÍDA,1,,,,,,,,,,,"","","","","","","","","","","","",""
296,2019-01-11T00:00:00,18:07:00,SEM VÍTIMA,FINALIZADA,ESPINHEIRO,AV GOVERNADOR AGAMENON MAGALHAES,"",RUA DR LEOPOLDO LINS,CAIXA ECONÔMICA FEDERAL,AV GOVERNADOR AGAMENON MAGALHAES,"",CAIXA ECONÔMICA FEDERAL,ESPINHEIRO,78,SUBURBIO,COLISÃO TRASEIRA,COLISÃO SEM VITIMAS,3,,,,,,,,,0,,Cruzamento,Bom,Sem defeito,Perfeito estado,Seca,Perfeito estado,Faixa de pedestre,Não há placas,60 km/h,Única,Faixa seccionada,"",""
297,2019-01-11T00:00:00,18:10:00,SEM VÍTIMA,CANCELADA,IBURA,AV DOIS RIOS,"","",PRÓX AO CAMPO DA FREVO E AUTO ESWCOLA ARCO IRIS / AO LADO DO POSTO MAIS,AV DOIS RIOS,"",PRÓX AO CAMPO DA FREVO E AUTO ESWCOLA ARCO IRIS / AO LADO DO POSTO MAIS,IBURA,,"",COLISÃO,ENTRE AUTO E CAMINHÃO. S/V,1,,,,,,1,,,0,,"","","","","","","","","","","","",""
298,2019-01-11T00:00:00,18:23:00,SEM VÍTIMA,CANCELADA,BEBERIBE,AV BEBERIBE,2442,RUA SAO JOAQUIM DO MONTE,ENF AO PAGODE DA PRESSAO // SENTIDO FUNDAO,AV BEBERIBE,2442,ENF AO PAGODE DA PRESSAO // SENTIDO FUNDAO,BEBERIBE,153,"",COLISÃO,CELTA X CAMINHONETA DO GAS,1,,,,,,1,,,0,,"","","","","","","","","","","","",""
299,2019-01-11T00:00:00,18:55:00,SEM VÍTIMA,FINALIZADA,JIQUIÁ,AV RECIFE,5835,AV GENERAL SAN MARTIN,E/F AO CERPE,AV RECIFE,5835,E/F AO CERPE,JIQUIÁ,259,SUBURBIO,ABALROAMENTO LONGITUDINAL,ENTRE AUTO E CAMINHÃO. S/V,1,,,,,,1,,,0,,Longo da via,Bom,Sem defeito,"",Seca,"",Faixa de pedestre,Outras,"",Única,Faixa seccionada,"",""
300,2019-01-11T00:00:00,20:24:00,COM VÍTIMA,FINALIZADA,AREIAS,AV DR JOSE RUFINO,"",RUA JOSE NATARIO,ENF AO POSTO SHELL E MINI SHOPPING,AV DR JOSE RUFINO,"",ENF AO POSTO SHELL E MINI SHOPPING,AREIAS,44,SUBURBIO,COLISÃO FRONTAL,MOTO X I 30,1,1,,,,,,,,1,,Cruzamento,Bom,Sem defeito,Perfeito estado,Seca,Perfeito estado,Faixa de pedestre,Não há placas,60 km/h,Dupla,Faixa contínua,Faixa seccionada,""
301,2019-01-12T00:00:00,00:58:00,COM VÍTIMA,FINALIZADA,CAMPO GRANDE,AV GOVERNADOR AGAMENON MAGALHAES,"",RUA ODORICO MENDES,EM FRENTE AO CAMPO DO ONZE // EM FRENTE A CENTRAL DE FLAGRANTES,AV GOVERNADOR AGAMENON MAGALHAES,"",EM FRENTE AO CAMPO DO ONZE // EM FRENTE A CENTRAL DE FLAGRANTES,CAMPO GRANDE,49,SUBURBIO,ABALROAMENTO TRANSVERSAL,"COLISÃO ENTRE DOIS AUTOS, COM VÍTIMAS.",2,,,,,,,,,2,,Cruzamento,Bom,Sem defeito,Perfeito estado,Seca,Perfeito estado,"",R-19,60 km/h,Dupla,Faixa contínua,Canteiro central,""
302,2019-01-12T00:00:00,01:37:00,SEM VÍTIMA,FINALIZADA,MADALENA,AV VISCONDE DE ALBUQUERQUE,"","","",AV VISCONDE DE ALBUQUERQUE,"","",MADALENA,,CIDADE,CHOQUE VEÍCULO PARADO,"COLISÃO ENTRE AUTO E MOTO, SEM VÍTIMAS.",1,1,,,,,,,,0,,Longo da via,Bom,Não existe,Perfeito estado,Seca,Perfeito estado,"",Outras,60 km/h,Única,Faixa seccionada,"",""
303,2019-01-12T00:00:00,06:48:00,SEM VÍTIMA,FINALIZADA,AREIAS,AV RECIFE,"","",EM FRENTE A FARMACIA PAGUE MENOS,AV RECIFE,"",EM FRENTE A FARMACIA PAGUE MENOS,AREIAS,59,CIDADE,COLISÃO TRASEIRA,COLISÃO SEM VITIMAS,2,,,,,,,,,0,,Longo da via,Chuvoso,Sem defeito,Perfeito estado,Molhada,Perfeito estado,Faixa de pedestre,Não há placas,"",Dupla,Canteiro central,"",""
304,2019-01-12T00:00:00,06:58:00,SEM VÍTIMA,FINALIZADA,IMBIRIBEIRA,AV MARECHAL MASCARENHAS DE MORAES,"","",EM FRENTE A LOCADORA MOVIDA,AV MARECHAL MASCARENHAS DE MORAES,"",EM FRENTE A LOCADORA MOVIDA,IMBIRIBEIRA,,CIDADE,ABALROAMENTO LONGITUDINAL,SEM VITIMAS,1,,,,,1,,,,0,,Viaduto,Chuvoso,Não existe,Perfeito estado,Molhada,Perfeito estado,Outros,Não há placas,"",Dupla,Canteiro central,"",""
305,2019-01-12T00:00:00,08:03:00,COM VÍTIMA,FINALIZADA,JIQUIÁ,AV RECIFE,"","",APOS A ENTRADA DE JARDIM SAO PAULO PROX AO VIADUTO S/T CAXANGA,AV RECIFE,"",APOS A ENTRADA DE JARDIM SAO PAULO PROX AO VIADUTO S/T CAXANGA,JIQUIÁ,,CAXANGÁ,COLISÃO TRASEIRA,COLISAO ENTRE DOIS AUTOS /V,2,,,,,,,,,2,,Longo da via,Chuvoso,Não existe,Perfeito estado,Molhada,Perfeito estado,Não existe,Não há placas,"",Dupla,Canteiro central,"",""
306,2019-01-12T00:00:00,09:25:00,SEM VÍTIMA,FINALIZADA,TORRE,RUA JOSE BONIFACIO,"","",HONDA RECIFE,RUA JOSE BONIFACIO,"",HONDA RECIFE,TORRE,,SUBURBIO,ABALROAMENTO LONGITUDINAL,COLISÃO SEM VITIMAS,1,,,,,,1,,,0,,Longo da via,"","",Perfeito estado,Seca,Perfeito estado,Não existe,Outras,"",Única,Faixa contínua,"",""
307,2019-01-12T00:00:00,09:53:00,COM VÍTIMA,FINALIZADA,IMBIRIBEIRA,AV MARECHAL MASCARENHAS DE MORAES,5905,"",EM FRENTE A MOVIDA,AV MARECHAL MASCARENHAS DE MORAES,5905,EM FRENTE A MOVIDA,IMBIRIBEIRA,,CIDADE,ABALROAMENTO LONGITUDINAL,COM VÍTIMA,,2,,,,,,,,2,,Longo da via,Chuvoso,Não existe,"",Molhada,Perfeito estado,Não existe,R-6c,"",Única,Não existe,"",""
308,2019-01-12T00:00:00,"",SEM VÍTIMA,CANCELADA,SAN MARTIN,RUA COMENDADOR FRANCO FERREIRA,490,RUA DUARTE FILHO,"PRIMEIRA RUA A ESQUERDA APÓS A LOMBADA ELETRONICA,",RUA COMENDADOR FRANCO FERREIRA,490,"PRIMEIRA RUA A ESQUERDA APÓS A LOMBADA ELETRONICA,",SAN MARTIN,,"",COLISÃO,SEM VITIMAS,1,,,,,,1,,,0,,"","","","","","","","","","","","",""
309,2019-01-12T00:00:00,10:34:00,SEM VÍTIMA,FINALIZADA,"",RUA BENFICA,"",EST DOS REMEDIOS,"",RUA BENFICA,"","","",51,CIDADE,COLISÃO TRASEIRA,SEM VÍTIMAS,2,,,,,,,,,0,,Cruzamento,Chuvoso,Sem defeito,Perfeito estado,Molhada,Perfeito estado,Faixa de pedestre,Outras,"",Dupla,Faixa contínua,"",""
310,2019-01-12T00:00:00,11:26:00,SEM VÍTIMA,CANCELADA,AREIAS,AV RECIFE,"","",EM FRENTE AO MACRO,AV RECIFE,"",EM FRENTE AO MACRO,AREIAS,,CAXANGA,COLISÃO,COLISÃO SEM VITIMAS,3,,,,,,,,,0,,"","","","","","","","","","","","",""
311,2019-01-12T00:00:00,11:43:00,COM VÍTIMA,FINALIZADA,ESTÂNCIA,AV RECIFE,758,RUA CAPITAO ESTEVAO FERNANDES,EM FRENTE A CONCESSIONARIA V 8,AV RECIFE,758,EM FRENTE A CONCESSIONARIA V 8,ESTÂNCIA,59,SUBURBIO,ABALROAMENTO LONGITUDINAL,"COM DUAS VITIMAS ,SAMU NO LOCAL",1,1,,,,,,,,2,,Longo da via,Chuvoso,"",Perfeito estado,Molhada,Perfeito estado,Não existe,R-6a,60 km/h,Dupla,Canteiro central,"",""
312,2019-01-12T00:00:00,11:45:00,SEM VÍTIMA,CANCELADA,VÁRZEA,AV PROFESSOR MORAES REGO,447,RUA MARECHAL MANOEL LUIS OSORIO,E/F AO EDF. PRAÇA DAS BEGONIAS,AV PROFESSOR MORAES REGO,447,E/F AO EDF. PRAÇA DAS BEGONIAS,VÁRZEA,,"",COLISÃO,SEM VÍTIMAS,2,,,,,,,,,0,,"","","","","","","","","","","","",""
313,2019-01-12T00:00:00,13:08:00,SEM VÍTIMA,FINALIZADA,VÁRZEA,RUA MARECHAL MANOEL LUIS OSORIO,495,RUA PROFESSOR ANTONIO COELHO,COLÉGIO PONTUAL,RUA MARECHAL MANOEL LUIS OSORIO,495,COLÉGIO PONTUAL,VÁRZEA,,"",ABALROAMENTO TRANSVERSAL,SEM VÍTIMAS,2,,,,,,,,,0,,Cruzamento,Chuvoso,Não existe,Não existente,Molhada,Perfeito estado,Faixa de pedestre,Não há placas,40 km/h,Dupla,Faixa contínua,"",""
314,2019-01-12T00:00:00,13:33:00,SEM VÍTIMA,FINALIZADA,BOA VIAGEM,AV CONSELHEIRO AGUIAR,3355,"","",AV CONSELHEIRO AGUIAR,3355,"",BOA VIAGEM,,CIDADE,ABALROAMENTO LONGITUDINAL,DOIS AUTOS,2,,,,,,,,,0,,Longo da via,Chuvoso,Não existe,Perfeito estado,Molhada,Perfeito estado,"",R-6a,60 km/h,Única,Faixa seccionada,"",""
315,2019-01-12T00:00:00,14:08:00,SEM VÍTIMA,FINALIZADA,CAXANGÁ,AV CAXANGA,"",AV PROFESSOR JOAQUIM CAVALCANTI,EM BAIXO DO VIADUTO DA CAXANGA SENT DETRAN,AV CAXANGA,"",EM BAIXO DO VIADUTO DA CAXANGA SENT DETRAN,CAXANGÁ,,"",COLISÃO,ONIBUS E AUTO PASSAEIO,1,,,,,1,,,,0,,"","","","","","","","","","","","",""
316,2019-01-12T00:00:00,14:11:00,SEM VÍTIMA,FINALIZADA,SÃO JOSÉ,AV SUL,"","",EM FRENTE AO SEMÁFORO 311,AV SUL,"",EM FRENTE AO SEMÁFORO 311,SÃO JOSÉ,311,CIDADE,COLISÃO TRASEIRA,DOIS AUTOS,2,,,,,,,,1,0,,Longo da via,Chuvoso,Com defeito,Perfeito estado,Molhada,Perfeito estado,Faixa de retenção,"","",Única,Faixa seccionada,Canteiro central,""
317,2019-01-12T00:00:00,14:33:00,COM VÍTIMA,FINALIZADA,IMBIRIBEIRA,AV MARECHAL MASCARENHAS DE MORAES,"","",EM FRENTE AO ARMAZEM CORAL,AV MARECHAL MASCARENHAS DE MORAES,"",EM FRENTE AO ARMAZEM CORAL,IMBIRIBEIRA,286,CIDADE,ABALROAMENTO LONGITUDINAL,MOTO E AUTO,1,1,,,,,,,,1,,Longo da via,Chuvoso,Sem defeito,Perfeito estado,Molhada,Perfeito estado,Faixa de pedestre,Não há placas,"",Dupla,Canteiro central,"",""
318,2019-01-12T00:00:00,15:03:00,SEM VÍTIMA,FINALIZADA,IMBIRIBEIRA,RUA BARAO DE AGUA BRANCA,"",RUA DUQUE ESTRADA,"",RUA BARAO DE AGUA BRANCA,"","",IMBIRIBEIRA,,"",ABALROAMENTO TRANSVERSAL,COLISÃO SEM VÍTIMA,2,,,,,,,,,0,,Cruzamento,Bom,Não existe,Não existente,Molhada,Perfeito estado,Não existe,Não há placas,"",Dupla,Não existe,"",""
319,2019-01-12T00:00:00,15:20:00,SEM VÍTIMA,FINALIZADA,"",AV BARAO DE BONITO,88,RUA EMILIANO BRAGA,"",AV BARAO DE BONITO,88,"","",,CIDADE,ABALROAMENTO TRANSVERSAL,AUTO E CAMINHAO S/V,1,,,,,,1,,1,0,,Cruzamento,Chuvoso,Não existe,Não existente,Molhada,Perfeito estado,Não existe,Não há placas,"",Dupla,Não existe,"",""
320,2019-01-12T00:00:00,15:20:00,SEM VÍTIMA,FINALIZADA,CORDEIRO,RUA CLAUDIO BROTHERHOOD,697,RUA DR MIGUEL VIEIRA FERREIRA,"",RUA CLAUDIO BROTHERHOOD,697,"",CORDEIRO,,SUBURBIO,ABALROAMENTO TRANSVERSAL,DOIS AUTOS S/V,2,,,,,,,,,0,,Cruzamento,Chuvoso,Não existe,Não existente,Molhada,Perfeito estado,Não existe,Não há placas,40 km/h,Dupla,Não existe,"",""
321,2019-01-12T00:00:00,15:35:00,COM VÍTIMA,FINALIZADA,CASA AMARELA,RUA CORREGO DO EUCLIDES,114,"",AO LADO DA MERCEARIA PREÇO BOM.,RUA CORREGO DO EUCLIDES,114,AO LADO DA MERCEARIA PREÇO BOM.,CASA AMARELA,,SUBURBIO,COLISÃO COM CICLISTA,COLISÃO ENTRE MOTOCICLETA E CICLISTA.,,1,,1,,,,,,1,,Longo da via,Chuvoso,Não existe,Incompleta,Molhada,Perfeito estado,Outros,Outras,"",Dupla,Faixa seccionada,"",""
322,2019-01-12T00:00:00,15:49:00,COM VÍTIMA,FINALIZADA,MADALENA,RUA ERNANI BRAGA,"",RUA DR JOAO COIMBRA,PROX. AO MERCADO DA MADALENA,RUA ERNANI BRAGA,"",PROX. AO MERCADO DA MADALENA,MADALENA,,"",ABALROAMENTO LONGITUDINAL,MOTO E AUTO,1,1,,,,,,,,1,,Cruzamento,Chuvoso,Não existe,Perfeito estado,Molhada,"","",R-6a,"",Única,Faixa contínua,"",""
323,2019-01-12T00:00:00,15:58:00,SEM VÍTIMA,FINALIZADA,IBURA,AV RECIFE,"","",POSTO DE COMBUSTÍVEL SHELL V POWER,AV RECIFE,"",POSTO DE COMBUSTÍVEL SHELL V POWER,IBURA,55,SUBURBIO,ABALROAMENTO LONGITUDINAL,COLISÃO SEM VÍTIMA,2,,,,,,,,,0,,Longo da via,Chuvoso,Com defeito,Perfeito estado,Molhada,Perfeito estado,Faixa de pedestre,Outras,60 km/h,Única,Faixa contínua,Faixa seccionada,Canteiro central
324,2019-01-12T00:00:00,16:00:00,SEM VÍTIMA,DUPLICIDADE,VÁRZEA,AV BARAO DE BONITO,88,RUA EMILIANO BRAGA,PROX. A IGREJA UNIVERSAL DO REINO DE DEUS,AV BARAO DE BONITO,88,PROX. A IGREJA UNIVERSAL DO REINO DE DEUS,VÁRZEA,,"",COLISÃO,AUTO E CAMINHÃO,1,,,,,,1,,,0,,"","","","","","","","","","","","",""
325,2019-01-12T00:00:00,17:37:00,SEM VÍTIMA,FINALIZADA,AFOGADOS,RUA SERTAOZINHO,75B,"","",RUA SERTAOZINHO,75B,"",AFOGADOS,,"",CHOQUE VEÍCULO PARADO,DOIS AUTOS,2,,,,,,,,,0,,Longo da via,Chuvoso,Não existe,Perfeito estado,Molhada,Perfeito estado,Não existe,Não há placas,"",Dupla,Não existe,"",""
326,2019-01-12T00:00:00,17:51:00,COM VÍTIMA,FINALIZADA,SÃO JOSÉ,AV SUL,"","","POR BAIXO DO VIADUTO CAP TEMUDO, AO LADO DO POSTO BR",AV SUL,"","POR BAIXO DO VIADUTO CAP TEMUDO, AO LADO DO POSTO BR",SÃO JOSÉ,,CIDADE,COLISÃO COM CICLISTA,ENTRE AUTO E CICLISTA. C/V,1,,,1,,,,,,1,,Longo da via,Chuvoso,Não existe,Perfeito estado,Molhada,Mal iluminada,Outros,Outras,"",Única,Faixa seccionada,"",""
327,2019-01-12T00:00:00,18:30:00,COM VÍTIMA,FINALIZADA,PINA,AV HERCULANO BANDEIRA,825,"",POR BAIXO DA PASSARELA DA HERCULANO / PRÓX A IGREJINHA / SNT BV,AV HERCULANO BANDEIRA,825,POR BAIXO DA PASSARELA DA HERCULANO / PRÓX A IGREJINHA / SNT BV,PINA,,SUBURBIO,ABALROAMENTO LONGITUDINAL,ENTRE AUTO E MOTO. C/V,1,1,,,,,,,,1,,Longo da via,Chuvoso,Não existe,Perfeito estado,Molhada,Perfeito estado,Não existe,R-6a,"",Única,Faixa seccionada,"",""
328,2019-01-12T00:00:00,18:57:00,SEM VÍTIMA,FINALIZADA,ROSARINHO,AV NORTE,"",AV SANTOS DUMONT,SEMÁFORO Nº 081,AV NORTE,"",SEMÁFORO Nº 081,ROSARINHO,81,CIDADE,CHOQUE OBJETO FIXO,O CONDUTOR BATEU COM O VEÍCULO NO CANTEIRO,1,,,,,,,,,0,,Longo da via,Chuvoso,Sem defeito,Perfeito estado,Molhada,Perfeito estado,Faixa de pedestre,Não há placas,"",Única,Faixa seccionada,Canteiro central,""