_id,DATA,hora,natureza_acidente,situacao,bairro,endereco,numero,detalhe_endereco_acidente,complemento,endereco_cruzamento,numero_cruzamento,referencia_cruzamento,bairro_cruzamento,num_semaforo,sentido_via,tipo,descricao,auto,moto,ciclom,ciclista,pedestre,onibus,caminhao,viatura,outros,vitimas,vitimasfatais,acidente_verificado,tempo_clima,situacao_semaforo,sinalizacao,condicao_via,conservacao_via,ponto_controle,situacao_placa,velocidade_max_via,mao_direcao,divisao_via1,divisao_via2,divisao_via3
329,2019-01-12T00:00:00,19:02:00,SEM VÍTIMA,FINALIZADA,BOA VISTA,RUA DOM BOSCO,"",AV CONDE DA BOA VISTA,"NA ESQUINA DO POSTO BR, SENTIDO CENTRO",RUA DOM BOSCO,"","NA ESQUINA DO POSTO BR, SENTIDO CENTRO",BOA VISTA,,"",COLISÃO,COLISÃO SEM VITIMAS/ INFORMADO QUE UMA DAS PARTES ESTA ALCOOLIZADA,2,,,,,,,,,0,,"","","","","","","","","","","","",""
330,2019-01-13T00:00:00,02:55:00,SEM VÍTIMA,FINALIZADA,DERBY,AV GOVERNADOR AGAMENON MAGALHAES,"",RUA HENRIQUE DIAS,SEMÁFORO 068,AV GOVERNADOR AGAMENON MAGALHAES,"",SEMÁFORO 068,DERBY,,"",ABALROAMENTO TRANSVERSAL,SEM VITIMAS,2,,,,,,,,,0,,Cruzamento,Chuvoso,Sem defeito,Perfeito estado,Molhada,"",Faixa de pedestre,Outras,"",Dupla,Canal,"",""
331,2019-01-13T00:00:00,05:36:00,COM VÍTIMA,FINALIZADA,IBURA,AV DOIS RIOS,423,"",PROXIMO A IGREJA DOS MÓRMONS,AV DOIS RIOS,423,PROXIMO A IGREJA DOS MÓRMONS,IBURA,,SUBURBIO,ABALROAMENTO LONGITUDINAL,COLISÃO COM VITIMA,1,1,,,,,,,,1,,Longo da via,Chuvoso,Não existe,Perfeito estado,Molhada,Perfeito estado,Não existe,Não há placas,"",Dupla,Faixa contínua,"",""
332,2019-01-13T00:00:00,07:21:00,SEM VÍTIMA,FINALIZADA,BOA VIAGEM,AV BOA VIAGEM,2080,"",SEMÁFORO 117,AV BOA VIAGEM,2080,SEMÁFORO 117,BOA VIAGEM,117,"",ABALROAMENTO LONGITUDINAL,SEM VITIMAS,2,,,,,,,,,0,,Longo da via,Bom,Sem defeito,Perfeito estado,Seca,Perfeito estado,Faixa de pedestre,R-6a,60 km/h,Única,Faixa seccionada,"",""
333,2019-01-13T00:00:00,09:43:00,SEM VÍTIMA,FINALIZADA,SANTO ANTÔNIO,RUA IMPERADOR PEDRO SEGUNDO,25,RUA PRIMEIRO DE MARCO,EM FRENTE AO BANCO ITAU,RUA IMPERADOR PEDRO SEGUNDO,25,EM FRENTE AO BANCO ITAU,SANTO ANTÔNIO,18,CIDADE,ABALROAMENTO LONGITUDINAL,COLISÃO SEM VITIMAS,2,,,,,,,,,0,,Cruzamento,Bom,Sem defeito,Perfeito estado,Seca,Perfeito estado,Faixa de pedestre,Não há placas,"",Única,Não existe,"",""
334,2019-01-13T00:00:00,13:10:00,SEM VÍTIMA,FINALIZADA,IPUTINGA,AV CAXANGA,"",RUA PAUL HARRIS,RESTAURANTE BOI BRASA E O HOSP. SANTA TERESINHA,AV CAXANGA,"",RESTAURANTE BOI BRASA E O HOSP. SANTA TERESINHA,"",230,SUBURBIO,ABALROAMENTO LONGITUDINAL,COLISÃO SEM VITIMAS,2,,,,,,,,,0,,Cruzamento,Bom,Sem defeito,Perfeito estado,Seca,Perfeito estado,Faixa de pedestre,R-6a,60 km/h,Única,Canteiro central,"",""
335,2019-01-13T00:00:00,14:12:00,SEM VÍTIMA,FINALIZADA,AREIAS,AV RECIFE,3585,"","",AV RECIFE,3585,"",AREIAS,,SUBURBIO,COLISÃO TRASEIRA,COLISÃO SEM VÍTIMA,2,,,,,,,,,0,,Longo da via,Bom,Não existe,Perfeito estado,Seca,Perfeito estado,Não existe,Outras,60 km/h,Dupla,Canteiro central,"",""
336,2019-01-13T00:00:00,17:18:00,SEM VÍTIMA,FINALIZADA,TORREÃO,RUA AUGUSTO RODRIGUES,1726,AV NORTE,"",RUA AUGUSTO RODRIGUES,1726,"",TORREÃO,376,CIDADE,ABALROAMENTO TRANSVERSAL,COLISÃO SEM VITIMA,2,,,,,,,,,0,,"","","","","","","","","","","","",""
337,2019-01-13T00:00:00,18:53:00,SEM VÍTIMA,FINALIZADA,VÁRZEA,AV PROFESSOR LUIZ FREIRE,"","",7º REGIÃO MILITAR,AV PROFESSOR LUIZ FREIRE,"",7º REGIÃO MILITAR,VÁRZEA,,"",COLISÃO TRASEIRA,HB 20 X GOL,2,,,,,,,,,0,,Longo da via,Bom,Não existe,Incompleta,Seca,Mal iluminada,Não existe,Outras,"",Dupla,Outros,"",""
338,2019-01-13T00:00:00,19:25:00,COM VÍTIMA,FINALIZADA,DERBY,RUA PAISSANDU,"",AV GOVERNADOR AGAMENON MAGALHAES,AO LADO DO HOSP PORTUGUES,RUA PAISSANDU,"",AO LADO DO HOSP PORTUGUES,DERBY,69,CIDADE,CHOQUE OBJETO FIXO,COLISÃO COM VITIMA,1,1,,,,,,,,1,,Cruzamento,Bom,Sem defeito,Perfeito estado,Seca,Perfeito estado,Faixa de pedestre,R-4a,30 km/h,Dupla,"","",""
339,2019-01-13T00:00:00,20:10:00,COM VÍTIMA,FINALIZADA,IMBIRIBEIRA,AV MARECHAL MASCARENHAS DE MORAES,"",RUA ITACARI,AO LADO DO BANCO ITAU,AV MARECHAL MASCARENHAS DE MORAES,"",AO LADO DO BANCO ITAU,IMBIRIBEIRA,225,SUBURBIO,COLISÃO COM CICLISTA,CICLISTA ESTA NO CHÃO AGUARDANDO ATENDIMENTO,1,,,1,,,,,,2,,Cruzamento,Bom,Sem defeito,Perfeito estado,Seca,Perfeito estado,Faixa de pedestre,R-6a,"",Dupla,Faixa contínua,Faixa seccionada,Canteiro central
340,2019-01-13T00:00:00,21:09:00,SEM VÍTIMA,CANCELADA,BOA VIAGEM,RUA VISCONDE DE JEQUITINHONHA,"","",ENTRE A RUA ARMINDO MOURA E RUA PADRE LEANDRO CAMELO // POR TRAS DA AERONAUTICA,RUA VISCONDE DE JEQUITINHONHA,"",ENTRE A RUA ARMINDO MOURA E RUA PADRE LEANDRO CAMELO // POR TRAS DA AERONAUTICA,BOA VIAGEM,,SUBURBIO,COLISÃO,HB 20 X FORDE K,2,,,,,,,,,0,,"","","","","","","","","","","","",""
341,2019-01-13T00:00:00,21:25:00,COM VÍTIMA,FINALIZADA,BOA VIAGEM,AV BOA VIAGEM,2434,RUA DONA BENVINDA DE FARIAS,ENF AO EDF ANDALUCIA,AV BOA VIAGEM,2434,ENF AO EDF ANDALUCIA,BOA VIAGEM,123,CIDADE,COLISÃO TRASEIRA,GRAND SIENA X MOTO,1,1,,,,,,,,1,,Longo da via,Chuvoso,Sem defeito,Perfeito estado,Molhada,Perfeito estado,Faixa de pedestre,Outras,"",Única,Faixa contínua,"",""
342,2019-01-14T00:00:00,05:43:00,SEM VÍTIMA,CANCELADA,BOA VIAGEM,RUA JOSE MARIA DE MIRANDA,"","",EM FRENTE A PAULO MIRANDA IMÓVEIS // EM FRENTE AO BAR DE PAULINHO,RUA JOSE MARIA DE MIRANDA,"",EM FRENTE A PAULO MIRANDA IMÓVEIS // EM FRENTE AO BAR DE PAULINHO,BOA VIAGEM,,"",COLISÃO,"COLISÃO ENTRE DOIS AUTOS, SEM VÍTIMAS",2,,,,,,,,,0,,"","","","","","","","","","","","",""
343,2019-01-14T00:00:00,07:00:00,SEM VÍTIMA,CANCELADA,SAN MARTIN,RUA VINTE E UM DE ABRIL,2341,RUA COMENDADOR FRANCO FERREIRA,PRÓX AO GIRADOURO // JP CASA NOVA CONSTRUÇÕES,RUA VINTE E UM DE ABRIL,2341,PRÓX AO GIRADOURO // JP CASA NOVA CONSTRUÇÕES,SAN MARTIN,,SUBURBIO,COLISÃO,ENTRE AUTOS S/V.,2,,,,,,,,,0,,"","","","","","","","","","","","",""
344,2019-01-14T00:00:00,08:06:00,SEM VÍTIMA,FINALIZADA,DERBY,RUA JENER DE SOUZA,"",PRC DO DERBY,ENTRE OS POSTES Nº B009309 E B 009479,RUA JENER DE SOUZA,"",ENTRE OS POSTES Nº B009309 E B 009479,DERBY,,"",ABALROAMENTO LONGITUDINAL,ONIBUS E AUTO ,1,,,,,1,,,,0,,Longo da via,Bom,Não existe,Perfeito estado,Seca,Perfeito estado,Não existe,Placas Pare,"",Dupla,Canteiro central,"",""
345,2019-01-14T00:00:00,08:09:00,SEM VÍTIMA,FINALIZADA,IPSEP,AV RECIFE,55,"",EM FRENTE À FARMÁCIA EXTRAFARMA,AV RECIFE,55,EM FRENTE À FARMÁCIA EXTRAFARMA,IPSEP,55,SUBURBIO,COLISÃO TRASEIRA,ENTRE AUTOS S/V.,2,,,,,,,,,0,,Longo da via,Bom,Sem defeito,Perfeito estado,Seca,Perfeito estado,Não existe,Não há placas,"",Dupla,Canteiro central,"",""
346,2019-01-14T00:00:00,08:19:00,COM VÍTIMA,FINALIZADA,BOA VISTA,RUA GERVASIO PIRES,435,"",EM FRENTE AO HOTEL MEDITERRÂNEO,RUA GERVASIO PIRES,435,EM FRENTE AO HOTEL MEDITERRÂNEO,BOA VISTA,,"",COLISÃO TRASEIRA,AUTO E MOTO,1,1,,,,,,,,1,,Longo da via,Bom,Não existe,"",Seca,Perfeito estado,Não existe,"","",Única,"","",""
347,2019-01-14T00:00:00,08:37:00,COM VÍTIMA,FINALIZADA,PINA,AV ANTONIO DE GOES,"","",EM FRENTE À PRF,AV ANTONIO DE GOES,"",EM FRENTE À PRF,PINA,,"",COLISÃO TRASEIRA,AUTO E MOTO S/V.,1,1,,,,,,,,1,,Longo da via,Bom,Não existe,Perfeito estado,Seca,Perfeito estado,Não existe,Não há placas,60 km/h,Única,Faixa seccionada,"",""
348,2019-01-14T00:00:00,08:58:00,SEM VÍTIMA,FINALIZADA,BAIRRO DO RECIFE,AV ALFREDO LISBOA,"","",EM FRENTE A SECRETARIA DA FAZENDA,AV ALFREDO LISBOA,"",EM FRENTE A SECRETARIA DA FAZENDA,BAIRRO DO RECIFE,,SUBURBIO,COLISÃO TRASEIRA,ENTRE AUTOS S/V.,2,,,,,,,,,0,,Longo da via,Bom,Não existe,Perfeito estado,Seca,Perfeito estado,Faixa de pedestre,Não há placas,40 km/h,Única,Faixa seccionada,"",""
349,2019-01-14T00:00:00,09:00:00,SEM VÍTIMA,FINALIZADA,IPSEP,AV DOM HELDER CAMARA,"",AV RECIFE,"",AV DOM HELDER CAMARA,"","",IPSEP,55,CIDADE,COLISÃO TRASEIRA,COLISÃO SEM VITIMAS,2,,,,,,,,,0,,"",Bom,Sem defeito,Perfeito estado,Seca,Perfeito estado,Faixa de pedestre,Outras,"",Única,Faixa seccionada,"",""
350,2019-01-14T00:00:00,09:03:00,SEM VÍTIMA,FINALIZADA,BOA VIAGEM,RUA COSMORAMA,1060,"","",RUA COSMORAMA,1060,"",BOA VIAGEM,,"",ABALROAMENTO LONGITUDINAL,MOTO X ÔNIBUS (BORBOREMA) S/V.,,1,,,,1,,,,0,,Cruzamento,Bom,Não existe,Perfeito estado,Seca,Perfeito estado,Não existe,Não há placas,"",Dupla,Não existe,"",""
351,2019-01-14T00:00:00,09:20:00,SEM VÍTIMA,FINALIZADA,BOA VISTA,AV CONDE DA BOA VISTA,982,"",EM FRENTE AO Nº 982,AV CONDE DA BOA VISTA,982,EM FRENTE AO Nº 982,BOA VISTA,,SUBURBIO,ABALROAMENTO LONGITUDINAL,ENTRE ÔNIBUS S/V.,,,,,,2,,,,0,,Longo da via,Bom,Não existe,Perfeito estado,Seca,Perfeito estado,Não existe,Não há placas,60 km/h,Dupla,Faixa contínua,"",""
352,2019-01-14T00:00:00,10:05:00,SEM VÍTIMA,FINALIZADA,MADALENA,RUA JOSE OSORIO,950,"","",RUA JOSE OSORIO,950,"",MADALENA,,SUBURBIO,ABALROAMENTO TRANSVERSAL,SEM VÍTIMAS.,2,,,,,,,,,0,,Cruzamento,Bom,Não existe,"",Seca,Perfeito estado,Não existe,R-6a,"",Dupla,Faixa contínua,"",""
353,2019-01-14T00:00:00,10:49:00,SEM VÍTIMA,FINALIZADA,MADALENA,AV VISCONDE DE ALBUQUERQUE,103,"","",AV VISCONDE DE ALBUQUERQUE,103,"",MADALENA,,"",ABALROAMENTO TRANSVERSAL,AUTO X CAMINHÃO S/V.,1,,,,,,1,,,0,,Longo da via,Bom,Não existe,Perfeito estado,Seca,Perfeito estado,Não existe,Não há placas,"",Única,Faixa contínua,"",""
354,2019-01-14T00:00:00,10:54:00,COM VÍTIMA,FINALIZADA,CASA AMARELA,AV NORTE,6430,"",EM FRENTE A OFICINA ARRAIAL PEÇAS E SERVIÇOS,AV NORTE,6430,EM FRENTE A OFICINA ARRAIAL PEÇAS E SERVIÇOS,CASA AMARELA,,SUBURBIO,ABALROAMENTO LONGITUDINAL,AUTO PASSEIO E MOTOCICLETA,1,1,,,,,,,,1,,Longo da via,Bom,Não existe,Perfeito estado,Seca,Perfeito estado,Não existe,Não há placas,60 km/h,Dupla,Canteiro central,"",""
355,2019-01-14T00:00:00,11:06:00,SEM VÍTIMA,FINALIZADA,ARRUDA,RUA DO MACHADO,"",RUA ZEFERINO AGRA,EM FRENTE A IGREJA DE SANTO ANTONIO,RUA DO MACHADO,"",EM FRENTE A IGREJA DE SANTO ANTONIO,ARRUDA,,CIDADE,ABALROAMENTO TRANSVERSAL,DOIS AUTOS,2,,,,,,,,,0,,Cruzamento,Bom,Não existe,Perfeito estado,Seca,Perfeito estado,Faixa de retenção,Placas Pare,"",Dupla,Faixa seccionada,"",""
356,2019-01-14T00:00:00,11:10:00,SEM VÍTIMA,FINALIZADA,SANTO AMARO,RUA ALVARES DE AZEVEDO,"",RUA GOUVEIA DE BARROS,SOB O SEMÁFORO 093,RUA ALVARES DE AZEVEDO,"",SOB O SEMÁFORO 093,SANTO AMARO,93,SUBURBIO,ABALROAMENTO LONGITUDINAL,COLISÃO SEM VÍTIMAS.,2,,,,,,,,,0,,Longo da via,Bom,Sem defeito,Perfeito estado,Seca,Perfeito estado,Outros,Outras,"",Única,Não existe,"",""
357,2019-01-14T00:00:00,11:41:00,SEM VÍTIMA,FINALIZADA,TAMARINEIRA,AV NORTE,"",RUA GENERAL ABREU E LIMA,EM FRENTE AO RESIDENCIAL SANTA LUZIA,AV NORTE,"",EM FRENTE AO RESIDENCIAL SANTA LUZIA,TAMARINEIRA,456,SUBURBIO,COLISÃO TRASEIRA,DOIS AUTOS VT-11 NO LOCAL SUB. SABINO NO LOCAL,2,,,,,,,,,0,,Longo da via,Bom,Sem defeito,Perfeito estado,Seca,Perfeito estado,Faixa de pedestre,R-4b,"",Dupla,Canteiro central,"",""
358,2019-01-14T00:00:00,12:31:00,SEM VÍTIMA,FINALIZADA,BOA VISTA,AV MANOEL BORBA,330,RUA DO HOSPICIO,E/F A IGREJA DO SANTISSIMO SACRAMENTO NA PRAÇA MACIEL PINHEIRO,AV MANOEL BORBA,330,E/F A IGREJA DO SANTISSIMO SACRAMENTO NA PRAÇA MACIEL PINHEIRO,BOA VISTA,33,SUBURBIO,ABALROAMENTO LONGITUDINAL,COLISAO ENTRE AUTO E CAMINHAO S/V,1,,,,,,1,,,0,,"",Bom,Sem defeito,Perfeito estado,Seca,Perfeito estado,Não existe,R-6a,"",Única,Não existe,"",""
359,2019-01-14T00:00:00,14:12:00,SEM VÍTIMA,FINALIZADA,CASA FORTE,AV DEZESSETE DE AGOSTO,"",AV FLOR DE SANTANA,SEMÁFORO 614,AV DEZESSETE DE AGOSTO,"",SEMÁFORO 614,CASA FORTE,614,"",ABALROAMENTO LONGITUDINAL,COLISÃO SEM VÍTIMA,1,1,,,,,,,,0,,"",Bom,Sem defeito,Perfeito estado,Seca,Perfeito estado,Faixa de pedestre,R-6a,"",Dupla,Faixa contínua,"",""
360,2019-01-14T00:00:00,13:47:00,SEM VÍTIMA,FINALIZADA,IPSEP,RUA PROFESSOR JOSE VICENTE,"",RUA SAO SILVESTRE,"",RUA PROFESSOR JOSE VICENTE,"","",IPSEP,,"",COLISÃO FRONTAL,DOIS AUTOS S/V,2,,,,,,,,,0,,Longo da via,Bom,Não existe,Incompleta,Seca,Perfeito estado,Não existe,Placas Pare,"",Única,Canteiro central,"",""
361,2019-01-14T00:00:00,15:01:00,SEM VÍTIMA,FINALIZADA,DERBY,AV GOVERNADOR AGAMENON MAGALHAES,"","",EM FRENTE A RESTAURAÇÃO/ SENTIDO BOA VIAGEM,AV GOVERNADOR AGAMENON MAGALHAES,"",EM FRENTE A RESTAURAÇÃO/ SENTIDO BOA VIAGEM,DERBY,174,"",COLISÃO TRASEIRA,COLISÃO SEM VÍTIMA,1,,,,,1,,,,0,,Longo da via,Bom,Sem defeito,Perfeito estado,Seca,Perfeito estado,"","",60 km/h,Dupla,Canal,"",""
362,2019-01-14T00:00:00,15:39:00,SEM VÍTIMA,FINALIZADA,SANTO AMARO,AV DR JAYME DA FONTE,"",AV GOVERNADOR AGAMENON MAGALHAES,SEMÁFORO 49,AV DR JAYME DA FONTE,"",SEMÁFORO 49,SANTO AMARO,49,CIDADE,COLISÃO TRASEIRA,"ENTRE TRES AUTOS PASSEIOS, S/V",3,,,,,,,,,0,,Cruzamento,Bom,Sem defeito,Perfeito estado,Seca,Perfeito estado,Faixa de pedestre,"","",Dupla,Canteiro central,"",""
363,2019-01-14T00:00:00,15:27:00,SEM VÍTIMA,FINALIZADA,BOA VIAGEM,RUA ANTONIO FALCAO,"",RUA MINISTRO NELSON HUNGRIA,POR TRÁS DO BRISTOL RECIFE HOTEL,RUA ANTONIO FALCAO,"",POR TRÁS DO BRISTOL RECIFE HOTEL,BOA VIAGEM,,"",COLISÃO TRASEIRA,COLISÃO SEM VÍTIMA,2,,,,,,,,,0,,Longo da via,Bom,Não existe,Perfeito estado,Seca,Perfeito estado,Não existe,Placas Pare,"",Única,Faixa contínua,"",""
364,2019-01-14T00:00:00,16:07:00,SEM VÍTIMA,FINALIZADA,IPSEP,RUA JEAN EMILE FAVRE,"",RUA DAVID PERNETA,"",RUA JEAN EMILE FAVRE,"","",IPSEP,,"",ABALROAMENTO TRANSVERSAL,DOIS AUTOS S/V,2,,,,,,,,,0,,Longo da via,Bom,Não existe,Perfeito estado,Seca,Perfeito estado,Não existe,Placas Pare,"",Dupla,Faixa contínua,"",""
365,2019-01-14T00:00:00,16:18:00,SEM VÍTIMA,FINALIZADA,AREIAS,AV DR JOSE RUFINO,423,"",EM FRENTE AO SHOPPING DE AREIAS,AV DR JOSE RUFINO,423,EM FRENTE AO SHOPPING DE AREIAS,AREIAS,,CIDADE,ABALROAMENTO TRANSVERSAL,COLISÃO SEM VÍTIMA,2,,,,,,,,,0,,Longo da via,Bom,Não existe,Perfeito estado,Seca,Perfeito estado,Não existe,Não há placas,"",Dupla,Faixa contínua,"",""
366,2019-01-14T00:00:00,17:56:00,SEM VÍTIMA,FINALIZADA,BAIRRO DO RECIFE,CAIS DO APOLO,"","",EM FRENTE AO FORTE DO BRUM,CAIS DO APOLO,"",EM FRENTE AO FORTE DO BRUM,BAIRRO DO RECIFE,,SUBURBIO,ABALROAMENTO LONGITUDINAL,COLISAO ENVOLVENDO DOIS AUTOS SEM VITIMA,2,,,,,,,,,0,,Longo da via,Bom,Não existe,Perfeito estado,Seca,Perfeito estado,Não existe,Outras,40 km/h,Dupla,Canteiro central,"",""
367,2019-01-14T00:00:00,18:50:00,SEM VÍTIMA,FINALIZADA,MADALENA,AV VISCONDE DE ALBUQUERQUE,123,RUA LOPES DE CARVALHO,DADÁ VEÍCULOS Nº 434,AV VISCONDE DE ALBUQUERQUE,123,DADÁ VEÍCULOS Nº 434,MADALENA,,SUBURBIO,ABALROAMENTO LONGITUDINAL,COLISÃO SEM VÍTIMA,2,,,,,,,,,0,,Longo da via,Bom,Não existe,Perfeito estado,Seca,Perfeito estado,Não existe,R-6a,"",Única,Faixa seccionada,"",""
368,2019-01-14T00:00:00,19:08:00,SEM VÍTIMA,FINALIZADA,AFOGADOS,EST DOS REMEDIOS,1238,"",SEMÁFORO Nº 394,EST DOS REMEDIOS,1238,SEMÁFORO Nº 394,AFOGADOS,394,SUBURBIO,ABALROAMENTO LONGITUDINAL,COLISÃO SEM VÍTIMA,1,,,,,1,,,,0,,Longo da via,Bom,Sem defeito,Perfeito estado,Seca,Perfeito estado,Faixa de pedestre,Outras,"",Única,Faixa seccionada,"",""
369,2019-01-14T00:00:00,19:10:00,COM VÍTIMA,FINALIZADA,AREIAS,AV DR JOSE RUFINO,1315,RUA DA CAPIVARA,"EM FRENTE A FARMACIA SANTA TEREZINHA, EM FRENTE AO PICANHA DOURADA, PROX DO SUPERMERCADO ARCO-MIX AREIAS",AV DR JOSE RUFINO,1315,"EM FRENTE A FARMACIA SANTA TEREZINHA, EM FRENTE AO PICANHA DOURADA, PROX DO SUPERMERCADO ARCO-MIX AREIAS",AREIAS,,"",COLISÃO FRONTAL,COLISÃO ENTRE AUTO E MOTO C/V,1,1,,,,,,,,1,,Esquina,Bom,Não existe,Perfeito estado,Seca,Perfeito estado,Não existe,Não há placas,"",Dupla,Faixa contínua,"",""
370,2019-01-14T00:00:00,20:37:00,SEM VÍTIMA,FINALIZADA,IPSEP,RUA JEAN EMILE FAVRE,862,"","EM FENTE AO SUPERMERCADO ARCO-MIX, EM FRENTE A FARMACIA PAGUE MENOS",RUA JEAN EMILE FAVRE,862,"EM FENTE AO SUPERMERCADO ARCO-MIX, EM FRENTE A FARMACIA PAGUE MENOS",IPSEP,,SUBURBIO,COLISÃO TRASEIRA,COLISÃO ENTRE TRÊS AUTOS S/V,3,,,,,,,,,0,,Longo da via,Bom,Não existe,Perfeito estado,Seca,Perfeito estado,Não existe,Não há placas,"",Dupla,Faixa contínua,Faixa seccionada,""
371,2019-01-14T00:00:00,21:45:00,SEM VÍTIMA,FINALIZADA,CORDEIRO,RUA CAMBUCI,124,"","",RUA CAMBUCI,124,"",CORDEIRO,,CIDADE,CHOQUE VEÍCULO PARADO,COLISÃO S/V,,1,,,,1,,,,0,,Longo da via,Bom,Não existe,Perfeito estado,Seca,Perfeito estado,Não existe,Não há placas,"",Única,Não existe,"",""
372,2019-01-14T00:00:00,21:49:00,SEM VÍTIMA,FINALIZADA,CASA AMARELA,RUA SANTA IZABEL,"",RUA DO UNIVERSO,"",RUA SANTA IZABEL,"","",CASA AMARELA,,CIDADE,ABALROAMENTO TRANSVERSAL,COLISÃO ENTRE UM AUTO E MOTO S/V,1,1,,,,,,,,0,,"",Bom,Não existe,Perfeito estado,Seca,Perfeito estado,Não existe,Outras,"",Única,Faixa seccionada,"",""
373,2019-01-14T00:00:00,23:44:00,SEM VÍTIMA,CANCELADA,TORRE,RUA ANAJANOPOLIS,1,RUA JORNALISTA LUIZ TEIXEIRA,EM FRENTE A BARRACA DO NANDO,RUA ANAJANOPOLIS,1,EM FRENTE A BARRACA DO NANDO,TORRE,,"",COLISÃO,COLISÃO ENTRE AUTO E MOTO C/V,1,1,,,,,,,,0,,"","","","","","","","","","","","",""
374,2019-01-15T00:00:00,04:05:00,SEM VÍTIMA,FINALIZADA,BOA VIAGEM,AV ENGENHEIRO DOMINGOS FERREIRA,"",RUA RIBEIRO DE BRITO,SEMÁFORO Nº 155,AV ENGENHEIRO DOMINGOS FERREIRA,"",SEMÁFORO Nº 155,BOA VIAGEM,155,SUBURBIO,ABALROAMENTO LONGITUDINAL,COLISÃO ENTRE DOIS AUTOS S/V,2,,,,,,,,,0,,Cruzamento,Bom,Sem defeito,Perfeito estado,Seca,Perfeito estado,Faixa de pedestre,Não há placas,"",Única,Faixa contínua,Faixa seccionada,Canteiro central
375,2019-01-15T00:00:00,06:28:00,SEM VÍTIMA,FINALIZADA,IPSEP,RUA DR RAPOSO PINTO,467,"",EM FRENTE AO EDIFICIO PARQUE BOQUEIRÃO,RUA DR RAPOSO PINTO,467,EM FRENTE AO EDIFICIO PARQUE BOQUEIRÃO,IPSEP,,"",COLISÃO,COLISÃO SEM VITIMAS,1,,,,,1,,,,0,,"","","","","","","","","","","","",""
376,2019-01-15T00:00:00,07:32:00,SEM VÍTIMA,FINALIZADA,BOA VIAGEM,AV BOA VIAGEM,3296,"",EM FRENTE AO EDF 14 BIS,AV BOA VIAGEM,3296,EM FRENTE AO EDF 14 BIS,BOA VIAGEM,547,SUBURBIO,COLISÃO TRASEIRA,SEM VITIMAS,2,,,,,,,,,0,,Longo da via,Bom,Sem defeito,Perfeito estado,Seca,Perfeito estado,Faixa de pedestre,Outras,"",Única,Faixa seccionada,"",""
377,2019-01-15T00:00:00,07:46:00,SEM VÍTIMA,FINALIZADA,PONTO DE PARADA,RUA PROFESSOR JERONIMO GUEIROS,37,RUA MEM DE SA,EM FRENTE FABRICA DA COCA COLA,RUA PROFESSOR JERONIMO GUEIROS,37,EM FRENTE FABRICA DA COCA COLA,PONTO DE PARADA,495,"",COLISÃO TRASEIRA,COLISÃO SEM VITIMAS,2,,,,,,,,,0,,Cruzamento,Bom,Sem defeito,Perfeito estado,Seca,Perfeito estado,"",Não há placas,"",Única,Não existe,"",""
378,2019-01-15T00:00:00,08:14:00,SEM VÍTIMA,FINALIZADA,IMBIRIBEIRA,AV MARECHAL MASCARENHAS DE MORAES,7935,"","",AV MARECHAL MASCARENHAS DE MORAES,7935,"",IMBIRIBEIRA,,CIDADE,ABALROAMENTO TRANSVERSAL,SEM VITIMAS,1,1,,,,,,,,0,,"",Nublado,Não existe,Perfeito estado,Seca,Perfeito estado,Não existe,Não há placas,60 km/h,Dupla,Canteiro central,"",""
379,2019-01-15T00:00:00,08:31:00,COM VÍTIMA,FINALIZADA,CAXANGÁ,AV CAXANGA,4695,"",EM FRENTE AO GOLF CLUB,AV CAXANGA,4695,EM FRENTE AO GOLF CLUB,CAXANGÁ,,CIDADE,ABALROAMENTO LONGITUDINAL,SEM VITIMAS,1,1,,,,,,,,2,,Longo da via,Bom,Não existe,Perfeito estado,Seca,Perfeito estado,Não existe,R-6a,"",Dupla,Faixa seccionada,"",""
380,2019-01-15T00:00:00,09:11:00,SEM VÍTIMA,FINALIZADA,AFOGADOS,RUA DA PAZ,"","",SEMÁFORO Nº 076,RUA DA PAZ,"",SEMÁFORO Nº 076,AFOGADOS,,"",COLISÃO TRASEIRA,SEM VITIMAS,2,,,,,,,,,0,,Cruzamento,Bom,Sem defeito,Perfeito estado,Seca,Perfeito estado,"",Outras,"",Única,Faixa contínua,"",""
381,2019-01-15T00:00:00,09:53:00,SEM VÍTIMA,CANCELADA,MACAXEIRA,AV JOSE AMERICO DE ALMEIDA,79,"",EM FRENTE AO MERCADINHO BELA VISTA,AV JOSE AMERICO DE ALMEIDA,79,EM FRENTE AO MERCADINHO BELA VISTA,MACAXEIRA,,"",COLISÃO,COLISÃO SEM VITIMAS,1,,,,,1,,,,0,,"","","","","","","","","","","","",""
382,2019-01-15T00:00:00,10:01:00,SEM VÍTIMA,FINALIZADA,ESPINHEIRO,RUA BARAO DE ITAMARACA,379,"",CULTURA INGLESA,RUA BARAO DE ITAMARACA,379,CULTURA INGLESA,ESPINHEIRO,,"",ABALROAMENTO TRANSVERSAL,COLISÃO SEM VITIMAS,2,,,,,,,,,0,,Longo da via,Bom,Não existe,Não existente,Seca,Perfeito estado,Não existe,Não há placas,"",Dupla,Faixa seccionada,"",""