_id,DATA,hora,natureza_acidente,situacao,bairro,endereco,numero,detalhe_endereco_acidente,complemento,endereco_cruzamento,numero_cruzamento,referencia_cruzamento,bairro_cruzamento,num_semaforo,sentido_via,tipo,descricao,auto,moto,ciclom,ciclista,pedestre,onibus,caminhao,viatura,outros,vitimas,vitimasfatais,acidente_verificado,tempo_clima,situacao_semaforo,sinalizacao,condicao_via,conservacao_via,ponto_controle,situacao_placa,velocidade_max_via,mao_direcao,divisao_via1,divisao_via2,divisao_via3
494,2019-01-20T00:00:00,12:23:00,SEM VÍTIMA,FINALIZADA,BARRO,AV JORNALISTA COSTA PORTO,1065,"","",AV JORNALISTA COSTA PORTO,1065,"",BARRO,,"",COLISÃO,AUTO E MOTO S/V,1,1,,,,,,,,0,,"","","","","","","","","","","","",""
495,2019-01-20T00:00:00,13:35:00,SEM VÍTIMA,FINALIZADA,MADALENA,AV CAXANGA,"","",PRÓXIMO AO MUSEU DA ABOLIÇÃO,AV CAXANGA,"",PRÓXIMO AO MUSEU DA ABOLIÇÃO,MADALENA,,CIDADE,ABALROAMENTO LONGITUDINAL,ENTRE DOIS AUTOS S/V,2,,,,,,,,,0,,Longo da via,Bom,Não existe,Perfeito estado,Seca,Perfeito estado,Não existe,"","",Única,Faixa seccionada,"",""
496,2019-01-20T00:00:00,14:12:00,COM VÍTIMA,FINALIZADA,ARRUDA,AV BEBERIBE,875,"","PROX. AO CAMPO DO ARRUDA, E AO LADO DO LOJAO DO PETROLEO",AV BEBERIBE,875,"PROX. AO CAMPO DO ARRUDA, E AO LADO DO LOJAO DO PETROLEO",ARRUDA,,CIDADE,ABALROAMENTO LONGITUDINAL,AUTO E MOTO C/V,1,1,,,,,,,,1,,Longo da via,Bom,Não existe,Perfeito estado,Seca,Perfeito estado,Não existe,R-6a,"",Dupla,Faixa contínua,Faixa seccionada,""
497,2019-01-20T00:00:00,15:07:00,COM VÍTIMA,FINALIZADA,ENCRUZILHADA,AV NORTE,"",AV JOAO DE BARROS,EM FRENTE AO SANTADER,AV NORTE,"",EM FRENTE AO SANTADER,ENCRUZILHADA,43,SUBURBIO,ABALROAMENTO TRANSVERSAL,AUTO E MOTO C/V,1,1,,,,,,,,1,,Cruzamento,Bom,Sem defeito,Perfeito estado,Seca,Perfeito estado,Faixa de pedestre,"",60 km/h,Única,Faixa,Canteiro central,""
498,2019-01-20T00:00:00,16:43:00,SEM VÍTIMA,CANCELADA,CAXANGÁ,RUA RIBEIRO PESSOA,"","",APÓS O MOTEL TURQUESA E PROXIMO AO MOTEL PARAISO/ SENTIDO DOIS IRMÃOS,RUA RIBEIRO PESSOA,"",APÓS O MOTEL TURQUESA E PROXIMO AO MOTEL PARAISO/ SENTIDO DOIS IRMÃOS,CAXANGÁ,,"",COLISÃO,COLISÃO SEM VÍTIMA,,,,,,,,,,0,,"","","","","","","","","","","","",""
499,2019-01-20T00:00:00,17:06:00,SEM VÍTIMA,FINALIZADA,AFOGADOS,RUA COSME VIANA,545,"",EM FRENTE A PEDRAGON,RUA COSME VIANA,545,EM FRENTE A PEDRAGON,AFOGADOS,,CIDADE,ABALROAMENTO LONGITUDINAL,COLISÃO SEM VÍTIMA,2,,,,,,,,,0,,Longo da via,Bom,Com defeito,Perfeito estado,Seca,Perfeito estado,Não existe,Outras,"",Única,Faixa contínua,"",""
500,2019-01-20T00:00:00,22:35:00,SEM VÍTIMA,FINALIZADA,BOA VIAGEM,RUA BALTAZAR PASSOS,"",RUA PROFESSOR AUGUSTO LINS E SILVA,PROX. A PANIFICADORA PAN JOVEM,RUA BALTAZAR PASSOS,"",PROX. A PANIFICADORA PAN JOVEM,BOA VIAGEM,,CIDADE,CHOQUE OBJETO FIXO,COLISÃO COM POSTE,1,,,,,,,,,0,,Cruzamento,Bom,Não existe,Perfeito estado,Seca,Perfeito estado,Faixa de pedestre,"","",Única,Faixa seccionada,"",""
501,2019-01-21T00:00:00,06:39:00,SEM VÍTIMA,CANCELADA,BOA VIAGEM,AV BOA VIAGEM,4298,"",EM FRENTE AO EDF RHODS,AV BOA VIAGEM,4298,EM FRENTE AO EDF RHODS,BOA VIAGEM,,"",COLISÃO,SEM VITIMAS,1,1,,,,,,,,0,,"","","","","","","","","","","","",""
502,2019-01-21T00:00:00,06:47:00,SEM VÍTIMA,FINALIZADA,AREIAS,AV RECIFE,578,AV TAPAJOS,"",AV RECIFE,578,"",AREIAS,620,SUBURBIO,ABALROAMENTO LONGITUDINAL,SEM VÍTIMAS,1,,,1,,,,,,0,,Cruzamento,Bom,Sem defeito,Perfeito estado,Seca,Perfeito estado,Faixa de pedestre,R-6a,"",Dupla,Faixa seccionada,"",""
503,2019-01-21T00:00:00,07:04:00,COM VÍTIMA,FINALIZADA,SANTO ANTÔNIO,PTE SEIS DE MARCO,"","",SOBRE A PONTE VELHA,PTE SEIS DE MARCO,"",SOBRE A PONTE VELHA,SANTO ANTÔNIO,,CIDADE,ABALROAMENTO TRANSVERSAL,"COM UMA VITIMA ,JA SOCORRIDA PELOS BOMBEIROS,CTTU NO LOCAL 11/13 MOTOS",1,1,,,,,,,,1,,Longo da via,Bom,Não existe,Perfeito estado,Seca,Perfeito estado,Não existe,Outras,"",Única,Faixa,"",""
504,2019-01-21T00:00:00,08:31:00,SEM VÍTIMA,FINALIZADA,SÃO JOSÉ,AV SUL,"","",SOB O VIADUTO DAS CINCO PONTAS,AV SUL,"",SOB O VIADUTO DAS CINCO PONTAS,SÃO JOSÉ,72,CIDADE,COLISÃO TRASEIRA,DOIS AUTOS,2,,,,,,,,,0,,Longo da via,Bom,Sem defeito,Perfeito estado,Seca,Perfeito estado,Faixa de pedestre,Não há placas,"",Única,Faixa seccionada,"",""
505,2019-01-21T00:00:00,08:34:00,SEM VÍTIMA,FINALIZADA,BOA VIAGEM,AV DES JOSE NEVES,563,"",EM FRENTE A IGREJA UNIVERSAL,AV DES JOSE NEVES,563,EM FRENTE A IGREJA UNIVERSAL,BOA VIAGEM,,CIDADE,COLISÃO TRASEIRA,COLISÃO SEM VITIMAS,3,,,,,,,,,0,,Longo da via,Bom,Não existe,Perfeito estado,Seca,Perfeito estado,Não existe,Não há placas,"",Dupla,Faixa seccionada,Canal,""
506,2019-01-21T00:00:00,08:39:00,SEM VÍTIMA,FINALIZADA,DERBY,RUA JENER DE SOUZA,"","",E/F A ANTIGA ESCOLA DE MEDICINA DA UFPE.,RUA JENER DE SOUZA,"",E/F A ANTIGA ESCOLA DE MEDICINA DA UFPE.,DERBY,412,CIDADE,COLISÃO TRASEIRA,SEM VÍTIMAS. BATEDORES NO LOCAL.,2,,,,,,,,,0,,Longo da via,Bom,Sem defeito,Perfeito estado,Seca,Perfeito estado,Faixa de pedestre,Não há placas,40 km/h,Dupla,Canteiro central,"",""
507,2019-01-21T00:00:00,08:42:00,COM VÍTIMA,FINALIZADA,APIPUCOS,AV DEZESSETE DE AGOSTO,685,"",LAGOA DE APIPUCOS.,AV DEZESSETE DE AGOSTO,685,LAGOA DE APIPUCOS.,APIPUCOS,,SUBURBIO,ABALROAMENTO LONGITUDINAL,AUTO E MOTO,1,1,,,,,,,,1,,Longo da via,Bom,Não existe,Perfeito estado,Seca,Perfeito estado,Não existe,R-6a,"",Dupla,Faixa contínua,"",""
508,2019-01-21T00:00:00,08:44:00,SEM VÍTIMA,FINALIZADA,BOA VIAGEM,RUA AMAZONAS,1177,AV CONSELHEIRO AGUIAR,ESQUINA COM A N. SA DO LORETO,RUA AMAZONAS,1177,ESQUINA COM A N. SA DO LORETO,BOA VIAGEM,,CIDADE,ABALROAMENTO LONGITUDINAL,COLISÃO SEM VITIMAS,2,,,,,,,,,0,,Longo da via,Bom,Não existe,Perfeito estado,Seca,Perfeito estado,Não existe,Placas Pare,"",Única,Não existe,"",""
509,2019-01-21T00:00:00,09:26:00,COM VÍTIMA,FINALIZADA,SANTO ANTÔNIO,AV MARTINS DE BARROS,"",PRC DA REPUBLICA,EM FRENTE A SECRETARIA DA FAZENDA ESTADUAL,AV MARTINS DE BARROS,"",EM FRENTE A SECRETARIA DA FAZENDA ESTADUAL,SANTO ANTÔNIO,,SUBURBIO,COLISÃO TRASEIRA,COLISÃO SEM VITIMAS,2,,,,,1,,,,1,,Longo da via,Bom,Sem defeito,Perfeito estado,Seca,Perfeito estado,Faixa de pedestre,"","",Única,Faixa,"",""
510,2019-01-21T00:00:00,09:37:00,SEM VÍTIMA,FINALIZADA,PINA,AV CONSELHEIRO AGUIAR,"",AV HERCULANO BANDEIRA,EM FRENTE AO RESTAURANTE PIZZA CLOCK,AV CONSELHEIRO AGUIAR,"",EM FRENTE AO RESTAURANTE PIZZA CLOCK,PINA,138,CIDADE,ABALROAMENTO LONGITUDINAL,COLISÃO SEM VITIMAS,2,,,,,,,,,0,,Longo da via,Bom,Sem defeito,Perfeito estado,Seca,Perfeito estado,Agente,Não há placas,60 km/h,Única,Faixa seccionada,"",""
511,2019-01-21T00:00:00,09:37:00,SEM VÍTIMA,FINALIZADA,DOIS IRMÃOS,RUA MANUEL DE MEDEIROS,314,"","",RUA MANUEL DE MEDEIROS,314,"",DOIS IRMÃOS,,SUBURBIO,COLISÃO TRASEIRA,DOIS AUTOS,2,,,,,,,,,0,,Longo da via,Bom,Não existe,Perfeito estado,Seca,Perfeito estado,Não existe,Não há placas,60 km/h,Dupla,Faixa contínua,"",""
512,2019-01-21T00:00:00,10:08:00,SEM VÍTIMA,CANCELADA,SÃO JOSÉ,AV SUL,"","",PROXIMO AO VIATUDO,AV SUL,"",PROXIMO AO VIATUDO,SÃO JOSÉ,,CIDADE,COLISÃO,COLISÃO SEM VITIMA,1,,,,,,1,,,0,,"","","","","","","","","","","","",""
513,2019-01-21T00:00:00,10:25:00,COM VÍTIMA,FINALIZADA,PRADO,RUA PADRE TEOFILO TWORZ,295,RUA SANTA EDWIRGES,EM FRENTE A IGREJA PREBISTERIANA DO PRADO,RUA PADRE TEOFILO TWORZ,295,EM FRENTE A IGREJA PREBISTERIANA DO PRADO,PRADO,,CIDADE,ABALROAMENTO TRANSVERSAL,COLISÃO COM VITIMA SOCORRIDO PELO SAMU,2,1,,,,,,,,1,,Cruzamento,Bom,Não existe,Incompleta,Seca,Perfeito estado,Não existe,Não há placas,"",Dupla,Não existe,"",""
514,2019-01-21T00:00:00,10:31:00,COM VÍTIMA,FINALIZADA,APIPUCOS,RUA DE APIPUCOS,"","",PARQUE APIPUCOS.,RUA DE APIPUCOS,"",PARQUE APIPUCOS.,APIPUCOS,,CIDADE,COLISÃO TRASEIRA,"COM UMA VITIMA ,SAMU NO LOCAL VT 13 CTTU NO LOCAL",1,1,,,,,,,,1,,Longo da via,Bom,Não existe,Perfeito estado,Seca,Perfeito estado,Não existe,Outras,60 km/h,Dupla,Faixa,"",""
515,2019-01-21T00:00:00,10:53:00,SEM VÍTIMA,FINALIZADA,CASA AMARELA,RUA PADRE LEMOS,150,"",CASA VALÉRIA,RUA PADRE LEMOS,150,CASA VALÉRIA,CASA AMARELA,,SUBURBIO,COLISÃO TRASEIRA,COLISÃO SEM VITIMAS,2,,,,,,,,,0,,Longo da via,Bom,Não existe,Perfeito estado,Seca,Perfeito estado,Não existe,Outras,"",Dupla,Faixa contínua,"",""
516,2019-01-21T00:00:00,11:05:00,COM VÍTIMA,FINALIZADA,SANTO AMARO,AV DR JAYME DA FONTE,"","",NA CURVA AO LADO DO HOSPITAL NAVAL/SENTIDO OLINDA,AV DR JAYME DA FONTE,"",NA CURVA AO LADO DO HOSPITAL NAVAL/SENTIDO OLINDA,SANTO AMARO,343,SUBURBIO,COLISÃO COM CICLISTA,SAMU NO LOCAL,1,,,1,,,,,,1,,Longo da via,Bom,Sem defeito,Perfeito estado,Seca,Perfeito estado,Não existe,Não há placas,60 km/h,Dupla,Faixa seccionada,Canteiro central,""
517,2019-01-21T00:00:00,11:06:00,SEM VÍTIMA,FINALIZADA,TEJIPIÓ,RUA GENERAL MANUEL RABELO,338,"","",RUA GENERAL MANUEL RABELO,338,"",TEJIPIÓ,,SUBURBIO,COLISÃO TRASEIRA,SEM VÍTIMAS.,2,,,,,,,,,0,,Longo da via,Bom,Não existe,Perfeito estado,Seca,Perfeito estado,Não existe,"","",Dupla,Faixa contínua,"",""
518,2019-01-21T00:00:00,11:12:00,SEM VÍTIMA,FINALIZADA,BOA VISTA,AV GOVERNADOR AGAMENON MAGALHAES,"",RUA JOAO FERNANDES VIEIRA,"",AV GOVERNADOR AGAMENON MAGALHAES,"","",BOA VISTA,37,"",ABALROAMENTO LONGITUDINAL,COLISÃO SEM VITIMAS,1,,,,,1,,,,0,,"",Bom,Sem defeito,Perfeito estado,Seca,Perfeito estado,Outros,Outras,60 km/h,Única,Outros,"",""
519,2019-01-21T00:00:00,11:40:00,SEM VÍTIMA,FINALIZADA,BOA VIAGEM,AV ENGENHEIRO DOMINGOS FERREIRA,"","",EM FRENTE A FAMÍLIA JULIANO/ LADO OPOSTO AO Nº 4023,AV ENGENHEIRO DOMINGOS FERREIRA,"",EM FRENTE A FAMÍLIA JULIANO/ LADO OPOSTO AO Nº 4023,BOA VIAGEM,,SUBURBIO,COLISÃO TRASEIRA,4 AUTOS,4,,,,,,,,,0,,Longo da via,Bom,Sem defeito,Perfeito estado,Seca,Perfeito estado,Não existe,Não há placas,60 km/h,Única,Canteiro central,"",""
520,2019-01-21T00:00:00,11:52:00,SEM VÍTIMA,CANCELADA,CASA FORTE,AV DEZESSETE DE AGOSTO,976,"",E/F AO EDF. CARMEL PARK,AV DEZESSETE DE AGOSTO,976,E/F AO EDF. CARMEL PARK,CASA FORTE,389,"",COLISÃO,SE MVÍTIMAS,2,,,,,,,,,0,,"","","","","","","","","","","","",""
521,2019-01-21T00:00:00,12:12:00,SEM VÍTIMA,FINALIZADA,IMBIRIBEIRA,VIADUTO TANCREDO NEVES,"","",EM CIMA DO VIADUTO,VIADUTO TANCREDO NEVES,"",EM CIMA DO VIADUTO,IMBIRIBEIRA,,"",ABALROAMENTO LONGITUDINAL,COLISAO ENTRE CAMINHAO E AUTO S/V,1,,,,,,1,,,0,,Viaduto,Bom,Não existe,Não existente,Seca,Perfeito estado,Não existe,Não há placas,"",Dupla,Faixa seccionada,"",""
522,2019-01-21T00:00:00,12:20:00,SEM VÍTIMA,FINALIZADA,BOA VIAGEM,RUA MARIA CAROLINA,387,"",EDF MAISON GAUDI,RUA MARIA CAROLINA,387,EDF MAISON GAUDI,BOA VIAGEM,,CIDADE,ABALROAMENTO LONGITUDINAL,DOIS AUTOS S/V,2,,,,,,,,,0,,Longo da via,Bom,Não existe,Perfeito estado,Seca,Perfeito estado,Não existe,Não há placas,30 km/h,Única,Não existe,"",""
523,2019-01-21T00:00:00,13:17:00,SEM VÍTIMA,FINALIZADA,AFOGADOS,RUA DA PAZ,94,"",AO LADO DA IGREJA MATRIZ DE AFOGADOS,RUA DA PAZ,94,AO LADO DA IGREJA MATRIZ DE AFOGADOS,AFOGADOS,,SUBURBIO,ABALROAMENTO LONGITUDINAL,COLISAO ENTRE ONIBUS E AUTO S/V,1,,,,,1,,,,0,,Longo da via,Bom,Sem defeito,Perfeito estado,Seca,Perfeito estado,Faixa de pedestre,Outras,"","","","",""
524,2019-01-21T00:00:00,14:14:00,COM VÍTIMA,CANCELADA,MANGUEIRA,RUA VINTE E UM DE ABRIL,1321,"",EM FRENTE A PIZZARIA ROCKY PIZZAS,RUA VINTE E UM DE ABRIL,1321,EM FRENTE A PIZZARIA ROCKY PIZZAS,MANGUEIRA,,"",COLISÃO,AUTO E MOTO C/V,1,1,,,,,,,,1,,"","","","","","","","","","","","",""
525,2019-01-21T00:00:00,14:22:00,SEM VÍTIMA,FINALIZADA,ESPINHEIRO,RUA BARAO DE ITAMARACA,"",RUA CONS PORTELA,CRUZAMENTO DAS RUAS,RUA BARAO DE ITAMARACA,"",CRUZAMENTO DAS RUAS,ESPINHEIRO,464,SUBURBIO,ABALROAMENTO LONGITUDINAL,COLISÃO SEM VÍTIMA,2,,,,,,,,,0,,Cruzamento,Bom,Sem defeito,Perfeito estado,Seca,Perfeito estado,Faixa de pedestre,Outras,"",Dupla,Faixa contínua,"",""
526,2019-01-21T00:00:00,14:23:00,SEM VÍTIMA,FINALIZADA,SÃO JOSÉ,RUA FLORIANO PEIXOTO,"",RUA DO PEIXOTO,"",RUA FLORIANO PEIXOTO,"","",SÃO JOSÉ,,SUBURBIO,ABALROAMENTO LONGITUDINAL,COLISAO ENTRE ONIBUS E MOTO S/V,,1,,,,1,,,,0,,Cruzamento,Bom,Não existe,Incompleta,Seca,Perfeito estado,Não existe,Não há placas,"",Única,Não existe,"",""
527,2019-01-21T00:00:00,14:44:00,SEM VÍTIMA,FINALIZADA,PINA,AV CONSELHEIRO AGUIAR,355,"","",AV CONSELHEIRO AGUIAR,355,"",PINA,,CIDADE,ABALROAMENTO LONGITUDINAL,COLISAO ENTRE AUTO E MOTO S/V,1,1,,,,,,,,0,,Longo da via,Bom,Não existe,Perfeito estado,Seca,Perfeito estado,Outros,Outras,60 km/h,Única,Faixa contínua,Faixa seccionada,""
528,2019-01-21T00:00:00,15:07:00,SEM VÍTIMA,FINALIZADA,PINA,AV CONSELHEIRO AGUIAR,138,"","",AV CONSELHEIRO AGUIAR,138,"",PINA,,"",COLISÃO TRASEIRA,COLISAO ENTRE DOIS AUTOS S/V,2,,,,,,,,,0,,Longo da via,Bom,Não existe,Perfeito estado,Seca,Perfeito estado,Não existe,R-6b,"",Única,Faixa seccionada,"",""
529,2019-01-21T00:00:00,15:31:00,SEM VÍTIMA,FINALIZADA,CASA AMARELA,RUA PAULA BATISTA,"","",LADO OPOSTO A AGENCIA NACIONAL DE MINERAÇÃO,RUA PAULA BATISTA,"",LADO OPOSTO A AGENCIA NACIONAL DE MINERAÇÃO,CASA AMARELA,,SUBURBIO,COLISÃO TRASEIRA,COLISÃO SEM VÍTIMA,2,,,,,,,,,0,,Longo da via,Bom,Não existe,Incompleta,Seca,Perfeito estado,Não existe,Outras,"",Dupla,Não existe,"",""
530,2019-01-21T00:00:00,16:50:00,VÍTIMA FATAL,FINALIZADA,TORRE,RUA COMPOSITOR JOAO SANTIAGO,6,"",III DISTRITO SANITÁRIO,RUA COMPOSITOR JOAO SANTIAGO,6,III DISTRITO SANITÁRIO,TORRE,,"",ATROPELAMENTO,AUTO E PEDESTRE,1,,,,2,,,,,1,1,Longo da via,Bom,Não existe,Perfeito estado,Seca,Perfeito estado,Não existe,Não há placas,"",Dupla,Não existe,"",""
531,2019-01-21T00:00:00,17:08:00,SEM VÍTIMA,FINALIZADA,BAIRRO DO RECIFE,"","","",SOBRE A PONTE 12 DE SETEMBRO,"","",SOBRE A PONTE 12 DE SETEMBRO,BAIRRO DO RECIFE,,SUBURBIO,ABALROAMENTO LONGITUDINAL,COLISÃO SEM VÍTIMA,1,,,,,1,,,,0,,Ponte,Bom,Não existe,Perfeito estado,Seca,Perfeito estado,Não existe,Não há placas,"",Única,Faixa seccionada,Canteiro central,""
532,2019-01-21T00:00:00,17:28:00,SEM VÍTIMA,CANCELADA,CAMPO GRANDE,EST DE BELEM,100,"",E/F AO BAR O PORTAL,EST DE BELEM,100,E/F AO BAR O PORTAL,CAMPO GRANDE,,"",COLISÃO,COLISAO ENTRE TRES AUTOS S/V,3,,,,,,,,,0,,"","","","","","","","","","","","",""
533,2019-01-21T00:00:00,17:39:00,SEM VÍTIMA,FINALIZADA,BOA VIAGEM,AV CONSELHEIRO AGUIAR,"",RUA RIBEIRO DE BRITO,EM FRENTE AO POSTO BR,AV CONSELHEIRO AGUIAR,"",EM FRENTE AO POSTO BR,BOA VIAGEM,147,"",COLISÃO,AUTO E ONIBUS DA VERA CRUZ,1,,,,,1,,,,0,,"","","","","","","","","","","","",""
534,2019-01-21T00:00:00,17:47:00,COM VÍTIMA,FINALIZADA,ÁGUA FRIA,AV BEBERIBE,2491,"",EM FRENTE AO POSTO BR,AV BEBERIBE,2491,EM FRENTE AO POSTO BR,ÁGUA FRIA,,"",ABALROAMENTO LONGITUDINAL,AUTO E MOTO C/V,1,1,,,,,,,,1,,Longo da via,Bom,Não existe,Perfeito estado,Seca,Perfeito estado,Não existe,Outras,"",Dupla,Faixa seccionada,"",""
535,2019-01-21T00:00:00,17:55:00,SEM VÍTIMA,FINALIZADA,MANGUEIRA,AV DR JOSE RUFINO,1312,"",EM FRENTE AO RESTAURANTE BODE DO NÔ,AV DR JOSE RUFINO,1312,EM FRENTE AO RESTAURANTE BODE DO NÔ,MANGUEIRA,392,CIDADE,ABALROAMENTO LONGITUDINAL,COLISÃO SEM VITIMA,2,,,,,,,,,0,,Longo da via,Bom,Sem defeito,Perfeito estado,Seca,Perfeito estado,Faixa de pedestre,Não há placas,"",Dupla,Faixa contínua,"",""
536,2019-01-21T00:00:00,18:25:00,SEM VÍTIMA,CANCELADA,DERBY,AV GOVERNADOR AGAMENON MAGALHAES,"","",ESQUINA COM O HR,AV GOVERNADOR AGAMENON MAGALHAES,"",ESQUINA COM O HR,DERBY,,"",COLISÃO,COLISÃO S/V GUARDAS NO LOCAL,2,,,,,,,,,0,,"","","","","","","","","","","","",""
537,2019-01-21T00:00:00,20:40:00,SEM VÍTIMA,FINALIZADA,CASA AMARELA,RUA DA HARMONIA,"",RUA CONS NABUCO,E/F A FARMÁCIA INDEPENDENTE,RUA DA HARMONIA,"",E/F A FARMÁCIA INDEPENDENTE,CASA AMARELA,,SUBURBIO,ABALROAMENTO TRANSVERSAL,ENTRE 2 AUTOS. S/V,2,,,,,,,,,0,,Cruzamento,Bom,Não existe,Perfeito estado,Seca,Perfeito estado,Faixa de pedestre,"","",Dupla,Faixa contínua,"",""
538,2019-01-21T00:00:00,19:25:00,SEM VÍTIMA,CANCELADA,CAXANGÁ,AV CAXANGA,350,"",MARTELINHO DE OURO/,AV CAXANGA,350,MARTELINHO DE OURO/,CAXANGÁ,,"",COLISÃO,COLISÃO SEM VITIMA/ IDOSA NO VEICULO,1,,,,,1,,,,0,,"","","","","","","","","","","","",""
539,2019-01-31T00:00:00,18:15:00,COM VÍTIMA,FINALIZADA,CORDEIRO,AV INACIO MONTEIRO,"",RUA DR MIGUEL VIEIRA FERREIRA,SEMAFORO 566/ DROGARIA CORDEIRO,AV INACIO MONTEIRO,"",SEMAFORO 566/ DROGARIA CORDEIRO,CORDEIRO,566,SUBURBIO,COLISÃO FRONTAL,COLISÃO COM VITIMA,1,1,,,,,,,,1,,Cruzamento,Bom,Sem defeito,Perfeito estado,Seca,"",Faixa de pedestre,"",40 km/h,Dupla,Faixa,"",""
540,2019-01-21T00:00:00,20:07:00,SEM VÍTIMA,CANCELADA,TORRÕES,RUA ILEXUINA,"","",TERMINAL DE RODA DE FOGO,RUA ILEXUINA,"",TERMINAL DE RODA DE FOGO,TORRÕES,,"",COLISÃO,COLISÃO S/V,2,,,,,,,,,0,,"","","","","","","","","","","","",""
541,2019-01-22T00:00:00,07:09:00,SEM VÍTIMA,FINALIZADA,IBURA,AV DOIS RIOS,612,"","E/F ACESSE EMPREENDIMENTOS, SENTIDO BR 101",AV DOIS RIOS,612,"E/F ACESSE EMPREENDIMENTOS, SENTIDO BR 101",IBURA,325,"",COLISÃO,SEM VÍTIMAS,2,,,,,,,,,0,,"","","","","","","","","","","","",""
542,2019-01-22T00:00:00,08:26:00,SEM VÍTIMA,FINALIZADA,ESPINHEIRO,RUA SAO SALVADOR,"","",AO LADO DO Nº 3188,RUA SAO SALVADOR,"",AO LADO DO Nº 3188,ESPINHEIRO,,"",ABALROAMENTO LONGITUDINAL,ENTRE AUTOS S/V.,3,,,,,,,,,0,,Longo da via,Chuvoso,Não existe,Perfeito estado,Molhada,Perfeito estado,Não existe,Não há placas,"",Única,Não existe,"",""
543,2019-01-22T00:00:00,08:42:00,SEM VÍTIMA,FINALIZADA,DERBY,AV GOVERNADOR AGAMENON MAGALHAES,"",RUA HENRIQUE DIAS,FARMACIA PAGUE MENOS,AV GOVERNADOR AGAMENON MAGALHAES,"",FARMACIA PAGUE MENOS,DERBY,68,CIDADE,COLISÃO TRASEIRA,SEM VITIMAS,2,1,,,,,,,,0,,Cruzamento,Chuvoso,Sem defeito,Perfeito estado,Molhada,Perfeito estado,Faixa de pedestre,Outras,60 km/h,Única,Faixa seccionada,"",""
544,2019-01-22T00:00:00,08:43:00,SEM VÍTIMA,FINALIZADA,IPSEP,AV RECIFE,"","",APÓS O SEMÁFORO 055- DEFRONTE PARA O POSTO SHELL COMBUSTÍVEL,AV RECIFE,"",APÓS O SEMÁFORO 055- DEFRONTE PARA O POSTO SHELL COMBUSTÍVEL,IPSEP,,"",COLISÃO TRASEIRA,TRES AUTOS,3,,,,,,,,,0,,Longo da via,Chuvoso,Sem defeito,Incompleta,Molhada,Perfeito estado,Agente,Não há placas,50 km/h,Dupla,Canteiro central,"",""
545,2019-01-22T00:00:00,08:55:00,SEM VÍTIMA,FINALIZADA,SANTO AMARO,AV CRUZ CABUGA,"","",HOSPITAL NAVAL,AV CRUZ CABUGA,"",HOSPITAL NAVAL,SANTO AMARO,,CIDADE,ABALROAMENTO LONGITUDINAL,DOOIS AUTOS,2,,,,,,,,,0,,Longo da via,Chuvoso,Sem defeito,Perfeito estado,Molhada,Perfeito estado,"",R-6a,"",Dupla,Faixa contínua,"",""
546,2019-01-22T00:00:00,09:08:00,SEM VÍTIMA,FINALIZADA,JARDIM SÃO PAULO,AV RECIFE,"","",APÓS O SEMÁFORO 261,AV RECIFE,"",APÓS O SEMÁFORO 261,JARDIM SÃO PAULO,,SUBURBIO,ABALROAMENTO LONGITUDINAL,COM UMA VÍTIMA EM ATENDIMENTO PELO SAMU,1,1,,,,,,,,0,,Longo da via,Chuvoso,Sem defeito,Perfeito estado,Molhada,Perfeito estado,Faixa de pedestre,Outras,60 km/h,Única,Faixa seccionada,Canteiro central,""
547,2019-01-22T00:00:00,09:10:00,SEM VÍTIMA,FINALIZADA,MONTEIRO,AV DR EURICO CHAVES,"","",AO LADO DO Nº 5036,AV DR EURICO CHAVES,"",AO LADO DO Nº 5036,MONTEIRO,,"",CHOQUE VEÍCULO PARADO,SEM VITIMAS,2,,,,,,,,,0,,Longo da via,Chuvoso,Não existe,Não existente,Molhada,Perfeito estado,Não existe,R-6a,30 km/h,Dupla,Não existe,"",""
548,2019-01-22T00:00:00,09:13:00,SEM VÍTIMA,FINALIZADA,TORRE,RUA FLORIANO FRANCISCO DE OLIVEIRA,320,"","",RUA FLORIANO FRANCISCO DE OLIVEIRA,320,"",TORRE,,SUBURBIO,ABALROAMENTO TRANSVERSAL,DOIS AUTOS,2,,,,,,,,,0,,"",Chuvoso,Não existe,Ilegível,Molhada,Perfeito estado,Não existe,Não há placas,"",Dupla,Não existe,"",""
549,2019-01-22T00:00:00,09:27:00,SEM VÍTIMA,FINALIZADA,BAIRRO DO RECIFE,CAIS DO APOLO,"","",SOB O SEMÁFORO 430,CAIS DO APOLO,"",SOB O SEMÁFORO 430,BAIRRO DO RECIFE,436,CIDADE,COLISÃO TRASEIRA,DOIS AUTOS,2,,,,,,,,,0,,Longo da via,Chuvoso,Sem defeito,Perfeito estado,Molhada,Perfeito estado,Faixa de pedestre,Outras,"",Dupla,Faixa contínua,"",""