_id,DATA,hora,natureza_acidente,situacao,bairro,endereco,numero,detalhe_endereco_acidente,complemento,endereco_cruzamento,numero_cruzamento,referencia_cruzamento,bairro_cruzamento,num_semaforo,sentido_via,tipo,descricao,auto,moto,ciclom,ciclista,pedestre,onibus,caminhao,viatura,outros,vitimas,vitimasfatais,acidente_verificado,tempo_clima,situacao_semaforo,sinalizacao,condicao_via,conservacao_via,ponto_controle,situacao_placa,velocidade_max_via,mao_direcao,divisao_via1,divisao_via2,divisao_via3
550,2019-01-22T00:00:00,09:39:00,SEM VÍTIMA,FINALIZADA,ILHA JOANA BEZERRA,AV GOVERNADOR AGAMENON MAGALHAES,"","",ANTES DA SUBIDA DA PONTE JOSÉ DE BARROS LIMA,AV GOVERNADOR AGAMENON MAGALHAES,"",ANTES DA SUBIDA DA PONTE JOSÉ DE BARROS LIMA,ILHA JOANA BEZERRA,,CIDADE,COLISÃO TRASEIRA,DOIS AUTOS,2,1,,,,,,,,0,,Longo da via,Chuvoso,Não existe,Não existente,Molhada,Perfeito estado,Não existe,Outras,60 km/h,Única,"","",""
551,2019-01-22T00:00:00,09:48:00,SEM VÍTIMA,FINALIZADA,IMBIRIBEIRA,RUA ITACARI,162,RUA ITAJAI,"",RUA ITACARI,162,"",IMBIRIBEIRA,,SUBURBIO,ABALROAMENTO TRANSVERSAL,ENTRE AUTOS S/V.,2,,,,,,,,,0,,Cruzamento,Chuvoso,Sem defeito,Perfeito estado,Molhada,Perfeito estado,Faixa de pedestre,Placas Pare,"",Única,Faixa seccionada,"",""
552,2019-01-22T00:00:00,10:00:00,SEM VÍTIMA,FINALIZADA,ESPINHEIRO,AV JOAO DE BARROS,1187,"",EM FRENTE A CONFRARIA DA BELEZA,AV JOAO DE BARROS,1187,EM FRENTE A CONFRARIA DA BELEZA,ESPINHEIRO,,SUBURBIO,ABALROAMENTO LONGITUDINAL,DOIS AUTOS,2,,,,,,,,,0,,Longo da via,Chuvoso,Sem defeito,Perfeito estado,Molhada,Perfeito estado,Não existe,Não há placas,"",Única,Faixa seccionada,"",""
553,2019-01-22T00:00:00,10:11:00,COM VÍTIMA,FINALIZADA,SANTO AMARO,RUA DO POMBAL,"",RUA TUPINIQUINS,"",RUA DO POMBAL,"","",SANTO AMARO,,indefinido,ABALROAMENTO TRANSVERSAL,"",2,,,,,,,,,1,,Cruzamento,Chuvoso,Não existe,Perfeito estado,Molhada,Perfeito estado,Não existe,Não há placas,30 km/h,Dupla,Faixa seccionada,"",""
554,2019-01-22T00:00:00,10:26:00,SEM VÍTIMA,FINALIZADA,CASA AMARELA,AV NORTE,4861,"","",AV NORTE,4861,"",CASA AMARELA,,CIDADE,COLISÃO TRASEIRA,ENTRE AUTOS X MOTO S/V,2,1,,,,,,,,0,,Longo da via,Chuvoso,Não existe,Perfeito estado,Molhada,Perfeito estado,Não existe,Não há placas,"",Dupla,Canteiro central,"",""
555,2019-01-22T00:00:00,10:59:00,SEM VÍTIMA,DUPLICIDADE,BOA VIAGEM,AV BOA VIAGEM,3232,"",EM FRENTE AO ACAIACA,AV BOA VIAGEM,3232,EM FRENTE AO ACAIACA,BOA VIAGEM,,"",COLISÃO,ENTRE AUTOS S/V.,2,,,,,,,,,0,,"","","","","","","","","","","","",""
556,2019-01-22T00:00:00,11:01:00,SEM VÍTIMA,FINALIZADA,BOA VIAGEM,AV BOA VIAGEM,3278,"",EDF ACAIACA,AV BOA VIAGEM,3278,EDF ACAIACA,BOA VIAGEM,,CIDADE,ABALROAMENTO LONGITUDINAL,SEM VÍTIMAS,2,,,,,,,,,0,,Longo da via,Chuvoso,Não existe,Perfeito estado,Molhada,Perfeito estado,Não existe,Não há placas,"",Única,Faixa seccionada,"",""
557,2019-01-22T00:00:00,11:04:00,SEM VÍTIMA,FINALIZADA,BOA VIAGEM,AVENIDA CELSO FURTADO (VIA MANGUE),"","",VIA MANGUE AO LADO DO POSTO H019601,AVENIDA CELSO FURTADO (VIA MANGUE),"",VIA MANGUE AO LADO DO POSTO H019601,BOA VIAGEM,,"",COLISÃO TRASEIRA,DOIS AUTOS,2,,,,,,,,,0,,Longo da via,Chuvoso,Não existe,Perfeito estado,Molhada,Perfeito estado,Outros,Não há placas,"","","","",""
558,2019-01-22T00:00:00,11:36:00,SEM VÍTIMA,FINALIZADA,CASA FORTE,EST DO ENCANAMENTO,1284,RUA PROFESSOR ALVARO LIMA,"",EST DO ENCANAMENTO,1284,"",CASA FORTE,,CIDADE,ABALROAMENTO LONGITUDINAL,SEM VITIMAS,1,,,,,,1,,,0,,Cruzamento,Chuvoso,Sem defeito,Perfeito estado,Molhada,Perfeito estado,Não existe,Placas Pare,"",Única,Faixa seccionada,"",""
559,2019-01-22T00:00:00,12:26:00,SEM VÍTIMA,CANCELADA,BOA VIAGEM,RUA VISCONDE DE JEQUITINHONHA,"",RUA BARAO DE SOUZA LEAO,EM FRENTE AO HOSPITAL N.S DAS GRAÇAS,RUA VISCONDE DE JEQUITINHONHA,"",EM FRENTE AO HOSPITAL N.S DAS GRAÇAS,BOA VIAGEM,129,"",COLISÃO,DOIS AUTOS S/V,2,,,,,,,,,0,,"","","","","","","","","","","","",""
560,2019-01-22T00:00:00,12:26:00,SEM VÍTIMA,FINALIZADA,MANGUEIRA,RUA SAO MIGUEL,1452,RUA VEREADOR FRANCISCO DE PAULA SANTANA CHICO DA MANOLA,"",RUA SAO MIGUEL,1452,"",MANGUEIRA,392,SUBURBIO,ABALROAMENTO TRANSVERSAL,COLISÃO SEM VÍTIMA,2,,,,,,,,,0,,Cruzamento,Chuvoso,Sem defeito,Perfeito estado,Molhada,Perfeito estado,Faixa de pedestre,Outras,60 km/h,Dupla,Faixa contínua,Faixa seccionada,""
561,2019-01-22T00:00:00,12:35:00,SEM VÍTIMA,FINALIZADA,IMBIRIBEIRA,RUA SARGENTO SILVIO DELMAR HOLLEMBACH,64,"",E/F A OFICINA TECNICA DISEL,RUA SARGENTO SILVIO DELMAR HOLLEMBACH,64,E/F A OFICINA TECNICA DISEL,IMBIRIBEIRA,,"",COLISÃO,COLISAO ENTRE DOIS AUTOS S/V,2,,,,,,,,,0,,"","","","","","","","","","","","",""
562,2019-01-22T00:00:00,13:50:00,COM VÍTIMA,FINALIZADA,CORDEIRO,AV CAXANGA,"","",EM FRENTE A IGREJA SÃO SEBASTIÃO/ SENTIDO SUBURBIO,AV CAXANGA,"",EM FRENTE A IGREJA SÃO SEBASTIÃO/ SENTIDO SUBURBIO,CORDEIRO,236,SUBURBIO,ABALROAMENTO LONGITUDINAL,COLISÃO COM VÍTIMA,1,1,,,,,,,,1,,Longo da via,Chuvoso,Sem defeito,Perfeito estado,Molhada,Perfeito estado,Não existe,"","",Dupla,Canteiro central,"",""
563,2019-01-22T00:00:00,14:09:00,SEM VÍTIMA,FINALIZADA,TORRE,RUA PADRE ANCHIETA,"",RUA REAL DA TORRE,"",RUA PADRE ANCHIETA,"","",TORRE,,"",COLISÃO,"",3,,,,,,,,,0,,"","","","","","","","","","","","",""
564,2019-01-22T00:00:00,14:17:00,SEM VÍTIMA,FINALIZADA,IMBIRIBEIRA,AV MARECHAL MASCARENHAS DE MORAES,"","",EM FRENTE A UNIVERSO,AV MARECHAL MASCARENHAS DE MORAES,"",EM FRENTE A UNIVERSO,IMBIRIBEIRA,501,CIDADE,COLISÃO TRASEIRA,COLISAO ENTRE AUTOS E MOTO S/V,1,1,,,,,,,,0,,Longo da via,Bom,Sem defeito,Perfeito estado,Seca,Perfeito estado,Faixa de pedestre,Outras,60 km/h,Única,Faixa contínua,Faixa seccionada,Canteiro central
565,2019-01-22T00:00:00,14:26:00,SEM VÍTIMA,CANCELADA,CAMPO GRANDE,RUA PROFESSOR FRANCISCO DA TRINDADE,"",RUA HERMILIO GOMES,"DUAS RUAS ANTES DO CLUBE DAS PAS, SENTIDO CENTRO DE CONVENÇOES",RUA PROFESSOR FRANCISCO DA TRINDADE,"","DUAS RUAS ANTES DO CLUBE DAS PAS, SENTIDO CENTRO DE CONVENÇOES",CAMPO GRANDE,,"",COLISÃO,AUTO E O ONIBUS S/V,1,,,,,1,,,,0,,"","","","","","","","","","","","",""
566,2019-01-22T00:00:00,14:35:00,SEM VÍTIMA,FINALIZADA,SANTO AMARO,RUA DOS PALMARES,"","",AO LADO DO RECIFE MERCANTIL E DA GUARDA MUNICIPAL,RUA DOS PALMARES,"",AO LADO DO RECIFE MERCANTIL E DA GUARDA MUNICIPAL,SANTO AMARO,,CIDADE,COLISÃO,COLISÃO SEM VÍTIMAS,2,,,,,,,,,0,,"","","","","","","","","","","","",""
567,2019-01-22T00:00:00,14:58:00,SEM VÍTIMA,FINALIZADA,DERBY,AV GOVERNADOR AGAMENON MAGALHAES,1114,"",EM FRENTE AO TRE,AV GOVERNADOR AGAMENON MAGALHAES,1114,EM FRENTE AO TRE,DERBY,,"",COLISÃO TRASEIRA,DOIS AUTOS S/V,2,,,,,,,,,0,,Longo da via,Bom,Sem defeito,Perfeito estado,Seca,Perfeito estado,Não existe,R-6a,60 km/h,Dupla,Faixa seccionada,"",""
568,2019-01-22T00:00:00,14:58:00,SEM VÍTIMA,FINALIZADA,BOA VIAGEM,RUA DOS NAVEGANTES,1213,"",LADO OPOSTO AO Nº 1213,RUA DOS NAVEGANTES,1213,LADO OPOSTO AO Nº 1213,BOA VIAGEM,160,SUBURBIO,COLISÃO TRASEIRA,"",1,,,,,,1,,,0,,Longo da via,Bom,Sem defeito,Perfeito estado,Seca,Perfeito estado,Faixa de pedestre,Outras,"",Única,Faixa contínua,"",""
569,2019-01-22T00:00:00,15:09:00,SEM VÍTIMA,CANCELADA,AFOGADOS,EST DO BONGI,129,"",EM FRENTE A RETIFICA DE ROBERTO,EST DO BONGI,129,EM FRENTE A RETIFICA DE ROBERTO,AFOGADOS,,"",COLISÃO,DOIS AUTOS E UMA MOTO S/V,2,1,,,,,,,,0,,"","","","","","","","","","","","",""
570,2019-01-22T00:00:00,15:15:00,COM VÍTIMA,FINALIZADA,IPUTINGA,RUA GASPAR PEREZ,465,"",EM FRENTE A PAN GOLDEN E AO PREDIO DA OI,RUA GASPAR PEREZ,465,EM FRENTE A PAN GOLDEN E AO PREDIO DA OI,IPUTINGA,,CIDADE,COLISÃO TRASEIRA,COLISÃO COM VÍTIMA,1,1,,,,,,,,1,,Longo da via,Bom,Não existe,Incompleta,Seca,Perfeito estado,Não existe,Não há placas,"",Dupla,Não existe,"",""
571,2019-01-22T00:00:00,15:18:00,SEM VÍTIMA,FINALIZADA,BOA VIAGEM,RUA DOS NAVEGANTES,2371,"","",RUA DOS NAVEGANTES,2371,"",BOA VIAGEM,,"",COLISÃO TRASEIRA,PAJERO X VT 30,2,,,,,,,,,0,,Longo da via,Bom,Não existe,Perfeito estado,Seca,Perfeito estado,Não existe,Não há placas,"",Única,Não existe,"",""
572,2019-01-22T00:00:00,16:41:00,SEM VÍTIMA,FINALIZADA,POÇO DA PANELA,RUA OLIVEIRA GOES,"",RUA JOAO CAUAS,"",RUA OLIVEIRA GOES,"","",POÇO DA PANELA,,"",ABALROAMENTO LONGITUDINAL,COLISÃO SEM VÍTIMA,2,,,,,,,,,0,,"",Bom,Não existe,"",Seca,Perfeito estado,"",R-6a,"",Dupla,"","",""
573,2019-01-22T00:00:00,16:46:00,SEM VÍTIMA,FINALIZADA,MADALENA,RUA BENFICA,"","",E/F AO BATALHAO DE CHOQUE,RUA BENFICA,"",E/F AO BATALHAO DE CHOQUE,MADALENA,,CIDADE,ABALROAMENTO LONGITUDINAL,COLISAO ENTRE DOIS AUTOS S/V,2,,,,,,,,,0,,Longo da via,Bom,Não existe,Perfeito estado,Seca,Perfeito estado,Outros,Outras,"",Única,Faixa seccionada,"",""
574,2019-01-22T00:00:00,17:01:00,SEM VÍTIMA,FINALIZADA,IBURA,LAD DA COHAB,83,"","",LAD DA COHAB,83,"",IBURA,,"",ABALROAMENTO LONGITUDINAL,ENTRE AUTO E MOTO,1,1,,,,,,,,0,,Longo da via,Chuvoso,Não existe,Incompleta,Seca,Perfeito estado,"",Não há placas,"",Dupla,Faixa contínua,"",""
575,2019-01-22T00:00:00,17:38:00,COM VÍTIMA,FINALIZADA,ENGENHO DO MEIO,RUA ANTONIO CURADO,"","",AO LADO DO CLUBE DA SUDENE.,RUA ANTONIO CURADO,"",AO LADO DO CLUBE DA SUDENE.,ENGENHO DO MEIO,395,SUBURBIO,ABALROAMENTO TRANSVERSAL,"",,1,,,,,1,,,1,,Cruzamento,Chuvoso,Sem defeito,Não existente,Molhada,Perfeito estado,Faixa de pedestre,Não há placas,"",Dupla,Não existe,"",""
576,2019-01-22T00:00:00,18:08:00,COM VÍTIMA,FINALIZADA,MADALENA,AV ENGENHEIRO ABDIAS DE CARVALHO,"","",APOS A HABIBS. LADO OPOSTO A ENGEFRIO.,AV ENGENHEIRO ABDIAS DE CARVALHO,"",APOS A HABIBS. LADO OPOSTO A ENGEFRIO.,MADALENA,,SUBURBIO,COLISÃO TRASEIRA,COLISÃO S/V,1,1,,,,,,,,2,,Longo da via,Bom,Sem defeito,Perfeito estado,Seca,Perfeito estado,Não existe,R-6a,"",Dupla,Canteiro central,"",""
577,2019-01-22T00:00:00,18:24:00,SEM VÍTIMA,FINALIZADA,TORRE,RUA JOSE BONIFACIO,"","",EM FRENTE A HONDA,RUA JOSE BONIFACIO,"",EM FRENTE A HONDA,TORRE,,SUBURBIO,ABALROAMENTO LONGITUDINAL,"",2,,,,,,,,,0,,Longo da via,Bom,Não existe,Perfeito estado,Seca,Perfeito estado,Não existe,Não há placas,"",Única,Faixa seccionada,"",""
578,2019-01-22T00:00:00,19:05:00,SEM VÍTIMA,FINALIZADA,TAMARINEIRA,RUA JOSE DE VASCONCELOS,130,"","",RUA JOSE DE VASCONCELOS,130,"",TAMARINEIRA,,SUBURBIO,CHOQUE VEÍCULO PARADO,"",2,,,,,,,,,0,,Longo da via,Bom,Não existe,Perfeito estado,Seca,Perfeito estado,Não existe,Não há placas,"",Dupla,Faixa seccionada,"",""
579,2019-01-22T00:00:00,21:43:00,SEM VÍTIMA,CANCELADA,BOA VIAGEM,RUA PADRE CABRAL,"","",AO LADO DO RESTAURANTE MARINHOS,RUA PADRE CABRAL,"",AO LADO DO RESTAURANTE MARINHOS,BOA VIAGEM,,"",ACID. DE PERCURSO,CAMINHÃO DESLIZOU E CAIU NO CANAL DEVIDO A PISTA MOLHADA,,,,,,,1,,,0,,"","","","","","","","","","","","",""
580,2019-01-23T00:00:00,05:46:00,SEM VÍTIMA,CANCELADA,JARDIM SÃO PAULO,AV PIRACICABA,"","",PRÓX AO ARMAZÉN PIRACICABA // EM FRENTE A PADARIA PIRACICABA,AV PIRACICABA,"",PRÓX AO ARMAZÉN PIRACICABA // EM FRENTE A PADARIA PIRACICABA,JARDIM SÃO PAULO,,"",COLISÃO,"COLISÃO ENTRE CAMINHÃO E MICRO-ÔNIBUS, SEM VÍTIMAS",,,,,,1,1,,,0,,"","","","","","","","","","","","",""
581,2019-01-23T00:00:00,07:23:00,SEM VÍTIMA,FINALIZADA,IMBIRIBEIRA,AV MARECHAL MASCARENHAS DE MORAES,4561,"",JUSTIÇA DO TRABALHO,AV MARECHAL MASCARENHAS DE MORAES,4561,JUSTIÇA DO TRABALHO,IMBIRIBEIRA,,CIDADE,COLISÃO TRASEIRA,COLISÃO SEM VITIMAS,1,,,,,1,,,,0,,Longo da via,Bom,Não existe,Perfeito estado,Seca,Perfeito estado,Não existe,Não há placas,60 km/h,Dupla,Canteiro central,"",""
582,2019-01-23T00:00:00,08:05:00,SEM VÍTIMA,FINALIZADA,BOA VIAGEM,RUA ERNESTO DE PAULA SANTOS,"",AV BOA VIAGEM,EM FRENTE AO HOTEL GRAND MERCURE,RUA ERNESTO DE PAULA SANTOS,"",EM FRENTE AO HOTEL GRAND MERCURE,BOA VIAGEM,113,SUBURBIO,ABALROAMENTO LONGITUDINAL,SEM VITIMAS,1,,,,,1,,,,0,,Longo da via,Bom,Sem defeito,Perfeito estado,Seca,Perfeito estado,Outros,Outras,60 km/h,Única,Faixa seccionada,"",""
583,2019-01-23T00:00:00,08:08:00,SEM VÍTIMA,FINALIZADA,ENCRUZILHADA,AV NORTE,2261,"","",AV NORTE,2261,"",ENCRUZILHADA,,SUBURBIO,COLISÃO FRONTAL,SEM VITIMAS,2,,,,,,1,,,0,,Longo da via,Bom,Sem defeito,Perfeito estado,Seca,Perfeito estado,Não existe,Outras,"",Única,Canteiro central,"",""
584,2019-01-23T00:00:00,08:33:00,SEM VÍTIMA,FINALIZADA,VÁRZEA,RUA GASTAO VIDIGAL,"","","",RUA GASTAO VIDIGAL,"","",VÁRZEA,281,CIDADE,COLISÃO TRASEIRA,SEM VÍTIMAS,2,,,,,,,,,0,,Longo da via,Bom,Sem defeito,Perfeito estado,Seca,Mal conservada,Não existe,Não há placas,"",Dupla,Não existe,"",""
585,2019-01-23T00:00:00,09:07:00,SEM VÍTIMA,CANCELADA,BOA VIAGEM,RUA JOAO EUGENIO DE LIMA,"",RUA PROFESSOR AUGUSTO LINS E SILVA,RUA DA PADARIA ALÉM DO PÃO,RUA JOAO EUGENIO DE LIMA,"",RUA DA PADARIA ALÉM DO PÃO,BOA VIAGEM,,"",COLISÃO,ENTRE AUTOS S/V.,2,,,,,,,,,0,,"","","","","","","","","","","","",""
586,2019-01-23T00:00:00,09:25:00,SEM VÍTIMA,FINALIZADA,PINA,RUA ARQUITETO AUGUSTO REINALDO,193,"",AO LADO DO ATACADO DA CONSTRUÇÃO,RUA ARQUITETO AUGUSTO REINALDO,193,AO LADO DO ATACADO DA CONSTRUÇÃO,PINA,,SUBURBIO,ABALROAMENTO LONGITUDINAL,SEM VITIMAS,1,1,,,,1,,,,0,,Longo da via,Bom,Sem defeito,Perfeito estado,Seca,Perfeito estado,Não existe,Não há placas,"",Única,Não existe,"",""
587,2019-01-23T00:00:00,10:04:00,SEM VÍTIMA,FINALIZADA,BOA VIAGEM,AV FERNANDO SIMOES BARBOSA,406,"","",AV FERNANDO SIMOES BARBOSA,406,"",BOA VIAGEM,,SUBURBIO,ABALROAMENTO TRANSVERSAL,COLISÃO SEM VITIMAS,1,,,,,,1,,,0,,Longo da via,Bom,Sem defeito,Perfeito estado,Seca,Perfeito estado,Faixa de pedestre,Outras,"",Dupla,Canal,"",""
588,2019-01-23T00:00:00,08:15:00,SEM VÍTIMA,FINALIZADA,IBURA,AV DOIS RIOS,"",RUA RIO XINGU,"",AV DOIS RIOS,"","",IBURA,351,CIDADE,ABALROAMENTO LONGITUDINAL,COLISÃO SEM VITIMAS,1,,,,,,1,,1,0,,Cruzamento,Bom,Sem defeito,Ilegível,Seca,Mal conservada,Faixa de pedestre,Não há placas,"",Dupla,Não existe,"",""
589,2019-01-23T00:00:00,10:20:00,SEM VÍTIMA,FINALIZADA,BOA VIAGEM,AV ENGENHEIRO DOMINGOS FERREIRA,3160,"",EM FRENTE AO CARREFOUR,AV ENGENHEIRO DOMINGOS FERREIRA,3160,EM FRENTE AO CARREFOUR,BOA VIAGEM,,SUBURBIO,ABALROAMENTO LONGITUDINAL,SEM VITIMAS,1,,,,,1,,,,0,,Longo da via,Bom,Sem defeito,Perfeito estado,Seca,Perfeito estado,Outros,Outras,"",Única,Faixa seccionada,"",""
590,2019-01-23T00:00:00,10:21:00,SEM VÍTIMA,FINALIZADA,IMBIRIBEIRA,AV MARECHAL MASCARENHAS DE MORAES,"","","SENTIDO PRAZERES, E/F AO POSTO SHELL E A LOCALIZA.",AV MARECHAL MASCARENHAS DE MORAES,"","SENTIDO PRAZERES, E/F AO POSTO SHELL E A LOCALIZA.",IMBIRIBEIRA,531,SUBURBIO,COLISÃO TRASEIRA,SEM VÍTIMAS.,1,1,,,,,,,,0,,Longo da via,Bom,Sem defeito,Perfeito estado,Seca,Perfeito estado,Outros,Outras,60 km/h,Dupla,Canteiro central,"",""
591,2019-01-23T00:00:00,10:31:00,SEM VÍTIMA,CANCELADA,IMBIRIBEIRA,AV MARECHAL MASCARENHAS DE MORAES,7935,"",EM FRENTE AO MARTELINHO DE OURO,AV MARECHAL MASCARENHAS DE MORAES,7935,EM FRENTE AO MARTELINHO DE OURO,IMBIRIBEIRA,,CIDADE,COLISÃO,SEM VITIMAS,1,,,,,,1,,,0,,"","","","","","","","","","","","",""
592,2019-01-23T00:00:00,11:46:00,SEM VÍTIMA,FINALIZADA,TORRE,RUA CANTORA CLARA NUNES,13,"",EM FRENTE AO 13º BATALHÃO JOÃO NUNES,RUA CANTORA CLARA NUNES,13,EM FRENTE AO 13º BATALHÃO JOÃO NUNES,TORRE,,"",ABALROAMENTO TRANSVERSAL,SEM VITIMAS,2,,,,,,,,,0,,Longo da via,Bom,Não existe,Ilegível,Seca,Perfeito estado,Outros,Outras,"",Dupla,Não existe,"",""
593,2019-01-23T00:00:00,13:00:00,SEM VÍTIMA,FINALIZADA,DERBY,AV GOVERNADOR AGAMENON MAGALHAES,183,"",E/F AO ITAU PERSONNALITÉ,AV GOVERNADOR AGAMENON MAGALHAES,183,E/F AO ITAU PERSONNALITÉ,DERBY,,"",COLISÃO TRASEIRA,QUATRO VEICULOS SE CHOCARAM NA VIA,4,,,,,,,,,0,,Longo da via,Bom,Não existe,Perfeito estado,Seca,Perfeito estado,"",Não há placas,60 km/h,Única,Faixa seccionada,"",""
594,2019-01-23T00:00:00,13:15:00,SEM VÍTIMA,FINALIZADA,IMBIRIBEIRA,RUA JOAQUIM BANDEIRA,"",RUA DUQUE ESTRADA,"",RUA JOAQUIM BANDEIRA,"","",IMBIRIBEIRA,,SUBURBIO,CHOQUE VEÍCULO PARADO,COLISÃO SEM VITIMAS,1,,,,,,1,,,0,,"",Bom,Não existe,Não existente,Seca,Mal conservada,Não existe,Não há placas,"",Dupla,Não existe,"",""
595,2019-01-23T00:00:00,13:41:00,COM VÍTIMA,CANCELADA,MADALENA,RUA MENEZES DRUMOND,333,RUA ERNANI BRAGA,"POR TRAS DO MERCADO DA MADALENA, EM FRENTE A PRAÇA PROF. CALAZANS",RUA MENEZES DRUMOND,333,"POR TRAS DO MERCADO DA MADALENA, EM FRENTE A PRAÇA PROF. CALAZANS",MADALENA,,"",COLISÃO,AUTO E MOTO C/V,1,1,,,,,,,,1,,"","","","","","","","","","","","",""
596,2019-01-23T00:00:00,14:12:00,SEM VÍTIMA,FINALIZADA,ESPINHEIRO,RUA AMELIA,114,RUA DR VICENTE MEIRA,E/F AO ESPINHEIRO SHOPPING,RUA AMELIA,114,E/F AO ESPINHEIRO SHOPPING,ESPINHEIRO,,CIDADE,ABALROAMENTO LONGITUDINAL,COLISAO ENTRE DOIS AUTOS S/V,2,,,,,,,,,0,,Esquina,Bom,Não existe,Perfeito estado,Seca,Perfeito estado,Não existe,Outras,"",Única,Faixa seccionada,"",""
597,2019-01-23T00:00:00,14:51:00,SEM VÍTIMA,FINALIZADA,SANTO AMARO,AV GOVERNADOR AGAMENON MAGALHAES,2805,"","",AV GOVERNADOR AGAMENON MAGALHAES,2805,"",SANTO AMARO,,SUBURBIO,COLISÃO TRASEIRA,"ENTRE TRES AUTOS PASSEIO, S/ V",3,,,,,,,,,0,,Longo da via,Bom,Não existe,Perfeito estado,Seca,Perfeito estado,Não existe,Não há placas,"",Dupla,Faixa seccionada,Canteiro central,""
598,2019-01-23T00:00:00,15:09:00,SEM VÍTIMA,FINALIZADA,BOA VISTA,RUA JOAO FERNANDES VIEIRA,"","",AO LADO DA PRAÇA PARQUE AMORIM,RUA JOAO FERNANDES VIEIRA,"",AO LADO DA PRAÇA PARQUE AMORIM,BOA VISTA,,"",ABALROAMENTO LONGITUDINAL,COLISAO ENVOLVENDO AUTO E ONIBUS,1,,,,,1,,,,0,,Longo da via,Bom,Não existe,"",Seca,Perfeito estado,Não existe,Não há placas,"",Única,Não existe,"",""
599,2019-01-23T00:00:00,16:04:00,SEM VÍTIMA,FINALIZADA,BOA VIAGEM,AV ENGENHEIRO DOMINGOS FERREIRA,5025,"",EM FRENTE A CAIXA ECONÔMICA,AV ENGENHEIRO DOMINGOS FERREIRA,5025,EM FRENTE A CAIXA ECONÔMICA,BOA VIAGEM,,"",ABALROAMENTO LONGITUDINAL,COLISÃO SEM VITIMA,2,1,,,,,,,,0,,Longo da via,Bom,Sem defeito,Perfeito estado,Seca,Perfeito estado,Outros,Outras,60 km/h,Única,Faixa contínua,"",""
600,2019-01-23T00:00:00,16:05:00,COM VÍTIMA,FINALIZADA,SÃO JOSÉ,RUA SAO JOAO,1186,AV DANTAS BARRETO,EM FRENTE AO EDF. DA SECRETARIA DA FAZENDA,RUA SAO JOAO,1186,EM FRENTE AO EDF. DA SECRETARIA DA FAZENDA,SÃO JOSÉ,,SUBURBIO,ATROPELAMENTO,AUTO E 2 PEDESTRES,1,,,,2,,,,,2,,Cruzamento,Bom,Sem defeito,Perfeito estado,Seca,Perfeito estado,Faixa de pedestre,Não há placas,40 km/h,Única,Faixa,"",""
601,2019-01-23T00:00:00,16:34:00,SEM VÍTIMA,FINALIZADA,PINA,AV REPUBLICA ARABE UNIDA,"","","ANTES DO TUNEL, LADO DIREITO DA VIA, SENTIDO BOA VIAGEM",AV REPUBLICA ARABE UNIDA,"","ANTES DO TUNEL, LADO DIREITO DA VIA, SENTIDO BOA VIAGEM",PINA,,"",COLISÃO,AUTO E ONIBUS S/V,1,,,,,1,,,,0,,"","","","","","","","","","","","",""
602,2019-01-23T00:00:00,16:35:00,SEM VÍTIMA,FINALIZADA,IMBIRIBEIRA,AV MARECHAL MASCARENHAS DE MORAES,"","",LADO OPOSTO AO Nº 4896,AV MARECHAL MASCARENHAS DE MORAES,"",LADO OPOSTO AO Nº 4896,IMBIRIBEIRA,,CIDADE,ABALROAMENTO LONGITUDINAL,COLISAO ENTRE AUTO E VAN S/V,2,,,,,,,,,0,,Longo da via,Bom,Não existe,Perfeito estado,Seca,Perfeito estado,Não existe,Não há placas,"",Única,Não existe,"",""
603,2019-01-23T00:00:00,18:09:00,SEM VÍTIMA,FINALIZADA,ALTO JOSÉ BONIFÁCIO,RUA CORREGO DO EUCLIDES,622,"",LADO OPOSTO A PAN CECILIA,RUA CORREGO DO EUCLIDES,622,LADO OPOSTO A PAN CECILIA,ALTO JOSÉ BONIFÁCIO,,SUBURBIO,ABALROAMENTO LONGITUDINAL,ENTRE ÔNIBUS E AUTO PASSEIO. S/V,1,,,,,1,,,,0,,Longo da via,Bom,Não existe,Perfeito estado,Seca,Perfeito estado,Não existe,Não há placas,40 km/h,Dupla,Faixa seccionada,"",""
604,2019-01-23T00:00:00,18:25:00,COM VÍTIMA,CANCELADA,BOA VIAGEM,RUA PEDRO PAES MENDONCA,"","",AO LADO DO WALLMART,RUA PEDRO PAES MENDONCA,"",AO LADO DO WALLMART,BOA VIAGEM,,"",COLISÃO,VT DA PM ENVOLVIDA NA COLISÃO. C/V,,,,,,,,1,,1,,"","","","","","","","","","","","",""
605,2019-01-23T00:00:00,20:35:00,SEM VÍTIMA,FINALIZADA,JORDÃO,RUA RIO XINGU,689,"","",RUA RIO XINGU,689,"",JORDÃO,,CIDADE,COLISÃO FRONTAL,ENTRE MICRO ÔNIBUS E AUTO PASSEIO. S/V,1,,,,,1,,,,0,,Longo da via,Bom,Não existe,Não existente,Seca,Mal iluminada,Não existe,Não há placas,"",Dupla,Não existe,"",""
606,2019-01-23T00:00:00,21:17:00,SEM VÍTIMA,FINALIZADA,BOA VIAGEM,AV CONSELHEIRO AGUIAR,1540,"",E/F A MCDONALD´S,AV CONSELHEIRO AGUIAR,1540,E/F A MCDONALD´S,BOA VIAGEM,,CIDADE,COLISÃO FRONTAL,VIATURA 02 NO LACAL COLISÃO S/V,2,,,,,,,,,0,,Longo da via,Bom,Sem defeito,Perfeito estado,Seca,Perfeito estado,"",Não há placas,40 km/h,Única,"","",""