_id,DATA,hora,natureza_acidente,situacao,bairro,endereco,numero,detalhe_endereco_acidente,complemento,endereco_cruzamento,numero_cruzamento,referencia_cruzamento,bairro_cruzamento,num_semaforo,sentido_via,tipo,descricao,auto,moto,ciclom,ciclista,pedestre,onibus,caminhao,viatura,outros,vitimas,vitimasfatais,acidente_verificado,tempo_clima,situacao_semaforo,sinalizacao,condicao_via,conservacao_via,ponto_controle,situacao_placa,velocidade_max_via,mao_direcao,divisao_via1,divisao_via2,divisao_via3
607,2019-01-24T00:00:00,06:38:00,SEM VÍTIMA,FINALIZADA,CAMPO GRANDE,EST DE BELEM,"","",SEMÁFORO Nº 504,EST DE BELEM,"",SEMÁFORO Nº 504,CAMPO GRANDE,,CIDADE,COLISÃO TRASEIRA,COLISÃO SEM VITIMAS,2,,,,,,,,,0,,Longo da via,Bom,Sem defeito,Perfeito estado,Seca,Perfeito estado,"",Não há placas,"",Dupla,Faixa contínua,"",""
608,2019-01-24T00:00:00,07:33:00,SEM VÍTIMA,FINALIZADA,DERBY,RUA FELICIANO GOMES,342,"",PRÓX. AO GILSON CIDRIM,RUA FELICIANO GOMES,342,PRÓX. AO GILSON CIDRIM,DERBY,,SUBURBIO,COLISÃO TRASEIRA,ENTRE AUTOS S/V.,2,,,,,,,,,0,,Longo da via,Bom,Não existe,Perfeito estado,Seca,Perfeito estado,Não existe,Placas Pare,"",Dupla,Faixa contínua,"",""
609,2019-01-24T00:00:00,07:38:00,SEM VÍTIMA,DUPLICIDADE,DERBY,RUA DOM FELICIANO,342,"",E/F AO GILSON CIDRIM,RUA DOM FELICIANO,342,E/F AO GILSON CIDRIM,DERBY,,"",COLISÃO,SEM VÍTIMAS.,2,,,,,,,,,0,,"","","","","","","","","","","","",""
610,2019-01-24T00:00:00,07:51:00,SEM VÍTIMA,FINALIZADA,IMBIRIBEIRA,AV MARECHAL MASCARENHAS DE MORAES,"","",EM FRENTE AO BANCO ITAU,AV MARECHAL MASCARENHAS DE MORAES,"",EM FRENTE AO BANCO ITAU,IMBIRIBEIRA,225,SUBURBIO,ABALROAMENTO LONGITUDINAL,COLISÃO SEM VITIMAS.,1,,,,,1,,,,0,,Longo da via,Bom,Sem defeito,Perfeito estado,Seca,Perfeito estado,Não existe,Não há placas,60 km/h,Dupla,Faixa seccionada,Canteiro central,""
611,2019-01-24T00:00:00,08:16:00,SEM VÍTIMA,FINALIZADA,TORRE,RUA REAL DA TORRE,1060,"",EM FRENTE Nº 1060 B,RUA REAL DA TORRE,1060,EM FRENTE Nº 1060 B,TORRE,,SUB/CID,COLISÃO TRASEIRA,SEM VITIMAS,2,,,,,,,,,0,,Longo da via,Bom,Sem defeito,Perfeito estado,Seca,"",Agente,Outras,60 km/h,Única,Faixa,"",""
612,2019-01-24T00:00:00,09:06:00,SEM VÍTIMA,FINALIZADA,BOA VIAGEM,RUA FRANCISCO DA CUNHA,"",RUA PROFESSOR EDUARDO WANDERLEY FILHO,NA ESQUINA DO COLEGIO BOA VIAGEM,RUA FRANCISCO DA CUNHA,"",NA ESQUINA DO COLEGIO BOA VIAGEM,BOA VIAGEM,,CIDADE,ABALROAMENTO TRANSVERSAL,SEM VITIMAS,2,,,,,,,,,0,,Cruzamento,Bom,Não existe,Perfeito estado,Seca,Perfeito estado,Faixa de retenção,Placas Pare,30 km/h,Única,Faixa seccionada,"",""
613,2019-01-24T00:00:00,09:33:00,SEM VÍTIMA,FINALIZADA,IMBIRIBEIRA,AV MARECHAL MASCARENHAS DE MORAES,"","",E/F AO GERALDÃO,AV MARECHAL MASCARENHAS DE MORAES,"",E/F AO GERALDÃO,IMBIRIBEIRA,,CIDADE,COLISÃO TRASEIRA,SEM VÍTIMAS,1,,,,,,1,,,0,,Longo da via,Bom,Não existe,Perfeito estado,Seca,Perfeito estado,Não existe,Não há placas,60 km/h,Dupla,Faixa seccionada,Canteiro central,""
614,2019-01-24T00:00:00,10:16:00,SEM VÍTIMA,FINALIZADA,CORDEIRO,RUA DIANOPOLIS,"","",ASSOCIAÇÃO PESTALOZZE DE RECIFE,RUA DIANOPOLIS,"",ASSOCIAÇÃO PESTALOZZE DE RECIFE,CORDEIRO,,"",ABALROAMENTO TRANSVERSAL,COLISÃO SEM VITIMAS,2,,,,,,,,,0,,Longo da via,Bom,Sem defeito,Perfeito estado,Seca,Perfeito estado,Outros,R-6a,"",Dupla,Faixa seccionada,"",""
615,2019-01-24T00:00:00,10:34:00,SEM VÍTIMA,FINALIZADA,JORDÃO,RUA NOVA CANAA,"",RUA JOSE MARTORANO,TERMINAL DE ONIBUS DO JORDAO,RUA NOVA CANAA,"",TERMINAL DE ONIBUS DO JORDAO,JORDÃO,,SUBURBIO,ABALROAMENTO LONGITUDINAL,SEM VÍTIMAS,1,,,,,,1,,,0,,Cruzamento,Bom,Não existe,Incompleta,Seca,Perfeito estado,Não existe,Não há placas,30 km/h,Dupla,Não existe,"",""
616,2019-01-24T00:00:00,11:11:00,SEM VÍTIMA,FINALIZADA,IBURA,AV DOIS RIOS,"",AV DOIS RIOS,AO LADO DA POLICLÍNICA ARNALDO MARQUES,AV DOIS RIOS,"",AO LADO DA POLICLÍNICA ARNALDO MARQUES,IBURA,,CIDADE,ABALROAMENTO LONGITUDINAL,02 AUTOS SEM VÍTIMAS,1,1,,,,,,,,0,,"",Bom,Não existe,Não existente,Seca,Mal conservada,Não existe,Não há placas,"",Dupla,"","",""
617,2019-01-24T00:00:00,11:15:00,SEM VÍTIMA,FINALIZADA,TEJIPIÓ,AV DR JOSE RUFINO,3131,"",EM FRENTE AO 4º BCOM,AV DR JOSE RUFINO,3131,EM FRENTE AO 4º BCOM,TEJIPIÓ,208,CIDADE,ABALROAMENTO LONGITUDINAL,AUTO X MOTO S/V.,1,1,,,,,,,,0,,Longo da via,Bom,Sem defeito,Perfeito estado,Seca,Perfeito estado,Faixa de pedestre,Não há placas,"",Dupla,Faixa contínua,"",""
618,2019-01-24T00:00:00,11:21:00,COM VÍTIMA,FINALIZADA,SANTO AMARO,RUA TREZE DE MAIO,"",RUA PEDRO AFONSO,AO LADO DA SOCIEDADE BIBLICA DO BRASIL,RUA TREZE DE MAIO,"",AO LADO DA SOCIEDADE BIBLICA DO BRASIL,SANTO AMARO,427,"",ABALROAMENTO TRANSVERSAL,"COM DUAS VITIMAS,AGUARDANDO SOCORRO",1,1,,,,,,,,1,,Cruzamento,Bom,Sem defeito,Perfeito estado,Seca,Perfeito estado,Não existe,Outras,"",Dupla,Faixa contínua,"",""
619,2019-01-24T00:00:00,12:51:00,SEM VÍTIMA,FINALIZADA,IPSEP,AV RECIFE,2879,"",IGREJA EVANGÉLICA,AV RECIFE,2879,IGREJA EVANGÉLICA,IPSEP,337,SUBURBIO,COLISÃO TRASEIRA,DOIS AUTOS,2,,,,,,,,,0,,Longo da via,Bom,Sem defeito,Perfeito estado,Seca,Perfeito estado,Não existe,"","",Dupla,Canteiro central,"",""
620,2019-01-24T00:00:00,13:08:00,SEM VÍTIMA,FINALIZADA,CORDEIRO,RUA CLOTILDE DE OLIVEIRA,"",AV GENERAL SAN MARTIN,EM FRENTE AO HOSPITAL GETULIO VARGAS,RUA CLOTILDE DE OLIVEIRA,"",EM FRENTE AO HOSPITAL GETULIO VARGAS,CORDEIRO,,"",COLISÃO,ENTRE AUTO E MOTO S/V,1,1,,,,,,,,0,,"","","","","","","","","","","","",""
621,2019-01-24T00:00:00,13:11:00,SEM VÍTIMA,FINALIZADA,SANTO AMARO,RUA ARNOBIO MARQUES,"",RUA DR CARLOS CHAGAS,PROX. AO HOSPITAL OSWALDO CRUZ,RUA ARNOBIO MARQUES,"",PROX. AO HOSPITAL OSWALDO CRUZ,SANTO AMARO,,"",ABALROAMENTO TRANSVERSAL,DOIS AUTOS,2,,,,,,,,,0,,"",Bom,Não existe,Perfeito estado,Seca,Perfeito estado,Não existe,R-25b,"",Única,Não existe,"",""
622,2019-01-24T00:00:00,13:17:00,SEM VÍTIMA,CANCELADA,BOA VIAGEM,AV CONSELHEIRO AGUIAR,919,"",EM FRENTE AO HOTEL MANIBU,AV CONSELHEIRO AGUIAR,919,EM FRENTE AO HOTEL MANIBU,BOA VIAGEM,,"",COLISÃO,DOIS AUTOS,2,,,,,,,,,0,,"","","","","","","","","","","","",""
623,2019-01-24T00:00:00,13:29:00,SEM VÍTIMA,FINALIZADA,MANGUEIRA,RUA VINTE E UM DE ABRIL,1357,"",EM FRENTE AO Nº 1357,RUA VINTE E UM DE ABRIL,1357,EM FRENTE AO Nº 1357,MANGUEIRA,,CIDADE,ABALROAMENTO TRANSVERSAL,"",1,1,,,,,,,,0,,Longo da via,Bom,Sem defeito,Perfeito estado,Seca,"","","","","","","",""
624,2019-01-24T00:00:00,14:13:00,SEM VÍTIMA,FINALIZADA,PARNAMIRIM,AV DEZESSETE DE AGOSTO,969,"",EM FRENTE AO IBAMA,AV DEZESSETE DE AGOSTO,969,EM FRENTE AO IBAMA,PARNAMIRIM,389,"",COLISÃO,AUTO E MOTO S/V,1,1,,,,,,,,0,,"","","","","","","","","","","","",""
625,2019-01-24T00:00:00,14:21:00,SEM VÍTIMA,FINALIZADA,BOA VISTA,AV MANOEL BORBA,267,"",VAREJÃO DO ESTUDANTE,AV MANOEL BORBA,267,VAREJÃO DO ESTUDANTE,BOA VISTA,,SUBURBIO,ABALROAMENTO LONGITUDINAL,COLISAO ENTRE CAMINHAO E AUTO,1,,,,,,1,,,0,,Longo da via,Bom,Não existe,Incompleta,Seca,Perfeito estado,"","","",Única,Faixa seccionada,"",""
626,2019-01-24T00:00:00,14:31:00,COM VÍTIMA,FINALIZADA,COELHOS,RUA DR JOSE MARIANO,445,"",EM FRENTE A FERREIRA PINTO,RUA DR JOSE MARIANO,445,EM FRENTE A FERREIRA PINTO,COELHOS,,"",ABALROAMENTO LONGITUDINAL,COLISÃO COM VÍTIMA,,,1,,,1,,,,1,,Longo da via,Bom,Não existe,Não existente,Outros,Mal conservada,Não existe,Não há placas,"",Única,Não existe,"",""
627,2019-01-24T00:00:00,14:59:00,SEM VÍTIMA,FINALIZADA,CASA FORTE,AV DEZESSETE DE AGOSTO,2594,EST DO ARRAIAL,"",AV DEZESSETE DE AGOSTO,2594,"",CASA FORTE,107,CIDADE,COLISÃO TRASEIRA,COLISÃO SEM VÍTIMA,2,,,,,,,,,0,,Cruzamento,Bom,Sem defeito,Perfeito estado,Seca,Perfeito estado,Faixa de pedestre,R-6a,60 km/h,Dupla,Faixa contínua,"",""
628,2019-01-24T00:00:00,15:12:00,SEM VÍTIMA,FINALIZADA,JARDIM SÃO PAULO,PRC DO JARDIM SAO PAULO,73,"","",PRC DO JARDIM SAO PAULO,73,"",JARDIM SÃO PAULO,,SUBURBIO,COLISÃO TRASEIRA,COLISAO ENTRE DOIS AUTOS S/V,2,,,,,,,,,0,,Longo da via,Bom,Não existe,Não existente,Seca,Perfeito estado,Não existe,Não há placas,"",Única,Não existe,"",""
629,2019-01-24T00:00:00,18:18:00,COM VÍTIMA,FINALIZADA,IMBIRIBEIRA,AV MARECHAL MASCARENHAS DE MORAES,7787,"","E/F AO GINÁSIO DO GERALDÃO, SNT AEROPORTO / PRÓX AO HOME CENTER TEND TUDO E VENEZA MÁQUINAS.",AV MARECHAL MASCARENHAS DE MORAES,7787,"E/F AO GINÁSIO DO GERALDÃO, SNT AEROPORTO / PRÓX AO HOME CENTER TEND TUDO E VENEZA MÁQUINAS.",IMBIRIBEIRA,,CIDADE,COLISÃO COM CICLISTA,ENTRE AUTO E BIKE. C/V,1,,,1,,,,,,1,,Longo da via,Bom,Sem defeito,Perfeito estado,Seca,Perfeito estado,Não existe,Não há placas,"",Única,Faixa seccionada,"",""
630,2019-01-24T00:00:00,18:26:00,SEM VÍTIMA,FINALIZADA,CABANGA,PTE GOVERNADOR PAULO GUERRA,"","",PRÉDIO DA COMPESA,PTE GOVERNADOR PAULO GUERRA,"",PRÉDIO DA COMPESA,CABANGA,,SUBURBIO,COLISÃO TRASEIRA,ENTRE 3 AUTOS. S/V,3,,,,,,,,,0,,Ponte,Bom,Não existe,Perfeito estado,Seca,Perfeito estado,Não existe,Não há placas,"",Dupla,Canteiro central,"",""
631,2019-01-24T00:00:00,18:56:00,SEM VÍTIMA,FINALIZADA,MADALENA,AV BEIRA RIO,650,RUA JANUARIO BARBOSA,"",AV BEIRA RIO,650,"",MADALENA,,SUBURBIO,ABALROAMENTO LONGITUDINAL,COLISÃO SEM VITIMA,2,,,,,,,,,0,,"",Bom,Não existe,Perfeito estado,Seca,Perfeito estado,Não existe,R-6a,"",Dupla,Faixa seccionada,"",""
632,2019-01-24T00:00:00,19:51:00,SEM VÍTIMA,CANCELADA,IMBIRIBEIRA,AV MARECHAL MASCARENHAS DE MORAES,"",RUA DR TAVARES CORREIA,SEMÁFORO 289 / E/F AO POSTO BR,AV MARECHAL MASCARENHAS DE MORAES,"",SEMÁFORO 289 / E/F AO POSTO BR,IMBIRIBEIRA,,"",COLISÃO,ENTRE 2 AUTOS. S/V,2,,,,,,,,,0,,"","","","","","","","","","","","",""
633,2019-01-24T00:00:00,20:38:00,COM VÍTIMA,FINALIZADA,PINA,RUA MANOEL DE BRITO,"",AV CONSUL JOSEPH NOUJAIM,EM FRENTE A CELPE,RUA MANOEL DE BRITO,"",EM FRENTE A CELPE,PINA,659,SUBURBIO,ABALROAMENTO LONGITUDINAL,"COLISÃO COM VITIMA, A VITIMA JA FOI LEVADA PELO SAMU",1,1,,,,,,,,1,,Cruzamento,Bom,Sem defeito,Perfeito estado,Seca,Perfeito estado,Faixa de pedestre,Não há placas,"",Única,Faixa contínua,"",""
634,2019-01-25T00:00:00,07:54:00,SEM VÍTIMA,FINALIZADA,MORRO DA CONCEIÇÃO,COR DO BARTOLOMEU,69,"","",COR DO BARTOLOMEU,69,"",MORRO DA CONCEIÇÃO,,CIDADE,CHOQUE VEÍCULO PARADO,AUTO E CICLISTA,1,,,,,,,,,0,,Longo da via,Bom,Não existe,Perfeito estado,Seca,Perfeito estado,Não existe,R-6a,"",Dupla,Faixa seccionada,"",""
635,2019-01-25T00:00:00,08:48:00,SEM VÍTIMA,FINALIZADA,BOA VIAGEM,RUA DR RAUL LAFAYETTE,122,"",EDF CASTANHAL,RUA DR RAUL LAFAYETTE,122,EDF CASTANHAL,BOA VIAGEM,,SUBURBIO,ABALROAMENTO LONGITUDINAL,DOIS AUTOS,2,,,,,,,,,0,,Longo da via,Bom,Não existe,Não existente,Seca,Perfeito estado,Não existe,Não há placas,"",Única,Não existe,"",""
636,2019-01-25T00:00:00,09:28:00,SEM VÍTIMA,FINALIZADA,AREIAS,AV DR JOSE RUFINO,2554,"","",AV DR JOSE RUFINO,2554,"",AREIAS,615,SUBURBIO,ABALROAMENTO LONGITUDINAL,AUTO X MOTO S/V,1,1,,,,,,,,0,,Longo da via,Bom,Não existe,Perfeito estado,Seca,Perfeito estado,Não existe,R-6a,"",Dupla,Faixa contínua,"",""
637,2019-01-25T00:00:00,10:06:00,SEM VÍTIMA,CANCELADA,BEBERIBE,AV BEBERIBE,"",RUA DA REGENERACAO,EM FRENTE AO POSTO DE GASOLINA BR,AV BEBERIBE,"",EM FRENTE AO POSTO DE GASOLINA BR,BEBERIBE,,"",COLISÃO,COLISÃO SEM VITIMAS,2,,,,,,,,,0,,"","","","","","","","","","","","",""
638,2019-01-25T00:00:00,11:04:00,SEM VÍTIMA,FINALIZADA,SANTO AMARO,RUA TREZE DE MAIO,21,AV VISCONDE DE SUASSUNA,EM FRENTE AO LP CRED,RUA TREZE DE MAIO,21,EM FRENTE AO LP CRED,SANTO AMARO,,SUBURBIO,ABALROAMENTO LONGITUDINAL,SEM VITIMAS,2,,,,,,,,,0,,Longo da via,Bom,Sem defeito,Perfeito estado,Seca,Perfeito estado,Faixa de pedestre,Outras,"",Dupla,Faixa contínua,"",""
639,2019-01-25T00:00:00,12:07:00,SEM VÍTIMA,FINALIZADA,ESTÂNCIA,AV RECIFE,"","",APOS O MAKRO S/T CEASA,AV RECIFE,"",APOS O MAKRO S/T CEASA,ESTÂNCIA,,"",ABALROAMENTO LONGITUDINAL,COLISÃO SEM VÍTIMA,1,,,,,,,1,,0,,Longo da via,Bom,Não existe,Perfeito estado,Seca,Perfeito estado,"",Outras,"",Dupla,Blocos,"",""
640,2019-01-25T00:00:00,12:16:00,COM VÍTIMA,FINALIZADA,BAIRRO DO RECIFE,AV ALFREDO LISBOA,"",1 TRV JUSTICA E PAZ,EM FRENTE A RECEITA FEDERAL,AV ALFREDO LISBOA,"",EM FRENTE A RECEITA FEDERAL,BAIRRO DO RECIFE,,"",ABALROAMENTO LONGITUDINAL,"",,1,,,,,,,,1,,Longo da via,Bom,Não existe,Perfeito estado,Seca,Perfeito estado,Não existe,Outras,"",Única,Faixa seccionada,"",""
641,2019-01-25T00:00:00,12:27:00,SEM VÍTIMA,FINALIZADA,DOIS IRMÃOS,RUA DOIS IRMAOS,420,"","",RUA DOIS IRMAOS,420,"",DOIS IRMÃOS,,SUBURBIO,COLISÃO TRASEIRA,COLISÃO SEM VÍTIMA,1,1,,,,,,,,0,,Longo da via,Bom,Não existe,Perfeito estado,Seca,Perfeito estado,Não existe,Não há placas,60 km/h,Dupla,Faixa contínua,"",""
642,2019-01-25T00:00:00,12:43:00,SEM VÍTIMA,FINALIZADA,BOA VIAGEM,AV BOA VIAGEM,"","",E/F AO HOSPITAL DA AERONAULTIICA,AV BOA VIAGEM,"",E/F AO HOSPITAL DA AERONAULTIICA,BOA VIAGEM,,"",COLISÃO,COLISÃO SEM VÍTIMA,,,,,,,,,,0,,"","","","","","","","","","","","",""
643,2019-01-25T00:00:00,13:52:00,SEM VÍTIMA,FINALIZADA,BOA VIAGEM,AV ENGENHEIRO DOMINGOS FERREIRA,2142,"",EM FRENTE AO COLEGIO NUCLEO,AV ENGENHEIRO DOMINGOS FERREIRA,2142,EM FRENTE AO COLEGIO NUCLEO,BOA VIAGEM,,"",COLISÃO,COLISÃO SEM VÍTIMAS,2,,,,,,,,,0,,"","","","","","","","","","","","",""
644,2019-01-25T00:00:00,14:52:00,SEM VÍTIMA,PENDENTE,ESTÂNCIA,AV RECIFE,"","","APOS O RECIPÃO, RESERVATORIO DA COMPESA SENTIDO BOA VIAGEM",AV RECIFE,"","APOS O RECIPÃO, RESERVATORIO DA COMPESA SENTIDO BOA VIAGEM",ESTÂNCIA,,"",COLISÃO,COLISÃO SEM VITIMA,1,1,,,,,,,,0,,"","","","","","","","","","","","",""
645,2019-01-25T00:00:00,15:20:00,SEM VÍTIMA,FINALIZADA,PINA,AV REPUBLICA ARABE UNIDA,"","",EM FRENTE AO RIOMAR,AV REPUBLICA ARABE UNIDA,"",EM FRENTE AO RIOMAR,PINA,,SUBURBIO,COLISÃO TRASEIRA,COLISÃO SEM VITIMAS,3,,,,,,,,,0,,Longo da via,Bom,Não existe,Perfeito estado,Seca,Perfeito estado,Outros,Outras,60 km/h,Dupla,Canteiro central,"",""
646,2019-01-25T00:00:00,15:22:00,SEM VÍTIMA,FINALIZADA,PRADO,RUA RODRIGUES DE MENDONCA,31,"","",RUA RODRIGUES DE MENDONCA,31,"",PRADO,,SUBURBIO,COLISÃO TRASEIRA,"",1,,,,,1,,,,0,,Longo da via,Bom,Não existe,Perfeito estado,Seca,Perfeito estado,Não existe,R-6c,30 km/h,Única,Não existe,"",""
647,2019-01-25T00:00:00,15:30:00,SEM VÍTIMA,FINALIZADA,ARRUDA,RUA DR RAIMUNDO CAVALCANTI UCHOA,"",RUA PETRONILA BOTELHO,"",RUA DR RAIMUNDO CAVALCANTI UCHOA,"","",ARRUDA,,SUBURBIO,ABALROAMENTO LONGITUDINAL,COLISÃO SEM VÍTIMA,1,,,,,,1,,,0,,Longo da via,Bom,Não existe,Incompleta,Seca,Perfeito estado,"",Não há placas,30 km/h,Dupla,"","",""
648,2019-01-25T00:00:00,16:11:00,SEM VÍTIMA,FINALIZADA,SANTO AMARO,AV NORTE,"","","",AV NORTE,"","",SANTO AMARO,243,CIDADE,ABALROAMENTO LONGITUDINAL,COLISÃO SEM VÍTIMA,2,,,,,,,,,0,,Longo da via,Bom,Sem defeito,Perfeito estado,Seca,Perfeito estado,"","","",Dupla,Canteiro central,"",""
649,2019-01-25T00:00:00,16:19:00,SEM VÍTIMA,FINALIZADA,TORRÕES,AV NORTE,"","",LADO OPOSTO A PEDRAGON VEÍCULOS,AV NORTE,"",LADO OPOSTO A PEDRAGON VEÍCULOS,TORRÕES,376,SUBURBIO,COLISÃO TRASEIRA,COLISAO ENTRE DOIS AUTOS S/V,2,,,,,,,,,0,,Longo da via,Bom,Sem defeito,Perfeito estado,Seca,Perfeito estado,Faixa de pedestre,R-6a,"",Dupla,Canteiro central,"",""
650,2019-01-25T00:00:00,17:04:00,SEM VÍTIMA,FINALIZADA,SANTO AMARO,AV NORTE,"",RUA SEVERINA SANTANA PEDROSA,"",AV NORTE,"","",SANTO AMARO,,SUBURBIO,ABALROAMENTO LONGITUDINAL,COLISÃO SEM VITIMAS,2,,,,,,,,,0,,"",Bom,Não existe,Perfeito estado,Seca,Perfeito estado,Não existe,Não há placas,"",Dupla,Canteiro central,"",""
651,2019-01-25T00:00:00,17:10:00,SEM VÍTIMA,FINALIZADA,IPSEP,RUA ITAJAI,"",RUA ITACARI,"",RUA ITAJAI,"","",IPSEP,,SUBURBIO,ABALROAMENTO LONGITUDINAL,COLSAO ENTRE AUTO E MOTO S/V,1,1,,,,,,,,0,,Cruzamento,Bom,Não existe,"",Seca,Perfeito estado,Faixa de pedestre,Placas Pare,"",Única,Faixa seccionada,"",""
652,2019-01-25T00:00:00,17:43:00,SEM VÍTIMA,FINALIZADA,IMBIRIBEIRA,AV MARECHAL MASCARENHAS DE MORAES,2384,"",EM FRENTE AO MADECENTER,AV MARECHAL MASCARENHAS DE MORAES,2384,EM FRENTE AO MADECENTER,IMBIRIBEIRA,,SUBURBIO,COLISÃO TRASEIRA,COLISÃO SEM VITIMAS,1,2,,,,,,,,0,,Longo da via,Bom,Sem defeito,Perfeito estado,Seca,Perfeito estado,Faixa de pedestre,Não há placas,"",Dupla,Canteiro central,"",""
653,2019-01-25T00:00:00,17:44:00,COM VÍTIMA,FINALIZADA,BOA VISTA,AV CONDE DA BOA VISTA,"","",ANTES DO SHOPPING BOA VISTA E/F A FIGUEIRAS CALÇADOS S/T SUB,AV CONDE DA BOA VISTA,"",ANTES DO SHOPPING BOA VISTA E/F A FIGUEIRAS CALÇADOS S/T SUB,BOA VISTA,,SUBURBIO,ATROPELAMENTO,ONIBUS A TROPELOU UM PEDESTRE,,,,,1,1,,,,1,,Longo da via,Bom,Não existe,Perfeito estado,Seca,Perfeito estado,Não existe,Outras,40 km/h,Dupla,Canteiro central,"",""
654,2019-01-25T00:00:00,17:50:00,SEM VÍTIMA,FINALIZADA,AFOGADOS,RUA SAO MIGUEL,166,RUA JOAQUIM DE VASCONCELOS PEREIRA,ESQUINA COM COLÉGIO,RUA SAO MIGUEL,166,ESQUINA COM COLÉGIO,AFOGADOS,,SUBURBIO,ABALROAMENTO TRANSVERSAL,COLISÃO SEM VÍTIMA,1,1,,,,,,,,0,,Cruzamento,Bom,Não existe,Perfeito estado,Seca,Perfeito estado,Não existe,Não há placas,"",Dupla,Faixa seccionada,"",""
655,2019-01-25T00:00:00,18:27:00,SEM VÍTIMA,FINALIZADA,AFLITOS,RUA EDGAR D'AMORIM,901,"",AO LADO DA HABIBS,RUA EDGAR D'AMORIM,901,AO LADO DA HABIBS,AFLITOS,,SUBURBIO,ABALROAMENTO TRANSVERSAL,COLISÃO SEM VITIMA,1,,,,,1,,,,0,,Longo da via,Bom,Não existe,Perfeito estado,Seca,Perfeito estado,Outros,Outras,"",Única,Faixa contínua,"",""
656,2019-01-25T00:00:00,18:39:00,COM VÍTIMA,FINALIZADA,APIPUCOS,RUA DE APIPUCOS,452,"",EM FRENTE AO ARCADIA,RUA DE APIPUCOS,452,EM FRENTE AO ARCADIA,APIPUCOS,,"",ABALROAMENTO TRANSVERSAL,COLISÃO COM VITIMA,1,1,,,,,,,,1,,Longo da via,Bom,Não existe,Perfeito estado,Seca,Perfeito estado,Não existe,Não há placas,"",Dupla,Faixa contínua,"",""
657,2019-01-25T00:00:00,18:48:00,COM VÍTIMA,FINALIZADA,DERBY,AV GOVERNADOR AGAMENON MAGALHAES,"","",E/F AO HOSPITAL MEMORIAL. VIA PRINCPAL . ESTAC. SANPARK,AV GOVERNADOR AGAMENON MAGALHAES,"",E/F AO HOSPITAL MEMORIAL. VIA PRINCPAL . ESTAC. SANPARK,DERBY,,CIDADE,COLISÃO TRASEIRA,COLISÃO C/V,3,,,,,,,,,3,,Longo da via,Bom,Sem defeito,Perfeito estado,Seca,Perfeito estado,Não existe,Outras,"",Dupla,Faixa,Canteiro central,""
658,2019-01-25T00:00:00,18:50:00,COM VÍTIMA,FINALIZADA,BOA VIAGEM,AV ENGENHEIRO DOMINGOS FERREIRA,107,"",RESTAURANTE LAÇA BURGUE E A FARMACIA DROGASIL,AV ENGENHEIRO DOMINGOS FERREIRA,107,RESTAURANTE LAÇA BURGUE E A FARMACIA DROGASIL,BOA VIAGEM,,SUBURBIO,ABALROAMENTO LONGITUDINAL,COLISÃO COM VITIMA,1,1,,,,,,,,1,,Longo da via,Bom,Não existe,Perfeito estado,Seca,Perfeito estado,Não existe,"",60 km/h,Única,Canteiro central,"",""
659,2019-01-25T00:00:00,18:54:00,COM VÍTIMA,CANCELADA,MONTEIRO,AV DEZESSETE DE AGOSTO,"","",PROX. ARCÁDIA RECEPCOES,AV DEZESSETE DE AGOSTO,"",PROX. ARCÁDIA RECEPCOES,MONTEIRO,,"",COLISÃO,COLISÃO CO/V,1,1,,,,,,,,1,,"","","","","","","","","","","","",""
660,2019-01-25T00:00:00,20:27:00,SEM VÍTIMA,FINALIZADA,ESTÂNCIA,AV RECIFE,5705,"","",AV RECIFE,5705,"",ESTÂNCIA,,SUBURBIO,ABALROAMENTO LONGITUDINAL,COLISÃO S/V,1,,,,,,1,,,0,,Longo da via,Bom,Não existe,Ilegível,Seca,Mal iluminada,Não existe,Não há placas,60 km/h,Única,Não existe,"",""
661,2019-01-25T00:00:00,22:13:00,COM VÍTIMA,FINALIZADA,SANTO ANTÔNIO,AV MARTINS DE BARROS,"","",PRAÇA DA REPUBLICA/PONTE BUARQUE DE MACEDO.,AV MARTINS DE BARROS,"",PRAÇA DA REPUBLICA/PONTE BUARQUE DE MACEDO.,SANTO ANTÔNIO,164,SUBURBIO,COLISÃO COM CICLISTA,COLISÃO C/V,,1,,1,,,,,,1,,Cruzamento,Bom,Sem defeito,Perfeito estado,Seca,Perfeito estado,Outros,Outras,"",Única,Faixa contínua,"",""
662,2019-01-26T00:00:00,02:46:00,SEM VÍTIMA,FINALIZADA,DERBY,RUA DA BAIXA VERDE,"",RUA FELICIANO GOMES,"AO LADO DA CAPELA DE SANTA TEREZINHA, PROX DA HAPVIDA",RUA DA BAIXA VERDE,"","AO LADO DA CAPELA DE SANTA TEREZINHA, PROX DA HAPVIDA",DERBY,,"",ABALROAMENTO TRANSVERSAL,COLISÃO ENTRE DOIS AUTOS S/V,2,,,,,,,,,0,,Cruzamento,Bom,Não existe,Perfeito estado,Seca,Perfeito estado,Faixa de retenção,Placas Pare,30 km/h,Única,"","",""
663,2019-01-26T00:00:00,03:12:00,COM VÍTIMA,FINALIZADA,IMBIRIBEIRA,RUA PAMPULHA,"",RUA ITAJAI,PRÓX A CONCESSIONÁRIA RENAULT // EM FRENTE A PANIFICADORA VALO DO RIO DOCE,RUA PAMPULHA,"",PRÓX A CONCESSIONÁRIA RENAULT // EM FRENTE A PANIFICADORA VALO DO RIO DOCE,IMBIRIBEIRA,,"",ABALROAMENTO TRANSVERSAL,"COLISÃO ENTRE DOIS AUTOS ONDE UM DOS VEÍCULOS VEIO A CAPOTAR, COM VÍTIMAS",2,,,,,,,,,1,,Cruzamento,Bom,Não existe,Ilegível,Seca,Mal iluminada,"",Placas Pare,"",Única,Faixa,"",""