_id,DATA,hora,natureza_acidente,situacao,bairro,endereco,numero,detalhe_endereco_acidente,complemento,endereco_cruzamento,numero_cruzamento,referencia_cruzamento,bairro_cruzamento,num_semaforo,sentido_via,tipo,descricao,auto,moto,ciclom,ciclista,pedestre,onibus,caminhao,viatura,outros,vitimas,vitimasfatais,acidente_verificado,tempo_clima,situacao_semaforo,sinalizacao,condicao_via,conservacao_via,ponto_controle,situacao_placa,velocidade_max_via,mao_direcao,divisao_via1,divisao_via2,divisao_via3
664,2019-01-26T00:00:00,04:18:00,SEM VÍTIMA,FINALIZADA,BOA VIAGEM,RUA MINISTRO SALGADO FILHO,122,"","PROX DA EMBRAEM, PROX DO JC EXPRESS",RUA MINISTRO SALGADO FILHO,122,"PROX DA EMBRAEM, PROX DO JC EXPRESS",BOA VIAGEM,,"",CHOQUE,"CHOQUE COM AUTO QUE ESTAVA ESTACIONADO, S/V",2,,,,,,,,,0,,"","","","","","","","","","","","",""
665,2019-01-26T00:00:00,07:08:00,SEM VÍTIMA,CANCELADA,ÁGUA FRIA,AV BEBERIBE,2018,"",EM FRENTE AO MERCADO PUBLICO,AV BEBERIBE,2018,EM FRENTE AO MERCADO PUBLICO,ÁGUA FRIA,,"",COLISÃO,ONIBUS E AUTO,1,,,,,1,,,,0,,"","","","","","","","","","","","",""
666,2019-01-26T00:00:00,07:38:00,COM VÍTIMA,FINALIZADA,JORDÃO,RUA REMIGIO,"","","NA SAÍDA DO TUNEL FELIPE CAMARÃO, SENTIDO AEROPORTO.",RUA REMIGIO,"","NA SAÍDA DO TUNEL FELIPE CAMARÃO, SENTIDO AEROPORTO.",JORDÃO,,CIDADE,ABALROAMENTO LONGITUDINAL,"COM UMA VÍTIMA. UMA DAS PARTES EVADIU-SE DO LOCAL, POREM, O VEÍCULO QUE PERMANECE NO LOCAL ESTÁ IMPOSSIBILITADO DE SER RETIRADO DO MEIO DA VIA.",2,,,,,,,,,2,,Outros,Bom,Não existe,Não existente,Seca,Perfeito estado,Não existe,Não há placas,"",Única,Não existe,"",""
667,2019-01-26T00:00:00,07:38:00,COM VÍTIMA,FINALIZADA,MACAXEIRA,AV NORTE,8227,"",NO INCIO DA AV NORTE PROX A INTEGRAÇÃO DA MACAXEIRA,AV NORTE,8227,NO INCIO DA AV NORTE PROX A INTEGRAÇÃO DA MACAXEIRA,MACAXEIRA,,CIDADE,COLISÃO TRASEIRA,COLISÃO COM VITIMA SOCORRIDA PELA SAMU,1,1,,,,,1,,,1,,Longo da via,Bom,Não existe,Perfeito estado,Seca,Perfeito estado,Não existe,R-19,60 km/h,Dupla,Canteiro central,"",""
668,2019-01-26T00:00:00,08:09:00,SEM VÍTIMA,FINALIZADA,CURADO,RUA MINISTRO MARIO ANDREAZZA,155,AV PREFEITO ANTONIO PEREIRA,"",RUA MINISTRO MARIO ANDREAZZA,155,"",CURADO,,"",COLISÃO TRASEIRA,DOIS AUTOS,2,,,,,,,,,0,,Cruzamento,Bom,Não existe,Incompleta,Seca,Perfeito estado,Não existe,Placas Pare,"",Dupla,"","",""
669,2019-01-26T00:00:00,08:27:00,SEM VÍTIMA,FINALIZADA,BOA VIAGEM,AV ENGENHEIRO DOMINGOS FERREIRA,"","",APÓS O WALMART,AV ENGENHEIRO DOMINGOS FERREIRA,"",APÓS O WALMART,BOA VIAGEM,,SUBURBIO,ABALROAMENTO TRANSVERSAL,COLISÃO SEM VITIMAS,1,,,,,1,,,,0,,"",Bom,Sem defeito,Perfeito estado,Seca,Perfeito estado,Faixa de pedestre,Outras,60 km/h,Única,Faixa contínua,Faixa seccionada,Canteiro central
670,2019-01-26T00:00:00,10:34:00,SEM VÍTIMA,FINALIZADA,BOA VISTA,AV GOVERNADOR AGAMENON MAGALHAES,2805,"","E/F A O EDF. HENRIQUE DIAS, SENTIDO OLINDA",AV GOVERNADOR AGAMENON MAGALHAES,2805,"E/F A O EDF. HENRIQUE DIAS, SENTIDO OLINDA",BOA VISTA,,"",ABALROAMENTO LONGITUDINAL,SEM VÍTIMAS,1,1,,,,,,,,0,,Longo da via,Bom,Não existe,Perfeito estado,Seca,Perfeito estado,Outros,Outras,"",Dupla,Faixa seccionada,Canteiro central,""
671,2019-01-26T00:00:00,10:55:00,COM VÍTIMA,FINALIZADA,MADALENA,RUA REAL DA TORRE,682,"",PRÓX À LOJA DO CONDOMÍNIO,RUA REAL DA TORRE,682,PRÓX À LOJA DO CONDOMÍNIO,MADALENA,,CIDADE,ABALROAMENTO TRANSVERSAL,AUTO X MOTO C/V,1,1,,,,,,,,2,,Longo da via,Bom,"",Perfeito estado,Seca,Perfeito estado,Não existe,"","",Única,Faixa contínua,"",""
672,2019-01-26T00:00:00,13:06:00,COM VÍTIMA,FINALIZADA,ESTÂNCIA,AV RECIFE,"","",EM FRENTE AO MAKRO/ SENTIDO BR,AV RECIFE,"",EM FRENTE AO MAKRO/ SENTIDO BR,ESTÂNCIA,621,CIDADE,ABALROAMENTO LONGITUDINAL,COLISÃO COM VÍTIMA,2,1,,,,,,,,1,,Outros,Bom,Sem defeito,Perfeito estado,Seca,Perfeito estado,Faixa de pedestre,Não há placas,"",Única,Faixa contínua,Faixa seccionada,""
673,2019-01-26T00:00:00,13:42:00,SEM VÍTIMA,FINALIZADA,IPSEP,RUA ARISTIDES LOBO,271,RUA PROFESSOR JOSE VICENTE,"",RUA ARISTIDES LOBO,271,"",IPSEP,,SUBURBIO,ABALROAMENTO LONGITUDINAL,COLISAO ENTRE DOIS AUTOS S/V,2,,,,,,1,,,0,,Cruzamento,Bom,Não existe,Perfeito estado,Seca,Perfeito estado,Não existe,Não há placas,"",Dupla,Não existe,"",""
674,2019-01-26T00:00:00,15:22:00,SEM VÍTIMA,FINALIZADA,SÃO JOSÉ,RUA IMPERIAL,"",TRV PADRE AZEVEDO,"",RUA IMPERIAL,"","",SÃO JOSÉ,511,"",COLISÃO,COLISA0 ENTRE AUTO E MOTO S/V,1,1,,,,,,,,0,,"","","","","","","","","","","","",""
675,2019-01-26T00:00:00,15:54:00,COM VÍTIMA,FINALIZADA,PINA,AV BOA VIAGEM,360,"",EM FRENTE AO EDIFÍCIO MAR DO PORTO.,AV BOA VIAGEM,360,EM FRENTE AO EDIFÍCIO MAR DO PORTO.,PINA,119,CIDADE,ATROPELAMENTO,COM VÍTIMA,,,,,1,,1,,,1,,Longo da via,Bom,Sem defeito,Perfeito estado,Seca,Perfeito estado,Não existe,R-6b,60 km/h,Única,Faixa seccionada,"",""
676,2019-01-26T00:00:00,17:26:00,SEM VÍTIMA,FINALIZADA,ESPINHEIRO,AV GOVERNADOR AGAMENON MAGALHAES,"","",SOB O SEMÁFORO Nº 173,AV GOVERNADOR AGAMENON MAGALHAES,"",SOB O SEMÁFORO Nº 173,ESPINHEIRO,173,SUBURBIO,COLISÃO TRASEIRA,COLISAO ENTRE DOIS AUTOS S/V VT 32 NO LOCAL,2,,,,,,,,,0,,Longo da via,Bom,Sem defeito,Perfeito estado,Seca,Perfeito estado,Não existe,Outras,60 km/h,Dupla,Faixa seccionada,"",""
677,2019-01-26T00:00:00,18:24:00,SEM VÍTIMA,CANCELADA,BOMBA DO HEMETÉRIO,RUA BOMBA DO HEMETERIO,"","",PROX AO LARGO DA BOMBA,RUA BOMBA DO HEMETERIO,"",PROX AO LARGO DA BOMBA,BOMBA DO HEMETÉRIO,,"",COLISÃO,COLISÃO S/V,1,,,,,1,,,,0,,"","","","","","","","","","","","",""
678,2019-01-26T00:00:00,19:27:00,SEM VÍTIMA,FINALIZADA,ARRUDA,AV PROFESSOR JOSE DOS ANJOS,"","",SOB O SEMÁFORO 131,AV PROFESSOR JOSE DOS ANJOS,"",SOB O SEMÁFORO 131,ARRUDA,131,"",ABALROAMENTO LONGITUDINAL,COLISÃO S/V,1,,,,,,1,,,0,,Longo da via,Bom,Sem defeito,Perfeito estado,Seca,Mal iluminada,Faixa de pedestre,"","",Dupla,Canal,"",""
679,2019-01-26T00:00:00,20:58:00,SEM VÍTIMA,FINALIZADA,DOIS UNIDOS,AV HILDEBRANDO DE VASCONCELOS,781,"",TERMINAL DE ÔNIBUS,AV HILDEBRANDO DE VASCONCELOS,781,TERMINAL DE ÔNIBUS,DOIS UNIDOS,,SUBURBIO,ABALROAMENTO TRANSVERSAL,COLISÃO S/V,1,1,,,,,,,,0,,Longo da via,Bom,Não existe,"",Seca,Perfeito estado,Não existe,Não há placas,30 km/h,Dupla,Não existe,"",""
680,2019-01-26T00:00:00,22:23:00,SEM VÍTIMA,CANCELADA,GRAÇAS,AV RUI BARBOSA,"",RUA DAS CREOULAS,PROX. AO EMPORIO HD E O BANCO ITAU,AV RUI BARBOSA,"",PROX. AO EMPORIO HD E O BANCO ITAU,GRAÇAS,,"",COLISÃO,COLISÃO SEM VITIMAS,2,,,,,,,,,0,,"","","","","","","","","","","","",""
681,2019-01-26T00:00:00,21:57:00,SEM VÍTIMA,FINALIZADA,ILHA DO LEITE,RUA FRANCISCO ALVES,"",PRC MIGUEL DE CERVANTES,SEMÁFORO 508,RUA FRANCISCO ALVES,"",SEMÁFORO 508,ILHA DO LEITE,508,SUBURBIO,ABALROAMENTO LONGITUDINAL,COLISÃO SEM VITIMAS,1,,,,,1,,,,0,,Cruzamento,Bom,Sem defeito,Perfeito estado,Seca,Perfeito estado,Faixa de pedestre,Não há placas,"",Dupla,Faixa contínua,"",""
682,2019-01-27T00:00:00,03:04:00,SEM VÍTIMA,CANCELADA,BOA VIAGEM,AV HELIO FALCAO,575,"","EM FRENTE A JAMBEIRO PETISCARIA, PROX DO CLUBE RAFFABEER",AV HELIO FALCAO,575,"EM FRENTE A JAMBEIRO PETISCARIA, PROX DO CLUBE RAFFABEER",BOA VIAGEM,,"",COLISÃO,"COLISÃO ENTRE DOIS AUTOS, S/V",2,,,,,,,,,0,,"","","","","","","","","","","","",""
683,2019-01-27T00:00:00,08:50:00,SEM VÍTIMA,FINALIZADA,SANTO ANTÔNIO,AV MARTINS DE BARROS,"",AV N S DO CARMO,SOB O SEMÁFORO Nº 204,AV MARTINS DE BARROS,"",SOB O SEMÁFORO Nº 204,SANTO ANTÔNIO,204,"",COLISÃO TRASEIRA,COLISÃO SEM VITIMAS,2,,,,,,,,,0,,"",Bom,Sem defeito,Perfeito estado,Seca,Perfeito estado,Faixa de pedestre,"","",Única,Faixa contínua,"",""
684,2019-01-27T00:00:00,09:53:00,SEM VÍTIMA,CANCELADA,JORDÃO,AV BEIRA RIO,31 A,"",NA RUA DO CANAL EM FRENTE A ASSEMBLEIA DE DEUS,AV BEIRA RIO,31 A,NA RUA DO CANAL EM FRENTE A ASSEMBLEIA DE DEUS,JORDÃO,,"",COLISÃO,COLISÃO SEM VITIMAS,2,,,,,,,,,0,,"","","","","","","","","","","","",""
685,2019-01-27T00:00:00,10:36:00,SEM VÍTIMA,FINALIZADA,DERBY,AV GOVERNADOR AGAMENON MAGALHAES,"","","",AV GOVERNADOR AGAMENON MAGALHAES,"","",DERBY,173,CIDADE,ABALROAMENTO LONGITUDINAL,COLISÃO EM SEGUINDA DE CHOQUE CONDUTOR BATEU CONTRA POSTE,2,,,,,,,,,0,,Cruzamento,Bom,Sem defeito,Perfeito estado,Seca,Perfeito estado,"",Outras,"",Dupla,Faixa contínua,Faixa seccionada,Canteiro central
686,2019-01-27T00:00:00,11:34:00,COM VÍTIMA,FINALIZADA,ILHA JOANA BEZERRA,VIADUTO CAPITAO TEMUDO,S/N,"",FÓRUM JOANA BEZERRA,VIADUTO CAPITAO TEMUDO,S/N,FÓRUM JOANA BEZERRA,ILHA JOANA BEZERRA,,"",COLISÃO,"",,,,,,,,,,1,,"","","","","","","","","","","","",""
687,2019-01-27T00:00:00,12:11:00,SEM VÍTIMA,CANCELADA,BOA VIAGEM,RUA VISCONDE DE JEQUITINHONHA,200,"",EM FRENTE AO EDIFICIO ANA MARIA,RUA VISCONDE DE JEQUITINHONHA,200,EM FRENTE AO EDIFICIO ANA MARIA,BOA VIAGEM,,"",COLISÃO,COLISÃO SEM VÍTIMA,2,,,,,,,,,0,,"","","","","","","","","","","","",""
688,2019-01-27T00:00:00,13:10:00,SEM VÍTIMA,FINALIZADA,JORDÃO,AV MARIA IRENE,113,"",PROX. A BASE AEREA,AV MARIA IRENE,113,PROX. A BASE AEREA,JORDÃO,,"",COLISÃO,ENTRE AUTO E MOTO S/V,1,1,,,,,,,,0,,"","","","","","","","","","","","",""
689,2019-01-27T00:00:00,15:39:00,SEM VÍTIMA,FINALIZADA,VASCO DA GAMA,RUA VASCO DA GAMA,"","",EM FRENTE AO TREZE DO VASCO,RUA VASCO DA GAMA,"",EM FRENTE AO TREZE DO VASCO,VASCO DA GAMA,,SUBURBIO,ABALROAMENTO LONGITUDINAL,COLISÃO SEM VÍTIMA,1,1,,,,,,,,0,,Longo da via,Bom,Não existe,Perfeito estado,Seca,Perfeito estado,Não existe,R-6a,"",Dupla,Não existe,"",""
690,2019-01-27T00:00:00,15:52:00,SEM VÍTIMA,FINALIZADA,BOA VIAGEM,AV ENGENHEIRO DOMINGOS FERREIRA,3465,RUA PADRE CARAPUCEIRO,IGREJA UNIVERSAL,AV ENGENHEIRO DOMINGOS FERREIRA,3465,IGREJA UNIVERSAL,BOA VIAGEM,216,SUBURBIO,ABALROAMENTO TRANSVERSAL,COLISÃO SEM VÍTIMA,2,,,,,,,,,0,,Cruzamento,Bom,Sem defeito,Perfeito estado,Seca,Perfeito estado,Faixa de pedestre,Não há placas,"",Única,Faixa contínua,Faixa seccionada,Canteiro central
691,2019-01-27T00:00:00,16:44:00,COM VÍTIMA,FINALIZADA,VÁRZEA,RUA VALE DO SIRIJI,"","",EM FRENTE A ESCOLA MUNICIPAL JOÃO FRANCISCO DE SOUZA,RUA VALE DO SIRIJI,"",EM FRENTE A ESCOLA MUNICIPAL JOÃO FRANCISCO DE SOUZA,VÁRZEA,324,SUBURBIO,COLISÃO FRONTAL,COLISÃO COM VÍTIMA,1,1,,,,,,,,1,,Longo da via,Bom,Não existe,Incompleta,Seca,Perfeito estado,Não existe,R-6a,"",Dupla,Faixa seccionada,"",""
692,2019-01-27T00:00:00,20:05:00,COM VÍTIMA,FINALIZADA,CASA FORTE,"","","",COLEGIO SILVA JARDIM,"","",COLEGIO SILVA JARDIM,CASA FORTE,370,CIDADE,ATROPELAMENTO,COLISÃO COM VITIMA,,1,,,1,,,,,2,,Longo da via,Bom,Sem defeito,Perfeito estado,Seca,Perfeito estado,Faixa de pedestre,Outras,"",Dupla,Faixa contínua,Faixa seccionada,""
693,2019-01-27T00:00:00,21:22:00,COM VÍTIMA,FINALIZADA,BOA VIAGEM,RUA RIBEIRO DE BRITO,"",RUA TENENTE DOMINGOS DE BRITO,ESQUINA COM A FARMMACIA DROGASIL / SEMÁFORO 331,RUA RIBEIRO DE BRITO,"",ESQUINA COM A FARMMACIA DROGASIL / SEMÁFORO 331,BOA VIAGEM,331,SUBURBIO,ABALROAMENTO LONGITUDINAL,ENTRE AUTO E MOTO. C/V,1,1,,,,,,,,1,,Cruzamento,Bom,Sem defeito,Perfeito estado,Seca,Perfeito estado,Faixa de pedestre,R-6a,40 km/h,Única,"","",""
694,2019-01-27T00:00:00,21:49:00,COM VÍTIMA,FINALIZADA,CORDEIRO,AV GENERAL SAN MARTIN,"","","E/F AO HOSPITAL GETULIO VARGAS, NA ENTRADA DELE.",AV GENERAL SAN MARTIN,"","E/F AO HOSPITAL GETULIO VARGAS, NA ENTRADA DELE.",CORDEIRO,,"",ABALROAMENTO TRANSVERSAL,ENTRE MOTO E AMBULÂNCIA. C/V,1,1,,,,,,,,1,,Longo da via,Bom,Não existe,Perfeito estado,Seca,Mal iluminada,Não existe,Outras,"",Dupla,Faixa contínua,"",""
695,2019-01-27T00:00:00,23:14:00,SEM VÍTIMA,FINALIZADA,JAQUEIRA,AV RUI BARBOSA,1541,AV DR MALAQUIAS,E/F AO HOSPITAL DE ORTOPEDIA,AV RUI BARBOSA,1541,E/F AO HOSPITAL DE ORTOPEDIA,JAQUEIRA,292,CIDADE,ABALROAMENTO LONGITUDINAL,ENTRE ÔNIBUS E AUTO PASSEIO. S/V,1,,,,,1,,,,0,,Longo da via,Chuvoso,Não existe,Ilegível,Molhada,Mal iluminada,Não existe,Não há placas,60 km/h,Única,Faixa seccionada,"",""
696,2019-01-27T00:00:00,23:46:00,SEM VÍTIMA,FINALIZADA,CORDEIRO,AV GENERAL SAN MARTIN,"","",E/F HOSP GETULIO VARGAS,AV GENERAL SAN MARTIN,"",E/F HOSP GETULIO VARGAS,CORDEIRO,,"",ABALROAMENTO LONGITUDINAL,"GUINCHO GUARD CAR, EM MANOBRA DURANTE O SERVIÇO, CHOCOU-SE COM A PORTA DA VT-09",1,,,,,,1,,,0,,Longo da via,Bom,Não existe,Perfeito estado,Seca,Perfeito estado,"",Não há placas,40 km/h,Dupla,"","",""
697,2019-01-27T00:00:00,23:56:00,SEM VÍTIMA,FINALIZADA,IPUTINGA,AV CAXANGA,"",EST DO BARBALHO,LADO OPOSTO AO WALMART,AV CAXANGA,"",LADO OPOSTO AO WALMART,IPUTINGA,533,"",ABALROAMENTO TRANSVERSAL,ENTRE 2 AUTOS. S/V,2,,,,,,,,,0,,Cruzamento,Chuvoso,Sem defeito,Ilegível,Molhada,Mal iluminada,Faixa de pedestre,Não há placas,60 km/h,Dupla,Canteiro central,"",""
698,2019-01-28T00:00:00,00:07:00,SEM VÍTIMA,CANCELADA,BOA VIAGEM,AV BOA VIAGEM,5130,"",E/F AO EDF MONTE VERDE / PRÓX AO SEMÁFORO 483,AV BOA VIAGEM,5130,E/F AO EDF MONTE VERDE / PRÓX AO SEMÁFORO 483,BOA VIAGEM,,CIDADE,CHOQUE VEÍCULO PARADO,VEíCULO NÃO IDENTIDICADO CHOCOU-SE CONTRA UM HONDA/HRV ESTACIONADO (DE PROPRIETÁRIO DESCONHECIDO) E SE EVADIU PARA DESTINO IGNORADO.,2,,,,,,,,,0,,"","","","","","","","","","","","",""
699,2019-01-28T00:00:00,06:42:00,SEM VÍTIMA,FINALIZADA,PINA,AV HERCULANO BANDEIRA,990,RUA ARQUITETO AUGUSTO REINALDO,EM FRENTE AO ATACADO DA CONSTRUÇÃO,AV HERCULANO BANDEIRA,990,EM FRENTE AO ATACADO DA CONSTRUÇÃO,PINA,660,SUBURBIO,ABALROAMENTO TRANSVERSAL,COLISÃO SEM VITIMAS,1,,,,,1,,,,0,,Cruzamento,Chuvoso,Sem defeito,Perfeito estado,Molhada,Perfeito estado,Faixa de pedestre,Outras,60 km/h,Única,Faixa seccionada,"",""
700,2019-01-28T00:00:00,07:01:00,COM VÍTIMA,FINALIZADA,BOA VIAGEM,AV RECIFE,"","",SENTIDO AEROPORTO. PROX PADARIA VILA DO PÃO,AV RECIFE,"",SENTIDO AEROPORTO. PROX PADARIA VILA DO PÃO,BOA VIAGEM,,AEROPORTO,CAPOTAMENTO,"CONDUTOR PERDEU O CONTROLE DO VEÍCULO, BATEU NUMA ÁRVORE E CAPOTOU.",1,,,,,,,,,1,,Longo da via,Chuvoso,Não existe,Perfeito estado,Molhada,Perfeito estado,Não existe,Não há placas,60 km/h,Dupla,Canteiro central,"",""
701,2019-01-28T00:00:00,07:40:00,SEM VÍTIMA,FINALIZADA,VÁRZEA,AV JOAQUIM RIBEIRO,"",RUA FRANCISCO TORRES,UPA DA CAXANGÁ,AV JOAQUIM RIBEIRO,"",UPA DA CAXANGÁ,VÁRZEA,368,SUBURBIO,COLISÃO TRASEIRA,SEM VÍTIMAS,3,,,,,,,,,0,,Longo da via,Chuvoso,Sem defeito,Perfeito estado,Molhada,Perfeito estado,Faixa de pedestre,Não há placas,"",Dupla,Canteiro central,"",""
702,2019-01-28T00:00:00,08:11:00,SEM VÍTIMA,FINALIZADA,TORRÕES,AV ENGENHEIRO ABDIAS DE CARVALHO,"","",PRAÇA DA CHESF,AV ENGENHEIRO ABDIAS DE CARVALHO,"",PRAÇA DA CHESF,TORRÕES,422,CIDADE,COLISÃO TRASEIRA,"SEM VITIMAS,CTTU NO LOCAL",,2,,,,,,,,0,,Cruzamento,Chuvoso,Sem defeito,Perfeito estado,Molhada,Perfeito estado,Agente,Não há placas,"",Dupla,Canteiro central,"",""
703,2019-01-28T00:00:00,08:40:00,SEM VÍTIMA,FINALIZADA,MADALENA,RUA REAL DA TORRE,"","",LADO OPOSTO A PARADA DE ÔNIBUS 180426,RUA REAL DA TORRE,"",LADO OPOSTO A PARADA DE ÔNIBUS 180426,MADALENA,,CIDADE,COLISÃO TRASEIRA,COLISÃO SEM VITIMAS,2,,,,,,,,,0,,Longo da via,Chuvoso,Sem defeito,Perfeito estado,Molhada,Perfeito estado,Faixa de pedestre,Outras,60 km/h,Única,Faixa seccionada,"",""
704,2019-01-28T00:00:00,10:34:00,SEM VÍTIMA,FINALIZADA,AFLITOS,AV CONS ROSA E SILVA,1087,RUA BARAO DE CONTENDAS,EM FRENTE AO CLUBE NAUTICO,AV CONS ROSA E SILVA,1087,EM FRENTE AO CLUBE NAUTICO,AFLITOS,99,"",COLISÃO,COLISÃO SEM VITIMAS,2,,,,,,,,,0,,"","","","","","","","","","","","",""
705,2019-01-28T00:00:00,11:21:00,SEM VÍTIMA,FINALIZADA,IPSEP,RUA PADRE LIMA E SA,178,RUA ADOLFO FARO,"",RUA PADRE LIMA E SA,178,"",IPSEP,,SUBURBIO,ABALROAMENTO TRANSVERSAL,ENTRE AUTOS S/V.,2,,,,,,,,,0,,Cruzamento,Chuvoso,Não existe,Incompleta,Molhada,Perfeito estado,Não existe,Não há placas,"",Única,Não existe,"",""
706,2019-01-28T00:00:00,11:43:00,COM VÍTIMA,FINALIZADA,ENCRUZILHADA,RUA ALFREDO DE CASTRO,171,"",AO LADO DA CONCESSIONARIA MITSUBISHI,RUA ALFREDO DE CASTRO,171,AO LADO DA CONCESSIONARIA MITSUBISHI,ENCRUZILHADA,,SUBURBIO,CHOQUE VEÍCULO PARADO,COLISÃO COM VITIMA ,1,1,,,,,,,,1,,Longo da via,Chuvoso,Com defeito,Perfeito estado,Molhada,Perfeito estado,"",Não há placas,"",Única,"","",""
707,2019-01-27T00:00:00,11:00:00,COM VÍTIMA,FINALIZADA,JOANA BEZERRA,VIADUTO CAPITAO TEMUDO,"","",SOBRE O VIADUTO,VIADUTO CAPITAO TEMUDO,"",SOBRE O VIADUTO,JOANA BEZERRA,,SUBURBIO,COLISÃO TRASEIRA,COLISÃO ENVOLVENDO DOIS AUTOMÓVEIS E UMA MOTOCICLETA.,2,1,,,,,,,,1,,Cruzamento,Bom,Não existe,Perfeito estado,Seca,Perfeito estado,"",Outras,60 km/h,Dupla,Canteiro central,"",""
708,2019-01-28T00:00:00,15:58:00,SEM VÍTIMA,FINALIZADA,CASA AMARELA,RUA PADRE LEMOS,391,"",EM FRENTE A CASA PIO,RUA PADRE LEMOS,391,EM FRENTE A CASA PIO,CASA AMARELA,,CIDADE,ABALROAMENTO LONGITUDINAL,COLISÃO SEM VÍTIMA,1,,,,,1,,,,0,,Longo da via,Bom,Não existe,Perfeito estado,Seca,Perfeito estado,Não existe,R-6a,"",Dupla,Faixa seccionada,"",""
709,2019-01-28T00:00:00,16:05:00,SEM VÍTIMA,FINALIZADA,BOA VIAGEM,RUA FRANCISCO DA CUNHA,995,"",E/F A PADARIA PARQUE DO TRIGO DELICATESSEN,RUA FRANCISCO DA CUNHA,995,E/F A PADARIA PARQUE DO TRIGO DELICATESSEN,BOA VIAGEM,,CIDADE,ABALROAMENTO TRANSVERSAL,COLISAO ENTRE DOIS AUTOS S/V,2,,,,,,,,,0,,Longo da via,Bom,Não existe,Perfeito estado,Seca,Perfeito estado,Não existe,Não há placas,"",Única,Faixa seccionada,"",""
710,2019-01-28T00:00:00,16:10:00,SEM VÍTIMA,FINALIZADA,BOA VISTA,RUA DO HOSPICIO,"",RUA PRINCESA IZABEL,PRÓXIMO AO HOSPITAL GERAL DO RECIFE,RUA DO HOSPICIO,"",PRÓXIMO AO HOSPITAL GERAL DO RECIFE,BOA VISTA,31,CIDADE,ABALROAMENTO TRANSVERSAL,COLISAO ENTRE ONIBUS E AUTO S/V,1,,,,,1,,,,0,,Longo da via,Bom,Sem defeito,Perfeito estado,Seca,Perfeito estado,Faixa de pedestre,R-6a,"",Única,Não existe,"",""
711,2019-01-28T00:00:00,17:20:00,SEM VÍTIMA,CANCELADA,PARNAMIRIM,AV PARNAMIRIM,448,"",EM FRENTE A GALERIA PARNAMIRIM CENTER,AV PARNAMIRIM,448,EM FRENTE A GALERIA PARNAMIRIM CENTER,PARNAMIRIM,,"",COLISÃO,COLISÃO SEM VÍTIMA,1,,,,,,1,,,0,,"","","","","","","","","","","","",""
712,2019-01-28T00:00:00,18:35:00,SEM VÍTIMA,CANCELADA,BOA VIAGEM,AV DOM JOAO VI,"","",NO CANAL POR TRAS DO HIPER DE BOA VIAGEM,AV DOM JOAO VI,"",NO CANAL POR TRAS DO HIPER DE BOA VIAGEM,BOA VIAGEM,,"",COLISÃO,COLISÃO S/V,,1,,,,,1,,,0,,"","","","","","","","","","","","",""
713,2019-01-28T00:00:00,19:20:00,SEM VÍTIMA,CANCELADA,CASA AMARELA,EST MORRO DA CONCEICAO,"","",DESCIDA DO MORRO DA CONCEIÇAO,EST MORRO DA CONCEICAO,"",DESCIDA DO MORRO DA CONCEIÇAO,CASA AMARELA,,"",COLISÃO,"",,,,,,,,,,0,,"","","","","","","","","","","","",""
714,2019-01-28T00:00:00,19:23:00,SEM VÍTIMA,FINALIZADA,ÁGUA FRIA,RUA DAS MOCAS,1271,"",RUA MANOEL SILVA C/ RUA DAS MOÇAS C/ CANAL DO JACAREZINHO,RUA DAS MOCAS,1271,RUA MANOEL SILVA C/ RUA DAS MOÇAS C/ CANAL DO JACAREZINHO,ÁGUA FRIA,,SUBURBIO,ABALROAMENTO LONGITUDINAL,ENTRE AUTO E MOTO. S/V,1,1,,,,,,,,0,,Cruzamento,Bom,Não existe,Perfeito estado,Seca,Perfeito estado,Não existe,Não há placas,"",Dupla,Faixa seccionada,"",""
715,2019-01-28T00:00:00,19:30:00,SEM VÍTIMA,FINALIZADA,SAN MARTIN,AV ENGENHEIRO ABDIAS DE CARVALHO,"",AV GENERAL SAN MARTIN,SEMÁFORO 058,AV ENGENHEIRO ABDIAS DE CARVALHO,"",SEMÁFORO 058,SAN MARTIN,58,SUBURBIO,COLISÃO TRASEIRA,ENTRE 2 AUTOS. S/V,2,,,,,,,,,0,,Cruzamento,Chuvoso,Sem defeito,Perfeito estado,Molhada,Perfeito estado,Faixa de pedestre,Não há placas,"",Dupla,Canteiro central,"",""
716,2019-01-28T00:00:00,21:02:00,SEM VÍTIMA,FINALIZADA,CASA AMARELA,EST DO ENCANAMENTO,"",RUA IRMA LUCIA,"",EST DO ENCANAMENTO,"","",CASA AMARELA,,CIDADE,ABALROAMENTO TRANSVERSAL,COLISÃO COM VITIMA,2,,,,,,,,,0,,Cruzamento,Chuvoso,Não existe,Perfeito estado,Molhada,Perfeito estado,"",Placas Pare,"",Única,Faixa seccionada,"",""
717,2019-01-28T00:00:00,21:39:00,SEM VÍTIMA,FINALIZADA,IMBIRIBEIRA,AV MARECHAL MASCARENHAS DE MORAES,"","",FACULDADE UNIVERSO,AV MARECHAL MASCARENHAS DE MORAES,"",FACULDADE UNIVERSO,IMBIRIBEIRA,,"",COLISÃO TRASEIRA,ENTRE 2 AUTOS. S/V,2,,,,,,,,,0,,Longo da via,Chuvoso,Intermitente,Incompleta,Molhada,Perfeito estado,Faixa de pedestre,Não há placas,60 km/h,Única,Faixa contínua,Canteiro central,""