_id,DATA,hora,natureza_acidente,situacao,bairro,endereco,numero,detalhe_endereco_acidente,complemento,endereco_cruzamento,numero_cruzamento,referencia_cruzamento,bairro_cruzamento,num_semaforo,sentido_via,tipo,descricao,auto,moto,ciclom,ciclista,pedestre,onibus,caminhao,viatura,outros,vitimas,vitimasfatais,acidente_verificado,tempo_clima,situacao_semaforo,sinalizacao,condicao_via,conservacao_via,ponto_controle,situacao_placa,velocidade_max_via,mao_direcao,divisao_via1,divisao_via2,divisao_via3
718,2019-01-29T00:00:00,00:02:00,SEM VÍTIMA,FINALIZADA,BOA VIAGEM,AV DES JOSE NEVES,"","",TÚNEL,AV DES JOSE NEVES,"",TÚNEL,BOA VIAGEM,,SUBURBIO,COLISÃO TRASEIRA,COLISÃO ENTRE DOIS AUTOS S/V,2,,,,,,,,,0,,Outros,Chuvoso,Não existe,Perfeito estado,Molhada,Perfeito estado,Não existe,Não há placas,"",Única,Faixa,"",""
719,2019-01-29T00:00:00,07:53:00,COM VÍTIMA,FINALIZADA,IBURA,AV DOIS RIOS,181,"",PROX. A JSS PNEUS BORRACHARIA. IGREJA BATISTA VALE DOS RIOS,AV DOIS RIOS,181,PROX. A JSS PNEUS BORRACHARIA. IGREJA BATISTA VALE DOS RIOS,IBURA,,CIDADE,COLISÃO TRASEIRA,DUAS MOTOS,,2,,,,,,,,1,,Longo da via,Chuvoso,Não existe,Perfeito estado,Molhada,Perfeito estado,Não existe,"",40 km/h,Dupla,Faixa,"",""
720,2019-01-29T00:00:00,08:13:00,COM VÍTIMA,FINALIZADA,CAMPO GRANDE,RUA ODORICO MENDES,166,RUA VISCONDE DE CAIRU,PROX. AO CLUBE DAS PÁS,RUA ODORICO MENDES,166,PROX. AO CLUBE DAS PÁS,CAMPO GRANDE,,SUBURBIO,ABALROAMENTO LONGITUDINAL,AUTO E MOTO,1,1,,,,,,,,1,,Cruzamento,Bom,Não existe,Perfeito estado,Seca,Perfeito estado,Não existe,Placas Pare,"",Dupla,Faixa seccionada,"",""
721,2019-01-29T00:00:00,08:28:00,SEM VÍTIMA,FINALIZADA,MADALENA,AV CAXANGA,1110 A,"",PRÓX AO GREEN VILLE RESIDENCIAL,AV CAXANGA,1110 A,PRÓX AO GREEN VILLE RESIDENCIAL,MADALENA,,"",COLISÃO,AUTO X ÔNIBUS S/V,1,,,,,1,,,,0,,"","","","","","","","","","","","",""
722,2019-01-29T00:00:00,09:23:00,SEM VÍTIMA,FINALIZADA,AFOGADOS,RUA LONDRINA,"","",EM FRENTE A MATERNIDADE BANDEIRA FILHO,RUA LONDRINA,"",EM FRENTE A MATERNIDADE BANDEIRA FILHO,AFOGADOS,,CIDADE,ABALROAMENTO LONGITUDINAL,SEM VITIMAS,2,,,,,,,,,0,,Longo da via,Bom,Não existe,Perfeito estado,Seca,Perfeito estado,Não existe,Não há placas,"",Dupla,Não existe,"",""
723,2019-01-29T00:00:00,09:27:00,SEM VÍTIMA,FINALIZADA,AFOGADOS,RUA SAO MIGUEL,"","","AO LADO DO Nº 436, EM FRENTE AO POSTO DE GASOLINA",RUA SAO MIGUEL,"","AO LADO DO Nº 436, EM FRENTE AO POSTO DE GASOLINA",AFOGADOS,,SUBURBIO,ABALROAMENTO LONGITUDINAL,SEM VITIMAS,2,,,,,,,,,0,,Longo da via,Bom,Não existe,Perfeito estado,Seca,Perfeito estado,Não existe,Não há placas,50 km/h,Dupla,Faixa contínua,"",""
724,2019-01-29T00:00:00,10:11:00,SEM VÍTIMA,CANCELADA,BOA VIAGEM,RUA PROFESSOR JOAO MEDEIROS,323,RUA ERNESTO DE PAULA SANTOS,EM FRENTE AO EDF CASTELO BRUNO RENDA,RUA PROFESSOR JOAO MEDEIROS,323,EM FRENTE AO EDF CASTELO BRUNO RENDA,BOA VIAGEM,,"",COLISÃO,SEM VITIMAS,1,,,,,,1,,,0,,"","","","","","","","","","","","",""
725,2019-01-29T00:00:00,10:26:00,SEM VÍTIMA,CANCELADA,BARRO,AV DR JOSE RUFINO,1958,"",EM FRENTE AO POSTO DE GASOLINA PETRO ISA,AV DR JOSE RUFINO,1958,EM FRENTE AO POSTO DE GASOLINA PETRO ISA,BARRO,,CIDADE,COLISÃO,SEM VITIMAS,1,,,,,1,,,,0,,"","","","","","","","","","","","",""
726,2019-01-29T00:00:00,10:48:00,SEM VÍTIMA,FINALIZADA,BOA VIAGEM,AV CONSELHEIRO AGUIAR,2255,RUA HENRIQUE CAPITULINO,"",AV CONSELHEIRO AGUIAR,2255,"",BOA VIAGEM,143,SUBURBIO,ABALROAMENTO LONGITUDINAL,ENTRE AUTOS S/V.,2,,,,,,,,,0,,Cruzamento,Bom,Sem defeito,Perfeito estado,Seca,Perfeito estado,Faixa de pedestre,Outras,60 km/h,Única,Faixa seccionada,"",""
727,2019-01-29T00:00:00,11:13:00,SEM VÍTIMA,CANCELADA,BOA VISTA,AV MANOEL BORBA,869,"",PROX. AO EDF. AMELIA MALUF,AV MANOEL BORBA,869,PROX. AO EDF. AMELIA MALUF,BOA VISTA,,"",COLISÃO,DOIS AUTOS,2,,,,,,,,,0,,"","","","","","","","","","","","",""
728,2019-01-29T00:00:00,11:25:00,COM VÍTIMA,FINALIZADA,IMBIRIBEIRA,AV MARECHAL MASCARENHAS DE MORAES,5905,"","MOVIDA LOCADORA DE VEÍCULOS, SENTIDO PRAZERES. PROX A ALÇA DO AEROPORTO.",AV MARECHAL MASCARENHAS DE MORAES,5905,"MOVIDA LOCADORA DE VEÍCULOS, SENTIDO PRAZERES. PROX A ALÇA DO AEROPORTO.",IMBIRIBEIRA,,CIDADE,ABALROAMENTO TRANSVERSAL,COM UMA VÍTIMA A ESPERA DO SAMU,1,1,,,,,,,,1,,Longo da via,Bom,Não existe,Perfeito estado,Seca,Perfeito estado,"",Não há placas,40 km/h,Dupla,Faixa contínua,"",""
729,2019-01-29T00:00:00,11:34:00,SEM VÍTIMA,DUPLICIDADE,BOA VISTA,AV MANOEL BORBA,869,"",EM FRENTE AO EDF AMELIA MALUF,AV MANOEL BORBA,869,EM FRENTE AO EDF AMELIA MALUF,BOA VISTA,,"",COLISÃO,SEM VITIMAS,2,,,,,,,,,0,,"","","","","","","","","","","","",""
730,2019-01-29T00:00:00,11:53:00,SEM VÍTIMA,FINALIZADA,IMBIRIBEIRA,AV ANTONIO TORRES GALVAO,355,"",EM FRENTE A FORD,AV ANTONIO TORRES GALVAO,355,EM FRENTE A FORD,IMBIRIBEIRA,,SUBURBIO,COLISÃO TRASEIRA,ENTRE AUTOS S/V.,2,,,,,,,,,0,,Longo da via,Bom,Não existe,Incompleta,Seca,Mal conservada,Não existe,Outras,"",Única,Faixa seccionada,"",""
731,2019-01-29T00:00:00,12:19:00,SEM VÍTIMA,DUPLICIDADE,BOA VIAGEM,AV GOVERNADOR TORRES GALVAO,355,"",PROX. A LOJA DA FORD E DA AUDI,AV GOVERNADOR TORRES GALVAO,355,PROX. A LOJA DA FORD E DA AUDI,BOA VIAGEM,,"",COLISÃO,DOIS AUTOS S/V,2,,,,,,,,,0,,"","","","","","","","","","","","",""
732,2019-01-29T00:00:00,12:19:00,SEM VÍTIMA,FINALIZADA,BOA VISTA,RUA AURORA,"","",EM FRENTE AO NÚMERO 127,RUA AURORA,"",EM FRENTE AO NÚMERO 127,BOA VISTA,,CIDADE,ABALROAMENTO LONGITUDINAL,COLISAO ENTRE DOIS AUTOS S/V,2,,,,,,,,,0,,Longo da via,Bom,Sem defeito,Perfeito estado,Seca,Perfeito estado,"",Outras,"",Única,Faixa seccionada,"",""
733,2019-01-29T00:00:00,13:56:00,SEM VÍTIMA,CANCELADA,IPSEP,AV RECIFE,3777,1 TRV JUSTICA E PAZ,"EM FRENTE AO WALMART, SENTIDO AEROPORTO",AV RECIFE,3777,"EM FRENTE AO WALMART, SENTIDO AEROPORTO",IPSEP,,"",COLISÃO,ENTRE DOIS AUTOS S/V,2,,,,,,,,,0,,"","","","","","","","","","","","",""
734,2019-01-29T00:00:00,14:00:00,SEM VÍTIMA,FINALIZADA,CÓRREGO DO JENIPAPO,RUA DA DEMOCRACIA,18,AV DA RECUPERACAO,"",RUA DA DEMOCRACIA,18,"",CÓRREGO DO JENIPAPO,,"",ABALROAMENTO LONGITUDINAL,COLISAO ENTRE AUTO E ONIBUS S/V,1,,,,,1,,,,0,,Longo da via,Bom,Não existe,Perfeito estado,Seca,Perfeito estado,Não existe,Não há placas,40 km/h,Dupla,Não existe,"",""
735,2019-01-29T00:00:00,14:22:00,SEM VÍTIMA,FINALIZADA,SANTO AMARO,RUA ALVARES DE AZEVEDO,110,"",CLÍNICA HARLEY STREET,RUA ALVARES DE AZEVEDO,110,CLÍNICA HARLEY STREET,SANTO AMARO,,CIDADE,ABALROAMENTO LONGITUDINAL,COLISAO ENTRE DOIS AUTOS S/V,2,,,,,,,,,0,,Longo da via,Bom,Não existe,Incompleta,Seca,Perfeito estado,Faixa de pedestre,Não há placas,"",Única,Faixa contínua,"",""
736,2019-01-31T00:00:00,18:15:00,SEM VÍTIMA,FINALIZADA,ESPINHEIRO,AV GOVERNADOR AGAMENON MAGALHAES,"",RUA SAO SALVADOR,APOS O MEDICAL CENTER,AV GOVERNADOR AGAMENON MAGALHAES,"",APOS O MEDICAL CENTER,ESPINHEIRO,,"",COLISÃO,COLISÃO SEM VITIMAS,2,,,,,,,,,0,,"","","","","","","","","","","","",""
737,2019-01-29T00:00:00,14:33:00,SEM VÍTIMA,FINALIZADA,PINA,PTE GOVERNADOR PAULO GUERRA,"","",PRÓX AO ACESSO AO SHOPPP RIOMAR,PTE GOVERNADOR PAULO GUERRA,"",PRÓX AO ACESSO AO SHOPPP RIOMAR,PINA,,SUBURBIO,ABALROAMENTO LONGITUDINAL,COLISAO ENTRE AUTO E ONIBUS S/V,1,,,,,1,,,,0,,Ponte,Bom,Não existe,Perfeito estado,Seca,Perfeito estado,Não existe,"",60 km/h,Única,Faixa contínua,"",""
738,2019-01-29T00:00:00,14:56:00,SEM VÍTIMA,FINALIZADA,BOA VIAGEM,RUA DES JOAO PAES,"",RUA CORONEL ANIZIO RODRIGUES COELHO,"",RUA DES JOAO PAES,"","",BOA VIAGEM,,"",ABALROAMENTO TRANSVERSAL,COLISÃO SEM VITIMAS,1,,,,,1,,,,0,,Cruzamento,Bom,Não existe,Incompleta,Seca,Perfeito estado,Faixa de pedestre,Placas Pare,"",Única,Faixa seccionada,"",""
739,2019-01-29T00:00:00,15:27:00,SEM VÍTIMA,FINALIZADA,BOA VIAGEM,AV CONSELHEIRO AGUIAR,"","",PROX A CAIXA ECONÔMICA,AV CONSELHEIRO AGUIAR,"",PROX A CAIXA ECONÔMICA,BOA VIAGEM,,"",COLISÃO,COLISÃO SEM VITIMAS,1,,,,,1,,,1,0,,"","","","","","","","","","","","",""
740,2019-01-29T00:00:00,16:06:00,SEM VÍTIMA,FINALIZADA,IMBIRIBEIRA,AV MARECHAL MASCARENHAS DE MORAES,1482,"","",AV MARECHAL MASCARENHAS DE MORAES,1482,"",IMBIRIBEIRA,,SUBURBIO,COLISÃO TRASEIRA,ENTRE DOIS AUTOS S/V,2,,,,,,,,,0,,Longo da via,Bom,Sem defeito,Perfeito estado,Seca,Perfeito estado,Faixa de pedestre,R-6a,"",Dupla,Canteiro central,"",""
741,2019-01-29T00:00:00,19:10:00,COM VÍTIMA,FINALIZADA,PASSARINHO,EST DO PASSARINHO,3550,RUA ANDORINHA,INGREJA EVANGÉLICA QUADRANGULAR,EST DO PASSARINHO,3550,INGREJA EVANGÉLICA QUADRANGULAR,PASSARINHO,,SUBURBIO,ABALROAMENTO LONGITUDINAL,AUTO X MOTO C/V,1,1,,,,,,,,1,,Longo da via,Bom,Não existe,Perfeito estado,Seca,Perfeito estado,Não existe,Não há placas,"",Dupla,Não existe,"",""
742,2019-01-29T00:00:00,20:07:00,COM VÍTIMA,FINALIZADA,SANTO AMARO,RUA RAMPA,"","",PROX. AO SHOPPING TACARUNA,RUA RAMPA,"",PROX. AO SHOPPING TACARUNA,SANTO AMARO,,CIDADE,COLISÃO COM CICLISTA,MOTO X BICICLETA,,1,,1,,,,,,1,,Longo da via,Bom,Sem defeito,Perfeito estado,Seca,Perfeito estado,"","","","","","",""
743,2019-01-29T00:00:00,20:38:00,SEM VÍTIMA,FINALIZADA,"",RUA VALE DO CARIRI,"",RUA PERO VAZ DE CAMINHA,IGREJA ASSEMBLEIA DE DEUS,RUA VALE DO CARIRI,"",IGREJA ASSEMBLEIA DE DEUS,"",,"",ABALROAMENTO TRANSVERSAL,ENTRE AUTO PASSEIO E ÔNIBUS. S/V,1,,,,,1,,,,0,,"",Bom,Não existe,Perfeito estado,Seca,Perfeito estado,"","","",Dupla,"","",""
744,2019-01-30T00:00:00,06:35:00,SEM VÍTIMA,FINALIZADA,IPSEP,AV RECIFE,3390,"",EM FRENTE A R2 EQUIPADORA,AV RECIFE,3390,EM FRENTE A R2 EQUIPADORA,IPSEP,,BOA VIAGEM,COLISÃO,COLISÃO SEM VITIMAS,2,,,,,,,,,0,,"","","","","","","","","","","","",""
745,2019-01-30T00:00:00,07:41:00,COM VÍTIMA,FINALIZADA,CASA AMARELA,AV NORTE,5786,RUA VISCONDE DE TAUNAY,EM FRENTE AO NUCLEO DE CASA AMARELA E A AGENCIA DE EMPREGO.,AV NORTE,5786,EM FRENTE AO NUCLEO DE CASA AMARELA E A AGENCIA DE EMPREGO.,CASA AMARELA,,CIDADE,ABALROAMENTO TRANSVERSAL,COLISÃO ENTRE AUTO E MOTOCICLETA.,1,1,,,,,,,,1,,Longo da via,Bom,Sem defeito,Perfeito estado,Seca,Perfeito estado,Não existe,Não há placas,"",Dupla,Canteiro central,"",""
746,2019-01-30T00:00:00,07:44:00,SEM VÍTIMA,FINALIZADA,PINA,AV ANTONIO DE GOES,"","",SEMÁFORO Nº 656,AV ANTONIO DE GOES,"",SEMÁFORO Nº 656,PINA,656,CIDADE,COLISÃO TRASEIRA,SEM VITIMAS.,2,,,,,,,,,0,,Longo da via,Chuvoso,Sem defeito,Perfeito estado,Molhada,Perfeito estado,Agente,Outras,60 km/h,Única,Faixa contínua,Faixa seccionada,Canteiro central
747,2019-01-30T00:00:00,08:08:00,SEM VÍTIMA,FINALIZADA,ILHA DO RETIRO,"","",PRC DA BANDEIRA,POSTE DE ILUMINAÇÃO PÚBLICA B020843,"","",POSTE DE ILUMINAÇÃO PÚBLICA B020843,ILHA DO RETIRO,,CIDADE,ABALROAMENTO LONGITUDINAL,COLISÃO SEM VITIMAS,2,,,,,,,,,0,,Cruzamento,Bom,Não existe,Perfeito estado,Seca,Perfeito estado,Outros,Outras,"",Única,Outros,"",""
748,2019-01-30T00:00:00,08:52:00,SEM VÍTIMA,FINALIZADA,SANTO ANTÔNIO,PRC DA REPUBLICA,"","",EM FRENTE AO TJPE,PRC DA REPUBLICA,"",EM FRENTE AO TJPE,SANTO ANTÔNIO,,CIDADE,ACID. DE PERCURSO,SOLICITAÇÃO DE PÓ DE SERRA,1,,,,,,,,,0,,"","","","","","","","","","","","",""
749,2019-01-30T00:00:00,09:33:00,SEM VÍTIMA,FINALIZADA,BONGI,AV ENGENHEIRO ABDIAS DE CARVALHO,"","",EM FRENTE A FACULDADE ESTACIO,AV ENGENHEIRO ABDIAS DE CARVALHO,"",EM FRENTE A FACULDADE ESTACIO,BONGI,327,CIDADE,COLISÃO TRASEIRA,COLISÃO SEM VITIMAS,1,1,,,,,,,,0,,Longo da via,Bom,Sem defeito,Perfeito estado,Seca,Perfeito estado,Não existe,Outras,"",Dupla,Canteiro central,"",""
750,2019-01-30T00:00:00,09:37:00,SEM VÍTIMA,FINALIZADA,SANTO AMARO,RUA DOS PALMARES,"",RUA MAJOR CODECEIRA,"",RUA DOS PALMARES,"","",SANTO AMARO,,SUBURBIO,ABALROAMENTO TRANSVERSAL,COLISÃO SEM VITIMAS,2,,,,,,,,,0,,Cruzamento,Bom,Não existe,Ilegível,Seca,Perfeito estado,Não existe,R-6a,40 km/h,Única,Não existe,"",""
751,2019-01-30T00:00:00,10:04:00,SEM VÍTIMA,FINALIZADA,SANTO AMARO,AV CRUZ CABUGA,"","",EM FRENTE A CAIXA ECONOMICA,AV CRUZ CABUGA,"",EM FRENTE A CAIXA ECONOMICA,SANTO AMARO,,"",COLISÃO TRASEIRA,COLISÃO SEM VITIMAS,1,,,,,1,,,,0,,Longo da via,Bom,Sem defeito,Perfeito estado,Seca,Perfeito estado,Outros,Outras,"",Dupla,Faixa contínua,"",""
752,2019-01-30T00:00:00,10:05:00,SEM VÍTIMA,FINALIZADA,"",RUA AVIADOR SEVERIANO LINS,131,RUA DONA BENVINDA DE FARIAS,"",RUA AVIADOR SEVERIANO LINS,131,"","",,"",ABALROAMENTO LONGITUDINAL,SEM VÍTIMA.,2,,,,,,,,,0,,Cruzamento,Bom,Não existe,Perfeito estado,Seca,Perfeito estado,Não existe,Placas Pare,"",Dupla,Não existe,"",""
753,2019-01-30T00:00:00,10:32:00,SEM VÍTIMA,FINALIZADA,TORRÕES,AV ENGENHEIRO ABDIAS DE CARVALHO,"",EST DO FORTE DO ARRAIAL N. DO B. JESUS,EM FRENTE AO POSTO IPIRANGA,AV ENGENHEIRO ABDIAS DE CARVALHO,"",EM FRENTE AO POSTO IPIRANGA,TORRÕES,375,"",COLISÃO TRASEIRA,SEM VITIMAS,2,,,,,,1,,,0,,Cruzamento,Bom,Sem defeito,Perfeito estado,Seca,Perfeito estado,Faixa de pedestre,R-6a,60 km/h,Dupla,Canteiro central,"",""
754,2019-01-30T00:00:00,11:36:00,SEM VÍTIMA,FINALIZADA,GRAÇAS,RUA DAS CREOULAS,260,"",EM FRENTE AO RESTAURANTE MACUNAIMA,RUA DAS CREOULAS,260,EM FRENTE AO RESTAURANTE MACUNAIMA,GRAÇAS,,CIDADE,COLISÃO TRASEIRA,SEM VITIMAS,2,,,,,,,,,0,,Longo da via,Bom,Não existe,Perfeito estado,Seca,Perfeito estado,Faixa de pedestre,R-6a,"",Única,Faixa seccionada,"",""
755,2019-01-30T00:00:00,11:39:00,COM VÍTIMA,FINALIZADA,AFOGADOS,RUA JOAO IVO DA SILVA,"",RUA PADRE TEOFILO TWORZ,PRÓXIMO A TUPAN.,RUA JOAO IVO DA SILVA,"",PRÓXIMO A TUPAN.,AFOGADOS,503,SUBURBIO,ABALROAMENTO TRANSVERSAL,COLISÃO ENTRE AUTO E MOTOCICLETA.,1,1,,,,,,,,1,,Cruzamento,Bom,Sem defeito,Perfeito estado,Seca,Perfeito estado,Faixa de pedestre,Não há placas,"",Única,Faixa seccionada,"",""
756,2019-01-30T00:00:00,11:47:00,COM VÍTIMA,DUPLICIDADE,AFOGADOS,RUA COSME VIANA,"","",PROX A TUPAN EM CIMA DO PONTILHÃO,RUA COSME VIANA,"",PROX A TUPAN EM CIMA DO PONTILHÃO,AFOGADOS,,"",COLISÃO,COLISÃO COM VITIMA SOCORRIDA PELO SAMU,1,1,,,,,,,,1,,"","","","","","","","","","","","",""
757,2019-01-30T00:00:00,11:47:00,SEM VÍTIMA,FINALIZADA,IMBIRIBEIRA,AV MARECHAL MASCARENHAS DE MORAES,"",RUA JOAQUIM BANDEIRA,EM FRENTE A EUROVIA,AV MARECHAL MASCARENHAS DE MORAES,"",EM FRENTE A EUROVIA,IMBIRIBEIRA,534,SUBURBIO,ABALROAMENTO LONGITUDINAL,SEM VÍTIMAS,1,,,,,1,,,,0,,Cruzamento,Chuvoso,Sem defeito,Perfeito estado,Molhada,Mal conservada,Faixa de pedestre,Outras,60 km/h,Dupla,Canteiro central,"",""
758,2019-01-30T00:00:00,11:58:00,COM VÍTIMA,FINALIZADA,SANTO AMARO,AV CRUZ CABUGA,"",RUA FREI CASSIMIRO,COLISÃO COM VÍTIMA ÔNIBUS DA EMPRESA CIDADE ALTA X CICLISTA - UMA SENHORA QUE ESTÁ NA ESPERA DE SOCORRO SAMU OU BOMBEIROS,AV CRUZ CABUGA,"",COLISÃO COM VÍTIMA ÔNIBUS DA EMPRESA X CICLISTA - UMA SENHORA QUE ESTÁ NA ESPERA DE SOCORRO SAMU OU BOMBEIROS,SANTO AMARO,,CIDADE,COLISÃO COM CICLISTA,VW/ MARCO POLO TORINO PLACA - X BICICLETA,,,,1,,1,,,,1,,Cruzamento,Bom,Não existe,Perfeito estado,Seca,Perfeito estado,Não existe,Não há placas,60 km/h,Dupla,Faixa contínua,"",""
759,2019-01-30T00:00:00,12:03:00,SEM VÍTIMA,FINALIZADA,IMBIRIBEIRA,AV MARECHAL MASCARENHAS DE MORAES,2097,"",MITSUBISHI MOTORS,AV MARECHAL MASCARENHAS DE MORAES,2097,MITSUBISHI MOTORS,IMBIRIBEIRA,534,CIDADE,COLISÃO TRASEIRA,COLISÃO SEM VÍTIMA,3,,,,,,,,,0,,Longo da via,Bom,Sem defeito,Perfeito estado,Seca,Perfeito estado,Faixa de pedestre,Não há placas,60 km/h,Dupla,Canteiro central,"",""
760,2019-01-30T00:00:00,12:08:00,SEM VÍTIMA,FINALIZADA,TAMARINEIRA,AV NORTE,3745,RUA CONEGO BARATA,EM FRENTE A TRIAUTOS,AV NORTE,3745,EM FRENTE A TRIAUTOS,TAMARINEIRA,,SUBURBIO,ABALROAMENTO TRANSVERSAL,AUTO E AMBULANCIA S/V,1,,,,,,,1,,0,,Longo da via,Bom,Sem defeito,Perfeito estado,Seca,Perfeito estado,Faixa de pedestre,R-6a,"",Dupla,Canteiro central,"",""
761,2019-01-30T00:00:00,12:08:00,SEM VÍTIMA,FINALIZADA,ESTÂNCIA,AV RECIFE,"","",EM FRENTE AO MAKRO,AV RECIFE,"",EM FRENTE AO MAKRO,ESTÂNCIA,461,SUBURBIO,COLISÃO FRONTAL,COLISÃO SEM VÍTIMA,3,,,,,,,,,0,,Longo da via,Bom,Sem defeito,Perfeito estado,Seca,Perfeito estado,Não existe,Outras,"",Dupla,Canteiro central,"",""
762,2019-01-30T00:00:00,12:13:00,SEM VÍTIMA,FINALIZADA,BOA VIAGEM,AVENIDA CELSO FURTADO (VIA MANGUE),"","",SOBRE VIADUTO DOM JOÃO VI,AVENIDA CELSO FURTADO (VIA MANGUE),"",SOBRE VIADUTO DOM JOÃO VI,BOA VIAGEM,,SUBURBIO,ABALROAMENTO LONGITUDINAL,COLISÃO SEM VÍTIMA,2,,,,,,,,,0,,Viaduto,Bom,Não existe,Perfeito estado,Seca,Perfeito estado,Não existe,Não há placas,"",Única,Faixa seccionada,"",""
763,2019-01-30T00:00:00,12:27:00,SEM VÍTIMA,FINALIZADA,SANTO AMARO,AV GOVERNADOR AGAMENON MAGALHAES,"","",SOB O SEMÁFORO 378,AV GOVERNADOR AGAMENON MAGALHAES,"",SOB O SEMÁFORO 378,SANTO AMARO,378,"",COLISÃO TRASEIRA,DOIS AUTOS / CARRO FORTE,2,,,,,,,,1,0,,Longo da via,Bom,Sem defeito,Perfeito estado,Seca,Perfeito estado,Faixa de pedestre,Não há placas,60 km/h,Única,Faixa contínua,"",""
764,2019-01-30T00:00:00,12:32:00,SEM VÍTIMA,FINALIZADA,SANTO AMARO,AV CRUZ CABUGA,1200,RUA ALEXANDRE MOURA,"",AV CRUZ CABUGA,1200,"",SANTO AMARO,,SUBURBIO,ABALROAMENTO LONGITUDINAL,AUTO E ONIBUS S/V,1,,,,,1,,,,0,,Longo da via,Bom,Não existe,Perfeito estado,Seca,Perfeito estado,Faixa de pedestre,Outras,"",Única,Faixa seccionada,"",""
765,2019-01-30T00:00:00,12:44:00,SEM VÍTIMA,FINALIZADA,BONGI,RUA SANTA EDWIRGES,390,"",TJPE,RUA SANTA EDWIRGES,390,TJPE,BONGI,,SUBURBIO,ABALROAMENTO LONGITUDINAL,AUTO E MOTO,1,1,,,,,,,,0,,Longo da via,Bom,Não existe,"",Seca,Perfeito estado,Não existe,Outras,40 km/h,Única,Não existe,"",""
766,2019-01-30T00:00:00,12:55:00,SEM VÍTIMA,CANCELADA,PINA,PTE GOVERNADOR PAULO GUERRA,"","","EM CIMA DA PONTE, APOS A COMPESA, SENTIDO BOA VIAGEM",PTE GOVERNADOR PAULO GUERRA,"","EM CIMA DA PONTE, APOS A COMPESA, SENTIDO BOA VIAGEM",PINA,,"",COLISÃO,DOIS AUTOS S/V,2,,,,,,,,,0,,"","","","","","","","","","","","",""
767,2019-01-30T00:00:00,13:40:00,COM VÍTIMA,FINALIZADA,AFLITOS,AV SANTOS DUMONT,493,RUA TELES JUNIOR,LADO OPOSTO A FARMACIA EXTRA FARMA,AV SANTOS DUMONT,493,LADO OPOSTO A FARMACIA EXTRA FARMA,AFLITOS,,SUBURBIO,ABALROAMENTO TRANSVERSAL,COLISÃO ENTRE AUTO E MOTO,1,1,,,,,,,,1,,Cruzamento,Bom,Não existe,Perfeito estado,Seca,Perfeito estado,Não existe,R-6a,"",Única,Faixa seccionada,"",""
768,2019-01-30T00:00:00,13:47:00,SEM VÍTIMA,FINALIZADA,SÃO JOSÉ,RUA FLORIANO PEIXOTO,"",RUA DO PEIXOTO,"",RUA FLORIANO PEIXOTO,"","",SÃO JOSÉ,,"",ABALROAMENTO LONGITUDINAL,COLISÃO SEM VÍTIMA,1,,,,,1,,,,0,,Longo da via,Bom,Não existe,Perfeito estado,Seca,Perfeito estado,Não existe,Outras,40 km/h,Única,Não existe,"",""
769,2019-01-30T00:00:00,14:29:00,SEM VÍTIMA,FINALIZADA,VÁRZEA,AV AFONSO OLINDENSE,1383,"",EM FRENTE A FARMACIA PAGUE MENOS,AV AFONSO OLINDENSE,1383,EM FRENTE A FARMACIA PAGUE MENOS,VÁRZEA,,"",COLISÃO,ENTRE DOIS AUTOS S/V,2,,,,,,,,,0,,"","","","","","","","","","","","",""
770,2019-01-30T00:00:00,14:51:00,SEM VÍTIMA,FINALIZADA,CASA AMARELA,RUA BELA VISTA,212,RUA ENGENHEIRO DOMBER,"",RUA BELA VISTA,212,"",CASA AMARELA,,"",ABALROAMENTO TRANSVERSAL,AUTO E MOTO S/V,1,1,,,,,,,,0,,Cruzamento,Bom,Não existe,Perfeito estado,Seca,Perfeito estado,Não existe,R-19,40 km/h,Dupla,Não existe,"",""
771,2019-01-30T00:00:00,15:39:00,COM VÍTIMA,FINALIZADA,BOA VISTA,RUA DAS NINFAS,288,"",EM FRENTE A FACULDADE SAO MIGUEL,RUA DAS NINFAS,288,EM FRENTE A FACULDADE SAO MIGUEL,BOA VISTA,,CIDADE,CHOQUE VEÍCULO PARADO,AUTO E MOTO,1,1,,,,,,,,2,,Longo da via,Bom,Não existe,Não existente,Seca,Perfeito estado,Não existe,Não há placas,"",Dupla,Não existe,"",""
772,2019-01-30T00:00:00,15:41:00,SEM VÍTIMA,FINALIZADA,BOA VIAGEM,RUA DOS NAVEGANTES,3962,RUA RIBEIRO DE BRITO,"",RUA DOS NAVEGANTES,3962,"",BOA VIAGEM,,SUBURBIO,ABALROAMENTO TRANSVERSAL,DOIS AUTOS BATEDORES NO LOCAL,2,,,,,,,,,0,,Longo da via,Bom,Não existe,Perfeito estado,Seca,Perfeito estado,Não existe,Placas Pare,"",Única,Faixa seccionada,"",""
773,2019-01-30T00:00:00,16:21:00,SEM VÍTIMA,FINALIZADA,BOA VISTA,RUA BARAO DE SAO BORJA,232,RUA MARQUES AMORIM,EM FRENTE AO COREN,RUA BARAO DE SAO BORJA,232,EM FRENTE AO COREN,BOA VISTA,,"",COLISÃO,DOIS AUTOS S/V,2,,,,,,,,,0,,"","","","","","","","","","","","",""