_id,DATA,hora,natureza_acidente,situacao,bairro,endereco,numero,detalhe_endereco_acidente,complemento,endereco_cruzamento,numero_cruzamento,referencia_cruzamento,bairro_cruzamento,num_semaforo,sentido_via,tipo,descricao,auto,moto,ciclom,ciclista,pedestre,onibus,caminhao,viatura,outros,vitimas,vitimasfatais,acidente_verificado,tempo_clima,situacao_semaforo,sinalizacao,condicao_via,conservacao_via,ponto_controle,situacao_placa,velocidade_max_via,mao_direcao,divisao_via1,divisao_via2,divisao_via3
774,2019-01-30T00:00:00,17:18:00,SEM VÍTIMA,FINALIZADA,TORRE,RUA PROFESSOR TRAJANO DE MENDONCA,"",RUA FLORIANO FRANCISCO DE OLIVEIRA,"",RUA PROFESSOR TRAJANO DE MENDONCA,"","",TORRE,,SUBURBIO,ABALROAMENTO TRANSVERSAL,COLISÃO SEM VÍTIMA,2,,,,,,,,,0,,Longo da via,Bom,Não existe,Não existente,Seca,Perfeito estado,Não existe,R-6a,"",Única,Faixa seccionada,"",""
775,2019-01-30T00:00:00,18:05:00,COM VÍTIMA,FINALIZADA,AREIAS,RUA IPOJUCA,751,"",PRAÇA DO HEROI,RUA IPOJUCA,751,PRAÇA DO HEROI,AREIAS,,SUBURBIO,ABALROAMENTO TRANSVERSAL,COLISÃO COM VITIMA,1,1,,,,,,,,1,,Longo da via,Bom,Não existe,Não existente,Seca,Perfeito estado,Não existe,Não há placas,"",Dupla,Não existe,"",""
776,2019-01-30T00:00:00,18:09:00,COM VÍTIMA,FINALIZADA,MADALENA,AV VISCONDE DE ALBUQUERQUE,185,RUA ARNALDO BASTOS,E/F AO SANDUBA DO CARECA E AO LADO DA CULTURA INGLESA,AV VISCONDE DE ALBUQUERQUE,185,E/F AO SANDUBA DO CARECA E AO LADO DA CULTURA INGLESA,MADALENA,,BEIRA RIO,ABALROAMENTO TRANSVERSAL,COLISÃO ENTRE AUTO E MOTOCICLETA.,1,1,,,,,,,,1,,Esquina,Bom,Não existe,Perfeito estado,Seca,Perfeito estado,"","","","","","",""
777,2019-01-30T00:00:00,18:14:00,SEM VÍTIMA,FINALIZADA,TORREÃO,RUA DJALMA FARIAS,161,RUA OTHON PARAISO,"",RUA DJALMA FARIAS,161,"",TORREÃO,,SUBURBIO,ABALROAMENTO TRANSVERSAL,COLISÃO SEM VÍTIMA,2,,,,,,,,,0,,Cruzamento,Bom,Sem defeito,Perfeito estado,Seca,Perfeito estado,Não existe,Não há placas,"",Dupla,Canteiro central,"",""
778,2019-01-30T00:00:00,18:34:00,SEM VÍTIMA,FINALIZADA,PINA,PTE GOVERNADOR PAULO GUERRA,"","",PONTE ESTAIADA,PTE GOVERNADOR PAULO GUERRA,"",PONTE ESTAIADA,PINA,,SUBURBIO,COLISÃO TRASEIRA,"COLISÃO SEM VITIMAS, 4 VEÍCULOS ENVOLVIDOS",4,,,,,,,,,0,,Ponte,Bom,Não existe,Incompleta,Seca,Perfeito estado,Não existe,Não há placas,"",Única,Faixa contínua,"",""
779,2019-01-30T00:00:00,18:38:00,SEM VÍTIMA,CANCELADA,ESPINHEIRO,RUA DO ESPINHEIRO,"",RUA BARAO DE ITAMARACA,EM FRENTE A DROGASIL,RUA DO ESPINHEIRO,"",EM FRENTE A DROGASIL,ESPINHEIRO,,"",COLISÃO,COLISÃO SEM VITIMAS /3 VEICULOS ENVOLVIDOS,3,,,,,,,,,0,,"","","","","","","","","","","","",""
780,2019-01-30T00:00:00,19:01:00,SEM VÍTIMA,FINALIZADA,IMBIRIBEIRA,AV MARECHAL MASCARENHAS DE MORAES,"",AV RECIFE,E/F A TOYOLEX / PRÓX AO VIADUTO TRANC NEVES / SNT AEROPORTO,AV MARECHAL MASCARENHAS DE MORAES,"",E/F A TOYOLEX / PRÓX AO VIADUTO TRANC NEVES / SNT AEROPORTO,IMBIRIBEIRA,,SUBURBIO,ABALROAMENTO LONGITUDINAL,ENTRE AUTO E CAMINHÃO. S/V,1,,,,,,1,,,0,,"",Bom,Não existe,Perfeito estado,Seca,Perfeito estado,Não existe,Não há placas,"",Dupla,Canteiro central,"",""
781,2019-01-30T00:00:00,19:10:00,COM VÍTIMA,FINALIZADA,BOA VIAGEM,RUA DR LUIZ INACIO PESSOA DE MELO,390,RUA MAJOR ARMANDO DE SOUZA MELLO,NA RUA DA ACADEMIA VIP FITNESS E RECIFE FLET,RUA DR LUIZ INACIO PESSOA DE MELO,390,NA RUA DA ACADEMIA VIP FITNESS E RECIFE FLET,BOA VIAGEM,,CIDADE,COLISÃO COM CICLISTA,AUTO E CICLISTA,1,,,1,,,,,,1,,Longo da via,Bom,Não existe,Incompleta,Seca,Perfeito estado,Não existe,Não há placas,30 km/h,Dupla,Não existe,"",""
782,2019-01-30T00:00:00,19:39:00,SEM VÍTIMA,FINALIZADA,BOA VIAGEM,RUA ANTONIO FALCAO,"",RUA GENERAL EDSON AMANCIO RAMALHO,PRÓX AO CARREFOUR / POR BAIXO DA VIA MANGUE / SEMÁFORO 648,RUA ANTONIO FALCAO,"",PRÓX AO CARREFOUR / POR BAIXO DA VIA MANGUE / SEMÁFORO 648,BOA VIAGEM,648,SUBURBIO,ABALROAMENTO TRANSVERSAL,ENTRE 2 AUTOS. S/V,2,,,,,,,,,0,,Cruzamento,Bom,Sem defeito,Perfeito estado,Seca,Perfeito estado,Faixa de pedestre,R-6a,"",Única,Faixa contínua,Faixa seccionada,""
783,2019-01-30T00:00:00,20:41:00,SEM VÍTIMA,CANCELADA,BOA VIAGEM,AV FERNANDO SIMOES BARBOSA,"","",E/F AO TAPÊ TAPIOCARIA / PRÓX AO EMPRESARIAL ALDJA VASCONCELOS,AV FERNANDO SIMOES BARBOSA,"",E/F AO TAPÊ TAPIOCARIA / PRÓX AO EMPRESARIAL ALDJA VASCONCELOS,BOA VIAGEM,,"",COLISÃO,ENTRE 2 AUTOS. S/V,2,,,,,,,,,0,,"","","","","","","","","","","","",""
784,2019-01-30T00:00:00,21:28:00,SEM VÍTIMA,FINALIZADA,MADALENA,RUA BEIRA RIO,651,RUA JOSE OSORIO,EDF SAINT PAUL,RUA BEIRA RIO,651,EDF SAINT PAUL,MADALENA,387,SUBURBIO,ABALROAMENTO LONGITUDINAL,ENTRE DOIS AUTOS,2,,,,,,,,,0,,Longo da via,Bom,Sem defeito,Perfeito estado,Seca,Perfeito estado,Agente,R-6c,"",Única,Faixa contínua,"",""
785,2019-01-30T00:00:00,21:33:00,SEM VÍTIMA,CANCELADA,IPSEP,RUA ADERBAL DE MELO,329,RUA PROFESSOR JOSE VICENTE,PRÓX AO ANTIGO 19 BATALHÃO / NA RUA DA FEIJOADA DO JOÃO,RUA ADERBAL DE MELO,329,PRÓX AO ANTIGO 19 BATALHÃO / NA RUA DA FEIJOADA DO JOÃO,IPSEP,,"",COLISÃO,ENTRE 2 AUTOS. S/V,2,,,,,,,,,0,,"","","","","","","","","","","","",""
786,2019-01-30T00:00:00,21:52:00,SEM VÍTIMA,CANCELADA,IPSEP,RUA ITAIMBE,271,"",APÓS A FBV / PRÓX AO PASTEL DA BAZINHA,RUA ITAIMBE,271,APÓS A FBV / PRÓX AO PASTEL DA BAZINHA,IPSEP,,"",COLISÃO COM CICLISTA,"ENTRE AUTO E BIKE. CICLISTA SOLICITA O BAFÔMETRO NO LOCAL, ALEGANDO QUE O MOTORISTA APRESENTA SINAIS DE EMBRIAGUEZ.",1,,,1,,,,,,0,,"","","","","","","","","","","","",""
787,2019-01-30T00:00:00,22:22:00,SEM VÍTIMA,FINALIZADA,AFOGADOS,RUA SAO MIGUEL,"","",EM FRENTE AO 1421,RUA SAO MIGUEL,"",EM FRENTE AO 1421,AFOGADOS,,SUBURBIO,ABALROAMENTO LONGITUDINAL,ENTRE ÕNIBUS E AUTO PASSEIO. S/V,1,,,,,1,,,,0,,Longo da via,Bom,Sem defeito,Perfeito estado,Seca,Perfeito estado,Faixa de pedestre,Não há placas,"",Dupla,Faixa contínua,Faixa seccionada,""
788,2019-01-31T00:00:00,00:07:00,COM VÍTIMA,FINALIZADA,JARDIM SÃO PAULO,AV RECIFE,5635,RUA SENADOR ALBERTO PASQUALINI,"PROX AO MOTEL ESTORIL, SENTIDO BOA VIAGEM",AV RECIFE,5635,"PROX AO MOTEL ESTORIL, SENTIDO BOA VIAGEM",JARDIM SÃO PAULO,259,"",ABALROAMENTO TRANSVERSAL,COLISÃO ENTRE AUTO E MOTO C/V,1,1,,,,,,,,1,,Cruzamento,Bom,Sem defeito,Perfeito estado,Seca,Perfeito estado,Faixa de pedestre,Outras,50 km/h,Única,Faixa contínua,Faixa seccionada,""
789,2019-01-31T00:00:00,03:21:00,SEM VÍTIMA,FINALIZADA,CABANGA,PTE GOVERNADOR PAULO GUERRA,"","","",PTE GOVERNADOR PAULO GUERRA,"","",CABANGA,,CIDADE,CHOQUE OBJETO FIXO,"AUTO CHOCOU-SE COM MURETA E ATRAVESSADO NA VIA, PODENDO VIR A OCASIONAR OUTRO ACIDENTE NO LOCAL",1,,,,,,,,,0,,Viaduto,Bom,Não existe,Perfeito estado,Seca,Perfeito estado,Não existe,Não há placas,60 km/h,Única,Faixa contínua,"",""
790,2019-01-31T00:00:00,03:21:00,SEM VÍTIMA,CANCELADA,ENCRUZILHADA,AV JOAO DE BARROS,"",AV NORTE,EM FRENTE AO BANCO SANTANDER,AV JOAO DE BARROS,"",EM FRENTE AO BANCO SANTANDER,ENCRUZILHADA,43,"",COLISÃO,"COLISÃO ENTRE DOIS AUTOS, SEM VÍTIMAS.",2,,,,,,,,,0,,"","","","","","","","","","","","",""
791,2019-01-31T00:00:00,05:39:00,SEM VÍTIMA,FINALIZADA,ESTÂNCIA,AV RECIFE,"",RUA MARQUES DE ITANHAEM,SEMÁFORO 261,AV RECIFE,"",SEMÁFORO 261,ESTÂNCIA,,"",COLISÃO TRASEIRA,"COLISÃO ENTRE AUTO E MOTO, SEM VÍTIMAS.",1,1,,,,,,,,0,,Cruzamento,Bom,Sem defeito,Perfeito estado,Seca,Perfeito estado,Faixa de pedestre,Não há placas,"",Dupla,Faixa seccionada,Canteiro central,""
792,2019-01-31T00:00:00,07:46:00,COM VÍTIMA,FINALIZADA,IMBIRIBEIRA,AV MARECHAL MASCARENHAS DE MORAES,6211,"","EM FRENTE A INFRAERO, SENT. JABOATÃO",AV MARECHAL MASCARENHAS DE MORAES,6211,"EM FRENTE A INFRAERO, SENT. JABOATÃO",IMBIRIBEIRA,625,SUBURBIO,COLISÃO TRASEIRA,AUTO E MOTO,1,1,,,,,,,,1,,Longo da via,Bom,Sem defeito,Perfeito estado,Seca,Perfeito estado,Faixa de pedestre,Não há placas,60 km/h,Dupla,Canteiro central,"",""
793,2019-01-31T00:00:00,08:09:00,SEM VÍTIMA,FINALIZADA,SANTO AMARO,AV PREFEITO ARTUR LIMA CAVALCANTI,"","",PRÓXIMO A AV CRUZ CABUGÁ,AV PREFEITO ARTUR LIMA CAVALCANTI,"",PRÓXIMO A AV CRUZ CABUGÁ,SANTO AMARO,343,CIDADE,COLISÃO TRASEIRA,DOIS AUTOS,2,,,,,,,,,0,,Longo da via,Bom,Sem defeito,Perfeito estado,Seca,Perfeito estado,Faixa de pedestre,Não há placas,"",Dupla,Canteiro central,"",""
794,2019-01-31T00:00:00,08:15:00,SEM VÍTIMA,FINALIZADA,AFOGADOS,LARGO DA PAZ,"","",PROX AO POSTO DE SAUDE AGAMENON MAGALHAES EM FRENTE A ESTAÇÃO LARGO DA PAZ,LARGO DA PAZ,"",PROX AO POSTO DE SAUDE AGAMENON MAGALHAES EM FRENTE A ESTAÇÃO LARGO DA PAZ,AFOGADOS,,"",COLISÃO,COLISÃO SEM VITIMAS,1,,,,,,1,,,0,,"","","","","","","","","","","","",""
795,2019-01-31T00:00:00,09:10:00,SEM VÍTIMA,FINALIZADA,CASA AMARELA,RUA GUIMARAES PEIXOTO,"","",SEMÁFORO 096,RUA GUIMARAES PEIXOTO,"",SEMÁFORO 096,CASA AMARELA,96,SUBURBIO,COLISÃO TRASEIRA,COLISÃO SEM VITIMAS,2,,,,,,,,,0,,Cruzamento,Bom,Sem defeito,Perfeito estado,Seca,Perfeito estado,Faixa de pedestre,Outras,"",Única,Não existe,"",""
796,2019-01-31T00:00:00,09:31:00,COM VÍTIMA,FINALIZADA,SÃO JOSÉ,AV GUARARAPES,"","",EM FRENTE A CAIXA ECONOMICA,AV GUARARAPES,"",EM FRENTE A CAIXA ECONOMICA,SÃO JOSÉ,603,CIDADE,ABALROAMENTO LONGITUDINAL,ONIBUS E MOTO,,1,,,,1,,,,1,,Longo da via,Bom,Sem defeito,Perfeito estado,Seca,Perfeito estado,Faixa de pedestre,Outras,"",Dupla,Faixa contínua,"",""
797,2019-01-31T00:00:00,09:38:00,SEM VÍTIMA,FINALIZADA,AFOGADOS,AV SUL,"","",EM FRENTE A ESTAÇÃO LARGO DA PAZ,AV SUL,"",EM FRENTE A ESTAÇÃO LARGO DA PAZ,AFOGADOS,,SUB/CID,COLISÃO TRASEIRA,DOIS AUTOS,2,,,,,,,,,0,,Longo da via,Bom,Não existe,Incompleta,Seca,"","",Não há placas,"",Única,Faixa,"",""
798,2019-01-31T00:00:00,10:09:00,SEM VÍTIMA,FINALIZADA,CASA AMARELA,AV NORTE,4981,RUA IBIA,POSTE N B003245,AV NORTE,4981,POSTE N B003245,CASA AMARELA,,CIDADE,ABALROAMENTO LONGITUDINAL,COLISÃO SEM VITIMAS,2,,,,,,,,,0,,Longo da via,Bom,Não existe,Perfeito estado,Seca,Perfeito estado,Não existe,Outras,"",Dupla,Faixa seccionada,Canteiro central,""
799,2019-01-31T00:00:00,10:47:00,SEM VÍTIMA,FINALIZADA,SANTO AMARO,AV NORTE,"",AV CRUZ CABUGA,SEMÁFORO 034,AV NORTE,"",SEMÁFORO 034,SANTO AMARO,34,CIDADE,COLISÃO TRASEIRA,ENTRE AUTOS S/V,2,,,,,,,,,0,,Longo da via,Bom,Sem defeito,Perfeito estado,Seca,Perfeito estado,Faixa de pedestre,Placas Pare,"",Dupla,Canteiro central,"",""
800,2019-01-31T00:00:00,11:29:00,SEM VÍTIMA,FINALIZADA,MADALENA,RUA BENFICA,286,"","",RUA BENFICA,286,"",MADALENA,,SUBURBIO,COLISÃO TRASEIRA,AUTO E MOTO,1,1,,,,,,,,0,,Longo da via,Bom,Não existe,Perfeito estado,Seca,Perfeito estado,Faixa de pedestre,Outras,40 km/h,Única,Não existe,"",""
801,2019-01-31T00:00:00,11:36:00,SEM VÍTIMA,FINALIZADA,SANTO AMARO,RUA DA AURORA,885,"",EM FRENTE AO TRIBUNAL DE CONTAS,RUA DA AURORA,885,EM FRENTE AO TRIBUNAL DE CONTAS,SANTO AMARO,,SUBURBIO,ABALROAMENTO LONGITUDINAL,COLISÃO SEM VITIMAS,2,,,,,,,,,0,,Longo da via,Bom,Não existe,Perfeito estado,Seca,Perfeito estado,Não existe,R-6a,"",Dupla,Canteiro central,"",""
802,2019-01-31T00:00:00,12:30:00,SEM VÍTIMA,FINALIZADA,BOA VIAGEM,RUA JOSE TRAJANO,50,"",UNINEFRON...UNIDADE NEFROLOGICA,RUA JOSE TRAJANO,50,UNINEFRON...UNIDADE NEFROLOGICA,BOA VIAGEM,,"",ABALROAMENTO TRANSVERSAL,COLISÃO SEM VITIMAS,2,,,,,,,,,0,,Longo da via,Bom,Não existe,Perfeito estado,Seca,Perfeito estado,Não existe,Não há placas,"",Única,Faixa seccionada,"",""
803,2019-01-31T00:00:00,12:45:00,SEM VÍTIMA,FINALIZADA,SANTO AMARO,RUA AURORA,"",RUA JOAO LIRA,PRÓXIMO A COMPESA,RUA AURORA,"",PRÓXIMO A COMPESA,SANTO AMARO,,SUBURBIO,ABALROAMENTO LONGITUDINAL,COLISÃO COM VT CTTU / AUTO,2,,,,,,,,,0,,"",Bom,Não existe,Perfeito estado,Seca,Perfeito estado,Não existe,Outras,"",Única,Faixa seccionada,"",""
804,2019-01-31T00:00:00,12:49:00,SEM VÍTIMA,FINALIZADA,BOA VISTA,AV CONDE DA BOA VISTA,1650,"",SEMÁFORO 027,AV CONDE DA BOA VISTA,1650,SEMÁFORO 027,BOA VISTA,27,SUBURBIO,ABALROAMENTO LONGITUDINAL,COLISÃO SEM VITIMAS,1,,,,,1,,,,0,,Longo da via,Bom,Sem defeito,Perfeito estado,Seca,Perfeito estado,Não existe,"","",Dupla,Canteiro central,"",""
805,2019-01-31T00:00:00,13:38:00,SEM VÍTIMA,FINALIZADA,GRAÇAS,AV DR MALAQUIAS,145,"","",AV DR MALAQUIAS,145,"",GRAÇAS,,CIDADE,ABALROAMENTO TRANSVERSAL,COLISAO ENTRE DOIS AUTOS S/V,2,,,,,,,,,0,,Longo da via,Bom,Não existe,Perfeito estado,Seca,Perfeito estado,Não existe,Outras,"",Única,Não existe,"",""
806,2019-01-31T00:00:00,14:24:00,SEM VÍTIMA,FINALIZADA,ESPINHEIRO,AV GOVERNADOR AGAMENON MAGALHAES,"","",SEMÁFORO 108 ( MINISTÉRIO DO TRABALHO),AV GOVERNADOR AGAMENON MAGALHAES,"",SEMÁFORO 108 ( MINISTÉRIO DO TRABALHO),ESPINHEIRO,108,CIDADE,ABALROAMENTO LONGITUDINAL,COLISAO ENTRE DOIS AUTOS S/V,2,,,,,,,,,0,,Longo da via,Bom,Sem defeito,Perfeito estado,Seca,Perfeito estado,Faixa de pedestre,Outras,60 km/h,Dupla,Canal,"",""
807,2019-01-31T00:00:00,14:42:00,SEM VÍTIMA,FINALIZADA,PINA,RUA TOME GIBSON,"",RUA AMAZONAS,"",RUA TOME GIBSON,"","",PINA,,CIDADE,ABALROAMENTO TRANSVERSAL,COLISAO ENTRE DOIS AUTOS S/V,2,,,,,,,,,0,,Cruzamento,Bom,Não existe,Ilegível,Seca,Perfeito estado,Não existe,Placas Pare,"",Dupla,Faixa seccionada,"",""
808,2019-01-31T00:00:00,14:43:00,SEM VÍTIMA,FINALIZADA,DERBY,RUA AMAURI DE MEDEIROS,110,RUA BARAO DE GOIANA,"",RUA AMAURI DE MEDEIROS,110,"",DERBY,,SUBURBIO,ABALROAMENTO TRANSVERSAL,COLISÃO SEM VÍTIMA,2,,,,,,,,,0,,Cruzamento,Bom,Não existe,Perfeito estado,Seca,Perfeito estado,Faixa de retenção,"","",Única,Não existe,"",""
809,2019-01-31T00:00:00,14:47:00,SEM VÍTIMA,FINALIZADA,CORDEIRO,AV GENERAL SAN MARTIN,"","",EM FRENTE AOS CORREIOS,AV GENERAL SAN MARTIN,"",EM FRENTE AOS CORREIOS,CORDEIRO,,"",COLISÃO TRASEIRA,COLISAO SAO ENTRE DOIS AUTOS S/V,2,,,,,,,,,0,,Longo da via,Bom,Não existe,Perfeito estado,Seca,Perfeito estado,Não existe,Não há placas,"",Dupla,Faixa contínua,"",""
810,2019-01-31T00:00:00,14:48:00,SEM VÍTIMA,FINALIZADA,ESTÂNCIA,RUA SAO MIGUEL,2159,"",EM FRENTE A LOJA POLO NORTE MOTOS,RUA SAO MIGUEL,2159,EM FRENTE A LOJA POLO NORTE MOTOS,ESTÂNCIA,,CIDADE,COLISÃO TRASEIRA,COLISÃO SEM VÍTIMA,,1,,,,,1,,,0,,Longo da via,Bom,Não existe,Perfeito estado,Seca,Perfeito estado,Não existe,Não há placas,"",Dupla,Faixa contínua,"",""
811,2019-01-31T00:00:00,14:56:00,SEM VÍTIMA,FINALIZADA,ESPINHEIRO,RUA CONS PORTELA,"",RUA QUARENTA E OITO,SEMÁFORO 011,RUA CONS PORTELA,"",SEMÁFORO 011,ESPINHEIRO,11,SUBURBIO,ABALROAMENTO LONGITUDINAL,COLISÃO SEM VITIMAS,1,,,,,1,,,,0,,Cruzamento,Bom,Sem defeito,Perfeito estado,Seca,Perfeito estado,Faixa de pedestre,R-6a,"",Única,"","",""
812,2019-01-31T00:00:00,15:42:00,SEM VÍTIMA,CANCELADA,BOA VISTA,RUA DA AURORA,49,"",ANTES DO CINEMA SÃO LUIZ,RUA DA AURORA,49,ANTES DO CINEMA SÃO LUIZ,BOA VISTA,,"",COLISÃO,COLISÃO SEM VÍTIMA,1,1,,,,,,,,0,,"","","","","","","","","","","","",""
813,2019-01-31T00:00:00,16:13:00,COM VÍTIMA,FINALIZADA,IPSEP,AV PRESIDENTE DUTRA,"","",EM FRENTE AO POSTO BR/ SENTIDO IPSEP,AV PRESIDENTE DUTRA,"",EM FRENTE AO POSTO BR/ SENTIDO IPSEP,IPSEP,393,CIDADE,COLISÃO TRASEIRA,COLISÃO SEM VÍTIMA,1,1,,,,,,,,1,,Longo da via,Bom,Sem defeito,Perfeito estado,Seca,Perfeito estado,Faixa de pedestre,Não há placas,"",Dupla,Canteiro central,"",""
814,2019-01-31T00:00:00,16:43:00,SEM VÍTIMA,FINALIZADA,SÃO JOSÉ,C SANTA RITA,"","",OPOSTO AO 540,C SANTA RITA,"",OPOSTO AO 540,SÃO JOSÉ,,CIDADE,ABALROAMENTO LONGITUDINAL,COLISÃO SEM VITIMAS,1,1,,,,,,,,0,,Longo da via,Bom,Não existe,Não existente,Seca,Perfeito estado,Não existe,Não há placas,40 km/h,Única,Não existe,"",""
815,2019-01-31T00:00:00,17:04:00,SEM VÍTIMA,FINALIZADA,BARRO,AV DR JOSE RUFINO,2221,"","",AV DR JOSE RUFINO,2221,"",BARRO,,SUBURBIO,ABALROAMENTO LONGITUDINAL,COLISAO ENTRE AUTO CAMINHAO S/V,1,,,,,,1,,,0,,Longo da via,Bom,Não existe,Perfeito estado,Seca,Perfeito estado,Não existe,R-6a,40 km/h,Dupla,Faixa seccionada,"",""
816,2019-01-31T00:00:00,17:18:00,SEM VÍTIMA,FINALIZADA,BOMBA DO HEMETÉRIO,RUA BOMBA DO HEMETERIO,1293,EST VELHA DE AGUA FRIA,POSTO NORTEBRAS,RUA BOMBA DO HEMETERIO,1293,POSTO NORTEBRAS,BOMBA DO HEMETÉRIO,,SUBURBIO,ABALROAMENTO LONGITUDINAL,COLISAO ENTRE ONIBUS E AUTOS S/V,1,,,,,1,,,,0,,"",Bom,Sem defeito,Perfeito estado,Seca,Perfeito estado,Não existe,Não há placas,60 km/h,Dupla,Faixa seccionada,"",""
817,2019-01-31T00:00:00,17:26:00,SEM VÍTIMA,FINALIZADA,IPUTINGA,EST DO BARBALHO,"","","",EST DO BARBALHO,"","",IPUTINGA,533,CIDADE,COLISÃO TRASEIRA,COLISÃO SEM VÍTIMA,2,,,,,,,,,0,,Longo da via,Bom,Sem defeito,Perfeito estado,Seca,Perfeito estado,Faixa de pedestre,R-6a,"",Única,Não existe,"",""
818,2019-01-31T00:00:00,17:31:00,SEM VÍTIMA,FINALIZADA,CORDEIRO,AV CAXANGA,"","",EM FRENTE UNIDAS SEMINOVOS,AV CAXANGA,"",EM FRENTE UNIDAS SEMINOVOS,CORDEIRO,,CIDADE,ABALROAMENTO LONGITUDINAL,"COLISÃO SEM VITIMAS/ AS PARTES ENVOLVIDAS FORAM: UM AUTO, MOTO E UM CICLISTA",1,1,,1,,,,,,0,,Longo da via,Bom,Não existe,Perfeito estado,Seca,Perfeito estado,Não existe,R-6a,"",Dupla,Faixa seccionada,Canteiro central,""
819,2019-01-31T00:00:00,18:34:00,COM VÍTIMA,FINALIZADA,MADALENA,RUA PROFESSOR BENEDITO MONTEIRO,"","",EM FRENTE A ILHA DO RETIRO E AO LADO DA JURANDIR PIRES,RUA PROFESSOR BENEDITO MONTEIRO,"",EM FRENTE A ILHA DO RETIRO E AO LADO DA JURANDIR PIRES,MADALENA,481,CIDADE,ABALROAMENTO LONGITUDINAL,COLISÃO COM VITIMA/ VITIMA JA FOI SOCORRIDA,1,1,,,,,,,,1,,Longo da via,Bom,"",Perfeito estado,Seca,Perfeito estado,Faixa de pedestre,Não há placas,"",Dupla,Faixa contínua,"",""
820,2019-01-31T00:00:00,20:08:00,SEM VÍTIMA,FINALIZADA,CORDEIRO,AV CAXANGA,"",AV GENERAL SAN MARTIN,TERMINAL INTEGRAÇÃO ZEZITO GUIMARÃES MELO ( VEREADOR),AV CAXANGA,"",TERMINAL INTEGRAÇÃO ZEZITO GUIMARÃES MELO ( VEREADOR),CORDEIRO,80,CIDADE,ABALROAMENTO LONGITUDINAL,COLISÃO SEM VITIMA,1,1,,,,,,,,0,,Cruzamento,Bom,Sem defeito,Perfeito estado,Seca,Perfeito estado,Faixa de retenção,R-6a,40 km/h,Dupla,Canteiro central,"",""
821,2019-01-31T00:00:00,20:49:00,SEM VÍTIMA,FINALIZADA,CAXANGÁ,AV CAXANGA,"",RUA PAUL HARRIS,"",AV CAXANGA,"","",CAXANGÁ,230,SUBURBIO,COLISÃO TRASEIRA,COLISÃO S/V,2,,,,,,,,,0,,Longo da via,Bom,Sem defeito,Perfeito estado,Seca,Perfeito estado,Faixa de pedestre,Não há placas,"",Única,Faixa contínua,Faixa seccionada,""
822,2019-01-31T00:00:00,21:03:00,SEM VÍTIMA,FINALIZADA,CASA AMARELA,RUA ESTRELA DALVA,10,"",EM FRENTE AO IMÓVEL Nº 10,RUA ESTRELA DALVA,10,EM FRENTE AO IMÓVEL Nº 10,CASA AMARELA,,SUBURBIO,CHOQUE OBJETO FIXO,VEICULO COLIDIU COM POSTE S/V,1,,,,,,,,,0,,Longo da via,Bom,Não existe,Não existente,Seca,Perfeito estado,"",Não há placas,20 km/h,Dupla,Não existe,"",""
823,2019-01-31T00:00:00,21:04:00,SEM VÍTIMA,FINALIZADA,BOA VIAGEM,AV CONSELHEIRO AGUIAR,"","","",AV CONSELHEIRO AGUIAR,"","",BOA VIAGEM,127,"",COLISÃO TRASEIRA,"COLISÃO SEM VÍTIMA, O SOLICITANTE INFORMA QUE O OUTRO CONDUTOR ENCONTRA-SE ALCOOLIZADO",2,,,,,,,,,0,,Longo da via,Bom,Sem defeito,Perfeito estado,Seca,Perfeito estado,Faixa de pedestre,Outras,"",Única,Faixa seccionada,"",""
824,2019-01-31T00:00:00,22:32:00,SEM VÍTIMA,FINALIZADA,AFLITOS,RUA QUARENTA E OITO,"","",NA PRAÇA FEB,RUA QUARENTA E OITO,"",NA PRAÇA FEB,AFLITOS,,CIDADE,ABALROAMENTO LONGITUDINAL,COLISÃO S/V,2,,,,,,,,,0,,Longo da via,Bom,Não existe,Não existente,Seca,Perfeito estado,Não existe,Não há placas,"",Única,Não existe,"",""
825,2019-01-31T00:00:00,23:13:00,SEM VÍTIMA,CANCELADA,TAMARINEIRA,RUA SEBASTIAO ALVES,"","",EM FRENTE AO RESTAURANTE FACA BOTECO,RUA SEBASTIAO ALVES,"",EM FRENTE AO RESTAURANTE FACA BOTECO,TAMARINEIRA,,"",COLISÃO,COLISÃO SEM VITIMAS,2,,,,,,,,,0,,"","","","","","","","","","","","",""
826,2019-02-01T00:00:00,00:04:00,SEM VÍTIMA,CANCELADA,POÇO DA PANELA,RUA LUIZ GUIMARAES,95,"","PROX DO PITACO- COMEDORIA DE QUINTAL, PROX BAR DO CHICO",RUA LUIZ GUIMARAES,95,"PROX DO PITACO- COMEDORIA DE QUINTAL, PROX BAR DO CHICO",POÇO DA PANELA,,"",COLISÃO,COLISÃO ENTRE DOIS AUTOS S/V,2,,,,,,,,,0,,"","","","","","","","","","","","",""
827,2019-02-01T00:00:00,00:15:00,SEM VÍTIMA,FINALIZADA,TORRE,RUA JOSE BONIFACIO,"",RUA PADRE ANCHIETA,SEMÁFORO 193,RUA JOSE BONIFACIO,"",SEMÁFORO 193,TORRE,193,SUBURBIO,ABALROAMENTO LONGITUDINAL,COLISÃO ENTRE DOIS AUTOS S/V,2,,,,,,,,,0,,Cruzamento,Chuvoso,Sem defeito,Perfeito estado,Molhada,Mal conservada,Faixa de pedestre,R-6a,40 km/h,Única,"","",""