_id,DATA,hora,natureza_acidente,situacao,bairro,endereco,numero,detalhe_endereco_acidente,complemento,endereco_cruzamento,numero_cruzamento,referencia_cruzamento,bairro_cruzamento,num_semaforo,sentido_via,tipo,descricao,auto,moto,ciclom,ciclista,pedestre,onibus,caminhao,viatura,outros,vitimas,vitimasfatais,acidente_verificado,tempo_clima,situacao_semaforo,sinalizacao,condicao_via,conservacao_via,ponto_controle,situacao_placa,velocidade_max_via,mao_direcao,divisao_via1,divisao_via2,divisao_via3
828,2019-02-01T00:00:00,06:19:00,SEM VÍTIMA,FINALIZADA,JOANA BEZERRA,VDO PAPA JOAO PAULO II,"","",PRÓX AO FÓRUM DE JOANA BEZERRA // SENTIDO OLINDA,VDO PAPA JOAO PAULO II,"",PRÓX AO FÓRUM DE JOANA BEZERRA // SENTIDO OLINDA,JOANA BEZERRA,,SUBURBIO,COLISÃO TRASEIRA,AUTO X VIATURA POLICIAL S/V,2,,,,,,,,,0,,Viaduto,Bom,Não existe,Perfeito estado,Seca,Perfeito estado,Não existe,Não há placas,60 km/h,Única,Faixa seccionada,"",""
829,2019-02-01T00:00:00,08:59:00,SEM VÍTIMA,FINALIZADA,JORDÃO,RUA GONCALVES DIAS,124,"",EM FRENTE AO SUPERMERCADO KI PREÇO,RUA GONCALVES DIAS,124,EM FRENTE AO SUPERMERCADO KI PREÇO,JORDÃO,,"",COLISÃO,COLISÃO SEM VITIMAS,,1,,,,,1,,,0,,"","","","","","","","","","","","",""
830,2019-02-01T00:00:00,09:03:00,SEM VÍTIMA,FINALIZADA,ARRUDA,AV PROFESSOR JOSE DOS ANJOS,"",AV BEBERIBE,EM FRENTE AO SEMÁFORO 131,AV PROFESSOR JOSE DOS ANJOS,"",EM FRENTE AO SEMÁFORO 131,ARRUDA,131,"",COLISÃO TRASEIRA,AUTO X CAMINHÃO S/V,1,,,,,,1,,,0,,Cruzamento,Bom,Sem defeito,Perfeito estado,Seca,Perfeito estado,Faixa de pedestre,Não há placas,"",Única,Não existe,"",""
831,2019-02-01T00:00:00,09:11:00,COM VÍTIMA,CANCELADA,IMBIRIBEIRA,AV MARECHAL MASCARENHAS DE MORAES,2028,"",PROX. A ITALIANA SENT. JABOATÃO,AV MARECHAL MASCARENHAS DE MORAES,2028,PROX. A ITALIANA SENT. JABOATÃO,IMBIRIBEIRA,,"",COLISÃO,AUTO E MOTO,1,1,,,,,,,,1,,"","","","","","","","","","","","",""
832,2019-02-01T00:00:00,09:37:00,SEM VÍTIMA,FINALIZADA,TEJIPIÓ,AV DR JOSE RUFINO,"","",SAÍDA DO VIADUTO DO BARRO,AV DR JOSE RUFINO,"",SAÍDA DO VIADUTO DO BARRO,TEJIPIÓ,,SUBURBIO,ABALROAMENTO TRANSVERSAL,COLISÃO SEM VITIMAS,2,,,,,,,,,0,,Longo da via,Bom,Não existe,Perfeito estado,Seca,Perfeito estado,Não existe,Outras,"",Dupla,Faixa contínua,Faixa seccionada,""
833,2019-02-01T00:00:00,09:42:00,SEM VÍTIMA,FINALIZADA,AFOGADOS,AV SUL,"","",EM FRENTE AO TERMINAL LARGO DA PAZ,AV SUL,"",EM FRENTE AO TERMINAL LARGO DA PAZ,AFOGADOS,,CIDADE,ABALROAMENTO LONGITUDINAL,"",1,,,,,,1,,,0,,Longo da via,Bom,Não existe,Perfeito estado,Seca,Perfeito estado,Outros,Outras,"",Única,Faixa seccionada,"",""
834,2019-02-01T00:00:00,10:26:00,COM VÍTIMA,FINALIZADA,CASA AMARELA,EST DO ARRAIAL,3491,"",EM FRENTE AO INSS,EST DO ARRAIAL,3491,EM FRENTE AO INSS,CASA AMARELA,,SUBURBIO,ABALROAMENTO LONGITUDINAL,"",1,1,,,,,,,,2,,Longo da via,Bom,Sem defeito,Incompleta,Seca,Perfeito estado,Faixa de pedestre,Outras,"",Única,Faixa seccionada,"",""
835,2019-02-01T00:00:00,10:51:00,SEM VÍTIMA,FINALIZADA,IMBIRIBEIRA,AV MARECHAL MASCARENHAS DE MORAES,"","",EM FRENTE A LOCALIZA,AV MARECHAL MASCARENHAS DE MORAES,"",EM FRENTE A LOCALIZA,IMBIRIBEIRA,218,CIDADE,COLISÃO TRASEIRA,COLISÃO SEM VITIMAS,1,1,,,,,,,,0,,Longo da via,Bom,Sem defeito,Perfeito estado,Seca,Perfeito estado,Faixa de pedestre,Não há placas,60 km/h,Dupla,Canteiro central,"",""
836,2019-02-01T00:00:00,11:22:00,SEM VÍTIMA,FINALIZADA,SANTO AMARO,AV GOVERNADOR AGAMENON MAGALHAES,"","",EM FRENTE AO POSTO DISLUB,AV GOVERNADOR AGAMENON MAGALHAES,"",EM FRENTE AO POSTO DISLUB,SANTO AMARO,,SUBURBIO,COLISÃO TRASEIRA,AUTO X MOTO S/V,1,1,,,,,,,,0,,Longo da via,Bom,Não existe,Perfeito estado,Seca,Perfeito estado,Outros,Outras,60 km/h,"",Faixa seccionada,"",""
837,2019-02-01T00:00:00,12:02:00,SEM VÍTIMA,FINALIZADA,SÃO JOSÉ,C SANTA RITA,"","",NA SUBIDA DA PONTE GIRATORIA,C SANTA RITA,"",NA SUBIDA DA PONTE GIRATORIA,SÃO JOSÉ,,CIDADE,COLISÃO,AUTO E CAMINHAO S/V,1,,,,,,1,,,0,,"","","","","","","","","","","","",""
838,2019-02-01T00:00:00,12:35:00,SEM VÍTIMA,FINALIZADA,SANTO AMARO,RUA DO PRINCIPE,466,"",E/F AO HOSPITAL DO EXERCITO,RUA DO PRINCIPE,466,E/F AO HOSPITAL DO EXERCITO,SANTO AMARO,466,CIDADE,COLISÃO TRASEIRA,COLISAO ENTRE DOIS AUTOS S/V,2,,,,,,,,,0,,Longo da via,Bom,Com defeito,Perfeito estado,Seca,Perfeito estado,Faixa de pedestre,R-6a,"",Única,Faixa contínua,Faixa seccionada,""
839,2019-02-01T00:00:00,12:35:00,SEM VÍTIMA,FINALIZADA,DERBY,PRC DO DERBY,"","",EM FRENTE A PRAÇA DO DERBY,PRC DO DERBY,"",EM FRENTE A PRAÇA DO DERBY,DERBY,,CIDADE,ABALROAMENTO LONGITUDINAL,COLISÃO SEM VÍTIMA,2,,,,,,,,,0,,Longo da via,Bom,Sem defeito,Perfeito estado,Seca,Perfeito estado,Não existe,"","","",Canteiro central,"",""
840,2019-02-01T00:00:00,12:45:00,SEM VÍTIMA,FINALIZADA,PINA,AV ANTONIO DE GOES,449,"",EM FRENTE AO EMPRESARIAL NEWTON MELO,AV ANTONIO DE GOES,449,EM FRENTE AO EMPRESARIAL NEWTON MELO,PINA,277,CIDADE,COLISÃO TRASEIRA,SEM VÍTIMA,4,,,,,,,,,0,,Longo da via,Bom,Sem defeito,Perfeito estado,Seca,Perfeito estado,Não existe,Outras,"",Única,Canteiro central,"",""
841,2019-02-01T00:00:00,13:29:00,SEM VÍTIMA,FINALIZADA,TAMARINEIRA,RUA CONEGO BARATA,"","",EM FRENTE AO SEMÁFORO DE Nº 062,RUA CONEGO BARATA,"",EM FRENTE AO SEMÁFORO DE Nº 062,TAMARINEIRA,62,"",COLISÃO TRASEIRA,COLISÃO SEM VÍTIMA,1,,,,,,,,1,0,,Longo da via,Bom,Sem defeito,Perfeito estado,Seca,Perfeito estado,Faixa de pedestre,R-6a,"",Dupla,Faixa seccionada,Canteiro central,Blocos
842,2019-02-01T00:00:00,14:06:00,SEM VÍTIMA,FINALIZADA,CASA FORTE,RUA LEONARDO BEZERRA CAVALCANTE,540,"",EM FRENTE A SEDATEX TECIDOS,RUA LEONARDO BEZERRA CAVALCANTE,540,EM FRENTE A SEDATEX TECIDOS,CASA FORTE,,SUBURBIO,ABALROAMENTO LONGITUDINAL,COLISÃO SEM VÍTIMA,2,,,,,,,,,0,,Longo da via,Bom,Não existe,Perfeito estado,Seca,Perfeito estado,Não existe,R-6a,"",Única,Faixa seccionada,"",""
843,2019-02-01T00:00:00,14:18:00,SEM VÍTIMA,FINALIZADA,BOA VIAGEM,AV DES JOSE NEVES,907,"","",AV DES JOSE NEVES,907,"",BOA VIAGEM,580,SUBURBIO,COLISÃO TRASEIRA,COLISÃO SEM VÍTIMA,1,1,,,,,,,,0,,Longo da via,Bom,Sem defeito,Perfeito estado,Seca,Perfeito estado,Faixa de pedestre,"","",Dupla,Canal,"",""
844,2019-02-01T00:00:00,15:00:00,SEM VÍTIMA,FINALIZADA,SAN MARTIN,RUA QUINZE DE MARCO,594,"","",RUA QUINZE DE MARCO,594,"",SAN MARTIN,,"",ABALROAMENTO LONGITUDINAL,COLISAO ENTRE DOIS AUTOS S/V,2,,,,,,,,,0,,Longo da via,Bom,Não existe,Perfeito estado,Seca,Perfeito estado,Não existe,Não há placas,"",Dupla,Não existe,"",""
845,2019-02-01T00:00:00,15:06:00,SEM VÍTIMA,FINALIZADA,BOA VIAGEM,AV ENGENHEIRO DOMINGOS FERREIRA,1000,"","",AV ENGENHEIRO DOMINGOS FERREIRA,1000,"",BOA VIAGEM,,SUBURBIO,COLISÃO TRASEIRA,SEM VÍTIMA,4,1,,,,1,,,1,0,,Longo da via,Bom,Não existe,Perfeito estado,Seca,Perfeito estado,"",Não há placas,60 km/h,Dupla,"","",""
846,2019-02-01T00:00:00,15:58:00,SEM VÍTIMA,FINALIZADA,ENCRUZILHADA,RUA VINTE E QUATRO DE JUNHO,279,"",EDF TEOFANES GONÇALVES,RUA VINTE E QUATRO DE JUNHO,279,EDF TEOFANES GONÇALVES,ENCRUZILHADA,,SUBURBIO,ABALROAMENTO TRANSVERSAL,AUTO E CAMINHAO S/V,1,,,,,,1,,,0,,Longo da via,Bom,Não existe,Perfeito estado,Seca,Perfeito estado,Não existe,R-4b,30 km/h,Única,Não existe,"",""
847,2019-02-01T00:00:00,16:13:00,SEM VÍTIMA,FINALIZADA,BOA VIAGEM,RUA DOS NAVEGANTES,768,"",APOS O HOTEL GRAND MERCURE E/F AO EDF TIRADENTES,RUA DOS NAVEGANTES,768,APOS O HOTEL GRAND MERCURE E/F AO EDF TIRADENTES,BOA VIAGEM,,"",COLISÃO,COLISAO ENTRE DOIS AUTOS S/V,1,1,,,,,,,,0,,"","","","","","","","","","","","",""
848,2019-02-01T00:00:00,16:17:00,SEM VÍTIMA,FINALIZADA,ARRUDA,AV BEBERIBE,1744,"",EM FRENTE AO COLEGIO E HOTELZINHO QI,AV BEBERIBE,1744,EM FRENTE AO COLEGIO E HOTELZINHO QI,ARRUDA,,"",COLISÃO,COLISÃO SEM VÍTIMA,1,1,,,,,,,,0,,"","","","","","","","","","","","",""
849,2019-02-01T00:00:00,16:35:00,COM VÍTIMA,FINALIZADA,LINHA DO TIRO,RUA URIEL DE HOLANDA,1650,"",PROX AO ARMAZEM OLIVEIRA.,RUA URIEL DE HOLANDA,1650,PROX AO ARMAZEM OLIVEIRA.,LINHA DO TIRO,,SUBURBIO,COLISÃO COM CICLISTA,COLISAO ENTRE AUTO E CICLISTA,1,,,1,,,,,,1,,Longo da via,Bom,Não existe,Não existente,Seca,Perfeito estado,Não existe,Não há placas,"",Dupla,Não existe,"",""
850,2019-02-01T00:00:00,16:44:00,COM VÍTIMA,FINALIZADA,ROSARINHO,AV NORTE,3630,EST VELHA DE AGUA FRIA,E/F AO DISTRIBUIDORA ALARM CENTER,AV NORTE,3630,E/F AO DISTRIBUIDORA ALARM CENTER,ROSARINHO,,CIDADE,COLISÃO TRASEIRA,COLISAO ENTRE ONIBUS E MOTO COM UMA VITIMA,,1,,,,1,,,,1,,Longo da via,Bom,Sem defeito,Perfeito estado,Seca,Perfeito estado,Não existe,R-6a,"",Dupla,Faixa,Canteiro central,""
851,2019-02-01T00:00:00,17:21:00,SEM VÍTIMA,FINALIZADA,SÃO JOSÉ,AV SUL,502,"",PROX A PRAÇA SERGIO LORETO E/F AO POSTO BR,AV SUL,502,PROX A PRAÇA SERGIO LORETO E/F AO POSTO BR,SÃO JOSÉ,,"",COLISÃO TRASEIRA,COLISAO ENTRE DOIS AUTOS S/V,2,,,,,,,,,0,,Longo da via,Bom,Sem defeito,Perfeito estado,Seca,Perfeito estado,Não existe,Não há placas,"",Única,Canteiro central,"",""
852,2019-02-01T00:00:00,17:29:00,SEM VÍTIMA,FINALIZADA,SÃO JOSÉ,AV DANTAS BARRETO,198,"",DANTAS BARRETO,AV DANTAS BARRETO,198,DANTAS BARRETO,SÃO JOSÉ,35,SUBURBIO,ABALROAMENTO LONGITUDINAL,AUTO E ONIBUS S/V,1,,,,,1,,,,0,,Longo da via,Bom,Sem defeito,Perfeito estado,Seca,Perfeito estado,Faixa de pedestre,Não há placas,"",Única,Faixa contínua,"",""
853,2019-02-01T00:00:00,17:45:00,SEM VÍTIMA,FINALIZADA,IPUTINGA,RUA SAO MATEUS,"","",PRÓXIMO A DELICATESSEM MASSA PURA,RUA SAO MATEUS,"",PRÓXIMO A DELICATESSEM MASSA PURA,IPUTINGA,,SUBURBIO,COLISÃO TRASEIRA,COLISÃO SEM VÍTIMA,2,,,,,,,,,0,,Longo da via,Bom,Não existe,Não existente,Seca,Perfeito estado,Não existe,Não há placas,"",Dupla,Não existe,"",""
854,2019-02-01T00:00:00,17:52:00,SEM VÍTIMA,FINALIZADA,IMBIRIBEIRA,AV MARECHAL MASCARENHAS DE MORAES,"","",PRÓXIMO AO VIADUTO TANCREDO NEVES,AV MARECHAL MASCARENHAS DE MORAES,"",PRÓXIMO AO VIADUTO TANCREDO NEVES,IMBIRIBEIRA,,CIDADE,COLISÃO TRASEIRA,DOIS AUTOS S/V,2,,,,,,,,,0,,Longo da via,Bom,Não existe,Incompleta,Seca,Perfeito estado,Não existe,Não há placas,"",Dupla,Canteiro central,"",""
855,2019-02-01T00:00:00,18:11:00,SEM VÍTIMA,FINALIZADA,BOA VIAGEM,RUA PADRE CABRAL,"","",EM FRENTE AO LAB. GILSON SIDRIN,RUA PADRE CABRAL,"",EM FRENTE AO LAB. GILSON SIDRIN,BOA VIAGEM,,SUBURBIO,ABALROAMENTO TRANSVERSAL,COLISÃO SEM VÍTIMA,2,,,,,,,,,0,,Longo da via,Bom,Não existe,Perfeito estado,Seca,Perfeito estado,"",Placas Pare,20 km/h,Dupla,Faixa contínua,"",""
856,2019-02-01T00:00:00,18:43:00,SEM VÍTIMA,FINALIZADA,DOIS IRMÃOS,RUA MANUEL DE MEDEIROS,S/N,"",UFRPE,RUA MANUEL DE MEDEIROS,S/N,UFRPE,DOIS IRMÃOS,224,SUBURBIO,COLISÃO TRASEIRA,COLSÃO SEM VITIMAS,2,,,,,,,,,0,,"",Bom,Sem defeito,Incompleta,Seca,Perfeito estado,"",Não há placas,"",Dupla,Não existe,"",""
857,2019-02-01T00:00:00,19:07:00,SEM VÍTIMA,FINALIZADA,BARRO,RUA PADRE DIOGO RODRIGUES,"",RUA PADRE NOBREGA,"",RUA PADRE DIOGO RODRIGUES,"","",BARRO,,CIDADE,ABALROAMENTO TRANSVERSAL,COLISÃO SEM VÍTIMA,1,1,,,,,,,,0,,Cruzamento,Bom,Não existe,Não existente,Seca,Perfeito estado,Não existe,Não há placas,"",Dupla,Faixa contínua,"",""
858,2019-02-01T00:00:00,19:50:00,SEM VÍTIMA,CANCELADA,BONGI,RUA HERCULES FLORENCE,"",RUA OSCAR BERARDO,CASA DA FARINHA,RUA HERCULES FLORENCE,"",CASA DA FARINHA,BONGI,,"",ACID. DE PERCURSO,"FALTA DE SINALIZAÇÃO EM OBRA DA COMPESA , CAMINHÃO COLIDIU COM POSTE NÃO DAR PRA VER A PLACA DO VEICULO POR FALTA DE ENERGIA NO LOCAL",,,,,,,,,,0,,"","","","","","","","","","","","",""
859,2019-02-01T00:00:00,19:56:00,COM VÍTIMA,CANCELADA,BONGI,AV ENGENHEIRO ABDIAS DE CARVALHO,"","",E/F A FARMACIA SANTA MARIA,AV ENGENHEIRO ABDIAS DE CARVALHO,"",E/F A FARMACIA SANTA MARIA,BONGI,422,"",COLISÃO,COLISÃO COM VITIMA,1,1,,,,,,,,1,,"","","","","","","","","","","","",""
860,2019-02-01T00:00:00,20:00:00,SEM VÍTIMA,FINALIZADA,DOIS IRMÃOS,RUA MANUEL DE MEDEIROS,"","",EM FRENTE A FARMÁCIA LAFEPE,RUA MANUEL DE MEDEIROS,"",EM FRENTE A FARMÁCIA LAFEPE,DOIS IRMÃOS,,SUBURBIO,ABALROAMENTO LONGITUDINAL,VITIMA S/V,2,,,,,,,,,0,,Longo da via,Bom,Não existe,Incompleta,Seca,Mal conservada,Não existe,R-6a,"",Dupla,Não existe,"",""
861,2019-02-01T00:00:00,21:02:00,SEM VÍTIMA,FINALIZADA,ILHA DO LEITE,AV GOVERNADOR AGAMENON MAGALHAES,"","",AO LADO DO REAL HOSPITAL PORTUGUÊS,AV GOVERNADOR AGAMENON MAGALHAES,"",AO LADO DO REAL HOSPITAL PORTUGUÊS,ILHA DO LEITE,,SUBURBIO,ABALROAMENTO LONGITUDINAL,"",1,1,,,,,,,,0,,Longo da via,Bom,Não existe,Perfeito estado,Seca,Perfeito estado,Não existe,Não há placas,"",Única,Faixa seccionada,Canteiro central,""
862,2019-02-01T00:00:00,21:04:00,COM VÍTIMA,FINALIZADA,ESPINHEIRO,RUA CONS PORTELA,"",RUA QUARENTA E OITO,E/F A FARMACIA PAGUE MENOS,RUA CONS PORTELA,"",E/F A FARMACIA PAGUE MENOS,ESPINHEIRO,11,"",ATROPELAMENTO,COM VITIMA,1,,,,1,,,,,1,,Cruzamento,Bom,Sem defeito,Perfeito estado,Seca,Perfeito estado,Faixa de pedestre,"","",Única,Faixa contínua,Faixa seccionada,""
863,2019-02-01T00:00:00,23:38:00,COM VÍTIMA,FINALIZADA,IMBIRIBEIRA,RUA ARQUITETO LUIZ NUNES,201,RUA ENGENHEIRO JOSE BRANDAO CAVALCANTE,EM FRENTE AO EDIF. PINHEIROS,RUA ARQUITETO LUIZ NUNES,201,EM FRENTE AO EDIF. PINHEIROS,IMBIRIBEIRA,,CIDADE,ABALROAMENTO TRANSVERSAL,"COLISÃO COM VITIMA, SOLICITANTE TRATA-SE DE UM PARENTE (GENRO)",,2,,,,,,,,1,,Cruzamento,Bom,Não existe,Perfeito estado,Seca,Perfeito estado,Não existe,Outras,"",Dupla,Faixa contínua,Faixa seccionada,""
864,2019-02-02T00:00:00,00:08:00,COM VÍTIMA,FINALIZADA,BREJO DA GUABIRABA,AV VEREADOR OTACILIO AZEVEDO,"","","EM FRENTE AO CLUBE DA FAZENDA, EM FRENTE AO GINASIO DO MARRETÃO",AV VEREADOR OTACILIO AZEVEDO,"","EM FRENTE AO CLUBE DA FAZENDA, EM FRENTE AO GINASIO DO MARRETÃO",BREJO DA GUABIRABA,,CIDADE,ABALROAMENTO LONGITUDINAL,"COLISÃO ENTRE DUAS MOTOS, C/V",,2,,,,,,,,3,,Longo da via,Bom,Não existe,Perfeito estado,Molhada,Perfeito estado,Não existe,Não há placas,"",Única,Faixa seccionada,"",""
865,2019-02-02T00:00:00,00:45:00,COM VÍTIMA,FINALIZADA,CASA FORTE,AV DEZESSETE DE AGOSTO,2187,"","EM FRENTE AO MUSEU DO HOMEM DO NORDESTE, EM FRENTE A CEF.",AV DEZESSETE DE AGOSTO,2187,"EM FRENTE AO MUSEU DO HOMEM DO NORDESTE, EM FRENTE A CEF.",CASA FORTE,,SUBURBIO,ABALROAMENTO TRANSVERSAL,COLISÃO ENTREAUTO E MOTO C/V,1,1,,,,,,,,1,,Longo da via,Bom,Não existe,Perfeito estado,Seca,Perfeito estado,Faixa de pedestre,Não há placas,"",Dupla,Faixa contínua,Faixa seccionada,""
866,2019-02-02T00:00:00,06:46:00,SEM VÍTIMA,FINALIZADA,PRADO,AV ENGENHEIRO ABDIAS DE CARVALHO,"","",EM FRENTE A BIG CAR,AV ENGENHEIRO ABDIAS DE CARVALHO,"",EM FRENTE A BIG CAR,PRADO,,CIDADE,ABALROAMENTO LONGITUDINAL,DOIS AUTOS E MOTO,2,1,,,,,,,,0,,Longo da via,Bom,Sem defeito,Perfeito estado,Seca,Perfeito estado,"",Outras,"",Dupla,Canteiro central,"",""
867,2019-02-02T00:00:00,07:11:00,SEM VÍTIMA,CANCELADA,JARDIM SÃO PAULO,AV RECIFE,6165,"",EM FRENTE A DISTRIBUIDORA TUDO EM INOX,AV RECIFE,6165,EM FRENTE A DISTRIBUIDORA TUDO EM INOX,JARDIM SÃO PAULO,,BOA VIAGEM,COLISÃO,SEM VITIMAS,1,,,,,,1,,,0,,"","","","","","","","","","","","",""
868,2019-02-02T00:00:00,07:18:00,COM VÍTIMA,FINALIZADA,ILHA DO LEITE,AV FREI MATIAS TEVES,"",RUA SENADOR JOSE HENRIQUE,EM FRENTE AO HOSPITAL ALBERT SABIM,AV FREI MATIAS TEVES,"",EM FRENTE AO HOSPITAL ALBERT SABIM,ILHA DO LEITE,,SUBURBIO,ABALROAMENTO TRANSVERSAL,COLISÃO COM VITIMA,3,1,,,,,,,,1,,Cruzamento,Bom,Não existe,Perfeito estado,Seca,Perfeito estado,Faixa de pedestre,Placas Pare,40 km/h,Única,Faixa seccionada,"",""
869,2019-02-02T00:00:00,07:36:00,SEM VÍTIMA,CANCELADA,TAMARINEIRA,AV NORTE,"","",APÓS A CONEGO BARATA,AV NORTE,"",APÓS A CONEGO BARATA,TAMARINEIRA,,"",COLISÃO,COLISÃO COM VITIMA,,,,,,,,,,0,,"","","","","","","","","","","","",""
870,2019-02-02T00:00:00,08:33:00,SEM VÍTIMA,FINALIZADA,PRADO,RUA SANTA EDWIRGES,182,RUA PINTO JUNIOR,"",RUA SANTA EDWIRGES,182,"",PRADO,,CIDADE,ABALROAMENTO TRANSVERSAL,SEM VÍTIMAS,2,,,,,,,,,0,,Longo da via,Bom,Não existe,Perfeito estado,Seca,Perfeito estado,Não existe,R-6a,"",Única,Não existe,"",""
871,2019-02-02T00:00:00,08:44:00,SEM VÍTIMA,CANCELADA,CASA AMARELA,RUA SANTA IZABEL,282,"",EM FRENTE À IGREJA CATOLICA,RUA SANTA IZABEL,282,EM FRENTE À IGREJA CATOLICA,CASA AMARELA,,"",COLISÃO,COLISÃO ENTRE DOIS AUTOS SEM VÍTIMAS,2,,,,,,,,,0,,"","","","","","","","","","","","",""
872,2019-02-02T00:00:00,08:46:00,SEM VÍTIMA,FINALIZADA,BOA VIAGEM,AV ENGENHEIRO DOMINGOS FERREIRA,3704,"",EM FRENTE AO INSTITUTO GASTRONÔMICO DAS AMÉRICAS,AV ENGENHEIRO DOMINGOS FERREIRA,3704,EM FRENTE AO INSTITUTO GASTRONÔMICO DAS AMÉRICAS,BOA VIAGEM,,SUBURBIO,ABALROAMENTO LONGITUDINAL,ONIBUS E AUTO,1,,,,,1,,,,0,,Longo da via,Bom,Não existe,Perfeito estado,Seca,Perfeito estado,Outros,Outras,60 km/h,Única,Canteiro central,"",""
873,2019-02-02T00:00:00,09:57:00,SEM VÍTIMA,FINALIZADA,IMBIRIBEIRA,AV MARECHAL MASCARENHAS DE MORAES,7935,"",EM FRENTE A LOJA MP MULTIMARCAS,AV MARECHAL MASCARENHAS DE MORAES,7935,EM FRENTE A LOJA MP MULTIMARCAS,IMBIRIBEIRA,,CIDADE,COLISÃO TRASEIRA,COLISÃO SEM VITIMAS VT 26 QTH,2,,,,,,,,,0,,Longo da via,Chuvoso,Sem defeito,Perfeito estado,Molhada,Perfeito estado,Não existe,Não há placas,"",Dupla,Canteiro central,"",""
874,2019-02-02T00:00:00,10:18:00,SEM VÍTIMA,FINALIZADA,APIPUCOS,RUA DE APIPUCOS,1222,"",AO LADO DO 11º BPM,RUA DE APIPUCOS,1222,AO LADO DO 11º BPM,APIPUCOS,248,CIDADE,CHOQUE OBJETO FIXO,CONDUTOR COLIDIU CONTRA POSTE SEM VITIMAS,,,,,,1,,,,0,,Longo da via,Bom,Sem defeito,Perfeito estado,Seca,Perfeito estado,Faixa de pedestre,Outras,"",Dupla,Faixa contínua,"",""
875,2019-02-02T00:00:00,11:27:00,SEM VÍTIMA,CANCELADA,VÁRZEA,RUA VALE DO SIRIJI,"","",NO MEIO DA LADEIRA DO UR7,RUA VALE DO SIRIJI,"",NO MEIO DA LADEIRA DO UR7,VÁRZEA,,"",COLISÃO,SEM VITIMAS,2,,,,,,,,,0,,"","","","","","","","","","","","",""
876,2019-02-02T00:00:00,14:20:00,SEM VÍTIMA,FINALIZADA,IMBIRIBEIRA,RUA BARAO DE AGUA BRANCA,"",RUA DUQUE ESTRADA,"",RUA BARAO DE AGUA BRANCA,"","",IMBIRIBEIRA,,"",ABALROAMENTO TRANSVERSAL,COLISAO ENTRE DOIS AUTOS S/V,2,,,,,,,,,0,,Cruzamento,Bom,Não existe,Perfeito estado,Seca,Perfeito estado,Não existe,Placas Pare,"",Dupla,Não existe,"",""
877,2019-02-02T00:00:00,14:30:00,SEM VÍTIMA,CANCELADA,BOA VISTA,RUA DA AURORA,"","",EM FRENTE AO CINEMA SAO LUIZ,RUA DA AURORA,"",EM FRENTE AO CINEMA SAO LUIZ,BOA VISTA,,"",COLISÃO,COLISAO ENVOLVENDO AUTO E ONIBUS,1,,,,,1,,,,0,,"","","","","","","","","","","","",""
878,2019-02-02T00:00:00,14:44:00,SEM VÍTIMA,FINALIZADA,ILHA DO RETIRO,RUA TABAIARES,297,"",LADO OPOSTO AO SEBRAE,RUA TABAIARES,297,LADO OPOSTO AO SEBRAE,ILHA DO RETIRO,,CIDADE,ABALROAMENTO TRANSVERSAL,"COLISÃO ENVOLVENDO DOIS AUTOS (INCLUINDO, UMA VT DA GCMR- PATRIMÔNIO)",1,,,,,,,1,,0,,Longo da via,Bom,Não existe,Não existente,Seca,Perfeito estado,Não existe,Não há placas,"",Dupla,Não existe,"",""
879,2019-02-02T00:00:00,15:23:00,SEM VÍTIMA,FINALIZADA,BOA VIAGEM,AV FERNANDO SIMOES BARBOSA,"",RUA BRUNO VELOSO,SEMÁFORO 335,AV FERNANDO SIMOES BARBOSA,"",SEMÁFORO 335,BOA VIAGEM,335,CIDADE,ABALROAMENTO TRANSVERSAL,COLISÃO SEM VÍTIMA,2,,,,,,,,,0,,Cruzamento,Bom,Sem defeito,Perfeito estado,Seca,Perfeito estado,Faixa de pedestre,"","",Única,"","",""
880,2019-02-02T00:00:00,15:57:00,SEM VÍTIMA,CANCELADA,AREIAS,RUA ERNESTO NAZARETH,516,"",EM FRENTE AO BODE DOS IRMAOS,RUA ERNESTO NAZARETH,516,EM FRENTE AO BODE DOS IRMAOS,AREIAS,,"",COLISÃO,AUTO E MOTO S/V,1,1,,,,,,,,0,,"","","","","","","","","","","","",""
881,2019-02-02T00:00:00,16:35:00,SEM VÍTIMA,FINALIZADA,MADALENA,AV BEIRA RIO,"","","AO LADO DA ACADEMIA DA CIDADE, PRÓXIMO À PONTE DA TORRE.",AV BEIRA RIO,"","AO LADO DA ACADEMIA DA CIDADE, PRÓXIMO À PONTE DA TORRE.",MADALENA,77,"",COLISÃO,COLISAO ENTRE DOIS AUTOS S/V,2,,,,,,,,,0,,"","","","","","","","","","","","",""
882,2019-02-02T00:00:00,17:41:00,COM VÍTIMA,FINALIZADA,DERBY,RUA JENER DE SOUZA,"",PRC DO DERBY,EM FRENTE AO QUARTEL,RUA JENER DE SOUZA,"",EM FRENTE AO QUARTEL,DERBY,,SUBURBIO,COLISÃO,COLISÃO COM VÍTIMA,1,,1,,,,,,,1,,Cruzamento,Bom,Não existe,Perfeito estado,Seca,Perfeito estado,Faixa de retenção,Não há placas,"",Dupla,Canteiro central,"",""