_id,DATA,hora,natureza_acidente,situacao,bairro,endereco,numero,detalhe_endereco_acidente,complemento,endereco_cruzamento,numero_cruzamento,referencia_cruzamento,bairro_cruzamento,num_semaforo,sentido_via,tipo,descricao,auto,moto,ciclom,ciclista,pedestre,onibus,caminhao,viatura,outros,vitimas,vitimasfatais,acidente_verificado,tempo_clima,situacao_semaforo,sinalizacao,condicao_via,conservacao_via,ponto_controle,situacao_placa,velocidade_max_via,mao_direcao,divisao_via1,divisao_via2,divisao_via3
883,2019-02-02T00:00:00,19:40:00,COM VÍTIMA,FINALIZADA,BARRO,AV DR JOSE RUFINO,2060,"",E/F AO EDF PORTO DAS PALMEIRAS / PRÓX AO IMPERIO / SNT JABOATÃO,AV DR JOSE RUFINO,2060,E/F AO EDF PORTO DAS PALMEIRAS / PRÓX AO IMPERIO / SNT JABOATÃO,BARRO,213,CIDADE,ABALROAMENTO TRANSVERSAL,ENTRE AUTO E MOYO. C/V,1,1,,,,,,,,1,,Longo da via,Bom,Sem defeito,Perfeito estado,Seca,Perfeito estado,Faixa de pedestre,Não há placas,"",Dupla,Faixa contínua,"",""
884,2019-02-02T00:00:00,20:13:00,SEM VÍTIMA,FINALIZADA,TAMARINEIRA,RUA CONEGO BARATA,"","",E/F AO ARMAZÉM FERREIRA COSTA / AO LADO DO HOSPITAL HELENA MOURA,RUA CONEGO BARATA,"",E/F AO ARMAZÉM FERREIRA COSTA / AO LADO DO HOSPITAL HELENA MOURA,TAMARINEIRA,,"",COLISÃO,ENTRE 2 AUTOS. S/V,2,,,,,,,,,0,,"","","","","","","","","","","","",""
885,2019-02-02T00:00:00,21:35:00,SEM VÍTIMA,FINALIZADA,ESTÂNCIA,AV DR JOSE RUFINO,790,"",E/F AO BRINK KIDS / PRÓX AO VIADUTO E CORREIOS,AV DR JOSE RUFINO,790,E/F AO BRINK KIDS / PRÓX AO VIADUTO E CORREIOS,ESTÂNCIA,,SUBURBIO,COLISÃO FRONTAL,ENTRE KOMBI E AUTO. S/V,2,,,,,,,,,0,,Longo da via,Bom,Não existe,Perfeito estado,Seca,Perfeito estado,Não existe,Não há placas,"",Dupla,Faixa contínua,Faixa seccionada,""
886,2019-02-03T00:00:00,02:26:00,SEM VÍTIMA,FINALIZADA,AFOGADOS,AV MARECHAL MASCARENHAS DE MORAES,"","",PONTE MOTOCOLOMBÓ,AV MARECHAL MASCARENHAS DE MORAES,"",PONTE MOTOCOLOMBÓ,AFOGADOS,39,CIDADE,CHOQUE OBJETO FIXO,CONDUTOR PERDEU O CONTROLE DO VEÍCULO E CHOCOU-SE CONTRA O SEMÁFORO DE NÚMERO 39,1,,,,,,,,,0,,Longo da via,Bom,Sem defeito,Perfeito estado,Seca,Perfeito estado,"","","",Dupla,Canteiro central,"",""
887,2019-02-03T00:00:00,10:35:00,SEM VÍTIMA,CANCELADA,VÁRZEA,AV AFONSO OLINDENSE,3841,"",E/F A A PRAÇA PINTO DAMÁSIO,AV AFONSO OLINDENSE,3841,E/F A A PRAÇA PINTO DAMÁSIO,VÁRZEA,,"",COLISÃO,SEM VÍTIMAS,2,,,,,,,,,0,,"","","","","","","","","","","","",""
888,2019-02-03T00:00:00,12:58:00,SEM VÍTIMA,FINALIZADA,TEJIPIÓ,AV DR JOSE RUFINO,"",RUA ITANHENGA,SOB O SEMÁFORO 208,AV DR JOSE RUFINO,"",SOB O SEMÁFORO 208,TEJIPIÓ,208,SUBURBIO,COLISÃO TRASEIRA,ENTRE DOIS AUTOS S/V,2,,,,,,,,,0,,Longo da via,Chuvoso,Sem defeito,Perfeito estado,Seca,Perfeito estado,Faixa de pedestre,R-6a,40 km/h,Dupla,"","",""
889,2019-02-03T00:00:00,13:44:00,COM VÍTIMA,FINALIZADA,IPUTINGA,RUA N S DA SAUDE,385,RUA JOAO ROSENDO,AO LADO DO TERMINAL DA TORRE,RUA N S DA SAUDE,385,AO LADO DO TERMINAL DA TORRE,IPUTINGA,,"",ABALROAMENTO TRANSVERSAL,ENTRE DUAS MOTOS C/V,,2,,,,,,,,2,,Cruzamento,Bom,Não existe,Perfeito estado,Seca,Perfeito estado,Não existe,Não há placas,"",Dupla,Faixa contínua,"",""
890,2019-02-03T00:00:00,13:46:00,SEM VÍTIMA,FINALIZADA,BOA VIAGEM,RUA PADRE BERNADINO PESSOA,663,RUA MINISTRO NELSON HUNGRIA,"",RUA PADRE BERNADINO PESSOA,663,"",BOA VIAGEM,,SUBURBIO,ABALROAMENTO TRANSVERSAL,ENTRE DOIS AUTOS S/V,2,,,,,,,,,0,,Cruzamento,Chuvoso,Não existe,Perfeito estado,Molhada,Perfeito estado,Outros,Outras,"",Única,"","",""
891,2019-02-03T00:00:00,15:01:00,SEM VÍTIMA,CANCELADA,GRAÇAS,AV RUI BARBOSA,550,"",EM FRENTE A PIZZARIA ATLANTICO,AV RUI BARBOSA,550,EM FRENTE A PIZZARIA ATLANTICO,GRAÇAS,,"",COLISÃO,ENTRE DOIS AUTOS,2,,,,,,,,,0,,"","","","","","","","","","","","",""
892,2019-02-03T00:00:00,15:53:00,SEM VÍTIMA,FINALIZADA,ILHA DO RETIRO,RUA TABAIARES,403,"",AO LADO DO SPORT,RUA TABAIARES,403,AO LADO DO SPORT,ILHA DO RETIRO,,CIDADE,COLISÃO TRASEIRA,COLISÃO SEM VÍTIMA,2,,,,,,,,,0,,Cruzamento,Chuvoso,Não existe,Não existente,Molhada,Mal conservada,Não existe,Não há placas,"",Dupla,Não existe,"",""
893,2019-02-03T00:00:00,16:33:00,SEM VÍTIMA,FINALIZADA,IMBIRIBEIRA,AV MARECHAL MASCARENHAS DE MORAES,"","",AO LADO DO BANCO DA CAIXA,AV MARECHAL MASCARENHAS DE MORAES,"",AO LADO DO BANCO DA CAIXA,IMBIRIBEIRA,,"",ABALROAMENTO LONGITUDINAL,DOIS AUTOS S/V,2,,,,,,,,,0,,Longo da via,Chuvoso,Não existe,Perfeito estado,Molhada,Perfeito estado,Não existe,R-6c,"",Dupla,Canteiro central,"",""
894,2019-02-03T00:00:00,17:25:00,COM VÍTIMA,FINALIZADA,AFOGADOS,RUA VINTE E UM DE ABRIL,"","",EM FRENTE A JR. SUCATA,RUA VINTE E UM DE ABRIL,"",EM FRENTE A JR. SUCATA,AFOGADOS,,"",CHOQUE OBJETO FIXO,COM VÍTIMA/ A VÍTIMA FOI SOCORRIDA PELO SAMU E O RESPONSAVEL DA MOTO ESTA NO LOCAL,,1,,,,,,,,1,,Longo da via,Chuvoso,Não existe,Perfeito estado,Molhada,Perfeito estado,Faixa de pedestre,R-6a,"",Única,Não existe,"",""
895,2019-02-03T00:00:00,22:11:00,COM VÍTIMA,FINALIZADA,PARNAMIRIM,EST DO ENCANAMENTO,"",RUA FERREIRA LOPES,"",EST DO ENCANAMENTO,"","",PARNAMIRIM,462,CIDADE,ABALROAMENTO LONGITUDINAL,COLISÃO COM VÍTIMA,1,1,,,,,,,,1,,Cruzamento,Chuvoso,Sem defeito,Perfeito estado,Molhada,Perfeito estado,Outros,R-6a,"",Única,Faixa seccionada,"",""
896,2019-02-03T00:00:00,22:17:00,SEM VÍTIMA,FINALIZADA,IBURA,AV DOIS RIOS,1399,"",EMBAIXO DO VIADUTO,AV DOIS RIOS,1399,EMBAIXO DO VIADUTO,IBURA,,SUBURBIO,CHOQUE VEÍCULO PARADO,COLISÃO S/V,1,1,,,,,,,,0,,Longo da via,Chuvoso,Não existe,Incompleta,Molhada,Mal iluminada,"",Não há placas,"",Dupla,Faixa contínua,"",""
897,2019-02-04T00:00:00,06:13:00,COM VÍTIMA,FINALIZADA,CASA FORTE,EST DO ENCANAMENTO,277,"",EM FRENTE À ESCOLA JOSÉ VILELA,EST DO ENCANAMENTO,277,EM FRENTE À ESCOLA JOSÉ VILELA,CASA FORTE,462,"",COLISÃO,ÔNIBUS X MOTO C/V.,,1,,,,1,,,,2,,"","","","","","","","","","","","",""
898,2019-02-04T00:00:00,07:02:00,SEM VÍTIMA,FINALIZADA,VÁRZEA,AV BARAO DE BONITO,"",RUA ENGENHEIRO VASCONCELOS BITTENCOURT,EM FRENTE A PADARIA SEMPRE VIVA,AV BARAO DE BONITO,"",EM FRENTE A PADARIA SEMPRE VIVA,VÁRZEA,,CIDADE,ABALROAMENTO LONGITUDINAL,SEM VITIMAS,1,,,,,,1,,,0,,Cruzamento,Chuvoso,Não existe,Perfeito estado,Molhada,Perfeito estado,Não existe,Não há placas,"",Dupla,Não existe,"",""
899,2019-02-04T00:00:00,07:15:00,SEM VÍTIMA,FINALIZADA,"",AV BARAO DE BONITO,"",RUA ENGENHEIRO VASCONCELOS BITTENCOURT,EM FRENTE A PADARIA SEMPRE VIVA,AV BARAO DE BONITO,"",EM FRENTE A PADARIA SEMPRE VIVA,"",,SUBURBIO,ABALROAMENTO TRANSVERSAL,DOIS AUTOS,2,,,,,,,,,0,,Cruzamento,Chuvoso,Não existe,Não existente,"",Perfeito estado,Não existe,Não há placas,"",Dupla,Não existe,"",""
900,2019-02-04T00:00:00,07:23:00,COM VÍTIMA,FINALIZADA,SÃO JOSÉ,RUA IMPERIAL,981,TRV DO RAPOSO,EM FRENTE A CARDIF,RUA IMPERIAL,981,EM FRENTE A CARDIF,SÃO JOSÉ,510,SUBURBIO,ABALROAMENTO TRANSVERSAL,COLISÃO ENTRE AUTO E MOTO,1,1,,,,,,,,1,,Cruzamento,Chuvoso,Sem defeito,Perfeito estado,Molhada,Perfeito estado,Faixa de pedestre,Outras,60 km/h,Única,Faixa contínua,"",""
901,2019-02-04T00:00:00,07:42:00,SEM VÍTIMA,FINALIZADA,BOA VIAGEM,RUA VISCONDE DE JEQUITINHONHA,"","",PRÓXIMO AO SEMÁFORO 258,RUA VISCONDE DE JEQUITINHONHA,"",PRÓXIMO AO SEMÁFORO 258,BOA VIAGEM,,SUBURBIO,COLISÃO TRASEIRA,SEM VÍTIMAS,2,,,,,,,,,0,,Longo da via,Chuvoso,Sem defeito,Perfeito estado,Molhada,Perfeito estado,Faixa de pedestre,Não há placas,"",Dupla,Canal,"",""
902,2019-02-04T00:00:00,07:55:00,SEM VÍTIMA,FINALIZADA,BOA VIAGEM,RUA PROFESSOR JOSE BRANDAO,135,"",PRÓX AO HOTEL JULIETA,RUA PROFESSOR JOSE BRANDAO,135,PRÓX AO HOTEL JULIETA,BOA VIAGEM,,"",COLISÃO,ENTRE AUTOS S/V.,2,,,,,,,,,0,,"","","","","","","","","","","","",""
903,2019-02-04T00:00:00,08:15:00,SEM VÍTIMA,FINALIZADA,IBURA,RUA RIO XINGU,"","",AO LADO DA ECO ESTACÃO,RUA RIO XINGU,"",AO LADO DA ECO ESTACÃO,IBURA,,SUB/CID,ABALROAMENTO LONGITUDINAL,SEM VITIMAS,1,,,,,,1,,,0,,Longo da via,Chuvoso,Não existe,Não existente,Molhada,Mal conservada,Outros,Outras,"",Dupla,Faixa,"",""
904,2019-02-04T00:00:00,08:36:00,SEM VÍTIMA,FINALIZADA,VÁRZEA,AV CAXANGA,"","",EM FRENTE A UPA,AV CAXANGA,"",EM FRENTE A UPA,VÁRZEA,281,SUBURBIO,ABALROAMENTO LONGITUDINAL,DOIS AUTOS VT- 29 SUB. PAULINO NO LOCAL,2,,,,,,,,,0,,Cruzamento,Chuvoso,Sem defeito,Perfeito estado,Molhada,Perfeito estado,Faixa de pedestre,Não há placas,"",Dupla,Canteiro central,"",""
905,2019-02-04T00:00:00,09:13:00,SEM VÍTIMA,FINALIZADA,IMBIRIBEIRA,RUA MANOEL SERAFIM DO COUTO,65,"",PRÓX À ESTAÇÃO DA IMBIRIBEIRA // EM FRENTE AO CENTRO SOCIAL AFRANIO GODOY,RUA MANOEL SERAFIM DO COUTO,65,PRÓX À ESTAÇÃO DA IMBIRIBEIRA // EM FRENTE AO CENTRO SOCIAL AFRANIO GODOY,IMBIRIBEIRA,,SUBURBIO,CHOQUE VEÍCULO PARADO,AUTO X CAMINHÃO S/V,2,,,,,,,,,0,,Longo da via,Chuvoso,Não existe,Não existente,Molhada,Mal iluminada,Não existe,Não há placas,"",Dupla,Não existe,"",""
906,2019-02-04T00:00:00,10:04:00,SEM VÍTIMA,FINALIZADA,NOVA DESCOBERTA,RUA ALTO DO RESERVATORIO,951,"","",RUA ALTO DO RESERVATORIO,951,"",NOVA DESCOBERTA,,"",ABALROAMENTO LONGITUDINAL,"",1,,,,,,1,,,0,,Longo da via,Chuvoso,Não existe,Não existente,Seca,Perfeito estado,Não existe,Não há placas,"",Dupla,Não existe,"",""
907,2019-02-04T00:00:00,10:58:00,SEM VÍTIMA,FINALIZADA,BOA VIAGEM,RUA FRANCISCO DA CUNHA,293,RUA PROFESSOR EDUARDO WANDERLEY FILHO,EM FRENTE AO COLEGIO BOA VIAGEM,RUA FRANCISCO DA CUNHA,293,EM FRENTE AO COLEGIO BOA VIAGEM,BOA VIAGEM,,"",COLISÃO,"SEM VITIMAS,CRIANÇA DE UM ANO E QUATRO MESES NO VEÍCULO",2,,,,,,,,,0,,"","","","","","","","","","","","",""
908,2019-02-04T00:00:00,11:12:00,SEM VÍTIMA,FINALIZADA,CORDEIRO,AV GENERAL SAN MARTIN,"",RUA GOMES TABORDA,"",AV GENERAL SAN MARTIN,"","",CORDEIRO,67,SUBURBIO,ABALROAMENTO LONGITUDINAL,SEM VITIMAS.CTTU NO LOCAL VT24,2,,,,,,,,,0,,Cruzamento,Bom,Sem defeito,Perfeito estado,Seca,Perfeito estado,Faixa de pedestre,R-6a,"",Dupla,Faixa seccionada,"",""
909,2019-02-04T00:00:00,11:35:00,COM VÍTIMA,FINALIZADA,IMBIRIBEIRA,AV MARECHAL MASCARENHAS DE MORAES,4741,RUA JOAO PEDRO DA SILVA,LADO OPOSTO AO HOTEL AEROPORTO,AV MARECHAL MASCARENHAS DE MORAES,4741,LADO OPOSTO AO HOTEL AEROPORTO,IMBIRIBEIRA,,CIDADE,ABALROAMENTO LONGITUDINAL,COLISÃO ENTRE AUTO E MOTO.,1,1,,,,,,,,1,,Longo da via,Chuvoso,Não existe,Perfeito estado,Molhada,Perfeito estado,"",Não há placas,60 km/h,Única,Canteiro central,"",""
910,2019-02-04T00:00:00,12:52:00,COM VÍTIMA,FINALIZADA,BOA VIAGEM,AV VINTE DE JANEIRO,1156,"",EM FRENTE AO COLEGIO DOURADO. POSTE B012063,AV VINTE DE JANEIRO,1156,EM FRENTE AO COLEGIO DOURADO. POSTE B012063,BOA VIAGEM,,CIDADE,COLISÃO FRONTAL,COLISÃO ENTRE AUTO E MOTO.,1,1,,,,,,,,1,,Cruzamento,Bom,Não existe,Incompleta,Seca,Mal conservada,Não existe,Placas Pare,"",Dupla,Não existe,"",""
911,2019-02-04T00:00:00,13:31:00,COM VÍTIMA,FINALIZADA,PINA,AV ANTONIO DE GOES,275,"",APOS O JCPM,AV ANTONIO DE GOES,275,APOS O JCPM,PINA,,CIDADE,COLISÃO TRASEIRA,COLISAO ENTRE MOTO E CAMINHAO C/V,,1,,,,,1,,,1,,Longo da via,Bom,Não existe,Perfeito estado,Seca,Perfeito estado,Outros,"",60 km/h,Única,Faixa seccionada,"",""
912,2019-02-04T00:00:00,14:41:00,COM VÍTIMA,FINALIZADA,TOTÓ,RUA ONZE DE AGOSTO,"",RUA MARIA AUGUSTA VILA CHAN,E/F A COMPESA,RUA ONZE DE AGOSTO,"",E/F A COMPESA,TOTÓ,,SUBURBIO,ABALROAMENTO LONGITUDINAL,COLISAO ENTRE AUTO E MOTO.,1,1,,,,,,,,1,,Longo da via,Bom,Não existe,Não existente,Seca,Perfeito estado,Não existe,Não há placas,"",Dupla,Não existe,"",""
913,2019-02-04T00:00:00,15:06:00,SEM VÍTIMA,CANCELADA,BOA VIAGEM,RUA PROF PEDRO AUGUSTO CARNEIRO LEAO,"","",POR TRAS DO SHOPPING RECIFE AO LADO DA FACULDADE DO COLEGIO MOTIVO,RUA PROF PEDRO AUGUSTO CARNEIRO LEAO,"",POR TRAS DO SHOPPING RECIFE AO LADO DA FACULDADE DO COLEGIO MOTIVO,BOA VIAGEM,,"",COLISÃO,COLISAO ENTRE DOIS AUTOS S/V,2,,,,,,,,,0,,"","","","","","","","","","","","",""
914,2019-02-04T00:00:00,15:12:00,SEM VÍTIMA,CANCELADA,IMBIRIBEIRA,RUA ARTUR MOURA,77,"",POR TRAZ DA FAC. UNIVERSO E A LINHA DO TREM,RUA ARTUR MOURA,77,POR TRAZ DA FAC. UNIVERSO E A LINHA DO TREM,IMBIRIBEIRA,,"",COLISÃO,COLISÃO SEM VITIMAS,1,,,,,,1,,,0,,"","","","","","","","","","","","",""
915,2019-02-04T00:00:00,15:12:00,SEM VÍTIMA,FINALIZADA,AFOGADOS,RUA SAO MIGUEL,113,RUA PEDRO CABRAL DE OLIVEIRA,TEMPERO DO CAMPO,RUA SAO MIGUEL,113,TEMPERO DO CAMPO,AFOGADOS,,CIDADE,ABALROAMENTO TRANSVERSAL,COLISAO ENTRE ONIBUS E AUTO S/V,1,,,,,1,,,,0,,Cruzamento,Bom,Não existe,Perfeito estado,Seca,Perfeito estado,Não existe,Outras,"",Dupla,Faixa contínua,"",""
916,2019-02-04T00:00:00,15:21:00,SEM VÍTIMA,FINALIZADA,VÁRZEA,AV AFONSO OLINDENSE,1764,"",PRÓXIMO A PRAÇA DA VARZEA,AV AFONSO OLINDENSE,1764,PRÓXIMO A PRAÇA DA VARZEA,VÁRZEA,,CIDADE,ABALROAMENTO LONGITUDINAL,DOIS AUTOS,2,,,,,,,,,0,,Longo da via,Bom,Não existe,Perfeito estado,Seca,Perfeito estado,"",Outras,"",Dupla,Faixa contínua,"",""
917,2019-02-04T00:00:00,15:21:00,SEM VÍTIMA,CANCELADA,BOA VIAGEM,AV DOM JOAO VI,"","","SAIDA DO RESIDENCIAL BOA VIAGEM, AO LADO DO SHOPPING CENTER RECIFE",AV DOM JOAO VI,"","SAIDA DO RESIDENCIAL BOA VIAGEM, AO LADO DO SHOPPING CENTER RECIFE",BOA VIAGEM,639,"",COLISÃO,COLISÃO SEM VITIMAS,2,,,,,,,,,0,,"","","","","","","","","","","","",""
918,2019-02-04T00:00:00,16:03:00,COM VÍTIMA,CANCELADA,DERBY,RUA JENER DE SOUZA,"","",EM FRENTE AO QUARTEL DO DERBY SENTIDO CENTRO,RUA JENER DE SOUZA,"",EM FRENTE AO QUARTEL DO DERBY SENTIDO CENTRO,DERBY,,"",COLISÃO,COLISAO ENVOLVENDO DUAS MOTOS COM VITIMA,,2,,,,,,,,1,,"","","","","","","","","","","","",""
919,2019-02-04T00:00:00,16:32:00,COM VÍTIMA,FINALIZADA,CAMPO GRANDE,EST DE BELEM,"",RUA BARAO DE VERA CRUZ,"",EST DE BELEM,"","",CAMPO GRANDE,,CIDADE,ABALROAMENTO TRANSVERSAL,COLISAO ENTRE AUTO E MOTO COM UMA VITIMA VT 10 NO LOCAL,1,1,,,,,,,,1,,Cruzamento,Bom,Não existe,Perfeito estado,Seca,Perfeito estado,Faixa de pedestre,"","",Dupla,"","",""
920,2019-02-04T00:00:00,18:09:00,COM VÍTIMA,FINALIZADA,BOA VIAGEM,AV DOM JOAO VI,"","","",AV DOM JOAO VI,"","",BOA VIAGEM,639,SUBURBIO,COLISÃO TRASEIRA,COLISÃO COM VITIMA,3,,,,,,,,,1,,"","","","","","","","","","","","",""
921,2019-02-04T00:00:00,18:28:00,SEM VÍTIMA,FINALIZADA,IPSEP,RUA SAO NICOLAU,"",RUA HELIO BRANDAO,"",RUA SAO NICOLAU,"","",IPSEP,505,"",ABALROAMENTO LONGITUDINAL,ENTRE AUTO E ÔNIBUS. S/V,1,,,,,1,,,,0,,"",Bom,Sem defeito,Perfeito estado,Seca,Perfeito estado,"",Não há placas,"",Única,Não existe,"",""
922,2019-02-04T00:00:00,18:40:00,SEM VÍTIMA,CANCELADA,PORTO DA MADEIRA,AV BEBERIBE,"","",E/F AO POSTO SIVINI/ ARENA IBIZA CLUB,AV BEBERIBE,"",E/F AO POSTO SIVINI/ ARENA IBIZA CLUB,PORTO DA MADEIRA,,"",COLISÃO,COLISÃO S/V,2,,,,,,,,,0,,"","","","","","","","","","","","",""
923,2019-02-04T00:00:00,18:52:00,COM VÍTIMA,FINALIZADA,CAXANGÁ,AV CAXANGA,"","",E/F AO T.I CAXAGÁ,AV CAXANGA,"",E/F AO T.I CAXAGÁ,CAXANGÁ,,"",ATROPELAMENTO,COLISÃO COM VITIMA,,1,,,,,,,,2,,"","","","","","","","","","","","",""
924,2019-02-04T00:00:00,18:54:00,SEM VÍTIMA,FINALIZADA,CORDEIRO,RUA SOUZA BANDEIRA,"","",CENTRO EDUCACIONAL HELENA LUBIENSKA,RUA SOUZA BANDEIRA,"",CENTRO EDUCACIONAL HELENA LUBIENSKA,CORDEIRO,,SUBURBIO,COLISÃO TRASEIRA,"ENTRE 2 AUTOS, S/V",3,,,,,,,,,0,,Longo da via,Bom,Sem defeito,Perfeito estado,Seca,Perfeito estado,"",R-6a,30 km/h,Única,"","",""
925,2019-02-04T00:00:00,19:23:00,COM VÍTIMA,FINALIZADA,AFOGADOS,RUA SAO MIGUEL,"","",PROX AO CORREIOS/IGREJA DA FÉ DO BRASIL,RUA SAO MIGUEL,"",PROX AO CORREIOS/IGREJA DA FÉ DO BRASIL,AFOGADOS,,"",COLISÃO,"",1,1,,,,,,,,1,,"","","","","","","","","","","","",""
926,2019-02-04T00:00:00,19:27:00,SEM VÍTIMA,FINALIZADA,CASA AMARELA,EST DO ARRAIAL,"","",EM FRENTE A ESCOLA DOM VITAL,EST DO ARRAIAL,"",EM FRENTE A ESCOLA DOM VITAL,CASA AMARELA,,SUBURBIO,ABALROAMENTO LONGITUDINAL,ENTRE 2 AUTOS S/V,2,,,,,,,,,0,,Longo da via,Bom,Não existe,Perfeito estado,Seca,Perfeito estado,Outros,Outras,"",Única,Faixa contínua,"",""
927,2019-02-04T00:00:00,20:11:00,SEM VÍTIMA,FINALIZADA,CASA FORTE,RUA LEONARDO BEZERRA CAVALCANTE,672,"",AO LADO DO MERCADO WALLMART / E/F AO BOI VERDE,RUA LEONARDO BEZERRA CAVALCANTE,672,AO LADO DO MERCADO WALLMART / E/F AO BOI VERDE,CASA FORTE,,SUBURBIO,ABALROAMENTO LONGITUDINAL,ENTRE ÔNIBUS DE TURISMO E AUTO PASSEIO. S/V,1,,,,,1,,,,0,,Longo da via,Bom,Sem defeito,Perfeito estado,Seca,Perfeito estado,Faixa de pedestre,Outras,"",Única,Faixa seccionada,"",""
928,2019-02-04T00:00:00,20:39:00,SEM VÍTIMA,FINALIZADA,BOA VIAGEM,AV ENGENHEIRO DOMINGOS FERREIRA,"","","",AV ENGENHEIRO DOMINGOS FERREIRA,"","",BOA VIAGEM,128,SUBURBIO,CHOQUE VEÍCULO PARADO,ENTRE AUTO E ÔNIBUS. S/V,1,,,,,1,,,,0,,Longo da via,Bom,Sem defeito,Perfeito estado,Seca,Perfeito estado,"",Não há placas,"",Única,Canteiro central,"",""
929,2019-02-05T00:00:00,00:12:00,SEM VÍTIMA,FINALIZADA,ARRUDA,RUA SAO BENTO,325,"",EM FRENTE AO POSTO NORTE BRAZ,RUA SAO BENTO,325,EM FRENTE AO POSTO NORTE BRAZ,ARRUDA,,SUBURBIO,CHOQUE VEÍCULO PARADO,COLISÃO ENTRE DOIS AUTOS S/V,2,,,,,,,,,0,,Longo da via,Bom,Sem defeito,Perfeito estado,Seca,Perfeito estado,Não existe,Não há placas,"",Única,Faixa seccionada,"",""
930,2019-02-05T00:00:00,05:33:00,VÍTIMA FATAL,FINALIZADA,TEJIPIÓ,AV DR JOSE RUFINO,3579,"","PROX AO ARMAZEN CORAL, PROX DA ESTAÇÃO DE TEJIPIÓ. NA CURVA.",AV DR JOSE RUFINO,3579,"PROX AO ARMAZEN CORAL, PROX DA ESTAÇÃO DE TEJIPIÓ. NA CURVA.",TEJIPIÓ,,CIDADE,COLISÃO COM CICLISTA,COLISÃO ENTRE AUTO E CICLISTA C/V,1,,,1,,,,,,,1,Longo da via,Chuvoso,Não existe,"",Molhada,"",Não existe,Outras,"",Dupla,Faixa contínua,"",""
931,2019-02-05T00:00:00,07:00:00,SEM VÍTIMA,CANCELADA,IMBIRIBEIRA,RUA JOAQUIM BANDEIRA,203,"",PRÓX À ESTAÇÃO // SENTIDO BOA VIAGEM,RUA JOAQUIM BANDEIRA,203,PRÓX À ESTAÇÃO // SENTIDO BOA VIAGEM,IMBIRIBEIRA,,"",COLISÃO,"",2,,,,,,,,,0,,"","","","","","","","","","","","",""
932,2019-02-05T00:00:00,08:10:00,SEM VÍTIMA,FINALIZADA,IBURA,AV DOM HELDER CAMARA,40,"","",AV DOM HELDER CAMARA,40,"",IBURA,,CIDADE,ABALROAMENTO LONGITUDINAL,SEM VÍTIMAS,2,,,,,,,,,0,,Longo da via,Chuvoso,Não existe,Perfeito estado,Seca,Perfeito estado,Não existe,Não há placas,60 km/h,Dupla,Canteiro central,"",""
933,2019-02-05T00:00:00,08:17:00,VÍTIMA FATAL,FINALIZADA,BEBERIBE,AV BEBERIBE,4175,"",EM FRENTE AO POSTO DE GASOLINA DESATIVADO,AV BEBERIBE,4175,EM FRENTE AO POSTO DE GASOLINA DESATIVADO,BEBERIBE,314,CIDADE,ABALROAMENTO LONGITUDINAL,ONIBUS E CINQUENTINHA,,,1,,,1,,,,,1,Longo da via,Bom,Sem defeito,Perfeito estado,Seca,Perfeito estado,Faixa de pedestre,R-6a,"",Dupla,Faixa,"",""
934,2019-02-05T00:00:00,08:18:00,COM VÍTIMA,FINALIZADA,CABANGA,VIADUTO CAPITAO TEMUDO,"","",NA SUBIDA DO VIADUTO. SENTIDO OLINDA,VIADUTO CAPITAO TEMUDO,"",NA SUBIDA DO VIADUTO. SENTIDO OLINDA,CABANGA,,CIDADE,ABALROAMENTO LONGITUDINAL,COLISÃO ENTRE AUTO E MOTO COM VÍTIMA.,1,1,,,,,,,,1,,Viaduto,Bom,Não existe,Perfeito estado,Seca,Perfeito estado,Não existe,Não há placas,"",Dupla,Faixa seccionada,"",""
935,2019-02-05T00:00:00,08:31:00,COM VÍTIMA,FINALIZADA,CORDEIRO,AV CAXANGA,3217,"",EM FRENTE À DISNOVE,AV CAXANGA,3217,EM FRENTE À DISNOVE,CORDEIRO,,CIDADE,ABALROAMENTO LONGITUDINAL,COLISÃO ENTRE AUTO E MOTO COM VÍTIMA.,1,1,,,,,,,,1,,Longo da via,Bom,Não existe,Perfeito estado,Seca,Perfeito estado,"",Outras,"",Dupla,Faixa contínua,Canteiro central,""
936,2019-02-05T00:00:00,08:49:00,SEM VÍTIMA,FINALIZADA,PAISSANDU,AV ENGENHEIRO AGAMENON DE MAGALHAES MELO,"",RUA PAISSANDU,"",AV ENGENHEIRO AGAMENON DE MAGALHAES MELO,"","",PAISSANDU,69,SUBURBIO,COLISÃO TRASEIRA,SEM VÍTIMAS. VT 30 NO LOCAL,1,1,,,,,,,,0,,Longo da via,Bom,Sem defeito,Perfeito estado,"","",Faixa de pedestre,"",60 km/h,Dupla,Faixa contínua,Faixa seccionada,Canal
937,2019-02-05T00:00:00,08:57:00,SEM VÍTIMA,FINALIZADA,CASA FORTE,RUA MARECHAL RONDON,384,"","",RUA MARECHAL RONDON,384,"",CASA FORTE,,SUBURBIO,CHOQUE VEÍCULO PARADO,SEM VÍTIMAS,2,,,,,,,,,0,,Longo da via,Bom,Não existe,Perfeito estado,Seca,Perfeito estado,Não existe,Placas Pare,"",Dupla,Não existe,"",""
938,2019-02-05T00:00:00,09:16:00,SEM VÍTIMA,DUPLICIDADE,CASA AMARELA,EST DO ENCANAMENTO,"",RUA MARECHAL RONDON,EM FRENTE À CASA DE FESTAS ESTRIPULIA,EST DO ENCANAMENTO,"",EM FRENTE À CASA DE FESTAS ESTRIPULIA,CASA AMARELA,,"",COLISÃO,ENTRE AUTOS S/V.,2,,,,,,,,,0,,"","","","","","","","","","","","",""
939,2019-02-05T00:00:00,09:33:00,COM VÍTIMA,FINALIZADA,AREIAS,RUA AIRES BELO,72B,"",AO LADO DO SUPERMERCADO MAKRO,RUA AIRES BELO,72B,AO LADO DO SUPERMERCADO MAKRO,AREIAS,,SUBURBIO,COLISÃO FRONTAL,COILSÃO ENTRE AUTO E MOTO COM VÍTIMA,1,1,,,,,,,,1,,Longo da via,Bom,Não existe,Incompleta,Seca,Perfeito estado,Não existe,Não há placas,"",Dupla,Não existe,"",""