_id,DATA,hora,natureza_acidente,situacao,bairro,endereco,numero,detalhe_endereco_acidente,complemento,endereco_cruzamento,numero_cruzamento,referencia_cruzamento,bairro_cruzamento,num_semaforo,sentido_via,tipo,descricao,auto,moto,ciclom,ciclista,pedestre,onibus,caminhao,viatura,outros,vitimas,vitimasfatais,acidente_verificado,tempo_clima,situacao_semaforo,sinalizacao,condicao_via,conservacao_via,ponto_controle,situacao_placa,velocidade_max_via,mao_direcao,divisao_via1,divisao_via2,divisao_via3
940,2019-02-05T00:00:00,09:36:00,COM VÍTIMA,FINALIZADA,IMBIRIBEIRA,AV MARECHAL MASCARENHAS DE MORAES,2967,"",EM FRENTE A FERREIRA COSTA.,AV MARECHAL MASCARENHAS DE MORAES,2967,EM FRENTE A FERREIRA COSTA.,IMBIRIBEIRA,386,CIDADE,ABALROAMENTO LONGITUDINAL,MOTO E AUTO,1,1,,,,,,,,1,,Longo da via,Bom,Sem defeito,Perfeito estado,Seca,Perfeito estado,Faixa de pedestre,Outras,60 km/h,"",Faixa,"",""
941,2019-02-05T00:00:00,09:58:00,SEM VÍTIMA,FINALIZADA,DERBY,PRC DO DERBY,"","","",PRC DO DERBY,"","",DERBY,417,SUBURBIO,ABALROAMENTO LONGITUDINAL,SEM VÍTIMAS,2,,,,,,,,,0,,Longo da via,Bom,Sem defeito,Perfeito estado,Seca,Perfeito estado,Outros,Outras,60 km/h,Dupla,Canteiro central,"",""
942,2019-02-05T00:00:00,10:11:00,SEM VÍTIMA,FINALIZADA,IBURA,AV DOIS RIOS,1029,"",PAGUE MENOS,AV DOIS RIOS,1029,PAGUE MENOS,IBURA,323,SUBURBIO,ABALROAMENTO TRANSVERSAL,AUTO E MOTO,1,1,,,,,,,,0,,Longo da via,Bom,Sem defeito,Perfeito estado,Seca,Perfeito estado,Não existe,Outras,"",Dupla,Faixa contínua,"",""
943,2019-02-05T00:00:00,10:11:00,SEM VÍTIMA,FINALIZADA,IPSEP,AV RECIFE,1810,RUA JEAN EMILE FAVRE,E/F A PADARIA VILA DO PÃO,AV RECIFE,1810,E/F A PADARIA VILA DO PÃO,IPSEP,130,SUBURBIO,ABALROAMENTO LONGITUDINAL,SEM VÍTIMAS,1,,,,,,1,,,0,,Cruzamento,Bom,Sem defeito,Perfeito estado,Seca,Perfeito estado,Faixa de pedestre,Não há placas,"",Dupla,"","",""
944,2019-02-05T00:00:00,10:12:00,SEM VÍTIMA,FINALIZADA,PARNAMIRIM,PRC PROFESSOR FLEMING,"","",EM FRENTE A CÃO Q RI,PRC PROFESSOR FLEMING,"",EM FRENTE A CÃO Q RI,PARNAMIRIM,,"",ABALROAMENTO LONGITUDINAL,COLISÃO SEM VITIMAS,2,,,,,,,,,0,,Longo da via,Bom,Não existe,Perfeito estado,Seca,Perfeito estado,Não existe,R-6c,"",Única,Faixa seccionada,"",""
945,2019-02-05T00:00:00,10:43:00,SEM VÍTIMA,FINALIZADA,AFOGADOS,AV SUL,"","",ESTAÇÃO LARGO DA PAZ,AV SUL,"",ESTAÇÃO LARGO DA PAZ,AFOGADOS,,CIDADE,ABALROAMENTO LONGITUDINAL,COLISÃO SEM VITIMAS,1,,,,,,1,,,0,,Longo da via,Bom,Sem defeito,Perfeito estado,Seca,Perfeito estado,Não existe,Não há placas,"",Única,Faixa seccionada,"",""
946,2019-02-05T00:00:00,11:05:00,SEM VÍTIMA,FINALIZADA,GRAÇAS,RUA JOAQUIM NABUCO,"","",SOB O SEMÁFORO 174,RUA JOAQUIM NABUCO,"",SOB O SEMÁFORO 174,GRAÇAS,174,SUBURBIO,ABALROAMENTO LONGITUDINAL,"",2,,,,,,,,,0,,Longo da via,Bom,Sem defeito,Perfeito estado,Seca,Perfeito estado,Faixa de pedestre,Outras,"",Única,Faixa contínua,"",""
947,2019-02-05T00:00:00,11:17:00,SEM VÍTIMA,FINALIZADA,ENCRUZILHADA,RUA VINTE E QUATRO DE JUNHO,109,"","",RUA VINTE E QUATRO DE JUNHO,109,"",ENCRUZILHADA,,"",CHOQUE VEÍCULO PARADO,TRÊS AUTOS,3,,,,,,,,,0,,Longo da via,Bom,Não existe,Perfeito estado,Seca,Perfeito estado,Não existe,R-6a,30 km/h,Única,Não existe,"",""
948,2019-02-05T00:00:00,12:33:00,SEM VÍTIMA,FINALIZADA,PINA,RUA BARAO DE SANTO ANGELO,55,"",EM FRENTE AO COND MORADA BELA VISTA,RUA BARAO DE SANTO ANGELO,55,EM FRENTE AO COND MORADA BELA VISTA,PINA,,SUBURBIO,COLISÃO TRASEIRA,ENTRE TRES AUTOS S/V,3,,,,,,,,,0,,Longo da via,Bom,Não existe,Incompleta,Seca,Perfeito estado,Não existe,R-6a,"",Única,Faixa seccionada,"",""
949,2019-02-05T00:00:00,12:45:00,SEM VÍTIMA,FINALIZADA,BOA VISTA,AV MANOEL BORBA,629,RUA DAS NINFAS,EM FRENTE AO Nº 629,AV MANOEL BORBA,629,EM FRENTE AO Nº 629,BOA VISTA,83,SUBURBIO,COLISÃO TRASEIRA,COLISÃO SEM VÍTIMA,2,,,,,,,,,0,,Longo da via,Bom,Sem defeito,Perfeito estado,Seca,Perfeito estado,Faixa de pedestre,Não há placas,"",Única,Faixa seccionada,"",""
950,2019-02-05T00:00:00,14:19:00,SEM VÍTIMA,FINALIZADA,PINA,AVENIDA CELSO FURTADO (VIA MANGUE),"","",POR TRAS DO SUPERMERCADO EXTRA,AVENIDA CELSO FURTADO (VIA MANGUE),"",POR TRAS DO SUPERMERCADO EXTRA,PINA,,CIDADE,ABALROAMENTO LONGITUDINAL,DOIS AUTOS,2,,,,,,,,,0,,Longo da via,Bom,Não existe,Incompleta,Seca,Perfeito estado,Não existe,Não há placas,"",Dupla,Canteiro central,"",""
951,2019-02-05T00:00:00,14:34:00,SEM VÍTIMA,CANCELADA,JIQUIÁ,RUA BOM JARDIM,1719,RUA SAO MIGUEL,EM FRENTE AO ATACAREJO SHOPPING,RUA BOM JARDIM,1719,EM FRENTE AO ATACAREJO SHOPPING,JIQUIÁ,,"",COLISÃO,SEM VITIMAS,2,,,,,,,,,0,,"","","","","","","","","","","","",""
952,2019-02-05T00:00:00,14:59:00,SEM VÍTIMA,FINALIZADA,IMBIRIBEIRA,AV MARECHAL MASCARENHAS DE MORAES,4831,"","",AV MARECHAL MASCARENHAS DE MORAES,4831,"",IMBIRIBEIRA,,CIDADE,COLISÃO TRASEIRA,SEM VITIMAS,1,,,,,,1,,,0,,Longo da via,Bom,Sem defeito,Perfeito estado,Seca,Perfeito estado,Faixa de pedestre,"","",Dupla,Canteiro central,"",""
953,2019-02-05T00:00:00,15:09:00,SEM VÍTIMA,CANCELADA,BOA VIAGEM,AV ENGENHEIRO DOMINGOS FERREIRA,"","",E/F AO WALMART S/T PIEDADE,AV ENGENHEIRO DOMINGOS FERREIRA,"",E/F AO WALMART S/T PIEDADE,BOA VIAGEM,,"",COLISÃO,COLISAO ENTRE DOIS AUTOS S/V,2,,,,,,,,,0,,"","","","","","","","","","","","",""
954,2019-02-05T00:00:00,15:41:00,SEM VÍTIMA,FINALIZADA,AFOGADOS,LARGO DA PAZ,"","",EM FRENTE A ASA ALIMONDA,LARGO DA PAZ,"",EM FRENTE A ASA ALIMONDA,AFOGADOS,,SUBURBIO,COLISÃO,"",1,,,,,,1,,,0,,"","","","","","","","","","","","",""
955,2019-02-05T00:00:00,15:57:00,COM VÍTIMA,FINALIZADA,PARNAMIRIM,RUA ANDRE CAVALCANTE,375,AV PARNAMIRIM,AO LADO DO BANCO SANTANDER,RUA ANDRE CAVALCANTE,375,AO LADO DO BANCO SANTANDER,PARNAMIRIM,,SUBURBIO,ABALROAMENTO LONGITUDINAL,COLISÃO ENTRE AUTO E MOTO.,1,1,,,,,,,,1,,Longo da via,Chuvoso,Não existe,Perfeito estado,Molhada,Perfeito estado,Outros,Outras,"",Única,Faixa contínua,Faixa seccionada,""
956,2019-02-05T00:00:00,16:01:00,SEM VÍTIMA,FINALIZADA,CIDADE UNIVERSITÁRIA,RUA MARECHAL MANOEL LUIS OSORIO,495,RUA PROFESSOR ANTONIO COELHO,"",RUA MARECHAL MANOEL LUIS OSORIO,495,"",CIDADE UNIVERSITÁRIA,,"",ABALROAMENTO TRANSVERSAL,COLISÃO SEM VÍTIMA,1,1,,,,,,,,0,,Cruzamento,Bom,Não existe,Não existente,Seca,Perfeito estado,Não existe,Não há placas,"",Dupla,Faixa contínua,"",""
957,2019-02-05T00:00:00,16:05:00,SEM VÍTIMA,FINALIZADA,BOA VISTA,AV MANOEL BORBA,"","",EM FRENTE A RECIPREV,AV MANOEL BORBA,"",EM FRENTE A RECIPREV,BOA VISTA,,"",COLISÃO TRASEIRA,COLISÃO SEM VÍTIMA,2,,,,,,,,,0,,Longo da via,Bom,Sem defeito,Perfeito estado,Seca,Perfeito estado,Faixa de pedestre,"","","","","",""
958,2019-02-05T00:00:00,16:32:00,SEM VÍTIMA,FINALIZADA,CORDEIRO,AV CAXANGA,1690,"",AO LADO DO RANCHO ALEGRE,AV CAXANGA,1690,AO LADO DO RANCHO ALEGRE,CORDEIRO,,SUBURBIO,COLISÃO TRASEIRA,COLISAO ENTRE TRES AUTOS SV,3,,,,,,,,,0,,Longo da via,Bom,Sem defeito,Perfeito estado,Seca,Perfeito estado,Faixa de pedestre,Outras,60 km/h,Única,Faixa contínua,Faixa seccionada,Canteiro central
959,2019-02-05T00:00:00,16:49:00,SEM VÍTIMA,FINALIZADA,JORDÃO,AV MARIA IRENE,323,"",LADO OPOSTO AO Nº 323,AV MARIA IRENE,323,LADO OPOSTO AO Nº 323,JORDÃO,,SUBURBIO,CHOQUE OBJETO FIXO,VEICULO CHOCOU-SE COM UM POSTE,1,,,,,,,,,0,,Longo da via,Bom,Não existe,Perfeito estado,Seca,Perfeito estado,Não existe,Não há placas,"",Dupla,Não existe,"",""
960,2019-02-05T00:00:00,16:42:00,SEM VÍTIMA,FINALIZADA,BOA VIAGEM,RUA FRANCISCO DA CUNHA,"",RUA PROFESSOR EDUARDO WANDERLEY FILHO,EDF PUERTO VALENCIA,RUA FRANCISCO DA CUNHA,"",EDF PUERTO VALENCIA,BOA VIAGEM,,"",ABALROAMENTO TRANSVERSAL,DOIS AUTOS S/V,2,,,,,,,,,0,,Cruzamento,Chuvoso,Não existe,Perfeito estado,Molhada,Perfeito estado,Faixa de retenção,Placas Pare,"",Única,Faixa seccionada,"",""
961,2019-02-05T00:00:00,16:49:00,SEM VÍTIMA,FINALIZADA,SANTO AMARO,AV JOAO DE BARROS,948,"",CASA WILDICE,AV JOAO DE BARROS,948,CASA WILDICE,SANTO AMARO,,SUBURBIO,ABALROAMENTO LONGITUDINAL,COLISAO ENTRE ONIBUS E AUTO S/V,1,,,,,1,,,,0,,Longo da via,Bom,Não existe,Perfeito estado,Seca,Perfeito estado,Não existe,R-6a,"",Única,Faixa seccionada,"",""
962,2019-02-05T00:00:00,16:54:00,SEM VÍTIMA,FINALIZADA,CAMPINA DO BARRETO,RUA DR ELIAS GOMES,"","",NO TERMINAL DO CHÃ DE ESTRELAS,RUA DR ELIAS GOMES,"",NO TERMINAL DO CHÃ DE ESTRELAS,CAMPINA DO BARRETO,,"",COLISÃO,COLISAO ENTRE ONIBUS E AUTO S/V,1,,,,,1,,,,0,,"","","","","","","","","","","","",""
963,2019-02-05T00:00:00,17:36:00,SEM VÍTIMA,FINALIZADA,BOA VIAGEM,RUA RIBEIRO DE BRITO,554,"",E/F AO EMPRESARIAL MONTEIRO DE MELO,RUA RIBEIRO DE BRITO,554,E/F AO EMPRESARIAL MONTEIRO DE MELO,BOA VIAGEM,332,SUBURBIO,ABALROAMENTO LONGITUDINAL,COLISAO ENTRE DOIS AUTOS S/V,2,,,,,,,,,0,,Cruzamento,Bom,Sem defeito,Perfeito estado,Seca,Perfeito estado,Não existe,Não há placas,"",Única,Não existe,"",""
964,2019-02-05T00:00:00,17:50:00,SEM VÍTIMA,FINALIZADA,ILHA DO RETIRO,RUA SPORT CLUBE DO RECIFE,"","",EM FRENTE AO SPORT,RUA SPORT CLUBE DO RECIFE,"",EM FRENTE AO SPORT,ILHA DO RETIRO,,SUBURBIO,ABALROAMENTO LONGITUDINAL,AUTO X CAMINHÃO,1,,,,,,1,,,0,,Longo da via,Bom,Não existe,Perfeito estado,Seca,Perfeito estado,Não existe,Não há placas,"",Única,Faixa contínua,"",""
965,2019-02-05T00:00:00,18:14:00,COM VÍTIMA,FINALIZADA,CASA AMARELA,RUA DA HARMONIA,599,RUA DONA ROSA DA FONSECA,PROX. A IGREJA DA HARMÔNIA,RUA DA HARMONIA,599,PROX. A IGREJA DA HARMÔNIA,CASA AMARELA,,CIDADE,ABALROAMENTO TRANSVERSAL,COLISÃO ENTRE AUTO E MOTO.,1,1,,,,,,,,1,,Cruzamento,Chuvoso,Não existe,Incompleta,Molhada,Perfeito estado,Não existe,Placas Pare,"",Dupla,Faixa,"",""
966,2019-02-05T00:00:00,18:42:00,SEM VÍTIMA,FINALIZADA,AREIAS,RUA AURORA CACOTE,523,"","",RUA AURORA CACOTE,523,"",AREIAS,,CIDADE,COLISÃO TRASEIRA,ENTRE AUTO PASSEIO E MICRO ÔNIBUS. S/V,1,,,,,1,,,,0,,Longo da via,Bom,Sem defeito,Perfeito estado,Seca,Perfeito estado,Não existe,Outras,30 km/h,Dupla,Faixa seccionada,"",""
967,2019-02-05T00:00:00,18:49:00,COM VÍTIMA,FINALIZADA,CORDEIRO,RUA ODETE MONTEIRO,"","",E/F AO CENTRO HABITACIONAL DO CORDEIRO. LADO OPOSTO AO COLÉGIO DARCY RIBEIRO.,RUA ODETE MONTEIRO,"",E/F AO CENTRO HABITACIONAL DO CORDEIRO. LADO OPOSTO AO COLÉGIO DARCY RIBEIRO.,CORDEIRO,,SUBURBIO,ABALROAMENTO TRANSVERSAL,COLISÃO ENTRE AUTO E MOTO.,1,1,,,,,,,,1,,Longo da via,Bom,Sem defeito,Perfeito estado,Seca,Perfeito estado,Não existe,Não há placas,"",Dupla,Faixa contínua,"",""
968,2019-02-05T00:00:00,19:02:00,SEM VÍTIMA,FINALIZADA,AREIAS,AV DR JOSE RUFINO,1190,"",EM FRENTE AO Nº 1190,AV DR JOSE RUFINO,1190,EM FRENTE AO Nº 1190,AREIAS,,SUBURBIO,ABALROAMENTO LONGITUDINAL,COLISÃO SEM VÍTIMA,1,,,,,,1,,,0,,Longo da via,Chuvoso,Sem defeito,Perfeito estado,Molhada,Perfeito estado,Faixa de pedestre,Não há placas,"",Dupla,Faixa contínua,Faixa seccionada,""
969,2019-02-05T00:00:00,21:05:00,SEM VÍTIMA,FINALIZADA,CORDEIRO,RUA CLAUDIO BROTHERHOOD,292,RUA AUREO XAVIER,"",RUA CLAUDIO BROTHERHOOD,292,"",CORDEIRO,,SUBURBIO,ABALROAMENTO LONGITUDINAL,ENTRE 3 AUTOS. S./V,3,,,,,,,,,0,,Cruzamento,Bom,Não existe,Não existente,Seca,Perfeito estado,Não existe,Não há placas,30 km/h,Dupla,Não existe,"",""
970,2019-02-05T00:00:00,20:20:00,COM VÍTIMA,FINALIZADA,BOA VIAGEM,RUA JOAO CARDOSO AIRES,764,RUA PROFESSOR AUGUSTO LINS E SILVA,EDIF. MARIA ELIZABETH.,RUA JOAO CARDOSO AIRES,764,EDIF. MARIA ELIZABETH.,BOA VIAGEM,,SUBURBIO,ABALROAMENTO TRANSVERSAL,COLISÃO ENTRE AUTO E MOTO COM DUAS VÍTIMAS.,1,1,,,,,,,,2,,Cruzamento,Bom,Não existe,Perfeito estado,Seca,Perfeito estado,Não existe,Outras,40 km/h,Única,Faixa contínua,"",""
971,2019-02-06T00:00:00,06:14:00,SEM VÍTIMA,FINALIZADA,MACAXEIRA,AV NORTE,7142,"",SEMÁFORO 424,AV NORTE,7142,SEMÁFORO 424,MACAXEIRA,424,SUBURBIO,COLISÃO TRASEIRA,COLISÃO SEM VITIMAS,1,,,,,1,,,,0,,Longo da via,Chuvoso,Sem defeito,Perfeito estado,Molhada,Perfeito estado,Faixa de pedestre,R-6a,"",Dupla,Canal,"",""
972,2019-02-06T00:00:00,06:40:00,SEM VÍTIMA,FINALIZADA,IMBIRIBEIRA,AV MARECHAL MASCARENHAS DE MORAES,"","",EM FRENTE A OFICINA MARTELINHO,AV MARECHAL MASCARENHAS DE MORAES,"",EM FRENTE A OFICINA MARTELINHO,IMBIRIBEIRA,626,CIDADE,COLISÃO TRASEIRA,SEM VITIMAS,2,,,,,,,,,0,,Longo da via,Chuvoso,Sem defeito,Perfeito estado,Molhada,Perfeito estado,"",Outras,"",Dupla,Canteiro central,"",""
973,2019-02-06T00:00:00,06:52:00,COM VÍTIMA,FINALIZADA,CASA AMARELA,RUA CONS PERETTI,270,RUA PAULA BATISTA,PRÓX AO CURSO FORMAÇÃO. EDF MORADA PAULA BATISTA.,RUA CONS PERETTI,270,PRÓX AO CURSO FORMAÇÃO. EDF MORADA PAULA BATISTA.,CASA AMARELA,,"",ATROPELAMENTO,ATROPELAMENTO COM AUTOMÓVEL.,1,,,,1,,,,,1,,Cruzamento,Chuvoso,Não existe,Incompleta,Molhada,Perfeito estado,Não existe,Outras,"",Única,Não existe,"",""
974,2019-02-06T00:00:00,07:03:00,SEM VÍTIMA,FINALIZADA,MADALENA,RUA JOSE BONIFACIO,272,"",EM FRENTE À IGREJA METODISTA,RUA JOSE BONIFACIO,272,EM FRENTE À IGREJA METODISTA,MADALENA,,CID/SUB,ABALROAMENTO LONGITUDINAL,ENTRE AUTOS S/V.,2,,,,,,,,,0,,Longo da via,Chuvoso,Sem defeito,Perfeito estado,Molhada,Perfeito estado,"",Outras,"",Única,Faixa,"",""
975,2019-02-06T00:00:00,07:33:00,SEM VÍTIMA,FINALIZADA,GRAÇAS,"","","",SOBRE A PONTE DA TORRE,"","",SOBRE A PONTE DA TORRE,GRAÇAS,630,CIDADE,ABALROAMENTO LONGITUDINAL,ENTRE AUTOS S/V.,2,,,,,,,,,0,,Ponte,Chuvoso,Sem defeito,Perfeito estado,Molhada,Perfeito estado,Faixa de retenção,"","",Dupla,Faixa contínua,Faixa seccionada,""
976,2019-02-06T00:00:00,07:49:00,SEM VÍTIMA,FINALIZADA,CASA AMARELA,AV NORTE,5121,"","",AV NORTE,5121,"",CASA AMARELA,,CIDADE,ABALROAMENTO TRANSVERSAL,COLISÃO SEM VITIMAS,2,,,,,,,,,0,,Longo da via,Chuvoso,Sem defeito,Perfeito estado,Seca,"",Faixa de pedestre,R-6a,"",Dupla,Canteiro central,"",""
977,2019-02-06T00:00:00,08:13:00,SEM VÍTIMA,FINALIZADA,TAMARINEIRA,RUA CONEGO BARATA,468,"","",RUA CONEGO BARATA,468,"",TAMARINEIRA,62,"",ABALROAMENTO TRANSVERSAL,SEM VITIMAS,1,,,,,1,,,,0,,Longo da via,Chuvoso,Sem defeito,Perfeito estado,Molhada,Perfeito estado,Faixa de pedestre,R-6a,"",Dupla,Canteiro central,"",""
978,2019-02-06T00:00:00,08:25:00,SEM VÍTIMA,CANCELADA,JORDÃO,RUA DR ALVARO FERRAZ,11,"",APÓS O TERMINAL DE JORDÃO BAIXO,RUA DR ALVARO FERRAZ,11,APÓS O TERMINAL DE JORDÃO BAIXO,JORDÃO,,"",COLISÃO,AUTOS X MOTO S/V,2,1,,,,,,,,0,,"","","","","","","","","","","","",""
979,2019-02-06T00:00:00,08:29:00,SEM VÍTIMA,FINALIZADA,PINA,AV CONSELHEIRO AGUIAR,786,"",EM FRENTE A LOJA CHICO CITY,AV CONSELHEIRO AGUIAR,786,EM FRENTE A LOJA CHICO CITY,PINA,,SUBURBIO,ABALROAMENTO LONGITUDINAL,SEM VITIMAS,1,,,,,1,,,,0,,Longo da via,Chuvoso,Não existe,Perfeito estado,Molhada,Perfeito estado,Outros,Outras,60 km/h,Dupla,Faixa seccionada,"",""
980,2019-02-06T00:00:00,08:46:00,SEM VÍTIMA,FINALIZADA,IPSEP,AV RECIFE,"",RUA JEAN EMILE FAVRE,EM FRENTE A PADARIA VILA DO PÃO,AV RECIFE,"",EM FRENTE A PADARIA VILA DO PÃO,IPSEP,130,CIDADE,COLISÃO TRASEIRA,DOIS AUTOS,2,,,,,,,,,0,,Longo da via,Chuvoso,Sem defeito,Perfeito estado,Molhada,Perfeito estado,Faixa de pedestre,Não há placas,"",Dupla,Canteiro central,"",""
981,2019-02-06T00:00:00,08:47:00,SEM VÍTIMA,FINALIZADA,PINA,RUA MANOEL DE BRITO,209,AV REPUBLICA ARABE UNIDA,"",RUA MANOEL DE BRITO,209,"",PINA,659,CIDADE,COLISÃO TRASEIRA,COLISÃO SEM VITIMAS,2,,,,,,,,,0,,Longo da via,Chuvoso,Sem defeito,Perfeito estado,Molhada,Perfeito estado,Agente,Não há placas,"",Única,Faixa seccionada,"",""
982,2019-02-06T00:00:00,09:33:00,SEM VÍTIMA,FINALIZADA,PINA,AV HERCULANO BANDEIRA,627,"",EM FRENTE A CLIMOPE,AV HERCULANO BANDEIRA,627,EM FRENTE A CLIMOPE,PINA,,SUBURBIO,COLISÃO TRASEIRA,COLISÃO SEM VITIMAS,2,,,,,,,,,0,,Longo da via,Chuvoso,Não existe,Perfeito estado,Molhada,Mal conservada,Outros,Outras,60 km/h,Única,Faixa seccionada,"",""
983,2019-02-06T00:00:00,09:39:00,COM VÍTIMA,FINALIZADA,IPUTINGA,EST DO BARBALHO,2471,"",EM FRENTE AO RESTAURANTE NOVA FAMA DO BODE E AO SALÃO DO REINO.,EST DO BARBALHO,2471,EM FRENTE AO RESTAURANTE NOVA FAMA DO BODE E AO SALÃO DO REINO.,IPUTINGA,,CIDADE,COLISÃO COM CICLISTA,COLISÃO ENTRE CAMINHONETE E CICLISTA.,1,,,1,,,,,,1,,Esquina,Chuvoso,Não existe,Não existente,Molhada,Perfeito estado,Não existe,Não há placas,"",Única,Não existe,"",""
984,2019-02-06T00:00:00,09:45:00,SEM VÍTIMA,FINALIZADA,SANTO AMARO,RUA TREZE DE MAIO,"",PRC DO CAMPO SANTO,EM FRENTE A EMPRESA SER/RUA DA DELEGACIA DA MULHER,RUA TREZE DE MAIO,"",EM FRENTE A EMPRESA SER/RUA DA DELEGACIA DA MULHER,SANTO AMARO,,SUBURBIO,ABALROAMENTO LONGITUDINAL,SEM VITIMAS,2,,,,,,,,,0,,"",Chuvoso,Não existe,Ilegível,Molhada,Mal conservada,Não existe,Não há placas,"",Dupla,Faixa seccionada,"",""
985,2019-02-06T00:00:00,09:52:00,SEM VÍTIMA,FINALIZADA,AREIAS,AV RECIFE,"","",SOB O SEMÁFORO 261,AV RECIFE,"",SOB O SEMÁFORO 261,AREIAS,261,CIDADE,COLISÃO TRASEIRA,COLISÃO SEM VITIMAS,1,,,,,,,1,,0,,Longo da via,Chuvoso,Sem defeito,Perfeito estado,Molhada,Perfeito estado,Faixa de pedestre,"",50 km/h,Dupla,Canteiro central,"",""
986,2019-02-06T00:00:00,10:06:00,SEM VÍTIMA,CANCELADA,BOA VIAGEM,RUA BARAO DE SOUZA LEAO,"",AV DES JOSE NEVES,EM FRENTE A O SUPERMERCADO TREVO,RUA BARAO DE SOUZA LEAO,"",EM FRENTE A O SUPERMERCADO TREVO,BOA VIAGEM,,"",COLISÃO,SEM VITIMAS,2,,,,,,,,,0,,"","","","","","","","","","","","",""
987,2019-02-06T00:00:00,10:35:00,SEM VÍTIMA,FINALIZADA,IMBIRIBEIRA,AV MARECHAL MASCARENHAS DE MORAES,"",RUA ITACARI,EM FRENTE AO BANCO ITAU,AV MARECHAL MASCARENHAS DE MORAES,"",EM FRENTE AO BANCO ITAU,IMBIRIBEIRA,225,SUBURBIO,COLISÃO TRASEIRA,SEM VITIMAS,2,,,,,,,,,0,,Longo da via,Chuvoso,Sem defeito,Perfeito estado,Molhada,Perfeito estado,Faixa de retenção,Não há placas,60 km/h,Dupla,Canteiro central,"",""
988,2019-02-06T00:00:00,10:59:00,SEM VÍTIMA,CANCELADA,DERBY,AV GOVERNADOR AGAMENON MAGALHAES,"",RUA SAO SALVADOR,"EM FRENTE AO UNIMED,PISTA LOCAL",AV GOVERNADOR AGAMENON MAGALHAES,"","EM FRENTE AO UNIMED,PISTA LOCAL",DERBY,,BOA VIAGEM,COLISÃO,SEM VITIMAS,2,,,,,,,,,0,,"","","","","","","","","","","","",""
989,2019-02-06T00:00:00,12:33:00,SEM VÍTIMA,FINALIZADA,PINA,AV ANTONIO DE GOES,"",RUA MANOEL DE BRITO,"",AV ANTONIO DE GOES,"","",PINA,103,"",COLISÃO TRASEIRA,COLISÃO SEM VÍTIMA,2,,,,,,,,,0,,Cruzamento,Nublado,Sem defeito,Perfeito estado,Seca,Perfeito estado,Agente,Outras,60 km/h,Única,Faixa seccionada,Canteiro central,""
990,2019-02-06T00:00:00,13:14:00,SEM VÍTIMA,FINALIZADA,CASA AMARELA,AV NORTE,"","",POSTO DE COMBUSTÍVEL PETROBRAS E A ESCOLA CLOTILDE DE OLIVEIRA,AV NORTE,"",POSTO DE COMBUSTÍVEL PETROBRAS E A ESCOLA CLOTILDE DE OLIVEIRA,CASA AMARELA,,"",COLISÃO,COLISÃO SEM VITIMAS,2,,,,,,,,,0,,"","","","","","","","","","","","",""
991,2019-02-06T00:00:00,14:44:00,SEM VÍTIMA,FINALIZADA,JORDÃO,AV MARIA IRENE,15,"",PROX EDIFICIO COSTA DOURADA E/F AO ARAMAZEM SAO JOSE,AV MARIA IRENE,15,"",JORDÃO,,"",COLISÃO,COLISAO ENTRE DOIS AUTOS S/V,2,,,,,,,,,0,,"","","","","","","","","","","","",""
992,2019-02-06T00:00:00,15:35:00,COM VÍTIMA,FINALIZADA,JORDÃO,AV MARIA IRENE,865,"",AO LADO DO POSTO TOTAL.,AV MARIA IRENE,865,AO LADO DO POSTO TOTAL.,JORDÃO,,SUBURBIO,ABALROAMENTO LONGITUDINAL,COLISÃO ENTRE AUTO E MOTO.,1,1,,,,,,,,1,,Longo da via,Chuvoso,Não existe,Incompleta,Molhada,Mal conservada,Não existe,Não há placas,60 km/h,Dupla,Não existe,"",""
993,2019-02-06T00:00:00,15:39:00,SEM VÍTIMA,FINALIZADA,CASA FORTE,RUA EDSON ALVARES,115,RUA DR SAMUEL LINS,AO LADO DO Nº 115,RUA EDSON ALVARES,115,AO LADO DO Nº 115,CASA FORTE,,"",ABALROAMENTO LONGITUDINAL,COLISAO ENTRE AUTO E CAMINHAO S/V,1,,,,,,1,,,0,,"",Chuvoso,Não existe,Incompleta,Molhada,Perfeito estado,Não existe,Outras,"",Dupla,Não existe,"",""
994,2019-02-06T00:00:00,15:41:00,SEM VÍTIMA,FINALIZADA,TAMARINEIRA,EST VELHA DE AGUA FRIA,"","",EM FRENTE DNOCS,EST VELHA DE AGUA FRIA,"",EM FRENTE DNOCS,TAMARINEIRA,306,SUBURBIO,ABALROAMENTO TRANSVERSAL,COLISÃO SEM VÍTIMA,1,1,,,,,,,,0,,Longo da via,Bom,Sem defeito,Perfeito estado,Seca,Perfeito estado,"",Outras,"",Única,Faixa contínua,"",""
995,2019-02-06T00:00:00,16:34:00,SEM VÍTIMA,FINALIZADA,IMBIRIBEIRA,RUA JALISCO,53,"",AO LADO DO GERALDÃO,RUA JALISCO,53,AO LADO DO GERALDÃO,IMBIRIBEIRA,,"",ABALROAMENTO LONGITUDINAL,COLISÃO SEM VÍTIMA,1,,,,,,1,,,0,,Longo da via,Bom,Não existe,Perfeito estado,Seca,Perfeito estado,Não existe,Não há placas,"",Dupla,Não existe,"",""