_id,DATA,hora,natureza_acidente,situacao,bairro,endereco,numero,detalhe_endereco_acidente,complemento,endereco_cruzamento,numero_cruzamento,referencia_cruzamento,bairro_cruzamento,num_semaforo,sentido_via,tipo,descricao,auto,moto,ciclom,ciclista,pedestre,onibus,caminhao,viatura,outros,vitimas,vitimasfatais,acidente_verificado,tempo_clima,situacao_semaforo,sinalizacao,condicao_via,conservacao_via,ponto_controle,situacao_placa,velocidade_max_via,mao_direcao,divisao_via1,divisao_via2,divisao_via3
996,2019-02-06T00:00:00,17:05:00,SEM VÍTIMA,FINALIZADA,ZUMBI,RUA GOMES TABORDA,890,"",EM FRENTE A ANDRE DO GALETO,RUA GOMES TABORDA,890,EM FRENTE A ANDRE DO GALETO,ZUMBI,,SUBURBIO,COLISÃO TRASEIRA,COLISÃO SEM VÍTIMA,2,,,,,,,,,0,,Longo da via,Bom,Não existe,Perfeito estado,Seca,Perfeito estado,Não existe,Outras,"",Dupla,Faixa seccionada,"",""
997,2019-02-06T00:00:00,17:14:00,COM VÍTIMA,FINALIZADA,BAIRRO DO RECIFE,CAIS DO APOLO,302,RUA ALVARES CABRAL,E/F AO DELTA CAFÉ. EDF. MAURÍCIO DE NASSAU.,CAIS DO APOLO,302,E/F AO DELTA CAFÉ. EDF. MAURÍCIO DE NASSAU.,BAIRRO DO RECIFE,,SUBURBIO,ATROPELAMENTO,ATROPELAMENTO ENVOLVENDO ÔNIBUS E PEDESTRE.,,,,,1,1,,,,1,,Longo da via,Chuvoso,Sem defeito,Perfeito estado,Molhada,Perfeito estado,Outros,R-6c,30 km/h,Única,Faixa,"",""
998,2019-02-06T00:00:00,17:34:00,SEM VÍTIMA,FINALIZADA,CASA AMARELA,EST DO ARRAIAL,3107,RUA FERNANDO LOPES,AMÉRICA FUTEBOL CLUBE,EST DO ARRAIAL,3107,AMÉRICA FUTEBOL CLUBE,CASA AMARELA,,"",COLISÃO TRASEIRA,COLISÃO SEM VÍTIMA,2,,,,,,,,,0,,Longo da via,Bom,Não existe,Perfeito estado,Seca,Perfeito estado,Não existe,Outras,"",Única,Faixa seccionada,"",""
999,2019-02-06T00:00:00,17:58:00,SEM VÍTIMA,FINALIZADA,MADALENA,RUA BENFICA,140,"","",RUA BENFICA,140,"",MADALENA,,CIDADE,ABALROAMENTO LONGITUDINAL,COLISÃO SEM VÍTIMA,1,,,,,1,,,,0,,Longo da via,Bom,Não existe,Perfeito estado,Seca,Perfeito estado,Não existe,Não há placas,40 km/h,Única,Faixa seccionada,"",""
1000,2019-02-06T00:00:00,18:21:00,SEM VÍTIMA,CANCELADA,BOA VIAGEM,AV BOA VIAGEM,"","",EM FRENTE AO HOTEL VILA RICA,AV BOA VIAGEM,"",EM FRENTE AO HOTEL VILA RICA,BOA VIAGEM,,"",COLISÃO,COLISÃO SEM VITIMAS,1,,,,,1,,,,0,,"","","","","","","","","","","","",""
1001,2019-02-06T00:00:00,18:38:00,COM VÍTIMA,FINALIZADA,BOA VIAGEM,AV CONSELHEIRO AGUIAR,"",RUA CARLOS PEREIRA FALCAO,EXTRA SUPERMERCADO/ BANCO SANTANDER,AV CONSELHEIRO AGUIAR,"",EXTRA SUPERMERCADO/ BANCO SANTANDER,BOA VIAGEM,,CIDADE,ABALROAMENTO TRANSVERSAL,COLISÃO ENTRE CAMINHÃO E MOTOCICLETA.,,1,,,,,1,,,1,,Longo da via,Bom,Não existe,Perfeito estado,Seca,Perfeito estado,Não existe,Outras,"",Única,Faixa contínua,"",""
1002,2019-02-06T00:00:00,18:44:00,COM VÍTIMA,FINALIZADA,BOA VISTA,RUA JOSE DE ALENCAR,264,RUA BARAO DE SAO BORJA,SHOPPING BOA VISTA,RUA JOSE DE ALENCAR,264,SHOPPING BOA VISTA,BOA VISTA,,SUBURBIO,ABALROAMENTO TRANSVERSAL,COLISÃO ENTRE DOIS AUTOS.,2,,,,,,,,,1,,Cruzamento,Bom,Não existe,Perfeito estado,Seca,Perfeito estado,Faixa de retenção,Placas Pare,"",Única,Não existe,"",""
1003,2019-02-06T00:00:00,19:02:00,COM VÍTIMA,CANCELADA,BOA VIAGEM,AV CONSELHEIRO AGUIAR,"","",EM FRENTE AO SUPERMERCADO EXTRA,AV CONSELHEIRO AGUIAR,"",EM FRENTE AO SUPERMERCADO EXTRA,BOA VIAGEM,,"",COLISÃO,COLISAO ENVOLVENDO CAMINHÃO E MOTO COM VITIMA,,1,,,,,1,,,1,,"","","","","","","","","","","","",""
1004,2019-02-06T00:00:00,19:55:00,COM VÍTIMA,FINALIZADA,GRAÇAS,RUA JOAQUIM NABUCO,"","",EM FRENTE AO HOSPITAL SANTA JOANA,RUA JOAQUIM NABUCO,"",EM FRENTE AO HOSPITAL SANTA JOANA,GRAÇAS,,SUBURBIO,ABALROAMENTO LONGITUDINAL,COLISÃO ENTRE DOIS AUTOS E UMA MOTONETA.,2,,1,,,,,,,1,,Longo da via,Bom,Sem defeito,Perfeito estado,Seca,"",Não existe,Não há placas,"",Única,Faixa seccionada,"",""
1005,2019-02-06T00:00:00,23:35:00,SEM VÍTIMA,FINALIZADA,CAXANGÁ,AV CAXANGA,"",EST DO BARBALHO,"",AV CAXANGA,"","",CAXANGÁ,553,CIDADE,ABALROAMENTO LONGITUDINAL,COLISÃO S/V,2,,,,,1,,,,0,,Longo da via,Bom,Sem defeito,Perfeito estado,Seca,Perfeito estado,Faixa de pedestre,Não há placas,60 km/h,Única,Faixa contínua,"",""
1006,2019-02-07T00:00:00,02:59:00,SEM VÍTIMA,FINALIZADA,JOANA BEZERRA,AV GOVERNADOR AGAMENON MAGALHAES,"","","DEPOIS DO CLUBE PORTUGUÊS, APÓS O POSTO DA PM // EM CIMA DO VIADUTO JOANA BEZERRA, SENTIDO BOA VIAGEM",AV GOVERNADOR AGAMENON MAGALHAES,"","DEPOIS DO CLUBE PORTUGUÊS, APÓS O POSTO DA PM // EM CIMA DO VIADUTO JOANA BEZERRA, SENTIDO BOA VIAGEM",JOANA BEZERRA,,"",CHOQUE OBJETO FIXO,"CONDUTOR PERDEU O CONTROLE DO VEÍCULO, CHOCOU-SE CONTRA O GELO-BAIANO E AVADIU-SE DO LOCAL",1,,,,,,,,,0,,"","","","","","","","","","","","",""
1007,2019-02-07T00:00:00,07:15:00,SEM VÍTIMA,FINALIZADA,CAÇOTE,AV RECIFE,"","",LADO GASHI TEMAKERIA,AV RECIFE,"",LADO GASHI TEMAKERIA,CAÇOTE,336,CIDADE,COLISÃO TRASEIRA,DOIS AUTOS,2,,,,,,,,,0,,Longo da via,Bom,Sem defeito,Perfeito estado,Seca,Perfeito estado,Faixa de pedestre,Outras,60 km/h,Única,Faixa contínua,Canteiro central,""
1008,2019-02-07T00:00:00,07:36:00,SEM VÍTIMA,FINALIZADA,JORDÃO,RUA DR ALVARO FERRAZ,D48,"","",RUA DR ALVARO FERRAZ,D48,"",JORDÃO,,"",COLISÃO TRASEIRA,SEM VÍTIMAS,2,,,,,,,,,0,,Longo da via,Bom,Não existe,Não existente,Seca,"",Não existe,Não há placas,"",Única,Não existe,"",""
1009,2019-02-07T00:00:00,08:21:00,SEM VÍTIMA,FINALIZADA,BOA VISTA,RUA JOAO LIRA,"","",EM FRENTE AO 13 DE MAIO,RUA JOAO LIRA,"",EM FRENTE AO 13 DE MAIO,BOA VISTA,,SUBURBIO,ABALROAMENTO LONGITUDINAL,SEM VÍTIMAS,2,,,,,,,,,0,,Longo da via,Bom,Não existe,Perfeito estado,Seca,Perfeito estado,Faixa de pedestre,Não há placas,"",Única,Faixa contínua,"",""
1010,2019-02-07T00:00:00,08:47:00,SEM VÍTIMA,FINALIZADA,SÃO JOSÉ,VDO DAS CINCO PONTAS,"","",LADO OPOSTO AO FORTE DAS CINCO PONTAS,VDO DAS CINCO PONTAS,"",LADO OPOSTO AO FORTE DAS CINCO PONTAS,SÃO JOSÉ,199,SUBURBIO,ABALROAMENTO LONGITUDINAL,DOIS AUTOS,2,,,,,,,,,0,,Longo da via,Bom,Sem defeito,Perfeito estado,Seca,Perfeito estado,Faixa de pedestre,Outras,"",Única,Faixa contínua,"",""
1011,2019-02-07T00:00:00,08:59:00,SEM VÍTIMA,FINALIZADA,SÃO JOSÉ,RUA SAO JOAO,"",RUA DO FORTE,PRÓX AO FORTE DAS CINCO PONTAS,RUA SAO JOAO,"",PRÓX AO FORTE DAS CINCO PONTAS,SÃO JOSÉ,,"",COLISÃO,ENTRE AUTOS S/V,2,,,,,,,,,0,,"","","","","","","","","","","","",""
1012,2019-02-07T00:00:00,10:14:00,SEM VÍTIMA,FINALIZADA,CORDEIRO,AV CAXANGA,1715,RUA FIRMINO DE BARROS,"",AV CAXANGA,1715,"",CORDEIRO,,CIDADE,ABALROAMENTO LONGITUDINAL,COLISÃO SEM VITIMAS,2,,,,,,,,,0,,"",Bom,Não existe,Perfeito estado,Seca,Perfeito estado,Não existe,R-6a,"",Dupla,Canteiro central,"",""
1013,2019-02-07T00:00:00,10:26:00,SEM VÍTIMA,FINALIZADA,ÁGUA FRIA,AV BEBERIBE,"","",LADO OPOSTO POSTO IPIRANGA,AV BEBERIBE,"",LADO OPOSTO POSTO IPIRANGA,ÁGUA FRIA,622,SUBURBIO,ABALROAMENTO LONGITUDINAL,SEM VÍTIMAS,1,,,,,,1,,,0,,Longo da via,Bom,Sem defeito,Perfeito estado,Seca,Perfeito estado,Outros,Outras,"",Única,Faixa seccionada,"",""
1014,2019-02-07T00:00:00,10:48:00,SEM VÍTIMA,FINALIZADA,CAÇOTE,AV RECIFE,712,"",EM FRENTE AO CONJUNTO HABITACIONAL INÊS ANDREAZA,AV RECIFE,712,EM FRENTE AO CONJUNTO HABITACIONAL INÊS ANDREAZA,CAÇOTE,,CIDADE,ABALROAMENTO LONGITUDINAL,COLISÃO SEM VITIMAS,1,1,,,,,,,,0,,Longo da via,Bom,Sem defeito,Perfeito estado,Seca,Perfeito estado,Faixa de pedestre,Outras,60 km/h,Única,Faixa contínua,Faixa seccionada,Canteiro central
1015,2019-02-07T00:00:00,11:15:00,SEM VÍTIMA,FINALIZADA,ENCRUZILHADA,AV BEBERIBE,"","",EM FRENTE AO SEMÁFORO 186,AV BEBERIBE,"",EM FRENTE AO SEMÁFORO 186,ENCRUZILHADA,186,SUBURBIO,COLISÃO TRASEIRA,DOIS AUTOS,2,,,,,,,,,0,,Longo da via,Bom,Sem defeito,Perfeito estado,Seca,Perfeito estado,Faixa de pedestre,R-6a,"",Dupla,Faixa contínua,Faixa seccionada,""
1016,2019-02-07T00:00:00,11:16:00,SEM VÍTIMA,DUPLICIDADE,ENCRUZILHADA,AV BEBERIBE,286,"","E/F AS LOJA AMERICANAS, SENTIDO CASA AMARELA.",AV BEBERIBE,286,"E/F AS LOJA AMERICANAS, SENTIDO CASA AMARELA.",ENCRUZILHADA,,"",COLISÃO,SE MVÍTIMAS,2,,,,,,,,,0,,"","","","","","","","","","","","",""
1017,2019-02-07T00:00:00,11:22:00,SEM VÍTIMA,FINALIZADA,IMBIRIBEIRA,AV MARECHAL MASCARENHAS DE MORAES,2028,"",AO LADO DA ITALIANA,AV MARECHAL MASCARENHAS DE MORAES,2028,AO LADO DA ITALIANA,IMBIRIBEIRA,,SUBURBIO,ABALROAMENTO LONGITUDINAL,COLISÃO SEM VITIMAS,2,,,,,,,,,0,,Longo da via,Bom,Não existe,Perfeito estado,Seca,Perfeito estado,Não existe,R-6a,"",Dupla,Canteiro central,"",""
1018,2019-02-07T00:00:00,11:31:00,SEM VÍTIMA,FINALIZADA,TEJIPIÓ,RUA FALCAO DE LACERDA,381,"","",RUA FALCAO DE LACERDA,381,"",TEJIPIÓ,,SUBURBIO,CHOQUE VEÍCULO PARADO,ONIBUS E AUTO,2,,,,,,,,,0,,Longo da via,Bom,Não existe,Perfeito estado,Seca,Perfeito estado,Não existe,Não há placas,"",Dupla,Faixa seccionada,"",""
1019,2019-02-07T00:00:00,11:33:00,SEM VÍTIMA,FINALIZADA,BONGI,EST DO BONGI,947,"",PRÓX À DELEGACIA DO BONGI,EST DO BONGI,947,PRÓX À DELEGACIA DO BONGI,BONGI,,CIDADE,COLISÃO TRASEIRA,"",3,,,,,,,,,0,,Longo da via,Bom,"",Perfeito estado,Seca,Perfeito estado,Outros,Outras,60 km/h,Dupla,Faixa contínua,Faixa seccionada,""
1020,2019-02-07T00:00:00,11:51:00,SEM VÍTIMA,DUPLICIDADE,BONGI,EST DO BONGI,931,"",PROX. A IGREJA BATISTA DO BONGI,EST DO BONGI,931,PROX. A IGREJA BATISTA DO BONGI,BONGI,,"",COLISÃO,TRES AUTOS,3,,,,,,,,,0,,"","","","","","","","","","","","",""
1021,2019-02-07T00:00:00,12:15:00,SEM VÍTIMA,FINALIZADA,SANTO AMARO,AV GOVERNADOR AGAMENON MAGALHAES,"","",EM FRENTE AO CIRCULO MILITAR,AV GOVERNADOR AGAMENON MAGALHAES,"",EM FRENTE AO CIRCULO MILITAR,SANTO AMARO,,"",COLISÃO TRASEIRA,COLISÃO SEM VÍTIMA,3,,,,,,,,,0,,Longo da via,Bom,"",Perfeito estado,Seca,Perfeito estado,Não existe,Outras,60 km/h,Dupla,Canteiro central,"",""
1022,2019-02-07T00:00:00,12:37:00,SEM VÍTIMA,FINALIZADA,CASA AMARELA,RUA PADRE LEMOS,"",AV NORTE,SEMÁFORO 066,RUA PADRE LEMOS,"",SEMÁFORO 066,CASA AMARELA,66,SUBURBIO,ABALROAMENTO LONGITUDINAL,COLISAO ENTRE AUTO E CAMINHAO,1,,,,,,1,,,0,,Cruzamento,Bom,Sem defeito,Perfeito estado,Seca,Perfeito estado,Faixa de pedestre,R-6a,60 km/h,Dupla,Canteiro central,"",""
1023,2019-02-07T00:00:00,13:05:00,SEM VÍTIMA,FINALIZADA,AREIAS,AV RECIFE,150,"",EM FRENTE A EMBREPAR,AV RECIFE,150,EM FRENTE A EMBREPAR,AREIAS,621,"",COLISÃO FRONTAL,COLISÃO SEM VÍTIMA,3,,,,,,,,,0,,Longo da via,Bom,Sem defeito,Perfeito estado,Seca,Perfeito estado,Faixa de pedestre,Não há placas,60 km/h,Única,Canteiro central,"",""
1024,2019-02-07T00:00:00,13:19:00,SEM VÍTIMA,FINALIZADA,ARRUDA,AV BEBERIBE,1418,"",EM FRENTE MARIAS SALÃO E ESTÉTICA UNISSEX,AV BEBERIBE,1418,EM FRENTE MARIAS SALÃO E ESTÉTICA UNISSEX,ARRUDA,492,SUBURBIO,ABALROAMENTO LONGITUDINAL,COLISÃO SEM VÍTIMA,1,,,,,1,,,,0,,Longo da via,Bom,Sem defeito,Perfeito estado,Seca,Perfeito estado,Outros,R-6a,"",Dupla,Faixa contínua,Faixa seccionada,""
1025,2019-02-07T00:00:00,13:36:00,SEM VÍTIMA,FINALIZADA,TORRE,RUA JOSE BONIFACIO,"",RUA MARCOS ANDRE,"EM FRENTE A OFICINA BIU DA TORRE, NA ESQUINA DO CARREFOUR",RUA JOSE BONIFACIO,"","EM FRENTE A OFICINA BIU DA TORRE, NA ESQUINA DO CARREFOUR",TORRE,487,SUBURBIO,ABALROAMENTO LONGITUDINAL,"",2,,,,,,,,,0,,Cruzamento,Bom,Sem defeito,Incompleta,Seca,Perfeito estado,Não existe,Não há placas,"",Única,Não existe,"",""
1026,2019-02-07T00:00:00,13:58:00,SEM VÍTIMA,FINALIZADA,ENCRUZILHADA,RUA JOSE DE SA CARNEIRO,2160,AV NORTE,AO LADO DA RENAULT,RUA JOSE DE SA CARNEIRO,2160,AO LADO DA RENAULT,ENCRUZILHADA,665,SUBURBIO,COLISÃO TRASEIRA,AUTO E MOTO S/V,1,1,,,,,,,,0,,Longo da via,Bom,Sem defeito,Perfeito estado,Seca,Perfeito estado,Agente,R-6a,30 km/h,Única,Faixa seccionada,"",""
1027,2019-02-07T00:00:00,14:09:00,SEM VÍTIMA,FINALIZADA,ESTÂNCIA,AV RECIFE,5516,"",EM FRENTE A IMPERIAL EQUIPAMENTOS,AV RECIFE,5516,EM FRENTE A IMPERIAL EQUIPAMENTOS,ESTÂNCIA,,SUBURBIO,COLISÃO TRASEIRA,COLISAO ENTRE VIATURA DA POLICIA CIVIL E AUTO S/V,2,,,,,,,,,0,,Longo da via,Bom,Não existe,Perfeito estado,Seca,Perfeito estado,Não existe,Não há placas,"",Única,Faixa seccionada,"",""
1028,2019-02-07T00:00:00,15:00:00,SEM VÍTIMA,FINALIZADA,SÃO JOSÉ,AV SUL,1487,"",OFICINA CABELEREIRA,AV SUL,1487,OFICINA CABELEREIRA,SÃO JOSÉ,205,CIDADE,COLISÃO TRASEIRA,DOIS AUTOS S/V,2,,,,,,,,,0,,Longo da via,Bom,Sem defeito,Perfeito estado,Seca,Perfeito estado,Não existe,Outras,"",Dupla,Canteiro central,"",""
1029,2019-02-07T00:00:00,15:41:00,SEM VÍTIMA,FINALIZADA,BOA VIAGEM,RUA PROFESSOR AUGUSTO LINS E SILVA,"",RUA DR LUIZ INACIO PESSOA DE MELO,"",RUA PROFESSOR AUGUSTO LINS E SILVA,"","",BOA VIAGEM,,"",ABALROAMENTO TRANSVERSAL,COLISAO ENTRE DOIS AUTOS S/V,2,,,,,,,,,0,,Cruzamento,Bom,Não existe,Perfeito estado,Seca,Perfeito estado,"","",40 km/h,Dupla,"","",""
1030,2019-02-07T00:00:00,16:00:00,COM VÍTIMA,FINALIZADA,SANTO AMARO,RUA CAPITAO LIMA,420,"",EM FRENTE A UBER,RUA CAPITAO LIMA,420,EM FRENTE A UBER,SANTO AMARO,,CIDADE,CHOQUE VEÍCULO PARADO,AUTO E MOTO,1,1,,,,,,,,1,,"",Bom,Não existe,Perfeito estado,Seca,Perfeito estado,Não existe,Não há placas,"","","","",""
1031,2019-02-07T00:00:00,16:22:00,SEM VÍTIMA,FINALIZADA,CASA AMARELA,RUA CASA AMARELA,102,"",PROX. A PADARIA PAM CENTRAL,RUA CASA AMARELA,102,PROX. A PADARIA PAM CENTRAL,CASA AMARELA,,"",COLISÃO,DOIS AUTOS E UMA MOTO S/V,2,1,,,,,,,,0,,"","","","","","","","","","","","",""
1032,2019-02-07T00:00:00,16:31:00,SEM VÍTIMA,FINALIZADA,IBURA,AV DOIS RIOS,250,"",NO FINAL DO ANTIGO MOTEL LOVE,AV DOIS RIOS,250,NO FINAL DO ANTIGO MOTEL LOVE,IBURA,,"",COLISÃO,COLISAO ENTRE DOIS AUTOS/V,2,,,,,,,,,0,,"","","","","","","","","","","","",""
1033,2019-02-07T00:00:00,16:34:00,SEM VÍTIMA,FINALIZADA,ENCRUZILHADA,AV NORTE,2160,"",EM FRENTE A RENAULT,AV NORTE,2160,EM FRENTE A RENAULT,ENCRUZILHADA,665,SUBURBIO,ABALROAMENTO LONGITUDINAL,COLISÃO SEM VÍTIMA,1,,,,,,1,,,0,,Longo da via,Bom,Sem defeito,Perfeito estado,Seca,Perfeito estado,Faixa de pedestre,R-6a,60 km/h,Dupla,Canteiro central,"",""
1034,2019-02-07T00:00:00,17:03:00,SEM VÍTIMA,FINALIZADA,CORDEIRO,RUA MAURICIO DE NASSAU,"","","",RUA MAURICIO DE NASSAU,"","",CORDEIRO,,CIDADE,COLISÃO TRASEIRA,COLISAO ENTRE DOIS AUTOS S/V,2,,,,,,,,,0,,Longo da via,Bom,Sem defeito,Perfeito estado,Seca,Perfeito estado,Não existe,"","",Dupla,Faixa seccionada,"",""
1035,2019-02-07T00:00:00,17:14:00,SEM VÍTIMA,CANCELADA,ILHA DO RETIRO,RUA SPORT CLUBE DO RECIFE,"","","NA DESCIDA DA PONTE ,NO GIRADOURO, EM FRENTE AO CLUBE",RUA SPORT CLUBE DO RECIFE,"","NA DESCIDA DA PONTE ,NO GIRADOURO, EM FRENTE AO CLUBE",ILHA DO RETIRO,,"",COLISÃO,ENTRE DOIS AUTOS S/V,2,,,,,,,,,0,,"","","","","","","","","","","","",""
1036,2019-02-07T00:00:00,17:18:00,SEM VÍTIMA,FINALIZADA,SANTO AMARO,AV NORTE,"",RUA TREZE DE MAIO,EM FRENTE A FEMATEC CONSTRUÇÕES,AV NORTE,"",EM FRENTE A FEMATEC CONSTRUÇÕES,SANTO AMARO,36,SUBURBIO,ABALROAMENTO LONGITUDINAL,COLISAO ENVOLVENDO AUTO E ONIBUS,1,,,,,1,,,,0,,"",Bom,Sem defeito,Perfeito estado,Seca,Perfeito estado,Faixa de pedestre,Não há placas,"",Dupla,Faixa seccionada,"",""
1037,2019-02-07T00:00:00,17:39:00,COM VÍTIMA,FINALIZADA,MADALENA,RUA PADRE ANCHIETA,"",RUA JOSE BONIFACIO,E/F A IGREJA METODISTA,RUA PADRE ANCHIETA,"",E/F A IGREJA METODISTA,MADALENA,,SUBURBIO,ATROPELAMENTO,MOTO ATROPELOU UM PEDESTRE,,1,,,1,,,,,1,,Longo da via,Bom,Sem defeito,Perfeito estado,Seca,Perfeito estado,Não existe,Não há placas,"",Única,Faixa contínua,"",""
1038,2019-02-07T00:00:00,17:57:00,SEM VÍTIMA,FINALIZADA,IPSEP,RUA JEAN EMILE FAVRE,355,"",EM FRENTE A FBV,RUA JEAN EMILE FAVRE,355,EM FRENTE A FBV,IPSEP,,"",COLISÃO,COLISÃO SEM VÍTIMA,2,,,,,,,,,0,,"","","","","","","","","","","","",""
1039,2019-02-07T00:00:00,18:00:00,SEM VÍTIMA,FINALIZADA,IMBIRIBEIRA,AV MARECHAL MASCARENHAS DE MORAES,"","",LADO OPOSTO DESEMBAQUE SUL DO AEROPORTO,AV MARECHAL MASCARENHAS DE MORAES,"",LADO OPOSTO DESEMBAQUE SUL DO AEROPORTO,IMBIRIBEIRA,,CID/SUB,ABALROAMENTO LONGITUDINAL,AUTO E ONIBUS DA VERA CRUZ,1,,,,,1,,,,0,,Longo da via,Bom,Não existe,Perfeito estado,Seca,Perfeito estado,Agente,"",20 km/h,"",Canteiro central,"",""
1040,2019-02-07T00:00:00,18:06:00,SEM VÍTIMA,CANCELADA,BOA VISTA,RUA DO HOSPICIO,"","",EM FRENTE AO HOSPITAL DO EXERCITO,RUA DO HOSPICIO,"",EM FRENTE AO HOSPITAL DO EXERCITO,BOA VISTA,,"",COLISÃO,COLISÃO SEM VÍTIMA,2,,,,,,,,,0,,"","","","","","","","","","","","",""
1041,2019-02-07T00:00:00,18:15:00,SEM VÍTIMA,FINALIZADA,IMBIRIBEIRA,AV MARECHAL MASCARENHAS DE MORAES,1776,"",LASER ELETRO,AV MARECHAL MASCARENHAS DE MORAES,1776,LASER ELETRO,IMBIRIBEIRA,,CIDADE,COLISÃO TRASEIRA,ENTRE AUTO E MOTO S/V,1,1,,,,,,,,0,,Longo da via,Bom,Não existe,Perfeito estado,Seca,Perfeito estado,Não existe,Não há placas,60 km/h,Dupla,Canteiro central,"",""
1042,2019-02-07T00:00:00,18:24:00,SEM VÍTIMA,FINALIZADA,COELHOS,RUA DOS COELHOS,361,"",EM FRENTE AO IMIP,RUA DOS COELHOS,361,EM FRENTE AO IMIP,COELHOS,359,CIDADE,ABALROAMENTO LONGITUDINAL,COLISÃO SEM VÍTIMA,1,,,,,1,,,,0,,Longo da via,Bom,Sem defeito,Perfeito estado,Seca,Perfeito estado,Faixa de pedestre,Outras,30 km/h,Dupla,Faixa contínua,Faixa seccionada,""
1043,2019-02-07T00:00:00,18:28:00,SEM VÍTIMA,EQUIPE EM DESLOCAMENTO,TORRE,RUA MARCOS ANDRE,459,"",AO LADO DO CARREFOUR,RUA MARCOS ANDRE,459,AO LADO DO CARREFOUR,TORRE,,"",COLISÃO,COLISÃO SEM VÍTIMA,1,,,,,,1,,,0,,"","","","","","","","","","","","",""
1044,2019-02-07T00:00:00,18:37:00,COM VÍTIMA,FINALIZADA,BOA VISTA,RUA JOAO FERNANDES VIEIRA,356,"","",RUA JOAO FERNANDES VIEIRA,356,"",BOA VISTA,,"",ATROPELAMENTO,HONDA FIT EIZ6287,1,,,,1,,,,,1,,Longo da via,Bom,Sem defeito,Perfeito estado,Seca,Perfeito estado,Faixa de pedestre,Outras,40 km/h,Única,Faixa seccionada,"",""
1045,2019-02-07T00:00:00,19:03:00,COM VÍTIMA,CANCELADA,SANTO AMARO,AV DR JAYME DA FONTE,"","",SUPERMERCADO MAIS VOCÊ/VAREJO SANTO AMARO,AV DR JAYME DA FONTE,"",SUPERMERCADO MAIS VOCÊ/VAREJO SANTO AMARO,SANTO AMARO,,"",COLISÃO,COLISÃO COM VITIMA,1,1,,,,,,,,1,,"","","","","","","","","","","","",""
1046,2019-02-07T00:00:00,19:20:00,COM VÍTIMA,CANCELADA,ESPINHEIRO,AV GOVERNADOR AGAMENON MAGALHAES,"","",E/F A JEEP,AV GOVERNADOR AGAMENON MAGALHAES,"",E/F A JEEP,ESPINHEIRO,,"",COLISÃO,COLISÃO COM VITIMA,1,1,,,,,,,,1,,"","","","","","","","","","","","",""
1047,2019-02-07T00:00:00,19:24:00,SEM VÍTIMA,FINALIZADA,DERBY,AV GOVERNADOR AGAMENON MAGALHAES,"","",SEMÁFORO 075,AV GOVERNADOR AGAMENON MAGALHAES,"",SEMÁFORO 075,DERBY,,SUBURBIO,ABALROAMENTO LONGITUDINAL,COLISÃO SEM VITIMAS,2,,,,,,,,,0,,Longo da via,Bom,Sem defeito,Perfeito estado,Seca,Perfeito estado,Faixa de pedestre,Não há placas,"",Dupla,Canal,"",""
1048,2019-02-07T00:00:00,19:24:00,SEM VÍTIMA,FINALIZADA,DOIS UNIDOS,AV HILDEBRANDO DE VASCONCELOS,736,"",LADO OPOSTO AO Nº 0736,AV HILDEBRANDO DE VASCONCELOS,736,LADO OPOSTO AO Nº 0736,DOIS UNIDOS,,CIDADE,CHOQUE VEÍCULO PARADO,COLISÃO S/V,2,,,,,,,,,0,,Longo da via,Bom,Não existe,Perfeito estado,Seca,Perfeito estado,"",Não há placas,"",Dupla,Não existe,"",""
1049,2019-02-07T00:00:00,19:30:00,SEM VÍTIMA,FINALIZADA,AFOGADOS,RUA COSME VIANA,"","","",RUA COSME VIANA,"","",AFOGADOS,430,CIDADE,COLISÃO TRASEIRA,SEM VITIMA,1,1,,,,,,,,0,,Longo da via,Bom,Sem defeito,Perfeito estado,Seca,Perfeito estado,Faixa de pedestre,Outras,"",Única,Não existe,"",""
1050,2019-02-07T00:00:00,20:16:00,COM VÍTIMA,FINALIZADA,MADALENA,RUA REAL DA TORRE,730,RUA DES LUIZ SALAZAR,E/F LOJA DO CONDOMINIO,RUA REAL DA TORRE,730,E/F LOJA DO CONDOMINIO,MADALENA,,SUBURBIO,COLISÃO COM CICLISTA,COLISÃO COM VITIMA,1,,,1,,,,,,1,,Esquina,Bom,Não existe,Incompleta,Seca,Perfeito estado,Não existe,Não há placas,30 km/h,Dupla,Faixa seccionada,"",""
1051,2019-02-07T00:00:00,21:31:00,COM VÍTIMA,CANCELADA,IMBIRIBEIRA,AV SUL,"","",EM BAIXO DO VIADULTO TANCREDO NEVES,AV SUL,"",EM BAIXO DO VIADULTO TANCREDO NEVES,IMBIRIBEIRA,,"",COLISÃO,COLISÃO COM VITIMA,2,,,,,,,,,1,,"","","","","","","","","","","","",""
1052,2019-02-07T00:00:00,22:18:00,SEM VÍTIMA,FINALIZADA,IBURA,AV DOIS RIOS,424,"",IGREJA BATISTA BRILHO CELESTE,AV DOIS RIOS,424,IGREJA BATISTA BRILHO CELESTE,IBURA,,SUBURBIO,COLISÃO TRASEIRA,"COLISÃO SEM VITIMAS, 3 VEÍCULOS ENVOLVIDOS",3,,,,,,,,,0,,Longo da via,Bom,Não existe,Perfeito estado,Seca,Perfeito estado,Não existe,"",40 km/h,Dupla,Faixa contínua,"",""