_id,DATA,hora,natureza_acidente,situacao,bairro,endereco,numero,detalhe_endereco_acidente,complemento,endereco_cruzamento,numero_cruzamento,referencia_cruzamento,bairro_cruzamento,num_semaforo,sentido_via,tipo,descricao,auto,moto,ciclom,ciclista,pedestre,onibus,caminhao,viatura,outros,vitimas,vitimasfatais,acidente_verificado,tempo_clima,situacao_semaforo,sinalizacao,condicao_via,conservacao_via,ponto_controle,situacao_placa,velocidade_max_via,mao_direcao,divisao_via1,divisao_via2,divisao_via3
1053,2019-02-07T00:00:00,22:24:00,SEM VÍTIMA,FINALIZADA,BOA VIAGEM,AV ENGENHEIRO DOMINGOS FERREIRA,"",RUA ARTUR MUNIZ,"",AV ENGENHEIRO DOMINGOS FERREIRA,"","",BOA VIAGEM,,SUBURBIO,ABALROAMENTO LONGITUDINAL,COLISÃO SEM VÍTIMA,1,2,,,,,,,,0,,Cruzamento,Bom,Sem defeito,Ilegível,Seca,Perfeito estado,Faixa de pedestre,Outras,"",Única,Canteiro central,"",""
1054,2019-02-08T00:00:00,07:14:00,SEM VÍTIMA,CANCELADA,BOA VIAGEM,RUA DOS NAVEGANTES,435,"",EM FRENTE AO CANARIUS PALACE HOTEL,RUA DOS NAVEGANTES,435,EM FRENTE AO CANARIUS PALACE HOTEL,BOA VIAGEM,,"",COLISÃO,SEM VITIMAS,2,,,,,,,,,0,,"","","","","","","","","","","","",""
1055,2019-02-08T00:00:00,07:37:00,SEM VÍTIMA,FINALIZADA,TORRE,RUA REAL DA TORRE,"",RUA PADRE ANCHIETA,"",RUA REAL DA TORRE,"","",TORRE,192,CIDADE,ABALROAMENTO LONGITUDINAL,SEM VITIMAS,1,1,,,,,,,,0,,Cruzamento,Bom,Sem defeito,Perfeito estado,Seca,"",Agente,Não há placas,"",Única,Faixa seccionada,"",""
1056,2019-02-08T00:00:00,08:18:00,SEM VÍTIMA,FINALIZADA,BOA VIAGEM,AV DOM JOAO VI,"","",LADO OPOSTO DO COLEGIO GGE,AV DOM JOAO VI,"",LADO OPOSTO DO COLEGIO GGE,BOA VIAGEM,,CIDADE,ABALROAMENTO LONGITUDINAL,DOIS AUTOS,2,,,,,,,,,0,,Longo da via,Bom,Não existe,Perfeito estado,Seca,Perfeito estado,Outros,Não há placas,"",Dupla,Canal,"",""
1057,2019-02-08T00:00:00,09:00:00,SEM VÍTIMA,FINALIZADA,ILHA DO LEITE,PRC MIGUEL DE CERVANTES,"","",AO LADO DA PRAÇA MIGUEL DE CERVANTES,PRC MIGUEL DE CERVANTES,"",AO LADO DA PRAÇA MIGUEL DE CERVANTES,ILHA DO LEITE,,SUBURBIO,ABALROAMENTO TRANSVERSAL,SEM VÍTMAS,2,,,,,,,,,0,,Longo da via,Bom,Não existe,Perfeito estado,Seca,Perfeito estado,Outros,Placas Pare,"","",Blocos,"",""
1058,2019-02-08T00:00:00,09:11:00,SEM VÍTIMA,CANCELADA,ENCRUZILHADA,AV NORTE,"",RUA QUARENTA E OITO,EM FRENTE DA JACAÚNA,AV NORTE,"",EM FRENTE DA JACAÚNA,ENCRUZILHADA,,"",COLISÃO,SEM VITIMAS,2,,,,,,,,,0,,"","","","","","","","","","","","",""
1059,2019-02-08T00:00:00,09:12:00,COM VÍTIMA,FINALIZADA,CASA AMARELA,RUA BELA VISTA,329,"",RUA EM FRENTE AO SITIO DA TRINDADE. RESTAURANTE CANDELLABRO PIZZARIA.,RUA BELA VISTA,329,RUA EM FRENTE AO SITIO DA TRINDADE. RESTAURANTE CANDELLABRO PIZZARIA.,CASA AMARELA,,CIDADE,ABALROAMENTO LONGITUDINAL,COLISÃO ENTRE DOIS AUTOMÓVEIS E UMA MOTOCICLETA.,2,1,,,,,,,,1,,Esquina,Bom,Não existe,Perfeito estado,Seca,Perfeito estado,"",Placas Pare,40 km/h,Dupla,Não existe,"",""
1060,2019-02-08T00:00:00,09:57:00,SEM VÍTIMA,FINALIZADA,SANCHO,AV LIBERDADE,276,"",PROX A DELEGACIA DRACO,AV LIBERDADE,276,PROX A DELEGACIA DRACO,SANCHO,,"",COLISÃO TRASEIRA,COLISÃO SEM VITIMAS,2,,,,,,,,,0,,Longo da via,Bom,Não existe,Perfeito estado,Seca,Perfeito estado,Agente,Não há placas,40 km/h,Dupla,Faixa contínua,"",""
1061,2019-02-08T00:00:00,10:13:00,SEM VÍTIMA,FINALIZADA,BAIRRO DO RECIFE,"","","",SENTIDO BOA VIAGEM/OLINDA,"","",SENTIDO BOA VIAGEM/OLINDA,BAIRRO DO RECIFE,,SUBURBIO,ABALROAMENTO LONGITUDINAL,COLISÃO SEM VITIMAS,2,,,,,,,,,0,,Longo da via,Bom,Não existe,Perfeito estado,Seca,Perfeito estado,Não existe,Não há placas,60 km/h,Dupla,Canteiro central,"",""
1062,2019-02-08T00:00:00,10:22:00,SEM VÍTIMA,FINALIZADA,BOA VISTA,RUA GONCALVES MAIA,465,RUA DO PROGRESSO,"",RUA GONCALVES MAIA,465,"",BOA VISTA,,CIDADE,ABALROAMENTO LONGITUDINAL,COLISÃO SEM VITIMAS,2,,,,,,,,,0,,"",Bom,Não existe,Ilegível,Seca,Perfeito estado,Não existe,"","",Única,Não existe,"",""
1063,2019-02-08T00:00:00,10:40:00,SEM VÍTIMA,FINALIZADA,AREIAS,AV DR JOSE RUFINO,2033,"",GILBERTO EQUIPADORA,AV DR JOSE RUFINO,2033,GILBERTO EQUIPADORA,AREIAS,2033,SUB/CID,COLISÃO TRASEIRA,DOIS AUTOS,2,,,,,,,,,0,,Longo da via,Bom,Sem defeito,Perfeito estado,Seca,"","",R-6a,"",Dupla,Faixa,"",""
1064,2019-02-08T00:00:00,10:41:00,SEM VÍTIMA,FINALIZADA,JARDIM SÃO PAULO,AV RECIFE,"","",EM FRENTE AO POSTO DE GASOLINA MULTI POSTO,AV RECIFE,"",EM FRENTE AO POSTO DE GASOLINA MULTI POSTO,JARDIM SÃO PAULO,,"",ABALROAMENTO LONGITUDINAL,SEM VITIMAS,1,,,,,,1,,,0,,"",Bom,Não existe,Perfeito estado,Seca,Perfeito estado,Não existe,"","",Dupla,Canteiro central,"",""
1065,2019-02-08T00:00:00,11:14:00,SEM VÍTIMA,FINALIZADA,IMBIRIBEIRA,AV SUL,"","",POSTE DE ILUMINAÇÃO PÚBLICA 000696,AV SUL,"",POSTE DE ILUMINAÇÃO PÚBLICA 000696,IMBIRIBEIRA,,SUBURBIO,COLISÃO TRASEIRA,DOIS AUTOS,2,,,,,,,,,0,,Longo da via,Bom,Não existe,Ilegível,Seca,Mal conservada,Não existe,Não há placas,"",Dupla,Não existe,"",""
1066,2019-02-08T00:00:00,11:19:00,COM VÍTIMA,FINALIZADA,IBURA,AV DOIS RIOS,692,"",PROX. A EMPRESA SANTOS FERRO E AÇO,AV DOIS RIOS,692,PROX. A EMPRESA SANTOS FERRO E AÇO,IBURA,,"",COLISÃO,MOTO E AUTO,1,1,,,,,,,,1,,"","","","","","","","","","","","",""
1067,2019-02-08T00:00:00,11:42:00,COM VÍTIMA,FINALIZADA,CORDEIRO,AV CAXANGA,2117,"","EM FRENTE AEXPOSIÇÃO DE ANIMAIS,E A CAXANGA ACESSORIOS",AV CAXANGA,2117,"EM FRENTE AEXPOSIÇÃO DE ANIMAIS,E A CAXANGA ACESSORIOS",CORDEIRO,,CIDADE,COLISÃO COM CICLISTA,COM UMA VITIMA SENDO ATENDIDA PELO SAMU,,,,1,,1,,,,1,,Longo da via,Bom,Não existe,Perfeito estado,Seca,Perfeito estado,Agente,Não há placas,60 km/h,Dupla,Canteiro central,"",""
1068,2019-02-08T00:00:00,12:03:00,SEM VÍTIMA,FINALIZADA,PORTO DA MADEIRA,AV BEBERIBE,8710,RUA DALVA DE OLIVEIRA,AO LADO DA PAN RAINHA,AV BEBERIBE,8710,AO LADO DA PAN RAINHA,PORTO DA MADEIRA,575,SUBURBIO,ABALROAMENTO TRANSVERSAL,DUAS MOTOS S/V,,2,,,,,,,,0,,Longo da via,Bom,Sem defeito,Perfeito estado,Seca,Perfeito estado,Faixa de pedestre,Outras,"",Dupla,Faixa contínua,"",""
1069,2019-02-08T00:00:00,12:09:00,SEM VÍTIMA,FINALIZADA,ALTO JOSÉ BONIFÁCIO,RUA ALTO JOSE BONIFACIO,818,"",ESCOLA ESTADUAL CAIO PEREIRA,RUA ALTO JOSE BONIFACIO,818,ESCOLA ESTADUAL CAIO PEREIRA,ALTO JOSÉ BONIFÁCIO,,CIDADE,ABALROAMENTO LONGITUDINAL,AUTO E ONIBUS DA CAXANGA,1,,,,,1,,,,0,,Longo da via,Bom,Não existe,Perfeito estado,Seca,Perfeito estado,Não existe,Não há placas,"",Dupla,Faixa seccionada,"",""
1070,2019-02-08T00:00:00,12:22:00,COM VÍTIMA,FINALIZADA,IMBIRIBEIRA,RUA SARGENTO SILVINO DE MACEDO,445,"",PROXIMO A FARMACIA DO TRABALHADOR E POSTO BR,RUA SARGENTO SILVINO DE MACEDO,445,PROXIMO A FARMACIA DO TRABALHADOR E POSTO BR,IMBIRIBEIRA,442,SUBURBIO,ATROPELAMENTO,ATROPELAMENTO ENTRE UM AUTO E UM PEDESTRE.,1,,,,1,,,,,1,,Longo da via,Bom,Não existe,Não existente,Seca,Perfeito estado,Não existe,Não há placas,"",Dupla,Não existe,"",""
1071,2019-02-08T00:00:00,12:29:00,SEM VÍTIMA,FINALIZADA,CAXANGÁ,AV CAXANGA,"","","",AV CAXANGA,"","",CAXANGÁ,588,CIDADE,COLISÃO TRASEIRA,COLISAO ENTRE DOIS AUTOS S/V,2,,,,,,,,,0,,Ponte,Bom,Sem defeito,Perfeito estado,Seca,Perfeito estado,Faixa de retenção,"","",Dupla,Faixa seccionada,"",""
1072,2019-02-08T00:00:00,12:30:00,SEM VÍTIMA,FINALIZADA,SÃO JOSÉ,RUA IMPERIAL,"",TRV DO BANDEIRA,"",RUA IMPERIAL,"","",SÃO JOSÉ,,SUBURBIO,COLISÃO TRASEIRA,COLISAO ENTRE DOIS AUTOS S/V,2,,,,,,,,,0,,Longo da via,Bom,Não existe,Perfeito estado,Seca,Perfeito estado,Não existe,Outras,60 km/h,Única,Faixa seccionada,"",""
1073,2019-02-08T00:00:00,14:19:00,SEM VÍTIMA,CANCELADA,TORRÕES,AV BICENTENARIO DA REVOLUCAO FRANCESA,466,"",EM FRENTE AO TERMINAL DE RODA DE FOGO,AV BICENTENARIO DA REVOLUCAO FRANCESA,466,EM FRENTE AO TERMINAL DE RODA DE FOGO,TORRÕES,,"",COLISÃO,COLISÃO SEM VÍTIMA,1,,,,,1,,,,0,,"","","","","","","","","","","","",""
1074,2019-02-08T00:00:00,15:38:00,SEM VÍTIMA,FINALIZADA,BOA VIAGEM,RUA FRANCISCO DE BARROS BARRETO,"",RUA PADRE GIORDANO,"",RUA FRANCISCO DE BARROS BARRETO,"","",BOA VIAGEM,,"",ABALROAMENTO TRANSVERSAL,DOIS AUTOS S/V,2,,,,,,,,,0,,Cruzamento,Bom,Não existe,Incompleta,Seca,Outros,Não existe,Não há placas,"",Dupla,Não existe,"",""
1075,2019-02-08T00:00:00,16:08:00,SEM VÍTIMA,FINALIZADA,CASA FORTE,RUA LEONARDO BEZERRA CAVALCANTE,587,"",EM FRENTE AO MUNDO PET,RUA LEONARDO BEZERRA CAVALCANTE,587,EM FRENTE AO MUNDO PET,CASA FORTE,485,SUBURBIO,COLISÃO TRASEIRA,COLISÃO SEM VÍTIMA,3,,,,,,,,,0,,Longo da via,Bom,Sem defeito,Perfeito estado,Seca,Perfeito estado,Faixa de pedestre,Outras,"",Única,Faixa contínua,"",""
1076,2019-02-08T00:00:00,16:25:00,COM VÍTIMA,FINALIZADA,TAMARINEIRA,EST VELHA DE AGUA FRIA,739,"",EM FRENTE AO N 739,EST VELHA DE AGUA FRIA,739,EM FRENTE AO N 739,TAMARINEIRA,,SUBURBIO,ABALROAMENTO LONGITUDINAL,COLISÃO ENTRE AUTO E MOTO.,1,1,,,,,,,,1,,Longo da via,Bom,Não existe,Perfeito estado,Seca,Perfeito estado,"",Não há placas,"",Dupla,Faixa contínua,"",""
1077,2019-02-08T00:00:00,16:32:00,COM VÍTIMA,FINALIZADA,IBURA,AV DOM HELDER CAMARA,400,"",PROX. AO ARMAZEM FAMA,AV DOM HELDER CAMARA,400,PROX. AO ARMAZEM FAMA,IBURA,,SUBURBIO,COLISÃO TRASEIRA,COLISÃO ENTRE AUTO E MOTONETA.,1,,1,,,,,,,1,,Longo da via,Bom,Não existe,Perfeito estado,Seca,Perfeito estado,Não existe,Não há placas,"",Dupla,Canteiro central,"",""
1078,2019-02-08T00:00:00,16:33:00,COM VÍTIMA,FINALIZADA,TOTÓ,AV LIBERDADE,1546,"",AO LADO DA PADARIA EMPORIO DOS PÃES,AV LIBERDADE,1546,AO LADO DA PADARIA EMPORIO DOS PÃES,TOTÓ,,CIDADE,ABALROAMENTO LONGITUDINAL,COLISÃO ENTRE AUTO E MOTO.,1,1,,,,,,,,2,,Longo da via,Bom,Não existe,Perfeito estado,Seca,Perfeito estado,Não existe,Não há placas,"",Dupla,Não existe,"",""
1079,2019-02-08T00:00:00,16:35:00,SEM VÍTIMA,FINALIZADA,JAQUEIRA,RUA DO FUTURO,1150,RUA SIMAO MENDES,RESIDENCIAL GILDO VILAÇA,RUA DO FUTURO,1150,RESIDENCIAL GILDO VILAÇA,JAQUEIRA,,SUBURBIO,ABALROAMENTO LONGITUDINAL,COLISAO ENTRE DOIS AUTOS S/V,2,,,,,,,,,0,,"",Bom,Não existe,Perfeito estado,Seca,Perfeito estado,Faixa de pedestre,Placas Pare,"",Dupla,Faixa seccionada,"",""
1080,2019-02-08T00:00:00,16:38:00,SEM VÍTIMA,FINALIZADA,ILHA DO LEITE,RUA ANTONIO GOMES DE FREITAS,"","",PROX. AO ALBERT SABIN,RUA ANTONIO GOMES DE FREITAS,"",PROX. AO ALBERT SABIN,ILHA DO LEITE,,CIDADE,ABALROAMENTO LONGITUDINAL,AUTO E CAMINHAO S/V,1,,,,,,1,,,0,,Cruzamento,Bom,Não existe,Perfeito estado,Seca,Perfeito estado,Não existe,Outras,"",Única,Faixa seccionada,"",""
1081,2019-02-08T00:00:00,16:43:00,SEM VÍTIMA,FINALIZADA,BOA VISTA,AV LINS PETIT,188,"",EM FRENTE AO CENTRO ADMINISTRATIVO DA UNIMED,AV LINS PETIT,188,EM FRENTE AO CENTRO ADMINISTRATIVO DA UNIMED,BOA VISTA,,SUBURBIO,COLISÃO TRASEIRA,COLISÃO SEM VÍTIMA,2,,,,,,,,,0,,Longo da via,Bom,Não existe,Perfeito estado,Seca,Perfeito estado,Outros,Outras,"",Única,Faixa contínua,"",""
1082,2019-02-08T00:00:00,16:44:00,SEM VÍTIMA,FINALIZADA,VÁRZEA,RUA PROFESSOR ANTONIO COELHO,"",RUA EMILIANO BRAGA,AO LADO DO TERMINAL DE ONIBUS CDU,RUA PROFESSOR ANTONIO COELHO,"",AO LADO DO TERMINAL DE ONIBUS CDU,VÁRZEA,,CIDADE,ABALROAMENTO TRANSVERSAL,COLISAO ENTRE AUTO E MOTO S/V,1,1,,,,,,,,0,,Cruzamento,Bom,Não existe,Perfeito estado,Seca,Perfeito estado,Não existe,Placas Pare,"",Dupla,Faixa seccionada,"",""
1083,2019-02-08T00:00:00,16:49:00,COM VÍTIMA,FINALIZADA,SAN MARTIN,AV JOAO CABRAL DE MELO NETO,1653,RUA ROCHA POMBO,EM FRENTE A GRAFICA ALENCAR/ SENTIDO SAN MARTIN.,AV JOAO CABRAL DE MELO NETO,1653,EM FRENTE A GRAFICA ALENCAR/ SENTIDO SAN MARTIN.,SAN MARTIN,,CIDADE,ABALROAMENTO LONGITUDINAL,COLISÃO ENTRE AUTO E MOTO.,1,1,,,,,,,,1,,Esquina,Bom,Não existe,Perfeito estado,Seca,Perfeito estado,Não existe,Outras,"",Dupla,Canteiro central,"",""
1084,2019-02-08T00:00:00,17:02:00,SEM VÍTIMA,FINALIZADA,MADALENA,RUA REAL DA TORRE,218,"",APÓS O MERCADO DA MADALENA,RUA REAL DA TORRE,218,APÓS O MERCADO DA MADALENA,MADALENA,,CIDADE,ABALROAMENTO LONGITUDINAL,DOIS AUTOS S/V,2,,,,,,,,,0,,Longo da via,Bom,Não existe,Perfeito estado,Seca,Perfeito estado,"",Outras,"",Única,"","",""
1085,2019-02-08T00:00:00,17:06:00,SEM VÍTIMA,FINALIZADA,JOANA BEZERRA,RUA AGUA DOCE,"","",PRÓXIMO A ACADEMIA DA CIDADE,RUA AGUA DOCE,"",PRÓXIMO A ACADEMIA DA CIDADE,JOANA BEZERRA,,"",ABALROAMENTO LONGITUDINAL,AUTO E ONIBUS DA CAXANGA,1,,,,,1,,,,0,,Longo da via,Bom,Não existe,Não existente,Seca,Perfeito estado,Não existe,Não há placas,"",Única,Não existe,"",""
1086,2019-02-08T00:00:00,17:06:00,COM VÍTIMA,CANCELADA,CAJUEIRO,AV CIDADE DE MONTEIRO,380,"",EM FRENTE AO ARMAZEM CORAL,AV CIDADE DE MONTEIRO,380,EM FRENTE AO ARMAZEM CORAL,CAJUEIRO,,"",COLISÃO,COLISÃO COM VÍTIMA,1,1,,,,,,,,1,,"","","","","","","","","","","","",""
1087,2019-02-08T00:00:00,18:31:00,SEM VÍTIMA,CANCELADA,IMBIRIBEIRA,RUA SARGENTO SILVINO DE MACEDO,595,AV GENERAL MAC ARTHUR,ESQUINA COM O POSTO BR E PRÓX A FARMÁCIA FTB,RUA SARGENTO SILVINO DE MACEDO,595,ESQUINA COM O POSTO BR E PRÓX A FARMÁCIA FTB,IMBIRIBEIRA,,"",COLISÃO,ENTRE AUTO PASSEIO E CAMINHÃO. S/V,1,,,,,,1,,,0,,"","","","","","","","","","","","",""
1088,2019-02-08T00:00:00,18:38:00,SEM VÍTIMA,FINALIZADA,JORDÃO,AV MARIA IRENE,323,"","",AV MARIA IRENE,323,"",JORDÃO,,SUBURBIO,COLISÃO TRASEIRA,COLISÃO S/V,3,,,,,,,,,0,,Longo da via,Bom,Não existe,Perfeito estado,Seca,Perfeito estado,Não existe,Não há placas,"",Dupla,Não existe,"",""
1089,2019-02-08T00:00:00,18:39:00,SEM VÍTIMA,FINALIZADA,BOA VIAGEM,RUA BARAO DE SOUZA LEAO,"",RUA SA E SOUZA,COLÉGIO SANTOS DUMONT,RUA BARAO DE SOUZA LEAO,"",COLÉGIO SANTOS DUMONT,BOA VIAGEM,159,SUBURBIO,ABALROAMENTO LONGITUDINAL,ENTRE AUTO PASSEIO E ÔNIBUS. S/V,1,,,,,1,,,,0,,Longo da via,Bom,Sem defeito,Perfeito estado,Seca,Perfeito estado,Faixa de pedestre,Outras,"",Dupla,Faixa seccionada,"",""
1090,2019-02-08T00:00:00,18:45:00,SEM VÍTIMA,FINALIZADA,SANTO AMARO,AV GOVERNADOR AGAMENON MAGALHAES,"","",EM FRENTE AO SHOPPING TACARUNA,AV GOVERNADOR AGAMENON MAGALHAES,"",EM FRENTE AO SHOPPING TACARUNA,SANTO AMARO,,SUBURBIO,COLISÃO TRASEIRA,ENTRE MOTO E AUTO.S/V,1,1,,,,,,,,0,,Longo da via,Bom,Não existe,Perfeito estado,Seca,Perfeito estado,Não existe,Outras,60 km/h,Dupla,Canteiro central,"",""
1091,2019-02-08T00:00:00,19:29:00,SEM VÍTIMA,CANCELADA,SAN MARTIN,RUA QUINZE DE MARCO,"",RUA DELMIRO GOUVEIA,NS SAIDA DA CHESF,RUA QUINZE DE MARCO,"",NS SAIDA DA CHESF,SAN MARTIN,,"",COLISÃO,ENTRE 2 AUTOS. S/V,2,,,,,,,,,0,,"","","","","","","","","","","","",""
1092,2019-02-08T00:00:00,19:35:00,SEM VÍTIMA,CANCELADA,AREIAS,AV DR JOSE RUFINO,"","","E/F AO SUPERMERCADO ARCOMIX, SNT AFOGADOS /ANTES DO SEMÁFORO QUE FICA EM FRENTE AO SENAI",AV DR JOSE RUFINO,"","E/F AO SUPERMERCADO ARCOMIX, SNT AFOGADOS /ANTES DO SEMÁFORO QUE FICA EM FRENTE AO SENAI",AREIAS,,"",COLISÃO,ENTRE 2 AUTOS. S/V,2,,,,,,,,,0,,"","","","","","","","","","","","",""
1093,2019-02-08T00:00:00,20:00:00,SEM VÍTIMA,FINALIZADA,MADALENA,AV CAXANGA,"","",E/F AO MUSEU DA ABOLIÇÃO,AV CAXANGA,"",E/F AO MUSEU DA ABOLIÇÃO,MADALENA,257,CIDADE,ABALROAMENTO LONGITUDINAL,COLISÃO S/V,1,,,,,1,,,,0,,Longo da via,Bom,Sem defeito,Incompleta,Seca,Perfeito estado,Faixa de retenção,Não há placas,"",Dupla,Faixa contínua,Faixa seccionada,""
1094,2019-02-08T00:00:00,20:14:00,SEM VÍTIMA,FINALIZADA,AFLITOS,RUA DO FUTURO,479,"",INGÁ VINHOS FINOS,RUA DO FUTURO,479,INGÁ VINHOS FINOS,AFLITOS,,SUBURBIO,ABALROAMENTO LONGITUDINAL,COLISÃO S/V,2,,,,,,,,,0,,Longo da via,Bom,Sem defeito,Perfeito estado,Seca,Perfeito estado,Faixa de pedestre,"",30 km/h,Única,"","",""
1095,2019-02-08T00:00:00,20:25:00,COM VÍTIMA,FINALIZADA,BOA VIAGEM,AV BOA VIAGEM,"","",PROX. AO HOSPITAL DA AERONAUTICA. EM FRENTE AO TERRENO COMANDO DA AERONÁUTICA.,AV BOA VIAGEM,"",PROX. AO HOSPITAL DA AERONAUTICA. EM FRENTE AO TERRENO COMANDO DA AERONÁUTICA.,BOA VIAGEM,,CIDADE,COLISÃO TRASEIRA,COLISÃO ENTRE DOIS AUTOS E UMA MOTOCICLETA.,2,1,,,,,,,,2,,Longo da via,Bom,Não existe,Perfeito estado,Seca,Perfeito estado,Não existe,Não há placas,"",Única,Faixa seccionada,"",""
1096,2019-02-08T00:00:00,20:49:00,SEM VÍTIMA,FINALIZADA,SAN MARTIN,RUA APULCRO DE ASSUNCAO,53,RUA JOSE VELOSO,CAVALARIA DA PM,RUA APULCRO DE ASSUNCAO,53,CAVALARIA DA PM,SAN MARTIN,,"",ABALROAMENTO LONGITUDINAL,ENTRE 2 AUTOS . S/V,2,,,,,,,,,0,,Longo da via,Bom,Não existe,Incompleta,Seca,Perfeito estado,Não existe,Não há placas,"",Única,Não existe,"",""
1097,2019-02-08T00:00:00,22:24:00,SEM VÍTIMA,FINALIZADA,MANGABEIRA,AV NORTE,4607,"","",AV NORTE,4607,"",MANGABEIRA,96,CIDADE,COLISÃO TRASEIRA,ENTRE AUTO E ÔNIBUS. S/V,1,,,,,1,,,,0,,Longo da via,Bom,Sem defeito,Perfeito estado,Seca,Perfeito estado,Faixa de pedestre,Outras,"",Dupla,Canteiro central,"",""
1098,2019-02-09T00:00:00,01:39:00,SEM VÍTIMA,FINALIZADA,IMBIRIBEIRA,AV MARECHAL MASCARENHAS DE MORAES,"","",EM FRENTE AO AEROPORTO,AV MARECHAL MASCARENHAS DE MORAES,"",EM FRENTE AO AEROPORTO,IMBIRIBEIRA,218,CIDADE,COLISÃO TRASEIRA,"COLISÃO ENTRE DOIS AUTOS, SEM VÍTIMAS.",2,,,,,,,,,0,,Longo da via,Bom,Sem defeito,Perfeito estado,Seca,Perfeito estado,"","","",Dupla,Canteiro central,"",""
1099,2019-02-09T00:00:00,09:51:00,SEM VÍTIMA,FINALIZADA,TORRÕES,AV GENERAL SAN MARTIN,801,"","",AV GENERAL SAN MARTIN,801,"",TORRÕES,,CIDADE,COLISÃO TRASEIRA,COLISÃO SEM VITIMAS,1,1,,,,,,,,0,,Longo da via,Bom,Não existe,Perfeito estado,Seca,Perfeito estado,Não existe,R-6a,"",Dupla,Faixa seccionada,"",""
1100,2019-02-09T00:00:00,09:59:00,SEM VÍTIMA,CANCELADA,AFOGADOS,EST DOS REMEDIOS,1481,"",EM FRENTE A CITROEN,EST DOS REMEDIOS,1481,EM FRENTE A CITROEN,AFOGADOS,,"",COLISÃO,SEM VITIMAS,1,1,,,,,,,,0,,"","","","","","","","","","","","",""
1101,2019-02-09T00:00:00,10:15:00,SEM VÍTIMA,FINALIZADA,AFOGADOS,RUA COSME VIANA,379,"",EM FRENTE AO EROS MOTEL,RUA COSME VIANA,379,EM FRENTE AO EROS MOTEL,AFOGADOS,,SUBURBIO,ABALROAMENTO LONGITUDINAL,"SEM VITIMAS,VEÍCULOS SEM CONDIÇÕES DE SEREM RETIRADOS DO MEIO DA VIA",2,,,,,,,,,0,,Longo da via,Bom,Não existe,Perfeito estado,Seca,Perfeito estado,Outros,R-6a,"",Única,Faixa seccionada,"",""
1102,2019-02-09T00:00:00,10:23:00,SEM VÍTIMA,CANCELADA,BOA VIAGEM,RUA DOS NAVEGANTES,1706,RUA MAMANGUAPE,EM FRENTE A PANIFICADORA DIPLOMATA,RUA DOS NAVEGANTES,1706,EM FRENTE A PANIFICADORA DIPLOMATA,BOA VIAGEM,,"",COLISÃO,SEM VITIMAS.,2,,,,,,,,,0,,"","","","","","","","","","","","",""
1103,2019-02-09T00:00:00,10:44:00,SEM VÍTIMA,FINALIZADA,COQUEIRAL,RUA ALCANTARA,419,"","",RUA ALCANTARA,419,"",COQUEIRAL,,"",ABALROAMENTO LONGITUDINAL,AUTO X MOTO S/V,1,1,,,,,,,,0,,Longo da via,Bom,Não existe,Perfeito estado,Seca,Perfeito estado,Não existe,Não há placas,"",Única,Não existe,"",""
1104,2019-02-09T00:00:00,11:31:00,SEM VÍTIMA,FINALIZADA,COQUEIRAL,RUA SARGENTO WILSON VIANA,162,"","",RUA SARGENTO WILSON VIANA,162,"",COQUEIRAL,,SUBURBIO,CHOQUE VEÍCULO PARADO,SEM VÍTIMAS,1,,,,,,1,,,0,,Longo da via,Bom,"",Perfeito estado,Seca,Perfeito estado,Não existe,Não há placas,"",Única,Não existe,"",""
1105,2019-02-09T00:00:00,11:32:00,SEM VÍTIMA,CANCELADA,CORDEIRO,AV PROFESSOR ESTEVAO FRANCISCO DA COSTA,"","",EM FRENTE À PADARIA RAINHA DA TORRE,AV PROFESSOR ESTEVAO FRANCISCO DA COSTA,"",EM FRENTE À PADARIA RAINHA DA TORRE,CORDEIRO,280,"",COLISÃO,AUTOS S/V,2,,,,,,,,,0,,"","","","","","","","","","","","",""
1106,2019-02-09T00:00:00,12:49:00,SEM VÍTIMA,FINALIZADA,SÍTIO DOS PINTOS,EST DOS PINTOS,23,"","",EST DOS PINTOS,23,"",SÍTIO DOS PINTOS,,SUBURBIO,COLISÃO FRONTAL,COLISÃO SEM VÍTIMA,,1,,,,,,1,,0,,Longo da via,Bom,Não existe,Perfeito estado,Seca,Perfeito estado,Não existe,R-6c,"",Dupla,Faixa seccionada,"",""
1107,2019-02-09T00:00:00,15:00:00,SEM VÍTIMA,FINALIZADA,JORDÃO,AV MARIA IRENE,15,"","",AV MARIA IRENE,15,"",JORDÃO,,SUBURBIO,ABALROAMENTO TRANSVERSAL,DOIS AUTOS,2,,,,,,,,,0,,Cruzamento,Bom,Não existe,Perfeito estado,Seca,Perfeito estado,Outros,Outras,60 km/h,Dupla,Não existe,"",""
1108,2019-02-09T00:00:00,15:25:00,SEM VÍTIMA,FINALIZADA,BEBERIBE,AV BEBERIBE,4575,"","",AV BEBERIBE,4575,"",BEBERIBE,,"",ABALROAMENTO LONGITUDINAL,COLISAO ENTRE ONIBUS E AUTO S/V,1,,,,,1,,,,0,,Longo da via,Bom,Sem defeito,Perfeito estado,Seca,Perfeito estado,Faixa de pedestre,Não há placas,"",Dupla,Faixa contínua,"",""