_id,DATA,hora,natureza_acidente,situacao,bairro,endereco,numero,detalhe_endereco_acidente,complemento,endereco_cruzamento,numero_cruzamento,referencia_cruzamento,bairro_cruzamento,num_semaforo,sentido_via,tipo,descricao,auto,moto,ciclom,ciclista,pedestre,onibus,caminhao,viatura,outros,vitimas,vitimasfatais,acidente_verificado,tempo_clima,situacao_semaforo,sinalizacao,condicao_via,conservacao_via,ponto_controle,situacao_placa,velocidade_max_via,mao_direcao,divisao_via1,divisao_via2,divisao_via3
1109,2019-02-09T00:00:00,17:50:00,COM VÍTIMA,CANCELADA,ESPINHEIRO,AV JOAO DE BARROS,"","","AO LADO DO POSTO PASSIRA, SNT ENCRUZILHADA / APÓS O VIADUTO",AV JOAO DE BARROS,"","AO LADO DO POSTO PASSIRA, SNT ENCRUZILHADA / APÓS O VIADUTO",ESPINHEIRO,,"",COLISÃO,COLISÃO COM VITIMA,1,1,,,,,,,,1,,"","","","","","","","","","","","",""
1110,2019-02-09T00:00:00,18:24:00,COM VÍTIMA,FINALIZADA,ESPINHEIRO,AV JOAO DE BARROS,1179,AV GOVERNADOR AGAMENON MAGALHAES,"AO LADO DO POSTO (BR) PASSIRA, SNT ENCRUZILHADA / APÓS O VIADUTO",AV JOAO DE BARROS,1179,"AO LADO DO POSTO (BR) PASSIRA, SNT ENCRUZILHADA / APÓS O VIADUTO",ESPINHEIRO,,SUBURBIO,COLISÃO TRASEIRA,COLISÃO ENTRE AUTO E MOTO. C/V,1,1,,,,,,,,1,,Longo da via,Bom,Não existe,Perfeito estado,Seca,Perfeito estado,Não existe,Não há placas,"",Única,Faixa seccionada,Blocos,""
1111,2019-02-09T00:00:00,18:33:00,SEM VÍTIMA,CANCELADA,CAXANGÁ,RUA DEPUTADO JOSE FRANCISCO DE MELO CAVALCANTI,459,"",MERCADINHO NOVA MORADA/ BAR DA MAÇÃ,RUA DEPUTADO JOSE FRANCISCO DE MELO CAVALCANTI,459,MERCADINHO NOVA MORADA/ BAR DA MAÇÃ,CAXANGÁ,,"",COLISÃO,COLISÃO S/V,2,,,,,,,,,0,,"","","","","","","","","","","","",""
1112,2019-02-09T00:00:00,19:30:00,SEM VÍTIMA,FINALIZADA,AREIAS,AV RECIFE,"","",PAM DE AREIAS,AV RECIFE,"",PAM DE AREIAS,AREIAS,236,SUBURBIO,ABALROAMENTO LONGITUDINAL,COLISÃO S/V,1,,,,,1,,,,0,,Longo da via,Bom,Sem defeito,Perfeito estado,Seca,Perfeito estado,Faixa de pedestre,Outras,"",Única,Faixa seccionada,"",""
1113,2019-02-09T00:00:00,23:13:00,SEM VÍTIMA,FINALIZADA,TORRÕES,RUA DELMIRO GOUVEIA,"","",EF A CHESF,RUA DELMIRO GOUVEIA,"",EF A CHESF,TORRÕES,,CIDADE,COLISÃO TRASEIRA,COLISÃO S/V,2,,,,,,,,,0,,Longo da via,Bom,Não existe,Perfeito estado,Seca,Perfeito estado,Não existe,Não há placas,"",Dupla,Não existe,"",""
1114,2019-02-09T00:00:00,23:33:00,COM VÍTIMA,FINALIZADA,JOANA BEZERRA,VIADUTO CAPITAO TEMUDO,"","",FORUM JOANA BEZERRA,VIADUTO CAPITAO TEMUDO,"",FORUM JOANA BEZERRA,JOANA BEZERRA,,CIDADE,COLISÃO TRASEIRA,COLISÃO ENTRE DOIS AUTOS.,2,,,,,,,,,1,,Viaduto,Bom,Não existe,Perfeito estado,Seca,Perfeito estado,Não existe,Outras,60 km/h,Dupla,Canteiro central,"",""
1115,2019-02-09T00:00:00,23:55:00,COM VÍTIMA,FINALIZADA,CORDEIRO,AV ENGENHEIRO ABDIAS DE CARVALHO,"",AV GENERAL SAN MARTIN,SOB O SEMÁFORO 058,AV ENGENHEIRO ABDIAS DE CARVALHO,"",SOB O SEMÁFORO 058,CORDEIRO,58,SUBURBIO,COLISÃO TRASEIRA,COLISÃO COM VITIMA,1,1,,,,,,,,1,,Cruzamento,Bom,Sem defeito,Perfeito estado,Seca,Perfeito estado,Faixa de pedestre,Outras,60 km/h,Dupla,Canteiro central,"",""
1116,2019-02-09T00:00:00,23:58:00,SEM VÍTIMA,CANCELADA,BEBERIBE,RUA MAJOR DAVINO,"","",SUBIDA DA COMPESA,RUA MAJOR DAVINO,"",SUBIDA DA COMPESA,BEBERIBE,,"",COLISÃO,COLISÃO SEM VITIMA,1,1,,,,,,,,0,,"","","","","","","","","","","","",""
1117,2019-02-10T00:00:00,00:19:00,SEM VÍTIMA,FINALIZADA,CORDEIRO,RUA MAURICIO DE NASSAU,"",AV PROFESSOR ESTEVAO FRANCISCO DA COSTA,"",RUA MAURICIO DE NASSAU,"","",CORDEIRO,589,SUBURBIO,COLISÃO TRASEIRA,"COLISÃO ENTRE DOIS AUTOS, SEM VÍTIMAS.",2,,,,,,,,,0,,Cruzamento,Chuvoso,Sem defeito,Perfeito estado,Molhada,Mal iluminada,Faixa de pedestre,Não há placas,"",Única,Faixa seccionada,"",""
1118,2019-02-10T00:00:00,01:56:00,SEM VÍTIMA,FINALIZADA,BOA VIAGEM,AV ENGENHEIRO DOMINGOS FERREIRA,"",RUA PROFESSOR JOSE BRANDAO,"",AV ENGENHEIRO DOMINGOS FERREIRA,"","",BOA VIAGEM,550,SUBURBIO,ABALROAMENTO TRANSVERSAL,COLISÃO SEM VITIMA,2,,,,,,,,,0,,Cruzamento,Bom,Sem defeito,Perfeito estado,Seca,Perfeito estado,"","","",Única,Canteiro central,"",""
1119,2019-02-10T00:00:00,03:32:00,COM VÍTIMA,FINALIZADA,ESPINHEIRO,RUA DR FERNANDO ALLAIN,"",RUA MARQUES DO PARANA,"",RUA DR FERNANDO ALLAIN,"","",ESPINHEIRO,,"",ABALROAMENTO TRANSVERSAL,COLISÃO COM VITIMA,2,,,,,,,,,1,,Cruzamento,Bom,Não existe,Perfeito estado,Seca,Perfeito estado,Não existe,Outras,"",Dupla,Não existe,"",""
1120,2019-02-10T00:00:00,05:28:00,COM VÍTIMA,FINALIZADA,CASA AMARELA,RUA CONEGO BARATA,"",AV NORTE,PROX. FERREIRA COSTA,RUA CONEGO BARATA,"",PROX. FERREIRA COSTA,CASA AMARELA,62,SUBURBIO,ABALROAMENTO TRANSVERSAL,COLISÃO ENTRE AUTO E MOTO.,1,1,,,,,,,,1,,Cruzamento,Bom,Sem defeito,Perfeito estado,Seca,Perfeito estado,Faixa de pedestre,Outras,"",Dupla,Blocos,"",""
1121,2019-02-10T00:00:00,10:51:00,COM VÍTIMA,FINALIZADA,ÁGUA FRIA,AV BEBERIBE,2171,"",MERCADO DE ÁGUA FRIA,AV BEBERIBE,2171,MERCADO DE ÁGUA FRIA,ÁGUA FRIA,,"",COLISÃO,"COLISÃO COM VÍTIMA, ENVOLVENDO UMA VT DA PM E UMA MOTOCICLETA.",,1,,,,,,1,,1,,"","","","","","","","","","","","",""
1122,2019-02-10T00:00:00,11:05:00,SEM VÍTIMA,CANCELADA,CASA AMARELA,RUA VASCO DA GAMA,"","",EM FRENTE AO 13 DO VASCO,RUA VASCO DA GAMA,"",EM FRENTE AO 13 DO VASCO,CASA AMARELA,,"",COLISÃO,COÇISÃO SEM VITIMA,1,,,,,,1,,,0,,"","","","","","","","","","","","",""
1123,2019-02-10T00:00:00,11:26:00,COM VÍTIMA,FINALIZADA,SAN MARTIN,RUA OUREM,61,"",EM FRENTE AO CONDOMÍNIO QUINTA CASA FORTE,RUA OUREM,61,EM FRENTE AO CONDOMÍNIO QUINTA CASA FORTE,SAN MARTIN,,SUBURBIO,ABALROAMENTO TRANSVERSAL,COLISÃO ENTRE AUTO E MOTO.,1,1,,,,,,,,2,,Longo da via,Bom,Não existe,Não existente,Seca,Perfeito estado,Não existe,Não há placas,20 km/h,Única,Não existe,"",""
1124,2019-02-10T00:00:00,11:44:00,SEM VÍTIMA,FINALIZADA,IMBIRIBEIRA,AV MARECHAL MASCARENHAS DE MORAES,"","",EM FRENTE AO POSTO DE COMBUSTÍVEL BR SEMÁFORO 289,AV MARECHAL MASCARENHAS DE MORAES,"",EM FRENTE AO POSTO DE COMBUSTÍVEL BR SEMÁFORO 289,IMBIRIBEIRA,289,SUBURBIO,ABALROAMENTO LONGITUDINAL,SEM VITIMAS,2,,,,,,,,,0,,Longo da via,Bom,Sem defeito,Perfeito estado,Seca,Perfeito estado,Faixa de pedestre,R-6a,"",Dupla,Canteiro central,"",""
1125,2019-02-10T00:00:00,12:27:00,SEM VÍTIMA,FINALIZADA,BOA VISTA,AV MARTINS DE BARROS,"",PTE BUARQUE DE MACEDO,"",AV MARTINS DE BARROS,"","",BOA VISTA,164,CIDADE,ABALROAMENTO LONGITUDINAL,COLISÃO SEM VITIMA,1,,,,,1,,,,0,,Cruzamento,Bom,Sem defeito,Perfeito estado,Seca,Perfeito estado,Faixa de pedestre,"","","","","",""
1126,2019-02-10T00:00:00,13:00:00,COM VÍTIMA,FINALIZADA,IPUTINGA,RUA EMILIANO BRAGA,477,RUA PROFESSOR ANTONIO COELHO,EM FRENTE A INTEGRAÇÃO DA CAXANGA,RUA EMILIANO BRAGA,477,EM FRENTE A INTEGRAÇÃO DA CAXANGA,IPUTINGA,,SUBURBIO,ABALROAMENTO LONGITUDINAL,COLISÃO ENTRE AUTO E MOTO.,1,1,,,,,,,,1,,Longo da via,Bom,Não existe,Perfeito estado,Seca,Perfeito estado,Agente,Placas Pare,30 km/h,Única,Não existe,"",""
1127,2019-02-10T00:00:00,14:16:00,SEM VÍTIMA,FINALIZADA,"",AV NORTE,"","",EM FRENTE AO BANCO SANTANDER,AV NORTE,"",EM FRENTE AO BANCO SANTANDER,"",43,SUBURBIO,ABALROAMENTO TRANSVERSAL,COLISÃO SEM VÍTIMA,1,1,,,,,,,,0,,Longo da via,Bom,Sem defeito,Perfeito estado,Seca,Perfeito estado,Faixa de pedestre,"","",Dupla,Canteiro central,"",""
1128,2019-02-10T00:00:00,15:18:00,SEM VÍTIMA,FINALIZADA,TEJIPIÓ,RUA FALCAO DE LACERDA,511,RUA QUEIRA DEUS,ASA MOTOS PEÇAS E SERVIÇOS,RUA FALCAO DE LACERDA,511,ASA MOTOS PEÇAS E SERVIÇOS,TEJIPIÓ,,CIDADE,ABALROAMENTO TRANSVERSAL,COLISÃO SEM VÍTIMA,1,1,,,,,,,,0,,"",Bom,Não existe,Perfeito estado,Seca,Perfeito estado,Não existe,Outras,"",Dupla,Faixa seccionada,"",""
1129,2019-02-10T00:00:00,15:52:00,SEM VÍTIMA,FINALIZADA,VASCO DA GAMA,AV NORTE,6318,"",EM FRENTE AO SEMÁFORO 066,AV NORTE,6318,EM FRENTE AO SEMÁFORO 066,VASCO DA GAMA,66,SUBURBIO,COLISÃO TRASEIRA,COLISÃO SEM VÍTIMA,1,,,,,1,,,,0,,Longo da via,Bom,Sem defeito,Perfeito estado,Seca,Perfeito estado,Faixa de pedestre,"","",Dupla,Canteiro central,"",""
1130,2019-02-10T00:00:00,16:07:00,SEM VÍTIMA,FINALIZADA,IMBIRIBEIRA,AV MARECHAL MASCARENHAS DE MORAES,2555,"",EM FRENTE A REVEST / SENTIDO CIDADE,AV MARECHAL MASCARENHAS DE MORAES,2555,EM FRENTE A REVEST / SENTIDO CIDADE,IMBIRIBEIRA,534,CIDADE,COLISÃO TRASEIRA,COLISÃO SEM VÍTIMA,2,,,,,,,,,0,,Longo da via,Bom,Sem defeito,Perfeito estado,Seca,Perfeito estado,Faixa de pedestre,Outras,"",Dupla,Canteiro central,"",""
1131,2019-02-10T00:00:00,16:31:00,SEM VÍTIMA,FINALIZADA,BOA VIAGEM,AV CONSELHEIRO AGUIAR,1700,"","",AV CONSELHEIRO AGUIAR,1700,"",BOA VIAGEM,,CIDADE,ABALROAMENTO LONGITUDINAL,COLISÃO SEM VÍTIMA,2,,,,,,,,,0,,Longo da via,Bom,Não existe,Perfeito estado,Seca,Perfeito estado,Não existe,R-6a,"",Única,Faixa seccionada,"",""
1132,2019-02-10T00:00:00,18:03:00,SEM VÍTIMA,FINALIZADA,PAISSANDU,AV GOVERNADOR AGAMENON MAGALHAES,"",RUA PAISSANDU,"",AV GOVERNADOR AGAMENON MAGALHAES,"","",PAISSANDU,69,"",COLISÃO TRASEIRA,ENTRE AUTO E MOTO. S/V,1,1,,,,,,,,0,,Cruzamento,Bom,Sem defeito,Perfeito estado,Seca,Perfeito estado,Faixa de pedestre,R-6a,"",Única,Faixa contínua,"",""
1133,2019-02-10T00:00:00,18:32:00,SEM VÍTIMA,CANCELADA,BOA VIAGEM,RUA JOSE TRAJANO,351,"",E/F AO EDF VESUVIO / AO LADO DO MERCADO EXTRABOM,RUA JOSE TRAJANO,351,E/F AO EDF VESUVIO / AO LADO DO MERCADO EXTRABOM,BOA VIAGEM,,"",COLISÃO,ENTRE 2 AUTOS. S/V,2,,,,,,,,,0,,"","","","","","","","","","","","",""
1134,2019-02-10T00:00:00,19:09:00,COM VÍTIMA,FINALIZADA,BOA VIAGEM,RUA COSMORAMA,"",RUA JOAO CARDOSO AIRES,E/F AO COLÉGIO MADRE DE DEUS - UNIDADE ll / PRÓX AO CANAL,RUA COSMORAMA,"",E/F AO COLÉGIO MADRE DE DEUS - UNIDADE ll / PRÓX AO CANAL,BOA VIAGEM,,SUBURBIO,ABALROAMENTO TRANSVERSAL,ENTRE AUTO E MOTO. C/V,1,1,,,,,,,,1,,Cruzamento,Bom,Sem defeito,Perfeito estado,Seca,Perfeito estado,Faixa de pedestre,R-4a,"",Dupla,Canal,"",""
1135,2019-02-10T00:00:00,19:28:00,COM VÍTIMA,FINALIZADA,PARNAMIRIM,RUA SEBASTIAO ALVES,155,"","PROX DO FAACA BOTECO E PARRILLA, EM FRENTE AO EDIFICIO DRACENAS",RUA SEBASTIAO ALVES,155,"PROX DO FAACA BOTECO E PARRILLA, EM FRENTE AO EDIFICIO DRACENAS",PARNAMIRIM,,CIDADE,ABALROAMENTO LONGITUDINAL,COLISÃO ENTRE MOTO E AUTO C/V,1,1,,,,,,,,2,,Longo da via,Bom,Não existe,Incompleta,Seca,Mal iluminada,Não existe,R-19,20 km/h,Única,Não existe,"",""
1136,2019-02-10T00:00:00,20:12:00,SEM VÍTIMA,FINALIZADA,TORRÕES,AV ENGENHEIRO ABDIAS DE CARVALHO,"",EST DO FORTE DO ARRAIAL N. DO B. JESUS,POSTO IPIRANGA,AV ENGENHEIRO ABDIAS DE CARVALHO,"",POSTO IPIRANGA,TORRÕES,,SUBURBIO,COLISÃO TRASEIRA,ENGAVETAMENTO ENVOLVENDO TRÊS VEÍCULOS,3,,,,,,,,,0,,"",Bom,Sem defeito,Perfeito estado,Seca,Mal iluminada,Faixa de pedestre,"",60 km/h,Dupla,"","",""
1137,2019-02-10T00:00:00,21:34:00,SEM VÍTIMA,FINALIZADA,ESPINHEIRO,AV JOAO DE BARROS,1350,"",EM FRENTE GALERIA ALAMEDA DAS OLIVEIRAS,AV JOAO DE BARROS,1350,EM FRENTE GALERIA ALAMEDA DAS OLIVEIRAS,ESPINHEIRO,339,SUBURBIO,COLISÃO TRASEIRA,COLISÃO ENTRE DOIS AUTOS S/V,2,,,,,,,,,0,,"",Bom,Sem defeito,Perfeito estado,Seca,Perfeito estado,"","","",Única,Faixa seccionada,"",""
1138,2019-02-10T00:00:00,22:20:00,SEM VÍTIMA,FINALIZADA,DERBY,AV GOVERNADOR AGAMENON MAGALHAES,"",RUA PAISSANDU,ESTACIONAMENTO DE MOTOS DO HOSPITAL REAL PORTUGUÊS,AV GOVERNADOR AGAMENON MAGALHAES,"",ESTACIONAMENTO DE MOTOS DO HOSPITAL REAL PORTUGUÊS,DERBY,69,SUBURBIO,ABALROAMENTO LONGITUDINAL,COLISÃO ENTRE AUTO E CAMINHÃO S/V,1,,,,,,1,,,0,,Longo da via,Bom,Sem defeito,Perfeito estado,Seca,Perfeito estado,Faixa de pedestre,Outras,60 km/h,Única,Faixa contínua,"",""
1139,2019-02-11T00:00:00,07:17:00,SEM VÍTIMA,FINALIZADA,BOA VISTA,AV GOVERNADOR AGAMENON MAGALHAES,63,"",EM FRENTE AO NÚMERO 63,AV GOVERNADOR AGAMENON MAGALHAES,63,EM FRENTE AO NÚMERO 63,BOA VISTA,,SUBURBIO,ABALROAMENTO LONGITUDINAL,COLISÃO SEM VITIMAS,1,,,,,1,,,,0,,Longo da via,Bom,Sem defeito,Perfeito estado,Seca,Perfeito estado,"","",60 km/h,Dupla,Faixa seccionada,Canal,""
1140,2019-02-11T00:00:00,07:38:00,SEM VÍTIMA,FINALIZADA,PORTO DA MADEIRA,AV BEBERIBE,3295,"",AO LADO DO CONDOMÍNIO JOÃO PAULO II,AV BEBERIBE,3295,AO LADO DO CONDOMÍNIO JOÃO PAULO II,PORTO DA MADEIRA,,SUBURBIO,COLISÃO TRASEIRA,SEM VITIMAS,1,,,,,,1,,,0,,Longo da via,Bom,Não existe,Perfeito estado,Seca,Perfeito estado,Outros,R-6a,"",Dupla,Faixa contínua,Faixa seccionada,""
1141,2019-02-11T00:00:00,07:59:00,COM VÍTIMA,FINALIZADA,CAMPO GRANDE,RUA GUAIANAZES,239,RUA PROFESSOR FRANCISCO DA TRINDADE,E/F A RESIDENCIA.,RUA GUAIANAZES,239,E/F A RESIDENCIA.,CAMPO GRANDE,,CIDADE,ABALROAMENTO LONGITUDINAL,COM UMA VÍTIMA A ESPERA DO SAMU,1,1,,,,,,,,1,,Cruzamento,Bom,Não existe,Incompleta,Seca,Perfeito estado,Não existe,Não há placas,"",Dupla,Faixa seccionada,"",""
1142,2019-02-11T00:00:00,08:07:00,SEM VÍTIMA,FINALIZADA,SÃO JOSÉ,C SANTA RITA,"","",PRÓXIMO AO TERMINAL DE PASSAGEIRO,C SANTA RITA,"",PRÓXIMO AO TERMINAL DE PASSAGEIRO,SÃO JOSÉ,76,CIDADE,ABALROAMENTO LONGITUDINAL,ÔNIBUS X AUTO S/V,1,,,,,1,,,,0,,Cruzamento,Bom,Sem defeito,Perfeito estado,Seca,Perfeito estado,"","","","","","",""
1143,2019-02-11T00:00:00,08:11:00,COM VÍTIMA,FINALIZADA,TEJIPIÓ,RUA DO SANCHO,235,"",APOS A ESTAÇÃO DE TEJIPIO EM FRENTE AO EDIFICIO DAS PALMEIRAS,RUA DO SANCHO,235,APOS A ESTAÇÃO DE TEJIPIO EM FRENTE AO EDIFICIO DAS PALMEIRAS,TEJIPIÓ,,SUBURBIO,COLISÃO COM CICLISTA,ATROPELAMENTO VITIMA SOCORRIDA PELO SAMU,1,,,1,,,,,,1,,Longo da via,Bom,Não existe,Perfeito estado,Seca,Perfeito estado,Não existe,Outras,"",Dupla,Não existe,"",""
1144,2019-02-11T00:00:00,08:12:00,SEM VÍTIMA,FINALIZADA,SÃO JOSÉ,RUA SIQUEIRA CAMPOS,"",AV DANTAS BARRETO,PRÓX AO FÓRUM DESEMBARGADOR NEVES FILHOS,RUA SIQUEIRA CAMPOS,"",PRÓX AO FÓRUM DESEMBARGADOR NEVES FILHOS,SÃO JOSÉ,,"",COLISÃO,ÔNIBUS X AUTO S/V,1,,,,,1,,,,0,,"","","","","","","","","","","","",""
1145,2019-02-11T00:00:00,09:12:00,SEM VÍTIMA,FINALIZADA,DERBY,RUA DR SEVERINO PINHEIRO,"","","",RUA DR SEVERINO PINHEIRO,"","",DERBY,,CIDADE,ABALROAMENTO LONGITUDINAL,SEM VITIMAS,2,,,,,,,,,0,,Ponte,Bom,Não existe,Perfeito estado,Seca,Perfeito estado,Não existe,Não há placas,40 km/h,Dupla,Faixa contínua,"",""
1146,2019-02-11T00:00:00,09:32:00,SEM VÍTIMA,CANCELADA,IMBIRIBEIRA,RUA NESTOR MOREIRA,181,AV MARECHAL MASCARENHAS DE MORAES,RUA AO LADO DO MARTELINHO DE OURO DA AV MARECHAL MASCARENHAS DE MORAES,RUA NESTOR MOREIRA,181,RUA AO LADO DO MARTELINHO DE OURO DA AV MARECHAL MASCARENHAS DE MORAES,IMBIRIBEIRA,,"",COLISÃO,SEM VITIMAS,2,,,,,,,,,0,,"","","","","","","","","","","","",""
1147,2019-02-11T00:00:00,09:32:00,SEM VÍTIMA,FINALIZADA,BOA VIAGEM,RUA BARAO DE MONTE ALTO,117,"","",RUA BARAO DE MONTE ALTO,117,"",BOA VIAGEM,,"",ABALROAMENTO LONGITUDINAL,CAMINHÃO X AUTO S/V,1,,,,,,1,,1,0,,Longo da via,Bom,Não existe,Não existente,Seca,Mal conservada,Não existe,Não há placas,"",Dupla,Não existe,"",""
1148,2019-02-11T00:00:00,09:57:00,SEM VÍTIMA,FINALIZADA,TAMARINEIRA,RUA JOSE CARVALHEIRA,35,"",EM FRENTE AO EDF PALAZZO VENETO,RUA JOSE CARVALHEIRA,35,EM FRENTE AO EDF PALAZZO VENETO,TAMARINEIRA,,SUBURBIO,ABALROAMENTO LONGITUDINAL,SEM VITIMAS,1,,,,,,1,,,0,,Longo da via,Bom,Não existe,Perfeito estado,Seca,Perfeito estado,Não existe,Outras,"",Única,Faixa seccionada,"",""
1149,2019-02-11T00:00:00,10:10:00,COM VÍTIMA,FINALIZADA,PARNAMIRIM,EST DO ARRAIAL,3107,RUA ARNOLDO MAGALHAES,EM FRENTE AO AMERICA FUTEBOL CLUBE,EST DO ARRAIAL,3107,EM FRENTE AO AMERICA FUTEBOL CLUBE,PARNAMIRIM,,SUBURBIO,ABALROAMENTO TRANSVERSAL,COM VITIMA JA SOCORRIDA PELO SAMU,1,1,,,,,,,,1,,Esquina,Bom,Não existe,Perfeito estado,Seca,Perfeito estado,Não existe,R-4a,40 km/h,Única,Faixa seccionada,"",""
1150,2019-02-11T00:00:00,10:35:00,SEM VÍTIMA,FINALIZADA,SANTO ANTÔNIO,RUA SIQUEIRA CAMPOS,251,AV DANTAS BARRETO,"",RUA SIQUEIRA CAMPOS,251,"",SANTO ANTÔNIO,,CIDADE,ABALROAMENTO LONGITUDINAL,SEM VÍTIMAS,1,,,,,,1,,,0,,Cruzamento,Bom,Não existe,Perfeito estado,Seca,Perfeito estado,Não existe,R-6a,"",Única,Faixa seccionada,"",""
1151,2019-02-11T00:00:00,10:52:00,SEM VÍTIMA,FINALIZADA,IMBIRIBEIRA,RUA ANTONIO PAES BARRETO,620,RUA SARGENTO SILVINO DE MACEDO,EM FRENTE À NAT GEO,RUA ANTONIO PAES BARRETO,620,EM FRENTE À NAT GEO,IMBIRIBEIRA,,SUBURBIO,ABALROAMENTO LONGITUDINAL,"",1,,,,,1,,,1,0,,Cruzamento,Bom,Não existe,Não existente,Seca,Mal conservada,Não existe,Não há placas,"",Dupla,Não existe,"",""
1152,2019-02-11T00:00:00,11:15:00,COM VÍTIMA,FINALIZADA,TEJIPIÓ,AV DR JOSE RUFINO,3152,"",EM FRENTE AO QUARTEL DO EXERCITO,AV DR JOSE RUFINO,3152,EM FRENTE AO QUARTEL DO EXERCITO,TEJIPIÓ,,CIDADE,COLISÃO TRASEIRA,COLISÃO COM VITIMA SOCORRIDA PELO SAMU,1,1,,,,,,,,1,,Longo da via,Bom,Sem defeito,Perfeito estado,Seca,Perfeito estado,Faixa de pedestre,"","",Dupla,Faixa,"",""
1153,2019-02-11T00:00:00,11:23:00,SEM VÍTIMA,FINALIZADA,JIQUIÁ,RUA SAO MIGUEL,1832,"",EM FRENTE À DISTRIBUIDORA RENASCER,RUA SAO MIGUEL,1832,EM FRENTE À DISTRIBUIDORA RENASCER,JIQUIÁ,,"",COLISÃO,ENTRE AUTOS S/V,2,,,,,,,,,0,,"","","","","","","","","","","","",""
1154,2019-02-11T00:00:00,11:31:00,COM VÍTIMA,FINALIZADA,IMBIRIBEIRA,AV MARECHAL MASCARENHAS DE MORAES,4080,"","E/F A VENEZA MATERIAIS DE CONSTRUÇÃO, SENTIDO AEROPORTO.",AV MARECHAL MASCARENHAS DE MORAES,4080,"E/F A VENEZA MATERIAIS DE CONSTRUÇÃO, SENTIDO AEROPORTO.",IMBIRIBEIRA,310,SUBURBIO,ABALROAMENTO LONGITUDINAL,COM UMA VÍTIMA. VT 29 NO LOCAL.,1,1,,,,,,,,1,,Longo da via,Bom,Sem defeito,Perfeito estado,Seca,Perfeito estado,"",Não há placas,60 km/h,Única,Faixa,"",""
1155,2019-02-11T00:00:00,11:37:00,SEM VÍTIMA,DUPLICIDADE,AFOGADOS,RUA SAO MIGUEL,1845,"",EM FRENTE A EMPRESA RENASCER,RUA SAO MIGUEL,1845,EM FRENTE A EMPRESA RENASCER,AFOGADOS,,"",COLISÃO,SEM VITIMAS,1,,,,,,1,,,0,,"","","","","","","","","","","","",""
1156,2019-02-11T00:00:00,12:16:00,SEM VÍTIMA,FINALIZADA,BOA VISTA,RUA JOSE DE ALENCAR,133,RUA BARAO DE SAO BORJA,"",RUA JOSE DE ALENCAR,133,"",BOA VISTA,,"",ABALROAMENTO TRANSVERSAL,AUTO E MOTO S/V,1,1,,,,,,,,0,,Cruzamento,Bom,Não existe,Perfeito estado,Seca,Perfeito estado,Faixa de retenção,Placas Pare,"",Dupla,Faixa contínua,Faixa seccionada,""
1157,2019-02-11T00:00:00,12:25:00,SEM VÍTIMA,FINALIZADA,ENCRUZILHADA,RUA FERNANDO CESAR,"",RUA AMARO COUTINHO,EM FRENTE A PRAÇA DOM MIGUEL VALVERDE,RUA FERNANDO CESAR,"",EM FRENTE A PRAÇA DOM MIGUEL VALVERDE,ENCRUZILHADA,,CIDADE,ABALROAMENTO LONGITUDINAL,COLISAO ENTRE AUTO E CAMINHAO S/V,1,,,,,,1,,,0,,Cruzamento,Bom,Não existe,Perfeito estado,Seca,Perfeito estado,"",Placas Pare,30 km/h,Única,Faixa seccionada,"",""
1158,2019-02-11T00:00:00,12:31:00,COM VÍTIMA,FINALIZADA,AFOGADOS,RUA COSME VIANA,235,RUA TREZE DE AGOSTO,EM FRENTE A PINO CENTRO AUTOMOTIVO,RUA COSME VIANA,235,EM FRENTE A PINO CENTRO AUTOMOTIVO,AFOGADOS,,CIDADE,COLISÃO TRASEIRA,AUTO E MOTO C/V,1,1,,,,,,,,1,,Longo da via,Bom,Sem defeito,Perfeito estado,Seca,"",Faixa de pedestre,Não há placas,"",Única,Faixa contínua,"",""
1159,2019-02-11T00:00:00,13:21:00,SEM VÍTIMA,CANCELADA,GRAÇAS,RUA DR BANDEIRA FILHO,50,"",EM FRENTE A PRAÇA DO ENTRONCAMENTO,RUA DR BANDEIRA FILHO,50,EM FRENTE A PRAÇA DO ENTRONCAMENTO,GRAÇAS,,"",COLISÃO,DOIS AUTOS S/V,2,,,,,,,,,0,,"","","","","","","","","","","","",""
1160,2019-02-11T00:00:00,13:51:00,SEM VÍTIMA,CANCELADA,SAN MARTIN,AV ENGENHEIRO ABDIAS DE CARVALHO,"","",EM FRENTE A CHESF/ SENTIDO CIDADE,AV ENGENHEIRO ABDIAS DE CARVALHO,"",EM FRENTE A CHESF/ SENTIDO CIDADE,SAN MARTIN,,"",COLISÃO,COLISÃO SEM VÍTIMA,3,,,,,,,,,0,,"","","","","","","","","","","","",""
1161,2019-02-11T00:00:00,14:25:00,SEM VÍTIMA,CANCELADA,TORRE,AV BEIRA RIO,1305,"",AO LADO DO MARTELINHO DE OURO,AV BEIRA RIO,1305,AO LADO DO MARTELINHO DE OURO,TORRE,,"",COLISÃO,COLISAO ENTRE CAMINHAO E TAXI,1,,,,,,1,,,0,,"","","","","","","","","","","","",""
1162,2019-02-11T00:00:00,14:34:00,SEM VÍTIMA,CANCELADA,MADALENA,RUA REAL DA TORRE,637,"",AO LADO DO MERCADO DA MADALENA E PROXIMO A LOJA DO CONDOMINIO,RUA REAL DA TORRE,637,AO LADO DO MERCADO DA MADALENA E PROXIMO A LOJA DO CONDOMINIO,MADALENA,,"",COLISÃO,COLISÃO SEM VÍTIMA,2,,,,,,,,,0,,"","","","","","","","","","","","",""
1163,2019-02-11T00:00:00,14:41:00,SEM VÍTIMA,FINALIZADA,"",AV ANIBAL BENEVOLO,1770,"",EM FRENTE A DELEGACIA DO ALTO DO PASCOAL,AV ANIBAL BENEVOLO,1770,EM FRENTE A DELEGACIA DO ALTO DO PASCOAL,"",,SUBURBIO,COLISÃO TRASEIRA,AUTO E ONIBUS DA CAXANGA S/V,1,,,,,1,,,,0,,Longo da via,Bom,Não existe,Perfeito estado,Seca,Perfeito estado,Não existe,Não há placas,"",Dupla,Não existe,"",""