_id,DATA,hora,natureza_acidente,situacao,bairro,endereco,numero,detalhe_endereco_acidente,complemento,endereco_cruzamento,numero_cruzamento,referencia_cruzamento,bairro_cruzamento,num_semaforo,sentido_via,tipo,descricao,auto,moto,ciclom,ciclista,pedestre,onibus,caminhao,viatura,outros,vitimas,vitimasfatais,acidente_verificado,tempo_clima,situacao_semaforo,sinalizacao,condicao_via,conservacao_via,ponto_controle,situacao_placa,velocidade_max_via,mao_direcao,divisao_via1,divisao_via2,divisao_via3
1164,2019-02-11T00:00:00,14:56:00,SEM VÍTIMA,FINALIZADA,GRAÇAS,RUA DOZE DE OUTUBRO,87,RUA ABELARDO,EM FRENTE AO POSTE Nº BO008872,RUA DOZE DE OUTUBRO,87,EM FRENTE AO POSTE Nº BO008872,GRAÇAS,,SUBURBIO,ABALROAMENTO LONGITUDINAL,COLISÃO SEM VÍTIMA,1,1,,,,,,,,0,,Longo da via,Bom,Não existe,Não existente,Seca,Perfeito estado,Não existe,Não há placas,"",Única,Não existe,"",""
1165,2019-02-11T00:00:00,15:08:00,SEM VÍTIMA,FINALIZADA,BOA VIAGEM,AV FERNANDO SIMOES BARBOSA,"",RUA PADRE CARAPUCEIRO,"",AV FERNANDO SIMOES BARBOSA,"","",BOA VIAGEM,321,SUBURBIO,ABALROAMENTO LONGITUDINAL,COLISÃO SEM VÍTIMA,1,,,,,,1,,,0,,Cruzamento,Bom,Sem defeito,Perfeito estado,Seca,Perfeito estado,Faixa de pedestre,Não há placas,"",Única,Faixa contínua,"",""
1166,2019-02-11T00:00:00,15:13:00,COM VÍTIMA,FINALIZADA,SÃO JOSÉ,RUA IMPERIAL,677,"",PROX. A MINEIRO RODAS,RUA IMPERIAL,677,PROX. A MINEIRO RODAS,SÃO JOSÉ,,SUBURBIO,ABALROAMENTO TRANSVERSAL,AUTO E MOTO C/V,1,1,,,,,,,,2,,Cruzamento,Bom,Não existe,Incompleta,Seca,Perfeito estado,Não existe,R-6a,"",Única,Faixa seccionada,"",""
1167,2019-02-11T00:00:00,15:19:00,COM VÍTIMA,FINALIZADA,ENCRUZILHADA,RUA CASTRO ALVES,199,"","APÓS A PRAÇA DA PICANHA, edificio ilha de santo aleixo",RUA CASTRO ALVES,199,"APÓS A PRAÇA DA PICANHA, edificio ilha de santo aleixo",ENCRUZILHADA,,"",ATROPELAMENTO,"",1,,,,2,,,,,2,,Longo da via,Bom,"",Perfeito estado,Seca,Perfeito estado,Não existe,R-6a,"",Única,Faixa seccionada,"",""
1168,2019-02-11T00:00:00,15:20:00,SEM VÍTIMA,FINALIZADA,SAN MARTIN,AV ENGENHEIRO ABDIAS DE CARVALHO,"","",EM FRENTE A CHESF,AV ENGENHEIRO ABDIAS DE CARVALHO,"",EM FRENTE A CHESF,SAN MARTIN,,CIDADE,COLISÃO TRASEIRA,COLISÃO SEM VÍTIMA,3,,,,,,,,,0,,Longo da via,Bom,Não existe,Perfeito estado,Seca,Perfeito estado,Outros,R-6a,"",Dupla,Canteiro central,"",""
1169,2019-02-11T00:00:00,15:26:00,SEM VÍTIMA,FINALIZADA,BOA VIAGEM,AV ENGENHEIRO DOMINGOS FERREIRA,"","",AO LADO DO Nº 2664,AV ENGENHEIRO DOMINGOS FERREIRA,"",AO LADO DO Nº 2664,BOA VIAGEM,550,SUBURBIO,COLISÃO TRASEIRA,COLISÃO SEM VÍTIMA,1,1,,,,,,,,0,,Longo da via,Bom,Sem defeito,Perfeito estado,Seca,Perfeito estado,Faixa de pedestre,R-6a,60 km/h,Única,Faixa seccionada,Canteiro central,""
1170,2019-02-11T00:00:00,15:46:00,SEM VÍTIMA,CANCELADA,SANTO AMARO,AV GOVERNADOR AGAMENON MAGALHAES,"","",E/F AO MINISTERIO DO TRABALHO S/T BOA VIAGEM,AV GOVERNADOR AGAMENON MAGALHAES,"",E/F AO MINISTERIO DO TRABALHO S/T BOA VIAGEM,SANTO AMARO,,"",COLISÃO,COLISAO ENTRE DUAS MOTOS S/V,,2,,,,,,,,0,,"","","","","","","","","","","","",""
1171,2019-02-11T00:00:00,16:22:00,SEM VÍTIMA,FINALIZADA,SANTO ANTÔNIO,RUA DO SOL,"",RUA ULHOA CINTRA,EM FRENTE A PROCURADORIA GERAL DO ESTADO,RUA DO SOL,"",EM FRENTE A PROCURADORIA GERAL DO ESTADO,SANTO ANTÔNIO,,SUBURBIO,COLISÃO TRASEIRA,COLISÃO SEM VÍTIMA,2,,,,,,,,,0,,"",Bom,Sem defeito,Perfeito estado,Seca,Perfeito estado,Não existe,R-6a,"",Única,Faixa seccionada,"",""
1172,2019-02-11T00:00:00,16:24:00,SEM VÍTIMA,FINALIZADA,BOA VIAGEM,RUA SA E SOUZA,"",RUA BALTAZAR PASSOS,"",RUA SA E SOUZA,"","",BOA VIAGEM,,SUBURBIO,ABALROAMENTO TRANSVERSAL,COLISAO ENTRE AUTO E MOTO S/V,1,1,,,,,,,,0,,Cruzamento,Bom,Não existe,Perfeito estado,Seca,Perfeito estado,"",Placas Pare,"",Única,Faixa contínua,"",""
1173,2019-02-11T00:00:00,16:43:00,SEM VÍTIMA,FINALIZADA,IMBIRIBEIRA,AV MARECHAL MASCARENHAS DE MORAES,4792,"","",AV MARECHAL MASCARENHAS DE MORAES,4792,"",IMBIRIBEIRA,,SUBURBIO,ABALROAMENTO TRANSVERSAL,ONIBUS E AUTO,1,,,,,1,,,,0,,Longo da via,Bom,Sem defeito,Perfeito estado,Seca,Perfeito estado,Outros,Outras,60 km/h,Dupla,Canteiro central,"",""
1174,2019-02-11T00:00:00,17:18:00,SEM VÍTIMA,FINALIZADA,JOANA BEZERRA,PTE JOSE DE BARROS LIMA,"","",PRÓXIMO AO FÓRUM RODOLFO AURELIANO,PTE JOSE DE BARROS LIMA,"",PRÓXIMO AO FÓRUM RODOLFO AURELIANO,JOANA BEZERRA,,SUBURBIO,ABALROAMENTO LONGITUDINAL,COLISÃO SEM VÍTIMA,2,,,,,,,,,0,,Longo da via,Bom,Não existe,Perfeito estado,Seca,Perfeito estado,Não existe,Outras,60 km/h,Dupla,Canteiro central,"",""
1175,2019-02-11T00:00:00,17:46:00,COM VÍTIMA,FINALIZADA,JOANA BEZERRA,VDO PAPA JOAO PAULO II,"","",EM CIMA DO VIADUTO/ SENTIDO OLINDA,VDO PAPA JOAO PAULO II,"",EM CIMA DO VIADUTO/ SENTIDO OLINDA,JOANA BEZERRA,,SUBURBIO,COLISÃO TRASEIRA,COLISAO ENTRE MOTO E AUTO COM UMA VITIMA,1,1,,,,,,,,1,,Viaduto,Bom,Não existe,Perfeito estado,Seca,Perfeito estado,Não existe,Não há placas,60 km/h,Única,Faixa,"",""
1176,2019-02-11T00:00:00,18:28:00,SEM VÍTIMA,FINALIZADA,JORDÃO,AV MARIA IRENE,"","",SOB O TÚNEL FELIPE CAMARÃO,AV MARIA IRENE,"",SOB O TÚNEL FELIPE CAMARÃO,JORDÃO,,SUBURBIO,ABALROAMENTO LONGITUDINAL,COLISÃO SEM VÍTIMA,1,,,,,1,,,,0,,Longo da via,Bom,Não existe,Incompleta,Seca,Perfeito estado,Não existe,Não há placas,"",Dupla,Canteiro central,"",""
1177,2019-02-11T00:00:00,18:35:00,SEM VÍTIMA,FINALIZADA,MADALENA,RUA BENFICA,"",RUA MONSENHOR JULIO MARIA,"",RUA BENFICA,"","",MADALENA,257,CIDADE,ABALROAMENTO TRANSVERSAL,ENTRE AUTO E ÕNIBUS. S/V,1,,,,,1,,,,0,,Cruzamento,Bom,Sem defeito,Perfeito estado,Seca,Perfeito estado,Faixa de pedestre,Placas Pare,60 km/h,Dupla,Faixa contínua,Faixa seccionada,""
1178,2019-02-11T00:00:00,18:59:00,SEM VÍTIMA,FINALIZADA,MADALENA,RUA BENFICA,"","",PARADA DE ÔNIBUS Nº 180314,RUA BENFICA,"",PARADA DE ÔNIBUS Nº 180314,MADALENA,,CIDADE,ABALROAMENTO LONGITUDINAL,COLISÃO SEM VÍTIMA,1,,,,,,,,1,0,,Longo da via,Bom,Não existe,Incompleta,Seca,Perfeito estado,Não existe,Outras,40 km/h,Dupla,Canteiro central,"",""
1179,2019-02-11T00:00:00,19:04:00,SEM VÍTIMA,CANCELADA,BOA VIAGEM,AV ENGENHEIRO DOMINGOS FERREIRA,"",RUA ARTUR MUNIZ,"E/F AO EXTRA, FAIXA DA ESQUERDA",AV ENGENHEIRO DOMINGOS FERREIRA,"","E/F AO EXTRA, FAIXA DA ESQUERDA",BOA VIAGEM,,"",COLISÃO,ENTRE 2 AUTOS. S/V,2,,,,,,,,,0,,"","","","","","","","","","","","",""
1180,2019-02-11T00:00:00,19:32:00,SEM VÍTIMA,FINALIZADA,DOIS IRMÃOS,RUA MANUEL DE MEDEIROS,"","",EM FRENTE AO COLEGIO LIONS DE PARNAMIRIM,RUA MANUEL DE MEDEIROS,"",EM FRENTE AO COLEGIO LIONS DE PARNAMIRIM,DOIS IRMÃOS,,SUBURBIO,ABALROAMENTO TRANSVERSAL,COLISÃO SEM VÍTIMA,1,1,,,,,,,,0,,Longo da via,Bom,Não existe,Perfeito estado,Seca,Perfeito estado,Não existe,Outras,"",Dupla,Não existe,"",""
1181,2019-02-11T00:00:00,19:45:00,SEM VÍTIMA,FINALIZADA,TAMARINEIRA,RUA PADRE ROMA,"",RUA DO FUTURO,SEMÁFORO 223 / PRÓX AO HOSPITAL CORREIA,RUA PADRE ROMA,"",SEMÁFORO 223 / PRÓX AO HOSPITAL CORREIA,TAMARINEIRA,223,SUBURBIO,COLISÃO TRASEIRA,ENTRE 2 AUTOS. S/V,2,,,,,,,,,0,,Longo da via,Bom,Sem defeito,Perfeito estado,Seca,Perfeito estado,Faixa de pedestre,Outras,40 km/h,Dupla,Faixa seccionada,Canteiro central,""
1182,2019-02-11T00:00:00,20:28:00,SEM VÍTIMA,CANCELADA,BOA VISTA,AV GOVERNADOR AGAMENON MAGALHAES,"","",PROX. A CAIXA ECONOMICA/ SENTIDO OLINDA,AV GOVERNADOR AGAMENON MAGALHAES,"",PROX. A CAIXA ECONOMICA/ SENTIDO OLINDA,BOA VISTA,,"",COLISÃO,COLISÃO SEM VÍTIMA,2,,,,,,,,,0,,"","","","","","","","","","","","",""
1183,2019-02-11T00:00:00,22:13:00,SEM VÍTIMA,FINALIZADA,JARDIM SÃO PAULO,AV LIBERDADE,589,"",PRÓXIMO AO MERCADO SUPRI MAIS,AV LIBERDADE,589,PRÓXIMO AO MERCADO SUPRI MAIS,JARDIM SÃO PAULO,,CIDADE,ABALROAMENTO LONGITUDINAL,ENTRE 2 AUTOS. S/V,2,,,,,,,,,0,,Longo da via,Bom,Não existe,Perfeito estado,Seca,Perfeito estado,Não existe,R-6a,30 km/h,Dupla,Faixa contínua,"",""
1184,2019-02-11T00:00:00,22:39:00,SEM VÍTIMA,FINALIZADA,BOA VIAGEM,RUA JOSE MARIA DE MIRANDA,"",RUA FRANCISCO DA CUNHA,ESQUINA COM O HOSPITAL DE BOA VIAGEM,RUA JOSE MARIA DE MIRANDA,"",ESQUINA COM O HOSPITAL DE BOA VIAGEM,BOA VIAGEM,,CIDADE,ABALROAMENTO TRANSVERSAL,ENTRE 2 AUTOS. S/V,2,,,,,,,,,0,,Longo da via,Bom,Não existe,Perfeito estado,Seca,Perfeito estado,Não existe,Outras,"",Única,Não existe,"",""
1185,2019-02-11T00:00:00,23:16:00,SEM VÍTIMA,FINALIZADA,DERBY,PRC DO DERBY,"","",ESTAÇÃO DERBY (BRT),PRC DO DERBY,"",ESTAÇÃO DERBY (BRT),DERBY,,CIDADE,COLISÃO TRASEIRA,ENTRE AUTO E ÔNIBUS. S/V,1,,,,,1,,,,0,,Longo da via,Bom,Sem defeito,Perfeito estado,Seca,Perfeito estado,Não existe,Não há placas,"",Dupla,"","",""
1186,2019-02-12T00:00:00,06:21:00,SEM VÍTIMA,FINALIZADA,GRAÇAS,RUA DAS PERNAMBUCANAS,244,RUA CARDEAL ARCOVERDE,EM FRENTE A CLÍNICA DIAGNÓSTICA POR IMAGEM,RUA DAS PERNAMBUCANAS,244,EM FRENTE A CLÍNICA DIAGNÓSTICA POR IMAGEM,GRAÇAS,600,SUBURBIO,ABALROAMENTO TRANSVERSAL,COLISÃO SEM VITIMAS,1,,,,,,1,,,0,,Cruzamento,Bom,Sem defeito,Perfeito estado,Seca,Perfeito estado,Faixa de pedestre,Outras,"",Única,Faixa contínua,"",""
1187,2019-02-12T00:00:00,06:46:00,SEM VÍTIMA,FINALIZADA,IPUTINGA,AV CAXANGA,1921,"",CASA DAS TINTAS,AV CAXANGA,1921,CASA DAS TINTAS,IPUTINGA,,CIDADE,COLISÃO TRASEIRA,ENTE TRES AUTOS,3,,,,,,,,,0,,Longo da via,Bom,Não existe,Perfeito estado,Seca,Perfeito estado,Não existe,R-6a,"",Dupla,Faixa seccionada,"",""
1188,2019-02-12T00:00:00,07:03:00,SEM VÍTIMA,FINALIZADA,CURADO,RUA DR GEORGE WILLIAM BUTLER,863,"",EM FRENTE A GARAGEM DA BORBOREMA,RUA DR GEORGE WILLIAM BUTLER,863,EM FRENTE A GARAGEM DA BORBOREMA,CURADO,,"",COLISÃO,SEM VITIMAS,,1,,,,1,,,,0,,"","","","","","","","","","","","",""
1189,2019-02-12T00:00:00,07:22:00,COM VÍTIMA,FINALIZADA,ILHA DO LEITE,AV GOVERNADOR AGAMENON MAGALHAES,4318,"",EM FRENTE AO EMPRESARIAL RENATO DIAS,AV GOVERNADOR AGAMENON MAGALHAES,4318,EM FRENTE AO EMPRESARIAL RENATO DIAS,ILHA DO LEITE,,SUBURBIO,ABALROAMENTO TRANSVERSAL,COLISÃO ENTRE DUAS MOTOCICLETAS.,,2,,,,,,,,1,,Longo da via,Bom,Sem defeito,Perfeito estado,Seca,Perfeito estado,Agente,Não há placas,60 km/h,Dupla,Canal,Faixa,""
1190,2019-02-12T00:00:00,07:40:00,SEM VÍTIMA,FINALIZADA,CASA FORTE,AV DEZESSETE DE AGOSTO,"",RUA AGRESTINA,EM FRENTE A O BANCO ITAU PERSONALITE,AV DEZESSETE DE AGOSTO,"",EM FRENTE A O BANCO ITAU PERSONALITE,CASA FORTE,,CIDADE,ABALROAMENTO TRANSVERSAL,SEM VITIMAS,1,,,,,1,,,,0,,"",Bom,Não existe,Perfeito estado,Seca,Perfeito estado,Faixa de pedestre,Placas Pare,"",Dupla,Faixa seccionada,"",""
1191,2019-02-12T00:00:00,07:51:00,SEM VÍTIMA,FINALIZADA,CASA AMARELA,RUA DA HARMONIA,"",EST DO ENCANAMENTO,"",RUA DA HARMONIA,"","",CASA AMARELA,435,CIDADE,COLISÃO TRASEIRA,COLISÃO SEM VITIMAS,2,,,,,,,,,0,,Longo da via,Bom,Sem defeito,Perfeito estado,Seca,Perfeito estado,Faixa de pedestre,Outras,"",Dupla,Faixa contínua,"",""
1192,2019-02-12T00:00:00,07:53:00,SEM VÍTIMA,DUPLICIDADE,GRAÇAS,RUA CARDEAL ARCOVERDE,"",RUA DAS PERNAMBUCANAS,CRUZAMENTO,RUA CARDEAL ARCOVERDE,"",CRUZAMENTO,GRAÇAS,,"",COLISÃO,SEM VITIMAS,,,,,,,,,,0,,"","","","","","","","","","","","",""
1193,2019-02-12T00:00:00,09:04:00,SEM VÍTIMA,FINALIZADA,CORDEIRO,AV CAXANGA,1378,"",LADO OPOSTO AO MERCADO STTILO,AV CAXANGA,1378,LADO OPOSTO AO MERCADO STTILO,CORDEIRO,,SUBURBIO,COLISÃO TRASEIRA,COLISÃO SEM VITIMAS,1,,,,,1,,,,0,,Longo da via,Bom,Não existe,Perfeito estado,Seca,Perfeito estado,Não existe,Não há placas,60 km/h,Dupla,Canteiro central,"",""
1194,2019-02-12T00:00:00,09:10:00,SEM VÍTIMA,FINALIZADA,BOA VISTA,AV JOAO DE BARROS,589,"","",AV JOAO DE BARROS,589,"",BOA VISTA,,CIDADE,ABALROAMENTO LONGITUDINAL,COLISÃO SEM VITIMAS,2,,,,,,,,,0,,Longo da via,Bom,Não existe,Perfeito estado,Seca,Perfeito estado,Faixa de pedestre,Outras,"",Única,Faixa seccionada,"",""
1195,2019-02-12T00:00:00,09:24:00,SEM VÍTIMA,FINALIZADA,MADALENA,RUA BENFICA,"","","",RUA BENFICA,"","",MADALENA,629,CIDADE,ABALROAMENTO LONGITUDINAL,SEM VITIMAS,3,,,,,,,,,0,,Longo da via,Bom,Sem defeito,Perfeito estado,Seca,Perfeito estado,Não existe,R-6a,"",Única,Faixa contínua,"",""
1196,2019-02-12T00:00:00,09:41:00,COM VÍTIMA,FINALIZADA,BONGI,AV MANOEL GONCALVES DA LUZ,344,"",PROX AO SESI EM FRENTE AO SUPERMERCADO CESTÃO CHEIO,AV MANOEL GONCALVES DA LUZ,344,PROX AO SESI EM FRENTE AO SUPERMERCADO CESTÃO CHEIO,BONGI,,"",ATROPELAMENTO,ATROPELAMENTO ENTRE ÔNIBUS E PEDESTRE.,,,,,1,1,,,,1,,Longo da via,Bom,Não existe,Perfeito estado,Seca,Perfeito estado,Não existe,R-6a,"",Dupla,Faixa seccionada,"",""
1197,2019-02-12T00:00:00,09:57:00,SEM VÍTIMA,PENDENTE,IPSEP,AV PROFESSOR JOSE DOS ANJOS,518,"",EM FRENTE AO MERCADINHO CONVENÇAO,AV PROFESSOR JOSE DOS ANJOS,518,EM FRENTE AO MERCADINHO CONVENÇAO,IPSEP,,"",COLISÃO,ENTRE AUTO E MOTO S/V,1,1,,,,,,,,0,,"","","","","","","","","","","","",""
1198,2019-02-12T00:00:00,10:00:00,SEM VÍTIMA,FINALIZADA,ENCRUZILHADA,AV JOAO DE BARROS,1861,AV NORTE,EM FRENTE AO BANCO SANTANDER,AV JOAO DE BARROS,1861,EM FRENTE AO BANCO SANTANDER,ENCRUZILHADA,43,SUBURBIO,ABALROAMENTO LONGITUDINAL,COLISÃO SEM VITIMAS ,2,,,,,,,,,0,,Cruzamento,Bom,Sem defeito,Perfeito estado,Seca,Perfeito estado,Agente,Outras,40 km/h,Única,Faixa seccionada,"",""
1199,2019-02-12T00:00:00,10:17:00,COM VÍTIMA,FINALIZADA,AFOGADOS,RUA COSME VIANA,"","",EM FRENTE AO BC AUTO SERVICE,RUA COSME VIANA,"",EM FRENTE AO BC AUTO SERVICE,AFOGADOS,100,SUBURBIO,COLISÃO COM CICLISTA,COLISÃO ENTRE AUTO E BICICLETA.,1,,,1,,,,,,1,,Longo da via,Bom,Sem defeito,Perfeito estado,Seca,Perfeito estado,Faixa de pedestre,R-6a,"",Única,Faixa seccionada,"",""
1200,2019-02-12T00:00:00,11:35:00,SEM VÍTIMA,CANCELADA,ARRUDA,AV PROFESSOR JOSE DOS ANJOS,518,"",NA RUA DO CANAL EM FRENTE AO MERCADINHO CONVENÇÃO,AV PROFESSOR JOSE DOS ANJOS,518,NA RUA DO CANAL EM FRENTE AO MERCADINHO CONVENÇÃO,ARRUDA,,"",COLISÃO,COLISÃO SEM VITIMAS,1,1,,,,,,,,0,,"","","","","","","","","","","","",""
1201,2019-02-12T00:00:00,11:44:00,SEM VÍTIMA,CANCELADA,AFOGADOS,RUA SAO MIGUEL,1136,RUA CARLOS PENA FILHO,EM FRENTE AO POSTO DESATIVADO FEDERAL,RUA SAO MIGUEL,1136,EM FRENTE AO POSTO DESATIVADO FEDERAL,AFOGADOS,,"",COLISÃO,SEM VITIMAS,1,1,,,,,,,,0,,"","","","","","","","","","","","",""
1202,2019-02-12T00:00:00,11:53:00,SEM VÍTIMA,FINALIZADA,TORRE,RUA CONDE DE IRAJA,214,"",EM FRENTE AO EDIFICIO SÃO JOÃO,RUA CONDE DE IRAJA,214,EM FRENTE AO EDIFICIO SÃO JOÃO,TORRE,,SUBURBIO,COLISÃO TRASEIRA,COLISÃO SEM VITIMAS,2,,,,,,,,,0,,Longo da via,Bom,Não existe,Não existente,Seca,Perfeito estado,Não existe,Não há placas,40 km/h,Única,Faixa seccionada,"",""
1203,2019-02-12T00:00:00,12:25:00,SEM VÍTIMA,CANCELADA,MADALENA,RUA PADRE ANCHIETA,"","",NA ESQUINA DO PÃO DE AÇÚCAR,RUA PADRE ANCHIETA,"",NA ESQUINA DO PÃO DE AÇÚCAR,MADALENA,,"",COLISÃO,COLISÃO SEM VITIMA,2,,,,,,,,,0,,"","","","","","","","","","","","",""
1204,2019-02-12T00:00:00,12:39:00,COM VÍTIMA,FINALIZADA,CASA AMARELA,RUA PADRE LEMOS,552,RUA CONS RIBAS,EM FRENTE AO KINITOS E FERREIRA PINTO.,RUA PADRE LEMOS,552,EM FRENTE AO KINITOS E FERREIRA PINTO.,CASA AMARELA,369,SUBURBIO,COLISÃO TRASEIRA,COLISÃO ENTRE AUTO E MOTO.,1,1,,,,,,,,1,,Esquina,Bom,Sem defeito,Perfeito estado,Seca,Perfeito estado,Não existe,Outras,"",Dupla,Faixa seccionada,"",""
1205,2019-02-12T00:00:00,12:42:00,COM VÍTIMA,FINALIZADA,GRAÇAS,RUA DAS CREOULAS,322,RUA JOAQUIM NABUCO,EM FRENTE A DROGARIA 4 CANTOS,RUA DAS CREOULAS,322,EM FRENTE A DROGARIA 4 CANTOS,GRAÇAS,71,"",ABALROAMENTO LONGITUDINAL,COLISÃO ENTRE AUTO E MOTO.,1,1,,,,,,,,1,,Cruzamento,Bom,Sem defeito,Perfeito estado,Seca,Perfeito estado,Faixa de pedestre,Outras,"",Única,Faixa contínua,"",""
1206,2019-02-12T00:00:00,12:47:00,SEM VÍTIMA,FINALIZADA,IPSEP,RUA PINTOR ANTONIO ALBUQUERQUE,"",RUA PROFESSOR JOSE VICENTE,AO LADO DO Nº 517,RUA PINTOR ANTONIO ALBUQUERQUE,"",AO LADO DO Nº 517,IPSEP,,"",ABALROAMENTO LONGITUDINAL,COLISÃO ENVOLVENDO AUTO E MOTOCICLETA SEM VÍTIMA,1,1,,,,,,,,0,,Cruzamento,Bom,Não existe,Ilegível,Seca,Mal conservada,Não existe,Outras,40 km/h,Única,Não existe,"",""
1207,2019-02-12T00:00:00,13:12:00,COM VÍTIMA,FINALIZADA,ARRUDA,AV BEBERIBE,68,"","PROX. AO LOJÃO DO PETROLEO, SENT. ARRUDA",AV BEBERIBE,68,"PROX. AO LOJÃO DO PETROLEO, SENT. ARRUDA",ARRUDA,,SUBURBIO,ABALROAMENTO TRANSVERSAL,COLISÃO ENTRE AUTO E MOTO.,1,1,,,,,,,,1,,Longo da via,Bom,Não existe,Perfeito estado,Seca,Perfeito estado,Não existe,Não há placas,60 km/h,Dupla,Faixa contínua,"",""
1208,2019-02-12T00:00:00,14:22:00,SEM VÍTIMA,FINALIZADA,BOA VIAGEM,RUA SETUBAL,"",RUA BARAO DE SOUZA LEAO,"",RUA SETUBAL,"","",BOA VIAGEM,419,CIDADE,ABALROAMENTO LONGITUDINAL,COLISÃO SEM VITIMA,,,,,,1,1,,,0,,Longo da via,Bom,Sem defeito,Perfeito estado,Seca,Perfeito estado,"",Outras,"",Única,Faixa seccionada,"",""
1209,2019-02-12T00:00:00,14:24:00,SEM VÍTIMA,FINALIZADA,BOA VIAGEM,RUA ERNESTO DE PAULA SANTOS,1301,RUA CORONEL ANIZIO RODRIGUES COELHO,APOS A UNINASSAU E/F A PALARIA DELICATESSEN,RUA ERNESTO DE PAULA SANTOS,1301,APOS A UNINASSAU E/F A PALARIA DELICATESSEN,BOA VIAGEM,,"",COLISÃO,"",1,1,,,,,,,,0,,"","","","","","","","","","","","",""
1210,2019-02-12T00:00:00,15:11:00,SEM VÍTIMA,FINALIZADA,AFOGADOS,AV SUL,"","",EM FRENTE A ESTAÇÃO LARGO DA PAZ,AV SUL,"",EM FRENTE A ESTAÇÃO LARGO DA PAZ,AFOGADOS,,CIDADE,COLISÃO TRASEIRA,DOIS AUTOS,2,,,,,,,,,0,,Longo da via,Bom,Não existe,Não existente,Seca,Perfeito estado,Não existe,Não há placas,"",Única,Faixa seccionada,"",""
1211,2019-02-12T00:00:00,15:37:00,SEM VÍTIMA,FINALIZADA,MADALENA,RUA JOSE OSORIO,364,"",EM FRENTE AO RM,RUA JOSE OSORIO,364,EM FRENTE AO RM,MADALENA,,SUBURBIO,CHOQUE OBJETO FIXO,CAMINHÃO CHOCOU COM OBJETO FIXO (POSTE),,,,,,,1,,,0,,Longo da via,Bom,Não existe,Perfeito estado,Seca,Perfeito estado,Não existe,R-6a,"",Única,Faixa seccionada,"",""
1212,2019-02-12T00:00:00,16:32:00,SEM VÍTIMA,CANCELADA,JOANA BEZERRA,AV BEIRA RIO,"","",PROX AO FORUM NA ENTRADA DA JOANA BEZERRA E/F AO CAMPO S/T IMIP,AV BEIRA RIO,"",PROX AO FORUM NA ENTRADA DA JOANA BEZERRA E/F AO CAMPO S/T IMIP,JOANA BEZERRA,,"",COLISÃO,COLISAO ENTRE DOIS AUTOS S/V,2,,,,,,,,,0,,"","","","","","","","","","","","",""
1213,2019-02-12T00:00:00,16:44:00,SEM VÍTIMA,FINALIZADA,PINA,RUA CARNEIRO PESSOA,56,"","",RUA CARNEIRO PESSOA,56,"",PINA,,"",ABALROAMENTO LONGITUDINAL,COLISÃO SEM VÍTIMA,1,,,,,,,1,,0,,Longo da via,Bom,Não existe,Perfeito estado,Seca,Perfeito estado,"","",40 km/h,Dupla,"","",""
1214,2019-02-12T00:00:00,17:07:00,SEM VÍTIMA,FINALIZADA,IPSEP,RUA JAMAICA,"",RUA ITAJAI,EM FRENTE A EMPRESA SECURITY HOME,RUA JAMAICA,"",EM FRENTE A EMPRESA SECURITY HOME,IPSEP,,CIDADE,ABALROAMENTO TRANSVERSAL,COLISÃO SEM VITIMAS,2,,,,,,,,,0,,Cruzamento,Bom,Não existe,Perfeito estado,Seca,Perfeito estado,Faixa de pedestre,R-6a,"",Única,Faixa seccionada,"",""
1215,2019-02-12T00:00:00,17:13:00,SEM VÍTIMA,FINALIZADA,DERBY,RUA SPORT CLUBE DO RECIFE,98,"","",RUA SPORT CLUBE DO RECIFE,98,"",DERBY,,SUBURBIO,ABALROAMENTO LONGITUDINAL,COLISAO ENTRE AUTO E ONIBUS S/V,1,,,,,1,,,,0,,Longo da via,Bom,Não existe,Perfeito estado,Seca,Perfeito estado,Não existe,R-6a,"",Dupla,Faixa seccionada,"",""
1216,2019-02-12T00:00:00,17:17:00,SEM VÍTIMA,FINALIZADA,TEJIPIÓ,AV DR JOSE RUFINO,3843,"",EM FRENTE A ESTAÇÃO TEJIPIÓ,AV DR JOSE RUFINO,3843,EM FRENTE A ESTAÇÃO TEJIPIÓ,TEJIPIÓ,,CIDADE,COLISÃO TRASEIRA,DOIS AUTOS,1,1,,,,,,,,0,,Longo da via,Bom,Não existe,Perfeito estado,Seca,Perfeito estado,"",Outras,"",Dupla,Faixa contínua,"",""
1217,2019-02-12T00:00:00,17:45:00,SEM VÍTIMA,FINALIZADA,BOA VIAGEM,RUA ERNESTO DE PAULA SANTOS,"",RUA VISCONDE DE JEQUITINHONHA,"",RUA ERNESTO DE PAULA SANTOS,"","",BOA VIAGEM,304,SUBURBIO,COLISÃO TRASEIRA,4 VEÍCULOS ENVOLVIDOS,4,,,,,,,,,0,,Cruzamento,Bom,Sem defeito,Incompleta,Seca,Perfeito estado,Não existe,Não há placas,"",Única,Não existe,"",""
1218,2019-02-12T00:00:00,17:55:00,SEM VÍTIMA,FINALIZADA,SANTO AMARO,AV CRUZ CABUGA,"",RUA DR JOAO VIEIRA DE MENEZES,"",AV CRUZ CABUGA,"","",SANTO AMARO,,CIDADE,ABALROAMENTO TRANSVERSAL,COLISÃO SEM VITIMAS,1,,,,,1,,,,0,,Cruzamento,Bom,Não existe,Ilegível,Seca,Perfeito estado,Não existe,"","",Dupla,Faixa contínua,"",""