_id,DATA,hora,natureza_acidente,situacao,bairro,endereco,numero,detalhe_endereco_acidente,complemento,endereco_cruzamento,numero_cruzamento,referencia_cruzamento,bairro_cruzamento,num_semaforo,sentido_via,tipo,descricao,auto,moto,ciclom,ciclista,pedestre,onibus,caminhao,viatura,outros,vitimas,vitimasfatais,acidente_verificado,tempo_clima,situacao_semaforo,sinalizacao,condicao_via,conservacao_via,ponto_controle,situacao_placa,velocidade_max_via,mao_direcao,divisao_via1,divisao_via2,divisao_via3
1329,2019-02-15T00:00:00,16:37:00,SEM VÍTIMA,FINALIZADA,IBURA,AV CHAPADA DO ARARIPE,"","",EM FRENTE À IGREJA BATISTA,AV CHAPADA DO ARARIPE,"",EM FRENTE À IGREJA BATISTA,IBURA,,"",COLISÃO,ÔNIBUS X AUTO S/V,1,,,,,1,,,,0,,"","","","","","","","","","","","",""
1330,2019-02-15T00:00:00,17:06:00,SEM VÍTIMA,FINALIZADA,DERBY,AV GOVERNADOR AGAMENON MAGALHAES,"","",EM FRENTE AO CERPE/ SENTIDO BOA VIAGEM,AV GOVERNADOR AGAMENON MAGALHAES,"",EM FRENTE AO CERPE/ SENTIDO BOA VIAGEM,DERBY,,"",COLISÃO,COLISÃO SEM VÍTIMA,1,2,,,,,,,,0,,"","","","","","","","","","","","",""
1331,2019-02-15T00:00:00,17:09:00,SEM VÍTIMA,FINALIZADA,ILHA DO LEITE,AV GOVERNADOR AGAMENON MAGALHAES,550,"",AO LADO DO Nº 550,AV GOVERNADOR AGAMENON MAGALHAES,550,AO LADO DO Nº 550,ILHA DO LEITE,68,"",COLISÃO TRASEIRA,COLISAO ENTRE DA PRF E AUTO PASSEIO,1,,,,,,,1,,0,,"",Bom,Sem defeito,Perfeito estado,Seca,Perfeito estado,Faixa de pedestre,"",60 km/h,Única,Faixa contínua,Canteiro central,Canal
1332,2019-02-15T00:00:00,17:31:00,SEM VÍTIMA,CANCELADA,IPSEP,AV RECIFE,2967,"",EM FRENTE AO POSTO FEDERAL / SENTIDO CAXANGA,AV RECIFE,2967,EM FRENTE AO POSTO FEDERAL / SENTIDO CAXANGA,IPSEP,,"",COLISÃO,COLISÃO SEM VÍTIMA,2,,,,,,,,,0,,"","","","","","","","","","","","",""
1333,2019-02-15T00:00:00,17:46:00,COM VÍTIMA,FINALIZADA,SANTO ANTÔNIO,RUA DO LIVRAMENTO,20,AV N S DO CARMO,PRÓX À MARCOS CALÇADOS. LADO OPOSTO AO NÚMERO 20.,RUA DO LIVRAMENTO,20,PRÓX À MARCOS CALÇADOS. LADO OPOSTO AO NÚMERO 20.,SANTO ANTÔNIO,,CIDADE,ATROPELAMENTO,ATROPELAMENTO ENVOLVENDO ÔNIBUS E PEDESTRE.,,,,,1,1,,,,1,,Longo da via,Chuvoso,Sem defeito,Perfeito estado,Seca,Perfeito estado,"",Outras,"",Dupla,Faixa contínua,"",""
1334,2019-02-15T00:00:00,17:55:00,SEM VÍTIMA,FINALIZADA,SANTO AMARO,AV NORTE,"","",EM FRENTE AO SEMÁFORO Nº 397,AV NORTE,"",EM FRENTE AO SEMÁFORO Nº 397,SANTO AMARO,397,CIDADE,COLISÃO TRASEIRA,ENTRE DOIS AUTOS S/V,2,,,,,,,,,0,,Longo da via,Bom,Sem defeito,Perfeito estado,Molhada,Perfeito estado,Faixa de pedestre,R-6a,"",Dupla,Faixa contínua,Faixa seccionada,Canteiro central
1335,2019-02-15T00:00:00,17:49:00,COM VÍTIMA,FINALIZADA,SÃO JOSÉ,C SANTA RITA,"","",NO SEMÁFORO 076 E ARMAZEM AGEMAR,C SANTA RITA,"",NO SEMÁFORO 076 E ARMAZEM AGEMAR,SÃO JOSÉ,76,SUBURBIO,CAPOTAMENTO,MOTOCICLISTA SE ACIDENTOU SOZINHO.,,1,,,,,,,,1,,Longo da via,Chuvoso,Sem defeito,Perfeito estado,Molhada,Perfeito estado,"",Não há placas,"",Dupla,Canteiro central,"",""
1336,2019-02-15T00:00:00,18:12:00,SEM VÍTIMA,DUPLICIDADE,SANTO AMARO,AV NORTE,"","","PRÓX AO CEMITÉRIO DOS INGLESES / E/F A SECRETARIA DE DESENVOLVIMENTO SOCIA, CRIANÇA E JUVENTUDE, SNT CIDADE",AV NORTE,"","PRÓX AO CEMITÉRIO DOS INGLESES / E/F A SECRETARIA DE DESENVOLVIMENTO SOCIA, CRIANÇA E JUVENTUDE, SNT CIDADE",SANTO AMARO,,"",COLISÃO,ENTRE 2 AUTOS. S/V,2,,,,,,,,,0,,"","","","","","","","","","","","",""
1337,2019-02-15T00:00:00,18:17:00,SEM VÍTIMA,FINALIZADA,DERBY,PRC DO DERBY,"",RUA JENER DE SOUZA,MOVIMENTOS DOS HERÓIS ( SOLDADOS),PRC DO DERBY,"",MOVIMENTOS DOS HERÓIS ( SOLDADOS),DERBY,40,SUBURBIO,ABALROAMENTO LONGITUDINAL,ENTRE ÕNIBUS E AUTO. S/V,1,,,,,1,,,,0,,Longo da via,Bom,Sem defeito,Perfeito estado,Seca,Perfeito estado,Não existe,Não há placas,"",Única,Não existe,"",""
1338,2019-02-15T00:00:00,18:46:00,SEM VÍTIMA,CANCELADA,SANTO AMARO,AV CRUZ CABUGA,1597,"","E/F AO HOSPITAL DO CÂNCER E SANTA CASA, SNT OLINDA",AV CRUZ CABUGA,1597,"E/F AO HOSPITAL DO CÂNCER E SANTA CASA, SNT OLINDA",SANTO AMARO,,"",CHOQUE OBJETO FIXO,ENTRE AUTO E PRISMA DE CONCRETO. VEÍCULO ATRAVESSADO NO MEIO DA VIA.,1,,,,,,,,,0,,"","","","","","","","","","","","",""
1339,2019-02-15T00:00:00,19:30:00,SEM VÍTIMA,FINALIZADA,BOA VIAGEM,RUA VISCONDE DE JEQUITINHONHA,1418,"",DEFRONTE AO Nº 1418,RUA VISCONDE DE JEQUITINHONHA,1418,DEFRONTE AO Nº 1418,BOA VIAGEM,,SUBURBIO,ABALROAMENTO LONGITUDINAL,ONIBUS BORBOREMA X JEEP,1,,,,,1,,,,0,,Longo da via,Bom,Não existe,Perfeito estado,Seca,Perfeito estado,Não existe,Não há placas,"",Única,Faixa contínua,Faixa seccionada,Canteiro central
1340,2019-02-15T00:00:00,19:32:00,COM VÍTIMA,FINALIZADA,DERBY,AV GOVERNADOR AGAMENON MAGALHAES,"",AV GOVERNADOR CARLOS DE LIMA CAVALCANTI,SEMÁFORO 075 / E/F A PRC DO DERBY / SNT BV,AV GOVERNADOR AGAMENON MAGALHAES,"",SEMÁFORO 075 / E/F A PRC DO DERBY / SNT BV,DERBY,75,SUBURBIO,ABALROAMENTO TRANSVERSAL,COLISÃO ENTRE DUAS MOTOS.,,2,,,,,,,,1,,Cruzamento,Bom,Sem defeito,Perfeito estado,Seca,Perfeito estado,Faixa de pedestre,Outras,60 km/h,Dupla,Canteiro central,"",""
1341,2019-02-15T00:00:00,19:55:00,COM VÍTIMA,FINALIZADA,JORDÃO,RUA EMILIO MONTEIRO FONSECA,1454,RUA VIRGINOPOLIS,PRÓX A IGREJA BATISTA CENTRAL DO JORDÃO / E/F AO DEPOSITO DE BEBIDAS,RUA EMILIO MONTEIRO FONSECA,1454,PRÓX A IGREJA BATISTA CENTRAL DO JORDÃO / E/F AO DEPOSITO DE BEBIDAS,JORDÃO,,SUBURBIO,ABALROAMENTO TRANSVERSAL,COLISÃO ENVOLVENDO AUTO E MOTO.,1,1,,,,,,,,1,,Esquina,Bom,Não existe,Perfeito estado,Seca,Perfeito estado,Não existe,Não há placas,"",Dupla,Não existe,"",""
1342,2019-02-15T00:00:00,20:16:00,COM VÍTIMA,FINALIZADA,PINA,AV CONSUL JOSEPH NOUJAIM,"","",E/F AO SHOPPING RIO MAR / POR BAIXO DO VIADUTO. ALÇA INFERIOR DO VIADUTO.,AV CONSUL JOSEPH NOUJAIM,"",E/F AO SHOPPING RIO MAR / POR BAIXO DO VIADUTO. ALÇA INFERIOR DO VIADUTO.,PINA,,SUBURBIO,ABALROAMENTO LONGITUDINAL,ENTRE ÕNIBUS E MOTO. C/V,,1,,,,1,,,,1,,Viaduto,Bom,Não existe,Perfeito estado,Seca,Perfeito estado,Não existe,Outras,30 km/h,Única,Faixa contínua,"",""
1343,2019-02-15T00:00:00,20:31:00,COM VÍTIMA,CANCELADA,BOA VIAGEM,AV ANTONIO TORRES GALVAO,393,"",PROX A CONSECIONARIA AUDI BREME // APOIS O RESIDENCIAL BOA VIAGEM,AV ANTONIO TORRES GALVAO,393,PROX A CONSECIONARIA AUDI BREME // APOIS O RESIDENCIAL BOA VIAGEM,BOA VIAGEM,,"",COLISÃO,DUAS MOTOS,,2,,,,,,,,3,,"","","","","","","","","","","","",""
1344,2019-02-15T00:00:00,20:46:00,SEM VÍTIMA,FINALIZADA,CAJUEIRO,RUA VIRGILIO DE MELO FRANCO,349,"","",RUA VIRGILIO DE MELO FRANCO,349,"",CAJUEIRO,,SUBURBIO,ABALROAMENTO TRANSVERSAL,CELTA X FIESTA,2,,,,,,,,,0,,Longo da via,Bom,Não existe,Não existente,Seca,Perfeito estado,Não existe,Não há placas,"",Dupla,Não existe,"",""
1345,2019-02-15T00:00:00,21:14:00,COM VÍTIMA,FINALIZADA,BAIRRO DO RECIFE,AV ALFREDO LISBOA,"","",E/F AO ARMAZÉM PORTO / APÓS A PONTE GIRATORIA / PRÓX AO CAIS DE SANTA RITA,AV ALFREDO LISBOA,"",E/F AO ARMAZÉM PORTO / APÓS A PONTE GIRATORIA / PRÓX AO CAIS DE SANTA RITA,BAIRRO DO RECIFE,,SUBURBIO,ABALROAMENTO LONGITUDINAL,COLISÃO ENTRE AUTO E MOTO.,1,1,,,,,,,,1,,Longo da via,Bom,Não existe,Perfeito estado,Seca,Perfeito estado,Não existe,R-6a,"",Única,Faixa,"",""
1346,2019-02-15T00:00:00,23:36:00,COM VÍTIMA,FINALIZADA,GRAÇAS,RUA JOAQUIM NABUCO,677,RUA GUILHERME PINTO,ENF ACADEMIA TRENO,RUA JOAQUIM NABUCO,677,ENF ACADEMIA TRENO,GRAÇAS,498,SUBURBIO,ABALROAMENTO TRANSVERSAL,COLISÃO ENTRE AUTO E MOTO.,1,1,,,,,,,,1,,Cruzamento,Bom,Sem defeito,Perfeito estado,Seca,Perfeito estado,Faixa de pedestre,Não há placas,30 km/h,Única,Faixa contínua,"",""
1347,2019-02-16T00:00:00,00:48:00,SEM VÍTIMA,FINALIZADA,CAXANGÁ,AV JOAQUIM RIBEIRO,"",RUA RIBEIRO PESSOA,EM FRETE A UPA,AV JOAQUIM RIBEIRO,"",EM FRETE A UPA,CAXANGÁ,281,SUBURBIO,ABALROAMENTO LONGITUDINAL,"COLISÃO ENTRE DOIS AUTOS, SEM VÍTIMAS.",2,,,,,,,,,0,,Cruzamento,Bom,Sem defeito,Perfeito estado,Seca,Perfeito estado,Faixa de pedestre,Outras,"",Dupla,Canteiro central,"",""
1348,2019-02-16T00:00:00,06:59:00,SEM VÍTIMA,FINALIZADA,SANTO AMARO,RUA JOAO LIRA,143,RUA DA SAUDADE,"",RUA JOAO LIRA,143,"",SANTO AMARO,308,"",ABALROAMENTO TRANSVERSAL,AUTO E ONIBUS,1,,,,,1,,,,0,,Cruzamento,Bom,Sem defeito,Perfeito estado,Seca,Perfeito estado,Faixa de pedestre,"","",Única,Faixa contínua,"",""
1349,2019-02-16T00:00:00,07:33:00,SEM VÍTIMA,FINALIZADA,AFOGADOS,AV SUL,"","","EM FRENTE AO POLICLINICA AGAMENON MAGALHÃES,E AO LADO DA PASSARELA DA ESTAÇÃO LARGO DA PAZ",AV SUL,"","EM FRENTE AO POLICLINICA AGAMENON MAGALHÃES,E AO LADO DA PASSARELA DA ESTAÇÃO LARGO DA PAZ",AFOGADOS,,CIDADE,COLISÃO TRASEIRA,SEM VITIMAS,2,,,,,,,,,0,,Longo da via,Bom,Não existe,Perfeito estado,Seca,Perfeito estado,"",Outras,60 km/h,Única,"","",""
1350,2019-02-16T00:00:00,07:50:00,SEM VÍTIMA,FINALIZADA,BOA VIAGEM,AV ENGENHEIRO DOMINGOS FERREIRA,311,"",FRENTE AO CLINICAL CENTER,AV ENGENHEIRO DOMINGOS FERREIRA,311,FRENTE AO CLINICAL CENTER,BOA VIAGEM,,SUBURBIO,CHOQUE VEÍCULO PARADO,SEM VÍTIMAS. VT 20 NO LOCAL,1,,,,,,1,,,0,,Longo da via,Bom,Não existe,Perfeito estado,Seca,Perfeito estado,Não existe,R-6a,"",Única,Canteiro central,"",""
1351,2019-02-16T00:00:00,08:24:00,COM VÍTIMA,FINALIZADA,DERBY,AV GOVERNADOR AGAMENON MAGALHAES,"","",SOBRE A PONTE DO DERBY,AV GOVERNADOR AGAMENON MAGALHAES,"",SOBRE A PONTE DO DERBY,DERBY,75,CIDADE,COLISÃO TRASEIRA,COLISÃO ENVOLVENDO AUTO E MOTO.,1,1,,,,,,,,1,,Ponte,Bom,Sem defeito,Perfeito estado,Seca,Perfeito estado,Faixa de retenção,Outras,60 km/h,Dupla,Faixa contínua,"",""
1352,2019-02-16T00:00:00,09:21:00,SEM VÍTIMA,FINALIZADA,ENCRUZILHADA,RUA RODOLFO DE HOLANDA,67,"",EM FRENTE AO Nº 67,RUA RODOLFO DE HOLANDA,67,EM FRENTE AO Nº 67,ENCRUZILHADA,,CIDADE,CHOQUE VEÍCULO PARADO,SEM VITIMAS,,1,,,,,1,,,0,,Longo da via,Bom,Não existe,Perfeito estado,Seca,Perfeito estado,Não existe,Não há placas,"",Dupla,Não existe,"",""
1353,2019-02-16T00:00:00,11:05:00,COM VÍTIMA,CANCELADA,CAXANGÁ,AV CAXANGA,"","",EM FRENTE AO HOSPITAL BARÃO DE LUCENA,AV CAXANGA,"",EM FRENTE AO HOSPITAL BARÃO DE LUCENA,CAXANGÁ,,SUBURBIO,COLISÃO,COM UMA VITIMA,1,1,,,,,,,,1,,"","","","","","","","","","","","",""
1354,2019-02-16T00:00:00,11:10:00,SEM VÍTIMA,FINALIZADA,ENGENHO DO MEIO,RUA GOVERNADOR LOPO GARRO,"",RUA MANOEL CORTE REAL,"",RUA GOVERNADOR LOPO GARRO,"","",ENGENHO DO MEIO,,SUBURBIO,ABALROAMENTO TRANSVERSAL,MOTO E AUTO,1,1,,,,,,,,0,,Cruzamento,Bom,Não existe,Não existente,Seca,Perfeito estado,Não existe,Não há placas,30 km/h,Dupla,Não existe,"",""
1355,2019-02-16T00:00:00,11:37:00,COM VÍTIMA,FINALIZADA,JARDIM SÃO PAULO,AV SAO PAULO,"",RUA LEANDRO BARRETO,E/F A FARMACIA DIAMANTE E A DELIICATESSEN SABORES DA PRAÇA,AV SAO PAULO,"",E/F A FARMACIA DIAMANTE E A DELIICATESSEN SABORES DA PRAÇA,JARDIM SÃO PAULO,507,"",ATROPELAMENTO,ATROPELAMENTO ENTRE ÔNIBUS E PEDESTRE.,,,,,1,1,,,,1,,Esquina,Bom,Sem defeito,Perfeito estado,Seca,Perfeito estado,Não existe,R-6a,"","",Não existe,"",""
1356,2019-02-16T00:00:00,11:55:00,SEM VÍTIMA,FINALIZADA,MADALENA,RUA CONS THEODORO,"",RUA TOMAZ GONZAGA,"",RUA CONS THEODORO,"","",MADALENA,513,SUBURBIO,COLISÃO TRASEIRA,SEM VÍTIMAS,2,,,,,,,,,0,,Longo da via,Bom,Sem defeito,Perfeito estado,Seca,Perfeito estado,Não existe,Outras,40 km/h,Dupla,"","",""
1357,2019-02-16T00:00:00,12:29:00,SEM VÍTIMA,FINALIZADA,PRADO,AV ENGENHEIRO ABDIAS DE CARVALHO,"","",EM FRENTE A CELPE,AV ENGENHEIRO ABDIAS DE CARVALHO,"",EM FRENTE A CELPE,PRADO,355,CIDADE,COLISÃO TRASEIRA,COLISÃO SEM VÍTIMAS/ AS PARTES ENCONTRAM NA CALÇADA DA CELPE,2,,,,,,,,,0,,Longo da via,Bom,Sem defeito,Perfeito estado,Seca,Perfeito estado,Agente,Não há placas,60 km/h,Dupla,Faixa seccionada,"",""
1358,2019-02-16T00:00:00,14:10:00,SEM VÍTIMA,FINALIZADA,TORRÕES,EST DO FORTE DO ARRAIAL N. DO B. JESUS,"",AV ENGENHEIRO ABDIAS DE CARVALHO,"EM FRENTE AO YOKI, ANTES DA UPA",EST DO FORTE DO ARRAIAL N. DO B. JESUS,"","EM FRENTE AO YOKI, ANTES DA UPA",TORRÕES,375,CIDADE,COLISÃO TRASEIRA,COLISÃO SEM VITIMAS,1,,,,,,,,1,0,,Longo da via,Bom,Sem defeito,Perfeito estado,Seca,Perfeito estado,Agente,Não há placas,40 km/h,Única,Faixa seccionada,"",""
1359,2019-02-16T00:00:00,14:21:00,SEM VÍTIMA,CANCELADA,CAMPO GRANDE,RUA ODORICO MENDES,511,"",EM FRENTE AO MERCADO STYLLO,RUA ODORICO MENDES,511,EM FRENTE AO MERCADO STYLLO,CAMPO GRANDE,,"",COLISÃO,ENTRE DOIS AUTOS S/V,2,,,,,,,,,0,,"","","","","","","","","","","","",""
1360,2019-02-16T00:00:00,14:44:00,SEM VÍTIMA,FINALIZADA,BOA VIAGEM,AV BOA VIAGEM,"","",EM FRENTE AO HOTEL TRANSAMÉRICA,AV BOA VIAGEM,"",EM FRENTE AO HOTEL TRANSAMÉRICA,BOA VIAGEM,,SUBURBIO,ABALROAMENTO LONGITUDINAL,ENTRE AUTOS S/V,3,,,,,,,,,0,,Longo da via,Bom,Sem defeito,Perfeito estado,Seca,Perfeito estado,Faixa de pedestre,Placas Pare,60 km/h,Única,Faixa contínua,Faixa seccionada,""
1361,2019-02-16T00:00:00,16:05:00,COM VÍTIMA,FINALIZADA,COELHOS,RUA DOS COELHOS,"","",EM FRENTE AO IMIP,RUA DOS COELHOS,"",EM FRENTE AO IMIP,COELHOS,359,SUBURBIO,ABALROAMENTO LONGITUDINAL,COLISÃO ENVOLVENDO DOIS VEÍCULOS SEGUIDO DE ATROEPELAMENTO COM DOIS PEDESTRES.,2,,,,2,,,,,2,,Longo da via,Bom,Sem defeito,Perfeito estado,Seca,Perfeito estado,Faixa de pedestre,Outras,"",Dupla,Faixa contínua,"",""
1362,2019-02-16T00:00:00,16:26:00,SEM VÍTIMA,FINALIZADA,IMBIRIBEIRA,AV MARECHAL MASCARENHAS DE MORAES,"","",LADO OPOSTO A FORD,AV MARECHAL MASCARENHAS DE MORAES,"",LADO OPOSTO A FORD,IMBIRIBEIRA,532,SUBURBIO,COLISÃO TRASEIRA,"ENTRE UM CARRO DO EXERCITO, UM AUTO PASSEIO E UMA MOTO",1,1,,,,,,1,,0,,Longo da via,Bom,Sem defeito,Perfeito estado,Seca,Perfeito estado,Faixa de pedestre,R-6a,"",Dupla,Canteiro central,"",""
1363,2019-02-16T00:00:00,17:27:00,SEM VÍTIMA,FINALIZADA,IMBIRIBEIRA,PRC MINISTRO SALGADO FILHO,"","",ANTIGO EDF DO AEROPORTO,PRC MINISTRO SALGADO FILHO,"",ANTIGO EDF DO AEROPORTO,IMBIRIBEIRA,,SUBURBIO,COLISÃO TRASEIRA,ENTRE AUTOS S/V,2,,,,,,,,,0,,Longo da via,Bom,Não existe,Perfeito estado,Seca,Perfeito estado,Faixa de pedestre,"",60 km/h,Única,Não existe,"",""
1364,2019-02-16T00:00:00,17:59:00,SEM VÍTIMA,CANCELADA,JARDIM SÃO PAULO,RUA LEANDRO BARRETO,440,"","APOS O POSTO LA ROQUE, SENTIDO SUBURBIO",RUA LEANDRO BARRETO,440,"APOS O POSTO LA ROQUE, SENTIDO SUBURBIO",JARDIM SÃO PAULO,,"",COLISÃO,COLISÃO SEM VITIMAS,1,1,,,,,,,,0,,"","","","","","","","","","","","",""
1365,2019-02-16T00:00:00,18:14:00,SEM VÍTIMA,FINALIZADA,SANTO AMARO,AV GOVERNADOR AGAMENON MAGALHAES,170,"",PROX AO POSTO BR,AV GOVERNADOR AGAMENON MAGALHAES,170,PROX AO POSTO BR,SANTO AMARO,,"",ABALROAMENTO LONGITUDINAL,SIENA X GOLF,2,,,,,,,,,0,,Longo da via,Bom,Não existe,Perfeito estado,Seca,Perfeito estado,Não existe,Não há placas,60 km/h,Única,Faixa seccionada,"",""
1366,2019-02-16T00:00:00,19:38:00,COM VÍTIMA,FINALIZADA,CORDEIRO,AV INACIO MONTEIRO,280,RUA RIO CAPIBARIBE,PROX AO MERCADINHO TUDO DE BOM,AV INACIO MONTEIRO,280,PROX AO MERCADINHO TUDO DE BOM,CORDEIRO,,SUBURBIO,ABALROAMENTO TRANSVERSAL,COLISÃO ENVOLVENDO AUTO E MOTO.,1,1,,,,,,,,2,,Cruzamento,Bom,Não existe,Perfeito estado,Seca,Perfeito estado,"",Não há placas,"",Dupla,Faixa contínua,"",""
1367,2019-02-16T00:00:00,20:09:00,COM VÍTIMA,FINALIZADA,CABANGA,AV SATURNINO DE BRITO,"","",AO LADO DA COMPESA,AV SATURNINO DE BRITO,"",AO LADO DA COMPESA,CABANGA,,SUBURBIO,COLISÃO COM CICLISTA,COLISÃO ENVOLVENDO AUTO E CICLISTA.,1,,,1,,,,,,1,,Longo da via,Bom,Sem defeito,Perfeito estado,Seca,Perfeito estado,Faixa de pedestre,Não há placas,"",Única,Faixa seccionada,"",""
1368,2019-02-17T00:00:00,00:16:00,SEM VÍTIMA,FINALIZADA,MANGABEIRA,AV NORTE,"","","",AV NORTE,"","",MANGABEIRA,364,SUBURBIO,ABALROAMENTO TRANSVERSAL,COLISÃO ENTRE DOIS AUTOS S/V,2,,,,,,,,,0,,Longo da via,Bom,Sem defeito,Perfeito estado,Seca,Perfeito estado,Faixa de pedestre,Não há placas,"",Dupla,Canteiro central,"",""
1369,2019-02-17T00:00:00,00:50:00,SEM VÍTIMA,FINALIZADA,MADALENA,AV CAXANGA,670,"","EM FRENTE A LOJA G1 VEÍCULOS, SENTIDO CIDADE // PRÓX AO CRUZAMENTO COM A RUA JOSÉ OSÓRIO",AV CAXANGA,670,"EM FRENTE A LOJA G1 VEÍCULOS, SENTIDO CIDADE // PRÓX AO CRUZAMENTO COM A RUA JOSÉ OSÓRIO",MADALENA,,CIDADE,ABALROAMENTO LONGITUDINAL,COLISÃO ENTRE DOIS AUTOS S/V,2,,,,,,,,,0,,Longo da via,Chuvoso,Não existe,Perfeito estado,Molhada,Perfeito estado,Não existe,Outras,"",Única,Faixa seccionada,"",""
1370,2019-02-17T00:00:00,03:51:00,SEM VÍTIMA,CANCELADA,IPSEP,RUA JEAN EMILE FAVRE,"","",EM FRENTE A PIZZARIA DOMINNO'S,RUA JEAN EMILE FAVRE,"",EM FRENTE A PIZZARIA DOMINNO'S,IPSEP,,"",COLISÃO,COLISÃO ENTRE DOIS AUTOS S/V,2,,,,,,,,,0,,"","","","","","","","","","","","",""
1371,2019-02-17T00:00:00,04:28:00,SEM VÍTIMA,FINALIZADA,BOA VIAGEM,AV BOA VIAGEM,618,"",EM FRENTE AO Nº 618,AV BOA VIAGEM,618,EM FRENTE AO Nº 618,BOA VIAGEM,,CIDADE,CHOQUE VEÍCULO PARADO,COLISÃO ENTRE DOIS AUTOS S/V,2,,,,,,,,,0,,Longo da via,Bom,Não existe,Perfeito estado,Seca,Perfeito estado,"",Outras,"",Única,Faixa seccionada,"",""
1372,2019-02-17T00:00:00,09:22:00,SEM VÍTIMA,CANCELADA,IBURA,RUA RIO XINGU,"",AV DOIS RIOS,EM FRENTE AO POSTO BR,RUA RIO XINGU,"",EM FRENTE AO POSTO BR,IBURA,,"",COLISÃO,ONIBUS E DOIS AUTO,2,,,,,1,,,,0,,"","","","","","","","","","","","",""
1373,2019-02-17T00:00:00,10:59:00,SEM VÍTIMA,FINALIZADA,SANTO AMARO,RUA DOS PALMARES,"",RUA ARNOBIO MARQUES,AO LADO DO LABORATÓRIO MUNICIPAL JULIÃO,RUA DOS PALMARES,"",AO LADO DO LABORATÓRIO MUNICIPAL JULIÃO,SANTO AMARO,,"",ABALROAMENTO TRANSVERSAL,COLISÃO SEM VITIMAS,1,,,,,,1,,,0,,Cruzamento,Bom,Não existe,Perfeito estado,Seca,Perfeito estado,Não existe,R-6a,"",Única,Faixa seccionada,"",""
1374,2019-02-17T00:00:00,11:59:00,SEM VÍTIMA,FINALIZADA,BOA VIAGEM,RUA ERNESTO DE PAULA SANTOS,451,"","",RUA ERNESTO DE PAULA SANTOS,451,"",BOA VIAGEM,329,SUBURBIO,ABALROAMENTO TRANSVERSAL,COLISÃO SEM VÍTIMA,,1,,,,,,1,,0,,Cruzamento,Bom,Sem defeito,Perfeito estado,Seca,Perfeito estado,Faixa de pedestre,Outras,60 km/h,Única,Faixa contínua,Faixa seccionada,""
1375,2019-02-17T00:00:00,12:58:00,COM VÍTIMA,FINALIZADA,ILHA DO RETIRO,AV BEIRA RIO,302,RUA HISBELO CAMPOS,AO LADO DO CAMPO DO SPORT. AO LADO DO CONDOMÍNIO VILLA BEIRA RIO.,AV BEIRA RIO,302,AO LADO DO CAMPO DO SPORT. AO LADO DO CONDOMÍNIO VILLA BEIRA RIO.,ILHA DO RETIRO,,SUBURBIO,ABALROAMENTO LONGITUDINAL,COLISÃO ENVOLVENDO AUTO E MOTO.,1,1,,,,,,,,2,,Longo da via,Bom,Não existe,Perfeito estado,Seca,Perfeito estado,Não existe,Não há placas,"",Dupla,Faixa seccionada,"",""
1376,2019-02-17T00:00:00,13:03:00,SEM VÍTIMA,FINALIZADA,IPSEP,RUA VIRGINIA HERACLIO,446,AV GENERAL BENTO DA GAMA,"",RUA VIRGINIA HERACLIO,446,"",IPSEP,,SUBURBIO,ABALROAMENTO TRANSVERSAL,DOIS AUTOS,2,,,,,,,,,0,,Cruzamento,Bom,Não existe,Não existente,Seca,Perfeito estado,Não existe,Não há placas,"",Única,Não existe,"",""
1377,2019-02-17T00:00:00,13:14:00,COM VÍTIMA,FINALIZADA,DERBY,RUA AMARO BEZERRA,458,"",EM FRENTE AO EMPORIO VILLA GRANNO,RUA AMARO BEZERRA,458,EM FRENTE AO EMPORIO VILLA GRANNO,DERBY,,SUBURBIO,ABALROAMENTO LONGITUDINAL,COLISÃO ENVOLVENDO AUTO E MOTO.,1,1,,,,,,,,1,,Longo da via,Bom,Não existe,Perfeito estado,Seca,Perfeito estado,Não existe,R-6a,"",Única,Não existe,"",""
1378,2019-02-17T00:00:00,14:48:00,SEM VÍTIMA,FINALIZADA,PAISSANDU,RUA DR JOAO ASFORA,285,AV FREI MATIAS TEVES,AO LADO DO EDF GRAHAM BELL,RUA DR JOAO ASFORA,285,AO LADO DO EDF GRAHAM BELL,PAISSANDU,122,CIDADE,COLISÃO TRASEIRA,DOIS AUTOS,2,,,,,,,,,0,,Longo da via,Bom,Sem defeito,Perfeito estado,Seca,Perfeito estado,Agente,R-4a,"",Única,Não existe,"",""
1379,2019-02-17T00:00:00,15:15:00,SEM VÍTIMA,FINALIZADA,NOVA DESCOBERTA,RUA CORREGO DO JOAQUIM,"","",EM FRENTE AO TERMINAL DE ÔNIBUS,RUA CORREGO DO JOAQUIM,"",EM FRENTE AO TERMINAL DE ÔNIBUS,NOVA DESCOBERTA,,SUBURBIO,ABALROAMENTO LONGITUDINAL,ONIBUS E AUTO,1,,,,,1,,,,0,,Longo da via,Bom,Não existe,Perfeito estado,Seca,Perfeito estado,Não existe,Não há placas,"",Dupla,Não existe,"",""
1380,2019-02-17T00:00:00,16:08:00,SEM VÍTIMA,FINALIZADA,BOA VIAGEM,RUA RIBEIRO DE BRITO,"",RUA AGENOR LOPES,"",RUA RIBEIRO DE BRITO,"","",BOA VIAGEM,496,SUBURBIO,ABALROAMENTO TRANSVERSAL,COLISÃO SEM VÍTIMA,2,,,,,,,,,0,,Cruzamento,Bom,Sem defeito,Perfeito estado,Seca,Perfeito estado,Faixa de pedestre,Outras,"",Única,Faixa seccionada,"",""