_id,DATA,hora,natureza_acidente,situacao,bairro,endereco,numero,detalhe_endereco_acidente,complemento,endereco_cruzamento,numero_cruzamento,referencia_cruzamento,bairro_cruzamento,num_semaforo,sentido_via,tipo,descricao,auto,moto,ciclom,ciclista,pedestre,onibus,caminhao,viatura,outros,vitimas,vitimasfatais,acidente_verificado,tempo_clima,situacao_semaforo,sinalizacao,condicao_via,conservacao_via,ponto_controle,situacao_placa,velocidade_max_via,mao_direcao,divisao_via1,divisao_via2,divisao_via3
1438,2019-02-19T00:00:00,15:11:00,SEM VÍTIMA,FINALIZADA,AFOGADOS,AV SUL,2282,"",EM FRENTE A ESTAÇÃO LARGO DA PAZ,AV SUL,2282,EM FRENTE A ESTAÇÃO LARGO DA PAZ,AFOGADOS,,CIDADE,ABALROAMENTO TRANSVERSAL,COLISÃO SEM VÍTIMA,2,,,,,,,,,0,,Longo da via,Bom,Não existe,Não existente,Seca,Perfeito estado,Não existe,Não há placas,"",Única,Faixa seccionada,"",""
1439,2019-02-19T00:00:00,15:43:00,SEM VÍTIMA,FINALIZADA,CORDEIRO,RUA TOMAZ GONZAGA,129,"",ACADEMIA CORPORIS/ IGREJA DOS MORMONS,RUA TOMAZ GONZAGA,129,ACADEMIA CORPORIS/ IGREJA DOS MORMONS,CORDEIRO,,"",COLISÃO,DUAS MOTOCICLETAS,,2,,,,,,,,0,,"","","","","","","","","","","","",""
1440,2019-02-19T00:00:00,15:53:00,SEM VÍTIMA,FINALIZADA,BOA VISTA,RUA DA AURORA,"",RUA CLUBE NAUTICO CAPIBARIBE,POSTE B 019786,RUA DA AURORA,"",POSTE B 019786,BOA VISTA,,CIDADE,COLISÃO TRASEIRA,AUTO X MOTO S/V,1,1,,,,,,,,0,,"",Bom,Não existe,Perfeito estado,Seca,Perfeito estado,Faixa de retenção,"","",Única,Faixa seccionada,"",""
1441,2019-02-19T00:00:00,16:16:00,SEM VÍTIMA,FINALIZADA,PINA,PTE GOVERNADOR PAULO GUERRA,"","",SHOPP RIO MAR,PTE GOVERNADOR PAULO GUERRA,"",SHOPP RIO MAR,PINA,,SUBURBIO,ABALROAMENTO LONGITUDINAL,ENTRE AUTO E CAMINHAO S/V,1,,,,,,1,,,0,,Ponte,Bom,Não existe,Perfeito estado,Seca,Perfeito estado,Não existe,Não há placas,"",Única,Faixa contínua,"",""
1442,2019-02-19T00:00:00,17:06:00,SEM VÍTIMA,FINALIZADA,TORRE,RUA JOSE BONIFACIO,"",RUA PADRE ANCHIETA,"",RUA JOSE BONIFACIO,"","",TORRE,193,SUBURBIO,ABALROAMENTO TRANSVERSAL,AUTO E MOTO S/V,1,1,,,,,,,,0,,Longo da via,Bom,Sem defeito,Perfeito estado,Seca,Perfeito estado,Não existe,Outras,"","",Faixa seccionada,"",""
1443,2019-02-19T00:00:00,17:28:00,SEM VÍTIMA,FINALIZADA,TAMARINEIRA,AV PROFESSOR JOSE DOS ANJOS,"","",EM FRENTE AO POSTO BR,AV PROFESSOR JOSE DOS ANJOS,"",EM FRENTE AO POSTO BR,TAMARINEIRA,364,CIDADE,ABALROAMENTO LONGITUDINAL,COLISAO ENVOLVENDO DOIS AUTOS,2,,,,,,,,,0,,Longo da via,Bom,Sem defeito,Perfeito estado,Seca,Perfeito estado,Faixa de pedestre,Não há placas,"",Dupla,Canal,"",""
1444,2019-02-19T00:00:00,18:34:00,SEM VÍTIMA,FINALIZADA,ESTÂNCIA,RUA NOSSA SENHORA DE FATIMA,"",AV RECIFE,"",RUA NOSSA SENHORA DE FATIMA,"","",ESTÂNCIA,261,SUBURBIO,ABALROAMENTO LONGITUDINAL,ONIBUS METROPOLITANA X CAMINHAO,,,,,,1,1,,,0,,Cruzamento,Bom,Sem defeito,Ilegível,Seca,Perfeito estado,"",Outras,40 km/h,Única,Não existe,"",""
1445,2019-02-19T00:00:00,18:37:00,COM VÍTIMA,FINALIZADA,SANTO AMARO,AV CRUZ CABUGA,"","","EM FRENTE AO HOSPITAL DA MARINHA, CEMITERIO DOS INGLESES E DER.",AV CRUZ CABUGA,"","EM FRENTE AO HOSPITAL DA MARINHA, CEMITERIO DOS INGLESES E DER.",SANTO AMARO,,CIDADE,COLISÃO COM CICLISTA,COLISÃO ENVOLVENDO ÔNIBUS E CICLISTA.,,,,1,,1,,,,1,,Longo da via,Bom,Não existe,Perfeito estado,Seca,Perfeito estado,Não existe,Outras,60 km/h,Dupla,Faixa seccionada,"",""
1446,2019-02-19T00:00:00,19:15:00,SEM VÍTIMA,FINALIZADA,BOA VIAGEM,AV BOA VIAGEM,"","",ENF A PADARIA DE BOA VIAGEM,AV BOA VIAGEM,"",ENF A PADARIA DE BOA VIAGEM,BOA VIAGEM,548,CIDADE,ABALROAMENTO LONGITUDINAL,SIENA X GOL,2,,,,,,,,,0,,Longo da via,Bom,Sem defeito,Perfeito estado,Seca,Perfeito estado,Faixa de pedestre,Não há placas,"",Única,Faixa seccionada,"",""
1447,2019-02-19T00:00:00,21:18:00,SEM VÍTIMA,FINALIZADA,BOA VIAGEM,RUA RIBEIRO DE BRITO,"",RUA AMALIA BERNARDINO DE SOUZA,"",RUA RIBEIRO DE BRITO,"","",BOA VIAGEM,,SUBURBIO,ABALROAMENTO TRANSVERSAL,COLISÃO SEM VITIMA,2,,,,,,,,,0,,Cruzamento,Bom,Não existe,Perfeito estado,Seca,Perfeito estado,Não existe,Não há placas,"",Única,Faixa seccionada,"",""
1448,2019-02-19T00:00:00,21:41:00,SEM VÍTIMA,FINALIZADA,VÁRZEA,AV AFONSO OLINDENSE,1716,"",EMPRESA Nº 1716,AV AFONSO OLINDENSE,1716,EMPRESA Nº 1716,VÁRZEA,,SUBURBIO,ABALROAMENTO LONGITUDINAL,COLISÃO SEM VITIMA,1,,,,,1,,,,0,,Longo da via,Bom,Não existe,Perfeito estado,Seca,Perfeito estado,Outros,Outras,40 km/h,Dupla,Faixa contínua,"",""
1449,2019-02-19T00:00:00,23:53:00,SEM VÍTIMA,FINALIZADA,BOA VIAGEM,AV BOA VIAGEM,"",RUA BALTAZAR PASSOS,SEMÁFORO 149,AV BOA VIAGEM,"",SEMÁFORO 149,BOA VIAGEM,149,CIDADE,ABALROAMENTO TRANSVERSAL,COLISÃO SEM VÍTIMA,2,,,,,,,,,0,,Cruzamento,Bom,Sem defeito,Perfeito estado,Seca,Perfeito estado,Faixa de pedestre,Não há placas,"",Única,Faixa seccionada,"",""
1450,2019-02-20T00:00:00,00:34:00,SEM VÍTIMA,FINALIZADA,IMBIRIBEIRA,VIADUTO TANCREDO NEVES,"","","",VIADUTO TANCREDO NEVES,"","",IMBIRIBEIRA,,SUBURBIO,ABALROAMENTO LONGITUDINAL,COLISÃO ENTRE DOIS AUTOS S/V,2,,,,,,,,,0,,Longo da via,Bom,Não existe,Perfeito estado,Seca,Perfeito estado,Não existe,Não há placas,60 km/h,Dupla,Faixa seccionada,"",""
1451,2019-02-20T00:00:00,07:43:00,SEM VÍTIMA,FINALIZADA,IPSEP,AV RECIFE,3592,"","",AV RECIFE,3592,"",IPSEP,,CIDADE,COLISÃO TRASEIRA,COLISÃO SEM VITIMAS,2,,,,,,,,,0,,Longo da via,Bom,Não existe,Perfeito estado,Seca,Perfeito estado,Não existe,Não há placas,60 km/h,Dupla,Canteiro central,"",""
1452,2019-02-20T00:00:00,07:48:00,SEM VÍTIMA,FINALIZADA,VÁRZEA,RUA SAO FRANCISCO DE PAULA,23,AV CAXANGA,EM FRENTE AO POSTO SHELL,RUA SAO FRANCISCO DE PAULA,23,EM FRENTE AO POSTO SHELL,VÁRZEA,568,SUBURBIO,COLISÃO TRASEIRA,SEM VITIMAS,2,,,,,,,,,0,,"",Bom,Sem defeito,Perfeito estado,Seca,Perfeito estado,Agente,"","",Dupla,Faixa seccionada,Canteiro central,""
1453,2019-02-20T00:00:00,08:08:00,SEM VÍTIMA,FINALIZADA,SANTO AMARO,AV GOVERNADOR AGAMENON MAGALHAES,1800,"",PISTA PRINCIPAL OPOSTO AO Nº 1800,AV GOVERNADOR AGAMENON MAGALHAES,1800,PISTA PRINCIPAL OPOSTO AO Nº 1800,SANTO AMARO,,SUBURBIO,ABALROAMENTO LONGITUDINAL,AUTO E MOTO,1,1,,,,,,,,0,,Longo da via,Bom,Sem defeito,Perfeito estado,Seca,Perfeito estado,Não existe,Outras,60 km/h,Dupla,Faixa seccionada,"",""
1454,2019-02-20T00:00:00,08:26:00,COM VÍTIMA,FINALIZADA,IPSEP,AV RECIFE,3096,AV PRESIDENTE KENNEDY,LADO OPOSTO AO SUPERMERCADO ECONOMICO,AV RECIFE,3096,LADO OPOSTO AO SUPERMERCADO ECONOMICO,IPSEP,212,CIDADE,COLISÃO TRASEIRA,COLISÃO ENVOLVENDO AUTO E MOTO.,1,1,,,,,,,,1,,Longo da via,Bom,Sem defeito,Perfeito estado,Seca,Mal conservada,Outros,Outras,60 km/h,Dupla,Canteiro central,"",""
1455,2019-02-20T00:00:00,08:36:00,SEM VÍTIMA,FINALIZADA,CORDEIRO,AV GENERAL SAN MARTIN,"",AV ENGENHEIRO ABDIAS DE CARVALHO,SOB O SEMÁFORO 058,AV GENERAL SAN MARTIN,"",SOB O SEMÁFORO 058,CORDEIRO,58,"",ABALROAMENTO LONGITUDINAL,COLISÃO SEM VITIMAS,2,,,,,,,,,0,,Cruzamento,Bom,Sem defeito,Perfeito estado,Seca,Perfeito estado,Faixa de pedestre,R-6a,"",Dupla,Faixa contínua,"",""
1456,2019-02-20T00:00:00,08:59:00,SEM VÍTIMA,FINALIZADA,MADALENA,RUA REAL DA TORRE,"",RUA MANUEL BEZERRA,"",RUA REAL DA TORRE,"","",MADALENA,237,CIDADE,ABALROAMENTO LONGITUDINAL,SEM VITIMAS,2,,,,,,,,,0,,Longo da via,Bom,Sem defeito,Perfeito estado,Seca,Perfeito estado,Agente,Não há placas,40 km/h,Única,Faixa seccionada,"",""
1457,2019-02-20T00:00:00,09:02:00,SEM VÍTIMA,FINALIZADA,ARRUDA,RUA DAS MOCAS,217,"",EM FRENTE AO Nº 217,RUA DAS MOCAS,217,EM FRENTE AO Nº 217,ARRUDA,,SUBURBIO,ABALROAMENTO TRANSVERSAL,COLISÃO SEM VITIMAS,1,1,,,,,,,,0,,Longo da via,Bom,Não existe,Não existente,Seca,Perfeito estado,Não existe,Não há placas,"",Dupla,Faixa seccionada,"",""
1458,2019-02-20T00:00:00,09:10:00,SEM VÍTIMA,FINALIZADA,PINA,AV HERCULANO BANDEIRA,252,"",EM FRENTE A BARRACA DO VEIO,AV HERCULANO BANDEIRA,252,EM FRENTE A BARRACA DO VEIO,PINA,,SUBURBIO,COLISÃO TRASEIRA,SEM VITIMAS AGENTES SILVA FILHO /FONTENELE PONTO FIXO VÃO FAZER B.O,3,,,,,,,,,0,,Longo da via,Bom,Sem defeito,Perfeito estado,Seca,Perfeito estado,Agente,Não há placas,60 km/h,Única,Não existe,"",""
1459,2019-02-20T00:00:00,09:12:00,SEM VÍTIMA,CANCELADA,PAISSANDU,RUA PACIFICO DOS SANTOS,85,"",EM FRENTE AO CENTRO ADMINISTRATIVO DO HOSPITAL HAPVIDA,RUA PACIFICO DOS SANTOS,85,EM FRENTE AO CENTRO ADMINISTRATIVO DO HOSPITAL HAPVIDA,PAISSANDU,,"",COLISÃO,COLISÃO SEM VITIMAS,2,,,,,,,,,0,,"","","","","","","","","","","","",""
1460,2019-02-20T00:00:00,09:49:00,SEM VÍTIMA,FINALIZADA,PAISSANDU,RUA PAISSANDU,"","",EM FRENTE AO HOSPITAL SÃO MARCOS,RUA PAISSANDU,"",EM FRENTE AO HOSPITAL SÃO MARCOS,PAISSANDU,,"",COLISÃO TRASEIRA,SEM VITIMAS,2,,,,,,,,,0,,Longo da via,Bom,Não existe,Perfeito estado,Seca,Perfeito estado,Não existe,Não há placas,60 km/h,Dupla,Canteiro central,"",""
1461,2019-02-20T00:00:00,09:36:00,SEM VÍTIMA,FINALIZADA,SÃO JOSÉ,RUA DO PEIXOTO,161,"",PROX. A AV DANTAS BARRETO,RUA DO PEIXOTO,161,PROX. A AV DANTAS BARRETO,SÃO JOSÉ,181,CIDADE,COLISÃO TRASEIRA,MOTO E AUTO,1,1,,,,,,,,0,,Longo da via,Bom,Sem defeito,Perfeito estado,Seca,Perfeito estado,Faixa de pedestre,Não há placas,"",Única,"","",""
1462,2019-02-20T00:00:00,10:46:00,SEM VÍTIMA,FINALIZADA,AREIAS,RUA DONA ANA AURORA,500,"","",RUA DONA ANA AURORA,500,"",AREIAS,,SUBURBIO,CHOQUE VEÍCULO PARADO,COLISÃO SEM VÍTIMA. COLISÃO ENTRE TREM DE CARGA E AUTO PASSEIO,1,,,,,,,,1,0,,Longo da via,Bom,Não existe,Não existente,Seca,Mal conservada,Não existe,Não há placas,"",Dupla,Não existe,"",""
1463,2019-02-20T00:00:00,10:50:00,SEM VÍTIMA,FINALIZADA,DERBY,RUA GUILHERME PINTO,1360,"",EM FRENTE AO PRÉDIO SOLAR DA GRAÇAS,RUA GUILHERME PINTO,1360,EM FRENTE AO PRÉDIO SOLAR DA GRAÇAS,DERBY,,CIDADE,ABALROAMENTO LONGITUDINAL,COLISÃO SEM VITIMAS,1,,,,,1,,,,0,,Longo da via,Bom,Sem defeito,Perfeito estado,Seca,Perfeito estado,Outros,Outras,"",Única,Não existe,"",""
1464,2019-02-20T00:00:00,11:37:00,SEM VÍTIMA,FINALIZADA,IMBIRIBEIRA,RUA PERIMETRAL,"",AV RECIFE,CHURRASCARIA SAL E BRASA,RUA PERIMETRAL,"",CHURRASCARIA SAL E BRASA,IMBIRIBEIRA,,SUBURBIO,ABALROAMENTO LONGITUDINAL,SEM VÍTIMAS,2,,,,,,,,,0,,Longo da via,Bom,Não existe,Incompleta,Seca,Perfeito estado,Não existe,Não há placas,30 km/h,Dupla,Não existe,"",""
1465,2019-02-20T00:00:00,11:46:00,SEM VÍTIMA,DUPLICIDADE,IPSEP,AV RECIFE,"","",EM FRENTE A LOCAVEL,AV RECIFE,"",EM FRENTE A LOCAVEL,IPSEP,,IMBIRIBEIRA,COLISÃO,SEM VITIMAS,2,,,,,,,,,0,,"","","","","","","","","","","","",""
1466,2019-02-20T00:00:00,11:57:00,SEM VÍTIMA,FINALIZADA,PARNAMIRIM,AV PARNAMIRIM,417,"",EM FRENTE AO Nº417,AV PARNAMIRIM,417,EM FRENTE AO Nº417,PARNAMIRIM,,CIDADE,ABALROAMENTO LONGITUDINAL,ENTRE AUTOS S/V,2,,,,,,,,,0,,Longo da via,Bom,Não existe,Perfeito estado,Seca,Perfeito estado,Não existe,"","",Única,Não existe,"",""
1467,2019-02-20T00:00:00,12:11:00,SEM VÍTIMA,FINALIZADA,CABANGA,VIADUTO CAPITAO TEMUDO,"","",APÓS A DESCIDA DA ALÇA DE ACESSO A RUA IMPERIAL,VIADUTO CAPITAO TEMUDO,"",APÓS A DESCIDA DA ALÇA DE ACESSO A RUA IMPERIAL,CABANGA,,SUBURBIO,ABALROAMENTO LONGITUDINAL,COLISÃO SEM VÍTIMA,1,,,,,1,,,,0,,Viaduto,Bom,Não existe,Ilegível,Seca,Mal conservada,Não existe,Não há placas,"",Dupla,Blocos,"",""
1468,2019-02-20T00:00:00,12:17:00,SEM VÍTIMA,FINALIZADA,BOA VIAGEM,AV CONSELHEIRO AGUIAR,3150,"",EM FRENTE AO EDF CEZANNE,AV CONSELHEIRO AGUIAR,3150,EM FRENTE AO EDF CEZANNE,BOA VIAGEM,,CIDADE,COLISÃO TRASEIRA,"",2,,,,,,,,,0,,Longo da via,Bom,Sem defeito,Perfeito estado,Seca,Perfeito estado,Outros,Outras,"",Única,Faixa seccionada,"",""
1469,2019-02-20T00:00:00,13:06:00,SEM VÍTIMA,FINALIZADA,BOA VIAGEM,AV FERNANDO SIMOES BARBOSA,"",RUA RIBEIRO DE BRITO,"",AV FERNANDO SIMOES BARBOSA,"","",BOA VIAGEM,,"",ABALROAMENTO LONGITUDINAL,ACAMINHÃO X AUTO S/V,1,,,,,,1,,,0,,Cruzamento,Bom,Sem defeito,Perfeito estado,Seca,Perfeito estado,Outros,Outras,"",Única,Faixa seccionada,"",""
1470,2019-02-20T00:00:00,13:43:00,SEM VÍTIMA,FINALIZADA,MACAXEIRA,AV NORTE,"","",ROTATÓRIA DA MACAXEIRA,AV NORTE,"",ROTATÓRIA DA MACAXEIRA,MACAXEIRA,,SUBURBIO,COLISÃO TRASEIRA,CAMINHÃO X AUTO S/V,1,,,,,,1,,,0,,"",Bom,Não existe,Incompleta,Seca,Perfeito estado,Não existe,Não há placas,"",Dupla,Canteiro central,"",""
1471,2019-02-20T00:00:00,13:51:00,SEM VÍTIMA,FINALIZADA,AFOGADOS,AV SUL,"","",POSTE B073628,AV SUL,"",POSTE B073628,AFOGADOS,,CIDADE,ABALROAMENTO LONGITUDINAL,COLISÃO SEM VÍTIMA,1,,,,,1,,,,0,,Longo da via,Bom,Não existe,Perfeito estado,Seca,Perfeito estado,Não existe,R-6a,"",Única,Faixa seccionada,"",""
1472,2019-02-20T00:00:00,14:16:00,SEM VÍTIMA,CANCELADA,DERBY,RUA JENER DE SOUZA,"","",EM FRENTE A PRAÇA DO DERBY,RUA JENER DE SOUZA,"",EM FRENTE A PRAÇA DO DERBY,DERBY,,"",COLISÃO,COLISÃO SEM VÍTIMA,1,1,,,,,,,,0,,"","","","","","","","","","","","",""
1473,2019-02-20T00:00:00,14:32:00,SEM VÍTIMA,FINALIZADA,TORRE,AV PROFESSOR ESTEVAO FRANCISCO DA COSTA,"","",NO SEMÁFORO 280,AV PROFESSOR ESTEVAO FRANCISCO DA COSTA,"",NO SEMÁFORO 280,TORRE,280,CIDADE,ABALROAMENTO TRANSVERSAL,COLISÃO SEM VÍTIMA,2,,,,,,,,,0,,Longo da via,Bom,Sem defeito,Perfeito estado,Seca,Perfeito estado,"",Outras,"",Dupla,Canal,"",""
1474,2019-02-20T00:00:00,14:36:00,SEM VÍTIMA,FINALIZADA,BOA VIAGEM,AV DES JOSE NEVES,90,"","",AV DES JOSE NEVES,90,"",BOA VIAGEM,,"",ABALROAMENTO TRANSVERSAL,COLISÃO SEM VÍTIMA,3,,,,,,,,,0,,Longo da via,Bom,Não existe,Perfeito estado,Seca,Perfeito estado,Outros,R-6a,"",Dupla,Canal,"",""
1475,2019-02-20T00:00:00,14:41:00,SEM VÍTIMA,FINALIZADA,TORRE,RUA MARQUES DE MARICA,169,"",EDF PRAÇA DAS CAMÉLIAS,RUA MARQUES DE MARICA,169,EDF PRAÇA DAS CAMÉLIAS,TORRE,,CIDADE,ABALROAMENTO TRANSVERSAL,AUTO X MOTO S/V,1,1,,,,,,,,0,,Longo da via,Bom,Não existe,Perfeito estado,Seca,Perfeito estado,Não existe,Outras,"",Dupla,Faixa seccionada,"",""
1476,2019-02-20T00:00:00,15:00:00,SEM VÍTIMA,FINALIZADA,FUNDÃO,AV BEBERIBE,2840,"",PRIMEIRA IGREJA BATISTA DO FUNDÃO,AV BEBERIBE,2840,PRIMEIRA IGREJA BATISTA DO FUNDÃO,FUNDÃO,,SUBURBIO,ABALROAMENTO LONGITUDINAL,AUTO E ONIBUS DA CAXANGA,1,,,,,1,,,,0,,Longo da via,Bom,Não existe,Perfeito estado,Seca,Perfeito estado,Não existe,Outras,"",Dupla,Canteiro central,"",""
1477,2019-02-20T00:00:00,15:18:00,SEM VÍTIMA,FINALIZADA,SAN MARTIN,AV GENERAL SAN MARTIN,809,"","",AV GENERAL SAN MARTIN,809,"",SAN MARTIN,,CIDADE,ABALROAMENTO LONGITUDINAL,COLISÃO SEM VÍTIMA,1,,,,,,1,,,0,,Longo da via,Bom,Não existe,Perfeito estado,Seca,Perfeito estado,Não existe,"","",Dupla,Faixa contínua,Faixa seccionada,""
1478,2019-02-20T00:00:00,15:29:00,SEM VÍTIMA,CANCELADA,IMBIRIBEIRA,AV PINHEIROS,837,RUA ARQUITETO LUIZ NUNES,"",AV PINHEIROS,837,"",IMBIRIBEIRA,,"",COLISÃO,DOIS AUTOS S/V,2,,,,,,,,,0,,"","","","","","","","","","","","",""
1479,2019-02-20T00:00:00,15:34:00,SEM VÍTIMA,FINALIZADA,GRAÇAS,AV RUI BARBOSA,"",RUA ALBERTO PAIVA,"",AV RUI BARBOSA,"","",GRAÇAS,305,CIDADE,ABALROAMENTO LONGITUDINAL,ENTRE AUTOS S/V,2,,,,,,,,,0,,Cruzamento,Bom,Sem defeito,Perfeito estado,Seca,Perfeito estado,Faixa de pedestre,Outras,40 km/h,Única,Não existe,"",""
1480,2019-02-20T00:00:00,15:35:00,SEM VÍTIMA,FINALIZADA,BOA VIAGEM,RUA RIO AZUL,"",RUA FRANCISCO DE ASSIS,"",RUA RIO AZUL,"","",BOA VIAGEM,,CIDADE,ABALROAMENTO LONGITUDINAL,ENTRE DOIS AUTOS S/V,2,,,,,,,,,0,,Longo da via,Bom,Não existe,Incompleta,Seca,Perfeito estado,Não existe,Não há placas,"",Única,Faixa seccionada,"",""
1481,2019-02-20T00:00:00,15:45:00,SEM VÍTIMA,FINALIZADA,BOA VISTA,RUA BARAO DE SAO BORJA,"",RUA JOSE DE ALENCAR,"",RUA BARAO DE SAO BORJA,"","",BOA VISTA,,SUBURBIO,ABALROAMENTO TRANSVERSAL,ENTRE DOIS AUTOS S/V,2,,,,,,,,,0,,Cruzamento,Bom,Não existe,Incompleta,Seca,Perfeito estado,Não existe,Placas Pare,"",Única,Não existe,"",""
1482,2019-02-20T00:00:00,16:35:00,COM VÍTIMA,FINALIZADA,IMBIRIBEIRA,RUA DR TAVARES CORREIA,93,RUA ALLAN KARDEC,EM FRENTE AO POSTO BR E EDF. CAPIBARIBE,RUA DR TAVARES CORREIA,93,EM FRENTE AO POSTO BR E EDF. CAPIBARIBE,IMBIRIBEIRA,,SUBURBIO,ABALROAMENTO LONGITUDINAL,COLISÃO ENVOLVENDO AUTO E MOTO.,1,1,,,,,,,,1,,Não informado,Bom,Não existe,Incompleta,Seca,Perfeito estado,Não existe,Outras,"",Única,Não existe,"",""
1483,2019-02-20T00:00:00,16:51:00,SEM VÍTIMA,FINALIZADA,BOA VISTA,RUA DO PRINCIPE,682,"","",RUA DO PRINCIPE,682,"",BOA VISTA,,CIDADE,COLISÃO TRASEIRA,AUTO E VAN S/V,1,,,,,,,,1,0,,Longo da via,Bom,Não existe,Perfeito estado,Seca,Perfeito estado,Não existe,Não há placas,"",Única,Faixa seccionada,"",""
1484,2019-02-20T00:00:00,17:10:00,SEM VÍTIMA,FINALIZADA,DERBY,PRC DO DERBY,"",RUA JENER DE SOUZA,SEMÁFORO 418,PRC DO DERBY,"",SEMÁFORO 418,DERBY,418,"",COLISÃO TRASEIRA,ENTRE DOIS AUTOS S/V,2,,,,,,,,,0,,Cruzamento,Bom,Sem defeito,Perfeito estado,Seca,Perfeito estado,"","","","",Não existe,"",""
1485,2019-02-20T00:00:00,17:40:00,SEM VÍTIMA,FINALIZADA,CORDEIRO,AV INACIO MONTEIRO,556,"",EM FRENTE AO MERCADO TUDO DE BOM,AV INACIO MONTEIRO,556,EM FRENTE AO MERCADO TUDO DE BOM,CORDEIRO,,SUBURBIO,ABALROAMENTO LONGITUDINAL,AUTO E M0TO S/V,1,1,,,,,,,,0,,Longo da via,Bom,Não existe,Perfeito estado,Seca,Perfeito estado,Não existe,Não há placas,"",Dupla,Faixa contínua,"",""
1486,2019-02-20T00:00:00,17:40:00,SEM VÍTIMA,FINALIZADA,BOA VIAGEM,RUA BALTAZAR PASSOS,"",RUA VISCONDE DE JEQUITINHONHA,"",RUA BALTAZAR PASSOS,"","",BOA VIAGEM,154,"",COLISÃO,COLISÃO SEM VÍTIMA,2,,,,,,,,,0,,Cruzamento,Bom,Sem defeito,Perfeito estado,Seca,Perfeito estado,"",Outras,"",Dupla,Faixa contínua,"",""
1487,2019-02-20T00:00:00,18:14:00,SEM VÍTIMA,FINALIZADA,ARRUDA,RUA MEM DE SA,"","",EM FRENTE A COCA-COLA,RUA MEM DE SA,"",EM FRENTE A COCA-COLA,ARRUDA,,SUBURBIO,COLISÃO TRASEIRA,CELTA X AUTO,2,,,,,,,,,0,,Longo da via,Bom,Não existe,Ilegível,Seca,Perfeito estado,Não existe,Não há placas,"",Dupla,Não existe,"",""
1488,2019-02-20T00:00:00,18:25:00,SEM VÍTIMA,FINALIZADA,BOA VIAGEM,AV ENGENHEIRO DOMINGOS FERREIRA,4255,"",INGA VINHO,AV ENGENHEIRO DOMINGOS FERREIRA,4255,INGA VINHO,BOA VIAGEM,,SUBURBIO,COLISÃO TRASEIRA,"",3,,,,,,,,,0,,Longo da via,Bom,Não existe,Perfeito estado,Seca,Perfeito estado,Outros,R-6a,"",Única,Canteiro central,"",""
1489,2019-02-20T00:00:00,18:26:00,SEM VÍTIMA,EQUIPE EM DESLOCAMENTO,IBURA,AV ENGENHO MURIBARA,502,"",ENF A ESCOLA DOM SEBASTIAO LEME,AV ENGENHO MURIBARA,502,ENF A ESCOLA DOM SEBASTIAO LEME,IBURA,,"",COLISÃO,ONIBUS METROPOLITANA X NISSAN FRONTIER,1,,,,,1,,,,0,,"","","","","","","","","","","","",""
1490,2019-02-20T00:00:00,18:35:00,SEM VÍTIMA,CANCELADA,DOIS UNIDOS,RUA DA BELA VISTA,845,"",E/F A ANTIGA FABRICA DA MINERVA / ESQUINA COM A ASINHA DO TONHO / AO LADO DO DIAGNÓSTICO CARDIACO,RUA DA BELA VISTA,845,E/F A ANTIGA FABRICA DA MINERVA / ESQUINA COM A ASINHA DO TONHO / AO LADO DO DIAGNÓSTICO CARDIACO,DOIS UNIDOS,,"",COLISÃO,ENTRE CAMINHÃO E ÕNIBUS. S/V,,,,,,1,1,,,0,,"","","","","","","","","","","","",""
1491,2019-02-20T00:00:00,18:57:00,SEM VÍTIMA,FINALIZADA,AREIAS,AV RECIFE,"","","",AV RECIFE,"","",AREIAS,494,SUBURBIO,ABALROAMENTO LONGITUDINAL,ENTRE CAMINHÃO E AUTO. S/V,1,,,,,,1,,,0,,Longo da via,Bom,Sem defeito,Perfeito estado,Seca,Perfeito estado,Faixa de pedestre,Outras,60 km/h,Única,Faixa seccionada,"",""
1492,2019-02-20T00:00:00,18:58:00,SEM VÍTIMA,FINALIZADA,GRAÇAS,AV RUI BARBOSA,2015,"",SEMÁFORO126,AV RUI BARBOSA,2015,SEMÁFORO126,GRAÇAS,126,CIDADE,COLISÃO TRASEIRA,3 VEICULOS,2,,,,,,,,,0,,Longo da via,Bom,Sem defeito,Perfeito estado,Seca,Perfeito estado,Faixa de pedestre,"","",Única,"","",""
1493,2019-02-20T00:00:00,19:24:00,COM VÍTIMA,FINALIZADA,AREIAS,AV RECIFE,4200,"",RESIDENCIAL INES ANDREAZZA,AV RECIFE,4200,RESIDENCIAL INES ANDREAZZA,AREIAS,,SUBURBIO,COLISÃO TRASEIRA,ENTRE AUTO E MOTO. C/V,1,1,,,,,,,,1,,Longo da via,Bom,Sem defeito,Perfeito estado,Seca,Perfeito estado,Faixa de pedestre,Não há placas,60 km/h,Dupla,Canteiro central,"",""