_id,DATA,hora,natureza_acidente,situacao,bairro,endereco,numero,detalhe_endereco_acidente,complemento,endereco_cruzamento,numero_cruzamento,referencia_cruzamento,bairro_cruzamento,num_semaforo,sentido_via,tipo,descricao,auto,moto,ciclom,ciclista,pedestre,onibus,caminhao,viatura,outros,vitimas,vitimasfatais,acidente_verificado,tempo_clima,situacao_semaforo,sinalizacao,condicao_via,conservacao_via,ponto_controle,situacao_placa,velocidade_max_via,mao_direcao,divisao_via1,divisao_via2,divisao_via3
1494,2019-02-20T00:00:00,19:29:00,SEM VÍTIMA,FINALIZADA,ILHA DO LEITE,AV GOVERNADOR AGAMENON MAGALHAES,2291,"",PISTA LATERAL PRÓXIMO AO MEMORIAL SAO JOSE,AV GOVERNADOR AGAMENON MAGALHAES,2291,PISTA LATERAL PRÓXIMO AO MEMORIAL SAO JOSE,ILHA DO LEITE,,SUBURBIO,ABALROAMENTO TRANSVERSAL,CLASSIC X CAMINHAO,1,,,,,,1,,,0,,Longo da via,Bom,Não existe,Perfeito estado,Seca,Perfeito estado,Não existe,Não há placas,"",Única,Canteiro central,"",""
1495,2019-02-20T00:00:00,20:29:00,COM VÍTIMA,FINALIZADA,ILHA DO LEITE,AV GOVERNADOR AGAMENON MAGALHAES,4525,RUA DONA BENVINDA,"E/F AO INSTITUTO CERVANTES DO RECIFE, SNT OLINDA / PISTA LATERAL.",AV GOVERNADOR AGAMENON MAGALHAES,4525,"E/F AO INSTITUTO CERVANTES DO RECIFE, SNT OLINDA / PISTA LATERAL.",ILHA DO LEITE,,SUBURBIO,ABALROAMENTO TRANSVERSAL,COLISÃO ENVOLVENDO AUTO E MOTO.,1,1,,,,,,,,1,,Cruzamento,Bom,Sem defeito,Perfeito estado,Seca,Perfeito estado,"",R-6a,"",Única,Faixa,"",""
1496,2019-02-20T00:00:00,23:19:00,COM VÍTIMA,CANCELADA,IBURA,RUA DR BENIGNO JORDAO DE VASCONCELOS,35,"",PRÓX AO MERCADO TREVO / E/F A LOJA CRISMA,RUA DR BENIGNO JORDAO DE VASCONCELOS,35,PRÓX AO MERCADO TREVO / E/F A LOJA CRISMA,IBURA,,"",COLISÃO,ENTRE AUTO E MOTO. C/V,1,1,,,,,,,,1,,"","","","","","","","","","","","",""
1497,2019-02-21T00:00:00,02:45:00,SEM VÍTIMA,CANCELADA,ILHA DO RETIRO,RUA SPORT CLUBE DO RECIFE,"",RUA TABAIARES,E/F AO CLUB SPORT / SEMÁFORO 355 - GIRADOR DO SPORT,RUA SPORT CLUBE DO RECIFE,"",E/F AO CLUB SPORT / SEMÁFORO 355 - GIRADOR DO SPORT,ILHA DO RETIRO,,"",COLISÃO,ENTRE 2 AUTOS. S/V,2,,,,,,,,,0,,"","","","","","","","","","","","",""
1498,2019-02-21T00:00:00,07:00:00,SEM VÍTIMA,FINALIZADA,AFOGADOS,AV SUL,"","",EM FRENTE A CAIXA ECONOMICA FEDERAL,AV SUL,"",EM FRENTE A CAIXA ECONOMICA FEDERAL,AFOGADOS,,SUBURBIO,ABALROAMENTO LONGITUDINAL,"SEM VITIMAS ,GRAVIDA DE NOVE MESES NO VEÍCULO",1,,,,,1,,,,0,,Longo da via,Bom,Sem defeito,Perfeito estado,Seca,Perfeito estado,Não existe,Outras,"",Única,Faixa seccionada,"",""
1499,2019-02-21T00:00:00,07:15:00,SEM VÍTIMA,FINALIZADA,SÃO JOSÉ,TRV DO RAPOSO,"",AV AGOSTINHO GOMES,"",TRV DO RAPOSO,"","",SÃO JOSÉ,,SUBURBIO,ABALROAMENTO TRANSVERSAL,SEM VÍTIMAS,2,,,,,,,,,0,,Cruzamento,Bom,Não existe,Incompleta,Seca,Perfeito estado,Não existe,Outras,"",Dupla,Faixa seccionada,"",""
1500,2019-02-21T00:00:00,07:18:00,SEM VÍTIMA,FINALIZADA,TORRE,RUA CONDE DE IRAJA,"",RUA REAL DA TORRE,SEMÁFORO 106,RUA CONDE DE IRAJA,"",SEMÁFORO 106,TORRE,106,SUBURBIO,ABALROAMENTO LONGITUDINAL,SEM VITIMAS,1,1,,,,,,,,0,,Cruzamento,Bom,Sem defeito,Perfeito estado,Seca,Perfeito estado,Faixa de pedestre,R-6a,30 km/h,Única,Faixa contínua,"",""
1501,2019-02-21T00:00:00,07:43:00,SEM VÍTIMA,FINALIZADA,IPSEP,RUA PINTOR ANTONIO ALBUQUERQUE,"","",AO LADO DO POSTO SHELL,RUA PINTOR ANTONIO ALBUQUERQUE,"",AO LADO DO POSTO SHELL,IPSEP,,CIDADE,ABALROAMENTO LONGITUDINAL,SEM VITIMAS,2,,,,,,,,,0,,Longo da via,Bom,Não existe,Perfeito estado,Seca,Perfeito estado,Não existe,Não há placas,60 km/h,"","","",""
1502,2019-02-22T00:00:00,08:14:00,SEM VÍTIMA,FINALIZADA,IMBIRIBEIRA,RUA OLIVIA MENELAU,36,AV MARECHAL MASCARENHAS DE MORAES,"",RUA OLIVIA MENELAU,36,"",IMBIRIBEIRA,396,CIDADE,ABALROAMENTO LONGITUDINAL,COLISÃO SEM VITIMAS,2,,,,,,1,,,0,,Longo da via,Bom,Sem defeito,Perfeito estado,Seca,Perfeito estado,Não existe,Não há placas,"",Única,Não existe,"",""
1503,2019-02-21T00:00:00,08:09:00,SEM VÍTIMA,FINALIZADA,BOA VIAGEM,AV BOA VIAGEM,634,"","",AV BOA VIAGEM,634,"",BOA VIAGEM,,CIDADE,COLISÃO TRASEIRA,SEM VÍTIMAS,3,,,,,,,,,0,,Longo da via,Bom,Não existe,Perfeito estado,Seca,Perfeito estado,Não existe,Não há placas,"",Única,Faixa contínua,"",""
1504,2019-02-21T00:00:00,08:13:00,COM VÍTIMA,FINALIZADA,IMBIRIBEIRA,AV MARECHAL MASCARENHAS DE MORAES,7935,"",NA ENTRADA DO JORDÃO EM FRENTE AO AEROPORTO. AO LADO DA LOJA MP MULTIMARCAS.,AV MARECHAL MASCARENHAS DE MORAES,7935,NA ENTRADA DO JORDÃO EM FRENTE AO AEROPORTO. AO LADO DA LOJA MP MULTIMARCAS.,IMBIRIBEIRA,626,CIDADE,ABALROAMENTO TRANSVERSAL,COLISÃO ENVOLVENDO MOTOCICLETA E CAMINHONETE.,,1,,,,,1,,,1,,Longo da via,Bom,Não existe,Perfeito estado,Seca,Perfeito estado,Não existe,Não há placas,"",Única,Faixa seccionada,"",""
1505,2019-02-21T00:00:00,08:41:00,SEM VÍTIMA,FINALIZADA,CORDEIRO,AV CAXANGA,1793,RUA PAES CABRAL,E/F A FÁCIL PNEUS,AV CAXANGA,1793,E/F A FÁCIL PNEUS,CORDEIRO,,"",ABALROAMENTO LONGITUDINAL,SEM VÍTIMAS,1,,,,,,1,,,0,,Longo da via,Bom,Não existe,Perfeito estado,Seca,Perfeito estado,Não existe,Não há placas,"",Dupla,Canteiro central,"",""
1506,2019-02-21T00:00:00,08:54:00,SEM VÍTIMA,FINALIZADA,SANTO ANTÔNIO,AV MARTINS DE BARROS,"",PRC DA REPUBLICA,PRAÇA DA REPÚBLICA,AV MARTINS DE BARROS,"",PRAÇA DA REPÚBLICA,SANTO ANTÔNIO,164,SUBURBIO,ABALROAMENTO LONGITUDINAL,SEM VITIMAS,2,,,,,,,,,0,,Cruzamento,Bom,Sem defeito,Perfeito estado,Seca,Perfeito estado,Faixa de pedestre,"","",Única,Faixa seccionada,"",""
1507,2019-02-21T00:00:00,09:20:00,SEM VÍTIMA,FINALIZADA,AFOGADOS,AV SUL,"","",EM FRENTE A ESTAÇAO LARGO DA PAZ,AV SUL,"",EM FRENTE A ESTAÇAO LARGO DA PAZ,AFOGADOS,,CIDADE,ABALROAMENTO LONGITUDINAL,CAMINHAO E AUTO ,1,,,,,,1,,,0,,Longo da via,Bom,Não existe,Incompleta,Seca,Perfeito estado,Não existe,R-6a,"",Única,Faixa contínua,"",""
1508,2019-02-21T00:00:00,09:30:00,SEM VÍTIMA,FINALIZADA,JARDIM SÃO PAULO,RUA LEOBINA PEREIRA,343,RUA ANIBAL PORTELA,EM FRENTE A PIZZARIA DO GORDO,RUA LEOBINA PEREIRA,343,EM FRENTE A PIZZARIA DO GORDO,JARDIM SÃO PAULO,,"",ABALROAMENTO LONGITUDINAL,COLISÃO SEM VITIMAS,1,,,,,,1,,,0,,Cruzamento,Bom,Não existe,Perfeito estado,Seca,Perfeito estado,Não existe,Não há placas,"",Dupla,Não existe,"",""
1509,2019-02-21T00:00:00,10:00:00,SEM VÍTIMA,FINALIZADA,AFOGADOS,AV SUL,"","",FRENTE A ESTAÇÃO LARGO DA PAZ,AV SUL,"",FRENTE A ESTAÇÃO LARGO DA PAZ,AFOGADOS,,"",ABALROAMENTO LONGITUDINAL,COLISÃO SEM VITIMAS,2,,,,,,,,,0,,Longo da via,Bom,Não existe,Incompleta,Seca,Perfeito estado,Não existe,R-6a,"",Única,Faixa contínua,"",""
1510,2019-02-21T00:00:00,10:04:00,SEM VÍTIMA,FINALIZADA,IMBIRIBEIRA,AV MARECHAL MASCARENHAS DE MORAES,1022,AV PINHEIROS,EM FRENTE AO POSTO IPIRANGA/PETRO MEGA,AV MARECHAL MASCARENHAS DE MORAES,1022,EM FRENTE AO POSTO IPIRANGA/PETRO MEGA,IMBIRIBEIRA,,AEROPORTO,COLISÃO,SEM VITIMAS,1,,,,,,,,,0,,"","","","","","","","","","","","",""
1511,2019-02-21T00:00:00,10:05:00,SEM VÍTIMA,FINALIZADA,BOA VIAGEM,RUA ANTONIO FALCAO,455,"",EM FRENTE AO DEPOSITO DE FRUTAS E VERDURAS,RUA ANTONIO FALCAO,455,EM FRENTE AO DEPOSITO DE FRUTAS E VERDURAS,BOA VIAGEM,,"",COLISÃO,CAMINHAO E AUTO,1,,,,,,1,,,0,,"","","","","","","","","","","","",""
1512,2019-02-21T00:00:00,10:08:00,SEM VÍTIMA,CANCELADA,BOA VISTA,RUA VISCONDE DE GOIANA,80,RUA JOSE DE ALENCAR,PROX A MERCEARIA DO BRAS,RUA VISCONDE DE GOIANA,80,PROX A MERCEARIA DO BRAS,BOA VISTA,,"",COLISÃO,COLISÃO SEM VITIMAS,2,,,,,,,,,0,,"","","","","","","","","","","","",""
1513,2019-02-21T00:00:00,11:01:00,SEM VÍTIMA,FINALIZADA,SANTO ANTÔNIO,PRC DA REPUBLICA,"","",FRENTE A PRAÇA DA REPÚBLICA,PRC DA REPUBLICA,"",FRENTE A PRAÇA DA REPÚBLICA,SANTO ANTÔNIO,278,SUBURBIO,COLISÃO TRASEIRA,COLISÃO ENTRE DOIS VEÍCULOS,2,,,,,,,,,0,,Longo da via,Bom,Sem defeito,Perfeito estado,Seca,Perfeito estado,Faixa de pedestre,Outras,"",Única,Faixa contínua,"",""
1514,2019-02-21T00:00:00,11:09:00,SEM VÍTIMA,FINALIZADA,CASA FORTE,AV DEZESSETE DE AGOSTO,1495,"",EM FRENTE A AMERICANA EXPRESSE,AV DEZESSETE DE AGOSTO,1495,EM FRENTE A AMERICANA EXPRESSE,CASA FORTE,,"",COLISÃO,AUTO E ONIBUS,1,,,,,1,,,,0,,"","","","","","","","","","","","",""
1515,2019-02-21T00:00:00,11:45:00,SEM VÍTIMA,DUPLICIDADE,SÃO JOSÉ,RUA IMPERIAL,1600,"",E/F A JUCEPE,RUA IMPERIAL,1600,E/F A JUCEPE,SÃO JOSÉ,,"",COLISÃO,SEM VÍTIMAS,,,,,,,,,,0,,"","","","","","","","","","","","",""
1516,2019-02-21T00:00:00,12:13:00,SEM VÍTIMA,CANCELADA,ROSARINHO,RUA COUTO MAGALHAES,460,"",NA ESQUINA DO COLEGIO FAZER CRESCER,RUA COUTO MAGALHAES,460,NA ESQUINA DO COLEGIO FAZER CRESCER,ROSARINHO,,"",COLISÃO,ENTRE DOIS AUTOS S/V,2,,,,,,,,,0,,"","","","","","","","","","","","",""
1517,2019-02-21T00:00:00,12:19:00,SEM VÍTIMA,FINALIZADA,SÃO JOSÉ,RUA IMPERIAL,"",TRV DO GASPAR,EM FRENTE A JUCEPE,RUA IMPERIAL,"",EM FRENTE A JUCEPE,SÃO JOSÉ,,SUBURBIO,CHOQUE OBJETO FIXO,"",1,,,,,,,,,0,,Cruzamento,Bom,Não existe,Perfeito estado,Seca,Perfeito estado,Não existe,Outras,"",Única,Faixa contínua,"",""
1518,2019-02-21T00:00:00,12:33:00,COM VÍTIMA,FINALIZADA,BARRO,AV DR JOSE RUFINO,2533,RUA PERY,EM FRENTE A RECEPÇÃO SOCORRO VENANCIO,AV DR JOSE RUFINO,2533,EM FRENTE A RECEPÇÃO SOCORRO VENANCIO,BARRO,,CIDADE,ABALROAMENTO TRANSVERSAL,COLISÃO ENVOLVENDO AUTO E MOTO.,1,1,,,,,,,,1,,Esquina,Bom,Não existe,Perfeito estado,Seca,Perfeito estado,Não existe,Não há placas,"",Dupla,Faixa seccionada,"",""
1519,2019-02-21T00:00:00,12:56:00,SEM VÍTIMA,FINALIZADA,BAIRRO DO RECIFE,CAIS DO APOLO,"","","",CAIS DO APOLO,"","",BAIRRO DO RECIFE,19,"",ABALROAMENTO LONGITUDINAL,AUTO E CAMINHAO S/V,1,,,,,,1,,,0,,Longo da via,Bom,Sem defeito,Perfeito estado,Seca,Perfeito estado,Faixa de pedestre,Outras,60 km/h,Dupla,Canteiro central,"",""
1520,2019-02-21T00:00:00,13:25:00,SEM VÍTIMA,FINALIZADA,NOVA DESCOBERTA,RUA NOVA DESCOBERTA,124,"",EM FRENTE A LOJA REQUINTE MÓVEIS,RUA NOVA DESCOBERTA,124,EM FRENTE A LOJA REQUINTE MÓVEIS,NOVA DESCOBERTA,,SUBURBIO,COLISÃO TRASEIRA,ENTRE AUTOS S/V,2,,,,,,,,,0,,Longo da via,Bom,Não existe,Perfeito estado,Seca,Perfeito estado,Não existe,R-6a,30 km/h,Dupla,Faixa seccionada,"",""
1521,2019-02-21T00:00:00,13:36:00,SEM VÍTIMA,FINALIZADA,BOA VISTA,RUA DO RIACHUELO,105,"",ESTAÇÃO DO BRT,RUA DO RIACHUELO,105,ESTAÇÃO DO BRT,BOA VISTA,,CIDADE,COLISÃO TRASEIRA,ENTRE AUTO E MOTO S/V,1,1,,,,,,,,0,,Longo da via,Bom,Não existe,Ilegível,Seca,Perfeito estado,Faixa de pedestre,R-6a,"",Dupla,Canteiro central,"",""
1522,2019-02-21T00:00:00,13:40:00,COM VÍTIMA,FINALIZADA,DERBY,RUA AMAURI DE MEDEIROS,110,RUA BARAO DE GOIANA,EM FRENTE AO CONDOMINIO DERBY PARK,RUA AMAURI DE MEDEIROS,110,EM FRENTE AO CONDOMINIO DERBY PARK,DERBY,,SUBURBIO,ABALROAMENTO TRANSVERSAL,COLISÃO ENVOLVENDO AUTO E MOTO.,1,1,,,,,,,,1,,Cruzamento,Bom,Não existe,Ilegível,Seca,Perfeito estado,"",Não há placas,"",Única,Outros,"",""
1523,2019-02-21T00:00:00,14:39:00,COM VÍTIMA,FINALIZADA,JIQUIÁ,RUA SAO MIGUEL,"",RUA BELEM DE MARIA,NO SEMÁFORO 425,RUA SAO MIGUEL,"",NO SEMÁFORO 425,JIQUIÁ,425,CIDADE,ABALROAMENTO LONGITUDINAL,COLISÃO ENVOLVENDO AUTO E MOTO.,1,1,,,,,,,,1,,Cruzamento,Bom,Sem defeito,Perfeito estado,Seca,Perfeito estado,Faixa de pedestre,Não há placas,50 km/h,Dupla,Faixa contínua,"",""
1524,2019-02-21T00:00:00,14:42:00,SEM VÍTIMA,FINALIZADA,ILHA DO LEITE,PRC CHORA MENINO,"","",EM FRENTE À UNIMED,PRC CHORA MENINO,"",EM FRENTE À UNIMED,ILHA DO LEITE,,"",COLISÃO,ENTRE AUTOS S/V,2,,,,,,,,,0,,"","","","","","","","","","","","",""
1525,2019-02-21T00:00:00,15:39:00,COM VÍTIMA,FINALIZADA,BOA VISTA,RUA PRINCESA IZABEL,"",RUA DO HOSPICIO,EM FRENTE A CÂMARA,RUA PRINCESA IZABEL,"",EM FRENTE A CÂMARA,BOA VISTA,31,CIDADE,ABALROAMENTO LONGITUDINAL,COLISÃO ENVOLVENDO DUAS MOTOS.,,2,,,,,,,,1,,Cruzamento,Bom,Sem defeito,Perfeito estado,Seca,Perfeito estado,Agente,Outras,"",Dupla,Faixa contínua,"",""
1526,2019-02-21T00:00:00,15:42:00,COM VÍTIMA,FINALIZADA,CASA AMARELA,AV NORTE,4312,RUA GOMES COUTINHO,PRÓX AO SESC // EM FRENTE AO POSTO BR,AV NORTE,4312,PRÓX AO SESC // EM FRENTE AO POSTO BR,CASA AMARELA,643,"",ABALROAMENTO LONGITUDINAL,COLISÃO ENVOLVENDO AUTO E MOTO.,1,1,,,,,,,,1,,Cruzamento,Bom,Sem defeito,Perfeito estado,Seca,Perfeito estado,Faixa de pedestre,R-6a,"",Única,Faixa,"",""
1527,2019-02-21T00:00:00,15:47:00,SEM VÍTIMA,FINALIZADA,AFLITOS,AV CONS ROSA E SILVA,257,"","",AV CONS ROSA E SILVA,257,"",AFLITOS,,SUBURBIO,ABALROAMENTO LONGITUDINAL,DOIS AUTOS,2,,,,,,,,,0,,Longo da via,Bom,Não existe,Perfeito estado,Seca,Perfeito estado,"",R-6a,60 km/h,Única,Faixa seccionada,"",""
1528,2019-02-21T00:00:00,16:33:00,SEM VÍTIMA,FINALIZADA,JIQUIÁ,AV DR JOSE RUFINO,268,"",LADO OPOSTO AO COLEGIO VISAO,AV DR JOSE RUFINO,268,LADO OPOSTO AO COLEGIO VISAO,JIQUIÁ,82,SUBURBIO,ABALROAMENTO LONGITUDINAL,ENTRE AUTO E ONIBUS DA METROPOLITNA,1,,,,,1,,,,0,,Longo da via,Bom,Sem defeito,Perfeito estado,Seca,Perfeito estado,Faixa de pedestre,R-6a,60 km/h,Dupla,Faixa contínua,"",""
1529,2019-02-21T00:00:00,17:00:00,SEM VÍTIMA,FINALIZADA,ESPINHEIRO,RUA DO ESPINHEIRO,"",RUA BARAO DE ITAMARACA,EM FRENTE À FARMÁCIA EXTRAFARMA,RUA DO ESPINHEIRO,"",EM FRENTE À FARMÁCIA EXTRAFARMA,ESPINHEIRO,86,"",COLISÃO TRASEIRA,ÔNIBUS X AUTO S/V,1,,,,,1,,,,0,,"",Bom,Sem defeito,Perfeito estado,Seca,Perfeito estado,Faixa de pedestre,R-6a,"",Única,Faixa contínua,"",""
1530,2019-02-21T00:00:00,17:21:00,SEM VÍTIMA,CANCELADA,BARRO,RUA ANDRE DE ALBUQUERQUE,"",AV DR JOSE RUFINO,PROX. A IGREJA DO BARRO,RUA ANDRE DE ALBUQUERQUE,"",PROX. A IGREJA DO BARRO,BARRO,2286,"",COLISÃO,AUTO E ONIBUS DA METROPOLITANA,1,,,,,1,,,,0,,"","","","","","","","","","","","",""
1531,2019-02-21T00:00:00,17:21:00,SEM VÍTIMA,FINALIZADA,BOA VISTA,RUA PRINCESA IZABEL,"",RUA DA SAUDADE,EM FRENTE AO EDF FAÍSCA,RUA PRINCESA IZABEL,"",EM FRENTE AO EDF FAÍSCA,BOA VISTA,168,CIDADE,ABALROAMENTO LONGITUDINAL,ÔNIBUS X AUTO S/V.,1,,,,,1,,,,0,,Cruzamento,Bom,Sem defeito,Perfeito estado,Seca,Perfeito estado,Faixa de pedestre,Outras,40 km/h,Única,Faixa contínua,Faixa seccionada,""
1532,2019-02-21T00:00:00,17:57:00,SEM VÍTIMA,FINALIZADA,ROSARINHO,AV SANTOS DUMONT,256,"",E/F A PRC SANTOS DUMONT,AV SANTOS DUMONT,256,E/F A PRC SANTOS DUMONT,ROSARINHO,,"",ABALROAMENTO LONGITUDINAL,ENTRE 2 AUTOS. S/V,2,,,,,,,,,0,,Longo da via,Bom,Não existe,Incompleta,Seca,Perfeito estado,Não existe,Não há placas,"",Única,Faixa contínua,"",""
1533,2019-02-21T00:00:00,18:11:00,SEM VÍTIMA,EQUIPE EM DESLOCAMENTO,BOA VIAGEM,AV ENGENHEIRO DOMINGOS FERREIRA,2800,RUA PADRE BERNADINO PESSOA,PROX A LOJA PAMESA,AV ENGENHEIRO DOMINGOS FERREIRA,2800,PROX A LOJA PAMESA,BOA VIAGEM,144,"",COLISÃO,ONIBUS BORBOREMA X COBALT,1,,,,,1,,,,0,,"","","","","","","","","","","","",""
1534,2019-02-21T00:00:00,18:45:00,SEM VÍTIMA,FINALIZADA,SANTO AMARO,AV GOVERNADOR AGAMENON MAGALHAES,"",RUA ANTONIO SIMOES,MINISTERIO PUBLICO FEDERAL ESQUINA,AV GOVERNADOR AGAMENON MAGALHAES,"",MINISTERIO PUBLICO FEDERAL ESQUINA,SANTO AMARO,,SUBURBIO,ABALROAMENTO LONGITUDINAL,IDEIA X CITROEEN,2,,,,,,,,,0,,Longo da via,Bom,Sem defeito,Incompleta,Seca,Perfeito estado,Não existe,Não há placas,30 km/h,Única,Canteiro central,"",""
1535,2019-02-21T00:00:00,19:03:00,SEM VÍTIMA,FINALIZADA,ILHA DO RETIRO,RUA SPORT CLUBE DO RECIFE,"","",POSTE Nº B021543 NA CURVA A DIREITA SENTIDO TUNEL CHICO SCIENSE,RUA SPORT CLUBE DO RECIFE,"",POSTE Nº B021543 NA CURVA A DIREITA SENTIDO TUNEL CHICO SCIENSE,ILHA DO RETIRO,,CIDADE,ABALROAMENTO LONGITUDINAL,ENTRE AUTO E MOTO. C/V,1,1,,,,,,,,0,,"",Bom,Não existe,Incompleta,Seca,Perfeito estado,Não existe,Não há placas,"",Única,Não existe,"",""
1536,2019-02-21T00:00:00,20:16:00,SEM VÍTIMA,CANCELADA,ILHA DO LEITE,AV FREI MATIAS TEVES,280,RUA JORNALISTA TRAJANO CHACON,PROX AO ALBERT EINSTEEIN,AV FREI MATIAS TEVES,280,PROX AO ALBERT EINSTEEIN,ILHA DO LEITE,,"",COLISÃO,POLO X FRONTIER,2,,,,,,,,,0,,"","","","","","","","","","","","",""
1537,2019-02-21T00:00:00,21:42:00,COM VÍTIMA,FINALIZADA,IPSEP,RUA HELIO BRANDAO,135,RUA ADERBAL DE MELO,PROX AO RESTAURANTE CHAMBARIL E FEIJOADA DO JOAO,RUA HELIO BRANDAO,135,PROX AO RESTAURANTE CHAMBARIL E FEIJOADA DO JOAO,IPSEP,,SUBURBIO,ABALROAMENTO LONGITUDINAL,COLISÃO ENVOLVENDO AUTO E MOTO.,1,1,,,,,,,,1,,Cruzamento,Bom,Não existe,Perfeito estado,Seca,Perfeito estado,Não existe,Placas Pare,30 km/h,Dupla,Faixa seccionada,"",""
1538,2019-02-21T00:00:00,21:50:00,SEM VÍTIMA,CANCELADA,SOLEDADE,AV CONDE DA BOA VISTA,1209,"",E/F AO GRAU TÉCNICO / AO LADO DA GENNESBURGUER / SNT SUB,AV CONDE DA BOA VISTA,1209,E/F AO GRAU TÉCNICO / AO LADO DA GENNESBURGUER / SNT SUB,SOLEDADE,,"",COLISÃO,ENTRE 2 AUTOS. S/V,2,,,,,,,,,0,,"","","","","","","","","","","","",""
1539,2019-02-21T00:00:00,23:00:00,SEM VÍTIMA,FINALIZADA,SANTO AMARO,AV GOVERNADOR AGAMENON MAGALHAES,"","","",AV GOVERNADOR AGAMENON MAGALHAES,"","",SANTO AMARO,379,CIDADE,CHOQUE OBJETO FIXO,VT DA PM X MEIO FIO,,,,,,,,1,1,0,,Longo da via,Bom,Sem defeito,Perfeito estado,Seca,Perfeito estado,Faixa de pedestre,R-6a,60 km/h,Dupla,Canal,"",""
1540,2019-02-22T00:00:00,01:22:00,SEM VÍTIMA,FINALIZADA,FUNDÃO,RUA CORONEL URBANO RIBEIRO DE SENA,665 A,RUA CONSTANCA,FRIGORÍFICO DOIS IRMÃOS,RUA CORONEL URBANO RIBEIRO DE SENA,665 A,FRIGORÍFICO DOIS IRMÃOS,FUNDÃO,,SUBURBIO,CHOQUE OBJETO FIXO,"CONDUTOR PERDEU O CONTROLE DO VEÍCULO E CHOCOU-SE CONTRA UMA ÁRVORE, DERRUBOU OS FERROS DE PROTEÇÃO DA CALÇADA E QUEBROU DOIS BANCOS DE CONCRETO, E EM SEGUIDA O MESMO ABANDONOU O VEÍCULO NO LOCAL",1,,,,,,,,,0,,Longo da via,Bom,Não existe,Perfeito estado,Seca,Perfeito estado,Não existe,Não há placas,30 km/h,Dupla,Faixa seccionada,"",""
1541,2019-02-22T00:00:00,05:10:00,SEM VÍTIMA,FINALIZADA,AFOGADOS,RUA NICOLAU PEREIRA,"",RUA DA PAZ,"",RUA NICOLAU PEREIRA,"","",AFOGADOS,73,SUBURBIO,ABALROAMENTO LONGITUDINAL,"COLISÃO ENTRE AUTO E ÔNIBUS, SEM VÍTIMAS.",1,,,,,1,,,,0,,Cruzamento,Chuvoso,Sem defeito,Perfeito estado,Molhada,Perfeito estado,Faixa de pedestre,Outras,40 km/h,Única,Faixa seccionada,"",""
1542,2019-02-22T00:00:00,05:17:00,VÍTIMA FATAL,FINALIZADA,TEJIPIÓ,AV LIBERDADE,533,"",PROX AO MERCADINHO COMPRE MAIS E PROX DA ANTIGA DELEGACIA DE ROUBOS E FURTOS,AV LIBERDADE,533,PROX AO MERCADINHO COMPRE MAIS E PROX DA ANTIGA DELEGACIA DE ROUBOS E FURTOS,TEJIPIÓ,,SUBURBIO,CHOQUE OBJETO FIXO,"COLISÃO ENTRE AUTO E MOTO COM VITIMA, AUTO EVADIU DO LOCAL",1,1,,,,,,,,1,1,Longo da via,Chuvoso,Não existe,Perfeito estado,Molhada,Perfeito estado,Não existe,R-6a,"",Dupla,Faixa,"",""
1543,2019-02-22T00:00:00,06:16:00,COM VÍTIMA,CANCELADA,ARRUDA,RUA DAS MOCAS,"",AV BEBERIBE,"",RUA DAS MOCAS,"","",ARRUDA,,"",COLISÃO,"",1,1,,,,,,,,1,,"","","","","","","","","","","","",""
1544,2019-02-22T00:00:00,07:24:00,SEM VÍTIMA,FINALIZADA,NOVA DESCOBERTA,RUA NOVA DESCOBERTA,144,"",EM FRENTE A FARMACIA DO LARGO,RUA NOVA DESCOBERTA,144,EM FRENTE A FARMACIA DO LARGO,NOVA DESCOBERTA,,"",CHOQUE,VEICULO CHOCOU- SE COM A ARVORE,,,,,,,1,,,0,,"","","","","","","","","","","","",""
1545,2019-02-22T00:00:00,07:27:00,SEM VÍTIMA,FINALIZADA,ARRUDA,AV BEBERIBE,1359,RUA JOSE AUSTREGESILO,E/F AO CARTÓRIO CIVIL DO 15º DISTRITO JUDICIARIO,AV BEBERIBE,1359,E/F AO CARTÓRIO CIVIL DO 15º DISTRITO JUDICIARIO,ARRUDA,492,CIDADE,ABALROAMENTO LONGITUDINAL,SEM VÍTIMAS,1,1,,,,,,,,0,,Cruzamento,Bom,Sem defeito,Perfeito estado,Seca,Perfeito estado,Faixa de pedestre,Outras,"",Dupla,Faixa contínua,"",""
1546,2019-02-22T00:00:00,07:44:00,SEM VÍTIMA,FINALIZADA,SANTO AMARO,AV NORTE,"","",SOBRE A PONTE DO LIMOEIRO,AV NORTE,"",SOBRE A PONTE DO LIMOEIRO,SANTO AMARO,243,CIDADE,COLISÃO TRASEIRA,DOIS AUTOS,2,,,,,,,,,0,,Ponte,Bom,Sem defeito,Perfeito estado,Seca,Perfeito estado,Agente,"","",Dupla,Faixa contínua,"",""
1547,2019-02-22T00:00:00,08:43:00,SEM VÍTIMA,FINALIZADA,MADALENA,RUA BENFICA,"","",E/F AO MARTELINHO DE OURO,RUA BENFICA,"",E/F AO MARTELINHO DE OURO,MADALENA,,"",COLISÃO,SEM VÍTIMAS,1,1,,,,,,,,0,,"","","","","","","","","","","","",""
1548,2019-02-22T00:00:00,08:49:00,SEM VÍTIMA,FINALIZADA,BEBERIBE,AV BEBERIBE,"","",LADO OPOSTO AO MAX SAUDE,AV BEBERIBE,"",LADO OPOSTO AO MAX SAUDE,BEBERIBE,314,CIDADE,COLISÃO TRASEIRA,SEM VITIMAS,2,1,,,,,,,,0,,Longo da via,Bom,Sem defeito,Perfeito estado,Seca,Perfeito estado,Faixa de pedestre,R-6a,"",Dupla,Faixa contínua,"",""
1549,2019-02-22T00:00:00,09:06:00,SEM VÍTIMA,FINALIZADA,IPSEP,AV RECIFE,3405,"",EM FRENTE AO RESIDENCIAL VILA DA SUDENE,AV RECIFE,3405,EM FRENTE AO RESIDENCIAL VILA DA SUDENE,IPSEP,,SUBURBIO,COLISÃO TRASEIRA,SEM VÍTIMAS,2,,,,,,,,,0,,Longo da via,Bom,Não existe,Perfeito estado,Seca,Mal conservada,Não existe,Outras,60 km/h,Dupla,Canteiro central,"",""