_id,DATA,hora,natureza_acidente,situacao,bairro,endereco,numero,detalhe_endereco_acidente,complemento,endereco_cruzamento,numero_cruzamento,referencia_cruzamento,bairro_cruzamento,num_semaforo,sentido_via,tipo,descricao,auto,moto,ciclom,ciclista,pedestre,onibus,caminhao,viatura,outros,vitimas,vitimasfatais,acidente_verificado,tempo_clima,situacao_semaforo,sinalizacao,condicao_via,conservacao_via,ponto_controle,situacao_placa,velocidade_max_via,mao_direcao,divisao_via1,divisao_via2,divisao_via3
1660,2019-02-25T00:00:00,12:01:00,SEM VÍTIMA,FINALIZADA,AFOGADOS,AV SUL,1148,"","",AV SUL,1148,"",AFOGADOS,,CIDADE,COLISÃO,ENTRE DOIS VEÍCULOS,2,,,,,,,,,0,,"","","","","","","","","","","","",""
1661,2019-02-25T00:00:00,12:03:00,SEM VÍTIMA,FINALIZADA,DERBY,AV GOVERNADOR AGAMENON MAGALHAES,"","",ANTES DO SEMÁFORO 174,AV GOVERNADOR AGAMENON MAGALHAES,"",ANTES DO SEMÁFORO 174,DERBY,174,"",COLISÃO TRASEIRA,COLISÃO SEM VÍTIMA,2,,,,,,,,,0,,Longo da via,Bom,Sem defeito,Perfeito estado,Seca,Perfeito estado,Faixa de pedestre,Não há placas,60 km/h,Dupla,Canal,"",""
1662,2019-02-25T00:00:00,12:05:00,SEM VÍTIMA,CANCELADA,BOMBA DO HEMETÉRIO,RUA BOMBA DO HEMETERIO,163,"",PROX. AO GIGANTE DO SAMBA,RUA BOMBA DO HEMETERIO,163,PROX. AO GIGANTE DO SAMBA,BOMBA DO HEMETÉRIO,,"",COLISÃO,ENTRE DUAS MOTOS,,2,,,,,,,,0,,"","","","","","","","","","","","",""
1663,2019-02-25T00:00:00,12:17:00,COM VÍTIMA,FINALIZADA,TAMARINEIRA,AV NORTE,"",RUA CONEGO BARATA,"",AV NORTE,"","",TAMARINEIRA,,SUBURBIO,ATROPELAMENTO,ATROPELAMENTO ENVOLVENDO MOTOCICLETA E PEDESTRE.,,1,,,1,,,,,1,,Cruzamento,Bom,Sem defeito,Perfeito estado,Seca,Perfeito estado,Faixa de pedestre,Placas Pare,"",Dupla,Canteiro central,"",""
1664,2019-02-25T00:00:00,12:18:00,COM VÍTIMA,FINALIZADA,COELHOS,RUA DOS COELHOS,351,"",EM FRENTE AO IMIP,RUA DOS COELHOS,351,EM FRENTE AO IMIP,COELHOS,,CIDADE,COLISÃO COM CICLISTA,COLISÃO ENVOLVENDO MOTO E BICICLETA.,,1,,1,,,,,,1,,Longo da via,Bom,Sem defeito,Perfeito estado,Seca,Perfeito estado,Faixa de pedestre,Não há placas,"",Dupla,Faixa,"",""
1665,2019-02-25T00:00:00,12:47:00,SEM VÍTIMA,FINALIZADA,BOA VIAGEM,RUA BARAO DE SOUZA LEAO,1252,AV DES JOSE NEVES,"",RUA BARAO DE SOUZA LEAO,1252,"",BOA VIAGEM,476,SUBURBIO,COLISÃO TRASEIRA,COLISÃO SEM VÍTIMA,1,,,,,,1,,,0,,Cruzamento,Bom,Sem defeito,Perfeito estado,Seca,Perfeito estado,Faixa de retenção,Não há placas,"",Dupla,Canteiro central,"",""
1666,2019-02-25T00:00:00,13:08:00,SEM VÍTIMA,CANCELADA,MADALENA,RUA BENFICA,"","",EM FRENTE AO POSTO BR,RUA BENFICA,"",EM FRENTE AO POSTO BR,MADALENA,,"",COLISÃO,S/V,,,,,,,,,,0,,"","","","","","","","","","","","",""
1667,2019-02-25T00:00:00,13:47:00,SEM VÍTIMA,FINALIZADA,IPUTINGA,RUA MAURICIO DE NASSAU,576,"",LADO OPOSTO DA GALERIA AMANDA MARANHÃO,RUA MAURICIO DE NASSAU,576,LADO OPOSTO DA GALERIA AMANDA MARANHÃO,IPUTINGA,,CIDADE,COLISÃO TRASEIRA,COLISAO ENTRE VT DA POLICIA E AUTO PASSEIO S/V,1,,,,,,,1,,0,,Longo da via,Bom,Sem defeito,Perfeito estado,Seca,Perfeito estado,Faixa de pedestre,Outras,"",Dupla,Faixa seccionada,"",""
1668,2019-02-25T00:00:00,13:50:00,SEM VÍTIMA,FINALIZADA,SANTO AMARO,AV CRUZ CABUGA,"","",PRÓX AO SHOPPING TACARUNA,AV CRUZ CABUGA,"",PRÓX AO SHOPPING TACARUNA,SANTO AMARO,,"",COLISÃO,ÔNIBUS X AUTO S/V,1,,,,,1,,,,0,,"","","","","","","","","","","","",""
1669,2019-02-25T00:00:00,14:07:00,SEM VÍTIMA,CANCELADA,IPUTINGA,AV CAXANGA,"",EST DO BARBALHO,PRÓX AO POSTO BR,AV CAXANGA,"",PRÓX AO POSTO BR,IPUTINGA,533,CIDADE,COLISÃO,"",2,,,,,,,,,0,,"","","","","","","","","","","","",""
1670,2019-02-25T00:00:00,14:34:00,COM VÍTIMA,FINALIZADA,ENGENHO DO MEIO,RUA ANTONIO CURADO,170,RUA MANUEL ALVES DEUSDARA,EM FRENTE AO CAMINHO DA SORTE,RUA ANTONIO CURADO,170,EM FRENTE AO CAMINHO DA SORTE,ENGENHO DO MEIO,,"",ABALROAMENTO TRANSVERSAL,COLISÃO ENVOLVENDO DOIS AUTOMÓVEIS.,2,,,,,,,,,1,,Esquina,Bom,Não existe,Não existente,Seca,Perfeito estado,Não existe,Não há placas,"",Dupla,Não existe,"",""
1671,2019-02-25T00:00:00,16:35:00,COM VÍTIMA,FINALIZADA,IMBIRIBEIRA,AV MARECHAL MASCARENHAS DE MORAES,"","",EM FRENTE À MOVIDA,AV MARECHAL MASCARENHAS DE MORAES,"",EM FRENTE À MOVIDA,IMBIRIBEIRA,,CIDADE,ABALROAMENTO LONGITUDINAL,COLISÃO ENVOLVENDO AUTOMÓVEL E MOTOCICLETA.,1,1,,,,,,,,1,,Longo da via,Bom,Não existe,Perfeito estado,Seca,Perfeito estado,Não existe,Não há placas,"",Dupla,Canteiro central,"",""
1672,2019-02-25T00:00:00,16:48:00,SEM VÍTIMA,FINALIZADA,MADALENA,RUA DR JOAO COIMBRA,"",RUA ENGENHEIRO LEONARDO ARCOVERDE,AO LADO DO EDIFICIO BARCELONA,RUA DR JOAO COIMBRA,"",AO LADO DO EDIFICIO BARCELONA,MADALENA,,"",ABALROAMENTO TRANSVERSAL,ENTRE AUTOS S/V.,2,,,,,,,,,0,,Cruzamento,Bom,Não existe,Não existente,Seca,Perfeito estado,Não existe,Não há placas,"",Dupla,Não existe,"",""
1673,2019-02-25T00:00:00,17:07:00,SEM VÍTIMA,FINALIZADA,BOA VIAGEM,RUA AMALIA BERNARDINO DE SOUZA,286,"",PRÓX À UNINASSAU,RUA AMALIA BERNARDINO DE SOUZA,286,PRÓX À UNINASSAU,BOA VIAGEM,,SUBURBIO,COLISÃO FRONTAL,ENTRE AUTOS S/V.,2,,,,,,,,,0,,Longo da via,Bom,Não existe,Não existente,Seca,Mal iluminada,Não existe,Não há placas,"",Dupla,Não existe,"",""
1674,2019-02-25T00:00:00,17:20:00,COM VÍTIMA,FINALIZADA,AFOGADOS,RUA SAO MIGUEL,"","",EM FRENTE AO DEPATRI E B5 FIT.,RUA SAO MIGUEL,"",EM FRENTE AO DEPATRI E B5 FIT.,AFOGADOS,,SUBURBIO,ABALROAMENTO TRANSVERSAL,COLISÃO ENVOLVENDO AUTOMÓVEL E MOTOCICLETA.,1,1,,,,,,,,1,,Longo da via,Bom,Não existe,Perfeito estado,Seca,Perfeito estado,Outros,Outras,"",Dupla,Faixa seccionada,"",""
1675,2019-02-25T00:00:00,17:29:00,COM VÍTIMA,FINALIZADA,SANTO AMARO,AV GOVERNADOR AGAMENON MAGALHAES,"","",EM FRENTE A ACADEMIA DA CIDADE,AV GOVERNADOR AGAMENON MAGALHAES,"",EM FRENTE A ACADEMIA DA CIDADE,SANTO AMARO,,"",ABALROAMENTO LONGITUDINAL,COLISAO ENVOLVENDO AUTO E MOTO,1,1,,,,,,,,1,,Longo da via,Bom,Não existe,Perfeito estado,Seca,Perfeito estado,Não existe,"",60 km/h,Única,Faixa,Canteiro central,""
1676,2019-02-25T00:00:00,18:11:00,SEM VÍTIMA,FINALIZADA,IPUTINGA,AV CAXANGA,"","","EM BAIXO DO VIADULTO DA CAXANGÁ, SENTIDO HOSP. DAS CLINICAS",AV CAXANGA,"","EM BAIXO DO VIADULTO DA CAXANGÁ, SENTIDO HOSP. DAS CLINICAS",IPUTINGA,,"",ACID. DE PERCURSO,MOTOQUEIROS CAIRAM POR CAUSA DO OLEO NA VIA,,2,,,,,,,,0,,"","","","","","","","","","","","",""
1677,2019-02-25T00:00:00,18:24:00,SEM VÍTIMA,CANCELADA,SÃO JOSÉ,C SANTA RITA,"","",SEMÁFORO 076,C SANTA RITA,"",SEMÁFORO 076,SÃO JOSÉ,,CIDADE,ACID. DE PERCURSO,"",,1,,,,,,,,0,,"","","","","","","","","","","","",""
1678,2019-02-25T00:00:00,18:24:00,COM VÍTIMA,FINALIZADA,BOA VISTA,AV CONDE DA BOA VISTA,"","",EM FRENTE A FAFIRE,AV CONDE DA BOA VISTA,"",EM FRENTE A FAFIRE,BOA VISTA,,SUBURBIO,COLISÃO COM CICLISTA,COLISÃO ENVOLVENDO MOTO E BICICLETA.,,1,,1,,,,,,1,,Longo da via,Bom,Não existe,Perfeito estado,Seca,Perfeito estado,Faixa de pedestre,Não há placas,"",Dupla,Faixa contínua,"",""
1679,2019-02-25T00:00:00,18:25:00,COM VÍTIMA,FINALIZADA,LINHA DO TIRO,RUA URIEL DE HOLANDA,"","",ENF AO CALDINHO D´AMBROSIO E UPINHA DA LINHA DO TIRO,RUA URIEL DE HOLANDA,"",ENF AO CALDINHO D´AMBROSIO E UPINHA DA LINHA DO TIRO,LINHA DO TIRO,,CIDADE,COLISÃO FRONTAL,COLISÃO ENVOLVENDO AUTO E MOTO.,1,1,,,,,,,,2,,Longo da via,Bom,Não existe,Perfeito estado,Seca,Perfeito estado,Não existe,Outras,30 km/h,Dupla,Faixa,"",""
1680,2019-02-25T00:00:00,18:29:00,COM VÍTIMA,DUPLICIDADE,BOA VISTA,AV CONDE DA BOA VISTA,"","","EM FRENTE A FAFIRE, SENTIDO DERBY",AV CONDE DA BOA VISTA,"","EM FRENTE A FAFIRE, SENTIDO DERBY",BOA VISTA,,"",ATROPELAMENTO,"",,1,,1,,,,,,1,,"","","","","","","","","","","","",""
1681,2019-02-25T00:00:00,18:44:00,SEM VÍTIMA,CANCELADA,BOA VIAGEM,RUA PADRE CABRAL,"","",PROX. A PAGUE MENOS E O MAR HOTEL,RUA PADRE CABRAL,"",PROX. A PAGUE MENOS E O MAR HOTEL,BOA VIAGEM,,"",COLISÃO,COLISÃO SEM VITIMAS,2,,,,,,,,,0,,"","","","","","","","","","","","",""
1682,2019-02-25T00:00:00,19:06:00,SEM VÍTIMA,CANCELADA,PARNAMIRIM,AV DEZESSETE DE AGOSTO,2483,"",PROX AO POSTO SHELL // E AO CENTRO MEDICO ENADOR JOSE ERMIRIO DE MORAES,AV DEZESSETE DE AGOSTO,2483,PROX AO POSTO SHELL // E AO CENTRO MEDICO ENADOR JOSE ERMIRIO DE MORAES,PARNAMIRIM,,"",COLISÃO,VERSA X MERCEDES OBS:: SINTOMA DE EMBRIAGUEZ,2,,,,,,,,,0,,"","","","","","","","","","","","",""
1683,2019-02-25T00:00:00,19:38:00,SEM VÍTIMA,CANCELADA,VASCO DA GAMA,RUA ALTO DO EUCALIPTO,393,"",NA SUBIDA DA LADEIRA,RUA ALTO DO EUCALIPTO,393,NA SUBIDA DA LADEIRA,VASCO DA GAMA,,"",COLISÃO,"COLISÃO COM VITIMA, 1 AUTO E 2 MOTOS... UM DAS MOTOS OS PARENTES RECOLHERAM PARA CASA/ VITIMA NO LOCAL RECEBENDO OS PRIMEIROS SOCORROS DA EQUIPE DO SAMU",1,1,,,,,,,,0,,"","","","","","","","","","","","",""
1684,2019-02-25T00:00:00,20:25:00,COM VÍTIMA,FINALIZADA,SÃO JOSÉ,RUA FLORIANO PEIXOTO,582,"",PROXIMO A ESTAÇÃO DO METRÔ,RUA FLORIANO PEIXOTO,582,PROXIMO A ESTAÇÃO DO METRÔ,SÃO JOSÉ,,SUBURBIO,ATROPELAMENTO,ATROPELAMENTO ENTRE MOTO E PEDESTRE.,,1,,,1,,,,,2,,Longo da via,Bom,Não existe,Perfeito estado,Seca,Perfeito estado,Não existe,Não há placas,"",Única,Faixa seccionada,"",""
1685,2019-02-25T00:00:00,20:52:00,SEM VÍTIMA,FINALIZADA,BOA VISTA,RUA JOSE DE ALENCAR,"",RUA BARAO DE SAO BORJA,"",RUA JOSE DE ALENCAR,"","",BOA VISTA,,CIDADE,ABALROAMENTO TRANSVERSAL,COLISÃO SEM VITIMAS,1,,,,,,,,1,0,,Cruzamento,Bom,Não existe,"",Seca,Perfeito estado,Outros,Placas Pare,"",Única,Não existe,"",""
1686,2019-02-25T00:00:00,21:02:00,COM VÍTIMA,FINALIZADA,PRADO,AV ENGENHEIRO ABDIAS DE CARVALHO,"","",ENF A FACULDADE ESTACIO PROX A LOMBADA ELETRONICA // SENTIDO RECIFE,AV ENGENHEIRO ABDIAS DE CARVALHO,"",ENF A FACULDADE ESTACIO PROX A LOMBADA ELETRONICA // SENTIDO RECIFE,PRADO,327,CIDADE,ABALROAMENTO LONGITUDINAL,COLISÃO ENVOLVENDO AUTO E MOTO.,1,1,,,,,,,,1,,Longo da via,Bom,Sem defeito,Perfeito estado,Seca,Perfeito estado,Faixa de pedestre,Outras,"",Dupla,Faixa seccionada,"",""
1687,2019-02-25T00:00:00,21:18:00,SEM VÍTIMA,CANCELADA,VÁRZEA,AV CAXANGA,"",RUA GASTAO VIDIGAL,"EM FRENTE A UPA, AS PARTES ENCONTRA-SE NO POSTO SHELL",AV CAXANGA,"","EM FRENTE A UPA, AS PARTES ENCONTRA-SE NO POSTO SHELL",VÁRZEA,,SUBURBIO,COLISÃO,COLISÃO SEM VITIMAS,2,,,,,,,,,0,,"","","","","","","","","","","","",""
1688,2019-02-25T00:00:00,22:21:00,SEM VÍTIMA,CANCELADA,VASCO DA GAMA,RUA ALTO NOVO MUNDO,168,"","EM FRENET AO FITEIRO VERDE, SENTIDO ALTO 13 DE MAIO A PRIMEIRA PARADA, APOS A IGREJA CATOLICA SÃO SEBASTIÃO",RUA ALTO NOVO MUNDO,168,"EM FRENET AO FITEIRO VERDE, SENTIDO ALTO 13 DE MAIO A PRIMEIRA PARADA, APOS A IGREJA CATOLICA SÃO SEBASTIÃO",VASCO DA GAMA,,"",COLISÃO,COLISÃO SEM VITIMAS,1,1,,,,,,,,0,,"","","","","","","","","","","","",""
1689,2019-02-26T00:00:00,"",SEM VÍTIMA,FINALIZADA,IPSEP,AV RECIFE,2967,"",EM FRENTE AO POSTO DE GASOLINA FEDERAL,AV RECIFE,2967,EM FRENTE AO POSTO DE GASOLINA FEDERAL,IPSEP,,"",COLISÃO TRASEIRA,COLISÃO SEM VITIMAS,2,,,,,,,,,0,,Longo da via,"",Não existe,Não existente,Molhada,Perfeito estado,Não existe,Não há placas,60 km/h,Dupla,Faixa seccionada,Canteiro central,""
1690,2019-02-26T00:00:00,07:45:00,COM VÍTIMA,FINALIZADA,ESPINHEIRO,RUA DA HORA,285,RUA BARAO DE ITAMARACA,E/F A GALERI CHALÉ,RUA DA HORA,285,E/F A GALERI CHALÉ,ESPINHEIRO,184,"",ABALROAMENTO TRANSVERSAL,COLISÃO ENVOLVENDO AUTO E MOTO.,1,1,,,,,,,,1,,Cruzamento,Chuvoso,Sem defeito,Perfeito estado,Molhada,Perfeito estado,Faixa de pedestre,Outras,"",Dupla,Faixa contínua,"",""
1691,2019-02-26T00:00:00,08:01:00,COM VÍTIMA,FINALIZADA,TORREÃO,AV NORTE,1726,RUA AUGUSTO RODRIGUES,"EM FRENTE A CHEVROLET, SENT. CIDADE. PRAÇA DA PICANHA.",AV NORTE,1726,"EM FRENTE A CHEVROLET, SENT. CIDADE. PRAÇA DA PICANHA.",TORREÃO,,CIDADE,COLISÃO TRASEIRA,COLISÃO ENVOLVENDO AUTO E MOTO.,1,1,,,,,,,,1,,Longo da via,Bom,Sem defeito,Perfeito estado,Seca,Perfeito estado,Agente,"","",Dupla,"","",""
1692,2019-02-26T00:00:00,08:04:00,SEM VÍTIMA,FINALIZADA,BREJO DE BEBERIBE,RUA ALTO DO REFUGIO,560,"",EM FRENTE A IGREJA QUADRANGULAR,RUA ALTO DO REFUGIO,560,EM FRENTE A IGREJA QUADRANGULAR,BREJO DE BEBERIBE,,CIDADE,ABALROAMENTO TRANSVERSAL,SEM VITIMAS,2,,,,,,,,,0,,Longo da via,Bom,Não existe,Não existente,Seca,Perfeito estado,Não existe,Não há placas,"",Dupla,Não existe,"",""
1693,2019-02-26T00:00:00,08:11:00,COM VÍTIMA,FINALIZADA,ILHA DO RETIRO,RUA JOAO ELISIO RAMOS,140,"",EM FRENTE AO EDF. RITA DE CASSIA,RUA JOAO ELISIO RAMOS,140,EM FRENTE AO EDF. RITA DE CASSIA,ILHA DO RETIRO,,CIDADE,ABALROAMENTO TRANSVERSAL,COLISÃO ENVOLVENDO AUTO E MOTO.,1,1,,,,,,,,1,,Longo da via,Bom,Não existe,Perfeito estado,Seca,Perfeito estado,Agente,Não há placas,30 km/h,Única,Faixa seccionada,"",""
1694,2019-02-26T00:00:00,08:23:00,SEM VÍTIMA,FINALIZADA,SÃO JOSÉ,RUA IMPERIAL,1198,RUA BOM SUCESSO,E/F A PANIFICADORA PÃO PÃO,RUA IMPERIAL,1198,E/F A PANIFICADORA PÃO PÃO,SÃO JOSÉ,,SUBURBIO,ABALROAMENTO TRANSVERSAL,SEM VÍTIMAS,1,1,,,,,,,,0,,Cruzamento,Bom,Não existe,Perfeito estado,Seca,Perfeito estado,Não existe,Outras,60 km/h,Única,Faixa seccionada,"",""
1695,2019-02-26T00:00:00,08:59:00,SEM VÍTIMA,FINALIZADA,MADALENA,RUA JOAQUIM NABUCO,747,"","EM FRENTE A GALERIA, SENT. DERBY ANTES DA PONTE DA CAPUNGA",RUA JOAQUIM NABUCO,747,"EM FRENTE A GALERIA, SENT. DERBY ANTES DA PONTE DA CAPUNGA",MADALENA,,CIDADE,COLISÃO TRASEIRA,DOIS AUTOS,2,,,,,,,,,0,,Ponte,Bom,Não existe,Perfeito estado,Seca,Perfeito estado,Não existe,Não há placas,60 km/h,Dupla,Faixa contínua,"",""
1696,2019-02-26T00:00:00,09:11:00,SEM VÍTIMA,FINALIZADA,GRAÇAS,AV GOVERNADOR AGAMENON MAGALHAES,"",AV RUI BARBOSA,EM FRENTE AO TRE,AV GOVERNADOR AGAMENON MAGALHAES,"",EM FRENTE AO TRE,GRAÇAS,37,"",COLISÃO TRASEIRA,DOIS AUTOS PONTO FIXO,2,,,,,,,,,0,,Longo da via,Bom,Sem defeito,Perfeito estado,Seca,Perfeito estado,Faixa de pedestre,"",60 km/h,Dupla,Canteiro central,"",""
1697,2019-02-26T00:00:00,09:39:00,COM VÍTIMA,FINALIZADA,BOA VIAGEM,RUA JOAO CARDOSO AIRES,"",RUA COSMORAMA,EM FRENTE AO COLEGIO MADRE DEUS,RUA JOAO CARDOSO AIRES,"",EM FRENTE AO COLEGIO MADRE DEUS,BOA VIAGEM,478,CIDADE,ABALROAMENTO LONGITUDINAL,COLISÃO ENVOLVENDO AUTO E MOTO.,1,1,,,,,,,,2,,Cruzamento,Bom,Sem defeito,Perfeito estado,Seca,Perfeito estado,Faixa de pedestre,Não há placas,40 km/h,Única,Faixa contínua,"",""
1698,2019-02-26T00:00:00,10:40:00,SEM VÍTIMA,CANCELADA,BAIRRO DO RECIFE,RUA PROFESSOR ALOISIO MAGALHAES,27,"",NA LATERAL DO EMPRESARIAL MAURICIO DE NASSAU,RUA PROFESSOR ALOISIO MAGALHAES,27,NA LATERAL DO EMPRESARIAL MAURICIO DE NASSAU,BAIRRO DO RECIFE,,"",COLISÃO,SEM VITIMAS,1,,,,,,1,,,0,,"","","","","","","","","","","","",""
1699,2019-02-26T00:00:00,11:28:00,SEM VÍTIMA,FINALIZADA,ÁGUA FRIA,RUA DA REGENERACAO,209,RUA ANTONIO FERREIRA,JOSE LUIZ DA FONSECA,RUA DA REGENERACAO,209,JOSE LUIZ DA FONSECA,ÁGUA FRIA,,SUBURBIO,ABALROAMENTO TRANSVERSAL,AUTO E MOTO,1,1,,,,,,,,0,,Cruzamento,Bom,Não existe,Incompleta,Seca,Perfeito estado,Não existe,Outras,"",Dupla,Não existe,"",""
1700,2019-02-26T00:00:00,11:33:00,SEM VÍTIMA,FINALIZADA,BOA VISTA,RUA PRINCESA IZABEL,"",RUA SETE DE SETEMBRO,DE ESQUINA COM A FACULDADE DE DIREITO,RUA PRINCESA IZABEL,"",DE ESQUINA COM A FACULDADE DE DIREITO,BOA VISTA,,CIDADE,ABALROAMENTO LONGITUDINAL,COLISÃO SEM VITIMAS,1,,,,,1,,,,0,,"",Bom,Não existe,Perfeito estado,Seca,Perfeito estado,Não existe,Placas Pare,"",Única,Faixa seccionada,"",""
1701,2019-02-26T00:00:00,12:54:00,SEM VÍTIMA,FINALIZADA,AREIAS,RUA CAMBUCA,114,"","",RUA CAMBUCA,114,"",AREIAS,,CIDADE,COLISÃO TRASEIRA,ENTRE ONIBUS DA METROPOLITANA E CARRO DO EXERCITO S/V,,,,,,1,,1,,0,,Longo da via,Bom,Não existe,Perfeito estado,Seca,Perfeito estado,Não existe,"","",Dupla,Faixa seccionada,"",""
1702,2019-02-26T00:00:00,13:47:00,SEM VÍTIMA,FINALIZADA,BOA VIAGEM,RUA JOSE MARIA DE MIRANDA,"",RUA ANA CAMELO DA SILVA,EM FRENTE AO HOSPITAL BOA VIAGEM,RUA JOSE MARIA DE MIRANDA,"",EM FRENTE AO HOSPITAL BOA VIAGEM,BOA VIAGEM,,"",ABALROAMENTO LONGITUDINAL,COLISÃO SEM VÍTIMA,2,,,,,,,,,0,,Cruzamento,Bom,Não existe,Perfeito estado,Seca,Perfeito estado,Outros,Placas Pare,"",Dupla,Não existe,"",""
1703,2019-02-26T00:00:00,14:17:00,SEM VÍTIMA,FINALIZADA,BOA VISTA,RUA DO HOSPICIO,"","","",RUA DO HOSPICIO,"","",BOA VISTA,,SUBURBIO,COLISÃO TRASEIRA,COLISÃO SEM VÍTIMA,2,,,,,,,,,0,,Longo da via,Bom,Sem defeito,Perfeito estado,Seca,Perfeito estado,"","","",Dupla,Canteiro central,"",""
1704,2019-02-26T00:00:00,14:29:00,SEM VÍTIMA,FINALIZADA,CASA FORTE,AV DEZESSETE DE AGOSTO,675,"","",AV DEZESSETE DE AGOSTO,675,"",CASA FORTE,,SUBURBIO,ABALROAMENTO LONGITUDINAL,COLISÃO SEM VÍTIMA,2,1,,,,,,,,0,,Longo da via,Bom,Não existe,Perfeito estado,Seca,Perfeito estado,Não existe,Não há placas,60 km/h,Dupla,Faixa seccionada,"",""
1705,2019-02-26T00:00:00,14:48:00,SEM VÍTIMA,FINALIZADA,AREIAS,AV RECIFE,"","",SPJ SÃO PAULO VEÍCULOS,AV RECIFE,"",SPJ SÃO PAULO VEÍCULOS,AREIAS,212,SUBURBIO,COLISÃO TRASEIRA,SEM VÍTIMAS,1,,,,,,2,,,0,,Longo da via,Bom,Sem defeito,Perfeito estado,Seca,Perfeito estado,Não existe,Não há placas,60 km/h,Dupla,Canteiro central,"",""
1706,2019-02-26T00:00:00,15:05:00,SEM VÍTIMA,FINALIZADA,SÃO JOSÉ,RUA DO HOSPICIO,949,"",EM FRENTE A CAIXA ECONOMICA,RUA DO HOSPICIO,949,EM FRENTE A CAIXA ECONOMICA,SÃO JOSÉ,,CIDADE,ABALROAMENTO LONGITUDINAL,COLISÃO SEM VÍTIMA,2,,,,,,,,,0,,Longo da via,Bom,Não existe,Perfeito estado,Seca,Perfeito estado,Não existe,Não há placas,"",Dupla,Faixa contínua,"",""
1707,2019-02-26T00:00:00,16:36:00,SEM VÍTIMA,FINALIZADA,DERBY,RUA JOAQUIM NABUCO,"","",AO LADO DA RESTAURAÇÃO,RUA JOAQUIM NABUCO,"",AO LADO DA RESTAURAÇÃO,DERBY,,"",COLISÃO,COLISÃO SEM VÍTIMA,2,,,,,,,,,0,,"","","","","","","","","","","","",""
1708,2019-02-26T00:00:00,16:48:00,SEM VÍTIMA,FINALIZADA,TORRE,RUA ANTONIO VIEIRA,102,RUA BELARMINO CARNEIRO,"",RUA ANTONIO VIEIRA,102,"",TORRE,,CIDADE,ABALROAMENTO TRANSVERSAL,COLISÃO SEM VÍTIMA,1,1,,,,,,,,0,,Cruzamento,Bom,Não existe,Perfeito estado,Seca,Perfeito estado,"",Placas Pare,"",Dupla,Não existe,"",""
1709,2019-02-26T00:00:00,17:20:00,COM VÍTIMA,FINALIZADA,TORRE,RUA JOSE BONIFACIO,"","",EM FRENTE AO CARREFOUR,RUA JOSE BONIFACIO,"",EM FRENTE AO CARREFOUR,TORRE,487,CAXANGÁ,ABALROAMENTO TRANSVERSAL,COLISÃO ENVOLVENDO TRÊS AUTOMÓVEIS.,3,,,,,,,,,1,,Longo da via,Bom,Sem defeito,Perfeito estado,Seca,Perfeito estado,Faixa de pedestre,R-6a,30 km/h,Única,Canteiro central,"",""
1710,2019-02-26T00:00:00,17:32:00,SEM VÍTIMA,FINALIZADA,MADALENA,RUA JOAO IVO DA SILVA,"",AV ENGENHEIRO ABDIAS DE CARVALHO,"",RUA JOAO IVO DA SILVA,"","",MADALENA,130,SUBURBIO,ABALROAMENTO LONGITUDINAL,ENTRE DOIS AUTOS S/V,2,,,,,,,,,0,,Cruzamento,Bom,Sem defeito,Perfeito estado,Seca,Perfeito estado,Faixa de pedestre,"","",Dupla,"","",""
1711,2019-02-26T00:00:00,18:08:00,SEM VÍTIMA,FINALIZADA,JOANA BEZERRA,AV GOVERNADOR AGAMENON MAGALHAES,"","",SOBRE O VIADUTO JOANA BEZERRA,AV GOVERNADOR AGAMENON MAGALHAES,"",SOBRE O VIADUTO JOANA BEZERRA,JOANA BEZERRA,,SUBURBIO,COLISÃO TRASEIRA,ONIBUS RODOTUR X LOGAN,1,,,,,1,,,,0,,Ponte,Bom,Não existe,Perfeito estado,Seca,Perfeito estado,Não existe,Outras,60 km/h,Dupla,Faixa seccionada,"",""
1712,2019-02-26T00:00:00,18:15:00,SEM VÍTIMA,FINALIZADA,ILHA DO LEITE,RUA PAISSANDU,"",AV GOVERNADOR AGAMENON MAGALHAES,"",RUA PAISSANDU,"","",ILHA DO LEITE,69,SUBURBIO,ABALROAMENTO TRANSVERSAL,COROLA X AGILE,2,,,,,,,,,0,,Longo da via,Bom,Sem defeito,Perfeito estado,Seca,Perfeito estado,Faixa de pedestre,Não há placas,60 km/h,Única,Faixa seccionada,"",""
1713,2019-02-27T00:00:00,09:11:00,SEM VÍTIMA,FINALIZADA,JARDIM SÃO PAULO,AV RECIFE,"","",AO LADO DO Nº 5516,AV RECIFE,"",AO LADO DO Nº 5516,JARDIM SÃO PAULO,,CIDADE,ABALROAMENTO LONGITUDINAL,ENTRE CAMINHÃO E AUTO PASSEIO. S/V,1,,,,,,1,,,0,,Longo da via,Bom,Não existe,Incompleta,Seca,Perfeito estado,Não existe,Não há placas,"",Única,"","",""
1714,2019-02-26T00:00:00,19:43:00,SEM VÍTIMA,FINALIZADA,ZUMBI,AV CAXANGA,"","",SEMÁFORO 274,AV CAXANGA,"",SEMÁFORO 274,ZUMBI,274,CIDADE,ABALROAMENTO LONGITUDINAL,ENTRE AUTO E BICICLETA. S/V,1,,,1,,,,,,0,,Longo da via,Bom,Sem defeito,Perfeito estado,Seca,Perfeito estado,Faixa de pedestre,"","",Dupla,Canteiro central,"",""