_id,DATA,hora,natureza_acidente,situacao,bairro,endereco,numero,detalhe_endereco_acidente,complemento,endereco_cruzamento,numero_cruzamento,referencia_cruzamento,bairro_cruzamento,num_semaforo,sentido_via,tipo,descricao,auto,moto,ciclom,ciclista,pedestre,onibus,caminhao,viatura,outros,vitimas,vitimasfatais,acidente_verificado,tempo_clima,situacao_semaforo,sinalizacao,condicao_via,conservacao_via,ponto_controle,situacao_placa,velocidade_max_via,mao_direcao,divisao_via1,divisao_via2,divisao_via3
1715,2019-02-26T00:00:00,20:48:00,SEM VÍTIMA,FINALIZADA,BOA VIAGEM,AV DOM JOAO VI,"","",SOB O SEMÁFORO 639,AV DOM JOAO VI,"",SOB O SEMÁFORO 639,BOA VIAGEM,639,SUBURBIO,COLISÃO TRASEIRA,CELTA X GOL,2,,,,,,,,,0,,Longo da via,Bom,Sem defeito,Perfeito estado,Seca,Perfeito estado,Faixa de pedestre,Outras,"",Dupla,Canteiro central,"",""
1716,2019-02-26T00:00:00,21:41:00,SEM VÍTIMA,FINALIZADA,PINA,AV ANTONIO DE GOES,"",RUA MANOEL DE BRITO,DNIT,AV ANTONIO DE GOES,"",DNIT,PINA,103,CIDADE,ABALROAMENTO LONGITUDINAL,ENTRE 2 AUTOS. S/V,2,,,,,,,,,0,,Longo da via,Bom,Sem defeito,Perfeito estado,Seca,Perfeito estado,"","","",Única,"","",""
1717,2019-02-26T00:00:00,22:08:00,SEM VÍTIMA,FINALIZADA,BOA VIAGEM,AV ENGENHEIRO DOMINGOS FERREIRA,"",RUA PADRE CARAPUCEIRO,"",AV ENGENHEIRO DOMINGOS FERREIRA,"","",BOA VIAGEM,216,SUBURBIO,ABALROAMENTO TRANSVERSAL,JEEP X FIESTA,2,,,,,,,,,0,,Cruzamento,Bom,Sem defeito,Perfeito estado,Seca,Perfeito estado,Outros,R-6a,60 km/h,Única,Canteiro central,"",""
1718,2019-02-27T00:00:00,02:35:00,COM VÍTIMA,FINALIZADA,SÃO JOSÉ,RUA DO PEIXOTO,310,RUA IMPERIAL,E/F A IGREJA MATRIZ DE SÃO JOSÉ / PRÓX AO TRE E AO LADO DA PRAÇA DAS CINCO PONTAS,RUA DO PEIXOTO,310,E/F A IGREJA MATRIZ DE SÃO JOSÉ / PRÓX AO TRE E AO LADO DA PRAÇA DAS CINCO PONTAS,SÃO JOSÉ,207,SUBURBIO,ABALROAMENTO TRANSVERSAL,COLISÃO ENVOLVENDO DOIS ÔNIBUS.,,,,,,2,,,,1,,Cruzamento,Bom,Sem defeito,Perfeito estado,Seca,Perfeito estado,Não existe,Outras,"",Única,Faixa contínua,"",""
1719,2019-02-27T00:00:00,06:56:00,SEM VÍTIMA,FINALIZADA,ESTÂNCIA,AV RECIFE,"","",VIADUTO SOBRE A AVENIDA DOUTOR JOSE RUFINO,AV RECIFE,"",VIADUTO SOBRE A AVENIDA DOUTOR JOSE RUFINO,ESTÂNCIA,,SUBURBIO,COLISÃO TRASEIRA,SEM VITIMAS,4,,,,,,,,,0,,Viaduto,Bom,Não existe,Perfeito estado,Seca,Perfeito estado,Não existe,Não há placas,"",Única,Faixa seccionada,"",""
1720,2019-02-27T00:00:00,07:06:00,COM VÍTIMA,FINALIZADA,BOA VISTA,RUA DOM BOSCO,1367,AV GOVERNADOR AGAMENON MAGALHAES,"PONTO DE IMPACTO, PONTE RAIMUNDO LEITÃO. SEMÁFORO NÚMERO 174.",RUA DOM BOSCO,1367,"PONTO DE IMPACTO, PONTE RAIMUNDO LEITÃO. SEMÁFORO NÚMERO 174.",BOA VISTA,174,CIDADE,COLISÃO COM CICLISTA,COLISÃO ENVOLVENDO AUTO E BICICLETA.,1,,,1,,,,,,1,,Cruzamento,Bom,Sem defeito,Perfeito estado,Seca,Perfeito estado,Faixa de pedestre,Outras,60 km/h,Dupla,Faixa,Canteiro central,""
1721,2019-02-27T00:00:00,07:44:00,SEM VÍTIMA,FINALIZADA,ILHA DO LEITE,RUA ANTONIO GOMES DE FREITAS,191,RUA FRANCISCO ALVES,SEOPE,RUA ANTONIO GOMES DE FREITAS,191,SEOPE,ILHA DO LEITE,490,SUBURBIO,ABALROAMENTO LONGITUDINAL,DOIS AUTOS,2,,,,,,,,,0,,Cruzamento,Bom,Sem defeito,Perfeito estado,Seca,Perfeito estado,Faixa de pedestre,Outras,"",Única,Não existe,"",""
1722,2019-02-27T00:00:00,08:12:00,SEM VÍTIMA,FINALIZADA,TAMARINEIRA,AV NORTE,"",AV PROFESSOR JOSE DOS ANJOS,"",AV NORTE,"","",TAMARINEIRA,364,CIDADE,ABALROAMENTO LONGITUDINAL,SEM VÍTIMAS,,,,,,,2,,,0,,"",Bom,Sem defeito,Perfeito estado,Seca,Perfeito estado,Faixa de pedestre,Outras,"",Dupla,Faixa contínua,Faixa seccionada,Canal
1723,2019-02-27T00:00:00,08:28:00,SEM VÍTIMA,FINALIZADA,PARNAMIRIM,RUA SEBASTIAO MALTA ARCOVERDE,"","",SEMÁFORO 010,RUA SEBASTIAO MALTA ARCOVERDE,"",SEMÁFORO 010,PARNAMIRIM,223,SUBURBIO,COLISÃO TRASEIRA,SEM VÍTIMAS.,2,,,,,,,,,0,,Longo da via,Bom,Sem defeito,Perfeito estado,Seca,Perfeito estado,Faixa de retenção,Não há placas,"",Dupla,Canteiro central,"",""
1724,2019-02-27T00:00:00,09:40:00,SEM VÍTIMA,FINALIZADA,SANTO ANTÔNIO,PTE PRINCESA IZABEL,"","",SOBRE A PONTE INICIO,PTE PRINCESA IZABEL,"",SOBRE A PONTE INICIO,SANTO ANTÔNIO,,SUBURBIO,ABALROAMENTO LONGITUDINAL,COLISÃO SEM VITIMAS,2,1,,,,,,,,0,,Ponte,Bom,Não existe,Perfeito estado,Seca,Perfeito estado,Outros,Não há placas,"",Dupla,Faixa contínua,Blocos,""
1725,2019-02-27T00:00:00,09:54:00,SEM VÍTIMA,FINALIZADA,SAN MARTIN,AV GENERAL SAN MARTIN,"",AV ENGENHEIRO ABDIAS DE CARVALHO,"",AV GENERAL SAN MARTIN,"","",SAN MARTIN,58,"",ABALROAMENTO TRANSVERSAL,NÃO TEM VÍTIMAS NO LOCAL,,1,,,,,1,,,0,,Cruzamento,Bom,Sem defeito,Perfeito estado,Seca,Perfeito estado,Faixa de pedestre,R-6a,"",Dupla,Faixa contínua,"",""
1726,2019-02-27T00:00:00,10:02:00,SEM VÍTIMA,FINALIZADA,ALTO DO MANDU,AV NORTE,"",RUA BUJARU,"",AV NORTE,"","",ALTO DO MANDU,,"",COLISÃO,CARRETA E DOIS AUTOS,2,,,,,,1,,,0,,"","","","","","","","","","","","",""
1727,2019-02-27T00:00:00,10:52:00,SEM VÍTIMA,FINALIZADA,PINA,RUA PEREIRA DA COSTA,"","",AO LADO DO CIDRIN VACINAS,RUA PEREIRA DA COSTA,"",AO LADO DO CIDRIN VACINAS,PINA,140,CIDADE,COLISÃO TRASEIRA,SEM VITIMAS,2,,,,,,,,,0,,Longo da via,Bom,Sem defeito,Perfeito estado,Seca,Perfeito estado,Faixa de retenção,Outras,"",Única,Não existe,"",""
1728,2019-02-27T00:00:00,11:05:00,SEM VÍTIMA,FINALIZADA,DERBY,RUA JORNALISTA PAULO BITTENCOURT,1159,"",AO LADO DO HR,RUA JORNALISTA PAULO BITTENCOURT,1159,AO LADO DO HR,DERBY,,SUBURBIO,ABALROAMENTO TRANSVERSAL,SEM VITIMAS,2,,,,,,,,,0,,Longo da via,Bom,Não existe,Perfeito estado,Seca,Perfeito estado,Outros,Outras,"",Dupla,Não existe,"",""
1729,2019-02-27T00:00:00,11:07:00,SEM VÍTIMA,CANCELADA,PINA,AV ANTONIO DE GOES,"","",EM FRENTE AO CLUBE LIBANO BRASILEIRO,AV ANTONIO DE GOES,"",EM FRENTE AO CLUBE LIBANO BRASILEIRO,PINA,,FAIXA DA DIREITA,COLISÃO,COLISÃO SEM VITIMAS,2,,,,,,,,,0,,"","","","","","","","","","","","",""
1730,2019-02-27T00:00:00,11:18:00,SEM VÍTIMA,FINALIZADA,GRAÇAS,RUA ALBERTO PAIVA,222,"",EM FRENTE AO CURSO DE INGLES MINDS,RUA ALBERTO PAIVA,222,EM FRENTE AO CURSO DE INGLES MINDS,GRAÇAS,,CIDADE,ABALROAMENTO LONGITUDINAL,COLISÃO S EM VITIMAS,2,,,,,,,,,0,,Longo da via,Bom,Sem defeito,Perfeito estado,Seca,Perfeito estado,Faixa de pedestre,R-6a,"",Única,Faixa seccionada,"",""
1731,2019-02-27T00:00:00,11:31:00,SEM VÍTIMA,FINALIZADA,SÃO JOSÉ,AV SUL,"","","",AV SUL,"","",SÃO JOSÉ,,CIDADE,ABALROAMENTO LONGITUDINAL,SEM VÍTIMAS,2,,,,,,,,,0,,Longo da via,Bom,Não existe,Ilegível,Seca,Mal conservada,Não existe,Não há placas,"","","","",""
1732,2019-02-27T00:00:00,12:11:00,SEM VÍTIMA,FINALIZADA,BOA VISTA,RUA TREZE DE MAIO,246,"",PRÓXIMO AO ESTACIONAMENTO DA SDS,RUA TREZE DE MAIO,246,PRÓXIMO AO ESTACIONAMENTO DA SDS,BOA VISTA,,CIDADE,COLISÃO TRASEIRA,ENTRE AUTO E CARRO OFICIAL DA SDS,1,,,,,,,1,,0,,Longo da via,Bom,Não existe,Não existente,Seca,Perfeito estado,Não existe,Não há placas,"",Dupla,Faixa contínua,"",""
1733,2019-02-27T00:00:00,12:19:00,SEM VÍTIMA,FINALIZADA,MADALENA,AV DR JOSE RUFINO,526,"","",AV DR JOSE RUFINO,526,"",MADALENA,,SUBURBIO,COLISÃO TRASEIRA,COLISÃO SEM VITIMA,2,,,,,,,,,0,,Cruzamento,Bom,Não existe,Não existente,Seca,Perfeito estado,Não existe,Não há placas,"",Dupla,Faixa seccionada,"",""
1734,2019-02-27T00:00:00,12:23:00,SEM VÍTIMA,FINALIZADA,TORRÕES,AV ENGENHEIRO ABDIAS DE CARVALHO,326,"",LADO OPOSTO AO PLANETA SHOW,AV ENGENHEIRO ABDIAS DE CARVALHO,326,LADO OPOSTO AO PLANETA SHOW,TORRÕES,,CIDADE,COLISÃO TRASEIRA,COLISÃO SEM VÍTIMA,1,,,,,1,,,,0,,Longo da via,Bom,Sem defeito,Perfeito estado,Seca,Perfeito estado,Faixa de pedestre,Outras,60 km/h,Única,Faixa contínua,Faixa seccionada,Canteiro central
1735,2019-02-27T00:00:00,12:48:00,COM VÍTIMA,FINALIZADA,SÃO JOSÉ,C SANTA RITA,595,"",EM FRENTE ÀS TORRES GÊMEAS.,C SANTA RITA,595,EM FRENTE ÀS TORRES GÊMEAS.,SÃO JOSÉ,,CIDADE,COLISÃO FRONTAL,COLISÃO ENVOLVENDO AUTO E MOTO.,1,1,,,,,,,,1,,Longo da via,Bom,Não existe,Perfeito estado,Seca,Perfeito estado,Não existe,Não há placas,"",Dupla,Canteiro central,"",""
1736,2019-02-27T00:00:00,13:08:00,COM VÍTIMA,FINALIZADA,MADALENA,AV BEIRA RIO,1035,"",EM FRENTE AO EDF. SHERIDAN,AV BEIRA RIO,1035,EM FRENTE AO EDF. SHERIDAN,MADALENA,,TORRE,COLISÃO TRASEIRA,COLISÃO ENVOLVENDO TRÊS VEÍCULOS.,3,,,,,,,,,1,,Longo da via,Bom,Não existe,Perfeito estado,Seca,Perfeito estado,Outros,R-6a,"",Dupla,Faixa contínua,"",""
1737,2019-02-27T00:00:00,13:31:00,SEM VÍTIMA,FINALIZADA,AFOGADOS,RUA SAO MIGUEL,"","",EM FRENTE AO 14 BATALHÃO LOGISTICO DO EXERCITO,RUA SAO MIGUEL,"",EM FRENTE AO 14 BATALHÃO LOGISTICO DO EXERCITO,AFOGADOS,423,SUBURBIO,COLISÃO TRASEIRA,COLISÃO SEM VÍTIMA,1,,,,,1,,,,0,,Longo da via,Bom,Sem defeito,Perfeito estado,Seca,Perfeito estado,Faixa de pedestre,Não há placas,"",Dupla,Faixa contínua,"",""
1738,2019-02-27T00:00:00,13:47:00,SEM VÍTIMA,FINALIZADA,SÃO JOSÉ,TRV DO FORTE,86,"",EM FRENTE AO Nº 86,TRV DO FORTE,86,EM FRENTE AO Nº 86,SÃO JOSÉ,,SUBURBIO,ABALROAMENTO LONGITUDINAL,ENTRE AUTOS S/V,2,,,,,,,,,0,,Longo da via,Bom,Não existe,Perfeito estado,Seca,Perfeito estado,Não existe,Não há placas,"",Dupla,Não existe,"",""
1739,2019-02-27T00:00:00,14:00:00,SEM VÍTIMA,FINALIZADA,SANTO AMARO,AV GOVERNADOR AGAMENON MAGALHAES,"","","",AV GOVERNADOR AGAMENON MAGALHAES,"","",SANTO AMARO,49,SUBURBIO,COLISÃO TRASEIRA,AUTO E ONIBUS SV,1,,,,,1,,,,0,,Longo da via,Bom,Sem defeito,Perfeito estado,Seca,Perfeito estado,Faixa de pedestre,R-26,60 km/h,Dupla,Canteiro central,"",""
1740,2019-02-27T00:00:00,14:01:00,SEM VÍTIMA,FINALIZADA,SANTO ANTÔNIO,AV MARTINS DE BARROS,"",RUA SIQUEIRA CAMPOS,"",AV MARTINS DE BARROS,"","",SANTO ANTÔNIO,,CIDADE,ABALROAMENTO LONGITUDINAL,ENTRE AUTOS S/V,2,,,,,,,,,0,,Cruzamento,Bom,Sem defeito,Perfeito estado,Seca,Perfeito estado,Não existe,Não há placas,"",Única,"","",""
1741,2019-02-27T00:00:00,14:06:00,SEM VÍTIMA,FINALIZADA,PINA,RUA BARAO DE SANTO ANGELO,150,"",PRÓX A LUZEIROS HOTEL,RUA BARAO DE SANTO ANGELO,150,PRÓX A LUZEIROS HOTEL,PINA,,"",COLISÃO TRASEIRA,ENTRE AUTO PASSEIO E CARRO OFICIAL DO TRIBUNAL DA JUSTIÇA,1,,,,,,,1,,0,,Longo da via,Bom,Não existe,Perfeito estado,Seca,Perfeito estado,Não existe,R-6a,40 km/h,Única,"","",""
1742,2019-02-27T00:00:00,14:45:00,SEM VÍTIMA,FINALIZADA,ENCRUZILHADA,RUA FERNANDO CESAR,202,RUA AMARO COUTINHO,EM FRENTE A PRAÇA DOS CAMINHONEIROS,RUA FERNANDO CESAR,202,EM FRENTE A PRAÇA DOS CAMINHONEIROS,ENCRUZILHADA,,CIDADE,ABALROAMENTO TRANSVERSAL,ENTRE DOIS AUTOS S/V,2,,,,,,,,,0,,Cruzamento,Bom,Não existe,Perfeito estado,Seca,Perfeito estado,Outros,Placas Pare,30 km/h,Única,Faixa contínua,Faixa seccionada,""
1743,2019-02-27T00:00:00,14:47:00,SEM VÍTIMA,FINALIZADA,ARRUDA,AV NORTE,"",AV PROFESSOR JOSE DOS ANJOS,"",AV NORTE,"","",ARRUDA,364,CIDADE,ABALROAMENTO LONGITUDINAL,COLISÃO SEM VÍTIMA,2,,,,,,,,,0,,Cruzamento,Bom,Sem defeito,Perfeito estado,Seca,Perfeito estado,Faixa de pedestre,Não há placas,"",Dupla,Faixa contínua,"",""
1744,2019-02-27T00:00:00,15:18:00,SEM VÍTIMA,FINALIZADA,IPUTINGA,AV CAXANGA,5362,"",EM FRENTE AO GOLF & COUNTRY CLUB,AV CAXANGA,5362,EM FRENTE AO GOLF & COUNTRY CLUB,IPUTINGA,,SUBURBIO,ABALROAMENTO LONGITUDINAL,S/V,1,,,,,,1,,,0,,Longo da via,Bom,Não existe,Perfeito estado,Seca,Perfeito estado,Outros,Outras,60 km/h,Única,Faixa contínua,Faixa seccionada,Canteiro central
1745,2019-02-27T00:00:00,15:31:00,COM VÍTIMA,CANCELADA,POÇO DA PANELA,RUA MEDICO MARIO GUIMARAES,"",RUA IRMA MARIA DA PAZ,PRÓX À IGREJA DO POÇO DA PANELA,RUA MEDICO MARIO GUIMARAES,"",PRÓX À IGREJA DO POÇO DA PANELA,POÇO DA PANELA,,"",COLISÃO,AUTO X MOTO C/V,1,1,,,,,,,,1,,"","","","","","","","","","","","",""
1746,2019-02-27T00:00:00,15:33:00,COM VÍTIMA,FINALIZADA,IPSEP,RUA JEAN EMILE FAVRE,"",RUA SATURNINO MEIRELES,EM FRENTE A DELEGACIA DE POLÍCIA DO IPSEP.,RUA JEAN EMILE FAVRE,"",EM FRENTE A DELEGACIA DE POLÍCIA DO IPSEP.,IPSEP,70,SUBURBIO,ABALROAMENTO TRANSVERSAL,COLISÃO ENVOLVENDO ÔNIBUS E MOTO.,,1,,,,1,,,,1,,Cruzamento,Bom,Sem defeito,Perfeito estado,Seca,Perfeito estado,Faixa de pedestre,R-6a,"",Dupla,Faixa contínua,"",""
1747,2019-02-27T00:00:00,16:17:00,SEM VÍTIMA,FINALIZADA,BOA VIAGEM,RUA ANTONIO FALCAO,552,"",RUA PROF JULIO F DE MELO,RUA ANTONIO FALCAO,552,RUA PROF JULIO F DE MELO,BOA VIAGEM,,"",ABALROAMENTO LONGITUDINAL,COLISAO ENTRE AUTO E ONIBUS S/V,1,,,,,,1,,,0,,Longo da via,Bom,Sem defeito,Ilegível,Seca,Perfeito estado,Não existe,Não há placas,"",Única,Faixa seccionada,"",""
1748,2019-02-27T00:00:00,17:06:00,COM VÍTIMA,FINALIZADA,CASA AMARELA,AV NORTE,"","",EM FRENTE À UPINHA,AV NORTE,"",EM FRENTE À UPINHA,CASA AMARELA,,SUBURBIO,ABALROAMENTO LONGITUDINAL,COLISÃO ENVOLVENDO AUTO E MOTO.,1,1,,,,,,,,1,,Longo da via,Bom,Não existe,Perfeito estado,Seca,Perfeito estado,Não existe,Outras,"",Dupla,Canteiro central,"",""
1749,2019-02-27T00:00:00,17:12:00,SEM VÍTIMA,FINALIZADA,SANCHO,AV LIBERDADE,972,"","",AV LIBERDADE,972,"",SANCHO,,CIDADE,COLISÃO TRASEIRA,ENTRE DOIS AUTOS S/V,2,,,,,,,,,0,,Longo da via,Bom,Não existe,Ilegível,Seca,Perfeito estado,Não existe,Outras,"",Dupla,Faixa seccionada,"",""
1750,2019-02-27T00:00:00,17:26:00,SEM VÍTIMA,CANCELADA,AFOGADOS,RUA COSME VIANA,721,"",EM FRENTE AO POSTO SETTA,RUA COSME VIANA,721,EM FRENTE AO POSTO SETTA,AFOGADOS,,"",COLISÃO,COLISÃO SEM VÍTIMA,1,1,,,,,,,,0,,"","","","","","","","","","","","",""
1751,2019-02-27T00:00:00,17:47:00,SEM VÍTIMA,FINALIZADA,BOA VISTA,AV MONTEVIDEU,172,"",EDF DESEMBARGADOR PEDRO MARTINIANO LINS,AV MONTEVIDEU,172,EDF DESEMBARGADOR PEDRO MARTINIANO LINS,BOA VISTA,,SUBURBIO,ABALROAMENTO TRANSVERSAL,COLISÃO SEM VÍTIMA,1,,,,,,,1,,0,,Longo da via,Bom,Não existe,Perfeito estado,Seca,Perfeito estado,Não existe,Não há placas,"",Única,Não existe,"",""
1752,2019-02-27T00:00:00,17:55:00,SEM VÍTIMA,FINALIZADA,PRADO,AV ENGENHEIRO ABDIAS DE CARVALHO,"",RUA SANTA EDWIRGES,"",AV ENGENHEIRO ABDIAS DE CARVALHO,"","",PRADO,,SUBURBIO,ABALROAMENTO LONGITUDINAL,COLISÃO SEM VÍTIMA,1,,,,,1,,,,0,,Cruzamento,Bom,Sem defeito,Perfeito estado,Seca,Perfeito estado,Faixa de retenção,Outras,60 km/h,Dupla,Canteiro central,"",""
1753,2019-02-27T00:00:00,18:09:00,SEM VÍTIMA,FINALIZADA,PRADO,RUA MANOEL DE ARRUDA CAMARA,145,"",APÓS A ESQUINA DA PICANHA,RUA MANOEL DE ARRUDA CAMARA,145,APÓS A ESQUINA DA PICANHA,PRADO,,SUBURBIO,ABALROAMENTO TRANSVERSAL,NISSAN MICRO-ONIBUS,1,,,,,1,,,,0,,Longo da via,Bom,Não existe,Perfeito estado,Seca,Perfeito estado,Outros,Outras,"",Única,Não existe,"",""
1754,2019-02-27T00:00:00,18:27:00,SEM VÍTIMA,FINALIZADA,MADALENA,AV VISCONDE DE ALBUQUERQUE,"","",AO LADO DO BOMPREÇO DO BEM FICA,AV VISCONDE DE ALBUQUERQUE,"",AO LADO DO BOMPREÇO DO BEM FICA,MADALENA,51,SUBURBIO,ABALROAMENTO LONGITUDINAL,ONIBUS GLOBO X GOL,1,,,,,1,,,,0,,Longo da via,Bom,Sem defeito,Perfeito estado,Seca,Perfeito estado,Faixa de pedestre,Não há placas,"",Única,Faixa seccionada,"",""
1755,2019-02-27T00:00:00,18:28:00,COM VÍTIMA,FINALIZADA,ILHA DO RETIRO,RUA JOSE MUCIO MONTEIRO,"",RUA PROFESSOR BENEDITO MONTEIRO,POR TRÁS DA FACULDADE FACAP / E/F A ACADEMIA SELFIT - NO RETORNO / PRÓX AO CAMPO DO SPORT,RUA JOSE MUCIO MONTEIRO,"",POR TRÁS DA FACULDADE FACAP / E/F A ACADEMIA SELFIT - NO RETORNO / PRÓX AO CAMPO DO SPORT,ILHA DO RETIRO,,CIDADE,ATROPELAMENTO,COLISÃO ENVOLVENDO VIATURA POLICIAL E UM PEDESTRE.,,,,,1,,,1,,1,,Longo da via,Bom,Não existe,Perfeito estado,Seca,Perfeito estado,Não existe,Placas Pare,"",Única,Faixa contínua,"",""
1756,2019-02-27T00:00:00,18:31:00,SEM VÍTIMA,FINALIZADA,SANTO AMARO,RUA DO HOSPICIO,"","",SEMÁFORO 032,RUA DO HOSPICIO,"",SEMÁFORO 032,SANTO AMARO,32,SUBURBIO,ABALROAMENTO LONGITUDINAL,ONIBUS GRANDE RECIFE X HB 20,1,,,,,1,,,,0,,Cruzamento,Bom,Sem defeito,Perfeito estado,Seca,Perfeito estado,Faixa de pedestre,Não há placas,"",Dupla,Faixa contínua,"",""
1757,2019-02-27T00:00:00,18:41:00,SEM VÍTIMA,FINALIZADA,BAIRRO DO RECIFE,AV ALFREDO LISBOA,"","",AUDITORIA MILITAR DA 7ª CJM,AV ALFREDO LISBOA,"",AUDITORIA MILITAR DA 7ª CJM,BAIRRO DO RECIFE,,CIDADE,ABALROAMENTO LONGITUDINAL,ENTRE AUTO E CAMINHÃO. S/V,1,,,,,,1,,,0,,Longo da via,Bom,Não existe,Perfeito estado,Seca,Perfeito estado,Faixa de pedestre,Outras,30 km/h,Única,Faixa seccionada,"",""
1758,2019-02-27T00:00:00,18:47:00,SEM VÍTIMA,CANCELADA,CABANGA,RUA NOVA DA CABANGA,"","",EM CIMA PONTE ANTES DA LOMBADA ELETRONICA SENTIDO CIDADE,RUA NOVA DA CABANGA,"",EM CIMA PONTE ANTES DA LOMBADA ELETRONICA SENTIDO CIDADE,CABANGA,,"",ENGAVETAMENTO,TRES AUTOS,3,,,,,,,,,0,,"","","","","","","","","","","","",""
1759,2019-02-27T00:00:00,19:00:00,COM VÍTIMA,FINALIZADA,PINA,AV HERCULANO BANDEIRA,73,"",CURVA APÓS A IGREJA DO PINA,AV HERCULANO BANDEIRA,73,CURVA APÓS A IGREJA DO PINA,PINA,,SUBURBIO,COLISÃO TRASEIRA,FIAT ARGO X ESPIN X CICLISTA,2,,,1,,,,,,1,,Longo da via,Bom,Não existe,Perfeito estado,Seca,Perfeito estado,Não existe,Não há placas,"",Única,Faixa contínua,Canteiro central,""
1760,2019-02-27T00:00:00,20:14:00,COM VÍTIMA,FINALIZADA,BOA VISTA,AV CONDE DA BOA VISTA,719,"","E/F AO BRT DA GERVÁSIO PIRES, SNT SUB-CID / E/F A CLÍNICA SIM",AV CONDE DA BOA VISTA,719,"E/F AO BRT DA GERVÁSIO PIRES, SNT SUB-CID / E/F A CLÍNICA SIM",BOA VISTA,,CIDADE,ATROPELAMENTO,ENTRE ÔNIBUS E PEDESTRE. C/V,,,,,1,1,,,,1,,Longo da via,Bom,Não existe,Perfeito estado,Seca,Perfeito estado,Faixa de pedestre,Não há placas,"",Dupla,Faixa contínua,"",""
1761,2019-02-27T00:00:00,21:19:00,SEM VÍTIMA,FINALIZADA,TORRE,RUA JOSE BONIFACIO,"","",ATACADO DOS PRESENTES,RUA JOSE BONIFACIO,"",ATACADO DOS PRESENTES,TORRE,,SUBURBIO,ABALROAMENTO LONGITUDINAL,ENTRE AUTO E CAMINHÃO. S/V,1,,,,,,1,,,0,,Longo da via,Bom,Não existe,Perfeito estado,Seca,Perfeito estado,Não existe,Não há placas,"",Única,Faixa seccionada,"",""
1762,2019-02-27T00:00:00,21:40:00,SEM VÍTIMA,CANCELADA,TORRE,RUA JOSE BONIFACIO,"","",ENF AO ATACADO DOS PRESENTES,RUA JOSE BONIFACIO,"",ENF AO ATACADO DOS PRESENTES,TORRE,,"",COLISÃO,CAMINHAO X FIAT,1,,,,,,1,,,0,,"","","","","","","","","","","","",""
1763,2019-02-27T00:00:00,21:57:00,SEM VÍTIMA,FINALIZADA,SANTO ANTÔNIO,AV N S DO CARMO,"",RUA IMPERADOR PEDRO SEGUNDO,"",AV N S DO CARMO,"","",SANTO ANTÔNIO,203,SUBURBIO,ABALROAMENTO LONGITUDINAL,ONIBUS X COROLA,1,,,,,1,,,,0,,Cruzamento,Bom,Sem defeito,Perfeito estado,Seca,Perfeito estado,Faixa de pedestre,Outras,"",Única,Faixa contínua,"",""
1764,2019-02-27T00:00:00,22:05:00,SEM VÍTIMA,FINALIZADA,GUABIRABA,RUA DAS FLORES,"",RUA CORREGO DO MARRECO,"",RUA DAS FLORES,"","",GUABIRABA,,SUBURBIO,ABALROAMENTO TRANSVERSAL,ENTRE AUTO E MOTO. S/V,1,1,,,,,,,,0,,Longo da via,Bom,Não existe,Perfeito estado,Seca,Perfeito estado,Não existe,Não há placas,"",Dupla,"","",""
1765,2019-02-28T00:00:00,01:31:00,SEM VÍTIMA,FINALIZADA,BAIRRO DO RECIFE,RUA VIGARIO TENORIO,"",RUA MARIZ E BARROS,EM FRENTE AO Nº 155,RUA VIGARIO TENORIO,"",EM FRENTE AO Nº 155,BAIRRO DO RECIFE,,SUBURBIO,ABALROAMENTO TRANSVERSAL,COLISÃO ENTRE DOIS AUTOS S/V,2,,,,,,,,,0,,Cruzamento,Bom,Não existe,Perfeito estado,Seca,Perfeito estado,Não existe,Placas Pare,"",Única,Não existe,"",""
1766,2019-02-28T00:00:00,04:17:00,SEM VÍTIMA,FINALIZADA,MADALENA,EST DOS REMEDIOS,2328,"","",EST DOS REMEDIOS,2328,"",MADALENA,,CIDADE,CHOQUE VEÍCULO PARADO,COLISÃO ENTRE DOIS AUTOS S/V,2,,,,,,,,,0,,Longo da via,Bom,Não existe,Perfeito estado,Seca,Perfeito estado,"",Não há placas,"",Única,Faixa seccionada,"",""
1767,2019-02-28T00:00:00,06:59:00,SEM VÍTIMA,FINALIZADA,BONGI,AV ENGENHEIRO ABDIAS DE CARVALHO,"",RUA JOAO IVO DA SILVA,"",AV ENGENHEIRO ABDIAS DE CARVALHO,"","",BONGI,132,CIDADE,ABALROAMENTO TRANSVERSAL,"",2,,,,,,,,,0,,Longo da via,Bom,Sem defeito,Perfeito estado,Seca,Perfeito estado,Agente,Não há placas,60 km/h,Dupla,Faixa seccionada,"",""
1768,2019-02-28T00:00:00,07:28:00,SEM VÍTIMA,FINALIZADA,SÃO JOSÉ,RUA IMPERIAL,981,TRV DO RAPOSO,TRAVESSA DO RAPOSO ( FERRO E AÇO),RUA IMPERIAL,981,TRAVESSA DO RAPOSO ( FERRO E AÇO),SÃO JOSÉ,510,SUBURBIO,ABALROAMENTO TRANSVERSAL,AUTO ,2,,,,,,,,,0,,Cruzamento,Bom,Sem defeito,Perfeito estado,Seca,Perfeito estado,Faixa de pedestre,Outras,"",Única,Faixa contínua,"",""
1769,2019-02-28T00:00:00,07:36:00,SEM VÍTIMA,FINALIZADA,VÁRZEA,AV CAXANGA,"","",EMFRENTE A CONCESSIONARIA FIAT ITALIANA,AV CAXANGA,"",EMFRENTE A CONCESSIONARIA FIAT ITALIANA,VÁRZEA,,CIDADE,ABALROAMENTO LONGITUDINAL,SEM VITIMAS.,1,1,,,,,,,,0,,Longo da via,Bom,Sem defeito,Perfeito estado,Seca,Perfeito estado,Faixa de pedestre,"","",Dupla,Faixa contínua,Faixa seccionada,Canteiro central