_id,DATA,hora,natureza_acidente,situacao,bairro,endereco,numero,detalhe_endereco_acidente,complemento,endereco_cruzamento,numero_cruzamento,referencia_cruzamento,bairro_cruzamento,num_semaforo,sentido_via,tipo,descricao,auto,moto,ciclom,ciclista,pedestre,onibus,caminhao,viatura,outros,vitimas,vitimasfatais,acidente_verificado,tempo_clima,situacao_semaforo,sinalizacao,condicao_via,conservacao_via,ponto_controle,situacao_placa,velocidade_max_via,mao_direcao,divisao_via1,divisao_via2,divisao_via3
1825,2019-03-01T00:00:00,13:13:00,SEM VÍTIMA,FINALIZADA,SANTO AMARO,AV NORTE,"","",SOB O SEMÁFORO 097,AV NORTE,"",SOB O SEMÁFORO 097,SANTO AMARO,97,CIDADE,ABALROAMENTO LONGITUDINAL,VEÍCULO OFICIAL X MOTO S/V,1,1,,,,,,,,0,,Longo da via,Chuvoso,Sem defeito,Perfeito estado,Molhada,Perfeito estado,Faixa de pedestre,R-6a,40 km/h,Dupla,Canteiro central,"",""
1826,2019-03-01T00:00:00,13:27:00,SEM VÍTIMA,CANCELADA,BOA VISTA,RUA GERVASIO PIRES,130,"",PROX. AO MERCADO DA BOA VISTA,RUA GERVASIO PIRES,130,PROX. AO MERCADO DA BOA VISTA,BOA VISTA,,"",COLISÃO,ENTRE DUAS MOTOS S/V,,2,,,,,,,,0,,"","","","","","","","","","","","",""
1827,2019-03-01T00:00:00,13:42:00,SEM VÍTIMA,FINALIZADA,AFOGADOS,EST DOS REMEDIOS,1161,"",EM FRENTE A BELO AUTO PEÇAS,EST DOS REMEDIOS,1161,EM FRENTE A BELO AUTO PEÇAS,AFOGADOS,,CIDADE,ABALROAMENTO TRANSVERSAL,COLISÃO SEM VÍTIMA,1,,,,,,,,,0,,Longo da via,Bom,Não existe,Perfeito estado,Seca,Perfeito estado,"",Outras,"",Única,Faixa seccionada,"",""
1828,2019-03-01T00:00:00,15:20:00,SEM VÍTIMA,FINALIZADA,CIDADE UNIVERSITÁRIA,AV PROFESSOR LUIZ FREIRE,"",RUA ACADEMICO HELIO RAMOS,"",AV PROFESSOR LUIZ FREIRE,"","",CIDADE UNIVERSITÁRIA,,SUBURBIO,ABALROAMENTO TRANSVERSAL,ENTRE AUTOS S/V,2,,,,,,,,,0,,"",Bom,Não existe,Perfeito estado,Seca,Perfeito estado,Outros,Placas Pare,"",Dupla,Não existe,"",""
1829,2019-03-01T00:00:00,15:34:00,SEM VÍTIMA,FINALIZADA,CIDADE UNIVERSITÁRIA,RUA MARECHAL MANOEL LUIS OSORIO,"",RUA PROFESSOR ANTONIO COELHO,AO LADO COLEGIO PONTUAL,RUA MARECHAL MANOEL LUIS OSORIO,"",AO LADO COLEGIO PONTUAL,CIDADE UNIVERSITÁRIA,,"",ABALROAMENTO TRANSVERSAL,COLISÃO SEM VÍTIMA,2,,,,,,,,,0,,Cruzamento,Bom,Não existe,Não existente,Seca,Perfeito estado,Não existe,Não há placas,"",Dupla,Faixa contínua,Faixa seccionada,""
1830,2019-03-01T00:00:00,15:42:00,SEM VÍTIMA,CANCELADA,VÁRZEA,RUA PROFESSOR CHAVES BATISTA,"","",AO LADO DO RESTAURANTE BOI E BRASA,RUA PROFESSOR CHAVES BATISTA,"",AO LADO DO RESTAURANTE BOI E BRASA,VÁRZEA,,"",COLISÃO,ENTRE AUTOS S/V,2,,,,,,,,,0,,"","","","","","","","","","","","",""
1831,2019-03-01T00:00:00,16:14:00,SEM VÍTIMA,FINALIZADA,BOA VISTA,AV CONDE DA BOA VISTA,"","",EM FRENTE AO Nº 710,AV CONDE DA BOA VISTA,"",EM FRENTE AO Nº 710,BOA VISTA,,SUBURBIO,ABALROAMENTO LONGITUDINAL,ONIBUS E AUTO / VT 29 NO QTH,1,,,,,1,,,,0,,Longo da via,Bom,Não existe,"",Seca,Perfeito estado,Faixa de pedestre,Não há placas,40 km/h,Dupla,Faixa contínua,"",""
1832,2019-03-01T00:00:00,16:26:00,SEM VÍTIMA,FINALIZADA,ALTO JOSÉ DO PINHO,RUA ACAIACA,70,"",ASSEMBLEIA DE DEUS,RUA ACAIACA,70,ASSEMBLEIA DE DEUS,ALTO JOSÉ DO PINHO,,SUBURBIO,CHOQUE VEÍCULO PARADO,COLISÃO SEM VÍTIMA,1,,,,,,,,,0,,Longo da via,Bom,Não existe,Não existente,Seca,Mal conservada,Não existe,Não há placas,"",Dupla,Não existe,"",""
1833,2019-03-01T00:00:00,16:37:00,SEM VÍTIMA,CANCELADA,AFOGADOS,EST DOS REMEDIOS,24,"",EM FRENTE A GALERIA ASA BRANCA,EST DOS REMEDIOS,24,EM FRENTE A GALERIA ASA BRANCA,AFOGADOS,,"",COLISÃO,COLISÃO SEM VÍTIMA,1,1,,,,,,,,0,,"","","","","","","","","","","","",""
1834,2019-03-01T00:00:00,17:00:00,COM VÍTIMA,FINALIZADA,CAJUEIRO,AV CIDADE DE MONTEIRO,380,"",LADO OPOSTO AO ARMAZÉM CORAL ACHAQUI,AV CIDADE DE MONTEIRO,380,LADO OPOSTO AO ARMAZÉM CORAL ACHAQUI,CAJUEIRO,,AV. BEBERIBE,ABALROAMENTO TRANSVERSAL,COLISÃO ENVOLVENDO AUTO E MOTO.,1,1,,,,,,,,1,,Longo da via,Bom,Não existe,Perfeito estado,Seca,Perfeito estado,Não existe,Outras,"",Dupla,Outros,"",""
1835,2019-03-01T00:00:00,17:07:00,SEM VÍTIMA,CANCELADA,BOA VIAGEM,RUA BARAO DE SOUZA LEAO,"",RUA FELICIANO JOSE DE FARIAS,APÓS O MAR HOTEL,RUA BARAO DE SOUZA LEAO,"",APÓS O MAR HOTEL,BOA VIAGEM,,"",COLISÃO,ENTRE AUTOS S/V.,2,,,,,,,,,0,,"","","","","","","","","","","","",""
1836,2019-03-01T00:00:00,17:20:00,SEM VÍTIMA,FINALIZADA,MADALENA,RUA BENFICA,"","",AUTO PNEUS,RUA BENFICA,"",AUTO PNEUS,MADALENA,,CIDADE,ABALROAMENTO LONGITUDINAL,COLISÃO SEM VÍTIMA,1,,,,,1,,,,0,,Longo da via,Bom,Não existe,Perfeito estado,Seca,Perfeito estado,Não existe,R-6a,"",Única,"","",""
1837,2019-03-01T00:00:00,17:23:00,SEM VÍTIMA,FINALIZADA,PARNAMIRIM,RUA PADRE ROMA,273,"",ESQUINA DO BAR DO FACCA,RUA PADRE ROMA,273,ESQUINA DO BAR DO FACCA,PARNAMIRIM,,SUBURBIO,ABALROAMENTO LONGITUDINAL,COLISÃO SEM VÍTIMA,2,,,,,,,,,0,,Longo da via,Bom,Não existe,Perfeito estado,Seca,Perfeito estado,Não existe,R-6a,20 km/h,Única,Não existe,"",""
1838,2019-03-01T00:00:00,17:36:00,COM VÍTIMA,FINALIZADA,PAISSANDU,RUA PAISSANDU,"","","INICIO DO VIADUTO, EM FRENTE AO HOSP. DO CAPIBARIBE...HAPVIDA",RUA PAISSANDU,"","INICIO DO VIADUTO, EM FRENTE AO HOSP. DO CAPIBARIBE...HAPVIDA",PAISSANDU,,SUBURBIO,ABALROAMENTO TRANSVERSAL,COLISÃO COM VITIMA/ CONDUTOR DO AUTO SE EVADIU,1,1,,,,,,,,1,,Cruzamento,Bom,Não existe,Perfeito estado,Seca,Perfeito estado,Outros,Outras,"",Única,Faixa seccionada,Canteiro central,""
1839,2019-03-01T00:00:00,17:49:00,SEM VÍTIMA,FINALIZADA,COELHOS,RUA DOS COELHOS,"","",EM FRENTE AO HOSPITAL PEDRO II,RUA DOS COELHOS,"",EM FRENTE AO HOSPITAL PEDRO II,COELHOS,359,SUBURBIO,ABALROAMENTO LONGITUDINAL,COLISÃO SEM VÍTIMA,2,,,,,,,,,0,,Longo da via,Bom,Sem defeito,Perfeito estado,Seca,Perfeito estado,Faixa de pedestre,R-6a,30 km/h,Dupla,Faixa contínua,Faixa seccionada,""
1840,2019-03-01T00:00:00,18:21:00,SEM VÍTIMA,CANCELADA,SANTO ANTÔNIO,RUA SIQUEIRA CAMPOS,"",RUA DO SOL,POR TRÁS DA DELEGACIA E CORREIOS,RUA SIQUEIRA CAMPOS,"",POR TRÁS DA DELEGACIA E CORREIOS,SANTO ANTÔNIO,,"",COLISÃO,ENTRE AUTO E MOTO. S/V,1,1,,,,,,,,0,,"","","","","","","","","","","","",""
1841,2019-03-01T00:00:00,18:32:00,SEM VÍTIMA,CANCELADA,BONGI,AV ENGENHEIRO ABDIAS DE CARVALHO,"","","EM FRENTE A DROGARIA BONGI, SENTIDO SUBURBIO",AV ENGENHEIRO ABDIAS DE CARVALHO,"","EM FRENTE A DROGARIA BONGI, SENTIDO SUBURBIO",BONGI,,SUBURBIO,COLISÃO,COLISÃO SEM VÍTIMA,2,,,,,,,,,0,,"","","","","","","","","","","","",""
1842,2019-03-01T00:00:00,19:00:00,SEM VÍTIMA,FINALIZADA,BONGI,AV CONSUL VILARES FRAGOSO,"",RUA ITAPEMIRIM,"",AV CONSUL VILARES FRAGOSO,"","",BONGI,,SUB/CID,ABALROAMENTO TRANSVERSAL,ENTRE 2 AUTOS. S/V,2,,,,,,,,,0,,Cruzamento,Bom,Não existe,Perfeito estado,Seca,Perfeito estado,Não existe,Placas Pare,"",Dupla,Faixa,"",""
1843,2019-03-01T00:00:00,19:02:00,SEM VÍTIMA,CANCELADA,ENCRUZILHADA,RUA FERNANDO CESAR,"",RUA AMARO COUTINHO,PROX. A APRAÇA DO CAMINHONEIRO,RUA FERNANDO CESAR,"",PROX. A APRAÇA DO CAMINHONEIRO,ENCRUZILHADA,,"",COLISÃO,COLISÃO SEM VÍTIMA,2,,,,,,,,,0,,"","","","","","","","","","","","",""
1844,2019-03-01T00:00:00,19:12:00,SEM VÍTIMA,CANCELADA,IMBIRIBEIRA,AV MARECHAL MASCARENHAS DE MORAES,"","",SEMÁFORO 631 / PRÓX A HONDA E FACULDADE UNIVERSO,AV MARECHAL MASCARENHAS DE MORAES,"",SEMÁFORO 631 / PRÓX A HONDA E FACULDADE UNIVERSO,IMBIRIBEIRA,,"",COLISÃO,"",2,,,,,,,,,0,,"","","","","","","","","","","","",""
1845,2019-03-01T00:00:00,19:18:00,COM VÍTIMA,CANCELADA,SAN MARTIN,AV ENGENHEIRO ABDIAS DE CARVALHO,"",AV GENERAL SAN MARTIN,AO LADO DO COMPAZ,AV ENGENHEIRO ABDIAS DE CARVALHO,"",AO LADO DO COMPAZ,SAN MARTIN,58,"",COLISÃO,COLISÃO COM VITIMAS,1,1,,,,,,,,1,,"","","","","","","","","","","","",""
1846,2019-03-01T00:00:00,19:36:00,COM VÍTIMA,CANCELADA,PORTO DA MADEIRA,AV BEBERIBE,"","",EM FRENTE AO CONJUNTO RESIDENCIAL JOÃO PAULO SEGUNDO,AV BEBERIBE,"",EM FRENTE AO CONJUNTO RESIDENCIAL JOÃO PAULO SEGUNDO,PORTO DA MADEIRA,,"",COLISÃO,COLISÃO COM VITIMAS / VITIMA RECEBENDO PRIMEIROS SOCORROS NO LOCAL,1,1,,,,,,,,1,,"","","","","","","","","","","","",""
1847,2019-03-01T00:00:00,21:31:00,SEM VÍTIMA,CANCELADA,DOIS IRMÃOS,EST DOS PINTOS,"",RUA MANUEL DE MEDEIROS,PROX. A RURAL,EST DOS PINTOS,"",PROX. A RURAL,DOIS IRMÃOS,588,"",COLISÃO,COLISÃO SEM VITIMAS,2,,,,,,,,,0,,"","","","","","","","","","","","",""
1848,2019-03-01T00:00:00,21:37:00,COM VÍTIMA,CANCELADA,SANTO ANTÔNIO,AV DANTAS BARRETO,"",RUA SAO JOAO,"",AV DANTAS BARRETO,"","",SANTO ANTÔNIO,54,"",COLISÃO,"",1,1,,,,,,,,1,,"","","","","","","","","","","","",""
1849,2019-03-01T00:00:00,21:42:00,SEM VÍTIMA,FINALIZADA,BOA VIAGEM,RUA JOSE DOMINGUES DA SILVA,"",RUA BELMONTE,"",RUA JOSE DOMINGUES DA SILVA,"","",BOA VIAGEM,,"",ABALROAMENTO TRANSVERSAL,COLISÃO SEM VITIMAS,2,,,,,,,,,0,,Cruzamento,Bom,Não existe,Perfeito estado,Seca,Perfeito estado,"",Outras,"",Dupla,"","",""
1850,2019-03-01T00:00:00,22:10:00,SEM VÍTIMA,FINALIZADA,JORDÃO,AV BEIRA RIO,250,"",KANTO DOS BOLOS,AV BEIRA RIO,250,KANTO DOS BOLOS,JORDÃO,,CIDADE,CHOQUE VEÍCULO PARADO,COLISÃO SEM VITIMAS,2,,,,,,,,,0,,Longo da via,Bom,Não existe,Perfeito estado,Seca,Perfeito estado,Não existe,Não há placas,"",Dupla,Canteiro central,"",""
1851,2019-03-01T00:00:00,22:23:00,COM VÍTIMA,FINALIZADA,VÁRZEA,RUA ARAPONGAS,"","",PROX. AO TERMINAL INTEGRADO DE COSME E DAMIÃO,RUA ARAPONGAS,"",PROX. AO TERMINAL INTEGRADO DE COSME E DAMIÃO,VÁRZEA,,SUBURBIO,CHOQUE VEÍCULO PARADO,"",,,,,,1,,,,1,,Longo da via,Bom,Não existe,Perfeito estado,Seca,Perfeito estado,Não existe,Não há placas,"",Dupla,Não existe,"",""
1852,2019-03-01T00:00:00,22:59:00,SEM VÍTIMA,FINALIZADA,DERBY,RUA DR BANDEIRA FILHO,"",AV GOVERNADOR AGAMENON MAGALHAES,SEMÁFORO 173,RUA DR BANDEIRA FILHO,"",SEMÁFORO 173,DERBY,173,SUBURBIO,ABALROAMENTO LONGITUDINAL,ENTRE AUTO E ÕNIBUS. S/V,1,,,,,1,,,,0,,Longo da via,Bom,Sem defeito,Perfeito estado,Seca,Perfeito estado,Faixa de pedestre,Não há placas,"",Única,Faixa contínua,Faixa seccionada,""
1853,2019-03-02T00:00:00,00:22:00,SEM VÍTIMA,FINALIZADA,IPSEP,AV RECIFE,3592,"",PROX DO POSTO BR,AV RECIFE,3592,PROX DO POSTO BR,IPSEP,,SUBURBIO,ABALROAMENTO LONGITUDINAL,COLISÃO ENTRE DOIS VEÍCULOS,2,,,,,,,,,0,,Longo da via,Chuvoso,Não existe,Perfeito estado,Molhada,Perfeito estado,Não existe,Outras,"",Dupla,Faixa seccionada,Canteiro central,""
1854,2019-03-02T00:00:00,02:04:00,SEM VÍTIMA,CANCELADA,IMBIRIBEIRA,RUA JOSE DA SILVA LUCENA,"",RUA SARGENTO SILVINO DE MACEDO,PROX DO GGE,RUA JOSE DA SILVA LUCENA,"",PROX DO GGE,IMBIRIBEIRA,,"",COLISÃO,COLISÃO ENTRE AUTO E MOTO S/V,1,1,,,,,,,,0,,"","","","","","","","","","","","",""
1855,2019-03-02T00:00:00,02:14:00,SEM VÍTIMA,FINALIZADA,MADALENA,AV JOSE GONCALVES DE MEDEIROS,"","",POSTE DE ILUMINAÇÃO PÚBLICA B054807,AV JOSE GONCALVES DE MEDEIROS,"",POSTE DE ILUMINAÇÃO PÚBLICA B054807,MADALENA,,CIDADE,ABALROAMENTO TRANSVERSAL,COLISÃO ENTRE DOIS AUTOS S/V,2,,,,,,,,,0,,Longo da via,Chuvoso,"",Perfeito estado,Molhada,Perfeito estado,Não existe,Não há placas,"",Dupla,Faixa contínua,"",""
1856,2019-03-02T00:00:00,06:17:00,SEM VÍTIMA,FINALIZADA,IPUTINGA,RUA MAURICIO DE NASSAU,119,RUA PEREIRA COUTINHO FILHO,"",RUA MAURICIO DE NASSAU,119,"",IPUTINGA,,CIDADE,ABALROAMENTO TRANSVERSAL,DOIS AUTOS,2,,,,,,,,,0,,Cruzamento,Bom,Não existe,Perfeito estado,Seca,Perfeito estado,Não existe,R-6a,"",Dupla,Faixa seccionada,"",""
1857,2019-03-02T00:00:00,06:32:00,SEM VÍTIMA,FINALIZADA,BAIRRO DO RECIFE,AV MARTINS DE BARROS,"","","",AV MARTINS DE BARROS,"","",BAIRRO DO RECIFE,383,SUBURBIO,ABALROAMENTO LONGITUDINAL,COLISÃO SEM VITIMAS,1,,,,,1,,,,0,,Longo da via,Chuvoso,Sem defeito,Perfeito estado,Molhada,Perfeito estado,Agente,Não há placas,30 km/h,Única,Faixa seccionada,"",""
1858,2019-03-02T00:00:00,08:20:00,SEM VÍTIMA,FINALIZADA,CASA AMARELA,AV NORTE,"",AV PROFESSOR JOSE DOS ANJOS,"",AV NORTE,"","",CASA AMARELA,364,CIDADE,ABALROAMENTO LONGITUDINAL,COLISÃO SEM VITIMAS VT 09 QTH,1,,,,,1,,,,0,,Cruzamento,Bom,Sem defeito,Perfeito estado,Seca,Perfeito estado,"",Não há placas,"",Dupla,Canteiro central,"",""
1859,2019-03-02T00:00:00,09:09:00,SEM VÍTIMA,FINALIZADA,ILHA JOANA BEZERRA,RUA DOM PAULO II,"","",VIADUTO JOANA BEZERRA,RUA DOM PAULO II,"",VIADUTO JOANA BEZERRA,ILHA JOANA BEZERRA,,SUBURBIO,ABALROAMENTO LONGITUDINAL,APOIO PARA FLUIDEZ NO LOCAL,2,,,,,,,,,0,,Viaduto,Bom,Não existe,Perfeito estado,Seca,Perfeito estado,Agente,Não há placas,"",Única,Faixa seccionada,"",""
1860,2019-03-02T00:00:00,09:44:00,APOIO,FINALIZADA,ILHA DO LEITE,VIADUTO CAPITAO TEMUDO,"","","ENCIMA DO VIADUTO CAPITÃO TEMUDO ,SENTIDO BOA VIAGEM",VIADUTO CAPITAO TEMUDO,"","ENCIMA DO VIADUTO CAPITÃO TEMUDO ,SENTIDO BOA VIAGEM",ILHA DO LEITE,,BOA VIAGEM,COLISÃO,"SEM VITIMAS,CTTU NO LOCAL",2,,,,,,,,,0,,"","","","","","","","","","","","",""
1861,2019-03-08T00:00:00,05:59:00,SEM VÍTIMA,FINALIZADA,AFLITOS,AV CONS ROSA E SILVA,955,"",EM FRENTE AI EDF IMBÉ,AV CONS ROSA E SILVA,955,EM FRENTE AI EDF IMBÉ,AFLITOS,,SUBURBIO,ABALROAMENTO LONGITUDINAL,SEM VITIMAS.,1,1,,,,,,,,0,,Longo da via,Bom,Não existe,Perfeito estado,Seca,Perfeito estado,Não existe,Outras,"","","","",""
1862,2019-03-02T00:00:00,11:29:00,SEM VÍTIMA,CANCELADA,ESPINHEIRO,RUA DO ESPINHEIRO,"",AV JOAO DE BARROS,EM FRENTE A FARMACIA PAGUE MENOS,RUA DO ESPINHEIRO,"",EM FRENTE A FARMACIA PAGUE MENOS,ESPINHEIRO,89,"",COLISÃO,SEM VITIMAS,2,,,,,,,,,0,,"","","","","","","","","","","","",""
1863,2019-03-02T00:00:00,11:33:00,SEM VÍTIMA,FINALIZADA,VÁRZEA,AV AFONSO OLINDENSE,398,"",PLANETA MAR PESCADOS,AV AFONSO OLINDENSE,398,PLANETA MAR PESCADOS,VÁRZEA,,SUBURBIO,ABALROAMENTO LONGITUDINAL,COLISÃO SEM VITIMAS,2,,,,,,,,,0,,Longo da via,Bom,Não existe,Não existente,Seca,Perfeito estado,Não existe,Outras,"",Dupla,Faixa contínua,"",""
1864,2019-03-02T00:00:00,12:17:00,SEM VÍTIMA,FINALIZADA,SANTO AMARO,AV CRUZ CABUGA,"","",EM FRENTE AO HOSPITAL DO CANCER/ SENTIDO CIDADE,AV CRUZ CABUGA,"",EM FRENTE AO HOSPITAL DO CANCER/ SENTIDO CIDADE,SANTO AMARO,,CIDADE,COLISÃO TRASEIRA,SEM VITIMA,2,,,,,,,,,0,,Longo da via,Bom,Não existe,Incompleta,Seca,Mal conservada,Não existe,R-6a,"",Dupla,Blocos,"",""
1865,2019-03-02T00:00:00,14:33:00,SEM VÍTIMA,FINALIZADA,BAIRRO DO RECIFE,C SANTA RITA,"","",ENTRADA DO TERMINAL DE SANTA RITA,C SANTA RITA,"",ENTRADA DO TERMINAL DE SANTA RITA,BAIRRO DO RECIFE,76,CIDADE,COLISÃO TRASEIRA,COLISÃO SEM VITIMAS,0,,,,,,,,,0,,Longo da via,Bom,Sem defeito,Perfeito estado,Seca,Perfeito estado,Faixa de retenção,"","",Única,Faixa seccionada,"",""
1866,2019-03-02T00:00:00,14:39:00,SEM VÍTIMA,FINALIZADA,BOA VIAGEM,AV FERNANDO SIMOES BARBOSA,"",RUA PADRE CARAPUCEIRO,"",AV FERNANDO SIMOES BARBOSA,"","",BOA VIAGEM,321,"",ABALROAMENTO LONGITUDINAL,AUTO E ONIBUS DA BORBOREMA,2,,,,,,,,,0,,Cruzamento,Bom,Sem defeito,Perfeito estado,Seca,Perfeito estado,Faixa de pedestre,R-6a,"",Dupla,Canteiro central,"",""
1867,2019-03-02T00:00:00,15:40:00,SEM VÍTIMA,FINALIZADA,JOANA BEZERRA,RUA JOAO PAULO II,"","",CAPITÃO TEMUDO,RUA JOAO PAULO II,"",CAPITÃO TEMUDO,JOANA BEZERRA,,"",COLISÃO TRASEIRA,ENTRE DOIS AUTOS S/V,2,,,,,,,,,0,,Viaduto,Bom,Não existe,Perfeito estado,Seca,Perfeito estado,Não existe,Não há placas,"",Única,Faixa seccionada,"",""
1868,2019-03-02T00:00:00,16:07:00,SEM VÍTIMA,FINALIZADA,JOANA BEZERRA,VIADUTO CAPITAO TEMUDO,"","",SOBRE O VIADUTO PAPA JOÃO PAULO II,VIADUTO CAPITAO TEMUDO,"",SOBRE O VIADUTO PAPA JOÃO PAULO II,JOANA BEZERRA,,"",COLISÃO TRASEIRA,COLISÃO SEM VITIMA,1,,,,,,1,,,0,,Viaduto,Bom,Não existe,Perfeito estado,Seca,Perfeito estado,"",R-19,40 km/h,Dupla,Faixa seccionada,Canteiro central,""
1869,2019-03-02T00:00:00,16:31:00,COM VÍTIMA,FINALIZADA,ENCRUZILHADA,AV NORTE,2215,RUA JOSE DE SA CARNEIRO,EM FRENTE A RENAULT,AV NORTE,2215,EM FRENTE A RENAULT,ENCRUZILHADA,665,SUBURBIO,ABALROAMENTO TRANSVERSAL,COLISÃO ENVOLVENDO AUTO E MOTO.,1,1,,,,,,,,1,,Esquina,Bom,Sem defeito,Perfeito estado,Seca,Perfeito estado,Faixa de pedestre,Outras,"",Dupla,Canteiro central,"",""
1870,2019-03-02T00:00:00,16:38:00,SEM VÍTIMA,CANCELADA,AFOGADOS,RUA QUITERIO INACIO DE MELLO,"","","EM FRENTE AFOGADOS AUTO CENTER, SENTIDO BOA VIAGEM",RUA QUITERIO INACIO DE MELLO,"","EM FRENTE AFOGADOS AUTO CENTER, SENTIDO BOA VIAGEM",AFOGADOS,,"",COLISÃO,COLISÃO SEM VITIMA,2,,,,,,,,,0,,"","","","","","","","","","","","",""
1871,2019-03-02T00:00:00,17:03:00,SEM VÍTIMA,CANCELADA,BOA VIAGEM,RUA FRANCISCO CORREIA DE MORAES,"","",EM FRENTE AO ATACADÃO,RUA FRANCISCO CORREIA DE MORAES,"",EM FRENTE AO ATACADÃO,BOA VIAGEM,,"",COLISÃO,COLISÃO COM VITIMA/ VITIMA AGUARDANDO O SAMU NO LOCAL,1,1,,,,,,,,0,,"","","","","","","","","","","","",""
1872,2019-03-02T00:00:00,17:23:00,COM VÍTIMA,FINALIZADA,SANTO AMARO,AV MARIO MELO,"",RUA AURORA,"",AV MARIO MELO,"","",SANTO AMARO,,SUBURBIO,ATROPELAMENTO,ATROPELAMENTO EM FRENTE TCE,,,,,1,1,,,,1,,Longo da via,Bom,Não existe,"","","",Não existe,Não há placas,"",Única,Canteiro central,"",""
1873,2019-03-02T00:00:00,17:49:00,COM VÍTIMA,FINALIZADA,BOA VISTA,AV CONDE DA BOA VISTA,"",RUA DA SOLEDADE,LOJA MARIA SONECA / ENTRADA DA EMBELEZE,AV CONDE DA BOA VISTA,"",LOJA MARIA SONECA / ENTRADA DA EMBELEZE,BOA VISTA,25,CIDADE,ATROPELAMENTO,ATROPELAMENTO A PEDESTRE,,,,,1,1,,,,1,,Cruzamento,Bom,Sem defeito,Incompleta,Seca,Perfeito estado,Agente,R-6c,60 km/h,Dupla,Faixa contínua,"",""
1874,2019-03-02T00:00:00,18:38:00,SEM VÍTIMA,FINALIZADA,CASA FORTE,AV DEZESSETE DE AGOSTO,125,"","",AV DEZESSETE DE AGOSTO,125,"",CASA FORTE,,SUBURBIO,CHOQUE OBJETO FIXO,O CONDUTOR ESTAVA REALIZANDO A MANOBRA QUANDO BATEU COM A TRAZEIRA DO VEÍCULO NO POSTE DA CELPE,1,,,,,,,1,,0,,"",Bom,Não existe,"",Seca,Perfeito estado,Não existe,"",60 km/h,Única,Faixa contínua,"",""
1875,2019-03-02T00:00:00,18:42:00,SEM VÍTIMA,FINALIZADA,ESTÂNCIA,AV DR JOSE RUFINO,582,"",GALERIA MARGARIDA,AV DR JOSE RUFINO,582,GALERIA MARGARIDA,ESTÂNCIA,,SUBURBIO,COLISÃO TRASEIRA,ONIBUS TURISMO X TAXI,1,,,,,1,,,,0,,Longo da via,Bom,"",Perfeito estado,Seca,Perfeito estado,"",R-6a,60 km/h,Dupla,Faixa contínua,"",""
1876,2019-03-02T00:00:00,19:26:00,COM VÍTIMA,FINALIZADA,CAMPO GRANDE,AV PROFESSOR JOSE DOS ANJOS,"","",ENF A ECOESTAÇAO DO ARRUDA,AV PROFESSOR JOSE DOS ANJOS,"",ENF A ECOESTAÇAO DO ARRUDA,CAMPO GRANDE,,SUBURBIO,ABALROAMENTO LONGITUDINAL,VT DO CHOQUE X MOTO,,1,,,,,,1,,1,,Longo da via,Bom,Não existe,Não existente,Seca,Perfeito estado,"",Não há placas,40 km/h,Dupla,Não existe,"",""
1877,2019-03-02T00:00:00,19:53:00,COM VÍTIMA,FINALIZADA,IPUTINGA,RUA ENGENHEIRO MOACYR PARAHYBA,179,RUA QUIPAPA,POR TRAS DO WALMART,RUA ENGENHEIRO MOACYR PARAHYBA,179,POR TRAS DO WALMART,IPUTINGA,,SUBURBIO,COLISÃO FRONTAL,SANDERO X TAXI OBS: O MOTORISTA DO TAXI FOI VITIMA DE ROUBO E FOI ESFAQUEADO PERDEU O CONTROLE E COLIDIU NO SANDERO,2,,,,,,,,,1,,Longo da via,Bom,Não existe,Incompleta,Seca,Mal iluminada,Não existe,Não há placas,"",Dupla,Faixa seccionada,"",""
1878,2019-03-02T00:00:00,21:18:00,SEM VÍTIMA,FINALIZADA,ALTO SANTA TERESINHA,RUA TAMBOARA,290,"",AO LADO DA OFICINA DO GILDO,RUA TAMBOARA,290,AO LADO DA OFICINA DO GILDO,ALTO SANTA TERESINHA,,CIDADE,CHOQUE VEÍCULO PARADO,COLISÃO SEM VITIMA,1,,,,,,,,,0,,Longo da via,Bom,"","",Seca,Perfeito estado,"","","",Dupla,"","",""
1879,2019-03-03T00:00:00,"",SEM VÍTIMA,CANCELADA,BAIRRO DO RECIFE,TRV TIRADENTES,"","",EM FRENTE A PRAÇA TIRADENTES,TRV TIRADENTES,"",EM FRENTE A PRAÇA TIRADENTES,BAIRRO DO RECIFE,,"",COLISÃO,"COLISÃO ENTRE DOIS AUTOS , SEM VÍTIMAS",2,,,,,,,,,0,,"","","","","","","","","","","","",""
1880,2019-03-03T00:00:00,06:52:00,SEM VÍTIMA,FINALIZADA,IPSEP,RUA DR GONZAGA MARANHAO,430,RUA FRANCISCO BARRETO,"",RUA DR GONZAGA MARANHAO,430,"",IPSEP,,SUBURBIO,ABALROAMENTO TRANSVERSAL,SEM VITIMAS,1,,,,,1,,,,0,,Cruzamento,Chuvoso,Não existe,Perfeito estado,Seca,Perfeito estado,Não existe,Não há placas,"",Dupla,Não existe,"",""
1881,2019-03-03T00:00:00,08:15:00,SEM VÍTIMA,FINALIZADA,BAIRRO DO RECIFE,CAIS DO APOLO,"",AV RIO BRANCO,SEMÁFORO 019,CAIS DO APOLO,"",SEMÁFORO 019,BAIRRO DO RECIFE,19,"",ABALROAMENTO LONGITUDINAL,COLISÃO SEM VITIMAS,2,,,,,,,,,0,,"",Chuvoso,Sem defeito,Perfeito estado,Seca,Perfeito estado,Faixa de pedestre,R-6a,"","",Não existe,"",""