_id,DATA,hora,natureza_acidente,situacao,bairro,endereco,numero,detalhe_endereco_acidente,complemento,endereco_cruzamento,numero_cruzamento,referencia_cruzamento,bairro_cruzamento,num_semaforo,sentido_via,tipo,descricao,auto,moto,ciclom,ciclista,pedestre,onibus,caminhao,viatura,outros,vitimas,vitimasfatais,acidente_verificado,tempo_clima,situacao_semaforo,sinalizacao,condicao_via,conservacao_via,ponto_controle,situacao_placa,velocidade_max_via,mao_direcao,divisao_via1,divisao_via2,divisao_via3
1882,2019-03-03T00:00:00,13:22:00,SEM VÍTIMA,FINALIZADA,AFOGADOS,RUA MOTOCOLOMBO,"","",EM FRENTE À PRAÇA LARGO DA PAZ,RUA MOTOCOLOMBO,"",EM FRENTE À PRAÇA LARGO DA PAZ,AFOGADOS,,SUBURBIO,COLISÃO TRASEIRA,"",1,,,,,1,,,,0,,Longo da via,Chuvoso,Não existe,Perfeito estado,Molhada,Perfeito estado,Outros,R-6a,"",Única,Faixa seccionada,"",""
1883,2019-03-03T00:00:00,13:37:00,SEM VÍTIMA,FINALIZADA,PINA,AV HERCULANO BANDEIRA,949,RUA ARQUITETO AUGUSTO REINALDO,EM FRENTE AO ATACADO DA CONSTRUÇÃO,AV HERCULANO BANDEIRA,949,EM FRENTE AO ATACADO DA CONSTRUÇÃO,PINA,660,SUBURBIO,ABALROAMENTO TRANSVERSAL,COLISÃO SEM VÍTIMA,2,,,,,,,,,0,,Cruzamento,Chuvoso,Com defeito,Perfeito estado,Molhada,Perfeito estado,Faixa de pedestre,R-4a,"",Única,Faixa seccionada,"",""
1884,2019-03-03T00:00:00,13:57:00,SEM VÍTIMA,CANCELADA,GUABIRABA,AV VEREADOR OTACILIO AZEVEDO,288,"",AO LADO DO COLEGIO SÃO CRISTOVÃO,AV VEREADOR OTACILIO AZEVEDO,288,AO LADO DO COLEGIO SÃO CRISTOVÃO,GUABIRABA,,"",COLISÃO,COLISÃO SEM VÍTIMA,2,,,,,,,,,0,,"","","","","","","","","","","","",""
1885,2019-03-03T00:00:00,14:30:00,SEM VÍTIMA,FINALIZADA,CAMPO GRANDE,RUA PRUDENTE DE MORAES,124,RUA CARLOS FERNANDES,"",RUA PRUDENTE DE MORAES,124,"",CAMPO GRANDE,,SUBURBIO,ABALROAMENTO TRANSVERSAL,ENTRE AUTO S/V,2,,,,,,,,,0,,Cruzamento,Chuvoso,Não existe,Perfeito estado,Molhada,Perfeito estado,Faixa de retenção,Placas Pare,"",Dupla,Não existe,"",""
1886,2019-03-03T00:00:00,16:58:00,SEM VÍTIMA,FINALIZADA,BOA VIAGEM,RUA PROFESSOR AUGUSTO LINS E SILVA,536,"",PRÓX. AO HOTEL RECIFE FLAT,RUA PROFESSOR AUGUSTO LINS E SILVA,536,PRÓX. AO HOTEL RECIFE FLAT,BOA VIAGEM,,"",ABALROAMENTO LONGITUDINAL,ENTRE AUTOS S/V.,2,,,,,,,,,0,,Longo da via,Bom,Não existe,Perfeito estado,Seca,Perfeito estado,Não existe,Não há placas,"",Dupla,Não existe,"",""
1887,2019-03-03T00:00:00,17:58:00,SEM VÍTIMA,FINALIZADA,GRAÇAS,RUA AMELIA,"","",EM FRENTE A PAGUE MENOS,RUA AMELIA,"",EM FRENTE A PAGUE MENOS,GRAÇAS,,CIDADE,COLISÃO TRASEIRA,COLISÃO SEM VÍTIMA,3,,,,,,,,,0,,Longo da via,Bom,Sem defeito,Perfeito estado,Seca,Perfeito estado,"","","",Única,"","",""
1888,2019-03-03T00:00:00,18:20:00,COM VÍTIMA,CANCELADA,IMBIRIBEIRA,AV MARECHAL MASCARENHAS DE MORAES,2156,"",ENF A CONCESSIONARIA ITALIANA // SENTIDO PRAZERES,AV MARECHAL MASCARENHAS DE MORAES,2156,ENF A CONCESSIONARIA ITALIANA // SENTIDO PRAZERES,IMBIRIBEIRA,,"",ATROPELAMENTO,ONIBUS VERA CRUZ X PEDESTRE,,,,,1,1,,,,1,,"","","","","","","","","","","","",""
1889,2019-03-03T00:00:00,18:40:00,SEM VÍTIMA,CANCELADA,GRAÇAS,RUA AMELIA,677,RUA SERGIO MAGALHAES,ENF A PAGUE MENOS,RUA AMELIA,677,ENF A PAGUE MENOS,GRAÇAS,,"",ENGAVETAMENTO,2 FORD K X PRISMA,3,,,,,,,,,0,,"","","","","","","","","","","","",""
1890,2019-03-03T00:00:00,19:26:00,COM VÍTIMA,FINALIZADA,CAMPO GRANDE,RUA ODORICO MENDES,524,"",APÓS E DO LADO OPOSTO AO STTYLLO SUPERMERCADOS.,RUA ODORICO MENDES,524,APÓS E DO LADO OPOSTO AO STTYLLO SUPERMERCADOS.,CAMPO GRANDE,,CIDADE,ATROPELAMENTO,ATROPELAMENTO ENVOLVENDO UM AUTOMÓVEL TÁXI E UM PEDESTRE DO SEXO FEMININO.,1,,,,1,,,,,1,,Longo da via,Bom,Não existe,Perfeito estado,Seca,Perfeito estado,Não existe,Não há placas,"",Única,Faixa contínua,Faixa seccionada,""
1891,2019-03-03T00:00:00,19:43:00,SEM VÍTIMA,FINALIZADA,CASA AMARELA,EST DO ARRAIAL,3954,RUA PADRE LEMOS,SEMÁFORO 404,EST DO ARRAIAL,3954,SEMÁFORO 404,CASA AMARELA,404,SUBURBIO,ABALROAMENTO LONGITUDINAL,PRISMA X ONIBUS GLOBO,1,,,,,1,,,,0,,Cruzamento,Bom,Sem defeito,Perfeito estado,Seca,Perfeito estado,Faixa de pedestre,"",40 km/h,Única,Faixa contínua,"",""
1892,2019-03-03T00:00:00,21:33:00,COM VÍTIMA,FINALIZADA,CASA FORTE,EST DO ENCANAMENTO,"",RUA JADER DE ANDRADE,JUNTO AO EDIFICIO CAMILE FLAN MARION,EST DO ENCANAMENTO,"",JUNTO AO EDIFICIO CAMILE FLAN MARION,CASA FORTE,,CIDADE,ABALROAMENTO TRANSVERSAL,COLISÃO COM VITIMA,1,1,,,,,,,,1,,Cruzamento,Bom,Não existe,Perfeito estado,Seca,Perfeito estado,Não existe,Placas Pare,"",Única,Faixa,"",""
1893,2019-03-03T00:00:00,22:41:00,SEM VÍTIMA,FINALIZADA,IMBIRIBEIRA,AV MARECHAL MASCARENHAS DE MORAES,2931,"",LADO OPOSTO AO Nº 2931,AV MARECHAL MASCARENHAS DE MORAES,2931,LADO OPOSTO AO Nº 2931,IMBIRIBEIRA,631,SUBURBIO,CHOQUE VEÍCULO PARADO,COLISÃO SEM VITIMAS,2,,,,,,,,,0,,Longo da via,Chuvoso,Sem defeito,Perfeito estado,Molhada,Perfeito estado,Faixa de pedestre,Outras,"",Dupla,Faixa seccionada,"",""
1894,2019-03-04T00:00:00,02:01:00,SEM VÍTIMA,FINALIZADA,SANTO AMARO,RUA PALMARES,"","",CENTRO DE SAÚDE PROF WALDEMAR DE OLIVEIRA,RUA PALMARES,"",CENTRO DE SAÚDE PROF WALDEMAR DE OLIVEIRA,SANTO AMARO,,SUBURBIO,COLISÃO TRASEIRA,COLISÃO SEM VITIMAS,2,,,,,,,,,0,,Longo da via,Chuvoso,Sem defeito,Perfeito estado,Molhada,Perfeito estado,Não existe,Não há placas,"",Dupla,Canteiro central,"",""
1895,2019-03-04T00:00:00,09:49:00,SEM VÍTIMA,FINALIZADA,ESPINHEIRO,RUA CONS PORTELA,"",RUA QUARENTA E OITO,CRUZAMENTO DAS RUAS,RUA CONS PORTELA,"",CRUZAMENTO DAS RUAS,ESPINHEIRO,11,SUBURBIO,ABALROAMENTO TRANSVERSAL,DUAS MOTOS,,2,,,,,,,,0,,Cruzamento,Bom,Sem defeito,Perfeito estado,Seca,Perfeito estado,Faixa de pedestre,"","",Única,Faixa seccionada,"",""
1896,2019-03-04T00:00:00,10:11:00,COM VÍTIMA,FINALIZADA,BOA VIAGEM,AV DES JOSE NEVES,"",RUA DES JOAO PAES,E/F A FERREIRA PINTO.,AV DES JOSE NEVES,"",E/F A FERREIRA PINTO.,BOA VIAGEM,567,CIDADE,ABALROAMENTO LONGITUDINAL,COLISÃO COM DUAS VÍTIMAS.,1,1,,,,,,,,2,,Cruzamento,Chuvoso,Sem defeito,Perfeito estado,Molhada,Perfeito estado,Faixa de pedestre,Outras,"",Única,"","",""
1897,2019-03-04T00:00:00,12:10:00,COM VÍTIMA,CANCELADA,BOA VIAGEM,AV BOA VIAGEM,3056,"",EM FRENTE AO EDIFICIO PORTO BELO,AV BOA VIAGEM,3056,EM FRENTE AO EDIFICIO PORTO BELO,BOA VIAGEM,,"",COLISÃO,COLISÃO COM VÍTIMA,1,1,,,,,,,,1,,"","","","","","","","","","","","",""
1898,2019-03-04T00:00:00,12:56:00,SEM VÍTIMA,FINALIZADA,ESPINHEIRO,AV GOVERNADOR AGAMENON MAGALHAES,"","",EM FRENTE AO MINISTÉRIO DO TRABALHO DE PERNAMBUCO,AV GOVERNADOR AGAMENON MAGALHAES,"",EM FRENTE AO MINISTÉRIO DO TRABALHO DE PERNAMBUCO,ESPINHEIRO,,"",ABALROAMENTO TRANSVERSAL,COLISÃO SEM VÍTIMA,1,1,,,,,,,,0,,Longo da via,Chuvoso,Sem defeito,Perfeito estado,Seca,Perfeito estado,Faixa de pedestre,Não há placas,"",Dupla,Faixa contínua,Canteiro central,""
1899,2019-03-04T00:00:00,14:33:00,COM VÍTIMA,FINALIZADA,SANTO AMARO,RUA JOAO LIRA,"",RUA DA SAUDADE,AO LADO DO PARQUE TREZE DE MAIO,RUA JOAO LIRA,"",AO LADO DO PARQUE TREZE DE MAIO,SANTO AMARO,308,SUBURBIO,COLISÃO COM CICLISTA,COLISÃO ENVOLVENDO UM AUTOMÓVEL E UMA BICICLETA.,1,,,1,,,,,,1,,Cruzamento,Chuvoso,Sem defeito,Perfeito estado,Molhada,Perfeito estado,Faixa de pedestre,Outras,"",Única,Faixa contínua,"",""
1900,2019-03-04T00:00:00,15:07:00,COM VÍTIMA,FINALIZADA,SANTO AMARO,AV CRUZ CABUGA,706,RUA FREI CASSIMIRO,APÓS A ESQUINA DA RUA FREI CASSIMIRO,AV CRUZ CABUGA,706,APÓS A ESQUINA DA RUA FREI CASSIMIRO,SANTO AMARO,,CIDADE,ABALROAMENTO TRANSVERSAL,COLISÃO ENVOLVENDO UM AUTOMÓVEL E UMA MOTOCICLETA.,1,1,,,,,,,,2,,Cruzamento,Chuvoso,Não existe,Perfeito estado,Molhada,Perfeito estado,Não existe,R-25b,"",Dupla,Faixa contínua,"",""
1901,2019-03-04T00:00:00,16:27:00,SEM VÍTIMA,CANCELADA,BOA VIAGEM,RUA CORONEL BENEDITO CHAVES,"",RUA DOS NAVEGANTES,EM FRENTE AO ANTIGO HOTEL MARRUA,RUA CORONEL BENEDITO CHAVES,"",EM FRENTE AO ANTIGO HOTEL MARRUA,BOA VIAGEM,,"",COLISÃO,ENTRE DOIS AUTOS S/V,2,,,,,,,,,0,,"","","","","","","","","","","","",""
1902,2019-03-04T00:00:00,18:20:00,COM VÍTIMA,FINALIZADA,CAMPO GRANDE,RUA ODORICO MENDES,481,RUA ALICE GOMES,PRX AO SUPERMERCADO STTYLLO,RUA ODORICO MENDES,481,PRX AO SUPERMERCADO STTYLLO,CAMPO GRANDE,,CIDADE,ABALROAMENTO LONGITUDINAL,MOTO X RENNO,1,1,,,,,,,,2,,Longo da via,Bom,Não existe,Perfeito estado,Seca,Mal iluminada,Faixa de retenção,Outras,"",Dupla,Faixa seccionada,"",""
1903,2019-03-04T00:00:00,20:22:00,COM VÍTIMA,FINALIZADA,IPSEP,RUA ADOLFO FARO,178,RUA HELIO BRANDAO,EM FRENTE A ESCOLA PROFESSOR JOSE VICENTE BARBOSA,RUA ADOLFO FARO,178,EM FRENTE A ESCOLA PROFESSOR JOSE VICENTE BARBOSA,IPSEP,,SUBURBIO,ABALROAMENTO TRANSVERSAL,COLISÃO ENVOLVENDO UM AUTOMÓVEL E UMA MOTOCICLETA. VEÍCULO AUTOMÓVEL EVADIU-SE DO LOCAL DO ACIDENTE.,1,1,,,,,,,,1,,Cruzamento,Bom,Não existe,Não existente,Seca,Perfeito estado,Não existe,Não há placas,30 km/h,Dupla,Não existe,"",""
1904,2019-03-04T00:00:00,21:05:00,SEM VÍTIMA,CANCELADA,TAMARINEIRA,RUA CONEGO BARATA,"",AV NORTE,ANTES DO ARMAZÉM FERREIRA COSTA / SEMÁFORO 062,RUA CONEGO BARATA,"",ANTES DO ARMAZÉM FERREIRA COSTA / SEMÁFORO 062,TAMARINEIRA,,"",COLISÃO,ENTRE 2 AUTOS. S/V,2,,,,,,,,,0,,"","","","","","","","","","","","",""
1905,2019-03-05T00:00:00,08:57:00,SEM VÍTIMA,FINALIZADA,CASA AMARELA,EST DO ARRAIAL,"","",EM FRENTE AO SEMÁFORO 074,EST DO ARRAIAL,"",EM FRENTE AO SEMÁFORO 074,CASA AMARELA,74,SUBURBIO,COLISÃO TRASEIRA,SEM VITIMAS,2,,,,,,,,,0,,Longo da via,Bom,Sem defeito,Perfeito estado,Seca,Perfeito estado,Faixa de pedestre,R-6a,40 km/h,Única,Faixa contínua,Faixa seccionada,""
1906,2019-03-05T00:00:00,10:13:00,SEM VÍTIMA,FINALIZADA,PARNAMIRIM,RUA DES GOIS CAVALCANTE,2723,"",EM FRENTE AO HOSPITAL AGAMENON MAGALHÃES,RUA DES GOIS CAVALCANTE,2723,EM FRENTE AO HOSPITAL AGAMENON MAGALHÃES,PARNAMIRIM,,SUBURBIO,COLISÃO TRASEIRA,"",2,,,,,,,,,0,,Longo da via,Bom,Sem defeito,Perfeito estado,Seca,Perfeito estado,Faixa de pedestre,Outras,"",Única,Faixa seccionada,"",""
1907,2019-03-05T00:00:00,11:06:00,SEM VÍTIMA,CANCELADA,BOA VIAGEM,RUA DOS NAVEGANTES,2313,"",EM FRENTE AO EDIFICIO PABLO PICASSO,RUA DOS NAVEGANTES,2313,EM FRENTE AO EDIFICIO PABLO PICASSO,BOA VIAGEM,,"",COLISÃO,COLISÃO SEM VITIMAS,1,,,,,,1,,,0,,"","","","","","","","","","","","",""
1908,2019-03-05T00:00:00,13:50:00,SEM VÍTIMA,FINALIZADA,BOA VIAGEM,AV BOA VIAGEM,"",RUA PADRE CARAPUCEIRO,"",AV BOA VIAGEM,"","",BOA VIAGEM,112,CIDADE,ABALROAMENTO LONGITUDINAL,ENTRE DOIS AUTOS S/V,2,,,,,,,,,0,,Longo da via,Bom,Sem defeito,Perfeito estado,Seca,Perfeito estado,Faixa de pedestre,Outras,"","",Faixa seccionada,"",""
1909,2019-03-05T00:00:00,14:08:00,SEM VÍTIMA,FINALIZADA,BOA VIAGEM,RUA VISCONDE DE JEQUITINHONHA,433,RUA CAPITAO ZUZINHA,EM FRENTE A LOCALIZA,RUA VISCONDE DE JEQUITINHONHA,433,EM FRENTE A LOCALIZA,BOA VIAGEM,433,CIDADE,ABALROAMENTO LONGITUDINAL,ENTRE DOIS AUTOS S/V,2,,,,,,,,,0,,Cruzamento,Bom,Sem defeito,Perfeito estado,Seca,Perfeito estado,Faixa de pedestre,Placas Pare,"",Única,Não existe,"",""
1910,2019-03-05T00:00:00,14:50:00,COM VÍTIMA,FINALIZADA,VÁRZEA,AV AFONSO OLINDENSE,232,"","PROX. AO TERMINAL DA CAXANGA, E DA ENTRADA DA VARZEA",AV AFONSO OLINDENSE,232,"PROX. AO TERMINAL DA CAXANGA, E DA ENTRADA DA VARZEA",VÁRZEA,638,SUBURBIO,ABALROAMENTO LONGITUDINAL,AUTO E MOTO C/V,2,1,,,,,,,,1,,Longo da via,Bom,Sem defeito,Perfeito estado,Seca,Perfeito estado,Faixa de pedestre,R-6a,"",Dupla,Faixa contínua,"",""
1911,2019-03-05T00:00:00,16:03:00,SEM VÍTIMA,FINALIZADA,BOA VIAGEM,RUA PROFESSOR JOSE BRANDAO,"",RUA DOS NAVEGANTES,EM FRENTE AO BAR GIRO PRAIA,RUA PROFESSOR JOSE BRANDAO,"",EM FRENTE AO BAR GIRO PRAIA,BOA VIAGEM,,SUBURBIO,ABALROAMENTO TRANSVERSAL,COLISÃO SEM VÍTIMA,3,,,,,,,,,0,,Cruzamento,Bom,Não existe,Perfeito estado,Seca,Perfeito estado,Outros,Placas Pare,"",Dupla,Não existe,"",""
1912,2019-03-05T00:00:00,16:31:00,COM VÍTIMA,CANCELADA,FUNDÃO,AV BEBERIBE,2782,"",EM FRENTE A PRAÇA DO FUNDAO,AV BEBERIBE,2782,EM FRENTE A PRAÇA DO FUNDAO,FUNDÃO,,"",COLISÃO,AUTO E MOTO C/V,1,1,,,,,,,,1,,"","","","","","","","","","","","",""
1913,2019-03-05T00:00:00,19:30:00,SEM VÍTIMA,FINALIZADA,IBURA,RUA RIACHO DE SANTANA,566,"","",RUA RIACHO DE SANTANA,566,"",IBURA,,SUBURBIO,CHOQUE VEÍCULO PARADO,TRES AUTOS,2,,,,,,,,,0,,Longo da via,Bom,Não existe,Não existente,Seca,Perfeito estado,Não existe,Não há placas,"",Dupla,Não existe,"",""
1914,2019-03-05T00:00:00,19:51:00,SEM VÍTIMA,FINALIZADA,BOA VISTA,RUA DA SANTA CRUZ,"",RUA VELHA,"",RUA DA SANTA CRUZ,"","",BOA VISTA,,SUBURBIO,ABALROAMENTO LONGITUDINAL,CLASSIC X AGILE,2,,,,,,,,,0,,"",Bom,Não existe,Perfeito estado,Seca,Perfeito estado,Não existe,Outras,"",Única,Faixa seccionada,"",""
1915,2019-03-05T00:00:00,19:56:00,COM VÍTIMA,FINALIZADA,ESPINHEIRO,RUA QUARENTA E OITO,434,"",COLISÃO ENVOLVENDO DOIS AUTOMÓVEIS E UMA MOTOCICLETA.,RUA QUARENTA E OITO,434,COLISÃO ENVOLVENDO DOIS AUTOMÓVEIS E UMA MOTOCICLETA.,ESPINHEIRO,,CIDADE,ABALROAMENTO LONGITUDINAL,"",2,1,,,,,,,,1,,Longo da via,Bom,Sem defeito,Perfeito estado,Seca,Perfeito estado,Faixa de pedestre,R-6a,"",Única,Faixa seccionada,"",""
1916,2019-03-05T00:00:00,20:55:00,SEM VÍTIMA,CANCELADA,SANTO AMARO,AV GOVERNADOR AGAMENON MAGALHAES,"","",E/F AO SHOPPING TACARUNA,AV GOVERNADOR AGAMENON MAGALHAES,"",E/F AO SHOPPING TACARUNA,SANTO AMARO,,"",COLISÃO,ENTRE 2 AUTOS. S/V,,,,,,,,,,0,,"","","","","","","","","","","","",""
1917,2019-03-05T00:00:00,22:03:00,SEM VÍTIMA,FINALIZADA,BOA VISTA,RUA BARAO DE SAO BORJA,"",RUA JOSE DE ALENCAR,MOTEL BOA VISTA,RUA BARAO DE SAO BORJA,"",MOTEL BOA VISTA,BOA VISTA,,SUBURBIO,ABALROAMENTO TRANSVERSAL,ENTRE 2 AUTOS. S/V,2,,,,,,,,,0,,Cruzamento,Bom,Não existe,Perfeito estado,Seca,Perfeito estado,"",Outras,"",Única,"","",""
1918,2019-03-05T00:00:00,22:56:00,SEM VÍTIMA,FINALIZADA,ARRUDA,AV PROFESSOR JOSE DOS ANJOS,"",RUA JERONIMO VILELA,"",AV PROFESSOR JOSE DOS ANJOS,"","",ARRUDA,642,SUBURBIO,ABALROAMENTO TRANSVERSAL,MERIVA TAXI X PALIO,2,,,,,,,,,0,,Cruzamento,Bom,"",Perfeito estado,Seca,Perfeito estado,Faixa de pedestre,"","","","","",""
1919,2019-03-07T00:00:00,13:44:00,SEM VÍTIMA,FINALIZADA,"",AV MARTINS DE BARROS,"","",PROX AO TERMINAL CAIS DE SANTA RITA,AV MARTINS DE BARROS,"",PROX AO TERMINAL CAIS DE SANTA RITA,"",,SUBURBIO,ABALROAMENTO LONGITUDINAL,ONIBUS X CROSSFOX,1,,,,,1,,,,0,,Longo da via,Bom,Não existe,Incompleta,Seca,Mal conservada,Não existe,Outras,"",Dupla,Canteiro central,"",""
1920,2019-03-06T00:00:00,02:05:00,SEM VÍTIMA,FINALIZADA,BOA VIAGEM,AV ENGENHEIRO DOMINGOS FERREIRA,"",RUA FELIX DE BRITO E MELO,"",AV ENGENHEIRO DOMINGOS FERREIRA,"","",BOA VIAGEM,545,SUBURBIO,ABALROAMENTO TRANSVERSAL,FORD K X MOTO,1,1,,,,,,,,0,,Cruzamento,Bom,Sem defeito,Perfeito estado,Seca,Perfeito estado,Outros,Outras,"",Única,Canteiro central,"",""
1921,2019-03-06T00:00:00,03:01:00,COM VÍTIMA,FINALIZADA,COHAB,AV RIO SAO FRANCISCO,"",AV PERNAMBUCO,"PRÓX AO MERCADINHO MINI PREÇO, UR1 COHAB",AV RIO SAO FRANCISCO,"","PRÓX AO MERCADINHO MINI PREÇO, UR1 COHAB",COHAB,,SUBURBIO,ABALROAMENTO TRANSVERSAL,COLISÃO ENVOLVENDO AUTOMÓVEL E MOTOCICLETA.,1,1,,,,,,,,2,,Esquina,Bom,Não existe,Perfeito estado,Seca,Perfeito estado,"","","",Dupla,"","",""
1922,2019-03-06T00:00:00,06:38:00,SEM VÍTIMA,CANCELADA,CASA AMARELA,AV NORTE,5984,"",EM FRENTE AO DISCONTAO,AV NORTE,5984,EM FRENTE AO DISCONTAO,CASA AMARELA,,SUBURBIO,COLISÃO,TRES AUTOS,3,,,,,,,,,0,,"","","","","","","","","","","","",""
1923,2019-03-06T00:00:00,06:52:00,SEM VÍTIMA,CANCELADA,IMBIRIBEIRA,AV MARECHAL MASCARENHAS DE MORAES,5313,"",EM FRENTE AO HOTEL IBIS,AV MARECHAL MASCARENHAS DE MORAES,5313,EM FRENTE AO HOTEL IBIS,IMBIRIBEIRA,,AFOGADOS,COLISÃO,SEM VITIMAS,1,,,,,1,,,,0,,"","","","","","","","","","","","",""
1924,2019-03-06T00:00:00,07:05:00,COM VÍTIMA,FINALIZADA,PRADO,AV ENGENHEIRO ABDIAS DE CARVALHO,"",RUA JOAO IVO DA SILVA,SENT. CIDADE PROX. A HABIB´S,AV ENGENHEIRO ABDIAS DE CARVALHO,"",SENT. CIDADE PROX. A HABIB´S,PRADO,132,CIDADE,ABALROAMENTO TRANSVERSAL,AUTO E MOTO,1,1,,,,,,,,2,,Cruzamento,Bom,Sem defeito,Perfeito estado,Seca,Perfeito estado,Faixa de pedestre,Outras,"",Dupla,Canteiro central,"",""
1925,2019-03-06T00:00:00,07:57:00,SEM VÍTIMA,FINALIZADA,SANTO ANTÔNIO,PRC DA REPUBLICA,"","",POR TRÁS DO TEATRO SANTA ISABEL,PRC DA REPUBLICA,"",POR TRÁS DO TEATRO SANTA ISABEL,SANTO ANTÔNIO,,"",COLISÃO FRONTAL,COLISÃO ENTRE AUTO E ÔNIBUS,,1,,,,1,,,,0,,Longo da via,Bom,Não existe,Perfeito estado,Seca,Perfeito estado,Não existe,Outras,40 km/h,Única,Blocos,"",""
1926,2019-03-06T00:00:00,09:44:00,SEM VÍTIMA,FINALIZADA,AFOGADOS,RUA DR ADELINO,174,RUA COSME VIANA,"",RUA DR ADELINO,174,"",AFOGADOS,426,SUBURBIO,ABALROAMENTO LONGITUDINAL,SEM VITIMAS,1,,,,,,1,,,0,,Cruzamento,Bom,Sem defeito,Perfeito estado,Seca,Perfeito estado,Faixa de pedestre,Outras,"","",Faixa seccionada,"",""
1927,2019-03-06T00:00:00,09:46:00,SEM VÍTIMA,FINALIZADA,DOIS UNIDOS,RUA EXP TEODORO SATIVA,"","",LADO OPOSTO AO Nº 97,RUA EXP TEODORO SATIVA,"",LADO OPOSTO AO Nº 97,DOIS UNIDOS,,"",COLISÃO TRASEIRA,TRES AUTOS,3,,,,,,,,,0,,Longo da via,Bom,Não existe,Incompleta,Seca,Perfeito estado,Não existe,Não há placas,"",Dupla,Não existe,"",""
1928,2019-03-06T00:00:00,10:45:00,SEM VÍTIMA,FINALIZADA,CASA AMARELA,RUA DR ENEAS DE LUCENA,297,"","",RUA DR ENEAS DE LUCENA,297,"",CASA AMARELA,,CIDADE,ABALROAMENTO LONGITUDINAL,DOIS AUTOS,1,,,,,,1,,,0,,Longo da via,Bom,Não existe,Perfeito estado,Seca,Perfeito estado,Não existe,R-6a,"",Única,Não existe,"",""
1929,2019-03-06T00:00:00,11:42:00,SEM VÍTIMA,FINALIZADA,TAMARINEIRA,RUA JUNDIA,"","","",RUA JUNDIA,"","",TAMARINEIRA,,SUBURBIO,ABALROAMENTO TRANSVERSAL,SEM VÍTIMAS. USUARIO INFORMA QUE O UNICO ACOSTAMENTO QUE TINHA PARA COLOCAR OS VEÍCULOS ERA ONDE TEM UMA PLACA DE PROIBIDO ESTACIONAR E MEIO FIO AMARELO.,2,,,,,,,,,0,,Longo da via,Bom,Não existe,Perfeito estado,Seca,Perfeito estado,Não existe,R-6a,"",Dupla,Não existe,"",""
1930,2019-03-06T00:00:00,15:25:00,SEM VÍTIMA,CANCELADA,PINA,RUA MANOEL DE BRITO,207,"",EM FRENTE AO CALDINHO DO NENÉM // DESCIDA DA VIA MANGUE,RUA MANOEL DE BRITO,207,EM FRENTE AO CALDINHO DO NENÉM // DESCIDA DA VIA MANGUE,PINA,,"",COLISÃO,ENTRE AUTOS S/V,3,,,,,,,,,0,,"","","","","","","","","","","","",""
1931,2019-03-06T00:00:00,16:01:00,COM VÍTIMA,FINALIZADA,CORDEIRO,AV CAXANGA,2255,RUA DR AUGUSTO REINALDO SILVA,EM FRENTE A EXPOSIÇÃO DE ANIMAIS E AS LOJAS AMERICANAS,AV CAXANGA,2255,EM FRENTE A EXPOSIÇÃO DE ANIMAIS E AS LOJAS AMERICANAS,CORDEIRO,,CIDADE,ABALROAMENTO LONGITUDINAL,COLISÃO ENVOLVENDO AUTOMÓVEL E MOTOCICLETA.,1,1,,,,,,,,1,,Longo da via,Bom,Sem defeito,Perfeito estado,Seca,Perfeito estado,Não existe,Outras,"",Dupla,Canteiro central,"",""
1932,2019-03-06T00:00:00,16:03:00,SEM VÍTIMA,FINALIZADA,BOA VIAGEM,RUA VISCONDE DE JEQUITINHONHA,"","",PRÓX À CHURRASCARIA PONTEIO GRILL,RUA VISCONDE DE JEQUITINHONHA,"",PRÓX À CHURRASCARIA PONTEIO GRILL,BOA VIAGEM,,SUBURBIO,COLISÃO TRASEIRA,ENTRE AUTOS S/V,3,,,,,,,,,0,,Longo da via,Bom,Sem defeito,Perfeito estado,Seca,Perfeito estado,Não existe,Não há placas,"",Única,Faixa contínua,Faixa seccionada,""
1933,2019-03-06T00:00:00,16:48:00,SEM VÍTIMA,FINALIZADA,BOA VIAGEM,AV CONSELHEIRO AGUIAR,"","",EM FRENTE AO HOTEL UZIMAR,AV CONSELHEIRO AGUIAR,"",EM FRENTE AO HOTEL UZIMAR,BOA VIAGEM,2,CIDADE,COLISÃO TRASEIRA,COLISÃO SEM VÍTIMAS,3,,,,,,,,,0,,Longo da via,Bom,Sem defeito,Perfeito estado,Seca,Perfeito estado,Faixa de pedestre,R-6a,"",Única,Faixa seccionada,"",""
1934,2019-03-06T00:00:00,17:14:00,SEM VÍTIMA,FINALIZADA,IMBIRIBEIRA,AV MARECHAL MASCARENHAS DE MORAES,4490,"",AVENIDA RECIFE,AV MARECHAL MASCARENHAS DE MORAES,4490,AVENIDA RECIFE,IMBIRIBEIRA,,SUBURBIO,ABALROAMENTO LONGITUDINAL,ENTRE AUTO E ONIBUS LUCK RECEPITIVOS S/V,1,,,,,1,,,,0,,Longo da via,Bom,Não existe,Perfeito estado,Seca,Perfeito estado,Não existe,R-6a,60 km/h,Dupla,Canteiro central,"",""
1935,2019-03-06T00:00:00,17:23:00,SEM VÍTIMA,FINALIZADA,TAMARINEIRA,AV NORTE,"",RUA GENERAL ABREU E LIMA,LADO OPOSTO AO Nº 3476,AV NORTE,"",LADO OPOSTO AO Nº 3476,TAMARINEIRA,456,"",COLISÃO TRASEIRA,ENTRE AUTO E ÔNIBUS S/V,1,,,,,1,,,,0,,Longo da via,Bom,Sem defeito,Perfeito estado,Seca,Perfeito estado,Faixa de pedestre,Outras,"",Dupla,Canteiro central,"",""