_id,DATA,hora,natureza_acidente,situacao,bairro,endereco,numero,detalhe_endereco_acidente,complemento,endereco_cruzamento,numero_cruzamento,referencia_cruzamento,bairro_cruzamento,num_semaforo,sentido_via,tipo,descricao,auto,moto,ciclom,ciclista,pedestre,onibus,caminhao,viatura,outros,vitimas,vitimasfatais,acidente_verificado,tempo_clima,situacao_semaforo,sinalizacao,condicao_via,conservacao_via,ponto_controle,situacao_placa,velocidade_max_via,mao_direcao,divisao_via1,divisao_via2,divisao_via3
2379,2019-03-18T00:00:00,20:38:00,SEM VÍTIMA,CANCELADA,AFLITOS,RUA CONS PORTELA,665,"",E/F A GALERIA CONSELHEIRO PORTELA CENTER / PRÓX A ENCRUZILHADA,RUA CONS PORTELA,665,E/F A GALERIA CONSELHEIRO PORTELA CENTER / PRÓX A ENCRUZILHADA,AFLITOS,,"",COLISÃO,ENTRE 2 AUTOS. S/V,2,,,,,,,,,0,,"","","","","","","","","","","","",""
2380,2019-03-18T00:00:00,22:35:00,COM VÍTIMA,FINALIZADA,TAMARINEIRA,RUA CONEGO BARATA,"","",ENF AO HOSPITAL ULISSES PE. E FERREIRA COSTA // SENTIDO TORRE,RUA CONEGO BARATA,"",AO LADO DO SHOPING RIO-MAR - ENTRADA 03,TAMARINEIRA,,SUBURBIO,ABALROAMENTO LONGITUDINAL,AUTO E MOTO,1,1,,,,,,,,1,,Longo da via,Bom,Não existe,Perfeito estado,Seca,Perfeito estado,"",Não há placas,"",Dupla,Faixa seccionada,Canteiro central,""
2381,2019-03-19T00:00:00,06:42:00,SEM VÍTIMA,FINALIZADA,VÁRZEA,AV PROFESSOR LUIZ FREIRE,"","",AO LADO DA CIDADE UNIVERSITÁRIA,AV PROFESSOR LUIZ FREIRE,"",AO LADO DA CIDADE UNIVERSITÁRIA,VÁRZEA,,CIDADE,ABALROAMENTO LONGITUDINAL,SEM VÍTIMAS,2,,,,,,,,,0,,Longo da via,Bom,Não existe,Incompleta,Seca,Mal conservada,Outros,Outras,"","","","",""
2382,2019-03-19T00:00:00,06:49:00,SEM VÍTIMA,FINALIZADA,SÃO JOSÉ,AV SUL,502,"",EM FRENTE A LOJA LEO INJEÇÃO,AV SUL,502,EM FRENTE A LOJA LEO INJEÇÃO,SÃO JOSÉ,,CIDADE,COLISÃO TRASEIRA,SEM VITIMAS,2,,,,,,,,,0,,Longo da via,Bom,Não existe,Perfeito estado,Seca,Perfeito estado,Não existe,Não há placas,"",Dupla,Canteiro central,"",""
2383,2019-03-19T00:00:00,06:51:00,SEM VÍTIMA,FINALIZADA,CASA FORTE,RUA ENGENHEIRO OSCAR FERREIRA,"",EST DO ENCANAMENTO,EM FRENTE AO BAR FERRO E FOGO,RUA ENGENHEIRO OSCAR FERREIRA,"",EM FRENTE AO BAR FERRO E FOGO,CASA FORTE,,SUBURBIO,COLISÃO TRASEIRA,COLISÃO SEM VITIMAS,2,,,,,,,,,0,,Cruzamento,Bom,Não existe,Perfeito estado,Seca,Perfeito estado,Faixa de retenção,Outras,"",Única,Não existe,"",""
2384,2019-03-19T00:00:00,07:04:00,SEM VÍTIMA,FINALIZADA,CIDADE UNIVERSITÁRIA,AV PROFESSOR LUIZ FREIRE,"","",PRÓXIMO A 7º REGIAO MILITAR,AV PROFESSOR LUIZ FREIRE,"",PRÓXIMO A 7º REGIAO MILITAR,CIDADE UNIVERSITÁRIA,,CIDADE,ABALROAMENTO TRANSVERSAL,MOTO E AUTO PASSEIO,1,1,,,,,,,,0,,Longo da via,Bom,Não existe,Ilegível,Seca,Mal conservada,Não existe,Não há placas,"",Dupla,Faixa seccionada,"",""
2385,2019-03-19T00:00:00,08:02:00,SEM VÍTIMA,FINALIZADA,AFOGADOS,RUA DA PAZ,243,"",EM FRENTE AS LOJAS ORTOBOM,RUA DA PAZ,243,EM FRENTE AS LOJAS ORTOBOM,AFOGADOS,,SUBURBIO,ABALROAMENTO LONGITUDINAL,ONIBUS E AUTO PASSEIO,1,,,,,1,,,,0,,Longo da via,Bom,Sem defeito,Perfeito estado,Seca,Perfeito estado,Faixa de pedestre,Outras,"",Única,Faixa contínua,Faixa seccionada,""
2386,2019-03-19T00:00:00,08:07:00,COM VÍTIMA,FINALIZADA,CASA AMARELA,RUA DA ESTRELA,"",RUA ASTRONAUTA NEIL ARMSTRONG,"EM FRENTE A VILA MILITAR RESIDENCIA COMANTE , MILITAR DO NORDESTE",RUA DA ESTRELA,"","EM FRENTE A VILA MILITAR RESIDENCIA COMANTE , MILITAR DO NORDESTE",CASA AMARELA,,"",ABALROAMENTO LONGITUDINAL,COLISÃO COM VITIMA A ESPERA DO SAMU,1,1,,,,,,,,2,,Esquina,Bom,Não existe,Perfeito estado,Seca,Perfeito estado,Não existe,R-6a,"",Dupla,Não existe,"",""
2387,2019-03-19T00:00:00,08:11:00,SEM VÍTIMA,CANCELADA,BOA VIAGEM,AV DOM JOAO VI,"","",POR TRÁS OD ESTACIONAMENT OGARAGEM DO SHOPPING RECIFE,AV DOM JOAO VI,"",POR TRÁS OD ESTACIONAMENT OGARAGEM DO SHOPPING RECIFE,BOA VIAGEM,,"",COLISÃO,SEM VÍTIMAS,2,,,,,,,,,0,,"","","","","","","","","","","","",""
2388,2019-03-19T00:00:00,08:31:00,SEM VÍTIMA,CANCELADA,IMBIRIBEIRA,AV MARECHAL MASCARENHAS DE MORAES,"","",EM FRENTE AO AEROPORTO,AV MARECHAL MASCARENHAS DE MORAES,"",EM FRENTE AO AEROPORTO,IMBIRIBEIRA,,SUBURBIO,COLISÃO,DOIS AUTOS,2,,,,,,,,,0,,"","","","","","","","","","","","",""
2389,2019-03-19T00:00:00,08:48:00,COM VÍTIMA,FINALIZADA,IPSEP,AV RECIFE,2967,RUA ADOLFO FARO,EM FRENTE AO POSTO FEDERAL,AV RECIFE,2967,EM FRENTE AO POSTO FEDERAL,IPSEP,,BR 101,ABALROAMENTO LONGITUDINAL,MOTO E AUTO,1,1,,,,,,,,1,,Longo da via,Bom,Não existe,Não existente,Seca,Perfeito estado,Não existe,Não há placas,"",Dupla,Canteiro central,"",""
2390,2019-03-19T00:00:00,09:04:00,COM VÍTIMA,FINALIZADA,PORTO DA MADEIRA,AV BEBERIBE,3359,"",PRÓXIMO A GALERIA O TERRAÇO.,AV BEBERIBE,3359,PRÓXIMO A GALERIA O TERRAÇO.,PORTO DA MADEIRA,388,CIDADE,ATROPELAMENTO,ATROPELAMENTO ENTRE MOTOCICLETA E PEDESTRE. MOTOCICLISTA EVADIU-SE.,,1,,,1,,,,,1,,Longo da via,Bom,Sem defeito,Perfeito estado,Seca,Perfeito estado,Faixa de pedestre,R-19,30 km/h,Dupla,Faixa contínua,"",""
2391,2019-03-19T00:00:00,09:07:00,SEM VÍTIMA,FINALIZADA,DERBY,RUA MANOEL CAETANO,103,"",AO LADO DO DERBY IMAGEM,RUA MANOEL CAETANO,103,AO LADO DO DERBY IMAGEM,DERBY,,CIDADE,COLISÃO TRASEIRA,SEM VÍTIMAS,2,,,,,,,,,0,,Longo da via,Bom,Não existe,Incompleta,Seca,Perfeito estado,Não existe,Não há placas,"",Única,Não existe,"",""
2392,2019-03-19T00:00:00,09:24:00,SEM VÍTIMA,FINALIZADA,ILHA DO LEITE,RUA ESTADO DE ISRAEL,245,RUA JORNALISTA TRAJANO CHACON,EM FRENTE AO Nº 245,RUA ESTADO DE ISRAEL,245,EM FRENTE AO Nº 245,ILHA DO LEITE,,CIDADE,ABALROAMENTO TRANSVERSAL,COLISÃO SEM VITIMAS,1,1,,,,,,,,0,,Cruzamento,Bom,Não existe,Perfeito estado,Seca,Perfeito estado,Não existe,Não há placas,40 km/h,Única,Faixa seccionada,"",""
2393,2019-03-19T00:00:00,10:06:00,SEM VÍTIMA,FINALIZADA,CORDEIRO,RUA MAURICIO DE NASSAU,"","",PROX. AO CONJUNTO HABITACIONAL DO CORDEIRO,RUA MAURICIO DE NASSAU,"",PROX. AO CONJUNTO HABITACIONAL DO CORDEIRO,CORDEIRO,,SUBURBIO,COLISÃO TRASEIRA,SEM VÍTIMAS,3,,,,,,,,,0,,Longo da via,Bom,Sem defeito,Perfeito estado,Seca,Perfeito estado,Faixa de pedestre,Não há placas,"",Dupla,Faixa contínua,"",""
2394,2019-03-19T00:00:00,10:44:00,SEM VÍTIMA,FINALIZADA,MADALENA,EST DOS REMEDIOS,2216,"",EM FRENTE A LOJA NAGEM,EST DOS REMEDIOS,2216,EM FRENTE A LOJA NAGEM,MADALENA,,SUBURBIO,CHOQUE VEÍCULO PARADO,COLISÃO SEM VITIMAS,1,,,,,1,,,,0,,Longo da via,Bom,Não existe,Perfeito estado,Seca,Perfeito estado,Outros,Outras,60 km/h,Única,Faixa contínua,Faixa seccionada,""
2395,2019-03-19T00:00:00,11:12:00,SEM VÍTIMA,FINALIZADA,ESTÂNCIA,AV DR JOSE RUFINO,730,"",EM FRENTE AO ARMAZEM CORAL,AV DR JOSE RUFINO,730,EM FRENTE AO ARMAZEM CORAL,ESTÂNCIA,,SUBURBIO,ABALROAMENTO LONGITUDINAL,COLISÃO SEM VITIMAS,2,,,,,,,,,0,,Longo da via,Bom,Sem defeito,Perfeito estado,Seca,Perfeito estado,Não existe,Outras,"",Dupla,Faixa seccionada,Canteiro central,""
2396,2019-03-19T00:00:00,11:34:00,SEM VÍTIMA,FINALIZADA,DERBY,RUA DR BANDEIRA FILHO,"",AV GOVERNADOR AGAMENON MAGALHAES,"",RUA DR BANDEIRA FILHO,"","",DERBY,173,SUBURBIO,ABALROAMENTO LONGITUDINAL,SEM VITIMAS,1,,,,,1,,,,0,,Cruzamento,Bom,Sem defeito,Perfeito estado,Seca,Perfeito estado,Faixa de pedestre,Outras,40 km/h,Única,Faixa contínua,"",""
2397,2019-03-19T00:00:00,11:35:00,SEM VÍTIMA,FINALIZADA,DERBY,AV GOVERNADOR AGAMENON MAGALHAES,4318,"",E/F AO FRENTE AO EMPRESARIAL RENATO DIAS,AV GOVERNADOR AGAMENON MAGALHAES,4318,E/F AO FRENTE AO EMPRESARIAL RENATO DIAS,DERBY,,SUBURBIO,ABALROAMENTO LONGITUDINAL,SEM VITIMAS,2,,,,,,,,,0,,Longo da via,Bom,Não existe,Perfeito estado,Seca,Perfeito estado,Não existe,Outras,60 km/h,Dupla,Canteiro central,"",""
2398,2019-03-19T00:00:00,11:51:00,SEM VÍTIMA,CANCELADA,ESTÂNCIA,AV DR JOSE RUFINO,"","",AO LADO DO COLEGIO VISÃO EM FRENTE A GARAGEM DA EMPRESA ASTROTUR,AV DR JOSE RUFINO,"",AO LADO DO COLEGIO VISÃO EM FRENTE A GARAGEM DA EMPRESA ASTROTUR,ESTÂNCIA,,"",COLISÃO,COLISÃO SEM VITIMAS,1,,,,,,1,,,0,,"","","","","","","","","","","","",""
2399,2019-03-19T00:00:00,12:07:00,SEM VÍTIMA,CANCELADA,NOVA DESCOBERTA,AV NORTE,6755,"","ANTES DO POSTO BR, SENTIDO CIDADE",AV NORTE,6755,"ANTES DO POSTO BR, SENTIDO CIDADE",NOVA DESCOBERTA,,"",COLISÃO,ENTRE DOIS AUTOS S/V,,,,,,,,,,0,,"","","","","","","","","","","","",""
2400,2019-03-19T00:00:00,12:08:00,COM VÍTIMA,FINALIZADA,SÃO JOSÉ,RUA IMPERIAL,2237,"",EM FRENTE A OFICINA SANTO ANTONIO E A BRASILGÁS.,RUA IMPERIAL,2237,EM FRENTE A OFICINA SANTO ANTONIO E A BRASILGÁS.,SÃO JOSÉ,,SUBURBIO,COLISÃO,COLISÃO ENTRE AUTOMÓVEL E MOTOCICLETA.,1,1,,,,,,,,1,,Cruzamento,Bom,Não existe,Perfeito estado,Seca,Perfeito estado,Não existe,Não há placas,60 km/h,Única,Não existe,"",""
2401,2019-03-19T00:00:00,12:16:00,SEM VÍTIMA,FINALIZADA,MADALENA,RUA JOAQUIM NABUCO,747,"","",RUA JOAQUIM NABUCO,747,"",MADALENA,,SUBURBIO,COLISÃO TRASEIRA,COLISAO ENTRE DOIS AUTOS S/V,2,,,,,,,,,0,,Longo da via,Bom,Não existe,Perfeito estado,Seca,Perfeito estado,Outros,Outras,"",Dupla,Faixa contínua,Faixa seccionada,""
2402,2019-03-19T00:00:00,12:41:00,COM VÍTIMA,FINALIZADA,CASA FORTE,RUA LEONARDO BEZERRA CAVALCANTE,698,"",RUA AO LADO DO SHOPPING PLAZA. EM FRENTE AO MUNDO DO CABELEIREIRO.,RUA LEONARDO BEZERRA CAVALCANTE,698,RUA AO LADO DO SHOPPING PLAZA. EM FRENTE AO MUNDO DO CABELEIREIRO.,CASA FORTE,,SUBURBIO,ABALROAMENTO LONGITUDINAL,COLISÃO ENTRE DOIS AUTOMÓVEIS E UMA MOTOCICLETA.,2,1,,,,,,,,1,,Longo da via,Bom,"",Perfeito estado,Seca,Perfeito estado,Faixa de pedestre,Outras,"",Única,Faixa contínua,"",""
2403,2019-03-19T00:00:00,12:42:00,SEM VÍTIMA,FINALIZADA,AFLITOS,RUA CAPITAO SAMPAIO XAVIER,392,RUA RICARDO HARDMAN,"",RUA CAPITAO SAMPAIO XAVIER,392,"",AFLITOS,,SUBURBIO,ABALROAMENTO TRANSVERSAL,COLISÃO SEM VÍTIMA,2,,,,,,,,1,0,,Cruzamento,Bom,Não existe,Perfeito estado,Seca,Perfeito estado,Outros,Outras,"",Dupla,Outros,"",""
2404,2019-03-19T00:00:00,12:44:00,SEM VÍTIMA,CANCELADA,SANTO AMARO,AV MARIO MELO,"",RUA SAO GERALDO,E/F AO COLEGIO EMILIO BORBA,AV MARIO MELO,"",E/F AO COLEGIO EMILIO BORBA,SANTO AMARO,,"",COLISÃO,COLISAO ENTRE DOIS AUTOS S/V,2,,,,,,,,,0,,"","","","","","","","","","","","",""
2405,2019-03-19T00:00:00,12:53:00,SEM VÍTIMA,FINALIZADA,ENCRUZILHADA,RUA FREDERICO,87,RUA DONA JULIETA,AO LADO DA CONFRARIA DO MAR,RUA FREDERICO,87,AO LADO DA CONFRARIA DO MAR,ENCRUZILHADA,,"",ABALROAMENTO TRANSVERSAL,COLISAO ENTRE DOIS AUTOS S/V,2,,,,,,,,,0,,Cruzamento,Bom,Não existe,Não existente,Seca,Perfeito estado,Não existe,R-6a,30 km/h,Dupla,Não existe,"",""
2406,2019-03-19T00:00:00,13:30:00,SEM VÍTIMA,CANCELADA,ESTÂNCIA,AV DR JOSE RUFINO,473,"",PROX. A COMPAINHA DO FRANGO,AV DR JOSE RUFINO,473,PROX. A COMPAINHA DO FRANGO,ESTÂNCIA,,"",COLISÃO,CAMINHÃO E AUTO,1,,,,,,1,,,0,,"","","","","","","","","","","","",""
2407,2019-03-19T00:00:00,13:36:00,SEM VÍTIMA,FINALIZADA,PINA,AV HERCULANO BANDEIRA,360,"",HELIAR BATERIA,AV HERCULANO BANDEIRA,360,HELIAR BATERIA,PINA,,SUBURBIO,COLISÃO TRASEIRA,E/F AO LOJAO DOS VARAIS,2,,,,,,,,,0,,Longo da via,Bom,Não existe,Perfeito estado,Seca,Perfeito estado,Não existe,Outras,60 km/h,Única,Faixa contínua,"",""
2408,2019-03-19T00:00:00,13:43:00,SEM VÍTIMA,CANCELADA,COELHOS,RUA FRANCISCO ALVES,"","",AO LADO DO IMIP E EM FRENTE A CRECHE MUNICIPAL VOVÔ ARTHUR,RUA FRANCISCO ALVES,"",AO LADO DO IMIP E EM FRENTE A CRECHE MUNICIPAL VOVÔ ARTHUR,COELHOS,,"",COLISÃO,COLISÃO SEM VITIMA,2,,,,,,,,,0,,"","","","","","","","","","","","",""
2409,2019-03-19T00:00:00,13:58:00,SEM VÍTIMA,FINALIZADA,TORREÃO,AV NORTE,1715,"","",AV NORTE,1715,"",TORREÃO,376,CIDADE,COLISÃO TRASEIRA,ENTRE TRES AUTOS S/V,3,,,,,,,,,0,,Longo da via,Bom,Sem defeito,Perfeito estado,Seca,Perfeito estado,Faixa de pedestre,R-6a,60 km/h,Dupla,Canteiro central,"",""
2410,2019-03-19T00:00:00,15:07:00,SEM VÍTIMA,FINALIZADA,CASA AMARELA,AV NORTE,"","",LADO OPOSTO A UPA DA AV NORTE,AV NORTE,"",LADO OPOSTO A UPA DA AV NORTE,CASA AMARELA,,CIDADE,COLISÃO TRASEIRA,DOIS AUTOS,2,,,,,,,,,0,,Longo da via,Bom,Não existe,Perfeito estado,Seca,Perfeito estado,Faixa de pedestre,R-6a,"",Dupla,Faixa contínua,"",""
2411,2019-03-19T00:00:00,15:13:00,SEM VÍTIMA,FINALIZADA,PAISSANDU,AV GOVERNADOR AGAMENON MAGALHAES,"","",INSTITUTO CERVANTES,AV GOVERNADOR AGAMENON MAGALHAES,"",INSTITUTO CERVANTES,PAISSANDU,,69,ABALROAMENTO LONGITUDINAL,ENTRE DOIS AUTOS S/V,2,,,,,,,,,0,,Longo da via,Bom,Sem defeito,Perfeito estado,Seca,Perfeito estado,Agente,"",60 km/h,Dupla,"","",""
2412,2019-03-19T00:00:00,15:30:00,SEM VÍTIMA,FINALIZADA,MACAXEIRA,AV NORTE,"","",EM FRENTE A ANTIGA FABRICA DA MACAXEIRA,AV NORTE,"",EM FRENTE A ANTIGA FABRICA DA MACAXEIRA,MACAXEIRA,451,CIDADE,ABALROAMENTO LONGITUDINAL,COLISÃO SEM VÍTIMA,,,,,,,2,,,0,,Longo da via,Bom,Sem defeito,Perfeito estado,Seca,Perfeito estado,Faixa de pedestre,R-6a,"",Dupla,Faixa contínua,Faixa seccionada,Canteiro central
2413,2019-03-19T00:00:00,16:00:00,SEM VÍTIMA,FINALIZADA,MADALENA,RUA BENFICA,"","",EM FRENTE AO SUPERMERCADO EXTRA,RUA BENFICA,"",EM FRENTE AO SUPERMERCADO EXTRA,MADALENA,628,CIDADE,COLISÃO TRASEIRA,DOIS AUTOS,2,,,,,,,,,0,,Longo da via,Bom,Sem defeito,Perfeito estado,Seca,Perfeito estado,Faixa de pedestre,R-6a,"",Dupla,"","",""
2414,2019-03-19T00:00:00,16:03:00,COM VÍTIMA,FINALIZADA,BOA VIAGEM,RUA BARAO DE SOUZA LEAO,1438,AV VINTE DE JANEIRO,CLASS CAR,RUA BARAO DE SOUZA LEAO,1438,CLASS CAR,BOA VIAGEM,644,CIDADE,COLISÃO TRASEIRA,COLISÃO ENTRE CAMINHÃO E MOTOCICLETA,,1,,,,,1,,,2,,Longo da via,Bom,Sem defeito,Perfeito estado,Seca,Perfeito estado,Faixa de pedestre,Não há placas,"",Única,Faixa seccionada,"",""
2415,2019-03-19T00:00:00,16:48:00,SEM VÍTIMA,FINALIZADA,TAMARINEIRA,AV NORTE,3684,"","",AV NORTE,3684,"",TAMARINEIRA,,SUBURBIO,COLISÃO TRASEIRA,ENTRE DOIS AUTOS S/V,2,,,,,,,,,0,,Longo da via,Bom,Não existe,Perfeito estado,Seca,Perfeito estado,Faixa de pedestre,Outras,60 km/h,Única,Faixa seccionada,"",""
2416,2019-03-19T00:00:00,17:26:00,COM VÍTIMA,FINALIZADA,SAN MARTIN,RUA VINTE E UM DE ABRIL,2585,RUA DR TELESPHORO FRAGOSO,PROX. A FLORICULTURA FENIX E GIRADOR E DOMINGOS BAR.,RUA VINTE E UM DE ABRIL,2585,PROX. A FLORICULTURA FENIX E GIRADOR E DOMINGOS BAR.,SAN MARTIN,,SUBURBIO,ABALROAMENTO LONGITUDINAL,COLISÃO ENTRE AUTOMÓVEL E MOTOCICLETA.,1,1,,,,,,,,1,,Cruzamento,Bom,Não existe,Perfeito estado,Seca,Perfeito estado,Não existe,Não há placas,"",Dupla,Faixa seccionada,"",""
2417,2019-03-19T00:00:00,18:09:00,SEM VÍTIMA,FINALIZADA,GRAÇAS,RUA ALBERTO PAIVA,"","",AO LADO DA GERENCIA OP DE FIS RPA 4 E 5,RUA ALBERTO PAIVA,"",AO LADO DA GERENCIA OP DE FIS RPA 4 E 5,GRAÇAS,,SUBURBIO,ABALROAMENTO LONGITUDINAL,COLISÃO SEM VITIMAS,1,,,,,,1,,,0,,"",Bom,Não existe,Perfeito estado,Seca,Perfeito estado,Não existe,Outras,40 km/h,Única,Faixa contínua,Faixa seccionada,""
2418,2019-03-19T00:00:00,18:10:00,SEM VÍTIMA,CANCELADA,IMBIRIBEIRA,RUA ALEMANHA,105,"","E/F AO GALPÃO, PRIME CAR SERVICE E POSITIVAÇÃO / PRÓX AO PORTÃO DA ITALIANA",RUA ALEMANHA,105,"E/F AO GALPÃO, PRIME CAR SERVICE E POSITIVAÇÃO / PRÓX AO PORTÃO DA ITALIANA",IMBIRIBEIRA,,"",COLISÃO,ENTRE AUTO E CARRETA. S/V,1,,,,,,1,,,0,,"","","","","","","","","","","","",""
2419,2019-03-19T00:00:00,18:54:00,SEM VÍTIMA,FINALIZADA,IPSEP,AV RECIFE,"","","",AV RECIFE,"","",IPSEP,130,"",ABALROAMENTO LONGITUDINAL,"",1,,,,,,1,,,0,,Longo da via,Bom,Sem defeito,Não existente,Seca,Perfeito estado,"","","",Dupla,Canteiro central,"",""
2420,2019-03-19T00:00:00,20:16:00,SEM VÍTIMA,FINALIZADA,ÁGUA FRIA,RUA DR EUDES COSTA,138,RUA BELO JARDIM,"",RUA DR EUDES COSTA,138,"",ÁGUA FRIA,,SUBURBIO,ABALROAMENTO LONGITUDINAL,COLISÃO SEM VITIMAS,2,,,,,,,,,0,,Cruzamento,Bom,Não existe,Perfeito estado,Seca,Perfeito estado,Não existe,Não há placas,"",Dupla,Não existe,"",""
2421,2019-03-19T00:00:00,22:16:00,SEM VÍTIMA,FINALIZADA,TAMARINEIRA,AV PROFESSOR JOSE DOS ANJOS,"","",AO LADO DO DNOCS 3º DR,AV PROFESSOR JOSE DOS ANJOS,"",AO LADO DO DNOCS 3º DR,TAMARINEIRA,,SUBURBIO,COLISÃO TRASEIRA,ENTRE 2 AUTOS. S/V,2,,,,,,,,,0,,Longo da via,Bom,Não existe,Perfeito estado,Seca,Perfeito estado,Não existe,Não há placas,"",Dupla,Canal,"",""
2422,2019-03-19T00:00:00,22:29:00,SEM VÍTIMA,FINALIZADA,DERBY,AV GOVERNADOR AGAMENON MAGALHAES,"","",SEMÁFORO 417,AV GOVERNADOR AGAMENON MAGALHAES,"",SEMÁFORO 417,DERBY,417,"",ABALROAMENTO LONGITUDINAL,ENTRE AUTO E ÕNIBUS. S/V,1,,,,,1,,,,0,,Longo da via,Bom,Sem defeito,Perfeito estado,Seca,Perfeito estado,"","","",Dupla,Canal,"",""
2423,2019-03-20T00:00:00,07:35:00,SEM VÍTIMA,FINALIZADA,VÁRZEA,RUA EMILIANO BRAGA,635,"",EM FRENTE AO EDF LUAR DOS CAMPOS,RUA EMILIANO BRAGA,635,EM FRENTE AO EDF LUAR DOS CAMPOS,VÁRZEA,,CIDADE,ABALROAMENTO LONGITUDINAL,CAMINHÃO E AUTO,1,,,,,,1,,,0,,Longo da via,Bom,Não existe,Não existente,Seca,Perfeito estado,Não existe,Não há placas,"",Única,Não existe,"",""
2424,2019-03-20T00:00:00,07:42:00,SEM VÍTIMA,FINALIZADA,SÃO JOSÉ,RUA IMPERIAL,1198,RUA BOM SUCESSO,EM FRENTE A PANIFICADORA PÃO PÃO,RUA IMPERIAL,1198,EM FRENTE A PANIFICADORA PÃO PÃO,SÃO JOSÉ,,SUBURBIO,ABALROAMENTO TRANSVERSAL,COLISÃO SEM VITIMAS,2,,,,,,,,,0,,Cruzamento,Bom,Não existe,Incompleta,Seca,Mal conservada,Não existe,Placas Pare,"",Única,Faixa seccionada,"",""
2425,2019-03-20T00:00:00,08:23:00,SEM VÍTIMA,FINALIZADA,BAIRRO DO RECIFE,RUA MADRE DEUS,27,"",EM FRENTE AO EDF VOTORANTIM,RUA MADRE DEUS,27,EM FRENTE AO EDF VOTORANTIM,BAIRRO DO RECIFE,,SUBURBIO,COLISÃO TRASEIRA,DOIS AUTOS,2,,,,,,,,,0,,Longo da via,Bom,Não existe,Perfeito estado,Seca,Perfeito estado,"",Outras,30 km/h,Única,Não existe,"",""
2426,2019-03-20T00:00:00,08:37:00,COM VÍTIMA,FINALIZADA,CASA FORTE,AV DEZESSETE DE AGOSTO,2144,RUA ENGENHEIRO OSCAR FERREIRA,EM FRENTE A CLINICA ARTE TIL,AV DEZESSETE DE AGOSTO,2144,EM FRENTE A CLINICA ARTE TIL,CASA FORTE,646,CIDADE,ABALROAMENTO LONGITUDINAL,COLISÃO COM VITIMA A ESPERA DO SAMU,1,1,,,,,,,,1,,Cruzamento,Bom,Sem defeito,Perfeito estado,Seca,Perfeito estado,Não existe,Não há placas,60 km/h,Dupla,Faixa contínua,"",""
2427,2019-03-20T00:00:00,09:04:00,SEM VÍTIMA,FINALIZADA,BOA VIAGEM,AV ENGENHEIRO DOMINGOS FERREIRA,4036,"",MORADASOL IMOBILIARIA,AV ENGENHEIRO DOMINGOS FERREIRA,4036,MORADASOL IMOBILIARIA,BOA VIAGEM,,SUBURBIO,ABALROAMENTO LONGITUDINAL,AUTO PASSEIO E ONIBUS,1,,,,,1,,,,0,,Longo da via,Bom,Não existe,Perfeito estado,Seca,Perfeito estado,Não existe,Outras,"",Única,Canteiro central,"",""
2428,2019-03-20T00:00:00,09:08:00,SEM VÍTIMA,FINALIZADA,SANTO AMARO,AV CRUZ CABUGA,"","",ESTAÇÃO BRT ( SANTA CASA),AV CRUZ CABUGA,"",ESTAÇÃO BRT ( SANTA CASA),SANTO AMARO,,"",ABALROAMENTO LONGITUDINAL,COLISÃO SEM VITIMAS,2,,,,,,,,,0,,Longo da via,Bom,Não existe,Perfeito estado,Seca,Perfeito estado,Não existe,Não há placas,"",Dupla,Faixa contínua,"",""
2429,2019-03-20T00:00:00,09:13:00,SEM VÍTIMA,DUPLICIDADE,BOA VIAGEM,AV ENGENHEIRO DOMINGOS FERREIRA,4070,"",EM FRENTE A LOJA PONTO NATURAL,AV ENGENHEIRO DOMINGOS FERREIRA,4070,EM FRENTE A LOJA PONTO NATURAL,BOA VIAGEM,,"",COLISÃO,ONIBUS E AUTO,1,,,,,1,,,,0,,"","","","","","","","","","","","",""
2430,2019-03-20T00:00:00,09:36:00,SEM VÍTIMA,CANCELADA,ESPINHEIRO,RUA DO ESPINHEIRO,"","",EM FRENTE A FARMACIA DROGASIL,RUA DO ESPINHEIRO,"",EM FRENTE A FARMACIA DROGASIL,ESPINHEIRO,,"",COLISÃO,ONIBUS E AUTO,1,,,,,1,,,,0,,"","","","","","","","","","","","",""
2431,2019-03-20T00:00:00,10:34:00,COM VÍTIMA,FINALIZADA,PINA,AV HERCULANO BANDEIRA,636,RUA SANTOS LEITE,PRÓXIMO AO INSS. VICENTE AUTOPEÇAS,AV HERCULANO BANDEIRA,636,PRÓXIMO AO INSS. VICENTE AUTOPEÇAS,PINA,,SUBURBIO,ABALROAMENTO LONGITUDINAL,"AUTO E MOTO COM VÍTIMAS,CTTU NO LOCAL",1,1,,,,,,,,1,,Cruzamento,Bom,Não existe,Perfeito estado,Seca,Perfeito estado,Não existe,R-6a,60 km/h,Única,Faixa seccionada,"",""
2432,2019-03-20T00:00:00,10:36:00,SEM VÍTIMA,FINALIZADA,DERBY,PRC DO DERBY,"",RUA JENER DE SOUZA,EM FRENTE AO QUARTEL DO DERBY,PRC DO DERBY,"",EM FRENTE AO QUARTEL DO DERBY,DERBY,40,SUBURBIO,COLISÃO TRASEIRA,COLISÃO SEM VITIMAS,1,,,,,1,,,,0,,Longo da via,Bom,Sem defeito,Perfeito estado,Seca,Perfeito estado,Faixa de retenção,Não há placas,"",Dupla,Blocos,"",""