_id,DATA,hora,natureza_acidente,situacao,bairro,endereco,numero,detalhe_endereco_acidente,complemento,endereco_cruzamento,numero_cruzamento,referencia_cruzamento,bairro_cruzamento,num_semaforo,sentido_via,tipo,descricao,auto,moto,ciclom,ciclista,pedestre,onibus,caminhao,viatura,outros,vitimas,vitimasfatais,acidente_verificado,tempo_clima,situacao_semaforo,sinalizacao,condicao_via,conservacao_via,ponto_controle,situacao_placa,velocidade_max_via,mao_direcao,divisao_via1,divisao_via2,divisao_via3
2543,2019-03-22T00:00:00,16:14:00,SEM VÍTIMA,FINALIZADA,AFOGADOS,RUA COSME VIANA,235,"","",RUA COSME VIANA,235,"",AFOGADOS,,SUBURBIO,COLISÃO TRASEIRA,COLISAO ENTRE DOIS AUTOS S/V,2,,,,,,,,,0,,Longo da via,Bom,Não existe,Perfeito estado,Seca,Perfeito estado,Não existe,Não há placas,60 km/h,Única,Faixa seccionada,"",""
2544,2019-03-22T00:00:00,16:25:00,SEM VÍTIMA,FINALIZADA,BOA VIAGEM,AV CONSELHEIRO AGUIAR,"",RUA CORONEL BENEDITO CHAVES,SEM 114,AV CONSELHEIRO AGUIAR,"",SEM 114,BOA VIAGEM,114,CIDADE,ABALROAMENTO LONGITUDINAL,ENTRE DOIS AUTOS S/V,2,,,,,,,,,0,,Cruzamento,Bom,Sem defeito,Perfeito estado,Seca,Perfeito estado,Faixa de pedestre,"",60 km/h,"",Faixa contínua,"",""
2545,2019-03-22T00:00:00,16:31:00,SEM VÍTIMA,FINALIZADA,IPUTINGA,AV CAXANGA,"","",EM FRENTE A CAXANGA VEICULOS,AV CAXANGA,"",EM FRENTE A CAXANGA VEICULOS,IPUTINGA,,CIDADE,ABALROAMENTO LONGITUDINAL,AUTO E ONIBUS DA MOBI,1,,,,,1,,,,0,,Longo da via,Bom,Não existe,Ilegível,Seca,Perfeito estado,Não existe,R-6a,"",Dupla,Canteiro central,"",""
2546,2019-03-22T00:00:00,17:43:00,SEM VÍTIMA,CANCELADA,ILHA DO RETIRO,TUNEL CHICO SCIENCE,"","",NO GIRADOURO,TUNEL CHICO SCIENCE,"",NO GIRADOURO,ILHA DO RETIRO,,"",COLISÃO,COLISAO ENTRE AUTO E MOTO S/V,1,1,,,,,,,,0,,"","","","","","","","","","","","",""
2547,2019-03-22T00:00:00,18:18:00,SEM VÍTIMA,FINALIZADA,BOA VIAGEM,RUA ANTONIO FALCAO,"",RUA DOS NAVEGANTES,ENF A ESCOLA ESTADUAL SARGENTO CAMARGO,RUA ANTONIO FALCAO,"",ENF A ESCOLA ESTADUAL SARGENTO CAMARGO,BOA VIAGEM,,SUBURBIO,ABALROAMENTO LONGITUDINAL,PALIO X SAVEIRO,2,,,,,,,,,0,,Longo da via,Bom,Não existe,Perfeito estado,Seca,Perfeito estado,Não existe,Placas Pare,"",Única,Faixa seccionada,"",""
2548,2019-03-22T00:00:00,19:27:00,SEM VÍTIMA,FINALIZADA,ESTÂNCIA,AV ESTANCIA,"",RUA MORAIS E SILVA,"",AV ESTANCIA,"","",ESTÂNCIA,,"",ABALROAMENTO TRANSVERSAL,ENTRE 2 AUTOS. S/V,2,,,,,,,,,0,,Cruzamento,Bom,Não existe,Ilegível,Seca,Mal iluminada,Não existe,Não há placas,"",Única,Faixa seccionada,"",""
2549,2019-03-22T00:00:00,20:52:00,SEM VÍTIMA,FINALIZADA,PAISSANDU,AV GOVERNADOR AGAMENON MAGALHAES,"","",E/F AO HOSPITAL PORTUGUÊS,AV GOVERNADOR AGAMENON MAGALHAES,"",E/F AO HOSPITAL PORTUGUÊS,PAISSANDU,69,SUBURBIO,COLISÃO TRASEIRA,ENTRE 2 AUTOS. S/V,2,,,,,,,,,0,,Longo da via,Bom,Sem defeito,Perfeito estado,Seca,Perfeito estado,Faixa de pedestre,Outras,"",Única,Faixa seccionada,"",""
2550,2019-03-22T00:00:00,21:11:00,SEM VÍTIMA,CANCELADA,BOA VISTA,AV MANOEL BORBA,209,RUA GERVASIO PIRES,ENF AO HOTEL CENTRAL,AV MANOEL BORBA,209,ENF AO HOTEL CENTRAL,BOA VISTA,,"",COLISÃO,TAXI X CORSA,2,,,,,,,,,0,,"","","","","","","","","","","","",""
2551,2019-03-22T00:00:00,21:58:00,SEM VÍTIMA,FINALIZADA,BONGI,EST DO BONGI,"",AV MANOEL GONCALVES DA LUZ,E/F A IGREJA BATISTA DO BONGI,EST DO BONGI,"",E/F A IGREJA BATISTA DO BONGI,BONGI,,SUBURBIO,ABALROAMENTO TRANSVERSAL,ENTRE AUTO E MOTO. S/V,1,1,,,,,,,,0,,"",Bom,Não existe,Perfeito estado,Seca,Perfeito estado,Não existe,"",30 km/h,Dupla,Faixa contínua,"",""
2552,2019-03-23T00:00:00,00:51:00,COM VÍTIMA,FINALIZADA,IBURA,RUA RIO ACIMA,"",RUA RIBEIRAO DAS NEVES,E/F A EDSON CONSTRUÇÕES / ESQUINA COM A PADARIA PAN RAQUEL E MERCADINHO SANTA FÉ,RUA RIO ACIMA,"",E/F A EDSON CONSTRUÇÕES / ESQUINA COM A PADARIA PAN RAQUEL E MERCADINHO SANTA FÉ,IBURA,,SUBURBIO,ABALROAMENTO TRANSVERSAL,COLISÃO ENTRE KOMBI E SHINERAY.,1,,1,,,,,,,2,,Cruzamento,Bom,Não existe,Incompleta,Seca,Mal iluminada,"",Não há placas,"",Dupla,Não existe,"",""
2553,2019-03-23T00:00:00,01:32:00,SEM VÍTIMA,FINALIZADA,IPUTINGA,AV CAXANGA,"",RUA AMBROSIO MACHADO,E/F A SEMINOVOS MOVIDA / AUTO ESCOLA PILOTO,AV CAXANGA,"",E/F A SEMINOVOS MOVIDA / AUTO ESCOLA PILOTO,IPUTINGA,,SUBURBIO,ABALROAMENTO LONGITUDINAL,"ENTRE 2 AUTOS ( UM DOS ENVOLVIDOS ESCAPOU DO LOCAL, PORÉM, ABANDONOU O VEÍCULO NA VIA) S/V",2,,,,,,,,,0,,Longo da via,Bom,Sem defeito,Perfeito estado,Seca,Perfeito estado,Faixa de pedestre,Outras,"",Única,Faixa contínua,"",""
2554,2019-03-23T00:00:00,02:22:00,SEM VÍTIMA,CANCELADA,CASA FORTE,AV DEZESSETE DE AGOSTO,"","",E/F AO ESTACIONAMENTO DO SHOPPING PLAZA,AV DEZESSETE DE AGOSTO,"",E/F AO ESTACIONAMENTO DO SHOPPING PLAZA,CASA FORTE,,"",COLISÃO,"COLISÃO ENTRE VIATURA DOS BOMBEIROS E TÁXI, SEM VÍTIMAS",1,,,,,,,1,,0,,"","","","","","","","","","","","",""
2555,2019-03-23T00:00:00,06:45:00,SEM VÍTIMA,FINALIZADA,IPSEP,AV RECIFE,1540,"",SOBRE A PONTE,AV RECIFE,1540,SOBRE A PONTE,IPSEP,,"",CHOQUE OBJETO FIXO,VEICULO CHOCOU-SE COM MURETA E FOI ABANDONADO NA CONTRA-MÃO,1,,,,,,,,,0,,Ponte,Bom,Não existe,Perfeito estado,Seca,Perfeito estado,Não existe,Não há placas,"",Dupla,Canteiro central,"",""
2556,2019-03-23T00:00:00,07:50:00,SEM VÍTIMA,FINALIZADA,BOA VIAGEM,RUA DOS NAVEGANTES,4070,RUA ERNESTO DE PAULA SANTOS,"",RUA DOS NAVEGANTES,4070,"",BOA VIAGEM,,SUBURBIO,ABALROAMENTO TRANSVERSAL,SEM VÍTIMAS,2,,,,,,,,,0,,Cruzamento,Bom,Não existe,Perfeito estado,Seca,Perfeito estado,Faixa de retenção,Placas Pare,"",Única,Faixa seccionada,"",""
2557,2019-03-23T00:00:00,10:26:00,COM VÍTIMA,FINALIZADA,ILHA DO LEITE,AV BEIRA RIO,"","",APÓS O HOSPITAL PORTUGuÊS. SOB O VIADUTO JOSÉ DE BARROS LIMA,AV BEIRA RIO,"",APÓS O HOSPITAL PORTUGuÊS. SOB O VIADUTO JOSÉ DE BARROS LIMA,ILHA DO LEITE,,CIDADE,ACID. DE PERCURSO,"",,1,,,,,,,,1,,Longo da via,Bom,Sem defeito,Perfeito estado,Seca,Perfeito estado,Não existe,Não há placas,"",Única,Não existe,"",""
2558,2019-03-23T00:00:00,10:31:00,SEM VÍTIMA,CANCELADA,SANTO AMARO,AV GOVERNADOR AGAMENON MAGALHAES,1302,"",EM FRENTE AO POSTO DE GASOLINA BR,AV GOVERNADOR AGAMENON MAGALHAES,1302,EM FRENTE AO POSTO DE GASOLINA BR,SANTO AMARO,,BOA VIAGEM,COLISÃO,COLISÃO SEM VITIMAS,1,,,,,,1,,,0,,"","","","","","","","","","","","",""
2559,2019-03-23T00:00:00,11:22:00,SEM VÍTIMA,FINALIZADA,BOA VIAGEM,RUA BARAO DE SOUZA LEAO,75,"","",RUA BARAO DE SOUZA LEAO,75,"",BOA VIAGEM,,SUBURBIO,COLISÃO TRASEIRA,SEM VÍTIMAS.,1,,,,,1,,,,0,,Longo da via,Bom,Sem defeito,Perfeito estado,Seca,Perfeito estado,Faixa de pedestre,R-6a,"",Única,"","",""
2560,2019-03-23T00:00:00,11:38:00,SEM VÍTIMA,FINALIZADA,SAN MARTIN,AV GENERAL SAN MARTIN,2156,"",EM FRENTE A LAVANDERIA CRISTAL,AV GENERAL SAN MARTIN,2156,EM FRENTE A LAVANDERIA CRISTAL,SAN MARTIN,,SUBURBIO,CHOQUE VEÍCULO PARADO,DOIUS AUTOS,2,,,,,,,,,0,,Longo da via,Bom,Não existe,Perfeito estado,Seca,Perfeito estado,Não existe,Outras,"",Dupla,Faixa contínua,"",""
2561,2019-03-23T00:00:00,11:42:00,SEM VÍTIMA,FINALIZADA,CAMPO GRANDE,EST DE BELEM,"",RUA BARAO DE VERA CRUZ,EM FRENTE AO SUPERMERCADO STTYLLO,EST DE BELEM,"",EM FRENTE AO SUPERMERCADO STTYLLO,CAMPO GRANDE,,CIDADE,ABALROAMENTO TRANSVERSAL,COLISÃO SEM VITIMAS,1,,,,,,,1,,0,,Cruzamento,Bom,Não existe,Perfeito estado,Seca,Perfeito estado,Faixa de pedestre,R-6a,"",Dupla,Faixa contínua,Faixa seccionada,""
2562,2019-03-23T00:00:00,12:18:00,COM VÍTIMA,FINALIZADA,PINA,RUA JOSE RODRIGUES,54,"",PROXIMO AO CONVENTO FREI DAMIÃO,RUA JOSE RODRIGUES,54,PROXIMO AO CONVENTO FREI DAMIÃO,PINA,,SUBURBIO,ABALROAMENTO LONGITUDINAL,COLISÃO ENTRE VEÍCULO DE PLACA QUE EVADIU-SE DO LOCAL SEGUNDO POPULARES E UMA MOTOCICLETA.,,1,,,,,,,,1,,Longo da via,Bom,Não existe,Não existente,Seca,Mal conservada,Não existe,Não há placas,"",Dupla,Não existe,"",""
2563,2019-03-23T00:00:00,12:33:00,SEM VÍTIMA,FINALIZADA,AREIAS,RUA IPOJUCA,632,RUA SOLIMOES,"",RUA IPOJUCA,632,"",AREIAS,,SUBURBIO,ABALROAMENTO TRANSVERSAL,COROLA X MOTO,1,1,,,,,,,,0,,Cruzamento,Bom,Não existe,Incompleta,Seca,Perfeito estado,Não existe,Outras,"",Dupla,Não existe,"",""
2564,2019-03-23T00:00:00,13:00:00,COM VÍTIMA,CANCELADA,CAXANGÁ,AV CAXANGA,"","",LADO OPOSTO A UPA,AV CAXANGA,"",LADO OPOSTO A UPA,CAXANGÁ,,"",COLISÃO,AUTO X MOTO,1,1,,,,,,,,1,,"","","","","","","","","","","","",""
2565,2019-03-23T00:00:00,13:13:00,COM VÍTIMA,FINALIZADA,TAMARINEIRA,RUA DR JOSE MARIA,1038,RUA GENERAL ABREU E LIMA,PROX AO EDF QUINTA DA JAQUEIRA,RUA DR JOSE MARIA,1038,PROX AO EDF QUINTA DA JAQUEIRA,TAMARINEIRA,,SUBURBIO,ABALROAMENTO LONGITUDINAL,HB 20 X MOTO,1,1,,,,,,,,1,,Cruzamento,Bom,Não existe,Perfeito estado,Seca,Perfeito estado,Não existe,R-6a,40 km/h,Dupla,Não existe,"",""
2566,2019-03-23T00:00:00,13:46:00,SEM VÍTIMA,CANCELADA,BOA VIAGEM,RUA DES JOAO PAES,"",RUA VISCONDE DE JEQUITINHONHA,AO LADO DO CALDISSIMO,RUA DES JOAO PAES,"",AO LADO DO CALDISSIMO,BOA VIAGEM,,"",COLISÃO,COLISÃO SEM VÍTIMA,2,,,,,,,,,0,,"","","","","","","","","","","","",""
2567,2019-03-23T00:00:00,17:03:00,COM VÍTIMA,FINALIZADA,TAMARINEIRA,RUA DR JOSE MARIA,70,RUA GENERAL ABREU E LIMA,"",RUA DR JOSE MARIA,70,"",TAMARINEIRA,,CIDADE,TOMBAMENTO,MOTOCICLISTA CAIU SOZINHO.,,1,,,,,,,,1,,Longo da via,Bom,Não existe,Perfeito estado,Seca,Perfeito estado,Outros,R-6a,"",Dupla,Faixa seccionada,"",""
2568,2019-03-23T00:00:00,18:23:00,SEM VÍTIMA,FINALIZADA,IPUTINGA,AV CAXANGA,"","",HOSPITAL SANTA TEREZINHA,AV CAXANGA,"",HOSPITAL SANTA TEREZINHA,IPUTINGA,,SUBURBIO,COLISÃO TRASEIRA,ENTRE 2 AUTOS. S/V,2,,,,,,,,,0,,Longo da via,Bom,Não existe,Perfeito estado,Seca,Perfeito estado,Outros,Outras,"",Dupla,Faixa seccionada,"",""
2569,2019-03-23T00:00:00,19:21:00,SEM VÍTIMA,FINALIZADA,PINA,RUA ELIAS GOMES,68,"","",RUA ELIAS GOMES,68,"",PINA,,SUBURBIO,ABALROAMENTO LONGITUDINAL,LOGAN X FIESTA,2,,,,,,,,,0,,Longo da via,Bom,Não existe,Incompleta,Seca,Perfeito estado,Não existe,Outras,"",Dupla,Não existe,"",""
2570,2019-03-23T00:00:00,19:29:00,SEM VÍTIMA,FINALIZADA,BOA VIAGEM,AV ENGENHEIRO DOMINGOS FERREIRA,"","",ENF A DELEGACIA DE BOA VIAGEM,AV ENGENHEIRO DOMINGOS FERREIRA,"",ENF A DELEGACIA DE BOA VIAGEM,BOA VIAGEM,,SUBURBIO,ABALROAMENTO LONGITUDINAL,LOGAN X FIESTA,1,,,,,1,,,,0,,Longo da via,Bom,Não existe,Perfeito estado,Seca,Perfeito estado,Não existe,Não há placas,"",Única,Faixa seccionada,Canteiro central,""
2571,2019-03-23T00:00:00,20:07:00,COM VÍTIMA,FINALIZADA,TEJIPIÓ,AV DR JOSE RUFINO,"","",DE ESQUINA COM A ESTAÇAO TEJIPIO // PROX AO POSTO IPIRANGA,AV DR JOSE RUFINO,"",DE ESQUINA COM A ESTAÇAO TEJIPIO // PROX AO POSTO IPIRANGA,TEJIPIÓ,,SUBURBIO,ATROPELAMENTO,ATROPELAMENTO ENTRE MOTOCICLETA E PEDESTRE.,,1,,,1,,,,,1,,Longo da via,Bom,Sem defeito,Perfeito estado,Seca,Perfeito estado,Faixa de pedestre,Não há placas,40 km/h,Dupla,Faixa seccionada,"",""
2572,2019-03-23T00:00:00,19:59:00,SEM VÍTIMA,FINALIZADA,IMBIRIBEIRA,RUA ARQUITETO LUIZ NUNES,"",AV ENGENHEIRO ALVES DE SOUZA,SEMÁFORO 634,RUA ARQUITETO LUIZ NUNES,"",SEMÁFORO 634,IMBIRIBEIRA,634,SUBURBIO,ABALROAMENTO TRANSVERSAL,ENTRE 2 AUTOS. S/V,2,,,,,,,,,0,,Cruzamento,Bom,Sem defeito,Perfeito estado,Seca,Perfeito estado,Faixa de pedestre,Não há placas,"",Dupla,Faixa contínua,"",""
2573,2019-03-23T00:00:00,22:23:00,SEM VÍTIMA,CANCELADA,ENCRUZILHADA,AV BEBERIBE,"","",E/F AO BAR DO DRAGÃO,AV BEBERIBE,"",E/F AO BAR DO DRAGÃO,ENCRUZILHADA,,"",COLISÃO,ENTRE 2 AUTO.S/V,2,,,,,,,,,0,,"","","","","","","","","","","","",""
2574,2019-03-24T00:00:00,02:03:00,SEM VÍTIMA,FINALIZADA,CORDEIRO,RUA GOMES TABORDA,"",RUA CLAUDIO BROTHERHOOD,"",RUA GOMES TABORDA,"","",CORDEIRO,,SUBURBIO,ABALROAMENTO TRANSVERSAL,COLISÃO ENTRE DOIS AUTOS S/V,2,,,,,,,,,0,,Cruzamento,Bom,Não existe,Incompleta,Seca,Perfeito estado,Não existe,Não há placas,"",Dupla,Não existe,"",""
2575,2019-03-24T00:00:00,10:47:00,SEM VÍTIMA,FINALIZADA,ESPINHEIRO,RUA ALFREDO DE MEDEIROS,44,"",EM FRENTE AO POSTO SHELL,RUA ALFREDO DE MEDEIROS,44,EM FRENTE AO POSTO SHELL,ESPINHEIRO,,SUBURBIO,ABALROAMENTO LONGITUDINAL,SEM VITIMAS,2,,,,,,,,,0,,Longo da via,Bom,Não existe,Perfeito estado,Seca,Perfeito estado,Não existe,Outras,"",Dupla,Não existe,"",""
2576,2019-03-24T00:00:00,13:22:00,COM VÍTIMA,FINALIZADA,TORRE,RUA JOSE BONIFACIO,1210,"",EM FRENTE AO CARREFUR,RUA JOSE BONIFACIO,1210,EM FRENTE AO CARREFUR,TORRE,,SUBURBIO,COLISÃO TRASEIRA,COLISÃO ENTRE QUATRO AUTOMÓVEIS.,4,,,,,,,,,1,,Longo da via,Bom,Não existe,Perfeito estado,Seca,Perfeito estado,Não existe,Outras,30 km/h,Única,Faixa,"",""
2577,2019-03-24T00:00:00,13:43:00,SEM VÍTIMA,FINALIZADA,SANTO AMARO,AV GOVERNADOR AGAMENON MAGALHAES,"","","",AV GOVERNADOR AGAMENON MAGALHAES,"","",SANTO AMARO,49,"",ABALROAMENTO LONGITUDINAL,COLISÃO SEM VITIMA,1,,,,,2,,,,0,,Longo da via,Bom,Sem defeito,Perfeito estado,Seca,Perfeito estado,Faixa de pedestre,"",60 km/h,Dupla,Faixa contínua,"",""
2578,2019-03-24T00:00:00,14:10:00,SEM VÍTIMA,FINALIZADA,SÃO JOSÉ,RUA SAO JOAO,"",AV DANTAS BARRETO,"",RUA SAO JOAO,"","",SÃO JOSÉ,54,SUBURBIO,ABALROAMENTO TRANSVERSAL,COLISÃO SEM VITIMA,1,,,,,1,,,,0,,Cruzamento,Bom,Sem defeito,Perfeito estado,Seca,Perfeito estado,Não existe,Não há placas,"",Única,Não existe,"",""
2579,2019-03-24T00:00:00,14:35:00,SEM VÍTIMA,FINALIZADA,CORDEIRO,AV GENERAL SAN MARTIN,"","",EM FRENTE AO HOSP. GERTULIO VARGAS,AV GENERAL SAN MARTIN,"",EM FRENTE AO HOSP. GERTULIO VARGAS,CORDEIRO,,SUBURBIO,ABALROAMENTO LONGITUDINAL,COLISÃO SEM VITIMA,1,1,,,,,,,,0,,Longo da via,Bom,Não existe,Perfeito estado,Seca,Perfeito estado,Não existe,Outras,40 km/h,Dupla,Blocos,"",""
2580,2019-03-24T00:00:00,16:09:00,SEM VÍTIMA,FINALIZADA,JARDIM SÃO PAULO,AV LIBERDADE,612,"",PRÓXIMO A ASSEMBLEIA DE DEUS,AV LIBERDADE,612,PRÓXIMO A ASSEMBLEIA DE DEUS,JARDIM SÃO PAULO,,SUBURBIO,COLISÃO TRASEIRA,COLISÃO SEM VITIMAS,2,,,,,,,,,0,,Longo da via,Bom,Não existe,Não existente,Seca,Perfeito estado,Não existe,Não há placas,40 km/h,Dupla,Não existe,"",""
2581,2019-03-24T00:00:00,16:51:00,SEM VÍTIMA,FINALIZADA,SÃO JOSÉ,RUA IMPERIAL,1217,RUA LOURENCO DA SILVA,"",RUA IMPERIAL,1217,"",SÃO JOSÉ,,SUBURBIO,ABALROAMENTO TRANSVERSAL,COLISÃO SEM VITIMAS,2,,,,,,,,,0,,Cruzamento,Bom,Não existe,Perfeito estado,Seca,Perfeito estado,Agente,Não há placas,"",Única,Faixa seccionada,"",""
2582,2019-03-24T00:00:00,18:41:00,SEM VÍTIMA,FINALIZADA,SÃO JOSÉ,AV SUL,"","",LADO OPOSTO AO GRANDE RECIFE,AV SUL,"",LADO OPOSTO AO GRANDE RECIFE,SÃO JOSÉ,,CIDADE,ABALROAMENTO LONGITUDINAL,ENTRE 2 AUTOS. S/V,2,,,,,,,,,0,,Longo da via,Bom,Não existe,Ilegível,Seca,Mal iluminada,Não existe,Não há placas,60 km/h,Dupla,Canteiro central,"",""
2583,2019-03-24T00:00:00,18:49:00,SEM VÍTIMA,FINALIZADA,TEJIPIÓ,RUA FALCAO DE LACERDA,447,"","",RUA FALCAO DE LACERDA,447,"",TEJIPIÓ,285,CIDADE,CHOQUE VEÍCULO PARADO,ONIBUS METROPOLITANA X GOL,1,,,,,1,,,,0,,Longo da via,Bom,Sem defeito,Incompleta,Seca,Mal iluminada,Faixa de pedestre,R-6a,50 km/h,Dupla,Faixa contínua,"",""
2584,2019-03-24T00:00:00,22:34:00,COM VÍTIMA,FINALIZADA,IMBIRIBEIRA,AV RECIFE,451,AV PRESIDENTE DUTRA,PROX AO SAL E BRASA BEM NA BIFURCAÇAO // SENTIDO IMBIRIBEIRA,AV RECIFE,451,PROX AO SAL E BRASA BEM NA BIFURCAÇAO // SENTIDO IMBIRIBEIRA,IMBIRIBEIRA,,CIDADE,ABALROAMENTO LONGITUDINAL,COLISÃO ENTRE AUTOMÓVEL E MOTOCICLETA.,1,1,,,,,,,,1,,Longo da via,Bom,Não existe,Perfeito estado,Seca,Perfeito estado,"","","",Dupla,Canteiro central,"",""
2585,2019-03-24T00:00:00,23:29:00,COM VÍTIMA,FINALIZADA,BOA VIAGEM,RUA FELIX DE BRITO E MELO,346,AV ENGENHEIRO DOMINGOS FERREIRA,ENF. A MEDICINA DIAGNOSTICO,RUA FELIX DE BRITO E MELO,346,ENF. A MEDICINA DIAGNOSTICO,BOA VIAGEM,,CIDADE,COLISÃO TRASEIRA,TAXI X MOTO,1,1,,,,,,,,1,,Longo da via,Bom,Sem defeito,Perfeito estado,Seca,Perfeito estado,Faixa de pedestre,Placas Pare,"",Única,Faixa contínua,"",""
2586,2019-03-25T00:00:00,07:06:00,SEM VÍTIMA,FINALIZADA,JAQUEIRA,RUA DO FUTURO,913,RUA DEPUTADO PEDRO PIRES FERREIRA,EM FRENTE AO JAQUEIRA PARK CENTER,RUA DO FUTURO,913,EM FRENTE AO JAQUEIRA PARK CENTER,JAQUEIRA,,CIDADE,ABALROAMENTO TRANSVERSAL,SEM VITIMAS,2,,,,,,,,,0,,Cruzamento,Bom,Não existe,Perfeito estado,Seca,Perfeito estado,Não existe,Placas Pare,30 km/h,Única,Não existe,"",""
2587,2019-03-25T00:00:00,07:53:00,SEM VÍTIMA,FINALIZADA,BOA VISTA,RUA DO HOSPICIO,"",RUA PRINCESA IZABEL,"",RUA DO HOSPICIO,"","",BOA VISTA,31,SUBURBIO,ABALROAMENTO TRANSVERSAL,"",1,,,,,1,,,,0,,Longo da via,Bom,Sem defeito,Perfeito estado,Seca,Perfeito estado,Faixa de pedestre,R-6a,"",Dupla,Faixa contínua,Canteiro central,""
2588,2019-03-25T00:00:00,08:14:00,SEM VÍTIMA,DUPLICIDADE,SANTO ANTÔNIO,RUA PRINCESA IZABEL,"","",EM FRENTE A CAMARA DOS VEREADORES,RUA PRINCESA IZABEL,"",EM FRENTE A CAMARA DOS VEREADORES,SANTO ANTÔNIO,,"",COLISÃO,COLISÃO SEM VITIMAS,1,,,,,1,,,,0,,"","","","","","","","","","","","",""
2589,2019-03-25T00:00:00,08:18:00,SEM VÍTIMA,FINALIZADA,TORRE,RUA REAL DA TORRE,1645,RUA VISCONDE DE ITAPARICA,EM FRENTE A ESCOLA DESPERTAR,RUA REAL DA TORRE,1645,EM FRENTE A ESCOLA DESPERTAR,TORRE,,CIDADE,ABALROAMENTO LONGITUDINAL,DOIS AUTOS,2,,,,,,,,,0,,Cruzamento,Bom,Não existe,Não existente,Seca,Perfeito estado,Não existe,Não há placas,"",Única,Não existe,"",""
2590,2019-03-25T00:00:00,08:51:00,SEM VÍTIMA,FINALIZADA,CAMPO GRANDE,EST DE BELEM,1251,"",IGREJA EVANGÉLICA BRASILEIRA,EST DE BELEM,1251,IGREJA EVANGÉLICA BRASILEIRA,CAMPO GRANDE,,CIDADE,COLISÃO FRONTAL,COLISÃO SEM VITIMAS,3,,,,,,,,,0,,Longo da via,Bom,Não existe,Perfeito estado,Seca,Perfeito estado,Não existe,Não há placas,"",Dupla,Faixa contínua,"",""
2591,2019-03-25T00:00:00,10:38:00,SEM VÍTIMA,FINALIZADA,IMBIRIBEIRA,AV MARECHAL MASCARENHAS DE MORAES,"",RUA JOAO FONTES,"",AV MARECHAL MASCARENHAS DE MORAES,"","",IMBIRIBEIRA,471,CIDADE,ABALROAMENTO LONGITUDINAL,AUTO MOTO,1,1,,,,,,,,0,,Cruzamento,Bom,Sem defeito,Perfeito estado,Seca,Perfeito estado,"",Não há placas,60 km/h,Única,Canteiro central,"",""
2592,2019-03-25T00:00:00,10:44:00,SEM VÍTIMA,FINALIZADA,PINA,AV ENGENHEIRO DOMINGOS FERREIRA,"",RUA VINTE E SEIS DE JANEIRO,E/F A FARMACIA FARMASUL,AV ENGENHEIRO DOMINGOS FERREIRA,"",E/F A FARMACIA FARMASUL,PINA,,SUBURBIO,ABALROAMENTO LONGITUDINAL,SEM VÍTIMAS,1,,,,,,1,,,0,,Longo da via,Bom,Não existe,Não existente,Seca,Perfeito estado,Não existe,Não há placas,60 km/h,Única,Faixa seccionada,Canteiro central,""
2593,2019-03-25T00:00:00,10:51:00,SEM VÍTIMA,FINALIZADA,DOIS IRMÃOS,RUA MANUEL DE MEDEIROS,"","",UNIVERSIDADE FEDERAL RURAL DE PE,RUA MANUEL DE MEDEIROS,"",UNIVERSIDADE FEDERAL RURAL DE PE,DOIS IRMÃOS,,SUBURBIO,ABALROAMENTO LONGITUDINAL,"",1,1,,,,,,,,0,,Longo da via,Bom,Não existe,Incompleta,Seca,Perfeito estado,Não existe,Outras,"",Dupla,Não existe,"",""
2594,2019-03-25T00:00:00,10:57:00,SEM VÍTIMA,CANCELADA,DERBY,RUA BARAO DE GOIANA,102,RUA HENRIQUE DIAS,EM FRENTE A CASA DO ESTUDANTE,RUA BARAO DE GOIANA,102,EM FRENTE A CASA DO ESTUDANTE,DERBY,,"",COLISÃO,SEM VITIMAS,2,,,,,,,,,0,,"","","","","","","","","","","","",""
2595,2019-03-25T00:00:00,10:59:00,SEM VÍTIMA,FINALIZADA,SANTO ANTÔNIO,PRC DA REPUBLICA,"","",LADO OPOSTO A CAIXA ECONÔMICA FEDERAL,PRC DA REPUBLICA,"",LADO OPOSTO A CAIXA ECONÔMICA FEDERAL,SANTO ANTÔNIO,,CIDADE,ABALROAMENTO LONGITUDINAL,"",2,,,,,,,,,0,,"",Bom,Não existe,Perfeito estado,Seca,Perfeito estado,Não existe,Outras,"",Única,Faixa seccionada,"",""
2596,2019-03-25T00:00:00,11:47:00,SEM VÍTIMA,FINALIZADA,AFOGADOS,AV SUL,950,"","",AV SUL,950,"",AFOGADOS,73,CIDADE,COLISÃO TRASEIRA,COLISÃO SEM VITIMAS,3,,,,,,,,,0,,Longo da via,Bom,Sem defeito,Perfeito estado,Seca,Perfeito estado,Faixa de pedestre,Outras,"",Única,Faixa contínua,Faixa seccionada,""
2597,2019-03-25T00:00:00,12:41:00,SEM VÍTIMA,FINALIZADA,SANTO ANTÔNIO,PTE PRINCESA IZABEL,"","",SOBRE A PONTE,PTE PRINCESA IZABEL,"",SOBRE A PONTE,SANTO ANTÔNIO,,"",COLISÃO TRASEIRA,DOIS AUTOS,2,,,,,,,,,0,,Ponte,Bom,Não existe,Perfeito estado,Seca,Perfeito estado,Não existe,Não há placas,30 km/h,Dupla,Faixa contínua,"",""
2598,2019-03-25T00:00:00,12:44:00,SEM VÍTIMA,CANCELADA,AREIAS,AV DR JOSE RUFINO,"","",AO LADO DO COLEGIO VISAO,AV DR JOSE RUFINO,"",AO LADO DO COLEGIO VISAO,AREIAS,,"",COLISÃO,COLISAO ENTRE AUTO E CARRETA S/V,1,,,,,,1,,,0,,"","","","","","","","","","","","",""