_id,DATA,hora,natureza_acidente,situacao,bairro,endereco,numero,detalhe_endereco_acidente,complemento,endereco_cruzamento,numero_cruzamento,referencia_cruzamento,bairro_cruzamento,num_semaforo,sentido_via,tipo,descricao,auto,moto,ciclom,ciclista,pedestre,onibus,caminhao,viatura,outros,vitimas,vitimasfatais,acidente_verificado,tempo_clima,situacao_semaforo,sinalizacao,condicao_via,conservacao_via,ponto_controle,situacao_placa,velocidade_max_via,mao_direcao,divisao_via1,divisao_via2,divisao_via3
2599,2019-03-25T00:00:00,13:28:00,SEM VÍTIMA,CANCELADA,BOA VISTA,RUA DO HOSPICIO,"","",EM FRENTE AO HOSPITAL DO EXERCITO,RUA DO HOSPICIO,"",EM FRENTE AO HOSPITAL DO EXERCITO,BOA VISTA,,"",COLISÃO,DOIS AUTOS,2,,,,,,,,,0,,"","","","","","","","","","","","",""
2600,2019-03-25T00:00:00,13:30:00,SEM VÍTIMA,FINALIZADA,COELHOS,RUA DOS COELHOS,"","",EM FRENTE AO POSTE DE ILUMINAÇÃO PÚBLICA Nº B 023749,RUA DOS COELHOS,"",EM FRENTE AO POSTE DE ILUMINAÇÃO PÚBLICA Nº B 023749,COELHOS,359,SUBURBIO,ABALROAMENTO LONGITUDINAL,AUTO E CAMINHAO S/V,1,,,,,,1,,,0,,Longo da via,Bom,Sem defeito,Perfeito estado,Seca,Perfeito estado,Faixa de pedestre,"","",Dupla,Faixa contínua,"",""
2601,2019-03-25T00:00:00,14:20:00,SEM VÍTIMA,CANCELADA,GRAÇAS,PRC DO ENTRONCAMENTO,"","",EM FRENTE A FARMACIA FORMULA,PRC DO ENTRONCAMENTO,"",EM FRENTE A FARMACIA FORMULA,GRAÇAS,,"",COLISÃO,DOIS AUTOS,2,,,,,,,,,0,,"","","","","","","","","","","","",""
2602,2019-03-25T00:00:00,14:47:00,SEM VÍTIMA,FINALIZADA,SÃO JOSÉ,AV DANTAS BARRETO,"",RUA SAO JOAO,"",AV DANTAS BARRETO,"","",SÃO JOSÉ,54,SUBURBIO,ABALROAMENTO TRANSVERSAL,COLISÃO SEM VÍTIMA,2,,,,,,,,,0,,Cruzamento,Bom,Sem defeito,Incompleta,Seca,Perfeito estado,"",Outras,40 km/h,Dupla,Canteiro central,"",""
2603,2019-03-25T00:00:00,15:03:00,SEM VÍTIMA,FINALIZADA,SÃO JOSÉ,RUA IMPERIAL,"","",EM FRENTE AO POSTE B015065,RUA IMPERIAL,"",EM FRENTE AO POSTE B015065,SÃO JOSÉ,,SUBURBIO,COLISÃO TRASEIRA,DUAS VT-PM,,,,,,,,2,,0,,Longo da via,Bom,Não existe,Perfeito estado,Seca,Perfeito estado,"",Não há placas,40 km/h,Única,Faixa seccionada,"",""
2604,2019-03-25T00:00:00,15:05:00,SEM VÍTIMA,FINALIZADA,CAMPO GRANDE,RUA ODORICO MENDES,598,"","",RUA ODORICO MENDES,598,"",CAMPO GRANDE,,CIDADE,COLISÃO TRASEIRA,ENGAVETAMENTO DE TRES AUTOS S/V,3,,,,,,,,,0,,Longo da via,Bom,Não existe,Perfeito estado,Seca,Perfeito estado,Não existe,R-6a,60 km/h,Dupla,Faixa contínua,"",""
2605,2019-03-25T00:00:00,15:26:00,SEM VÍTIMA,FINALIZADA,BOA VISTA,RUA AURORA,1633,"",EM FRENTE AO Nº 1633 (ITB),RUA AURORA,1633,EM FRENTE AO Nº 1633 (ITB),BOA VISTA,,CIDADE,COLISÃO TRASEIRA,"",2,,,,,,,,,0,,Longo da via,Bom,Não existe,Perfeito estado,Seca,Perfeito estado,Não existe,Não há placas,40 km/h,Dupla,Canteiro central,"",""
2606,2019-03-25T00:00:00,15:35:00,SEM VÍTIMA,FINALIZADA,IPSEP,AV RECIFE,2322,"",EM FRENTE MARTELINHO DE OURO,AV RECIFE,2322,EM FRENTE MARTELINHO DE OURO,IPSEP,16,SUBURBIO,COLISÃO TRASEIRA,DOIS AUTOS,2,,,,,,,,,0,,Longo da via,Bom,Sem defeito,Perfeito estado,Seca,Perfeito estado,Agente,R-6a,"",Dupla,Canteiro central,"",""
2607,2019-03-25T00:00:00,15:43:00,SEM VÍTIMA,FINALIZADA,BOA VIAGEM,AV ENGENHEIRO DOMINGOS FERREIRA,"","",AO LADO DO RESTAURANTE CASA D'ITALIA,AV ENGENHEIRO DOMINGOS FERREIRA,"",AO LADO DO RESTAURANTE CASA D'ITALIA,BOA VIAGEM,,SUBURBIO,ABALROAMENTO LONGITUDINAL,"UMA COLISAO EM UM CRUZAMENTO ENTRE DOIS AUTOS PASSEIOS, UM DO VEICULOS QUE COLIDIU PERDEU O CONTROLE, E ATINGIU UM TERCEIRO VEICULO OFICIAL DO CB. S/V",2,,,,,,,1,,0,,Longo da via,Bom,Sem defeito,Perfeito estado,Seca,Perfeito estado,"","",60 km/h,Única,Faixa contínua,"",""
2608,2019-03-25T00:00:00,16:33:00,SEM VÍTIMA,FINALIZADA,SÃO JOSÉ,RUA DO RANGEL,154,"",ESTABELECIMENTO ZERO ZERO SETE,RUA DO RANGEL,154,ESTABELECIMENTO ZERO ZERO SETE,SÃO JOSÉ,,CIDADE,CHOQUE VEÍCULO PARADO,ENTRE DOIS AUTOS S/V,2,,,,,,,,,0,,Longo da via,Bom,Não existe,Perfeito estado,Seca,Perfeito estado,Não existe,R-6b,"",Única,Não existe,"",""
2609,2019-03-25T00:00:00,16:34:00,SEM VÍTIMA,FINALIZADA,CAMPO GRANDE,EST DE BELEM,"","",EM FRENTE AO MERCADINHO TRES CORAÇÕES,EST DE BELEM,"",EM FRENTE AO MERCADINHO TRES CORAÇÕES,CAMPO GRANDE,,CIDADE,ABALROAMENTO LONGITUDINAL,COLISÃO SEM VÍTIMA,1,,,,,1,,,,0,,Longo da via,Bom,Sem defeito,Perfeito estado,Seca,Perfeito estado,Agente,R-6a,"",Dupla,Faixa seccionada,"",""
2610,2019-03-25T00:00:00,16:40:00,SEM VÍTIMA,FINALIZADA,ESTÂNCIA,AV DR JOSE RUFINO,"","",EM FRENTE AO COLEGIO DECISÃO,AV DR JOSE RUFINO,"",EM FRENTE AO COLEGIO DECISÃO,ESTÂNCIA,,"",ABALROAMENTO LONGITUDINAL,COLISÃO SEM VÍTIMA,1,,,,,,1,,,0,,Longo da via,Bom,Sem defeito,Perfeito estado,Seca,Perfeito estado,Faixa de pedestre,Não há placas,"",Dupla,Faixa contínua,"",""
2611,2019-03-25T00:00:00,16:53:00,SEM VÍTIMA,CANCELADA,AREIAS,RUA GENERAL MANUEL RABELO,246,"",AO LADO DO COLEGIO VISÃO,RUA GENERAL MANUEL RABELO,246,AO LADO DO COLEGIO VISÃO,AREIAS,,"",COLISÃO,CAMINHÃO E AUTO,1,,,,,,1,,,0,,"","","","","","","","","","","","",""
2612,2019-03-25T00:00:00,18:08:00,SEM VÍTIMA,FINALIZADA,"",AV RIO SAO FRANCISCO,186,"",AO LADO DO MERCADINHO MINI PREÇO,AV RIO SAO FRANCISCO,186,AO LADO DO MERCADINHO MINI PREÇO,"",,SUBURBIO,ABALROAMENTO LONGITUDINAL,ÔNIBUS X AUTO S/V.,1,,,,,1,,,,0,,Longo da via,Bom,Não existe,Perfeito estado,Seca,Perfeito estado,Não existe,Não há placas,"",Dupla,Faixa seccionada,"",""
2613,2019-03-25T00:00:00,18:17:00,SEM VÍTIMA,FINALIZADA,BOA VISTA,RUA DOM BOSCO,"","",EM FRENTE AO SEMÁFORO 174,RUA DOM BOSCO,"",EM FRENTE AO SEMÁFORO 174,BOA VISTA,,"",COLISÃO TRASEIRA,COLISÃO SEM VÍTIMA,1,1,,,,,,,,0,,Longo da via,Bom,Sem defeito,Perfeito estado,Seca,Perfeito estado,"",Não há placas,"",Única,Faixa contínua,"",""
2614,2019-03-25T00:00:00,18:26:00,SEM VÍTIMA,FINALIZADA,BOA VIAGEM,RUA BARAO DE SOUZA LEAO,626,"",EM FRENTE AO EDIFÍCIO COSTA DOURADA,RUA BARAO DE SOUZA LEAO,626,EM FRENTE AO EDIFÍCIO COSTA DOURADA,BOA VIAGEM,,SUBURBIO,ABALROAMENTO LONGITUDINAL,S/V.,1,,,,,1,,,,0,,Longo da via,Bom,Não existe,Perfeito estado,Seca,Perfeito estado,Não existe,Outras,"",Única,Faixa seccionada,"",""
2615,2019-03-25T00:00:00,18:28:00,SEM VÍTIMA,FINALIZADA,ESPINHEIRO,RUA DO ESPINHEIRO,"",RUA QUARENTA E OITO,SOB O SEM Nº 166,RUA DO ESPINHEIRO,"",SOB O SEM Nº 166,ESPINHEIRO,166,SUBURBIO,ABALROAMENTO LONGITUDINAL,COLISÃO SEM VÍTIMA,2,,,,,,,,,0,,Longo da via,Bom,Sem defeito,Perfeito estado,Seca,Perfeito estado,Faixa de pedestre,Outras,"",Única,Faixa contínua,"",""
2616,2019-03-25T00:00:00,18:39:00,SEM VÍTIMA,FINALIZADA,SANTO ANTÔNIO,AV MARTINS DE BARROS,"","",POSTO CERPE Nº B015042,AV MARTINS DE BARROS,"",POSTO CERPE Nº B015042,SANTO ANTÔNIO,,SUBURBIO,COLISÃO TRASEIRA,ENTRE 2 AUTOS. S/V,2,,,,,,,,,0,,Longo da via,Bom,Sem defeito,Perfeito estado,Seca,Perfeito estado,Faixa de pedestre,Não há placas,"",Dupla,Faixa seccionada,Canteiro central,""
2617,2019-03-25T00:00:00,18:58:00,SEM VÍTIMA,FINALIZADA,TORRE,RUA JOSE DE HOLANDA,"","",EM FRENTE AO Nº 561,RUA JOSE DE HOLANDA,"",EM FRENTE AO Nº 561,TORRE,,SUBURBIO,CHOQUE VEÍCULO PARADO,COLISÃO SEM VITIMAS,2,,,,,,,,,0,,Longo da via,Bom,Não existe,Perfeito estado,Seca,Perfeito estado,Não existe,Não há placas,"",Única,Não existe,"",""
2618,2019-03-25T00:00:00,19:09:00,SEM VÍTIMA,FINALIZADA,BOA VISTA,AV GOVERNADOR AGAMENON MAGALHAES,"","",EM FRENTE AO COLÉGIO AMERICANO BATISTA,AV GOVERNADOR AGAMENON MAGALHAES,"",EM FRENTE AO COLÉGIO AMERICANO BATISTA,BOA VISTA,,"",ABALROAMENTO LONGITUDINAL,ENTRE AUTOS S/V.,2,,,,,,,,,0,,Longo da via,Bom,Sem defeito,Perfeito estado,Seca,Perfeito estado,"","","",Dupla,Canteiro central,"",""
2619,2019-03-25T00:00:00,20:42:00,COM VÍTIMA,FINALIZADA,PARNAMIRIM,AV PARNAMIRIM,"","",PRÓX AO SHOPPING PARNAMIRIM E HOSPITAL MARIA LUCINDA / SEMÁFORO 010,AV PARNAMIRIM,"",PRÓX AO SHOPPING PARNAMIRIM E HOSPITAL MARIA LUCINDA / SEMÁFORO 010,PARNAMIRIM,,CIDADE,COLISÃO COM CICLISTA,COLISÃO ENTRE AUTOMÓVEL E MOTOCICLETA.,1,1,,1,,,,,,1,,Longo da via,Bom,Sem defeito,Perfeito estado,Seca,Perfeito estado,Faixa de pedestre,R-6a,"",Única,Faixa contínua,"",""
2620,2019-03-25T00:00:00,21:27:00,SEM VÍTIMA,CANCELADA,NOVA DESCOBERTA,AV VEREADOR OTACILIO AZEVEDO,54,"",ATRÁS DA GARAGEM DA GLOBO/ PRÓX A CELPE,AV VEREADOR OTACILIO AZEVEDO,54,ATRÁS DA GARAGEM DA GLOBO/ PRÓX A CELPE,NOVA DESCOBERTA,,"",COLISÃO,ENTRE 2 AUTOS. S/V,2,,,,,,,,,0,,"","","","","","","","","","","","",""
2621,2019-03-25T00:00:00,21:31:00,SEM VÍTIMA,FINALIZADA,IPSEP,AV RECIFE,"","",EM FRENTEAO Nº 2826,AV RECIFE,"",EM FRENTEAO Nº 2826,IPSEP,,SUBURBIO,ABALROAMENTO LONGITUDINAL,COLISÃO SEM VITIMA,1,1,,,,,,,,0,,Longo da via,Bom,Sem defeito,Perfeito estado,Seca,Perfeito estado,Faixa de pedestre,Não há placas,"",Dupla,Canteiro central,"",""
2622,2019-03-25T00:00:00,21:32:00,SEM VÍTIMA,FINALIZADA,BREJO DE BEBERIBE,RUA ALTO DO REFUGIO,"",RUA FRANCISCO CAMARINO,TERMINAL DE ÔNIBUS,RUA ALTO DO REFUGIO,"",TERMINAL DE ÔNIBUS,BREJO DE BEBERIBE,,CIDADE,ABALROAMENTO TRANSVERSAL,ENTRE 2 AUTOS. S/V,2,,,,,,,,,0,,"",Bom,Não existe,Perfeito estado,Seca,Perfeito estado,"","","",Dupla,"","",""
2623,2019-03-25T00:00:00,21:45:00,SEM VÍTIMA,CANCELADA,VÁRZEA,RUA CONEGO JOSE FERNANDES MACHADO,222,"",PRÓX A ANTENA DA CLARO E CAMPO DA GRANJA,RUA CONEGO JOSE FERNANDES MACHADO,222,PRÓX A ANTENA DA CLARO E CAMPO DA GRANJA,VÁRZEA,,"",COLISÃO,ENTRE 2 AUTOS. S/V,2,,,,,,,,,0,,"","","","","","","","","","","","",""
2624,2019-03-25T00:00:00,21:59:00,SEM VÍTIMA,CANCELADA,CAXANGÁ,AV JOAQUIM RIBEIRO,740,"","E/F AO EDF MARCO FREIRE E MINERAL DA CAXANGÁ, SNT CAMARAGIBE / APÓS O PADRE CÍCERO",AV JOAQUIM RIBEIRO,740,"E/F AO EDF MARCO FREIRE E MINERAL DA CAXANGÁ, SNT CAMARAGIBE / APÓS O PADRE CÍCERO",CAXANGÁ,,"",COLISÃO,ENTRE 2 AUTOS. S/V,2,,,,,,,,,0,,"","","","","","","","","","","","",""
2625,2019-03-25T00:00:00,22:10:00,SEM VÍTIMA,FINALIZADA,BOA VIAGEM,AV VINTE E TRES DE OUTUBRO,"","",EM FRENTE AO POSTE H008431,AV VINTE E TRES DE OUTUBRO,"",EM FRENTE AO POSTE H008431,BOA VIAGEM,,CIDADE,COLISÃO TRASEIRA,COLISÃO SEM VITIMA,2,,,,,,,,,0,,Longo da via,Bom,Não existe,Incompleta,Seca,Mal iluminada,Não existe,Não há placas,"",Única,Faixa seccionada,"",""
2626,2019-03-25T00:00:00,23:53:00,SEM VÍTIMA,FINALIZADA,ESTÂNCIA,AV ESTANCIA,43,RUA MORAIS E SILVA,"",AV ESTANCIA,43,"",ESTÂNCIA,,"",ABALROAMENTO TRANSVERSAL,ENTRE 2 AUTOS. S/V,2,,,,,,,,,0,,Cruzamento,Bom,Não existe,Perfeito estado,Seca,Perfeito estado,"","","",Única,"","",""
2627,2019-03-26T00:00:00,07:40:00,SEM VÍTIMA,FINALIZADA,GRAÇAS,RUA ALBERTO PAIVA,174,"",EM FRENTE A LOJA PET DAS GRAÇAS,RUA ALBERTO PAIVA,174,EM FRENTE A LOJA PET DAS GRAÇAS,GRAÇAS,,SUBURBIO,ABALROAMENTO LONGITUDINAL,COLISÃO SEM VITIMAS,1,,,,,,1,,,0,,Longo da via,Chuvoso,"",Perfeito estado,Molhada,Perfeito estado,Não existe,Outras,"",Única,Faixa seccionada,"",""
2628,2019-03-26T00:00:00,07:43:00,COM VÍTIMA,FINALIZADA,SANTO AMARO,RUA TREZE DE MAIO,704,AV NORTE,"",RUA TREZE DE MAIO,704,"",SANTO AMARO,36,CIDADE,ATROPELAMENTO,ATROPELAMENTO ENTRE MOTOCICLETA E PEDESTRE.,,1,,,1,,,,,1,,Outros,Chuvoso,Sem defeito,Perfeito estado,Molhada,Perfeito estado,Faixa de pedestre,Não há placas,60 km/h,Dupla,Canteiro central,"",""
2629,2019-03-26T00:00:00,07:59:00,SEM VÍTIMA,FINALIZADA,AREIAS,AV RECIFE,"","",LADO OPOSTO AO Nº 3021,AV RECIFE,"",LADO OPOSTO AO Nº 3021,AREIAS,,SUBURBIO,COLISÃO TRASEIRA,COLISÃO SEM VITIMAS,2,,,,,,,,,0,,Longo da via,Chuvoso,Não existe,Perfeito estado,Molhada,Perfeito estado,Não existe,"","",Dupla,Canteiro central,"",""
2630,2019-03-26T00:00:00,08:02:00,SEM VÍTIMA,FINALIZADA,DERBY,AV GOVERNADOR AGAMENON MAGALHAES,4318,"",EMPRESARIAL RENATO DIAS,AV GOVERNADOR AGAMENON MAGALHAES,4318,EMPRESARIAL RENATO DIAS,DERBY,,SUBURBIO,ABALROAMENTO LONGITUDINAL,AUTO E ONIBUS,1,,,,,1,,,,0,,Longo da via,Chuvoso,Não existe,Perfeito estado,Molhada,Perfeito estado,Não existe,Não há placas,"",Dupla,Canteiro central,"",""
2631,2019-03-26T00:00:00,08:11:00,SEM VÍTIMA,CANCELADA,BOA VIAGEM,RUA CRUZEIRO DO FORTE,470,RUA WALDEMAR NERY CARNEIRO MONTEIRO,EM FRENTE AO EDF SANTA ONOFRIA,RUA CRUZEIRO DO FORTE,470,EM FRENTE AO EDF SANTA ONOFRIA,BOA VIAGEM,,"",COLISÃO,SEM VITIMAS,2,,,,,,,,,0,,"","","","","","","","","","","","",""
2632,2019-03-26T00:00:00,08:13:00,SEM VÍTIMA,FINALIZADA,CASA AMARELA,AV NORTE,"","",EM FRENTE AO ARMAZEM CORAL,AV NORTE,"",EM FRENTE AO ARMAZEM CORAL,CASA AMARELA,,CIDADE,COLISÃO TRASEIRA,TRES AUTOS,3,,,,,,,,,0,,Longo da via,Chuvoso,Não existe,Perfeito estado,Molhada,Perfeito estado,Não existe,Outras,60 km/h,Dupla,Canteiro central,"",""
2633,2019-03-26T00:00:00,08:32:00,SEM VÍTIMA,FINALIZADA,BOA VISTA,AV GOVERNADOR AGAMENON MAGALHAES,"","",SOB O SEMÁFORO 075,AV GOVERNADOR AGAMENON MAGALHAES,"",SOB O SEMÁFORO 075,BOA VISTA,75,SUBURBIO,COLISÃO TRASEIRA,SEM VITIMAS,2,,,,,,,,,0,,Longo da via,Chuvoso,Sem defeito,Perfeito estado,Molhada,Perfeito estado,Agente,"","",Dupla,Canteiro central,"",""
2634,2019-03-26T00:00:00,08:51:00,COM VÍTIMA,FINALIZADA,BOA VISTA,AV GOVERNADOR AGAMENON MAGALHAES,"","","NA SUBIDA DO VIADUTO DA INDEPENDÊNCIA, AO LADO DO CÍRCULO MILITAR.",AV GOVERNADOR AGAMENON MAGALHAES,"","NA SUBIDA DO VIADUTO DA INDEPENDÊNCIA, AO LADO DO CÍRCULO MILITAR.",BOA VISTA,78,SUBURBIO,COLISÃO TRASEIRA,COLISÃO ENTRE DOIS AUTOMÓVEIS.,2,,,,,,,,,1,,Longo da via,Chuvoso,Sem defeito,Perfeito estado,Molhada,Perfeito estado,Faixa de pedestre,"","",Dupla,Canal,"",""
2635,2019-03-26T00:00:00,09:29:00,SEM VÍTIMA,FINALIZADA,CORDEIRO,RUA GOMES TABORDA,"",RUA PAES CABRAL,PRÓX AO MARTELINHO DE OURO,RUA GOMES TABORDA,"",PRÓX AO MARTELINHO DE OURO,CORDEIRO,,"",ABALROAMENTO TRANSVERSAL,AUTO E MOTO,1,1,,,,,,,,0,,Cruzamento,Bom,Não existe,Perfeito estado,Seca,Perfeito estado,Não existe,Placas Pare,40 km/h,Dupla,Faixa seccionada,"",""
2636,2019-03-26T00:00:00,09:32:00,SEM VÍTIMA,FINALIZADA,SANTO AMARO,AV GOVERNADOR AGAMENON MAGALHAES,"","",EM FRENTE AO POSTO PETROBRAS,AV GOVERNADOR AGAMENON MAGALHAES,"",EM FRENTE AO POSTO PETROBRAS,SANTO AMARO,,CIDADE,ABALROAMENTO LONGITUDINAL,COLISÃO SEM VITIMAS,1,,,,,,1,,,0,,Longo da via,Bom,Sem defeito,Perfeito estado,Seca,Perfeito estado,Faixa de pedestre,Não há placas,60 km/h,Dupla,Canteiro central,"",""
2637,2019-03-26T00:00:00,09:36:00,COM VÍTIMA,FINALIZADA,IBURA,AV DOIS RIOS,790,"",EM FRENTE A VIDRAÇARIA RF E A IGREJA PRESBITERIANA CASA SUA E AQUARIUS PET SHOP.,AV DOIS RIOS,790,EM FRENTE A VIDRAÇARIA RF E A IGREJA PRESBITERIANA CASA SUA E AQUARIUS PET SHOP.,IBURA,,CIDADE,COLISÃO FRONTAL,COLISÃO ENTRE CAMIONETA E MOTOCICLETA.,1,1,,,,,,,,1,,Longo da via,Chuvoso,Não existe,Não existente,Seca,Perfeito estado,Não existe,Não há placas,60 km/h,Dupla,Faixa,"",""
2638,2019-03-26T00:00:00,09:59:00,SEM VÍTIMA,FINALIZADA,BOA VIAGEM,AVENIDA CELSO FURTADO (VIA MANGUE),"","",SOBRE O VIADUTO VIA MANGUE,AVENIDA CELSO FURTADO (VIA MANGUE),"",SOBRE O VIADUTO VIA MANGUE,BOA VIAGEM,,SUBURBIO,COLISÃO TRASEIRA,SEM VITIMAS,3,,,,,,,,,0,,Viaduto,Bom,Não existe,Perfeito estado,Seca,Perfeito estado,Não existe,Outras,"",Dupla,Canteiro central,"",""
2639,2019-03-26T00:00:00,10:38:00,COM VÍTIMA,FINALIZADA,SÃO JOSÉ,RUA IMPERIAL,1553,"",EM FRENTE A JUNTA COMERCIAL,RUA IMPERIAL,1553,EM FRENTE A JUNTA COMERCIAL,SÃO JOSÉ,,SUBURBIO,COLISÃO TRASEIRA,COLISÃO ENTRE AUTOMÓVEL E MOTOCICLETA.,1,1,,,,,,,,1,,Longo da via,Bom,Não existe,Perfeito estado,Seca,Perfeito estado,Não existe,Não há placas,"",Única,Faixa,"",""
2640,2019-03-26T00:00:00,11:03:00,SEM VÍTIMA,FINALIZADA,IMBIRIBEIRA,AV MARECHAL MASCARENHAS DE MORAES,4490,"",ESTACIONAMENTO SANPARK,AV MARECHAL MASCARENHAS DE MORAES,4490,ESTACIONAMENTO SANPARK,IMBIRIBEIRA,,SUBURBIO,COLISÃO TRASEIRA,COLISÃO SEM VITIMAS,2,,,,,,,,,0,,"",Bom,Não existe,Perfeito estado,Seca,Perfeito estado,Não existe,Não há placas,60 km/h,Única,Canteiro central,"",""
2641,2019-03-26T00:00:00,11:18:00,SEM VÍTIMA,FINALIZADA,PINA,AV HERCULANO BANDEIRA,840,"",PASTELARIA DA AVENIDA,AV HERCULANO BANDEIRA,840,PASTELARIA DA AVENIDA,PINA,,SUBURBIO,COLISÃO TRASEIRA,SEM VITIMAS,2,,,,,,,,,0,,Longo da via,Bom,Não existe,Perfeito estado,Seca,Perfeito estado,Não existe,Não há placas,60 km/h,Única,Faixa seccionada,"",""
2642,2019-03-26T00:00:00,11:22:00,SEM VÍTIMA,FINALIZADA,MADALENA,RUA REAL DA TORRE,651,"","",RUA REAL DA TORRE,651,"",MADALENA,,SUBURBIO,ABALROAMENTO LONGITUDINAL,COLISÃO SEM VITIMAS,2,,,,,,,,,0,,Longo da via,Bom,Sem defeito,Perfeito estado,Seca,Perfeito estado,Não existe,Outras,"",Dupla,Não existe,"",""
2643,2019-03-26T00:00:00,12:49:00,SEM VÍTIMA,CANCELADA,BOA VIAGEM,RUA CARLOS PEREIRA FALCAO,464,"",EM FRENTE A ACADEMIA MATCH HIT,RUA CARLOS PEREIRA FALCAO,464,EM FRENTE A ACADEMIA MATCH HIT,BOA VIAGEM,,"",COLISÃO,COLISÃO SEM VÍTIMA,3,,,,,,,,,0,,"","","","","","","","","","","","",""
2644,2019-03-26T00:00:00,12:50:00,SEM VÍTIMA,CANCELADA,JARDIM SÃO PAULO,RUA CAMPINAS,103,"",E/F AO POSTO TOTAL,RUA CAMPINAS,103,E/F AO POSTO TOTAL,JARDIM SÃO PAULO,,"",COLISÃO,COLISAO ENTRE AUTO E MOTO S/V,1,1,,,,,,,,0,,"","","","","","","","","","","","",""
2645,2019-03-26T00:00:00,13:01:00,SEM VÍTIMA,CANCELADA,BOA VIAGEM,RUA CAMBOIM,140,RUA SARGENTO MELO JUNIOR,EM FRENTE AO EDIFICIO ESPAÑA,RUA CAMBOIM,140,EM FRENTE AO EDIFICIO ESPAÑA,BOA VIAGEM,,"",COLISÃO,COLISÃO SEM VÍTIMA,2,,,,,,,,,0,,"","","","","","","","","","","","",""
2646,2019-03-26T00:00:00,13:13:00,SEM VÍTIMA,FINALIZADA,VASCO DA GAMA,RUA VASCO DA GAMA,1108,"",PROXIMO A DELEGACIA DO VASCO,RUA VASCO DA GAMA,1108,PROXIMO A DELEGACIA DO VASCO,VASCO DA GAMA,,CIDADE,ABALROAMENTO LONGITUDINAL,COLISÃO SEM VÍTIMA,1,,,,,1,,,,0,,Longo da via,Chuvoso,Não existe,Perfeito estado,Molhada,Perfeito estado,Não existe,Outras,"",Dupla,Não existe,"",""
2647,2019-03-26T00:00:00,13:15:00,SEM VÍTIMA,FINALIZADA,CABANGA,RUA CAPITAO TEMUDO,"","",EM FRENTE AO Nº 130,RUA CAPITAO TEMUDO,"",EM FRENTE AO Nº 130,CABANGA,,"",ABALROAMENTO LONGITUDINAL,ENTRE AUTOS S/V.,2,,,,,,,,,0,,Longo da via,Chuvoso,Não existe,Incompleta,Molhada,Mal conservada,"",Placas Pare,"",Única,Não existe,"",""
2648,2019-03-26T00:00:00,13:48:00,SEM VÍTIMA,FINALIZADA,CAJUEIRO,RUA NOVA BETANEA,"",RUA BELO HORIZONTE,"",RUA NOVA BETANEA,"","",CAJUEIRO,,SUBURBIO,ABALROAMENTO TRANSVERSAL,COLISÃO SEM VITIMAS,2,,,,,,,,,0,,Cruzamento,Chuvoso,Não existe,Perfeito estado,Seca,Perfeito estado,Não existe,Não há placas,40 km/h,Dupla,Não existe,"",""
2649,2019-03-26T00:00:00,13:58:00,SEM VÍTIMA,FINALIZADA,PINA,AV HERCULANO BANDEIRA,1001,"",ENTRE O ATACADO DA CONSTRUÇÃO,AV HERCULANO BANDEIRA,1001,ENTRE O ATACADO DA CONSTRUÇÃO,PINA,,SUBURBIO,ABALROAMENTO LONGITUDINAL,COLISAO ENTRE DOIS VEICULOS E MOTO S/V,2,1,,,,,,,,0,,Longo da via,Chuvoso,Não existe,Perfeito estado,Molhada,Perfeito estado,Faixa de pedestre,Não há placas,"",Única,Faixa contínua,"",""
2650,2019-03-26T00:00:00,14:03:00,SEM VÍTIMA,FINALIZADA,SANTO AMARO,AV JOAO DE BARROS,"","",EM FRENTE A CELPE,AV JOAO DE BARROS,"",EM FRENTE A CELPE,SANTO AMARO,,CIDADE,COLISÃO TRASEIRA,COLISÃO SEM VITIMAS,1,,,,,,,1,,0,,Longo da via,Chuvoso,Sem defeito,Perfeito estado,Molhada,Perfeito estado,Não existe,Não há placas,"",Única,Faixa seccionada,"",""
2651,2019-03-26T00:00:00,14:34:00,SEM VÍTIMA,FINALIZADA,IPUTINGA,AV JORNALISTA POSSIDONIO CAVALCANTI BASTOS,675,EST DO BARBALHO,"",AV JORNALISTA POSSIDONIO CAVALCANTI BASTOS,675,"",IPUTINGA,,"",ABALROAMENTO LONGITUDINAL,COLISÃO SEM VITIMAS,,1,,,,,,,1,0,,"",Chuvoso,Não existe,Não existente,Molhada,Perfeito estado,Não existe,Não há placas,"",Dupla,Não existe,"",""
2652,2019-03-26T00:00:00,14:49:00,COM VÍTIMA,CANCELADA,JORDÃO,AV JULIO CESAR,97A,"",EM FRENTE A EMPRESA SUA MAJESTADE E PROXIMO A SAIDA DO JORDÃO,AV JULIO CESAR,97A,EM FRENTE A EMPRESA SUA MAJESTADE E PROXIMO A SAIDA DO JORDÃO,JORDÃO,,"",COLISÃO,COLISÃO COM VÍTIMA,1,1,,,,,,,,1,,"","","","","","","","","","","","",""
2653,2019-03-26T00:00:00,14:56:00,COM VÍTIMA,CANCELADA,BOA VIAGEM,AV BOA VIAGEM,342,"",EDIF. JOÃO ERACLIO,AV BOA VIAGEM,342,EDIF. JOÃO ERACLIO,BOA VIAGEM,,"",ACID. DE PERCURSO,"MOTOCICLISTA ASSUSTOU-SE COM UM VEICULO QUE FEZ ULTRAPASSAGEM, O FAZENDO PERDER O CONTROLE.",,1,,,,,,,,1,,"","","","","","","","","","","","",""