_id,DATA,hora,natureza_acidente,situacao,bairro,endereco,numero,detalhe_endereco_acidente,complemento,endereco_cruzamento,numero_cruzamento,referencia_cruzamento,bairro_cruzamento,num_semaforo,sentido_via,tipo,descricao,auto,moto,ciclom,ciclista,pedestre,onibus,caminhao,viatura,outros,vitimas,vitimasfatais,acidente_verificado,tempo_clima,situacao_semaforo,sinalizacao,condicao_via,conservacao_via,ponto_controle,situacao_placa,velocidade_max_via,mao_direcao,divisao_via1,divisao_via2,divisao_via3
2654,2019-03-26T00:00:00,15:08:00,SEM VÍTIMA,FINALIZADA,TAMARINEIRA,RUA CONEGO BARATA,"",RUA SILVEIRA LIRA,EM FRENTE AO RESTAURANTE AROMA,RUA CONEGO BARATA,"",EM FRENTE AO RESTAURANTE AROMA,TAMARINEIRA,,"",COLISÃO TRASEIRA,ENTRE AUTOS S/V.,2,,,,,,,,,0,,"",Chuvoso,Não existe,Perfeito estado,Seca,Perfeito estado,Não existe,Não há placas,"",Dupla,Canteiro central,"",""
2655,2019-03-26T00:00:00,15:22:00,COM VÍTIMA,FINALIZADA,IPSEP,AV RECIFE,1277,RUA PINTOR LULA CARDOSO AYRES,PRÓX AO SAL E BRASA,AV RECIFE,1277,PRÓX AO SAL E BRASA,IPSEP,,SUBURBIO,ABALROAMENTO TRANSVERSAL,COLISÃO ENTRE CAMIONETA E MOTOCICLETA.,1,1,,,,,,,,1,,Cruzamento,Chuvoso,Com defeito,Perfeito estado,Molhada,Perfeito estado,Não existe,Placas Pare,60 km/h,Única,Canteiro central,"",""
2656,2019-03-26T00:00:00,15:57:00,SEM VÍTIMA,FINALIZADA,CORDEIRO,AV CAXANGA,"",RUA GENERAL CANDIDO BORGES CASTELO BRANCO,3455,AV CAXANGA,"",3455,CORDEIRO,229,CIDADE,ABALROAMENTO LONGITUDINAL,COLISAO ENTRE AUTO E MOTO S/V,1,1,,,,,,,,0,,Cruzamento,Chuvoso,Sem defeito,Perfeito estado,Molhada,Perfeito estado,Faixa de pedestre,Outras,"",Única,Faixa seccionada,"",""
2657,2019-03-26T00:00:00,16:39:00,SEM VÍTIMA,FINALIZADA,CAXANGÁ,AV JOAQUIM RIBEIRO,"",RUA RIBEIRO PESSOA,EM FRENTE A UPA DA CAXANGÁ,AV JOAQUIM RIBEIRO,"",EM FRENTE A UPA DA CAXANGÁ,CAXANGÁ,281,CIDADE,ABALROAMENTO LONGITUDINAL,SEM VITIMA,1,1,,,,,,,,0,,Cruzamento,Bom,Sem defeito,Perfeito estado,Seca,Perfeito estado,Faixa de pedestre,Outras,"",Dupla,Faixa seccionada,Canteiro central,""
2658,2019-03-26T00:00:00,17:05:00,SEM VÍTIMA,FINALIZADA,PINA,AV CONSELHEIRO AGUIAR,857,RUA ATLANTICO,E/F BARBEARIA TROIS,AV CONSELHEIRO AGUIAR,857,E/F BARBEARIA TROIS,PINA,,CIDADE,ABALROAMENTO LONGITUDINAL,COLISAO ENTRE DOIS AUTOS S/V,2,,,,,,,,,0,,Cruzamento,Bom,Não existe,Perfeito estado,Seca,Perfeito estado,Outros,R-6a,60 km/h,Única,Faixa seccionada,"",""
2659,2019-03-26T00:00:00,17:12:00,SEM VÍTIMA,CANCELADA,MADALENA,RUA RENATO DE MEDEIROS,92,"",AO LADO DA ASTRAL VEÍCULOS,RUA RENATO DE MEDEIROS,92,AO LADO DA ASTRAL VEÍCULOS,MADALENA,,"",COLISÃO,COLISÃO SEM VÍTIMA,2,,,,,,,,,0,,"","","","","","","","","","","","",""
2660,2019-03-26T00:00:00,17:29:00,SEM VÍTIMA,FINALIZADA,PINA,AV DR DIRCEU VELLOSO TOSCANO DE BRITO,294,"",MC IMOVEIS PLANEJADOS E MARCENARIA,AV DR DIRCEU VELLOSO TOSCANO DE BRITO,294,MC IMOVEIS PLANEJADOS E MARCENARIA,PINA,,SUBURBIO,ABALROAMENTO LONGITUDINAL,COLISÃO SEM VÍTIMA,,,,,,1,,1,,0,,Longo da via,Bom,Não existe,Ilegível,Seca,Perfeito estado,Não existe,Não há placas,"",Única,Não existe,"",""
2661,2019-03-26T00:00:00,17:48:00,COM VÍTIMA,FINALIZADA,SANTO AMARO,AV DR JAYME DA FONTE,"","",EM FRENTE AO CAMPO DO ONZE,AV DR JAYME DA FONTE,"",EM FRENTE AO CAMPO DO ONZE,SANTO AMARO,,CIDADE,ATROPELAMENTO,ATROPELAMENTO ENTRE MOTOCICLETA E PEDESTRE.,,1,,,1,,,,,1,,Longo da via,Bom,Não existe,Perfeito estado,Seca,Perfeito estado,Não existe,Não há placas,"",Dupla,Canteiro central,"",""
2662,2019-03-26T00:00:00,17:53:00,SEM VÍTIMA,FINALIZADA,IPSEP,RUA JEAN EMILE FAVRE,"",RUA MACHADO DE ASSIS,"",RUA JEAN EMILE FAVRE,"","",IPSEP,,SUBURBIO,ABALROAMENTO LONGITUDINAL,COLISÃO SEM VITIMAS,2,,,,,,,,,0,,Cruzamento,Bom,Não existe,Perfeito estado,Seca,Perfeito estado,"","","",Dupla,Faixa seccionada,"",""
2663,2019-03-26T00:00:00,18:33:00,SEM VÍTIMA,CANCELADA,ESPINHEIRO,RUA MARQUES DO PARANA,1350,AV JOAO DE BARROS,ENF A GALERIA ALAMEDA DAS OLIVEIRAS,RUA MARQUES DO PARANA,1350,ENF A GALERIA ALAMEDA DAS OLIVEIRAS,ESPINHEIRO,,"",COLISÃO,VOYAGE X SAVEIRO,2,,,,,,,,,0,,"","","","","","","","","","","","",""
2664,2019-03-26T00:00:00,19:01:00,SEM VÍTIMA,FINALIZADA,ARRUDA,RUA ZEFERINO AGRA,843,RUA DAS MOCAS,EM FRENTE A FARMACIA SANTO ANTONIO,RUA ZEFERINO AGRA,843,EM FRENTE A FARMACIA SANTO ANTONIO,ARRUDA,,"",ABALROAMENTO TRANSVERSAL,COLISÃO SEM VITIMAS,2,,,,,,,,,0,,Cruzamento,Bom,Não existe,Incompleta,Seca,"",Não existe,Não há placas,"",Dupla,Faixa contínua,"",""
2665,2019-03-26T00:00:00,21:35:00,SEM VÍTIMA,CANCELADA,CIDADE UNIVERSITÁRIA,AV REITOR JOAQUIM AMAZONAS,"","",ENF AO RESTAURANTE R.U NA ESQUINA DO CENTRO E ARTE,AV REITOR JOAQUIM AMAZONAS,"",ENF AO RESTAURANTE R.U NA ESQUINA DO CENTRO E ARTE,CIDADE UNIVERSITÁRIA,,"",COLISÃO,PRISMA X PALIO,2,,,,,,,,,0,,"","","","","","","","","","","","",""
2666,2019-03-26T00:00:00,21:39:00,SEM VÍTIMA,FINALIZADA,CAJUEIRO,AV BEBERIBE,"","",AO LADO DA PRAÇA DR ALBERTO WANDERLEY,AV BEBERIBE,"",AO LADO DA PRAÇA DR ALBERTO WANDERLEY,CAJUEIRO,,SUBURBIO,COLISÃO TRASEIRA,COLISÃO SEM VITIMAS,2,,,,,,,,,0,,Longo da via,Bom,Não existe,Perfeito estado,Seca,Perfeito estado,"",Não há placas,40 km/h,Dupla,Canteiro central,"",""
2667,2019-03-26T00:00:00,22:53:00,SEM VÍTIMA,FINALIZADA,PINA,RUA ARQUITETO AUGUSTO REINALDO,"",AV ANTONIO DE GOES,AO LADO DA BMW SAEL,RUA ARQUITETO AUGUSTO REINALDO,"",AO LADO DA BMW SAEL,PINA,,SUBURBIO,ABALROAMENTO LONGITUDINAL,VOYAGE X HONDA FIT,2,,,,,,,,,0,,"",Bom,Não existe,Incompleta,Seca,Perfeito estado,Não existe,Não há placas,"",Única,Não existe,"",""
2668,2019-03-27T00:00:00,04:17:00,SEM VÍTIMA,FINALIZADA,ESPINHEIRO,AV JOAO DE BARROS,"",RUA DO ESPINHEIRO,EM FRENTE AO EXTRA,AV JOAO DE BARROS,"",EM FRENTE AO EXTRA,ESPINHEIRO,89,SUBURBIO,COLISÃO TRASEIRA,COLISÃO ENTRE AUTO E CAMINHÃO S/V,1,,,,,,1,,,0,,Cruzamento,Chuvoso,"",Perfeito estado,Molhada,Perfeito estado,Faixa de pedestre,R-6a,40 km/h,Única,"","",""
2669,2019-03-27T00:00:00,07:34:00,SEM VÍTIMA,FINALIZADA,SÃO JOSÉ,RUA IMPERIAL,2110,"",E/F A SECRETARIA DA FAZENDA,RUA IMPERIAL,2110,E/F A SECRETARIA DA FAZENDA,SÃO JOSÉ,,SUBURBIO,ABALROAMENTO LONGITUDINAL,SEM VÍTIMAS,1,,,,,,1,,,0,,Longo da via,Bom,Não existe,Perfeito estado,Seca,Mal conservada,Outros,Outras,"",Única,Não existe,"",""
2670,2019-03-27T00:00:00,07:35:00,COM VÍTIMA,FINALIZADA,BOA VIAGEM,RUA SERINHAEM,93,"",PROX AO EDIFICIO HOLIDAY,RUA SERINHAEM,93,PROX AO EDIFICIO HOLIDAY,BOA VIAGEM,,"",ABALROAMENTO LONGITUDINAL,COLISÃO COM VITIMA SOCORRIDO PELO SAMU,1,1,,,,,,,,1,,Longo da via,Bom,"",Não existente,Seca,Perfeito estado,Não existe,Não há placas,30 km/h,Dupla,Não existe,"",""
2671,2019-03-27T00:00:00,07:36:00,SEM VÍTIMA,FINALIZADA,BONGI,AV ENGENHEIRO ABDIAS DE CARVALHO,"","",NO SEMAFORO 422,AV ENGENHEIRO ABDIAS DE CARVALHO,"",NO SEMAFORO 422,BONGI,422,CIDADE,COLISÃO TRASEIRA,DOIS AUTOS PONTO FIXO,2,,,,,,,,,0,,Longo da via,Chuvoso,Sem defeito,Perfeito estado,Molhada,Perfeito estado,Faixa de pedestre,Não há placas,60 km/h,Dupla,Canteiro central,"",""
2672,2019-03-27T00:00:00,08:30:00,SEM VÍTIMA,FINALIZADA,AREIAS,RUA IPOJUCA,229,"",AO LADO DA ESCOLA MUNICIPAL DE AREIAS,RUA IPOJUCA,229,AO LADO DA ESCOLA MUNICIPAL DE AREIAS,AREIAS,,SUBURBIO,COLISÃO TRASEIRA,SEM VÍTIMAS,2,,,,,,,,,0,,Longo da via,Bom,Sem defeito,Perfeito estado,Seca,Perfeito estado,Não existe,Não há placas,"",Dupla,Não existe,"",""
2673,2019-03-27T00:00:00,08:56:00,COM VÍTIMA,FINALIZADA,CAMPO GRANDE,EST DE BELEM,190,"",EM FRENTE A IGREJA DE BELEM. EDF JULIO II,EST DE BELEM,190,EM FRENTE A IGREJA DE BELEM. EDF JULIO II,CAMPO GRANDE,,SUBURBIO,ATROPELAMENTO,AUTO E PEDESTRE,1,,,,1,,,,,1,,Longo da via,Bom,Não existe,Perfeito estado,Seca,Perfeito estado,Não existe,R-6a,"",Dupla,Faixa contínua,"",""
2674,2019-03-27T00:00:00,09:05:00,COM VÍTIMA,FINALIZADA,CAMPO GRANDE,RUA MADRE ROSA GATTORNO,107,1TR MARQUES DE BAIPENDI,RESIDENCIA PROX A ANTIGA FABRICA DA COCA COLA,RUA MADRE ROSA GATTORNO,107,RESIDENCIA PROX A ANTIGA FABRICA DA COCA COLA,CAMPO GRANDE,,CIDADE,COLISÃO COM CICLISTA,VITIMA SOCORRIDO PELO SAMU,1,,,1,,,,,,1,,Cruzamento,Chuvoso,Não existe,Ilegível,Seca,Perfeito estado,Não existe,Não há placas,"",Dupla,"","",""
2675,2019-03-27T00:00:00,09:38:00,SEM VÍTIMA,FINALIZADA,ENCRUZILHADA,AV NORTE,"","",EM FRENTE A NISSAN,AV NORTE,"",EM FRENTE A NISSAN,ENCRUZILHADA,,CIDADE,COLISÃO TRASEIRA,ONIBUS E AUTO,1,,,,,1,,,,0,,Longo da via,Bom,Sem defeito,Perfeito estado,Seca,Perfeito estado,Agente,Não há placas,"",Dupla,Canteiro central,"",""
2676,2019-03-27T00:00:00,09:41:00,SEM VÍTIMA,CANCELADA,IMBIRIBEIRA,RUA ITAMARACA,"","",EM FRENTE A LOJA SIDERAL,RUA ITAMARACA,"",EM FRENTE A LOJA SIDERAL,IMBIRIBEIRA,,PRAZERES,COLISÃO,COLISÃO SEM VITIMAS,1,,,,,,1,,,0,,"","","","","","","","","","","","",""
2677,2019-03-27T00:00:00,11:07:00,SEM VÍTIMA,FINALIZADA,BOA VIAGEM,RUA VISCONDE DE JEQUITINHONHA,2686,"",EM FRENTE AO EDIFICIO PLAZA NIRÓ,RUA VISCONDE DE JEQUITINHONHA,2686,EM FRENTE AO EDIFICIO PLAZA NIRÓ,BOA VIAGEM,,SUBURBIO,COLISÃO TRASEIRA,COLISÃO SEM VITIMAS,2,,,,,,1,,,0,,Longo da via,Chuvoso,Não existe,Perfeito estado,Molhada,Perfeito estado,Não existe,Outras,60 km/h,Única,Canteiro central,"",""
2678,2019-03-27T00:00:00,11:28:00,COM VÍTIMA,CANCELADA,BOA VIAGEM,RUA ERNESTO DE PAULA SANTOS,"",RUA AMALIA BERNARDINO DE SOUZA,E/F AO POSTO BR,RUA ERNESTO DE PAULA SANTOS,"",E/F AO POSTO BR,BOA VIAGEM,,"",COLISÃO,COM UMA VÍTIMA JÁ SOCORRIDA PELO SAMU,1,1,,,,,,,,1,,"","","","","","","","","","","","",""
2679,2019-03-27T00:00:00,11:30:00,SEM VÍTIMA,FINALIZADA,BOA VIAGEM,RUA FELIX DE BRITO E MELO,1617,RUA DOS NAVEGANTES,"",RUA FELIX DE BRITO E MELO,1617,"",BOA VIAGEM,,"",ABALROAMENTO TRANSVERSAL,DOIS AUTOS,2,,,,,,,,,0,,Cruzamento,Bom,Não existe,Perfeito estado,Seca,Perfeito estado,Não existe,Placas Pare,"",Única,Não existe,"",""
2680,2019-03-27T00:00:00,11:55:00,COM VÍTIMA,FINALIZADA,CASA FORTE,AV DEZESSETE DE AGOSTO,1712,"",EM FRENTE A EXTRAFARMA,AV DEZESSETE DE AGOSTO,1712,EM FRENTE A EXTRAFARMA,CASA FORTE,469,SUBURBIO,ABALROAMENTO LONGITUDINAL,CAMINHÃO E AUTO,1,,,,,,1,,,1,,Longo da via,Bom,Sem defeito,Perfeito estado,Seca,Perfeito estado,Faixa de pedestre,R-6a,60 km/h,Dupla,Faixa contínua,"",""
2681,2019-03-27T00:00:00,12:09:00,SEM VÍTIMA,FINALIZADA,COQUEIRAL,RUA PLANURA,160,"",3º TRAVESSA DA PLANURA,RUA PLANURA,160,3º TRAVESSA DA PLANURA,COQUEIRAL,,"",COLISÃO TRASEIRA,COLISÃO SEM VÍTIMA,1,,,,,,1,,,0,,"",Bom,Não existe,Não existente,Seca,Perfeito estado,Não existe,R-6a,"",Dupla,Não existe,"",""
2682,2019-03-27T00:00:00,12:51:00,SEM VÍTIMA,FINALIZADA,BOA VIAGEM,RUA DOS NAVEGANTES,3312,"",EDF SAINT MOKITZ,RUA DOS NAVEGANTES,3312,EDF SAINT MOKITZ,BOA VIAGEM,,SUBURBIO,COLISÃO TRASEIRA,ENTRE DOIS AUTOS S/V,2,,,,,,,,,0,,Longo da via,Bom,Não existe,Perfeito estado,Seca,Perfeito estado,Não existe,Não há placas,"",Dupla,Não existe,"",""
2683,2019-03-27T00:00:00,12:55:00,SEM VÍTIMA,FINALIZADA,PARNAMIRIM,AV PARNAMIRIM,"","",EM FRENTE AO SERPRO,AV PARNAMIRIM,"",EM FRENTE AO SERPRO,PARNAMIRIM,,CIDADE,COLISÃO TRASEIRA,COLISAO ENTRE DOIS AUTOS S/V,2,,,,,,,,,0,,Longo da via,Bom,Sem defeito,Perfeito estado,Seca,Perfeito estado,Faixa de pedestre,R-6a,"",Única,Faixa seccionada,"",""
2684,2019-03-27T00:00:00,13:42:00,SEM VÍTIMA,FINALIZADA,PINA,RUA CACILDA IOLANDA PORCIUNCULA,"",AV ANTONIO DE GOES,POLICIA RODOVIÁRIA FEDERAL,RUA CACILDA IOLANDA PORCIUNCULA,"",POLICIA RODOVIÁRIA FEDERAL,PINA,,CIDADE,COLISÃO TRASEIRA,COLISÃO SEM VÍTIMA,2,,,,,,,,,0,,Longo da via,Bom,Não existe,Incompleta,Seca,Perfeito estado,Não existe,Placas Pare,"",Única,Faixa seccionada,"",""
2685,2019-03-27T00:00:00,14:18:00,SEM VÍTIMA,FINALIZADA,ESPINHEIRO,RUA AMELIA,707,"",EDF COSTA AZEVEDO,RUA AMELIA,707,EDF COSTA AZEVEDO,ESPINHEIRO,,CIDADE,COLISÃO TRASEIRA,ENTRE AUTOS S/V.,2,,,,,,,,,0,,Longo da via,Bom,Não existe,Perfeito estado,Seca,Perfeito estado,Não existe,R-6a,40 km/h,Única,Faixa seccionada,"",""
2686,2019-03-27T00:00:00,14:40:00,SEM VÍTIMA,FINALIZADA,BEBERIBE,AV BEBERIBE,"","",EM FRENTE A LOJA BOTICARIO,AV BEBERIBE,"",EM FRENTE A LOJA BOTICARIO,BEBERIBE,,CIDADE,COLISÃO TRASEIRA,COLISAO ENTRE DOIS AUTOS S/V,2,,,,,,,,,0,,Longo da via,Bom,Não existe,"",Seca,Perfeito estado,Não existe,Outras,"",Dupla,"","",""
2687,2019-03-27T00:00:00,14:46:00,SEM VÍTIMA,FINALIZADA,SANTO AMARO,AV GOVERNADOR AGAMENON MAGALHAES,"","",EM FRENTE A UPE/ SENTIDO OLINDA,AV GOVERNADOR AGAMENON MAGALHAES,"",EM FRENTE A UPE/ SENTIDO OLINDA,SANTO AMARO,,SUBURBIO,ABALROAMENTO TRANSVERSAL,COLISÃO COM VÍTIMA,1,1,,,,,,,,0,,Longo da via,Chuvoso,Não existe,Perfeito estado,Molhada,Perfeito estado,Não existe,Outras,"",Dupla,Canteiro central,"",""
2688,2019-03-27T00:00:00,15:01:00,SEM VÍTIMA,FINALIZADA,BAIRRO DO RECIFE,PTE DO LIMOEIRO,"","",SOBRE A PONTE,PTE DO LIMOEIRO,"",SOBRE A PONTE,BAIRRO DO RECIFE,243,SUBURBIO,COLISÃO TRASEIRA,COLISÃO SEM VÍTIMA,2,,,,,,,,,0,,Ponte,Chuvoso,Sem defeito,Perfeito estado,Seca,Perfeito estado,Faixa de pedestre,Outras,60 km/h,Dupla,Faixa contínua,"",""
2689,2019-03-27T00:00:00,15:42:00,SEM VÍTIMA,FINALIZADA,MADALENA,EST DOS REMEDIOS,2416,"",EM FRENTE À POLICLÍNICA LESSA DE ANDRADE,EST DOS REMEDIOS,2416,EM FRENTE À POLICLÍNICA LESSA DE ANDRADE,MADALENA,353,CIDADE,COLISÃO TRASEIRA,AUTO X MOTO S/V,1,1,,,,,,,,0,,Longo da via,Bom,Sem defeito,Perfeito estado,Seca,Perfeito estado,Agente,Outras,"",Única,Faixa seccionada,"",""
2690,2019-03-27T00:00:00,15:44:00,SEM VÍTIMA,FINALIZADA,IBURA,RUA PINTOR AGENOR DE ALBUQUERQUE CESAR,"","",EM FRENTE AO Nº 260,RUA PINTOR AGENOR DE ALBUQUERQUE CESAR,"",EM FRENTE AO Nº 260,IBURA,,SUBURBIO,CHOQUE VEÍCULO PARADO,COLISAO ENTRE ONIBUS E AUTO S/V,,,,,,1,,,,0,,Longo da via,Bom,Não existe,Perfeito estado,Seca,Perfeito estado,"",Não há placas,"",Dupla,Não existe,"",""
2691,2019-03-27T00:00:00,15:51:00,SEM VÍTIMA,CANCELADA,VÁRZEA,RUA BARAO DE MURIBECA,"","",EM FRENTE AO GRUPO CORNELIO BRENNAND,RUA BARAO DE MURIBECA,"",EM FRENTE AO GRUPO CORNELIO BRENNAND,VÁRZEA,,"",COLISÃO,ENTRE AUTO E CARRETA S/V,,,,,,,,,,0,,"","","","","","","","","","","","",""
2692,2019-03-27T00:00:00,15:58:00,SEM VÍTIMA,FINALIZADA,CABANGA,VIADUTO CAPITAO TEMUDO,"","",SOBRE O VIADUTO,VIADUTO CAPITAO TEMUDO,"",SOBRE O VIADUTO,CABANGA,,SUBURBIO,ABALROAMENTO LONGITUDINAL,ENTRE TRES AUTOS S/V,3,,,,,,,,,0,,Viaduto,Bom,Não existe,Perfeito estado,Seca,Perfeito estado,Não existe,Não há placas,60 km/h,Dupla,Outros,"",""
2693,2019-03-27T00:00:00,16:14:00,SEM VÍTIMA,FINALIZADA,ÁGUA FRIA,RUA DO MACHADO,826,"","",RUA DO MACHADO,826,"",ÁGUA FRIA,,CIDADE,ABALROAMENTO LONGITUDINAL,COLISÃO SEM VÍTIMA,1,,,,,1,,,,0,,Longo da via,Bom,Não existe,Perfeito estado,Seca,Perfeito estado,Não existe,Outras,30 km/h,Dupla,Faixa contínua,"",""
2694,2019-03-27T00:00:00,16:42:00,SEM VÍTIMA,FINALIZADA,IMBIRIBEIRA,AV MARECHAL MASCARENHAS DE MORAES,"","",POSTO PETROBRAS,AV MARECHAL MASCARENHAS DE MORAES,"",POSTO PETROBRAS,IMBIRIBEIRA,,SUBURBIO,ABALROAMENTO LONGITUDINAL,COLISÃO SEM VÍTIMA,1,2,,,,,,,,0,,Longo da via,Bom,Sem defeito,Perfeito estado,Seca,Perfeito estado,Faixa de pedestre,Outras,"",Dupla,Faixa contínua,Canteiro central,""
2695,2019-03-27T00:00:00,16:47:00,SEM VÍTIMA,FINALIZADA,ÁGUA FRIA,AV BEBERIBE,"","",APÓS O MERCADO SOBERANO,AV BEBERIBE,"",APÓS O MERCADO SOBERANO,ÁGUA FRIA,,SUBURBIO,COLISÃO TRASEIRA,ENTRE TRES AUTOS S/V,3,,,,,,,,,0,,Longo da via,Bom,Não existe,Perfeito estado,Seca,Perfeito estado,"",R-6a,"",Dupla,Faixa seccionada,"",""
2696,2019-03-27T00:00:00,16:56:00,SEM VÍTIMA,FINALIZADA,CORDEIRO,RUA PROFESSOR JOAQUIM XAVIER DE BRITO,"",RUA EURICO DE SOUZA LEAO,"",RUA PROFESSOR JOAQUIM XAVIER DE BRITO,"","",CORDEIRO,,CIDADE,ABALROAMENTO LONGITUDINAL,COLISÃO SEM VÍTIMA,2,,,,,,,,,0,,"",Bom,Não existe,Perfeito estado,Seca,Perfeito estado,Não existe,Placas Pare,"",Dupla,Não existe,"",""
2697,2019-03-27T00:00:00,17:02:00,SEM VÍTIMA,FINALIZADA,"",RUA BALTAZAR PASSOS,220,"",EM FRENTE A ACADEMIA TOPFIT,RUA BALTAZAR PASSOS,220,EM FRENTE A ACADEMIA TOPFIT,"",,"",ABALROAMENTO LONGITUDINAL,COLISÃO SEM VÍTIMA,1,,,,,,1,,,0,,Longo da via,Bom,Não existe,Perfeito estado,Seca,Perfeito estado,Faixa de pedestre,Outras,"",Única,Faixa seccionada,"",""
2698,2019-03-27T00:00:00,18:16:00,SEM VÍTIMA,FINALIZADA,TAMARINEIRA,EST DO ARRAIAL,"","",ENF A FARMACIA PAGUE MENOS,EST DO ARRAIAL,"",ENF A FARMACIA PAGUE MENOS,TAMARINEIRA,,"",COLISÃO TRASEIRA,TRES AUTO OBS:: VEICULOS NO ESTACIONAMENTO DA PAGUE MENOS,2,,,,,,,,,0,,Longo da via,Bom,Não existe,Perfeito estado,Seca,Perfeito estado,Não existe,Outras,"",Única,Faixa seccionada,"",""
2699,2019-03-27T00:00:00,18:18:00,COM VÍTIMA,CANCELADA,ÁGUA FRIA,RUA DR EUDES COSTA,451,"",EM FRENTE AO PASTEL DO BOLINHO,RUA DR EUDES COSTA,451,EM FRENTE AO PASTEL DO BOLINHO,ÁGUA FRIA,,"",COLISÃO,"COLISÃO COM VITIMA, AGUARDANDO NO LOCAL",1,1,,,,,,,,1,,"","","","","","","","","","","","",""
2700,2019-03-27T00:00:00,18:21:00,SEM VÍTIMA,FINALIZADA,ILHA DO LEITE,RUA PADRE VENANCIO,"",RUA DOS COELHOS,"",RUA PADRE VENANCIO,"","",ILHA DO LEITE,,CIDADE,ABALROAMENTO LONGITUDINAL,ONIBUS METROPOLITANA X CORSA,1,,,,,1,,,,0,,Cruzamento,Chuvoso,Não existe,Perfeito estado,Molhada,Perfeito estado,Não existe,R-6a,20 km/h,Dupla,Faixa seccionada,"",""
2701,2019-03-27T00:00:00,19:17:00,SEM VÍTIMA,FINALIZADA,ESPINHEIRO,RUA QUARENTA E OITO,739,"",PRT 6º REGIÃO,RUA QUARENTA E OITO,739,PRT 6º REGIÃO,ESPINHEIRO,,CIDADE,ABALROAMENTO LONGITUDINAL,SANDERO X PRISMA,2,,,,,,,,,0,,Longo da via,Chuvoso,Não existe,Perfeito estado,Molhada,Perfeito estado,Outros,Outras,"",Única,Faixa seccionada,"",""
2702,2019-03-27T00:00:00,19:25:00,SEM VÍTIMA,FINALIZADA,IMBIRIBEIRA,AV MARECHAL MASCARENHAS DE MORAES,"","",EM FRENTE AO POSTO BR,AV MARECHAL MASCARENHAS DE MORAES,"",EM FRENTE AO POSTO BR,IMBIRIBEIRA,,SUBURBIO,ABALROAMENTO LONGITUDINAL,COLISÃO SEM VITIMAS,1,,,,,,1,,,0,,Longo da via,Chuvoso,"",Perfeito estado,Molhada,Perfeito estado,Não existe,Não há placas,"",Dupla,Canteiro central,"",""
2703,2019-03-27T00:00:00,21:45:00,SEM VÍTIMA,FINALIZADA,SANTO AMARO,RUA TREZE DE MAIO,914,RUA FREI CASSIMIRO,"",RUA TREZE DE MAIO,914,"",SANTO AMARO,,CIDADE,ABALROAMENTO LONGITUDINAL,AUTO E MOTO,1,1,,,,,,,,0,,Cruzamento,Chuvoso,Não existe,Perfeito estado,Molhada,Perfeito estado,Não existe,Não há placas,40 km/h,Dupla,Faixa contínua,"",""
2704,2019-03-27T00:00:00,22:20:00,SEM VÍTIMA,FINALIZADA,PRADO,AV ENGENHEIRO ABDIAS DE CARVALHO,"","",POSTO DISLUB,AV ENGENHEIRO ABDIAS DE CARVALHO,"",POSTO DISLUB,PRADO,,CIDADE,ABALROAMENTO LONGITUDINAL,DOIS AUTO,2,,,,,,,,,0,,Longo da via,Chuvoso,"",Perfeito estado,Molhada,Perfeito estado,Outros,Outras,"",Dupla,Canteiro central,"",""
2705,2019-03-28T00:00:00,01:06:00,SEM VÍTIMA,FINALIZADA,IPSEP,AV RECIFE,"","","",AV RECIFE,"","",IPSEP,16,SUBURBIO,ABALROAMENTO TRANSVERSAL,"COLISÃO ENTRE DOIS AUTOS S/V, FIAT AROGO ESTÁ COM AS RODAS TRAVADAS IMPOSSIBILITANDO A RETIRADA DO VEÍCULO DO MEIO DO CRUZAMENTO",2,,,,,,,,,0,,Cruzamento,Chuvoso,Sem defeito,Perfeito estado,Molhada,Perfeito estado,Faixa de pedestre,R-6a,60 km/h,Dupla,Canteiro central,"",""
2706,2019-03-28T00:00:00,06:58:00,SEM VÍTIMA,CANCELADA,BOA VISTA,AV GOVERNADOR AGAMENON MAGALHAES,2860,"",EM FRENTE AO EDF MARIA CLARA,AV GOVERNADOR AGAMENON MAGALHAES,2860,EM FRENTE AO EDF MARIA CLARA,BOA VISTA,,BOA VIAGEM,COLISÃO,SEM VITIMAS,2,,,,,,,,,0,,"","","","","","","","","","","","",""
2707,2019-03-28T00:00:00,07:07:00,SEM VÍTIMA,CANCELADA,NOVA DESCOBERTA,AV VEREADOR OTACILIO AZEVEDO,"","",EM FRENTE AO COLEGIO ROTARY NOVA DESCOBERTA,AV VEREADOR OTACILIO AZEVEDO,"",EM FRENTE AO COLEGIO ROTARY NOVA DESCOBERTA,NOVA DESCOBERTA,,"",COLISÃO,COLISÃO SEM VITIMAS,1,1,,,,,,,,0,,"","","","","","","","","","","","",""
2708,2019-03-28T00:00:00,07:29:00,SEM VÍTIMA,FINALIZADA,"",AV MARECHAL MASCARENHAS DE MORAES,"","",POSTO PETROBRAS,AV MARECHAL MASCARENHAS DE MORAES,"",POSTO PETROBRAS,"",,SUBURBIO,ABALROAMENTO LONGITUDINAL,"",1,2,,,,,,,,0,,Longo da via,Bom,Sem defeito,Perfeito estado,Seca,Perfeito estado,Faixa de pedestre,"","",Dupla,Faixa contínua,Canteiro central,""