_id,DATA,hora,natureza_acidente,situacao,bairro,endereco,numero,detalhe_endereco_acidente,complemento,endereco_cruzamento,numero_cruzamento,referencia_cruzamento,bairro_cruzamento,num_semaforo,sentido_via,tipo,descricao,auto,moto,ciclom,ciclista,pedestre,onibus,caminhao,viatura,outros,vitimas,vitimasfatais,acidente_verificado,tempo_clima,situacao_semaforo,sinalizacao,condicao_via,conservacao_via,ponto_controle,situacao_placa,velocidade_max_via,mao_direcao,divisao_via1,divisao_via2,divisao_via3
2709,2019-03-28T00:00:00,07:50:00,SEM VÍTIMA,FINALIZADA,MADALENA,AV CAXANGA,"","",ESTAÇÃO ABOLIÇÃO ( BRT),AV CAXANGA,"",ESTAÇÃO ABOLIÇÃO ( BRT),MADALENA,264,CIDADE,ABALROAMENTO LONGITUDINAL,COLISÃO ENTRE ÔNIBUS E DOIS AUTOS PASSEIOS,2,,,,,1,,,,0,,Longo da via,Bom,Sem defeito,Perfeito estado,Seca,Perfeito estado,Faixa de pedestre,"","",Dupla,Canteiro central,"",""
2710,2019-03-28T00:00:00,08:04:00,SEM VÍTIMA,FINALIZADA,ROSARINHO,AV NORTE,3300,"",EM FRENTE AO Nº 3300,AV NORTE,3300,EM FRENTE AO Nº 3300,ROSARINHO,,"",CHOQUE OBJETO FIXO,VEÍCULO CHOCOU SE COM DIVISOR DE PISTA,1,,,,,,,,,0,,Longo da via,Chuvoso,Não existe,Perfeito estado,Seca,Perfeito estado,Não existe,Outras,"",Dupla,Canteiro central,"",""
2711,2019-03-28T00:00:00,08:12:00,SEM VÍTIMA,FINALIZADA,CORDEIRO,AV CAXANGA,3342,RUA DR NINA RODRIGUES,AO LADO DO BANCO SANTANDER,AV CAXANGA,3342,AO LADO DO BANCO SANTANDER,CORDEIRO,,CID/SUB,COLISÃO TRASEIRA,COLISÃO SEM VITIMAS,1,,,,,,1,,,0,,Longo da via,Nublado,Não existe,Perfeito estado,Seca,"",Não existe,Outras,"",Única,Faixa,"",""
2712,2019-03-28T00:00:00,08:47:00,SEM VÍTIMA,FINALIZADA,BOA VIAGEM,AV CONSELHEIRO AGUIAR,4010,"","",AV CONSELHEIRO AGUIAR,4010,"",BOA VIAGEM,,CIDADE,ABALROAMENTO LONGITUDINAL,COLISÃO SEM VITIMAS,1,,,,,1,,,,0,,Longo da via,Bom,"","","","",Não existe,R-6a,60 km/h,Única,Faixa seccionada,"",""
2713,2019-03-28T00:00:00,08:57:00,SEM VÍTIMA,FINALIZADA,CORDEIRO,AV GENERAL SAN MARTIN,1083,"",EM FRENTE AO CENTRO PAULO BREGARO,AV GENERAL SAN MARTIN,1083,EM FRENTE AO CENTRO PAULO BREGARO,CORDEIRO,,SUBURBIO,ABALROAMENTO LONGITUDINAL,CAMINHÃO E AUTO,1,,,,,,1,,,0,,Longo da via,Nublado,Sem defeito,Perfeito estado,Seca,Perfeito estado,Faixa de pedestre,Placas Pare,"",Dupla,Faixa contínua,Faixa seccionada,""
2714,2019-03-28T00:00:00,09:13:00,SEM VÍTIMA,FINALIZADA,BREJO DA GUABIRABA,AV VEREADOR OTACILIO AZEVEDO,1030,"","",AV VEREADOR OTACILIO AZEVEDO,1030,"",BREJO DA GUABIRABA,,"",ABALROAMENTO TRANSVERSAL,COLISÃO SEM VITIMAS.,1,1,,,,,,,,0,,Longo da via,Bom,Não existe,Não existente,Seca,Perfeito estado,Não existe,Não há placas,50 km/h,Dupla,Não existe,"",""
2715,2019-03-28T00:00:00,09:24:00,SEM VÍTIMA,CANCELADA,IPSEP,AV RECIFE,2662,"",MARTELINHO DE OURO,AV RECIFE,2662,MARTELINHO DE OURO,IPSEP,,SUBURBIO,COLISÃO,COLISÃO ENVOLVENDO AUTO PASSEIO E CAMINHÃO,1,,,,,,1,,,0,,"","","","","","","","","","","","",""
2716,2019-03-28T00:00:00,09:32:00,SEM VÍTIMA,FINALIZADA,IPSEP,AV RECIFE,"",RUA PINTOR ANTONIO ALBUQUERQUE,EM FRENTE AO POSTO SHELL COMBUSTIVEIS,AV RECIFE,"",EM FRENTE AO POSTO SHELL COMBUSTIVEIS,IPSEP,55,SUBURBIO,ABALROAMENTO LONGITUDINAL,COLISÃO SEM VITIMAS,1,,,,,,1,,,0,,Longo da via,Bom,Sem defeito,Perfeito estado,Seca,Perfeito estado,Agente,"","",Única,Faixa contínua,"",""
2717,2019-03-28T00:00:00,09:36:00,SEM VÍTIMA,FINALIZADA,MADALENA,RUA REAL DA TORRE,1275,"","",RUA REAL DA TORRE,1275,"",MADALENA,106,CIDADE,ABALROAMENTO LONGITUDINAL,SEM VITIMAS,1,,,,,,1,,,0,,Longo da via,Bom,Sem defeito,Perfeito estado,Seca,Perfeito estado,Faixa de pedestre,R-6a,"",Única,Faixa seccionada,"",""
2718,2019-03-28T00:00:00,09:44:00,SEM VÍTIMA,FINALIZADA,CASA AMARELA,RUA MANDACARU,"","",EM FRENTE A PADARIA MANDACARU,RUA MANDACARU,"",EM FRENTE A PADARIA MANDACARU,CASA AMARELA,,"",CHOQUE VEÍCULO PARADO,COLISÃO SEM VITIMAS,2,,,,,,,,,0,,Longo da via,Bom,Não existe,Não existente,Seca,Perfeito estado,Não existe,Não há placas,"",Dupla,Não existe,"",""
2719,2019-03-28T00:00:00,10:37:00,SEM VÍTIMA,CANCELADA,BRASÍLIA TEIMOSA,RUA COMENDADOR MORAES,"","",AO LADO DO JCPM,RUA COMENDADOR MORAES,"",AO LADO DO JCPM,BRASÍLIA TEIMOSA,,"",COLISÃO,COLISÃO ENTRE VT PM E AUTO PASSEIO. SEM VÍTIMAS,1,,,,,,,1,,0,,"","","","","","","","","","","","",""
2720,2019-03-28T00:00:00,10:39:00,COM VÍTIMA,FINALIZADA,SANTO ANTÔNIO,RUA SANTA RITA,600,RUA SANTA RITA,EM FRENTE A O GRANDE RECIFE,RUA SANTA RITA,600,EM FRENTE A O GRANDE RECIFE,SANTO ANTÔNIO,,SUBURBIO,ABALROAMENTO LONGITUDINAL,COM UMA VITIMA,1,2,,,,,,,,1,,Longo da via,Bom,Não existe,Incompleta,Seca,Perfeito estado,Não existe,Não há placas,60 km/h,Dupla,Não existe,"",""
2721,2019-03-28T00:00:00,11:12:00,SEM VÍTIMA,FINALIZADA,GRAÇAS,RUA ALBERTO PAIVA,"","",EM FRENTE AO POSTE B 009990,RUA ALBERTO PAIVA,"",EM FRENTE AO POSTE B 009990,GRAÇAS,305,SUBURBIO,ABALROAMENTO LONGITUDINAL,SEM VITIMAS,2,,,,,,,,,0,,Longo da via,Bom,Sem defeito,Perfeito estado,Seca,Perfeito estado,Não existe,Outras,"",Única,Faixa seccionada,"",""
2722,2019-03-28T00:00:00,11:39:00,COM VÍTIMA,FINALIZADA,CORDEIRO,AV ENGENHEIRO ABDIAS DE CARVALHO,2880,"",CAMARÃO DO LÉO,AV ENGENHEIRO ABDIAS DE CARVALHO,2880,CAMARÃO DO LÉO,CORDEIRO,,SUBURBIO,COLISÃO COM CICLISTA,COLISÃO ENTRE AUTO E BICICLETA COM 1 VÍTIMA,1,,,1,,,,,,1,,Longo da via,Bom,Não existe,Perfeito estado,Seca,Perfeito estado,Não existe,Não há placas,"",Dupla,Faixa contínua,"",""
2723,2019-03-28T00:00:00,11:48:00,SEM VÍTIMA,FINALIZADA,BOA VISTA,RUA DAS NINFAS,"",RUA DO PROGRESSO,EMPÓRIO TERRA DOS GRÃOS,RUA DAS NINFAS,"",EMPÓRIO TERRA DOS GRÃOS,BOA VISTA,,SUBURBIO,ABALROAMENTO TRANSVERSAL,SEM VÍTIMAS,1,1,,,,,,,,0,,Longo da via,Bom,Não existe,Incompleta,Seca,Mal conservada,Não existe,Placas Pare,"",Dupla,Não existe,"",""
2724,2019-03-28T00:00:00,12:07:00,SEM VÍTIMA,FINALIZADA,SANTO AMARO,AV CRUZ CABUGA,644,"",EM FRENTE AO MARTELINHO DE OURO,AV CRUZ CABUGA,644,EM FRENTE AO MARTELINHO DE OURO,SANTO AMARO,627,CIDADE,COLISÃO TRASEIRA,SEM VÍTIMAS,2,,,,,,,,,0,,Longo da via,Bom,Sem defeito,Perfeito estado,Seca,Perfeito estado,Faixa de retenção,Não há placas,"",Dupla,Faixa contínua,"",""
2725,2019-03-28T00:00:00,12:13:00,SEM VÍTIMA,FINALIZADA,BOA VIAGEM,RUA FREI LEANDRO,"","",EM FRENTE A PIZZARIA TOMASELLI,RUA FREI LEANDRO,"",EM FRENTE A PIZZARIA TOMASELLI,BOA VIAGEM,,CIDADE,ABALROAMENTO LONGITUDINAL,COLISÃO SEM VÍTIMA,2,,,,,,,,,0,,Longo da via,Bom,Não existe,Incompleta,Seca,Perfeito estado,Não existe,Não há placas,"",Única,Não existe,"",""
2726,2019-03-28T00:00:00,13:19:00,SEM VÍTIMA,FINALIZADA,DOIS IRMÃOS,RUA RIBEIRO PESSOA,771,"","",RUA RIBEIRO PESSOA,771,"",DOIS IRMÃOS,,CIDADE,COLISÃO TRASEIRA,ENGAVETAMENTO ENTRE TRES AUTOS S/V,3,,,,,,,,,0,,Longo da via,Bom,Não existe,Não existente,Seca,Perfeito estado,Não existe,R-6a,"",Dupla,Não existe,"",""
2727,2019-03-28T00:00:00,13:38:00,SEM VÍTIMA,FINALIZADA,TORRE,RUA JOSE BONIFACIO,750,"",APÓS O SEMÁFORO DE Nº 601,RUA JOSE BONIFACIO,750,APÓS O SEMÁFORO DE Nº 601,TORRE,,CIDADE,ABALROAMENTO LONGITUDINAL,COLISAO ENTRE DOIS AUTOS S/V,2,,,,,,,,,0,,Longo da via,Bom,Sem defeito,Não existente,Seca,Perfeito estado,Não existe,Não há placas,60 km/h,Única,Faixa seccionada,"",""
2728,2019-03-28T00:00:00,13:54:00,SEM VÍTIMA,FINALIZADA,AFOGADOS,AV SUL,"","",LADO OPOSTO À POLÍCLINICA AGAMENON MAGALHÃES,AV SUL,"",LADO OPOSTO À POLÍCLINICA AGAMENON MAGALHÃES,AFOGADOS,,CIDADE,ABALROAMENTO LONGITUDINAL,COLISAO ENTRE DOIS AUTOS S/V,2,,,,,,,,,0,,Longo da via,Nublado,Não existe,Incompleta,Seca,"",Não existe,Não há placas,"",Única,Faixa seccionada,"",""
2729,2019-03-28T00:00:00,14:11:00,COM VÍTIMA,FINALIZADA,TAMARINEIRA,AV PROFESSOR JOSE DOS ANJOS,521,RUA MARIO BHERING,PROXIMO A ESCOLA ESTAÇÃO DO SABER E IGREJA RHEMA/ SENTIDO ARRUDA,AV PROFESSOR JOSE DOS ANJOS,521,PROXIMO A ESCOLA ESTAÇÃO DO SABER E IGREJA RHEMA/ SENTIDO ARRUDA,TAMARINEIRA,,SUBURBIO,COLISÃO COM CICLISTA,COLISÃO ENTRE MOTOCICLETA E BICICLETA.,,1,,1,,,,,,1,,Esquina,Bom,Não existe,Perfeito estado,Seca,Perfeito estado,Faixa de pedestre,Placas Pare,40 km/h,Dupla,Canteiro central,"",""
2730,2019-03-28T00:00:00,14:58:00,COM VÍTIMA,FINALIZADA,DERBY,PRC DO DERBY,"",RUA JENER DE SOUZA,"",PRC DO DERBY,"","",DERBY,40,"",ABALROAMENTO TRANSVERSAL,COLISÃO ENTRE AUTOMÓVEL E MOTOCICLETA.,1,1,,,,,,,,1,,Cruzamento,Bom,Com defeito,Perfeito estado,Seca,Perfeito estado,Faixa de pedestre,R-4a,"",Única,Canteiro central,"",""
2731,2019-03-28T00:00:00,15:27:00,SEM VÍTIMA,FINALIZADA,ESPINHEIRO,RUA BUENOS AYRES,166,"",EM FRENTE AO CONSULTORIO DR ALEX ANTUNES,RUA BUENOS AYRES,166,EM FRENTE AO CONSULTORIO DR ALEX ANTUNES,ESPINHEIRO,,SUBURBIO,COLISÃO TRASEIRA,COLISÃO SEM VÍTIMA,1,1,,,,,,,,0,,Longo da via,Bom,Não existe,Não existente,Seca,Perfeito estado,Não existe,Outras,"",Única,Não existe,"",""
2732,2019-03-28T00:00:00,16:02:00,SEM VÍTIMA,FINALIZADA,BOA VISTA,RUA JOSE DE ALENCAR,"",RUA BARAO DE SAO BORJA,EM FRENTE AO HOTEL BOA VISTA,RUA JOSE DE ALENCAR,"",EM FRENTE AO HOTEL BOA VISTA,BOA VISTA,,SUBURBIO,ABALROAMENTO TRANSVERSAL,AUTO X MOTO S/V.,1,1,,,,,,,,0,,Cruzamento,Bom,Não existe,Perfeito estado,Seca,Perfeito estado,Outros,Placas Pare,"",Única,Faixa seccionada,"",""
2733,2019-03-28T00:00:00,16:11:00,SEM VÍTIMA,DUPLICIDADE,BOA VISTA,RUA JOSE DE ALENCAR,"",RUA BARAO DE SAO BORJA,E/F AO HOTEL BOA VISTA,RUA JOSE DE ALENCAR,"",E/F AO HOTEL BOA VISTA,BOA VISTA,,"",COLISÃO,COLISAO ENTRE AUTO E MOTO S/V,1,1,,,,,,,,0,,"","","","","","","","","","","","",""
2734,2019-03-28T00:00:00,16:19:00,SEM VÍTIMA,FINALIZADA,DERBY,PRC DO DERBY,"",RUA JENER DE SOUZA,AO LADO DA PRAÇA OTÁVIO DE FREITAS,PRC DO DERBY,"",AO LADO DA PRAÇA OTÁVIO DE FREITAS,DERBY,418,CIDADE,ABALROAMENTO LONGITUDINAL,ENTRE DOIS AUTOS S/V,2,,,,,,,,,0,,Cruzamento,Bom,Sem defeito,Perfeito estado,Seca,"",Agente,R-6a,"",Dupla,Não existe,"",""
2735,2019-03-28T00:00:00,16:36:00,SEM VÍTIMA,FINALIZADA,PINA,RUA CARNEIRO PESSOA,"",AV HERCULANO BANDEIRA,EM FRENTE A IGREJA MATRIZ DO PINA,RUA CARNEIRO PESSOA,"",EM FRENTE A IGREJA MATRIZ DO PINA,PINA,,SUBURBIO,COLISÃO TRASEIRA,ETRE DOIS AUTOS,2,,,,,,,,,0,,Longo da via,Bom,Sem defeito,Perfeito estado,Seca,Perfeito estado,Faixa de pedestre,"","",Única,Faixa seccionada,"",""
2736,2019-03-28T00:00:00,16:46:00,SEM VÍTIMA,FINALIZADA,IPSEP,AV DOM HELDER CAMARA,"",AV RECIFE,SEMÁFORO 055,AV DOM HELDER CAMARA,"",SEMÁFORO 055,IPSEP,55,"",COLISÃO TRASEIRA,ENTRE AUTO PASSEIO E CARRO FORTE,1,,,,,,,,1,0,,Cruzamento,Bom,Sem defeito,"","","",Faixa de pedestre,"",60 km/h,"",Não existe,"",""
2737,2019-03-28T00:00:00,17:05:00,COM VÍTIMA,FINALIZADA,VÁRZEA,RUA GENERAL POLIDORO,"","",E/F AO RESTAURANTE KARPA DE OURO. LADO OPOSTO AO RESTAURANTE AZULZINHO.,RUA GENERAL POLIDORO,"",E/F AO RESTAURANTE KARPA DE OURO. LADO OPOSTO AO RESTAURANTE AZULZINHO.,VÁRZEA,711,CIDADE,COLISÃO TRASEIRA,COLISAO ENTRE DOIS AUTOS COM UMA VITIMA,2,,,,,,,,,1,,Longo da via,Bom,Não existe,Perfeito estado,Seca,Perfeito estado,Não existe,Não há placas,"",Dupla,Faixa contínua,"",""
2738,2019-03-28T00:00:00,17:18:00,SEM VÍTIMA,FINALIZADA,AREIAS,AV RECIFE,"","","",AV RECIFE,"","",AREIAS,494,SUBURBIO,COLISÃO TRASEIRA,COLISAO ENTRE AUTO E MOTO S/V,1,1,,,,,,,,0,,Longo da via,Bom,Sem defeito,Perfeito estado,Seca,Perfeito estado,Agente,R-6a,"",Dupla,Faixa seccionada,"",""
2739,2019-03-28T00:00:00,17:29:00,COM VÍTIMA,FINALIZADA,DERBY,AV GOVERNADOR AGAMENON MAGALHAES,"","",EM FRENTE AO HOSPITAL DA RESTAURAÇÃO.,AV GOVERNADOR AGAMENON MAGALHAES,"",EM FRENTE AO HOSPITAL DA RESTAURAÇÃO.,DERBY,,CIDADE,ATROPELAMENTO,ATROPELAMENTO ENTRE MOTOCICLETA E PEDESTRE.,,1,,,1,,,,,1,,Longo da via,Bom,Sem defeito,Perfeito estado,Seca,Perfeito estado,Não existe,Não há placas,"",Única,Faixa,"",""
2740,2019-03-28T00:00:00,17:36:00,SEM VÍTIMA,CANCELADA,DERBY,AV GOVERNADOR AGAMENON MAGALHAES,"","",EM FRENTE AO WALMART,AV GOVERNADOR AGAMENON MAGALHAES,"",EM FRENTE AO WALMART,DERBY,,"",COLISÃO,ENTRE MOTO E ONIBUS CAXANGA,,,,,,,,,,0,,"","","","","","","","","","","","",""
2741,2019-03-28T00:00:00,18:39:00,SEM VÍTIMA,FINALIZADA,CIDADE UNIVERSITÁRIA,RUA MARECHAL MANOEL LUIS OSORIO,"",RUA PROFESSOR ANTONIO COELHO,COLÉGIO PONTUAL,RUA MARECHAL MANOEL LUIS OSORIO,"",COLÉGIO PONTUAL,CIDADE UNIVERSITÁRIA,,SUBURBIO,ABALROAMENTO TRANSVERSAL,ENTRE 2 ÕNIBUS. S/V,,,,,,2,,,,0,,Cruzamento,Bom,Não existe,Incompleta,Seca,Mal iluminada,"",Não há placas,"",Dupla,Não existe,"",""
2742,2019-03-28T00:00:00,18:53:00,COM VÍTIMA,FINALIZADA,AFOGADOS,RUA COSME VIANA,"",EST DO BONGI,SEMÁFORO 100 / E/F A IMBIRIBEIRA VEÍCULOS,RUA COSME VIANA,"",SEMÁFORO 100 / E/F A IMBIRIBEIRA VEÍCULOS,AFOGADOS,100,SUBURBIO,COLISÃO FRONTAL,COLISÃO ENTRE AUTOMÓVEL E MOTOCICLETA.,1,1,,,,,,,,1,,Cruzamento,Bom,Sem defeito,Perfeito estado,Seca,Perfeito estado,Faixa de pedestre,Outras,"",Dupla,Outros,"",""
2743,2019-03-28T00:00:00,19:13:00,COM VÍTIMA,FINALIZADA,SÃO JOSÉ,AV DANTAS BARRETO,"",RUA IMPERIAL,NO SEMAFORO 035,AV DANTAS BARRETO,"",NO SEMAFORO 035,SÃO JOSÉ,35,SUBURBIO,ATROPELAMENTO ANIMAL,BATEDOR DA POLICIA ATROPELOU UM ANIMAL E CAIU NA VIA,,,,,,,,1,,1,,Cruzamento,Bom,Sem defeito,Perfeito estado,Seca,Perfeito estado,Faixa de pedestre,"","",Dupla,Faixa contínua,"",""
2744,2019-03-28T00:00:00,19:48:00,SEM VÍTIMA,CANCELADA,TORRE,RUA REAL DA TORRE,"",RUA JOSE OSORIO,E/F AO POSTO PETROBRAS,RUA REAL DA TORRE,"",E/F AO POSTO PETROBRAS,TORRE,,"",COLISÃO,COLISAO ENTRE AUTO E MOTO S/V,1,1,,,,,,,,0,,"","","","","","","","","","","","",""
2745,2019-03-28T00:00:00,21:11:00,SEM VÍTIMA,FINALIZADA,BOA VIAGEM,AVENIDA CELSO FURTADO (VIA MANGUE),"","",SOBRE A ALÇA DE ACESSO A RUA ANTONIO FALCÃO,AVENIDA CELSO FURTADO (VIA MANGUE),"",SOBRE A ALÇA DE ACESSO A RUA ANTONIO FALCÃO,BOA VIAGEM,,SUBURBIO,COLISÃO TRASEIRA,ENTRE 2 AUTOS. S/V,2,,,,,,,,,0,,Viaduto,Bom,Não existe,Não existente,Seca,Mal iluminada,Não existe,Não há placas,"",Única,Não existe,"",""
2746,2019-03-28T00:00:00,21:43:00,SEM VÍTIMA,CANCELADA,IPSEP,AV SALDANHA MARINHO,652,"",NA RUA DO BAR DO LUNA E AMOEDO DISTRIBUIÇÃO / PRÓX AO POSTO BR,AV SALDANHA MARINHO,652,NA RUA DO BAR DO LUNA E AMOEDO DISTRIBUIÇÃO / PRÓX AO POSTO BR,IPSEP,,"",COLISÃO,ENTRE 2 AUTOS. S/V,2,,,,,,,,,0,,"","","","","","","","","","","","",""
2747,2019-03-28T00:00:00,22:22:00,COM VÍTIMA,FINALIZADA,CABANGA,AV SATURNINO DE BRITO,371,"",EM FRENTE AO BAR ESTELITA / ANTES DO VIADUTO DO RIO MAR,AV SATURNINO DE BRITO,371,EM FRENTE AO BAR ESTELITA / ANTES DO VIADUTO DO RIO MAR,CABANGA,,SUBURBIO,CHOQUE VEÍCULO PARADO,CHOQUE ENTRE AUTOMÓVEL E MOTOCICLETA.,1,1,,,,,,,,1,,Longo da via,Bom,Não existe,Perfeito estado,Seca,Mal iluminada,Não existe,Não há placas,"",Única,Não existe,"",""
2748,2019-03-29T00:00:00,05:26:00,COM VÍTIMA,FINALIZADA,SANTO AMARO,AV CRUZ CABUGA,"","",EM FRENTE A ANTIGA HONDA MOTOSHOP.,AV CRUZ CABUGA,"",EM FRENTE A ANTIGA HONDA MOTOSHOP.,SANTO AMARO,,CIDADE,ATROPELAMENTO,ATROPELAMENTO ENTRE MOTOCICLETA E PEDESTRE.,,1,,,2,,,,,3,,Longo da via,Chuvoso,Sem defeito,Perfeito estado,Molhada,Perfeito estado,"",R-6a,40 km/h,Dupla,Faixa contínua,"",""
2749,2019-03-29T00:00:00,06:57:00,SEM VÍTIMA,FINALIZADA,AREIAS,AV CAPITAO GREGORIO DE CALDAS,"","",SUPERMERCADO WALMART,AV CAPITAO GREGORIO DE CALDAS,"",SUPERMERCADO WALMART,AREIAS,,SUBURBIO,ABALROAMENTO LONGITUDINAL,COLISÃO SEM VITIMAS,2,,,,,,,,,0,,Longo da via,Bom,Não existe,Perfeito estado,Seca,Perfeito estado,Faixa de pedestre,Não há placas,"",Dupla,Canteiro central,"",""
2750,2019-03-29T00:00:00,07:08:00,COM VÍTIMA,FINALIZADA,AREIAS,AV DR JOSE RUFINO,1244,"",EM FRENTE AO SUPERMERCADO ARCOMIX,AV DR JOSE RUFINO,1244,EM FRENTE AO SUPERMERCADO ARCOMIX,AREIAS,,SUBURBIO,COLISÃO TRASEIRA,COLISÃO ENTRE AUTOMÓVEL E MOTOCICLETA.,1,1,,,,,,,,1,,Longo da via,Bom,Não existe,Perfeito estado,Seca,Perfeito estado,Não existe,Não há placas,"",Dupla,Faixa contínua,"",""
2751,2019-03-29T00:00:00,07:18:00,SEM VÍTIMA,DUPLICIDADE,CAÇOTE,AV CAPITAO GREGORIO DE CALDAS,"","","E/F AO WALMART, SENTIDO AV RECIFE",AV CAPITAO GREGORIO DE CALDAS,"","E/F AO WALMART, SENTIDO AV RECIFE",CAÇOTE,,"",COLISÃO,SEM VÍTIMAS,2,,,,,,,,,0,,"","","","","","","","","","","","",""
2752,2019-03-29T00:00:00,07:36:00,SEM VÍTIMA,FINALIZADA,ESPINHEIRO,AV JOAO DE BARROS,1629,RUA ALFREDO DE CASTRO,EM FRENTE A FEDERAÇÃO ESPIRITA DE PERNAMBUCO,AV JOAO DE BARROS,1629,EM FRENTE A FEDERAÇÃO ESPIRITA DE PERNAMBUCO,ESPINHEIRO,,SUBURBIO,COLISÃO TRASEIRA,COLISÃO SEM VITIMAS,2,,,,,,,,,0,,"",Bom,Não existe,Perfeito estado,Seca,Perfeito estado,Não existe,R-6a,"",Única,Faixa seccionada,"",""
2753,2019-03-29T00:00:00,07:44:00,SEM VÍTIMA,CANCELADA,AREIAS,AV RECIFE,1644,"",EM FRENTE AO RESTAURANTE GALETUS,AV RECIFE,1644,EM FRENTE AO RESTAURANTE GALETUS,AREIAS,,BOA VIAGEM,COLISÃO,COLISÃO SEM VITIMAS,2,,,,,,,,,0,,"","","","","","","","","","","","",""
2754,2019-03-29T00:00:00,08:45:00,SEM VÍTIMA,FINALIZADA,VÁRZEA,AV CAXANGA,"","",LADO OPOSTO AO CAXANGÁ GOLF CLUB,AV CAXANGA,"",LADO OPOSTO AO CAXANGÁ GOLF CLUB,VÁRZEA,,CIDADE,ABALROAMENTO LONGITUDINAL,SEM VÍTIMAS. VT 24 NO LOCAL.,1,,,,,,1,,,0,,Longo da via,Chuvoso,Sem defeito,Perfeito estado,Molhada,Perfeito estado,Não existe,Não há placas,"",Única,Faixa seccionada,"",""
2755,2019-03-29T00:00:00,08:48:00,COM VÍTIMA,FINALIZADA,SÃO JOSÉ,AV MARTINS DE BARROS,S/N,C SANTA RITA,EM FRETE AO TERMINAL DE ÔNIBUS DE SANTA RITA. PISTA LOCAL DA SAÍDA DOS ÔNIBUS.,AV MARTINS DE BARROS,S/N,EM FRETE AO TERMINAL DE ÔNIBUS DE SANTA RITA. PISTA LOCAL DA SAÍDA DOS ÔNIBUS.,SÃO JOSÉ,,SUBURBIO,ATROPELAMENTO,"FATO UMA MOTO CONDUZIDA PELO SR. - ATROPELOU, UMA JOVEM SENHORA DE 40 ANOS. QUE ATRAVESSA FORA DA FAIXA. VITIMA GRAVE SEM CONSCIÊNCIA PORÉM COM SINAIS VITAIS.",,1,,,1,,,,,1,,Longo da via,Bom,Sem defeito,Perfeito estado,Seca,Perfeito estado,"",R-6c,"",Dupla,Canteiro central,"",""
2756,2019-03-29T00:00:00,08:50:00,SEM VÍTIMA,FINALIZADA,GRAÇAS,AV GOVERNADOR AGAMENON MAGALHAES,"",RUA JOAQUIM NABUCO,ESCOLA ESTADUAL BARBOSA LIMA,AV GOVERNADOR AGAMENON MAGALHAES,"",ESCOLA ESTADUAL BARBOSA LIMA,GRAÇAS,114,"",ABALROAMENTO LONGITUDINAL,"",2,,,,,,,,,0,,"",Bom,Sem defeito,Perfeito estado,Seca,Perfeito estado,Agente,Outras,60 km/h,Dupla,Canteiro central,Blocos,Canal
2757,2019-03-29T00:00:00,09:27:00,COM VÍTIMA,FINALIZADA,PRADO,EST DOS REMEDIOS,2034,AV ENGENHEIRO ABDIAS DE CARVALHO,RECIFE NÁUTICA.,EST DOS REMEDIOS,2034,RECIFE NÁUTICA.,PRADO,,CIDADE,COLISÃO TRASEIRA,COLISÃO ENTRE CAMINHÃO E MOTOCICLETA.,,1,,,,,1,,,1,,Longo da via,Bom,Sem defeito,Perfeito estado,Seca,Perfeito estado,Agente,Outras,"",Única,Faixa,"",""
2758,2019-03-29T00:00:00,09:31:00,SEM VÍTIMA,FINALIZADA,AFOGADOS,LARGO DA PAZ,"","",EMBAIXO DA ESTAÇÃO LARGO DA PAZ,LARGO DA PAZ,"",EMBAIXO DA ESTAÇÃO LARGO DA PAZ,AFOGADOS,,CIDADE,ABALROAMENTO LONGITUDINAL,SEM VITIMAS,1,,,,,1,,,,0,,Longo da via,Bom,Não existe,Perfeito estado,Seca,Perfeito estado,Não existe,R-6a,"",Única,"","",""
2759,2019-03-29T00:00:00,09:40:00,SEM VÍTIMA,FINALIZADA,IMBIRIBEIRA,AV MARECHAL MASCARENHAS DE MORAES,"","",LOCADORA LOCALIZA,AV MARECHAL MASCARENHAS DE MORAES,"",LOCADORA LOCALIZA,IMBIRIBEIRA,570,CIDADE,COLISÃO TRASEIRA,COLISÃO S EM VITIMAS,2,,,,,,,,,0,,Longo da via,Bom,Sem defeito,Perfeito estado,Seca,Perfeito estado,Faixa de pedestre,Não há placas,60 km/h,Dupla,Canteiro central,"",""
2760,2019-03-29T00:00:00,09:40:00,COM VÍTIMA,FINALIZADA,ILHA DO LEITE,PTE JOSE DE BARROS LIMA,S/N,AV GOVERNADOR AGAMENON MAGALHAES,INICIO DA PONTE JOSÉ DE BARROS LIMA LOGO APÓS O HOSP. PORTUGUÊS,PTE JOSE DE BARROS LIMA,S/N,INICIO DA PONTE JOSÉ DE BARROS LIMA LOGO APÓS O HOSP. PORTUGUÊS,ILHA DO LEITE,,SUBURBIO,ABALROAMENTO LONGITUDINAL,COLISÃO ENTRE DUAS MOTOCICLETAS.,,2,,,,,,,,1,,Longo da via,Bom,Não existe,Perfeito estado,Seca,Perfeito estado,"",Não há placas,60 km/h,Dupla,Canteiro central,"",""
2761,2019-03-29T00:00:00,09:58:00,SEM VÍTIMA,FINALIZADA,BOA VIAGEM,AV FERNANDO SIMOES BARBOSA,374,"","",AV FERNANDO SIMOES BARBOSA,374,"",BOA VIAGEM,,SUBURBIO,ABALROAMENTO LONGITUDINAL,"SEM VITIMAS,VEÍCULOS ESTÃO NO POSTO BR",2,,,,,,,,,0,,Longo da via,Bom,Não existe,Perfeito estado,Seca,Perfeito estado,Não existe,R-6a,"",Única,Faixa seccionada,"",""
2762,2019-03-29T00:00:00,10:09:00,SEM VÍTIMA,CANCELADA,PINA,AV CONSELHEIRO AGUIAR,1015,"",EM FRENTE AO HOTEL UZI MAR,AV CONSELHEIRO AGUIAR,1015,EM FRENTE AO HOTEL UZI MAR,PINA,,"",COLISÃO,SEM VITIMAS,2,,,,,,,,,0,,"","","","","","","","","","","","",""