_id,DATA,hora,natureza_acidente,situacao,bairro,endereco,numero,detalhe_endereco_acidente,complemento,endereco_cruzamento,numero_cruzamento,referencia_cruzamento,bairro_cruzamento,num_semaforo,sentido_via,tipo,descricao,auto,moto,ciclom,ciclista,pedestre,onibus,caminhao,viatura,outros,vitimas,vitimasfatais,acidente_verificado,tempo_clima,situacao_semaforo,sinalizacao,condicao_via,conservacao_via,ponto_controle,situacao_placa,velocidade_max_via,mao_direcao,divisao_via1,divisao_via2,divisao_via3
2763,2019-03-29T00:00:00,10:35:00,SEM VÍTIMA,FINALIZADA,IMBIRIBEIRA,AV MARECHAL MASCARENHAS DE MORAES,"","",SOB O SEMÁFORO 471,AV MARECHAL MASCARENHAS DE MORAES,"",SOB O SEMÁFORO 471,IMBIRIBEIRA,471,CIDADE,COLISÃO TRASEIRA,"",2,,,,,,,,,0,,Longo da via,Bom,Sem defeito,Perfeito estado,Seca,Perfeito estado,Faixa de pedestre,Outras,60 km/h,Dupla,Canteiro central,"",""
2764,2019-03-29T00:00:00,10:36:00,SEM VÍTIMA,FINALIZADA,IMBIRIBEIRA,AV MARECHAL MASCARENHAS DE MORAES,4631,"",JUSTIÇA DO TRABALHO,AV MARECHAL MASCARENHAS DE MORAES,4631,JUSTIÇA DO TRABALHO,IMBIRIBEIRA,471,CIDADE,COLISÃO TRASEIRA,"",1,1,,,,,,,,0,,Longo da via,Bom,Sem defeito,Perfeito estado,Seca,Perfeito estado,Faixa de pedestre,Outras,60 km/h,Dupla,Canteiro central,"",""
2765,2019-03-29T00:00:00,10:38:00,SEM VÍTIMA,FINALIZADA,IMBIRIBEIRA,RUA ARQUITETO LUIZ NUNES,265,RUA ENGENHEIRO JOSE BRANDAO CAVALCANTE,"",RUA ARQUITETO LUIZ NUNES,265,"",IMBIRIBEIRA,,SUBURBIO,ABALROAMENTO LONGITUDINAL,SEM VITIMAS,1,,,,,,1,,,0,,Cruzamento,Bom,Sem defeito,Perfeito estado,Seca,Perfeito estado,Não existe,Outras,"",Única,Faixa contínua,Faixa seccionada,""
2766,2019-03-29T00:00:00,12:18:00,COM VÍTIMA,FINALIZADA,ENGENHO DO MEIO,RUA ANTONIO CURADO,448,"",PROX. A PRAÇA DE ENGENHO DO MEIO. EM FRENTE A IGREJA EVANGÉLICA JESUS É A ESPERANÇA.,RUA ANTONIO CURADO,448,PROX. A PRAÇA DE ENGENHO DO MEIO. EM FRENTE A IGREJA EVANGÉLICA JESUS É A ESPERANÇA.,ENGENHO DO MEIO,,SUBURBIO,ATROPELAMENTO,ATROPELAMENTO ENTRE MOTOCICLETA E PEDESTRE.,,1,,,1,,,,,1,,Longo da via,Bom,Não existe,Perfeito estado,Seca,Perfeito estado,"",Outras,30 km/h,Dupla,Não existe,"",""
2767,2019-03-29T00:00:00,12:39:00,SEM VÍTIMA,CANCELADA,CASA FORTE,AV DEZESSETE DE AGOSTO,"","",EM FRENTE A CULTURA INGLESA,AV DEZESSETE DE AGOSTO,"",EM FRENTE A CULTURA INGLESA,CASA FORTE,,"",COLISÃO,COLISÃO SEM VÍTIMA,2,,,,,,,,,0,,"","","","","","","","","","","","",""
2768,2019-03-29T00:00:00,12:54:00,COM VÍTIMA,FINALIZADA,IMBIRIBEIRA,RUA BARAO DE AGUA BRANCA,"",RUA DUQUE ESTRADA,EM FRENTE A POUSADA SOL E MAR,RUA BARAO DE AGUA BRANCA,"",EM FRENTE A POUSADA SOL E MAR,IMBIRIBEIRA,,BOA VIAGEM,ABALROAMENTO TRANSVERSAL,COLISÃO ENTRE CAMIONETA E AUTOMÓVEL PASSEIO.,2,,,,,,,,,1,,Cruzamento,Bom,Não existe,Perfeito estado,Seca,Perfeito estado,Não existe,Não há placas,"",Dupla,Não existe,"",""
2769,2019-03-29T00:00:00,13:13:00,SEM VÍTIMA,FINALIZADA,SANTO AMARO,AV GOVERNADOR AGAMENON MAGALHAES,2108,"",PRÓX A CAIXA ECONÔMICA FEDERAL,AV GOVERNADOR AGAMENON MAGALHAES,2108,PRÓX A CAIXA ECONÔMICA FEDERAL,SANTO AMARO,,"",COLISÃO TRASEIRA,"",3,,,,,,,,,0,,Longo da via,Bom,"",Perfeito estado,Seca,Perfeito estado,Não existe,Não há placas,"",Dupla,Faixa seccionada,"",""
2770,2019-03-29T00:00:00,13:23:00,COM VÍTIMA,FINALIZADA,MADALENA,RUA JOSE OSORIO,111,RUA DEMOCRITO DE SOUZA FILHO,PRÓX AO EMPÓRIO DOCE. LADO OPOSTO A DUNLOP PNEUS.,RUA JOSE OSORIO,111,PRÓX AO EMPÓRIO DOCE. LADO OPOSTO A DUNLOP PNEUS.,MADALENA,,SUBURBIO,ABALROAMENTO LONGITUDINAL,COLISÃO ENTRE AUTOMÓVEL E MOTOCICLETA.,1,1,,,,,,,,1,,Longo da via,Bom,Não existe,Perfeito estado,Seca,Perfeito estado,Não existe,R-6a,40 km/h,Única,"","",""
2771,2019-03-29T00:00:00,14:05:00,SEM VÍTIMA,CANCELADA,IBURA,RUA JORNALISTA EDSON REGIS,1485,"",NA ENTRADA DA FREVO E/F AO POSTO MAIS,RUA JORNALISTA EDSON REGIS,1485,NA ENTRADA DA FREVO E/F AO POSTO MAIS,IBURA,,"",COLISÃO,COLISAO ONIBUS E CARRETA S/V,,,,,,1,1,,,0,,"","","","","","","","","","","","",""
2772,2019-03-29T00:00:00,14:38:00,SEM VÍTIMA,FINALIZADA,CASA AMARELA,RUA CONS NABUCO,276,RUA ANTONIO DE CASTRO,"",RUA CONS NABUCO,276,"",CASA AMARELA,,SUBURBIO,ABALROAMENTO LONGITUDINAL,ENTRE DOIS AUTOS S/V,2,,,,,,,,,0,,Cruzamento,Bom,Não existe,Perfeito estado,Seca,Perfeito estado,Não existe,R-6a,"",Dupla,Não existe,"",""
2773,2019-03-29T00:00:00,14:40:00,SEM VÍTIMA,CANCELADA,BOA VIAGEM,AV BOA VIAGEM,"","",E/F AO HOSPITAL DA AERONAÚTICA,AV BOA VIAGEM,"",E/F AO HOSPITAL DA AERONAÚTICA,BOA VIAGEM,,"",COLISÃO,COLISAO ENTRE DOIS AUTOS S/V,2,,,,,,,,,0,,"","","","","","","","","","","","",""
2774,2019-03-29T00:00:00,14:41:00,SEM VÍTIMA,FINALIZADA,CAXANGÁ,AV CAXANGA,5368,"",EM FRENTE AO CAXANGA GOLF CLUB,AV CAXANGA,5368,EM FRENTE AO CAXANGA GOLF CLUB,CAXANGÁ,,SUBURBIO,ABALROAMENTO LONGITUDINAL,RENAULT DUSTER PLACA X CAMINHÃO,1,,,,,,1,,,0,,Longo da via,Bom,Sem defeito,Perfeito estado,Seca,Perfeito estado,Não existe,"","",Única,Faixa seccionada,Canteiro central,""
2775,2019-03-29T00:00:00,15:00:00,COM VÍTIMA,FINALIZADA,ARRUDA,RUA DAS MOCAS,600,RUA DO TRIUNFO,POR TRAS DO CAMPO DO ARRUDA,RUA DAS MOCAS,600,POR TRAS DO CAMPO DO ARRUDA,ARRUDA,,SUBURBIO,ABALROAMENTO LONGITUDINAL,COLISÃO ENTRE AUTOMÓVEL E MOTOCICLETA.,1,1,,,,,,,,1,,Esquina,Bom,Não existe,Perfeito estado,Seca,Perfeito estado,"",R-6a,30 km/h,Dupla,Faixa seccionada,"",""
2776,2019-03-29T00:00:00,15:10:00,COM VÍTIMA,FINALIZADA,SANTO AMARO,AV CRUZ CABUGA,"","",EM FRENTE A CASA DA INDUSTRIA,AV CRUZ CABUGA,"",EM FRENTE A CASA DA INDUSTRIA,SANTO AMARO,,CIDADE,ATROPELAMENTO,ATROPELAMENTO ENTRE MOTOCICLETA E PEDESTRE.,,1,,,1,,,,,1,,Longo da via,Bom,Não existe,Perfeito estado,Seca,Perfeito estado,Não existe,Outras,60 km/h,Dupla,Faixa contínua,"",""
2777,2019-03-29T00:00:00,15:14:00,SEM VÍTIMA,CANCELADA,ENCRUZILHADA,RUA PROFESSOR OTAVIO DE FREITAS,72,"",EM FRENTE A BATISTA ADVOGADOS,RUA PROFESSOR OTAVIO DE FREITAS,72,EM FRENTE A BATISTA ADVOGADOS,ENCRUZILHADA,,"",COLISÃO,COLISÃO SEM VÍTIMA,2,,,,,,,,,0,,"","","","","","","","","","","","",""
2778,2019-03-29T00:00:00,15:24:00,SEM VÍTIMA,FINALIZADA,APIPUCOS,RUA DE APIPUCOS,685,"",RESERVA DE APIPUCOS,RUA DE APIPUCOS,685,RESERVA DE APIPUCOS,APIPUCOS,,CIDADE,COLISÃO TRASEIRA,ENTRE TRES AUTOS S/V,3,,,,,,,,,0,,Longo da via,Bom,Não existe,Perfeito estado,Seca,Perfeito estado,Não existe,R-6a,60 km/h,Dupla,Faixa seccionada,"",""
2779,2019-03-29T00:00:00,15:29:00,SEM VÍTIMA,CANCELADA,IBURA,AV RECIFE,"","",E/F A CASA DE FESTA MAK DIVERCOES,AV RECIFE,"",E/F A CASA DE FESTA MAK DIVERCOES,IBURA,,"",COLISÃO,COLISAO ENTRE DOIS AUTOS S/V BATEDOR DA MOTO 02/ 20 NO LOCAL,2,,,,,,,,,0,,"","","","","","","","","","","","",""
2780,2019-03-29T00:00:00,15:38:00,SEM VÍTIMA,FINALIZADA,BOA VISTA,RUA DO PROGRESSO,269,RUA DAS NINFAS,AO LADO DA GALERIA SQUINA PROGRESSO,RUA DO PROGRESSO,269,AO LADO DA GALERIA SQUINA PROGRESSO,BOA VISTA,,CIDADE,ABALROAMENTO LONGITUDINAL,COLISAO ENTRE TAXI E AUTO S/V,2,,,,,,,,,0,,Cruzamento,Bom,Não existe,Incompleta,Seca,Perfeito estado,Não existe,Placas Pare,"",Única,Não existe,"",""
2781,2019-03-29T00:00:00,15:46:00,SEM VÍTIMA,FINALIZADA,IPSEP,AV RECIFE,2734,"",APÓS O SEMÁFORO 016,AV RECIFE,2734,APÓS O SEMÁFORO 016,IPSEP,16,CIDADE,COLISÃO TRASEIRA,ENTRE DOIS AUTOS S/V,2,,,,,,,,,0,,Longo da via,Bom,Sem defeito,Perfeito estado,Seca,Perfeito estado,Agente,R-6a,"",Dupla,Canteiro central,"",""
2782,2019-03-29T00:00:00,15:54:00,COM VÍTIMA,FINALIZADA,CASA AMARELA,AV NORTE,6472,"",EM FRENTE A MATERNIDADE BARROS LIMA,AV NORTE,6472,EM FRENTE A MATERNIDADE BARROS LIMA,CASA AMARELA,,CIDADE,ATROPELAMENTO,ATROPELAMENTO ENTRE MOTOCICLETA E PEDESTRE.,,1,,,1,,,,,1,,Longo da via,Bom,Não existe,Perfeito estado,Seca,Perfeito estado,Outros,R-6a,"",Dupla,Faixa seccionada,Canteiro central,""
2783,2019-03-29T00:00:00,16:11:00,SEM VÍTIMA,FINALIZADA,GRAÇAS,RUA DAS PERNAMBUCANAS,107,"",EM FRENTE AO HOSPITAL JAIME DA FONTE,RUA DAS PERNAMBUCANAS,107,EM FRENTE AO HOSPITAL JAIME DA FONTE,GRAÇAS,,SUBURBIO,ABALROAMENTO TRANSVERSAL,COLISÃO SEM VÍTIMA,2,,,,,,,,,0,,Longo da via,Bom,Não existe,Perfeito estado,Seca,Perfeito estado,Não existe,R-6b,30 km/h,Única,Não existe,"",""
2784,2019-03-29T00:00:00,16:27:00,COM VÍTIMA,FINALIZADA,ENCRUZILHADA,RUA DONA ELVIRA,110,"",E/F AO EDF ALDEIA IMPERIAL,RUA DONA ELVIRA,110,E/F AO EDF ALDEIA IMPERIAL,ENCRUZILHADA,,"",COLISÃO COM CICLISTA,COLISÃO ENTRE AUTOMÓVEL E BICICLETA.,1,,,1,,,,,,1,,Longo da via,Bom,Não existe,Perfeito estado,Seca,Perfeito estado,"","",40 km/h,Dupla,Não existe,"",""
2785,2019-03-29T00:00:00,16:29:00,SEM VÍTIMA,FINALIZADA,BOA VIAGEM,AV DES JOSE NEVES,"",RUA BARAO DE TEFE,"",AV DES JOSE NEVES,"","",BOA VIAGEM,,SUBURBIO,COLISÃO TRASEIRA,SEM VÍTIMAS.,1,,,,,,1,,,0,,Cruzamento,Bom,Não existe,Perfeito estado,Seca,Perfeito estado,Não existe,Não há placas,"",Dupla,Canteiro central,Canal,""
2786,2019-03-29T00:00:00,16:33:00,SEM VÍTIMA,FINALIZADA,SANTO AMARO,AV GOVERNADOR AGAMENON MAGALHAES,"","","",AV GOVERNADOR AGAMENON MAGALHAES,"","",SANTO AMARO,465,SUBURBIO,COLISÃO TRASEIRA,COLISAO ENTRE DOIS AUTOS S/V,2,,,,,,,,,0,,Longo da via,Bom,Sem defeito,Perfeito estado,Seca,Perfeito estado,Faixa de pedestre,Outras,60 km/h,Dupla,Canal,"",""
2787,2019-03-29T00:00:00,16:34:00,SEM VÍTIMA,DUPLICIDADE,GRAÇAS,RUA DAS PERNAMBUCANAS,207,"",EM FRENTE AO JAIME DA FONTE,RUA DAS PERNAMBUCANAS,207,EM FRENTE AO JAIME DA FONTE,GRAÇAS,,"",COLISÃO,COLISÃO SEM VÍTIMA,2,,,,,,,,,0,,"","","","","","","","","","","","",""
2788,2019-03-29T00:00:00,16:38:00,SEM VÍTIMA,FINALIZADA,CAMPO GRANDE,AV PROFESSOR JOSE DOS ANJOS,816,"",APÓS O SEMÁFORO Nº 642,AV PROFESSOR JOSE DOS ANJOS,816,APÓS O SEMÁFORO Nº 642,CAMPO GRANDE,642,SUBURBIO,COLISÃO TRASEIRA,ENTRE AUTOS S/V.,2,,,,,,,,,0,,Longo da via,Bom,Não existe,Perfeito estado,Seca,Perfeito estado,Agente,Placas Pare,"",Dupla,Canal,"",""
2789,2019-03-29T00:00:00,16:45:00,SEM VÍTIMA,CANCELADA,MADALENA,AV BEIRA RIO,80,"",EM FRENTE AO PREDIO GIARDINO BEIRA RIO,AV BEIRA RIO,80,EM FRENTE AO PREDIO GIARDINO BEIRA RIO,MADALENA,,"",COLISÃO,ENTRE DOIS AUTOS S/V,2,,,,,,,,,0,,"","","","","","","","","","","","",""
2790,2019-03-29T00:00:00,17:01:00,SEM VÍTIMA,FINALIZADA,BOA VIAGEM,AVENIDA CELSO FURTADO (VIA MANGUE),"","",POR TRAS DO EXTRA,AVENIDA CELSO FURTADO (VIA MANGUE),"",POR TRAS DO EXTRA,BOA VIAGEM,,SUBURBIO,ABALROAMENTO LONGITUDINAL,COLISÃO SEM VÍTIMA,2,,,,,,,,,0,,Longo da via,Bom,Não existe,Perfeito estado,Seca,Perfeito estado,Outros,Outras,60 km/h,Dupla,Canteiro central,"",""
2791,2019-03-29T00:00:00,17:09:00,COM VÍTIMA,FINALIZADA,COELHOS,RUA DOS COELHOS,351,"",E/F AO IMIP,RUA DOS COELHOS,351,E/F AO IMIP,COELHOS,,CIDADE,ATROPELAMENTO,ATROPELAMENTO ENTRE ÔNIBUS E PEDESTRE.,,,,,1,1,,,,1,,Longo da via,Bom,Não existe,Perfeito estado,Seca,Perfeito estado,Não existe,Não há placas,"",Dupla,Faixa seccionada,"",""
2792,2019-03-29T00:00:00,17:51:00,SEM VÍTIMA,FINALIZADA,BOA VIAGEM,RUA BARAO DE SOUZA LEAO,"","",AO LADO DO MEDICAL CENTER,RUA BARAO DE SOUZA LEAO,"",AO LADO DO MEDICAL CENTER,BOA VIAGEM,,SUBURBIO,ABALROAMENTO LONGITUDINAL,COLISÃO SEM VÍTIMA,1,,,,,1,,,,0,,Longo da via,Bom,Sem defeito,Perfeito estado,Seca,Perfeito estado,"",Não há placas,"",Única,Não existe,"",""
2793,2019-03-29T00:00:00,17:57:00,SEM VÍTIMA,FINALIZADA,VÁRZEA,RUA MARECHAL MANOEL LUIS OSORIO,"",RUA PROFESSOR ANTONIO COELHO,"",RUA MARECHAL MANOEL LUIS OSORIO,"","",VÁRZEA,,SUBURBIO,ABALROAMENTO TRANSVERSAL,AUTO E ONIBUS DA METROPOLITANA,1,,,,,1,,,,0,,Cruzamento,Bom,Não existe,Não existente,Seca,Perfeito estado,Não existe,Não há placas,"",Dupla,Não existe,"",""
2794,2019-03-29T00:00:00,18:13:00,SEM VÍTIMA,FINALIZADA,CABANGA,PTE GOVERNADOR PAULO GUERRA,"","",SOBRE A PONTE,PTE GOVERNADOR PAULO GUERRA,"",SOBRE A PONTE,CABANGA,,SUBURBIO,COLISÃO TRASEIRA,ENTRE VT E AUTO PASSEIO. S/V,1,,,,,,,1,,0,,Longo da via,Bom,Sem defeito,Perfeito estado,Seca,Perfeito estado,Não existe,Outras,60 km/h,Única,Faixa seccionada,"",""
2795,2019-03-29T00:00:00,18:18:00,SEM VÍTIMA,CANCELADA,CASA AMARELA,RUA DA HARMONIA,109,RUA CONS NABUCO,ESQUINA COM A MERCEARIA NABUCO,RUA DA HARMONIA,109,ESQUINA COM A MERCEARIA NABUCO,CASA AMARELA,,"",COLISÃO,ENTRE 2 AUTOS. S/V,2,,,,,,,,,0,,"","","","","","","","","","","","",""
2796,2019-03-29T00:00:00,18:21:00,SEM VÍTIMA,FINALIZADA,ESTÂNCIA,AV RECIFE,5516,"",PROX AO PONTILHAO DO METRO,AV RECIFE,5516,PROX AO PONTILHAO DO METRO,ESTÂNCIA,,SUBURBIO,ABALROAMENTO LONGITUDINAL,CAMINHAO DA CELPE X PALIO,1,,,,,,1,,,0,,Longo da via,Chuvoso,Não existe,Perfeito estado,Molhada,"",Não existe,R-6a,60 km/h,Dupla,Canteiro central,"",""
2797,2019-03-29T00:00:00,18:31:00,SEM VÍTIMA,CANCELADA,BOA VIAGEM,AV CONSELHEIRO AGUIAR,919,"",E/F AO HOTEL MALIBU,AV CONSELHEIRO AGUIAR,919,E/F AO HOTEL MALIBU,BOA VIAGEM,,"",COLISÃO,"",2,,,,,,,,,0,,"","","","","","","","","","","","",""
2798,2019-03-29T00:00:00,18:36:00,SEM VÍTIMA,FINALIZADA,BARRO,AV DR JOSE RUFINO,"","",EM FRENTE AO Nº 46,AV DR JOSE RUFINO,"",EM FRENTE AO Nº 46,BARRO,,SUBURBIO,ABALROAMENTO LONGITUDINAL,ENTRE AUTO E CAMINHÃO. S/V,1,,,,,,1,,,0,,Cruzamento,Chuvoso,Não existe,Perfeito estado,Molhada,Perfeito estado,Não existe,Outras,"",Dupla,Faixa contínua,"",""
2799,2019-03-29T00:00:00,18:42:00,SEM VÍTIMA,FINALIZADA,PRADO,AV ENGENHEIRO ABDIAS DE CARVALHO,"","",ESTACIONAMENTO DA FARMÁCIA DROGASIL,AV ENGENHEIRO ABDIAS DE CARVALHO,"",ESTACIONAMENTO DA FARMÁCIA DROGASIL,PRADO,,SUBURBIO,CHOQUE VEÍCULO PARADO,FORD K X SANTA FÉ,2,,,,,,,,,0,,Longo da via,Chuvoso,Sem defeito,Perfeito estado,Molhada,Perfeito estado,Faixa de pedestre,R-6a,60 km/h,Dupla,Canteiro central,"",""
2800,2019-03-29T00:00:00,19:14:00,SEM VÍTIMA,CANCELADA,GRAÇAS,RUA JOAQUIM NABUCO,343,RUA AMARO BEZERRA,ENF AO DERBY CENTE 2,RUA JOAQUIM NABUCO,343,ENF AO DERBY CENTE 2,GRAÇAS,,"",COLISÃO,HONDA CIVIC X ONIX,2,,,,,,,,,0,,"","","","","","","","","","","","",""
2801,2019-03-29T00:00:00,19:18:00,COM VÍTIMA,FINALIZADA,IPSEP,AV RECIFE,"",AV DOM HELDER CAMARA,"PROX AO CHAMBARIL DO JOAO, SENTIDO CEASA",AV RECIFE,"","PROX AO CHAMBARIL DO JOAO, SENTIDO CEASA",IPSEP,,CIDADE,ABALROAMENTO TRANSVERSAL,COLISÃO ENTRE AUTOMÓVEL E MOTOCICLETA.,1,1,,,,,,,,1,,Longo da via,Chuvoso,Não existe,Perfeito estado,Molhada,Perfeito estado,Outros,R-32,60 km/h,Dupla,Faixa seccionada,"",""
2802,2019-03-29T00:00:00,20:00:00,SEM VÍTIMA,FINALIZADA,IPSEP,RUA RIO AMAZONAS,45,RUA IPOJUCA,"",RUA RIO AMAZONAS,45,"",IPSEP,527,SUBURBIO,ABALROAMENTO LONGITUDINAL,ENTRE AUTO E ÕNIBUS. S/V,1,,,,,1,,,,0,,Longo da via,Chuvoso,Sem defeito,Perfeito estado,Molhada,Mal conservada,Não existe,Outras,"",Dupla,Não existe,"",""
2803,2019-03-29T00:00:00,21:03:00,SEM VÍTIMA,CANCELADA,CAXANGÁ,AV CAXANGA,"",AV INACIO MONTEIRO,"E/F AO POSTO FEDERAL, SNT SUB/CID",AV CAXANGA,"","E/F AO POSTO FEDERAL, SNT SUB/CID",CAXANGÁ,,"",COLISÃO,ENTRE AUTO E MOTO. S/V,1,1,,,,,,,,0,,"","","","","","","","","","","","",""
2804,2019-03-30T00:00:00,01:43:00,SEM VÍTIMA,CANCELADA,ESPINHEIRO,RUA DA HORA,"","",EM FRENTE A GALERIA HORA 100 // EM FRENTE A FARMÁCIA INDEPENDENTE,RUA DA HORA,"",EM FRENTE A GALERIA HORA 100 // EM FRENTE A FARMÁCIA INDEPENDENTE,ESPINHEIRO,,"",COLISÃO,"COLISÃO ENTRE DOIS AUTOS, SEM VÍTIMAS.",2,,,,,,,,,0,,"","","","","","","","","","","","",""
2805,2019-03-30T00:00:00,05:28:00,SEM VÍTIMA,CANCELADA,CASA FORTE,AV DEZESSETE DE AGOSTO,2187,"",EM FRENTE AO MUSEU DO HOMEM DO NORDESTE,AV DEZESSETE DE AGOSTO,2187,EM FRENTE AO MUSEU DO HOMEM DO NORDESTE,CASA FORTE,,"",COLISÃO,"COLISÃO ENTRE AUTO E ÔNIBUS, SEM VÍTIMAS.",1,,,,,1,,,,0,,"","","","","","","","","","","","",""
2806,2019-03-30T00:00:00,08:41:00,SEM VÍTIMA,FINALIZADA,IMBIRIBEIRA,AV MARECHAL MASCARENHAS DE MORAES,"","",EM FRENTE A ANAC,AV MARECHAL MASCARENHAS DE MORAES,"",EM FRENTE A ANAC,IMBIRIBEIRA,626,CIDADE,COLISÃO TRASEIRA,CAMINHAO E AUTO PASSEIO,2,,,,,,,,,0,,Longo da via,Bom,Sem defeito,Perfeito estado,Seca,Perfeito estado,Faixa de pedestre,Não há placas,60 km/h,Dupla,Canteiro central,"",""
2807,2019-03-30T00:00:00,09:10:00,COM VÍTIMA,FINALIZADA,BOA VIAGEM,RUA DEZ DE JULHO,481,RUA CAMBOIM,PROX. A ESTAÇÃO AEROPORTO,RUA DEZ DE JULHO,481,PROX. A ESTAÇÃO AEROPORTO,BOA VIAGEM,,SUBURBIO,COLISÃO TRASEIRA,COLISÃO ENTRE DOIS AUTOMÓVEIS.,2,,,,,,,,,1,,Longo da via,Bom,Não existe,Perfeito estado,Seca,Perfeito estado,Não existe,Outras,"",Única,Faixa seccionada,"",""
2808,2019-03-30T00:00:00,09:38:00,COM VÍTIMA,FINALIZADA,BOA VIAGEM,RUA ERNESTO DE PAULA SANTOS,652,RUA VISCONDE DE JEQUITINHONHA,EM FRENTE DO EDF PAPILON.,RUA ERNESTO DE PAULA SANTOS,652,EM FRENTE DO EDF PAPILON.,BOA VIAGEM,304,"",ABALROAMENTO LONGITUDINAL,COLISÃO ENTRE AUTOMÓVEL E MOTOCICLETA.,1,1,,,,,,,,1,,Cruzamento,Bom,Sem defeito,Perfeito estado,Seca,Perfeito estado,Faixa de pedestre,Placas Pare,"",Única,"","",""
2809,2019-03-30T00:00:00,10:12:00,SEM VÍTIMA,FINALIZADA,SÃO JOSÉ,AV SUL,875,"",EM FRENTE AO CRIS HOTEL,AV SUL,875,EM FRENTE AO CRIS HOTEL,SÃO JOSÉ,,CIDADE,ABALROAMENTO LONGITUDINAL,DOIS AUTOS,2,,,,,,,,,0,,Longo da via,Bom,Sem defeito,Perfeito estado,Seca,"","",Outras,"",Única,Faixa seccionada,Canteiro central,""
2810,2019-03-30T00:00:00,10:15:00,SEM VÍTIMA,FINALIZADA,ARRUDA,AV BEBERIBE,1526,"",LADO OPOSTO AO CANAL DA CONSTRUÇÃO,AV BEBERIBE,1526,LADO OPOSTO AO CANAL DA CONSTRUÇÃO,ARRUDA,,SUBURBIO,ABALROAMENTO TRANSVERSAL,DOIS AUTOS,2,,,,,,,,,0,,Longo da via,Bom,Não existe,Perfeito estado,Seca,Perfeito estado,Não existe,Não há placas,60 km/h,Dupla,Faixa contínua,"",""
2811,2019-03-30T00:00:00,10:42:00,SEM VÍTIMA,CANCELADA,CORDEIRO,AV INACIO MONTEIRO,892,"",EM FRENTE SG CONSTRUÇOES,AV INACIO MONTEIRO,892,EM FRENTE SG CONSTRUÇOES,CORDEIRO,,"",COLISÃO,DOIS AUTOS,2,,,,,,,,,0,,"","","","","","","","","","","","",""
2812,2019-03-30T00:00:00,11:05:00,SEM VÍTIMA,FINALIZADA,PARNAMIRIM,AV PARNAMIRIM,380,"",EM FRENTE AO nº 380,AV PARNAMIRIM,380,EM FRENTE AO nº 380,PARNAMIRIM,,CIDADE,ABALROAMENTO LONGITUDINAL,CAMINHÃO E AUTO,1,,,,,,1,,,0,,Longo da via,Bom,Não existe,Perfeito estado,Seca,Perfeito estado,Não existe,"","",Única,Faixa seccionada,"",""
2813,2019-03-30T00:00:00,11:18:00,COM VÍTIMA,FINALIZADA,BAIRRO DO RECIFE,AV MILITAR,"","",EM FRENTE AOS POSTO BR E SHELL,AV MILITAR,"",EM FRENTE AOS POSTO BR E SHELL,BAIRRO DO RECIFE,,SUBURBIO,ABALROAMENTO LONGITUDINAL,COLISÃO ENTRE CAMINHÃO ARTICULADO E MOTOCICLETA.,,1,,,,,1,,,1,,Outros,Bom,Não existe,Perfeito estado,Seca,Perfeito estado,"",Não há placas,"",Dupla,Faixa seccionada,Canteiro central,""
2814,2019-03-30T00:00:00,12:18:00,SEM VÍTIMA,FINALIZADA,PARNAMIRIM,RUA DES GOIS CAVALCANTE,270,RUA MIZAEL MONTENEGRO,AO LADO DO PAO DE AÇUCAR,RUA DES GOIS CAVALCANTE,270,AO LADO DO PAO DE AÇUCAR,PARNAMIRIM,,SUBURBIO,CHOQUE VEÍCULO PARADO,COLISAO ENTRE DOIS AUTOS E MOTO S/V,2,1,,,,,,,,0,,"",Bom,Não existe,Perfeito estado,Seca,Perfeito estado,Não existe,Outras,"",Única,Faixa seccionada,"",""
2815,2019-03-30T00:00:00,13:28:00,COM VÍTIMA,FINALIZADA,PARNAMIRIM,AV DEZESSETE DE AGOSTO,317,"","",AV DEZESSETE DE AGOSTO,317,"",PARNAMIRIM,,SUBURBIO,TOMBAMENTO,MOTOCICLISTA DERRAPOU NA VIA.,,1,,,,,,,,1,,Longo da via,Bom,Não existe,Perfeito estado,Seca,Perfeito estado,Não existe,Não há placas,60 km/h,Dupla,Faixa contínua,"",""
2816,2019-03-30T00:00:00,14:28:00,SEM VÍTIMA,FINALIZADA,BAIRRO DO RECIFE,PTE BUARQUE DE MACEDO,"","",AO LADO DO BANCO DO BRASIL,PTE BUARQUE DE MACEDO,"",AO LADO DO BANCO DO BRASIL,BAIRRO DO RECIFE,19,CIDADE,ABALROAMENTO TRANSVERSAL,COLISÃO SEM VITIMA,1,,,,,1,,,,0,,Longo da via,Bom,Sem defeito,Perfeito estado,Seca,Perfeito estado,"",Não há placas,60 km/h,Única,Não existe,"",""
2817,2019-03-30T00:00:00,15:51:00,COM VÍTIMA,CANCELADA,CASA AMARELA,AV NORTE,"",AV PROFESSOR JOSE DOS ANJOS,AO LADO DO SESC,AV NORTE,"",AO LADO DO SESC,CASA AMARELA,364,SUBURBIO,COLISÃO,COLISÃO AUTO E MOTO,,,,,,,,,,1,,"","","","","","","","","","","","",""
2818,2019-03-30T00:00:00,16:24:00,COM VÍTIMA,FINALIZADA,PINA,RUA MANOEL DE BRITO,"","",EM FRENTE AO NUCLEO DE POLICIA BATALHÃO 19º. AO LADO DO RIOMAR .,RUA MANOEL DE BRITO,"",EM FRENTE AO NUCLEO DE POLICIA BATALHÃO 19º. AO LADO DO RIOMAR .,PINA,659,SUBURBIO,ATROPELAMENTO,ONIBUS ATROPELOU UM PEDESTRE,,,,,1,1,,,,1,,Longo da via,Bom,Não existe,Perfeito estado,Seca,Perfeito estado,Faixa de pedestre,Outras,"",Única,Não existe,"",""