_id,DATA,hora,natureza_acidente,situacao,bairro,endereco,numero,detalhe_endereco_acidente,complemento,endereco_cruzamento,numero_cruzamento,referencia_cruzamento,bairro_cruzamento,num_semaforo,sentido_via,tipo,descricao,auto,moto,ciclom,ciclista,pedestre,onibus,caminhao,viatura,outros,vitimas,vitimasfatais,acidente_verificado,tempo_clima,situacao_semaforo,sinalizacao,condicao_via,conservacao_via,ponto_controle,situacao_placa,velocidade_max_via,mao_direcao,divisao_via1,divisao_via2,divisao_via3
2819,2019-03-30T00:00:00,17:59:00,SEM VÍTIMA,CANCELADA,SANTO AMARO,PRC GENERAL CARLOS PINTO,"","",E/F AO SHOPPING TACARUNA,PRC GENERAL CARLOS PINTO,"",E/F AO SHOPPING TACARUNA,SANTO AMARO,,"",COLISÃO,ENTRE 2 AUTOS. S/V,2,,,,,,,,,0,,"","","","","","","","","","","","",""
2820,2019-03-30T00:00:00,19:13:00,SEM VÍTIMA,CANCELADA,BOA VIAGEM,AV CONSELHEIRO AGUIAR,960,RUA TOME GIBSON,PADARIA MIRAMAR,AV CONSELHEIRO AGUIAR,960,PADARIA MIRAMAR,BOA VIAGEM,,"",COLISÃO,COLISÃO ENTRE DOIS AUTOS S/V,2,,,,,,,,,0,,"","","","","","","","","","","","",""
2821,2019-03-30T00:00:00,19:56:00,SEM VÍTIMA,FINALIZADA,PINA,AV ANTONIO DE GOES,"",RUA MANOEL DE BRITO,"",AV ANTONIO DE GOES,"","",PINA,103,CIDADE,ABALROAMENTO TRANSVERSAL,COLISÃO ENTRE DOIS AUTOS S/V,2,,,,,,,,,0,,Longo da via,Chuvoso,Sem defeito,Não existente,Molhada,Perfeito estado,Não existe,Não há placas,"",Única,Faixa seccionada,"",""
2822,2019-03-30T00:00:00,20:20:00,SEM VÍTIMA,FINALIZADA,JIQUIÁ,RUA PROFESSOR CALDAS FILHO,"",RUA JOAO TEIXEIRA,"",RUA PROFESSOR CALDAS FILHO,"","",JIQUIÁ,,"",ABALROAMENTO TRANSVERSAL,COLISÃO ENTRE DOIS AUTOS S/V,2,,,,,,,,,0,,Cruzamento,Chuvoso,Não existe,"",Molhada,Mal iluminada,"",Placas Pare,20 km/h,Dupla,Não existe,"",""
2823,2019-03-30T00:00:00,20:49:00,SEM VÍTIMA,FINALIZADA,AFLITOS,AV CONS ROSA E SILVA,1117,"",AO LADO DO Nº 1117,AV CONS ROSA E SILVA,1117,AO LADO DO Nº 1117,AFLITOS,,SUBURBIO,ABALROAMENTO LONGITUDINAL,COLISÃO ENTRE DOIS AUTOS S/V,2,,,,,,,,,0,,Longo da via,Chuvoso,Não existe,Ilegível,Molhada,Mal iluminada,Não existe,Não há placas,"",Única,Faixa seccionada,"",""
2824,2019-03-31T00:00:00,03:01:00,SEM VÍTIMA,FINALIZADA,IPUTINGA,AV CAXANGA,"","",POSTO BR,AV CAXANGA,"",POSTO BR,IPUTINGA,,SUBURBIO,CHOQUE VEÍCULO PARADO,COLISÃO ENTRE DOIS AUTOS S/V,2,,,,,,,,,0,,"",Chuvoso,Não existe,Perfeito estado,Molhada,Perfeito estado,Não existe,Não há placas,"",Dupla,Canteiro central,"",""
2825,2019-03-31T00:00:00,07:19:00,SEM VÍTIMA,FINALIZADA,BOA VISTA,AV CONDE DA BOA VISTA,"",RUA GERVASIO PIRES,FARMACIA DROGASIL,AV CONDE DA BOA VISTA,"",FARMACIA DROGASIL,BOA VISTA,24,CIDADE,ABALROAMENTO LONGITUDINAL,COLISÃO SEM VITIMAS,1,,,,,1,,,,0,,Cruzamento,Bom,Sem defeito,Perfeito estado,Seca,Perfeito estado,Faixa de pedestre,Não há placas,"",Única,Não existe,"",""
2826,2019-03-31T00:00:00,07:24:00,SEM VÍTIMA,FINALIZADA,IBURA,AV CAMPINA GRANDE,51,RUA RIO TEFE,DELEGACIA DO IBURA,AV CAMPINA GRANDE,51,DELEGACIA DO IBURA,IBURA,,CIDADE,ABALROAMENTO LONGITUDINAL,COLISÃO SEM VITIMAS,2,,,,,,,,,0,,Longo da via,Chuvoso,Não existe,Incompleta,Molhada,Perfeito estado,Não existe,Outras,"",Única,Não existe,"",""
2827,2019-03-31T00:00:00,08:15:00,SEM VÍTIMA,FINALIZADA,IMBIRIBEIRA,AV MARECHAL MASCARENHAS DE MORAES,2169,"",FACULDADE UNIVERSO,AV MARECHAL MASCARENHAS DE MORAES,2169,FACULDADE UNIVERSO,IMBIRIBEIRA,501,CIDADE,COLISÃO TRASEIRA,SEM VÍTIMAS,2,,,,,,,,,0,,Longo da via,Chuvoso,Com defeito,Perfeito estado,Molhada,Perfeito estado,Faixa de pedestre,R-6a,60 km/h,Única,Faixa contínua,"",""
2828,2019-03-31T00:00:00,08:40:00,COM VÍTIMA,FINALIZADA,SÃO JOSÉ,AV SUL,"","",PRÓXIMO AS TORRE GÊMEAS. EM FRENTE AO ARMAZÉM 16,AV SUL,"",PRÓXIMO AS TORRE GÊMEAS. EM FRENTE AO ARMAZÉM 16,SÃO JOSÉ,26,CIDADE,TOMBAMENTO,"O GM -, QUE ESTAVA EM SERVIÇO NO EVENTO DA CORRIDAS DAS PONTES, DERRAPOU NO TRILHO DE TREM.",,1,,,,,,,,1,,Longo da via,Chuvoso,Sem defeito,Perfeito estado,Molhada,Mal conservada,Outros,Outras,60 km/h,Dupla,Canteiro central,"",""
2829,2019-03-31T00:00:00,10:03:00,SEM VÍTIMA,FINALIZADA,CASA AMARELA,AV NORTE,"","",EM FRENTE AO SEMÁFORO 079,AV NORTE,"",EM FRENTE AO SEMÁFORO 079,CASA AMARELA,79,CIDADE,COLISÃO TRASEIRA,COLISAO SEM VITIMAS,2,,,,,,,,,0,,Longo da via,Chuvoso,Sem defeito,Perfeito estado,Molhada,Perfeito estado,Faixa de pedestre,Outras,"",Dupla,Faixa contínua,Faixa seccionada,Canteiro central
2830,2019-03-31T00:00:00,12:21:00,COM VÍTIMA,FINALIZADA,IPSEP,RUA JEAN EMILE FAVRE,1338,RUA DR RAPOSO PINTO,EM FRENTE A DOMINO'S PIZZARIA,RUA JEAN EMILE FAVRE,1338,EM FRENTE A DOMINO'S PIZZARIA,IPSEP,,SUBURBIO,ATROPELAMENTO,"VEICULO PERDEU O CONTROLE, INVADIU UMA LOJA E ATROPELOU UMA PESSOA.",1,,,,1,,,,,1,,Esquina,Chuvoso,Não existe,Perfeito estado,Molhada,Perfeito estado,"",R-6a,40 km/h,Dupla,Faixa contínua,"",""
2831,2019-03-31T00:00:00,12:26:00,SEM VÍTIMA,FINALIZADA,ALTO SANTA TERESINHA,RUA TAMBOARA,567,"","",RUA TAMBOARA,567,"",ALTO SANTA TERESINHA,,SUBURBIO,CHOQUE VEÍCULO PARADO,COLISÃO SEM VÍTIMA,2,1,,,,,,,,0,,Longo da via,Bom,Não existe,Incompleta,Seca,Perfeito estado,Não existe,Não há placas,"",Dupla,Não existe,"",""
2832,2019-03-31T00:00:00,12:31:00,SEM VÍTIMA,CANCELADA,AREIAS,AV RECIFE,"","","EM FRENTE AO WALMART, SENTIDO BOA VIAGEM",AV RECIFE,"","EM FRENTE AO WALMART, SENTIDO BOA VIAGEM",AREIAS,,"",COLISÃO,AUTO E CAMINHAO S/V,1,,,,,,1,,,0,,"","","","","","","","","","","","",""
2833,2019-03-31T00:00:00,12:48:00,SEM VÍTIMA,CANCELADA,AREIAS,RUA DONA ANA AURORA,39,"","PROXIMO AO FRIGORIFICO BOI QUENTE, EM FRENTE A IGREJA CRISTA MARANATA",RUA DONA ANA AURORA,39,"PROXIMO AO FRIGORIFICO BOI QUENTE, EM FRENTE A IGREJA CRISTA MARANATA",AREIAS,,"",COLISÃO,COLISÃO SEM VÍTIMA,1,1,,,,,,,,0,,"","","","","","","","","","","","",""
2834,2019-03-31T00:00:00,16:01:00,SEM VÍTIMA,CANCELADA,IPSEP,AV RECIFE,1540,"",EM FRENTE A LVA LOGISTICA E TRANSPORTE / SENTIDO BOA VIAGEM,AV RECIFE,1540,EM FRENTE A LVA LOGISTICA E TRANSPORTE / SENTIDO BOA VIAGEM,IPSEP,,"",COLISÃO,COLISÃO SEM VÍTIMA,2,,,,,,,,,0,,"","","","","","","","","","","","",""
2835,2019-03-31T00:00:00,16:27:00,COM VÍTIMA,CANCELADA,SÍTIO DOS PINTOS,EST DOS PINTOS,500,"",PROX. AO PARQUE SANTA MARIA,EST DOS PINTOS,500,PROX. AO PARQUE SANTA MARIA,SÍTIO DOS PINTOS,,"",COLISÃO,ENTRE DUAS MOTOS C/V,,2,,,,,,,,1,,"","","","","","","","","","","","",""
2836,2019-03-31T00:00:00,17:14:00,SEM VÍTIMA,FINALIZADA,DERBY,AV GOVERNADOR AGAMENON MAGALHAES,3265,"","",AV GOVERNADOR AGAMENON MAGALHAES,3265,"",DERBY,,SUBURBIO,COLISÃO TRASEIRA,ENTRE DOIS AUTOS S/V,2,,,,,,,,,0,,Longo da via,Bom,Não existe,Não existente,Seca,Perfeito estado,Agente,Placas Pare,"",Dupla,Canteiro central,"",""
2837,2019-03-31T00:00:00,18:16:00,SEM VÍTIMA,CANCELADA,GUABIRABA,RUA POETA SOLANO TRINDADE,35,"",E/F AO HOTEL GALANTE,RUA POETA SOLANO TRINDADE,35,E/F AO HOTEL GALANTE,GUABIRABA,,"",COLISÃO,ENTRE 2 AUTOS. S/V,2,,,,,,,,,0,,"","","","","","","","","","","","",""
2838,2019-03-31T00:00:00,19:51:00,SEM VÍTIMA,FINALIZADA,PARNAMIRIM,AV FLOR DE SANTANA,118,"",Nº 118,AV FLOR DE SANTANA,118,Nº 118,PARNAMIRIM,,SUBURBIO,CHOQUE VEÍCULO PARADO,COLISÃO SEM VITIMA/ CONDUTOR DA STRADA ESTÁ APARENTEMENTE ALCOOLIZADO,2,,,,,,,,,0,,Longo da via,Bom,Não existe,Perfeito estado,Seca,Perfeito estado,Não existe,Não há placas,"",Dupla,Faixa seccionada,"",""
2839,2019-04-01T00:00:00,00:34:00,SEM VÍTIMA,FINALIZADA,BOA VIAGEM,RUA VISCONDE DE JEQUITINHONHA,"",RUA CAPITAO ZUZINHA,PRÓX A LOCALIZA,RUA VISCONDE DE JEQUITINHONHA,"",PRÓX A LOCALIZA,BOA VIAGEM,433,SUBURBIO,ABALROAMENTO TRANSVERSAL,COLISÃO ENTRE DOIS AUTOS S/V,2,,,,,,,,,0,,Cruzamento,Chuvoso,Sem defeito,Perfeito estado,Molhada,Perfeito estado,Faixa de pedestre,Outras,"",Única,Faixa contínua,Faixa seccionada,Canteiro central
2840,2019-04-01T00:00:00,07:14:00,SEM VÍTIMA,FINALIZADA,IPSEP,RUA PROFESSOR JOSE VICENTE,505,"",EM FRENTE AO MERCADINHO CONVENÇÃO,RUA PROFESSOR JOSE VICENTE,505,EM FRENTE AO MERCADINHO CONVENÇÃO,IPSEP,,CIDADE,ABALROAMENTO LONGITUDINAL,COLISAO DE DOIS AUTOS,2,,,,,,,,,0,,Cruzamento,Bom,Não existe,Não existente,Seca,Perfeito estado,Não existe,Não há placas,40 km/h,Única,Não existe,"",""
2841,2019-04-01T00:00:00,07:30:00,SEM VÍTIMA,FINALIZADA,VÁRZEA,RUA EMILIANO BRAGA,"",RUA PROFESSOR ANTONIO COELHO,AO LADO DO TERMINAL INTEGRADO CDU,RUA EMILIANO BRAGA,"",AO LADO DO TERMINAL INTEGRADO CDU,VÁRZEA,,SUBURBIO,COLISÃO TRASEIRA,COLISÃO ÔNIBUS / AUTO PASSEIO,1,,,,,1,,,,0,,Cruzamento,Bom,Não existe,Perfeito estado,Seca,Perfeito estado,Não existe,Placas Pare,30 km/h,Única,Faixa seccionada,"",""
2842,2019-04-01T00:00:00,08:17:00,SEM VÍTIMA,FINALIZADA,SANTO AMARO,AV CRUZ CABUGA,"",AV MARIO MELO,"",AV CRUZ CABUGA,"","",SANTO AMARO,171,SUBURBIO,ABALROAMENTO LONGITUDINAL,SEM VITIMAS,2,,,,,,,,,0,,Longo da via,Bom,Sem defeito,Perfeito estado,Seca,Perfeito estado,Faixa de pedestre,Outras,"",Dupla,Faixa contínua,"",""
2843,2019-04-01T00:00:00,08:19:00,SEM VÍTIMA,CANCELADA,BONGI,AV ENGENHEIRO ABDIAS DE CARVALHO,"",RUA JOAO IVO DA SILVA,EM FRENTE A HABIB'S,AV ENGENHEIRO ABDIAS DE CARVALHO,"",EM FRENTE A HABIB'S,BONGI,132,"",COLISÃO,DOIS AUTOS,2,,,,,,,,,0,,"","","","","","","","","","","","",""
2844,2019-04-01T00:00:00,08:31:00,SEM VÍTIMA,FINALIZADA,IPUTINGA,AV CAXANGA,"",RUA PROFESSOR CHAVES BATISTA,EM FRENTE AO RESTAURANTE BOI E BRASA,AV CAXANGA,"",EM FRENTE AO RESTAURANTE BOI E BRASA,IPUTINGA,230,"",ABALROAMENTO LONGITUDINAL,DOIS AUTOS,2,,,,,,,,,0,,Cruzamento,Bom,Sem defeito,Perfeito estado,Seca,Perfeito estado,Faixa de pedestre,Não há placas,"",Dupla,Canteiro central,"",""
2845,2019-04-01T00:00:00,08:35:00,COM VÍTIMA,FINALIZADA,PINA,AV HERCULANO BANDEIRA,949,RUA ARQUITETO AUGUSTO REINALDO,AO LADO DO CENTRO DE SOLICITAÇÃO DE VISTO AMERICANO E JBS VEÍCULOS.,AV HERCULANO BANDEIRA,949,AO LADO DO CENTRO DE SOLICITAÇÃO DE VISTO AMERICANO E JBS VEÍCULOS.,PINA,660,SUBURBIO,ABALROAMENTO TRANSVERSAL,COLISÃO ENTRE AUTOMÓVEL E MOTOCICLETA.,1,1,,,,,,,,1,,Cruzamento,Bom,Sem defeito,Perfeito estado,Seca,Perfeito estado,Faixa de pedestre,Não há placas,60 km/h,Única,Faixa seccionada,"",""
2846,2019-04-01T00:00:00,08:40:00,SEM VÍTIMA,FINALIZADA,CASA AMARELA,RUA PADRE LEMOS,"","",SOB O SEMÁFORO 066,RUA PADRE LEMOS,"",SOB O SEMÁFORO 066,CASA AMARELA,66,SUBURBIO,ABALROAMENTO LONGITUDINAL,COLISÃO AUTO E ONIBUS,1,,,,,1,,,,0,,Cruzamento,Bom,Sem defeito,Perfeito estado,Seca,Perfeito estado,Faixa de pedestre,Outras,"",Dupla,Faixa contínua,"",""
2847,2019-04-01T00:00:00,08:43:00,SEM VÍTIMA,FINALIZADA,BOA VISTA,PTE PRINCESA IZABEL,"",RUA DO SOL,SOBRE Á PONTE,PTE PRINCESA IZABEL,"",SOBRE Á PONTE,BOA VISTA,,CIDADE,ABALROAMENTO LONGITUDINAL,COLISÃO AUTO E ONIBUS,1,,,,,1,,,,0,,Longo da via,Bom,Sem defeito,Perfeito estado,Seca,Perfeito estado,Não existe,Não há placas,"",Dupla,Faixa contínua,"",""
2848,2019-04-01T00:00:00,08:58:00,SEM VÍTIMA,FINALIZADA,IMBIRIBEIRA,AV MARECHAL MASCARENHAS DE MORAES,"","",EM FRENTE A FERREIRA COSTA,AV MARECHAL MASCARENHAS DE MORAES,"",EM FRENTE A FERREIRA COSTA,IMBIRIBEIRA,,CIDADE,ABALROAMENTO LONGITUDINAL,UM AUTO E UM CAMINHÃO,1,,,,,,1,,,0,,Longo da via,Bom,Sem defeito,Perfeito estado,Seca,Perfeito estado,"","",60 km/h,Dupla,Canteiro central,"",""
2849,2019-04-01T00:00:00,09:19:00,SEM VÍTIMA,FINALIZADA,TAMARINEIRA,RUA PADRE ROMA,"","",EM FRENTE A POLICLINICA ALBERT SABIN,RUA PADRE ROMA,"",EM FRENTE A POLICLINICA ALBERT SABIN,TAMARINEIRA,223,SUBURBIO,ABALROAMENTO LONGITUDINAL,ONIBUS E AUTO,1,,,,,1,,,,0,,Longo da via,Bom,Sem defeito,Perfeito estado,Seca,Perfeito estado,Faixa de pedestre,R-6a,"",Dupla,Canteiro central,"",""
2850,2019-04-01T00:00:00,11:43:00,SEM VÍTIMA,FINALIZADA,DERBY,RUA AMAURI DE MEDEIROS,110,RUA BARAO DE GOIANA,CASA DO ESTUDANTE,RUA AMAURI DE MEDEIROS,110,CASA DO ESTUDANTE,DERBY,,SUBURBIO,ABALROAMENTO LONGITUDINAL,SEM VITIMAS,2,,,,,,,,,0,,Cruzamento,Chuvoso,Não existe,Incompleta,Molhada,Perfeito estado,Faixa de retenção,Não há placas,30 km/h,Única,Não existe,"",""
2851,2019-04-01T00:00:00,11:57:00,SEM VÍTIMA,FINALIZADA,PINA,AV HERCULANO BANDEIRA,"",RUA CARNEIRO PESSOA,EM FRENTE A IGREJA DO PINA,AV HERCULANO BANDEIRA,"",EM FRENTE A IGREJA DO PINA,PINA,,SUBURBIO,ABALROAMENTO LONGITUDINAL,COLISÃO SEM VITIMAS,1,,,,,1,,,,0,,Longo da via,Chuvoso,Sem defeito,Perfeito estado,Molhada,Perfeito estado,Não existe,Não há placas,"",Única,Faixa seccionada,"",""
2852,2019-04-01T00:00:00,12:11:00,SEM VÍTIMA,FINALIZADA,ESTÂNCIA,AV RECIFE,"","",EM FRENTE A LOJA RECIFRIOS,AV RECIFE,"",EM FRENTE A LOJA RECIFRIOS,ESTÂNCIA,,"",ABALROAMENTO LONGITUDINAL,VIATUTA DESCARECTERIZADA E CAMINHAO,1,,,,,,1,,,0,,Longo da via,Chuvoso,Não existe,Ilegível,Molhada,Perfeito estado,Não existe,R-6a,"",Dupla,Canteiro central,"",""
2853,2019-04-01T00:00:00,12:26:00,SEM VÍTIMA,FINALIZADA,SANTO ANTÔNIO,RUA DO SOL,"","",EM FRENTE AO POSTE Nº B019343,RUA DO SOL,"",EM FRENTE AO POSTE Nº B019343,SANTO ANTÔNIO,,CIDADE,ABALROAMENTO LONGITUDINAL,COLISÃO SEM VITIMAS,1,,,,,1,,,,0,,Longo da via,Chuvoso,Sem defeito,Perfeito estado,Molhada,Perfeito estado,Não existe,Não há placas,40 km/h,Única,Faixa contínua,"",""
2854,2019-04-01T00:00:00,12:29:00,SEM VÍTIMA,FINALIZADA,BAIRRO DO RECIFE,RUA MARIZ E BARROS,181,RUA TOMAZINA,"",RUA MARIZ E BARROS,181,"",BAIRRO DO RECIFE,,SUBURBIO,ABALROAMENTO LONGITUDINAL,COLISÃO SEM VITIMAS,2,,,,,,,,,0,,Longo da via,Chuvoso,Não existe,Perfeito estado,Molhada,Perfeito estado,Não existe,Outras,30 km/h,Única,Não existe,"",""
2855,2019-04-01T00:00:00,12:34:00,SEM VÍTIMA,FINALIZADA,CORDEIRO,AV CAXANGA,"",RUA N S DA SAUDE,"",AV CAXANGA,"","",CORDEIRO,234,SUBURBIO,ABALROAMENTO TRANSVERSAL,COLISÃO SEM VITIMAS,,,,,,,,1,1,0,,"","","","","","",Faixa de pedestre,Não há placas,"","","","",""
2856,2019-04-01T00:00:00,12:49:00,SEM VÍTIMA,FINALIZADA,GRAÇAS,RUA ALBERTO PAIVA,299,"",EM FRENTE A SORVETERIA FRI SABOR,RUA ALBERTO PAIVA,299,EM FRENTE A SORVETERIA FRI SABOR,GRAÇAS,,SUBURBIO,COLISÃO TRASEIRA,COLISÃO SEM VITIMAS,2,,,,,,,,,0,,Longo da via,Chuvoso,Sem defeito,Perfeito estado,Molhada,Perfeito estado,Não existe,Outras,"",Única,Faixa seccionada,"",""
2857,2019-04-01T00:00:00,13:01:00,SEM VÍTIMA,FINALIZADA,IMBIRIBEIRA,AV MARECHAL MASCARENHAS DE MORAES,"","",AO LADO DA FAC. UNIVERSO,AV MARECHAL MASCARENHAS DE MORAES,"",AO LADO DA FAC. UNIVERSO,IMBIRIBEIRA,,SUBURBIO,ABALROAMENTO LONGITUDINAL,COLISÃO SEM VITIMAS,2,,,,,,,,1,0,,Longo da via,Chuvoso,Não existe,Perfeito estado,Molhada,Mal conservada,"",Não há placas,"",Dupla,Canteiro central,"",""
2858,2019-04-01T00:00:00,13:09:00,COM VÍTIMA,CANCELADA,ILHA DO RETIRO,RUA SPORT CLUBE DO RECIFE,"","",EM FRENTE AO SPORT,RUA SPORT CLUBE DO RECIFE,"",EM FRENTE AO SPORT,ILHA DO RETIRO,,"",COLISÃO,COLISÃO COM VITIMA - SITUAÇÃO CHEGOU VIA BAIXA- VITIMA AO SOLO,1,1,,,,,,,,1,,"","","","","","","","","","","","",""
2859,2019-04-01T00:00:00,14:11:00,COM VÍTIMA,FINALIZADA,IPSEP,AV RECIFE,2330,AV DOM HELDER CAMARA,NA ENTRADA DO IBURA NO SEMAFORO 016,AV RECIFE,2330,NA ENTRADA DO IBURA NO SEMAFORO 016,IPSEP,,SUBURBIO,COLISÃO COM CICLISTA,ATROPELAMENTO ENTRE ÔNIBUS E CICLISTA,,,,1,,1,,,,1,,Longo da via,Bom,"",Perfeito estado,Seca,Perfeito estado,Agente,Não há placas,"",Dupla,Canteiro central,"",""
2860,2019-04-01T00:00:00,14:14:00,SEM VÍTIMA,FINALIZADA,IMBIRIBEIRA,VIADUTO TANCREDO NEVES,"","",ALÇA DE ACESSO A AVENIDA MASCARENHAS DE MORAIS,VIADUTO TANCREDO NEVES,"",ALÇA DE ACESSO A AVENIDA MASCARENHAS DE MORAIS,IMBIRIBEIRA,,SUBURBIO,ABALROAMENTO LONGITUDINAL,COLISAO ENTRE DOIS AUTOS S/V,2,,,,,,,,,0,,Viaduto,Nublado,Não existe,Não existente,Molhada,Perfeito estado,Não existe,Não há placas,"",Dupla,"","",""
2861,2019-04-01T00:00:00,14:22:00,SEM VÍTIMA,FINALIZADA,GRAÇAS,RUA ANTONIO NOVAIS,75,"",PIZZARIA DOMINO'S,RUA ANTONIO NOVAIS,75,PIZZARIA DOMINO'S,GRAÇAS,,SUBURBIO,COLISÃO TRASEIRA,COLISÃO SEM COLISÃO,2,,,,,,,,,0,,Longo da via,Bom,Não existe,Perfeito estado,Seca,Perfeito estado,Não existe,Outras,"",Única,Não existe,"",""
2862,2019-04-01T00:00:00,14:34:00,SEM VÍTIMA,FINALIZADA,GRAÇAS,AV GOVERNADOR AGAMENON MAGALHAES,3835,"",BANCO DO BRASIL,AV GOVERNADOR AGAMENON MAGALHAES,3835,BANCO DO BRASIL,GRAÇAS,,SUBURBIO,COLISÃO TRASEIRA,COLISÃO SEM VITIMAS,2,,,,,,,,,0,,Longo da via,Chuvoso,Sem defeito,Perfeito estado,Molhada,Perfeito estado,Agente,"","",Única,Não existe,"",""
2863,2019-04-01T00:00:00,14:35:00,SEM VÍTIMA,FINALIZADA,PINA,AV BOA VIAGEM,914,"",QUADRA DE TÊNIS,AV BOA VIAGEM,914,QUADRA DE TÊNIS,PINA,,CIDADE,ABALROAMENTO LONGITUDINAL,COLISÃO SEM VÍTIMA,1,1,,,,,,,,0,,Longo da via,Bom,Não existe,Perfeito estado,Seca,Perfeito estado,Outros,Outras,60 km/h,Única,Faixa seccionada,"",""
2864,2019-04-01T00:00:00,14:44:00,SEM VÍTIMA,FINALIZADA,CORDEIRO,AV GENERAL SAN MARTIN,"","",APÓS O SEMÁFORO 058 / AO LADO DO COMPAZ,AV GENERAL SAN MARTIN,"",APÓS O SEMÁFORO 058 / AO LADO DO COMPAZ,CORDEIRO,,SUBURBIO,COLISÃO TRASEIRA,COLISÃO SEM VÍTIMA,1,1,,,,,,,,0,,Longo da via,Bom,Não existe,Não existente,Seca,Perfeito estado,Não existe,Não há placas,40 km/h,Dupla,Faixa contínua,"",""
2865,2019-04-01T00:00:00,15:07:00,SEM VÍTIMA,FINALIZADA,SANTO AMARO,AV CRUZ CABUGA,343,"",Nº 347,AV CRUZ CABUGA,343,Nº 347,SANTO AMARO,,CIDADE,ABALROAMENTO LONGITUDINAL,COLISÃO SEM VÍTIMAS ENVOLVENDO CINCO VEÍCULOS,4,1,,,,,,,,0,,Longo da via,Chuvoso,Não existe,Perfeito estado,Molhada,Perfeito estado,Não existe,Outras,"",Dupla,Faixa contínua,"",""
2866,2019-04-01T00:00:00,15:08:00,SEM VÍTIMA,FINALIZADA,SANTO ANTÔNIO,PTE CONDE MAURICIO DE NASSAU,"",AV MARTINS DE BARROS,SEMÁFORO 194,PTE CONDE MAURICIO DE NASSAU,"",SEMÁFORO 194,SANTO ANTÔNIO,194,SUBURBIO,ABALROAMENTO LONGITUDINAL,COLISÃO SEM VÍTIMA,2,,,,,,,,,0,,Ponte,Bom,Sem defeito,Perfeito estado,Seca,Perfeito estado,Faixa de pedestre,"","",Única,Faixa contínua,"",""
2867,2019-04-01T00:00:00,15:25:00,SEM VÍTIMA,FINALIZADA,IPSEP,RUA RIO AMAZONAS,"","",E/F A PADARIA AMAZONAS,RUA RIO AMAZONAS,"",E/F A PADARIA AMAZONAS,IPSEP,,SUBURBIO,ABALROAMENTO LONGITUDINAL,COLISAO ENTRE ONIBUS E AUTOS S/V,1,,,,,1,,,,0,,Longo da via,Bom,Sem defeito,Perfeito estado,Seca,Perfeito estado,Não existe,"","",Dupla,Não existe,"",""
2868,2019-04-01T00:00:00,15:26:00,SEM VÍTIMA,FINALIZADA,IMBIRIBEIRA,RUA ARQUITETO LUIZ NUNES,"","",EM FRENTE AO BAR DO EDSON,RUA ARQUITETO LUIZ NUNES,"",EM FRENTE AO BAR DO EDSON,IMBIRIBEIRA,,SUBURBIO,COLISÃO TRASEIRA,COLISÃO SEM VÍTIMA,3,,,,,,,,,0,,Longo da via,Nublado,Sem defeito,Perfeito estado,Seca,Perfeito estado,Não existe,Não há placas,50 km/h,Dupla,Faixa contínua,Faixa seccionada,""
2869,2019-04-01T00:00:00,15:47:00,SEM VÍTIMA,FINALIZADA,DERBY,PRC DO DERBY,"","",LADO OPOSTO A PRAÇ ADO DERBY,PRC DO DERBY,"",LADO OPOSTO A PRAÇ ADO DERBY,DERBY,,CIDADE,COLISÃO TRASEIRA,COLISÃO SEM VÍTIMA,1,,,,,1,,,,0,,Longo da via,Nublado,Sem defeito,"",Seca,Perfeito estado,Outros,Não há placas,"",Dupla,"","",""
2870,2019-04-01T00:00:00,16:09:00,COM VÍTIMA,FINALIZADA,IPSEP,RUA IRAPUA,420,RUA DR RAPOSO PINTO,PROX AO ANTIGO 19 BATALHAO,RUA IRAPUA,420,PROX AO ANTIGO 19 BATALHAO,IPSEP,,"",ABALROAMENTO TRANSVERSAL,COLISAO ENTRE AUTO E MOTO COM UMA VITIMA,1,1,,,,,,,,1,,Cruzamento,Bom,Não existe,Perfeito estado,Seca,Perfeito estado,Faixa de retenção,Placas Pare,"",Dupla,Faixa,"",""
2871,2019-04-01T00:00:00,16:18:00,SEM VÍTIMA,FINALIZADA,CAXANGÁ,AV PROFESSOR MORAES REGO,"","","AO LADO DO POSTO DE COMBUSTIVEL DA PETROBRAZ, E A SUPRANOR",AV PROFESSOR MORAES REGO,"","AO LADO DO POSTO DE COMBUSTIVEL DA PETROBRAZ, E A SUPRANOR",CAXANGÁ,4038,"",COLISÃO,COLISÃO SEM VÍTIMA,1,,,,,,1,,,0,,"","","","","","","","","","","","",""
2872,2019-04-01T00:00:00,16:33:00,SEM VÍTIMA,CANCELADA,IMBIRIBEIRA,RUA ANTONIO FALCAO,113 A,"","EM FRENTE AO POSTO IPIRANGA, SENTIDO IPSEP",RUA ANTONIO FALCAO,113 A,"EM FRENTE AO POSTO IPIRANGA, SENTIDO IPSEP",IMBIRIBEIRA,,"",COLISÃO,COLISÃO SEM VÍTIMA,1,,,,,,1,,,0,,"","","","","","","","","","","","",""