_id,DATA,hora,natureza_acidente,situacao,bairro,endereco,numero,detalhe_endereco_acidente,complemento,endereco_cruzamento,numero_cruzamento,referencia_cruzamento,bairro_cruzamento,num_semaforo,sentido_via,tipo,descricao,auto,moto,ciclom,ciclista,pedestre,onibus,caminhao,viatura,outros,vitimas,vitimasfatais,acidente_verificado,tempo_clima,situacao_semaforo,sinalizacao,condicao_via,conservacao_via,ponto_controle,situacao_placa,velocidade_max_via,mao_direcao,divisao_via1,divisao_via2,divisao_via3
2873,2019-04-01T00:00:00,16:49:00,SEM VÍTIMA,FINALIZADA,AFOGADOS,RUA SAO MIGUEL,268,"",E/F AO DEPATRI,RUA SAO MIGUEL,268,E/F AO DEPATRI,AFOGADOS,,SUBURBIO,ABALROAMENTO LONGITUDINAL,COLISAO ENTRE AUTO E ONIBUS S/V,1,,,,,1,,,,0,,Longo da via,Bom,Não existe,Perfeito estado,Seca,Perfeito estado,Não existe,R-6a,"",Dupla,Faixa seccionada,"",""
2874,2019-04-01T00:00:00,17:01:00,SEM VÍTIMA,CANCELADA,CIDADE UNIVERSITÁRIA,AV REITOR JOAQUIM AMAZONAS,"","",NO GIRADOR DA REITORIA DA UNIVERSIDADE FEDERAL,AV REITOR JOAQUIM AMAZONAS,"",NO GIRADOR DA REITORIA DA UNIVERSIDADE FEDERAL,CIDADE UNIVERSITÁRIA,,"",COLISÃO,COLISÃO SEM VITIMAS,1,,,,,,1,,,0,,"","","","","","","","","","","","",""
2875,2019-04-01T00:00:00,17:23:00,SEM VÍTIMA,CANCELADA,VÁRZEA,AV INACIO DE BARROS BARRETO,384,"",NA RUA DO MUSEU DO BRENNAND,AV INACIO DE BARROS BARRETO,384,NA RUA DO MUSEU DO BRENNAND,VÁRZEA,,"",COLISÃO,COLISAO ENTRE AUTO E CAMINHAO S/V,1,,,,,,1,,,0,,"","","","","","","","","","","","",""
2876,2019-04-01T00:00:00,18:22:00,SEM VÍTIMA,FINALIZADA,ARRUDA,AV BEBERIBE,"",AV PROFESSOR JOSE DOS ANJOS,"",AV BEBERIBE,"","",ARRUDA,131,SUBURBIO,ABALROAMENTO LONGITUDINAL,COLISÃO SEM VITIMAS,1,,,,,,1,,,0,,Longo da via,Bom,Sem defeito,Perfeito estado,Seca,Perfeito estado,Faixa de pedestre,Não há placas,"",Dupla,Faixa contínua,"",""
2877,2019-04-01T00:00:00,19:20:00,SEM VÍTIMA,FINALIZADA,CORDEIRO,AV CAXANGA,1314,"",DIGITAL CENTER ASSISTÊNCIA TÉCNICA,AV CAXANGA,1314,DIGITAL CENTER ASSISTÊNCIA TÉCNICA,CORDEIRO,,SUBURBIO,ABALROAMENTO LONGITUDINAL,ENTRE AUTO PASSEIO E ÔNIBUS. S/V,1,,,,,1,,,,0,,Longo da via,Bom,Não existe,Perfeito estado,Seca,Perfeito estado,Não existe,Não há placas,"",Dupla,Canteiro central,"",""
2878,2019-04-01T00:00:00,20:10:00,SEM VÍTIMA,FINALIZADA,TORRE,RUA CONDE DE IRAJA,330,"",SAMSUNG SYSTE CELL,RUA CONDE DE IRAJA,330,SAMSUNG SYSTE CELL,TORRE,91,SUBURBIO,COLISÃO TRASEIRA,HONDA CIT X HB 20,2,,,,,,,,,0,,Longo da via,Bom,Sem defeito,Perfeito estado,Seca,Perfeito estado,Faixa de pedestre,Outras,"",Única,Faixa contínua,"",""
2879,2019-04-01T00:00:00,21:06:00,SEM VÍTIMA,FINALIZADA,TORRE,AV BEIRA RIO,"","",CURVA DA COMPESA,AV BEIRA RIO,"",CURVA DA COMPESA,TORRE,,SUBURBIO,COLISÃO TRASEIRA,SIENA X FORD K,2,,,,,,,,,0,,Longo da via,Bom,Não existe,Perfeito estado,Seca,Perfeito estado,Não existe,Não há placas,"",Dupla,Faixa contínua,"",""
2880,2019-04-02T00:00:00,06:25:00,SEM VÍTIMA,FINALIZADA,BOA VISTA,RUA DO PRINCIPE,"",RUA GERVASIO PIRES,"",RUA DO PRINCIPE,"","",BOA VISTA,41,"",ABALROAMENTO LONGITUDINAL,COLISÃO SEM VITIMAS,1,,,,,1,,,,0,,Cruzamento,Bom,Sem defeito,Perfeito estado,Seca,Perfeito estado,Faixa de pedestre,"",60 km/h,Única,Faixa contínua,"",""
2881,2019-04-02T00:00:00,06:54:00,SEM VÍTIMA,FINALIZADA,AREIAS,AV RECIFE,"","",ARMAZEM CORAL,AV RECIFE,"",ARMAZEM CORAL,AREIAS,,SUBURBIO,COLISÃO TRASEIRA,TRES AUTOS,3,,,,,,,,,0,,Viaduto,Bom,Não existe,Perfeito estado,Seca,Perfeito estado,Não existe,Não há placas,60 km/h,Única,Faixa seccionada,"",""
2882,2019-04-02T00:00:00,07:11:00,SEM VÍTIMA,FINALIZADA,BOA VIAGEM,AV ENGENHEIRO DOMINGOS FERREIRA,"",RUA TOME GIBSON,ESCOLA MUNICIPAL OSWALDO LIMA FILHO,AV ENGENHEIRO DOMINGOS FERREIRA,"",ESCOLA MUNICIPAL OSWALDO LIMA FILHO,BOA VIAGEM,200,SUBURBIO,ABALROAMENTO TRANSVERSAL,DOIS AUTOS,2,,,,,,,,,0,,Cruzamento,Bom,Sem defeito,Perfeito estado,Seca,Mal conservada,Faixa de pedestre,Não há placas,"",Única,Faixa seccionada,Canteiro central,""
2883,2019-04-02T00:00:00,07:35:00,SEM VÍTIMA,FINALIZADA,CASA AMARELA,AV PROFESSOR JOSE DOS ANJOS,"","","",AV PROFESSOR JOSE DOS ANJOS,"","",CASA AMARELA,,SUBURBIO,ABALROAMENTO LONGITUDINAL,DOIS AUTOS,2,,,,,,,,,0,,Cruzamento,Bom,Não existe,Perfeito estado,Seca,Perfeito estado,"",Placas Pare,"",Dupla,Faixa seccionada,"",""
2884,2019-04-02T00:00:00,09:06:00,SEM VÍTIMA,FINALIZADA,PRADO,RUA MANOEL DE ARRUDA CAMARA,120,RUA JOAO IVO DA SILVA,"",RUA MANOEL DE ARRUDA CAMARA,120,"",PRADO,,SUBURBIO,ABALROAMENTO LONGITUDINAL,AUTO E ONIBUS,1,,,,,1,,,,0,,"",Bom,Não existe,Perfeito estado,Seca,Perfeito estado,Não existe,"","",Única,"","",""
2885,2019-04-02T00:00:00,10:59:00,COM VÍTIMA,FINALIZADA,DERBY,AV GOVERNADOR AGAMENON MAGALHAES,"",RUA HENRIQUE DIAS,EM FRENTE AO SPETTOS,AV GOVERNADOR AGAMENON MAGALHAES,"",EM FRENTE AO SPETTOS,DERBY,68,SUBURBIO,ABALROAMENTO LONGITUDINAL,COLISÃO ENTRE AUTOMÓVEL E MOTOCICLETA.,1,1,,,,,,,,1,,Cruzamento,Bom,Sem defeito,Incompleta,Seca,Perfeito estado,Faixa de pedestre,R-19,60 km/h,Dupla,Canal,"",""
2886,2019-04-02T00:00:00,11:24:00,SEM VÍTIMA,FINALIZADA,DERBY,RUA JENER DE SOUZA,"",PRC DO DERBY,"",RUA JENER DE SOUZA,"","",DERBY,,SUBURBIO,COLISÃO TRASEIRA,COLISÃO SEM VITIMAS,2,,,,,,,,,0,,"",Bom,Não existe,Não existente,Seca,Perfeito estado,Não existe,Não há placas,40 km/h,Dupla,Canteiro central,"",""
2887,2019-04-02T00:00:00,11:52:00,SEM VÍTIMA,FINALIZADA,BOA VIAGEM,RUA PROFESSOR AUGUSTO LINS E SILVA,125,"",EM FRENTE AO ESPAÇO INFANTIL ADOLETA,RUA PROFESSOR AUGUSTO LINS E SILVA,125,EM FRENTE AO ESPAÇO INFANTIL ADOLETA,BOA VIAGEM,,"",COLISÃO,CAMINHÃO E AUTO,1,,,,,,1,,,0,,"","","","","","","","","","","","",""
2888,2019-04-02T00:00:00,11:41:00,SEM VÍTIMA,FINALIZADA,SANTO ANTÔNIO,AV MARTINS DE BARROS,"","",EM FRENTE AO BANCO SANTANDER,AV MARTINS DE BARROS,"",EM FRENTE AO BANCO SANTANDER,SANTO ANTÔNIO,,SUBURBIO,ABALROAMENTO LONGITUDINAL,DOIS AUTOS,2,,,,,,,,,0,,Longo da via,Bom,Não existe,Perfeito estado,Seca,Perfeito estado,Não existe,"","",Única,Faixa seccionada,"",""
2889,2019-04-02T00:00:00,12:28:00,SEM VÍTIMA,CANCELADA,CASA AMARELA,AV PEDRO ALLAIN,80,"",EM FRENTE A GALERIA CAIRUTAS,AV PEDRO ALLAIN,80,EM FRENTE A GALERIA CAIRUTAS,CASA AMARELA,,"",COLISÃO,COLISÃO SEM VÍTIMA,2,,,,,,,,,0,,"","","","","","","","","","","","",""
2890,2019-04-02T00:00:00,12:35:00,COM VÍTIMA,CANCELADA,BOA VIAGEM,AV BOA VIAGEM,"","",NO SEMAFORO 001 E/F AO PARQUE DONA LINDÚ,AV BOA VIAGEM,"",NO SEMAFORO 001 E/F AO PARQUE DONA LINDÚ,BOA VIAGEM,,"",ATROPELAMENTO,ATROPELAMENTO VEICULO E PEDESTRE,1,,,,1,,,,,1,,"","","","","","","","","","","","",""
2891,2019-04-02T00:00:00,12:36:00,SEM VÍTIMA,FINALIZADA,SAN MARTIN,AV ENGENHEIRO ABDIAS DE CARVALHO,899,"",EM FRENTE A FUNASE,AV ENGENHEIRO ABDIAS DE CARVALHO,899,EM FRENTE A FUNASE,SAN MARTIN,,CIDADE,COLISÃO TRASEIRA,COLISÃO SEM VÍTIMA,1,,,,,,1,,,0,,Longo da via,Bom,Não existe,Perfeito estado,Seca,Perfeito estado,Faixa de pedestre,Outras,60 km/h,Única,Faixa contínua,Canteiro central,""
2892,2019-04-02T00:00:00,12:45:00,SEM VÍTIMA,FINALIZADA,AREIAS,AV RECIFE,832,"",EM FRENTE A FARMACIA PAGUE MENOS,AV RECIFE,832,EM FRENTE A FARMACIA PAGUE MENOS,AREIAS,,SUBURBIO,COLISÃO,COLISÃO SEM VITIMAS,2,,,,,,,,,0,,"","","","","","","","","","","","",""
2893,2019-04-02T00:00:00,12:51:00,SEM VÍTIMA,FINALIZADA,GRAÇAS,AV CONS ROSA E SILVA,"",RUA RICARDO HARDMAN,E/F AO CAFÉ CAFÉ,AV CONS ROSA E SILVA,"",E/F AO CAFÉ CAFÉ,GRAÇAS,522,SUBURBIO,ABALROAMENTO LONGITUDINAL,COLISAO ENTRE DOIS AUTOS S/V,1,1,,,,,,,,0,,Longo da via,Bom,Sem defeito,Perfeito estado,Seca,Perfeito estado,Faixa de pedestre,R-6a,"",Dupla,Faixa contínua,"",""
2894,2019-04-02T00:00:00,12:54:00,SEM VÍTIMA,FINALIZADA,SANTO AMARO,RUA DOS PALMARES,"",RUA MAJOR CODECEIRA,"",RUA DOS PALMARES,"","",SANTO AMARO,,CIDADE,ABALROAMENTO TRANSVERSAL,COLISÃO SEM VITIMAS,1,1,,,,,,,,0,,Cruzamento,Bom,Não existe,Perfeito estado,Seca,Perfeito estado,Não existe,R-6a,30 km/h,Única,Não existe,"",""
2895,2019-04-02T00:00:00,13:25:00,COM VÍTIMA,FINALIZADA,SANTO ANTÔNIO,AV DANTAS BARRETO,321,AV GUARARAPES,PRAÇA DO DIARIO. EM FRENTE A SUBWAY.,AV DANTAS BARRETO,321,PRAÇA DO DIARIO. EM FRENTE A SUBWAY.,SANTO ANTÔNIO,15,SUBURBIO,ATROPELAMENTO,ATROPELAMENTO ENTRE ÔNIBUS E PEDESTRE.,,,,,1,1,,,,1,,Longo da via,Bom,Não existe,Perfeito estado,Seca,Perfeito estado,Faixa de pedestre,R-6a,"",Dupla,Canteiro central,"",""
2896,2019-04-02T00:00:00,13:55:00,SEM VÍTIMA,FINALIZADA,BOA VIAGEM,AV CONSELHEIRO AGUIAR,2205,"",BANCO BRADESCO,AV CONSELHEIRO AGUIAR,2205,BANCO BRADESCO,BOA VIAGEM,,CIDADE,ABALROAMENTO LONGITUDINAL,COLISÃO SEM VÍTIMA,2,,,,,,,,,0,,Longo da via,Bom,Não existe,Perfeito estado,Seca,Perfeito estado,Não existe,Outras,60 km/h,Única,Faixa contínua,"",""
2897,2019-04-02T00:00:00,14:05:00,SEM VÍTIMA,FINALIZADA,BOA VISTA,RUA HENRIQUE DIAS,895A,"",E/F AO EXTRA SUPERMERCADO,RUA HENRIQUE DIAS,895A,E/F AO EXTRA SUPERMERCADO,BOA VISTA,,CIDADE,ABALROAMENTO TRANSVERSAL,COLISAO ENTRE CAMINHAO E AUTO S/V,1,,,,,,1,,,0,,Longo da via,Bom,Não existe,Perfeito estado,Seca,Perfeito estado,Não existe,Não há placas,"",Única,Não existe,"",""
2898,2019-04-02T00:00:00,14:44:00,SEM VÍTIMA,FINALIZADA,MADALENA,RUA BENFICA,"","",EM FRENTE AO POSTO BR,RUA BENFICA,"",EM FRENTE AO POSTO BR,MADALENA,629,SUBURBIO,COLISÃO TRASEIRA,COLISÃO SEM VÍTIMA,2,,,,,,,,,0,,Longo da via,Bom,Sem defeito,Perfeito estado,Seca,Perfeito estado,Faixa de pedestre,Outras,"",Única,Faixa seccionada,"",""
2899,2019-04-02T00:00:00,15:13:00,SEM VÍTIMA,FINALIZADA,IMBIRIBEIRA,AV GENERAL MAC ARTHUR,"",RUA JORGE DE LIMA,SEMÁFORO 402,AV GENERAL MAC ARTHUR,"",SEMÁFORO 402,IMBIRIBEIRA,402,SUBURBIO,ABALROAMENTO TRANSVERSAL,COLISAO ENTRE DOIS AUTOS S/V,2,,,,,,,,,0,,Cruzamento,Bom,Sem defeito,Perfeito estado,Seca,Perfeito estado,Não existe,Não há placas,"",Única,Faixa seccionada,"",""
2900,2019-04-02T00:00:00,15:14:00,SEM VÍTIMA,FINALIZADA,VASCO DA GAMA,RUA VASCO DA GAMA,"",AV NORTE,"",RUA VASCO DA GAMA,"","",VASCO DA GAMA,66,SUBURBIO,ABALROAMENTO LONGITUDINAL,COLISÃO SEM VÍTIMA,1,,,,,1,,,,0,,Cruzamento,Bom,Sem defeito,Perfeito estado,Seca,Perfeito estado,Faixa de pedestre,Outras,60 km/h,Única,Faixa contínua,"",""
2901,2019-04-02T00:00:00,16:19:00,SEM VÍTIMA,FINALIZADA,ROSARINHO,AV NORTE,3435,"",EM FRENTE AO Nº 3435,AV NORTE,3435,EM FRENTE AO Nº 3435,ROSARINHO,,CIDADE,ABALROAMENTO LONGITUDINAL,COLISIÃO DE DOIS AUTO SEM VITIMAS,2,,,,,,,,,0,,Longo da via,Bom,Sem defeito,Perfeito estado,Seca,"",Não existe,Não há placas,"",Dupla,Canteiro central,"",""
2902,2019-04-02T00:00:00,16:23:00,SEM VÍTIMA,FINALIZADA,ILHA DO RETIRO,AV ENGENHEIRO ABDIAS DE CARVALHO,"","",EM FRENTE AO SPORT,AV ENGENHEIRO ABDIAS DE CARVALHO,"",EM FRENTE AO SPORT,ILHA DO RETIRO,355,CIDADE,COLISÃO TRASEIRA,COLISÃO SEM VITIMAS,3,,,,,,,,,0,,Longo da via,Bom,Sem defeito,Perfeito estado,Seca,Perfeito estado,Faixa de pedestre,Outras,60 km/h,Única,Faixa contínua,Canteiro central,""
2903,2019-04-02T00:00:00,16:46:00,SEM VÍTIMA,FINALIZADA,CASA AMARELA,AV NORTE,6139,"",EM FRENTE AO Nº 6139,AV NORTE,6139,EM FRENTE AO Nº 6139,CASA AMARELA,,CIDADE,COLISÃO TRASEIRA,COLISÃO SEM VITIMAS,2,,,,,,,,,0,,Longo da via,Bom,Não existe,Perfeito estado,Seca,Perfeito estado,Faixa de pedestre,R-6a,"",Dupla,Canteiro central,"",""
2904,2019-04-02T00:00:00,17:13:00,COM VÍTIMA,FINALIZADA,CAXANGÁ,RUA ENGENHO POETA,"",AV CAXANGA,AO LADO DA MULT AVE SAUDE AMBIENTAL. PRÓXIMO AO CAXANGÁ COUNTRY GOLF CLUB.,RUA ENGENHO POETA,"",AO LADO DA MULT AVE SAUDE AMBIENTAL. PRÓXIMO AO CAXANGÁ COUNTRY GOLF CLUB.,CAXANGÁ,,SUBURBIO,ABALROAMENTO LONGITUDINAL,COLISÃO ENTRE DUAS MOTOCICLETAS.,,2,,,,,,,,1,,Longo da via,Bom,Não existe,Perfeito estado,Seca,Perfeito estado,Não existe,Não há placas,"",Dupla,Canteiro central,"",""
2905,2019-04-02T00:00:00,17:17:00,COM VÍTIMA,FINALIZADA,CABANGA,VIADUTO CAPITAO TEMUDO,"","",SOBRE O VIADUTO,VIADUTO CAPITAO TEMUDO,"",SOBRE O VIADUTO,CABANGA,,"",COLISÃO TRASEIRA,DOIS AUTOS PASSEIO,2,,,,,,,,,2,,Viaduto,Bom,Não existe,Perfeito estado,Seca,Perfeito estado,Não existe,Não há placas,40 km/h,Única,Faixa seccionada,"",""
2906,2019-04-02T00:00:00,18:10:00,COM VÍTIMA,FINALIZADA,SANTO ANTÔNIO,AV GUARARAPES,"",RUA DO SOL,EM FRENTE AOS CORREIOS,AV GUARARAPES,"",EM FRENTE AOS CORREIOS,SANTO ANTÔNIO,14,CIDADE,ABALROAMENTO TRANSVERSAL,COLISÃO ENTRE AUTOMÓVEL E MOTOCICLETA.,1,1,,,,,,,,1,,Longo da via,Bom,Sem defeito,Perfeito estado,Seca,Perfeito estado,Não existe,Não há placas,"",Dupla,Não existe,"",""
2907,2019-04-02T00:00:00,18:20:00,SEM VÍTIMA,FINALIZADA,BOA VIAGEM,AV ENGENHEIRO DOMINGOS FERREIRA,"","",EM FRENTE AO BRADESCO,AV ENGENHEIRO DOMINGOS FERREIRA,"",EM FRENTE AO BRADESCO,BOA VIAGEM,,SUBURBIO,ABALROAMENTO LONGITUDINAL,ONIBUS E AUTO SEM VITIMAS,1,,,,,1,,,,0,,Longo da via,Bom,Não existe,Perfeito estado,Seca,Perfeito estado,"",Não há placas,60 km/h,Única,Faixa contínua,"",""
2908,2019-04-02T00:00:00,18:26:00,SEM VÍTIMA,FINALIZADA,TORRE,RUA JOSE BONIFACIO,636,"",ENF AO CARLITOS BURGUER,RUA JOSE BONIFACIO,636,ENF AO CARLITOS BURGUER,TORRE,,SUBURBIO,COLISÃO TRASEIRA,HB 20 X SIENA,2,,,,,,,,,0,,Longo da via,Bom,Sem defeito,Perfeito estado,Seca,Perfeito estado,Faixa de pedestre,R-6a,40 km/h,Única,Faixa seccionada,"",""
2909,2019-04-02T00:00:00,18:38:00,SEM VÍTIMA,CANCELADA,CAMPINA DO BARRETO,RUA TENENTE WANDERLEY,669,"",NO TERMINAL DA CAMPINA DO BARRETO,RUA TENENTE WANDERLEY,669,NO TERMINAL DA CAMPINA DO BARRETO,CAMPINA DO BARRETO,,"",COLISÃO,ONIBUS E AUTO SEM VITIMAS,1,,,,,1,,,,0,,"","","","","","","","","","","","",""
2910,2019-04-02T00:00:00,19:04:00,SEM VÍTIMA,FINALIZADA,CORDEIRO,RUA TAMBORIL,66,RUA ARARANGUA,"",RUA TAMBORIL,66,"",CORDEIRO,,SUBURBIO,ABALROAMENTO TRANSVERSAL,VAN ESCOLA X HONDA CIT,1,,,,,1,,,,0,,Cruzamento,Bom,Não existe,Incompleta,Seca,Mal conservada,Faixa de retenção,Placas Pare,"",Dupla,Não existe,"",""
2911,2019-04-02T00:00:00,19:14:00,COM VÍTIMA,FINALIZADA,CASA FORTE,RUA DONA ADA VIEIRA,120,RUA SANT'ANNA,BUFFET PORTO FINO,RUA DONA ADA VIEIRA,120,BUFFET PORTO FINO,CASA FORTE,,SUBURBIO,COLISÃO COM CICLISTA,COLISÃO ENTRE AUTOMÓVEL E BICICLETA.,1,,,1,,,,,,2,,Cruzamento,Bom,Não existe,Perfeito estado,Seca,Perfeito estado,Não existe,Placas Pare,"",Dupla,Faixa seccionada,"",""
2912,2019-04-02T00:00:00,20:02:00,SEM VÍTIMA,FINALIZADA,BOA VIAGEM,AV ENGENHEIRO DOMINGOS FERREIRA,4650,"",EM FRENTE AO Nº 4650,AV ENGENHEIRO DOMINGOS FERREIRA,4650,EM FRENTE AO Nº 4650,BOA VIAGEM,,SUBURBIO,COLISÃO TRASEIRA,COLISÃO AUTO E ONIBUS,1,,,,,1,,,,0,,Longo da via,Bom,Não existe,Perfeito estado,Seca,Perfeito estado,Não existe,Não há placas,"",Única,Faixa contínua,"",""
2913,2019-04-02T00:00:00,22:31:00,SEM VÍTIMA,FINALIZADA,IPUTINGA,AV CAXANGA,"",AV PROFESSOR MORAES REGO,"",AV CAXANGA,"","",IPUTINGA,,SUBURBIO,ABALROAMENTO LONGITUDINAL,VAN ESCOLAR X FIAT UNO,1,,,,,1,,,,0,,"",Bom,Não existe,Perfeito estado,Seca,"",Faixa de retenção,Não há placas,"",Dupla,Canteiro central,"",""
2914,2019-04-02T00:00:00,22:49:00,SEM VÍTIMA,FINALIZADA,VÁRZEA,RUA GENERAL POLIDORO,"","",AO LADO ACADEMIA REEF,RUA GENERAL POLIDORO,"",AO LADO ACADEMIA REEF,VÁRZEA,,SUBURBIO,ABALROAMENTO LONGITUDINAL,DOIS AUTOS PASSEIO,2,,,,,,,,,0,,Longo da via,Bom,Não existe,Perfeito estado,Seca,Perfeito estado,Agente,Não há placas,"",Única,"","",""
2915,2019-04-03T00:00:00,06:35:00,SEM VÍTIMA,CANCELADA,AFOGADOS,RUA PROFESSOR AUGUSTO WANDERLEY FILHO,4631,RUA MOTOCOLOMBO,EM FRENTE AO TRT-6º REGIAO,RUA PROFESSOR AUGUSTO WANDERLEY FILHO,4631,EM FRENTE AO TRT-6º REGIAO,AFOGADOS,,"",COLISÃO,DOIS AUTOS,2,,,,,,,,,0,,"","","","","","","","","","","","",""
2916,2019-04-03T00:00:00,06:51:00,COM VÍTIMA,FINALIZADA,BOA VISTA,RUA JOSE DE ALENCAR,137,RUA BARAO DE SAO BORJA,EM FRENTE AO EDF JOSE DE ALENCAR,RUA JOSE DE ALENCAR,137,EM FRENTE AO EDF JOSE DE ALENCAR,BOA VISTA,,SUBURBIO,ABALROAMENTO TRANSVERSAL,COLISÃO ENTRE DOIS AUTOMÓVEIS.,2,,,,,,,,,1,,Cruzamento,Bom,Não existe,Perfeito estado,Seca,Perfeito estado,Faixa de retenção,Placas Pare,"",Única,"","",""
2917,2019-04-03T00:00:00,08:11:00,SEM VÍTIMA,FINALIZADA,BOA VIAGEM,AV BOA VIAGEM,5740,"",EM FRENTE AO EDF. MANOEL DE BRITO,AV BOA VIAGEM,5740,EM FRENTE AO EDF. MANOEL DE BRITO,BOA VIAGEM,,CIDADE,COLISÃO TRASEIRA,DOIS AUTOS,2,,,,,,,,,0,,Longo da via,Bom,Sem defeito,Perfeito estado,Seca,Perfeito estado,Não existe,Não há placas,"",Única,Faixa contínua,"",""
2918,2019-04-03T00:00:00,09:58:00,SEM VÍTIMA,FINALIZADA,DERBY,PRC DO DERBY,"",RUA JENER DE SOUZA,"",PRC DO DERBY,"","",DERBY,418,SUBURBIO,ABALROAMENTO TRANSVERSAL,COLISÃO SEM VITIMAS,2,,,,,,,,,0,,Cruzamento,Bom,Sem defeito,Perfeito estado,Seca,Perfeito estado,Faixa de pedestre,Outras,60 km/h,Única,Faixa seccionada,"",""
2919,2019-04-03T00:00:00,10:38:00,SEM VÍTIMA,CANCELADA,ILHA DO RETIRO,RUA SPORT CLUBE DO RECIFE,"","",EM FRENTE AO RESTAURANTE VARANDA,RUA SPORT CLUBE DO RECIFE,"",EM FRENTE AO RESTAURANTE VARANDA,ILHA DO RETIRO,,"",COLISÃO,COLISÃO SEM VITIMAS,2,,,,,,,,,0,,"","","","","","","","","","","","",""
2920,2019-04-03T00:00:00,10:48:00,SEM VÍTIMA,FINALIZADA,CORDEIRO,RUA ODETE MONTEIRO,96,"","",RUA ODETE MONTEIRO,96,"",CÓRREGO DO JENIPAPO,,CIDADE,COLISÃO TRASEIRA,COLISÃO SEM VITIMAS,2,,,,,,,,,0,,Longo da via,Bom,Sem defeito,Perfeito estado,Seca,Perfeito estado,Outros,Outras,"",Dupla,Faixa seccionada,"",""
2921,2019-04-03T00:00:00,10:50:00,COM VÍTIMA,FINALIZADA,IMBIRIBEIRA,AV MARECHAL MASCARENHAS DE MORAES,"","",EM FRENTE AO AEROPORTO INTERNACIONAL DO RECIFE.,AV MARECHAL MASCARENHAS DE MORAES,"",EM FRENTE AO AEROPORTO INTERNACIONAL DO RECIFE.,IMBIRIBEIRA,,SUBURBIO,CHOQUE OBJETO FIXO,CHOQUE ENTRE MOTOCICLETA E OBJETO FIXO NÃO INFORMADO.,,1,,,,,,,,1,,Viaduto,Bom,Não existe,Perfeito estado,Seca,Perfeito estado,Não existe,Não há placas,"",Dupla,Canteiro central,"",""
2922,2019-04-03T00:00:00,10:59:00,SEM VÍTIMA,FINALIZADA,DERBY,AV GOVERNADOR AGAMENON MAGALHAES,"","",EM FRENTE AO HOSPITAL DA RESTAURAÇÃO,AV GOVERNADOR AGAMENON MAGALHAES,"",EM FRENTE AO HOSPITAL DA RESTAURAÇÃO,DERBY,174,CIDADE,ABALROAMENTO LONGITUDINAL,SEM VITMAS,3,,,,,,,,,0,,Longo da via,Bom,Sem defeito,Perfeito estado,Seca,Perfeito estado,Faixa de pedestre,"",60 km/h,Dupla,Canal,"",""
2923,2019-04-03T00:00:00,11:26:00,SEM VÍTIMA,CANCELADA,BAIRRO DO RECIFE,CAIS DA ALFANDEGA,27,"",AO LADO DO PREDIO DA VOTORANTIM,CAIS DA ALFANDEGA,27,AO LADO DO PREDIO DA VOTORANTIM,BAIRRO DO RECIFE,,"",COLISÃO,DOIS AUTOS,2,,,,,,,,,0,,"","","","","","","","","","","","",""
2924,2019-04-03T00:00:00,12:07:00,SEM VÍTIMA,FINALIZADA,SANTO AMARO,RUA TREZE DE MAIO,914A,RUA FREI CASSIMIRO,"",RUA TREZE DE MAIO,914A,"",SANTO AMARO,,"",ABALROAMENTO TRANSVERSAL,COLISÃO SEM VÍTIMA,2,,,,,,,,,0,,Cruzamento,Bom,Não existe,Incompleta,Seca,Mal conservada,Não existe,Não há placas,60 km/h,Dupla,Não existe,"",""
2925,2019-04-03T00:00:00,12:11:00,SEM VÍTIMA,FINALIZADA,SANTO AMARO,AV GOVERNADOR AGAMENON MAGALHAES,1800,"",NA FRENTE DO MINISTERIO PÚBLICO FEDERAL,AV GOVERNADOR AGAMENON MAGALHAES,1800,NA FRENTE DO MINISTERIO PÚBLICO FEDERAL,SANTO AMARO,,"",ABALROAMENTO LONGITUDINAL,COLISA SEM VITIMAS,2,,,,,,,,,0,,Longo da via,Bom,Não existe,Perfeito estado,Seca,Perfeito estado,Não existe,Não há placas,60 km/h,"",Faixa seccionada,"",""
2926,2019-04-03T00:00:00,14:07:00,SEM VÍTIMA,FINALIZADA,BOA VIAGEM,AV ENGENHEIRO DOMINGOS FERREIRA,"","",E/F AO POSTO BR,AV ENGENHEIRO DOMINGOS FERREIRA,"",E/F AO POSTO BR,BOA VIAGEM,,SUBURBIO,COLISÃO TRASEIRA,COLISAO ENTRE DOIS AUTOS S/V,2,,,,,,,,,0,,Longo da via,Bom,Não existe,Perfeito estado,Seca,Perfeito estado,Não existe,R-6a,60 km/h,Única,Canteiro central,"",""
2927,2019-04-03T00:00:00,14:21:00,SEM VÍTIMA,FINALIZADA,BOA VIAGEM,RUA VISCONDE DE JEQUITINHONHA,1140,"",PRÓXIMO AO PARQUE DONA LINDU,RUA VISCONDE DE JEQUITINHONHA,1140,PRÓXIMO AO PARQUE DONA LINDU,BOA VIAGEM,,SUBURBIO,COLISÃO TRASEIRA,ENGAVETAMENTO DE TRES VEICULOS,3,,,,,,,,,0,,Longo da via,Bom,Sem defeito,Perfeito estado,Seca,Perfeito estado,Faixa de pedestre,"","",Dupla,Canteiro central,"",""
2928,2019-04-03T00:00:00,14:43:00,SEM VÍTIMA,FINALIZADA,IPUTINGA,AV CAXANGA,"","",SOB O VIADUTO DA BR 101,AV CAXANGA,"",SOB O VIADUTO DA BR 101,IPUTINGA,,CIDADE,ABALROAMENTO LONGITUDINAL,COLISAO ENTRE DOIS AUTOS S/V,2,,,,,,,,,0,,Longo da via,Bom,Não existe,Não existente,"",Mal conservada,Não existe,Não há placas,"",Dupla,Canteiro central,"",""