_id,DATA,hora,natureza_acidente,situacao,bairro,endereco,numero,detalhe_endereco_acidente,complemento,endereco_cruzamento,numero_cruzamento,referencia_cruzamento,bairro_cruzamento,num_semaforo,sentido_via,tipo,descricao,auto,moto,ciclom,ciclista,pedestre,onibus,caminhao,viatura,outros,vitimas,vitimasfatais,acidente_verificado,tempo_clima,situacao_semaforo,sinalizacao,condicao_via,conservacao_via,ponto_controle,situacao_placa,velocidade_max_via,mao_direcao,divisao_via1,divisao_via2,divisao_via3
2929,2019-04-03T00:00:00,16:30:00,SEM VÍTIMA,FINALIZADA,MADALENA,RUA BENFICA,1015,"","",RUA BENFICA,1015,"",MADALENA,,CIDADE,ABALROAMENTO LONGITUDINAL,COLISÃO SEM VÍTIMA,2,,,,,,,,,0,,Longo da via,Bom,Não existe,Perfeito estado,Seca,Perfeito estado,Outros,Outras,"",Dupla,Faixa contínua,Faixa seccionada,""
2930,2019-04-03T00:00:00,16:54:00,SEM VÍTIMA,CANCELADA,ENGENHO DO MEIO,RUA MAURICEIA,"","",AO LADO DA SUDENE,RUA MAURICEIA,"",AO LADO DA SUDENE,ENGENHO DO MEIO,,"",COLISÃO,COLISÃO SEM VÍTIMA,,,,,,,,,,0,,"","","","","","","","","","","","",""
2931,2019-04-03T00:00:00,17:05:00,SEM VÍTIMA,FINALIZADA,ROSARINHO,RUA DES MARTINS PEREIRA,344,"",VIAJE COM DARCY,RUA DES MARTINS PEREIRA,344,VIAJE COM DARCY,ROSARINHO,,SUBURBIO,ABALROAMENTO LONGITUDINAL,COLISÃO SEM VÍTIMA,2,,,,,,,,,0,,Longo da via,Bom,Não existe,Perfeito estado,Seca,Perfeito estado,Não existe,Outras,"",Única,Não existe,"",""
2932,2019-04-03T00:00:00,17:34:00,SEM VÍTIMA,FINALIZADA,PONTO DE PARADA,RUA PROFESSOR JERONIMO GUEIROS,"",RUA DONA ELVIRA,"",RUA PROFESSOR JERONIMO GUEIROS,"","",PONTO DE PARADA,,"",ABALROAMENTO TRANSVERSAL,COLISAO ENTRE DOIS AUTOS S/V,2,,,,,,,,,0,,Cruzamento,Bom,Não existe,Incompleta,Seca,Perfeito estado,Não existe,"","","","","",""
2933,2019-04-03T00:00:00,17:59:00,SEM VÍTIMA,CANCELADA,IMBIRIBEIRA,AV MARECHAL MASCARENHAS DE MORAES,"","","NA DESCIDA DA PONTE MOTOCOLOMBÓ, SNT CENTRO - BV",AV MARECHAL MASCARENHAS DE MORAES,"","NA DESCIDA DA PONTE MOTOCOLOMBÓ, SNT CENTRO - BV",IMBIRIBEIRA,,"",COLISÃO,ENTRE 2 AUTOS. S/V,2,,,,,,,,,0,,"","","","","","","","","","","","",""
2934,2019-04-03T00:00:00,19:06:00,SEM VÍTIMA,CANCELADA,VÁRZEA,AV AFONSO OLINDENSE,45,"",E/F AO DESAFIO JOVEM / PRÓX A PRC DA VÁRZEA,AV AFONSO OLINDENSE,45,E/F AO DESAFIO JOVEM / PRÓX A PRC DA VÁRZEA,VÁRZEA,,"",COLISÃO,ENTRE CAMINHÃO E AUTO.,1,,,,,,1,,,0,,"","","","","","","","","","","","",""
2935,2019-04-03T00:00:00,18:47:00,COM VÍTIMA,FINALIZADA,ENCRUZILHADA,RUA INACIO GALVAO DOS SANTOS,"",RUA FERNANDO CESAR,PRAÇA DON MIGUEL VALVERDE,RUA INACIO GALVAO DOS SANTOS,"",PRAÇA DON MIGUEL VALVERDE,ENCRUZILHADA,,"",ABALROAMENTO TRANSVERSAL,COLISÃO ENTRE AUTOMÓVEL E MOTOCICLETA.,1,1,,,,,,,,1,,Cruzamento,Bom,Não existe,Incompleta,Seca,"","",Placas Pare,"",Única,Não existe,"",""
2936,2019-04-03T00:00:00,19:00:00,SEM VÍTIMA,FINALIZADA,IMBIRIBEIRA,AV DOM JOAO VI,20,AV ANTONIO TORRES GALVAO,PROX AO POSTO BR,AV DOM JOAO VI,20,PROX AO POSTO BR,IMBIRIBEIRA,543,SUBURBIO,ABALROAMENTO LONGITUDINAL,MERCEDES X TUCSON,2,,,,,,,,,0,,Longo da via,Bom,Sem defeito,Perfeito estado,Seca,Mal iluminada,Faixa de pedestre,R-25a,50 km/h,Única,Não existe,"",""
2937,2019-04-03T00:00:00,19:35:00,SEM VÍTIMA,FINALIZADA,IMBIRIBEIRA,AV MARECHAL MASCARENHAS DE MORAES,7935,"",V.A FREIOS E DIREÇÕES HIDRÁULICAS,AV MARECHAL MASCARENHAS DE MORAES,7935,V.A FREIOS E DIREÇÕES HIDRÁULICAS,IMBIRIBEIRA,,SUBURBIO,ABALROAMENTO LONGITUDINAL,ENTRE 2 AUTOS. S/V,2,,,,,,,,,0,,"",Chuvoso,Não existe,Não existente,Molhada,Mal iluminada,"",Não há placas,50 km/h,Dupla,Canteiro central,"",""
2938,2019-04-03T00:00:00,19:54:00,SEM VÍTIMA,FINALIZADA,IMBIRIBEIRA,AV DOM JOAO VI,20,AV ANTONIO TORRES GALVAO,ESQUINA COM O POSTO BR,AV DOM JOAO VI,20,ESQUINA COM O POSTO BR,IMBIRIBEIRA,,SUBURBIO,ABALROAMENTO LONGITUDINAL,ENTRE 2 AUTOS. S/V,2,,,,,,,,,0,,Longo da via,Bom,Sem defeito,Perfeito estado,Seca,Mal iluminada,Faixa de pedestre,Placas Pare,"",Única,Não existe,"",""
2939,2019-04-03T00:00:00,20:04:00,SEM VÍTIMA,FINALIZADA,BOA VISTA,RUA DOM BOSCO,"","",AO LADO DA DROGASIL,RUA DOM BOSCO,"",AO LADO DA DROGASIL,BOA VISTA,174,SUBURBIO,COLISÃO TRASEIRA,ENTRE AUTO PASSEIO E ÔNIBUS. S/V,1,,,,,1,,,,0,,Longo da via,Bom,Sem defeito,Perfeito estado,Seca,Perfeito estado,Faixa de pedestre,"","",Única,Faixa seccionada,"",""
2940,2019-04-03T00:00:00,20:11:00,SEM VÍTIMA,FINALIZADA,SAN MARTIN,AV GENERAL SAN MARTIN,"",RUA JOSE VELOSO,RUA APULCRO DE ASSUNÇÃO,AV GENERAL SAN MARTIN,"",RUA APULCRO DE ASSUNÇÃO,SAN MARTIN,,SUBURBIO,ABALROAMENTO TRANSVERSAL,HB 20 X ONIX,2,,,,,,,,,0,,Cruzamento,Bom,Não existe,Não existente,Seca,Mal iluminada,Não existe,Não há placas,"",Dupla,Não existe,"",""
2941,2019-04-03T00:00:00,20:25:00,SEM VÍTIMA,FINALIZADA,IMBIRIBEIRA,RUA GENERAL GOES MONTEIRO,182,RUA ENGENHEIRO JOSE BRANDAO CAVALCANTE,ADVOGADOS ARAUJO E MOURA,RUA GENERAL GOES MONTEIRO,182,ADVOGADOS ARAUJO E MOURA,IMBIRIBEIRA,,SUBURBIO,ABALROAMENTO LONGITUDINAL,ENTRE 2 AUTOS. S/V,2,,,,,,,,,0,,Cruzamento,Bom,Não existe,Incompleta,Seca,Mal iluminada,Não existe,Placas Pare,"",Única,Não existe,"",""
2942,2019-04-03T00:00:00,20:43:00,SEM VÍTIMA,FINALIZADA,CORDEIRO,AV CAXANGA,"","",LADO OPOSTO A FACULDADE IMACULADA CONCEIÇÃO DO RECIFE,AV CAXANGA,"",LADO OPOSTO A FACULDADE IMACULADA CONCEIÇÃO DO RECIFE,CORDEIRO,,SUBURBIO,COLISÃO TRASEIRA,ENTRE 3 AUTOS. S/V,3,,,,,,,,,0,,Longo da via,Chuvoso,Não existe,Ilegível,Molhada,Mal iluminada,Não existe,Não há placas,60 km/h,Dupla,Canteiro central,"",""
2943,2019-04-03T00:00:00,20:51:00,SEM VÍTIMA,FINALIZADA,IMBIRIBEIRA,AV MARECHAL MASCARENHAS DE MORAES,"","",POR BAIXO DO VIADUTO TRANC NEVES,AV MARECHAL MASCARENHAS DE MORAES,"",POR BAIXO DO VIADUTO TRANC NEVES,IMBIRIBEIRA,,CIDADE,ABALROAMENTO LONGITUDINAL,ENTRE AUTO E ÕNIBUS. S/V,1,,,,,1,,,,0,,Longo da via,Chuvoso,Sem defeito,Perfeito estado,Molhada,Perfeito estado,"",Não há placas,50 km/h,Dupla,Canteiro central,"",""
2944,2019-04-03T00:00:00,21:41:00,SEM VÍTIMA,FINALIZADA,BOA VIAGEM,RUA PROFESSOR JOAO MEDEIROS,"",RUA JACK AYRES,AO LADO DO RESTAURANTE PAPA-CAPIM,RUA PROFESSOR JOAO MEDEIROS,"",AO LADO DO RESTAURANTE PAPA-CAPIM,BOA VIAGEM,183,CIDADE,COLISÃO TRASEIRA,SANDERO X CITROEN C3,2,,,,,,,,,0,,Cruzamento,Bom,Sem defeito,Perfeito estado,Seca,Perfeito estado,"",R-6a,"",Dupla,Faixa seccionada,Canal,""
2945,2019-04-04T00:00:00,00:53:00,SEM VÍTIMA,FINALIZADA,BOA VISTA,AV CONDE DA BOA VISTA,"",RUA DA SOLEDADE,"",AV CONDE DA BOA VISTA,"","",BOA VISTA,25,"",ABALROAMENTO TRANSVERSAL,COLISÃO AUTO E ONIBUS,1,,,,,1,,,,0,,Cruzamento,Chuvoso,Sem defeito,Perfeito estado,Molhada,Perfeito estado,"",R-6a,"",Dupla,Faixa contínua,"",""
2946,2019-04-04T00:00:00,06:17:00,SEM VÍTIMA,FINALIZADA,PRADO,AV ENGENHEIRO ABDIAS DE CARVALHO,"",RUA JOAO IVO DA SILVA,EM FRENTE A GRANVIA,AV ENGENHEIRO ABDIAS DE CARVALHO,"",EM FRENTE A GRANVIA,PRADO,132,CIDADE,COLISÃO TRASEIRA,SEM VITiMAS,3,,,,,,,,,0,,Longo da via,Bom,Sem defeito,Perfeito estado,Seca,Perfeito estado,Faixa de retenção,"",60 km/h,Dupla,Canteiro central,"",""
2947,2019-04-04T00:00:00,07:14:00,COM VÍTIMA,FINALIZADA,BOMBA DO HEMETÉRIO,RUA BOMBA DO HEMETERIO,155,"",EM FRENTE A EDVALDO BEBIDAS. PARADA DE ÔNIBUS Nº 120029,RUA BOMBA DO HEMETERIO,155,EM FRENTE A EDVALDO BEBIDAS. PARADA DE ÔNIBUS Nº 120029,BOMBA DO HEMETÉRIO,,CIDADE,ABALROAMENTO LONGITUDINAL,"COLISÃO ENTRE AUTOMÓVEL, ÔNIBUS E MOTOCICLETA.",1,1,,,,1,,,,1,,Longo da via,Bom,Não existe,Perfeito estado,Seca,Perfeito estado,Não existe,Não há placas,"",Dupla,Faixa seccionada,"",""
2948,2019-04-04T00:00:00,07:15:00,SEM VÍTIMA,FINALIZADA,CASA AMARELA,AV NORTE,"",RUA AVIADOR REGO BARROS,"",AV NORTE,"","",CASA AMARELA,,SUBURBIO,COLISÃO TRASEIRA,COLISÃO SEM VITIMAS,2,,,,,,,,,0,,Longo da via,Bom,Não existe,Perfeito estado,Seca,Perfeito estado,Outros,R-6a,"",Dupla,Faixa seccionada,Canteiro central,""
2949,2019-04-04T00:00:00,07:22:00,SEM VÍTIMA,FINALIZADA,CIDADE UNIVERSITÁRIA,RUA DEPUTADO CUNHA RABELO,273,"",COLÉGIO GERAÇÃO,RUA DEPUTADO CUNHA RABELO,273,COLÉGIO GERAÇÃO,CIDADE UNIVERSITÁRIA,,SUBURBIO,COLISÃO FRONTAL,SEM VITIMAS,2,,,,,,,,,0,,Longo da via,Bom,Não existe,Não existente,Seca,Mal conservada,Não existe,Não há placas,"",Dupla,Não existe,"",""
2950,2019-04-04T00:00:00,08:02:00,SEM VÍTIMA,FINALIZADA,MADALENA,AV VISCONDE DE ALBUQUERQUE,"",RUA LOPES DE CARVALHO,"",AV VISCONDE DE ALBUQUERQUE,"","",MADALENA,,SUBURBIO,ABALROAMENTO LONGITUDINAL,COLISÃO SEM VITIMAS,2,,,,,,,,,0,,Cruzamento,Bom,Não existe,Perfeito estado,Seca,Perfeito estado,Não existe,Não há placas,"",Única,Faixa seccionada,"",""
2951,2019-04-04T00:00:00,08:36:00,SEM VÍTIMA,FINALIZADA,ENGENHO DO MEIO,RUA ANTONIO CURADO,35,"","",RUA ANTONIO CURADO,35,"",ENGENHO DO MEIO,,CIDADE,ABALROAMENTO LONGITUDINAL,CAMINHAO E AUTO PASSEIO,1,,,,,,1,,,0,,Longo da via,Bom,Não existe,Perfeito estado,Seca,Perfeito estado,Não existe,"",40 km/h,Dupla,Não existe,"",""
2952,2019-04-04T00:00:00,08:48:00,SEM VÍTIMA,CANCELADA,TORRE,RUA PADRE ANCHIETA,"",RUA REAL DA TORRE,EM FRENTE A LANCHONETE CONFRARIA DO SANDUBA,RUA PADRE ANCHIETA,"",EM FRENTE A LANCHONETE CONFRARIA DO SANDUBA,TORRE,192,"",COLISÃO,SEM VITIMAS,2,,,,,,,,,0,,"","","","","","","","","","","","",""
2953,2019-04-04T00:00:00,09:37:00,SEM VÍTIMA,FINALIZADA,BOA VIAGEM,AV DES JOSE NEVES,"",RUA BARAO DE SOUZA LEAO,SEMÁFORO DE Nº 476,AV DES JOSE NEVES,"",SEMÁFORO DE Nº 476,BOA VIAGEM,476,SUBURBIO,ABALROAMENTO LONGITUDINAL,SEM VITIMAS,2,,,,,,,,,0,,Cruzamento,Bom,Sem defeito,Perfeito estado,Seca,Perfeito estado,Faixa de pedestre,R-6a,"",Dupla,Canteiro central,"",""
2954,2019-04-04T00:00:00,09:42:00,SEM VÍTIMA,FINALIZADA,CAJUEIRO,AV CIDADE DE MONTEIRO,"","",EM FRENTE A PARADA DE ÔNBUS DE Nº 130307,AV CIDADE DE MONTEIRO,"",EM FRENTE A PARADA DE ÔNBUS DE Nº 130307,CAJUEIRO,,SUBURBIO,ABALROAMENTO LONGITUDINAL,ONIBUS E AUTO PASSEIO,1,,,,,1,,,,0,,Longo da via,Bom,Não existe,Ilegível,Seca,Perfeito estado,Não existe,Outras,"",Dupla,"","",""
2955,2019-04-04T00:00:00,09:43:00,SEM VÍTIMA,CANCELADA,TORRE,RUA JOSE BONIFACIO,621,"",AO LADO DE MONICA CABELEREIRO,RUA JOSE BONIFACIO,621,AO LADO DE MONICA CABELEREIRO,TORRE,191,"",COLISÃO,SEM VITIMAS,1,1,,,,,,,,0,,"","","","","","","","","","","","",""
2956,2019-04-04T00:00:00,10:18:00,COM VÍTIMA,FINALIZADA,IMBIRIBEIRA,RUA ITAJAI,162,RUA ITACARI,RUA DO INOVE,RUA ITAJAI,162,RUA DO INOVE,IMBIRIBEIRA,,SUBURBIO,ABALROAMENTO TRANSVERSAL,MOTO / AUTO PASSEIO,1,1,,,,,,,,1,,Cruzamento,Bom,Não existe,Perfeito estado,Seca,Perfeito estado,Faixa de pedestre,Placas Pare,"",Única,Faixa contínua,Faixa seccionada,""
2957,2019-04-04T00:00:00,10:33:00,SEM VÍTIMA,CANCELADA,BOA VIAGEM,RUA SA E SOUZA,725,RUA DR LUIZ INACIO PESSOA DE MELO,EM FRENTE AO EMPRESARIAL SÁ E SOUZA,RUA SA E SOUZA,725,EM FRENTE AO EMPRESARIAL SÁ E SOUZA,BOA VIAGEM,,"",COLISÃO,SEM VITIMAS,,1,,,,,1,,,0,,"","","","","","","","","","","","",""
2958,2019-04-04T00:00:00,10:56:00,SEM VÍTIMA,FINALIZADA,PINA,PTE GOVERNADOR PAULO GUERRA,"","",AO LADO DA COMPESA,PTE GOVERNADOR PAULO GUERRA,"",AO LADO DA COMPESA,PINA,,"",COLISÃO FRONTAL,COLISÃO SEM VITIMAS,1,1,,,,,,,,0,,Longo da via,Bom,Não existe,Perfeito estado,Seca,Perfeito estado,Não existe,Não há placas,60 km/h,Única,Faixa contínua,"",""
2959,2019-04-04T00:00:00,11:17:00,SEM VÍTIMA,FINALIZADA,DERBY,AV GOVERNADOR AGAMENON MAGALHAES,"","",EM FRENTE AO HOSPITAL DA RESTAURAÇAO ( EMERGÊNCIA CLÍNICA),AV GOVERNADOR AGAMENON MAGALHAES,"",EM FRENTE AO HOSPITAL DA RESTAURAÇAO ( EMERGÊNCIA CLÍNICA),DERBY,650,"",COLISÃO TRASEIRA,DOIS AUTOS,2,,,,,,,,,0,,Longo da via,Bom,Sem defeito,Perfeito estado,Seca,Perfeito estado,Faixa de pedestre,Não há placas,"",Dupla,Faixa contínua,"",""
2960,2019-04-04T00:00:00,11:39:00,SEM VÍTIMA,FINALIZADA,BOA VISTA,RUA BARAO DE SAO BORJA,308,RUA DA SOLEDADE,"",RUA BARAO DE SAO BORJA,308,"",BOA VISTA,,SUBURBIO,ABALROAMENTO LONGITUDINAL,SEM VITIMAS,1,,,,,1,,,,0,,Longo da via,Bom,Sem defeito,Incompleta,Seca,Perfeito estado,Outros,Não há placas,40 km/h,Única,Faixa seccionada,"",""
2961,2019-04-04T00:00:00,12:02:00,SEM VÍTIMA,FINALIZADA,TORRE,RUA PADRE LANDIM,"","",POR TRAZ DA IGREJA DA TORRE/ ESCOLA MUNICIPAL PAROQUIAL CRISTOVÃO REI,RUA PADRE LANDIM,"",POR TRAZ DA IGREJA DA TORRE/ ESCOLA MUNICIPAL PAROQUIAL CRISTOVÃO REI,TORRE,252,"",COLISÃO,COLISÃO SEM VITIMA,1,,,,,,1,,,0,,"","","","","","","","","","","","",""
2962,2019-04-04T00:00:00,12:03:00,SEM VÍTIMA,CANCELADA,DERBY,AV GOVERNADOR AGAMENON MAGALHAES,"","",PROX AO RESTAURANTE SPETTUS PISTA LOCAL,AV GOVERNADOR AGAMENON MAGALHAES,"",PROX AO RESTAURANTE SPETTUS PISTA LOCAL,DERBY,,"",COLISÃO,COLISAO ENTRE DOIS AUTOS S/V,2,,,,,,,,,0,,"","","","","","","","","","","","",""
2963,2019-04-04T00:00:00,13:12:00,SEM VÍTIMA,FINALIZADA,BOA VIAGEM,AVENIDA CELSO FURTADO (VIA MANGUE),75,"",TUNEL DO CANAL,AVENIDA CELSO FURTADO (VIA MANGUE),75,TUNEL DO CANAL,BOA VIAGEM,,SUBURBIO,COLISÃO TRASEIRA,COLISÃO SEM VITIMA,3,,,,,,,,,0,,Longo da via,Bom,Não existe,Perfeito estado,Seca,Perfeito estado,Outros,Outras,50 km/h,Dupla,Canal,"",""
2964,2019-04-04T00:00:00,14:21:00,SEM VÍTIMA,CANCELADA,BOMBA DO HEMETÉRIO,RUA BOMBA DO HEMETERIO,560,"",PARAIBA DAS AGUAS (DEPOSITO DE AGUA0,RUA BOMBA DO HEMETERIO,560,PARAIBA DAS AGUAS (DEPOSITO DE AGUA0,BOMBA DO HEMETÉRIO,,CIDADE,COLISÃO,COLISAO SEM VITIMA,1,,,,,1,,,,0,,"","","","","","","","","","","","",""
2965,2019-04-04T00:00:00,13:27:00,SEM VÍTIMA,FINALIZADA,DERBY,RUA BENFICA,"",RUA DR SEVERINO PINHEIRO,"",RUA BENFICA,"","",DERBY,,CIDADE,COLISÃO TRASEIRA,COLISÃO SEM VITIMA,2,,,,,,,,,0,,"",Bom,Não existe,Perfeito estado,Seca,Perfeito estado,Faixa de pedestre,R-6a,40 km/h,Única,Faixa seccionada,"",""
2966,2019-04-04T00:00:00,13:50:00,SEM VÍTIMA,FINALIZADA,TORRE,AV BEIRA RIO,650,"",EM FRENTE AO EDF PASARGADA,AV BEIRA RIO,650,EM FRENTE AO EDF PASARGADA,TORRE,,SUBURBIO,COLISÃO TRASEIRA,COLISÃO SEM VITIMA,2,,,,,,,,,0,,Longo da via,Bom,Não existe,Perfeito estado,Seca,Perfeito estado,Não existe,Outras,"",Dupla,Faixa contínua,"",""
2967,2019-04-04T00:00:00,13:57:00,SEM VÍTIMA,CANCELADA,AREIAS,AV DR JOSE RUFINO,15,"",NA ENTRADA DA VILA CARDEAL E SILVA E/F AO POSTO BR,AV DR JOSE RUFINO,15,NA ENTRADA DA VILA CARDEAL E SILVA E/F AO POSTO BR,AREIAS,,"",COLISÃO,COLISAO ENTRE AUTO E CAMINHAO,1,,,,,,1,,,0,,"","","","","","","","","","","","",""
2968,2019-04-04T00:00:00,14:20:00,SEM VÍTIMA,FINALIZADA,BOA VIAGEM,AV ENGENHEIRO DOMINGOS FERREIRA,"","",AO LADO DA EXTRAFARMA,AV ENGENHEIRO DOMINGOS FERREIRA,"",AO LADO DA EXTRAFARMA,BOA VIAGEM,,CIDADE,ABALROAMENTO LONGITUDINAL,COLISAO ENTRE CAMINHAO E AUTO S/V,1,,,,,,1,,,0,,Longo da via,Bom,Sem defeito,Perfeito estado,Seca,Perfeito estado,"",Não há placas,"",Dupla,Não existe,"",""
2969,2019-04-04T00:00:00,14:20:00,SEM VÍTIMA,DUPLICIDADE,BOA VIAGEM,RUA ERNESTO DE PAULA SANTOS,"",AV ENGENHEIRO DOMINGOS FERREIRA,RESTAURANTE DOM FERREIRO,RUA ERNESTO DE PAULA SANTOS,"",RESTAURANTE DOM FERREIRO,BOA VIAGEM,,"",COLISÃO,COLISÃO SEM VITIMAS,1,,,,,,1,,,0,,"","","","","","","","","","","","",""
2970,2019-04-04T00:00:00,14:41:00,SEM VÍTIMA,FINALIZADA,BOA VISTA,RUA DR JOSE MARIANO,"","",EM FRENTE AO Nº 228,RUA DR JOSE MARIANO,"",EM FRENTE AO Nº 228,BOA VISTA,,CIDADE,COLISÃO TRASEIRA,COLISAO ENTRE REBOQUE E AUTO S/V,2,,,,,,1,,,0,,Longo da via,Bom,Sem defeito,Perfeito estado,Seca,Perfeito estado,Não existe,"","",Única,Faixa seccionada,"",""
2971,2019-04-04T00:00:00,14:50:00,SEM VÍTIMA,FINALIZADA,AFOGADOS,RUA VISCONDE DE PELOTAS,17,"","",RUA VISCONDE DE PELOTAS,17,"",AFOGADOS,,"",COLISÃO TRASEIRA,COLISAO SEM VITIMAS,2,,,,,1,,,,0,,Longo da via,Bom,"",Perfeito estado,Seca,Perfeito estado,Não existe,Não há placas,"",Única,Faixa seccionada,"",""
2972,2019-04-04T00:00:00,15:27:00,SEM VÍTIMA,FINALIZADA,JOANA BEZERRA,AV ADVOGADO JOSE PAULO CAVALCANTI,"","",E/F AO FORUM JOANA BEZERRA,AV ADVOGADO JOSE PAULO CAVALCANTI,"",E/F AO FORUM JOANA BEZERRA,JOANA BEZERRA,,CIDADE,ABALROAMENTO LONGITUDINAL,COLISAO ENTRE ONIBUS E AUTO S/V,1,,,,,1,,,,0,,Longo da via,Bom,Não existe,Perfeito estado,Seca,Perfeito estado,Faixa de pedestre,Placas Pare,"",Única,Canteiro central,"",""
2973,2019-04-04T00:00:00,15:46:00,SEM VÍTIMA,FINALIZADA,CASA AMARELA,RUA BELA VISTA,5121,"",ESPAÇO CONFORTO,RUA BELA VISTA,5121,ESPAÇO CONFORTO,CASA AMARELA,,SUBURBIO,ABALROAMENTO LONGITUDINAL,COLISAO SEM VITIMAS,1,,,,,1,,,,0,,Longo da via,Bom,Não existe,Incompleta,Seca,Perfeito estado,Não existe,Outras,40 km/h,Dupla,Não existe,"",""
2974,2019-04-04T00:00:00,15:58:00,SEM VÍTIMA,FINALIZADA,MADALENA,AV VISCONDE DE ALBUQUERQUE,"","",EM FRENTE AO HOSPITAL D AVILA,AV VISCONDE DE ALBUQUERQUE,"",EM FRENTE AO HOSPITAL D AVILA,MADALENA,,SUBURBIO,ABALROAMENTO TRANSVERSAL,COLISÃO SEM VITIMAS,1,,,,,1,,,,0,,Longo da via,Bom,Não existe,Perfeito estado,Seca,Perfeito estado,Não existe,Não há placas,"",Única,Faixa contínua,"",""
2975,2019-04-04T00:00:00,16:54:00,SEM VÍTIMA,FINALIZADA,IPSEP,RUA PAMPULHA,"",RUA ITAJAI,PANIFICADORA VALE DO RIO DOCE,RUA PAMPULHA,"",PANIFICADORA VALE DO RIO DOCE,IPSEP,,SUBURBIO,ABALROAMENTO TRANSVERSAL,COLISAO SEM VITIMAS,2,,,,,,,,,0,,Cruzamento,Bom,Não existe,Perfeito estado,Seca,Perfeito estado,"",Placas Pare,"",Única,Faixa seccionada,"",""
2976,2019-04-04T00:00:00,16:58:00,SEM VÍTIMA,CANCELADA,BOA VIAGEM,AV ENGENHEIRO DOMINGOS FERREIRA,"","",EM FRENTE A ESCOLA MUNICIPAL OSWALDO LIMA FILHO/ PISTA DIRETA,AV ENGENHEIRO DOMINGOS FERREIRA,"",EM FRENTE A ESCOLA MUNICIPAL OSWALDO LIMA FILHO/ PISTA DIRETA,BOA VIAGEM,,"",COLISÃO,COLISÃO SEM VÍTIMA,1,,,,,1,,,,0,,"","","","","","","","","","","","",""
2977,2019-04-04T00:00:00,17:31:00,SEM VÍTIMA,FINALIZADA,IMBIRIBEIRA,RUA PAMPULHA,"",RUA IZABEL DE SOUZA,ATRAS DA EUROVIA SEMINIVOS,RUA PAMPULHA,"",ATRAS DA EUROVIA SEMINIVOS,IMBIRIBEIRA,450,SUBURBIO,COLISÃO,COLISAO SEM VITIMAS,1,,,,,,1,,,0,,"","","","","","","","","","","","",""
2978,2019-04-04T00:00:00,19:08:00,COM VÍTIMA,FINALIZADA,VÁRZEA,RUA ACADEMICO HELIO RAMOS,"",RUA JOAO FRANCISCO LISBOA,PROX AO TERMINAL DE ONIBUS CDU CAXANGA,RUA ACADEMICO HELIO RAMOS,"",PROX AO TERMINAL DE ONIBUS CDU CAXANGA,VÁRZEA,,SUBURBIO,ABALROAMENTO TRANSVERSAL,MOTO X JETTA,1,1,,,,,,,,1,,Longo da via,Bom,Não existe,Incompleta,Seca,"",Não existe,Placas Dê a preferência,"",Dupla,Faixa seccionada,"",""
2979,2019-04-04T00:00:00,19:22:00,SEM VÍTIMA,CANCELADA,JORDÃO,RUA JOSE MARTORANO,87,"",PROX AO POSTO DE SAUDE DO JORDAO BAIXO,RUA JOSE MARTORANO,87,PROX AO POSTO DE SAUDE DO JORDAO BAIXO,JORDÃO,,"",COLISÃO,MOTO X DOIS AUTO,2,1,,,,,,,,0,,"","","","","","","","","","","","",""
2980,2019-04-04T00:00:00,19:27:00,SEM VÍTIMA,CANCELADA,CAXANGÁ,AV CAXANGA,"",RUA PROFESSOR ANTONIO COELHO,"AO LADO DA CHEVROLET, SNT CID / PRÓX AO POSTO DISLUB",AV CAXANGA,"","AO LADO DA CHEVROLET, SNT CID / PRÓX AO POSTO DISLUB",CAXANGÁ,,"",COLISÃO,"",2,,,,,,,,,0,,"","","","","","","","","","","","",""
2981,2019-04-04T00:00:00,19:41:00,COM VÍTIMA,FINALIZADA,ÁGUA FRIA,AV BEBERIBE,"","",PROX A FEIRA NOVA DE AGUA FRIA E MAGAZINE LUIZA,AV BEBERIBE,"",PROX A FEIRA NOVA DE AGUA FRIA E MAGAZINE LUIZA,ÁGUA FRIA,405,CIDADE,COLISÃO COM CICLISTA,AUTO E CICLISTA,1,,,1,,,,,,1,,Cruzamento,Bom,Sem defeito,Perfeito estado,Seca,Perfeito estado,Faixa de pedestre,Não há placas,"",Dupla,Faixa contínua,"",""
2982,2019-04-04T00:00:00,19:45:00,SEM VÍTIMA,FINALIZADA,VÁRZEA,RUA ABATIA,182,"",ACADEMIA PLATAFORMA,RUA ABATIA,182,ACADEMIA PLATAFORMA,VÁRZEA,,SUBURBIO,COLISÃO TRASEIRA,ENTRE 2 AUTOS. S/V,2,,,,,,,,,0,,Longo da via,Bom,Não existe,Perfeito estado,Seca,Perfeito estado,Não existe,Não há placas,"",Dupla,Não existe,"",""
2983,2019-04-05T00:00:00,05:32:00,SEM VÍTIMA,FINALIZADA,AREIAS,RUA DR GIL RODRIGUES DOS SANTOS,"","",PRÓX AO TERMINAL DE ÔNIBUS VILA TAMANDARÉ,RUA DR GIL RODRIGUES DOS SANTOS,"",PRÓX AO TERMINAL DE ÔNIBUS VILA TAMANDARÉ,AREIAS,,SUBURBIO,CHOQUE VEÍCULO PARADO,CONDUTOR PERDEU O CONTROLE DO VEÍCULO E CHOCOU-SE CONTRA UM VEÍCULO ESTACIONADO,2,,,,,,,,,0,,Longo da via,Bom,Não existe,Perfeito estado,Seca,Perfeito estado,Não existe,Outras,"","",Faixa seccionada,"",""