_id,DATA,hora,natureza_acidente,situacao,bairro,endereco,numero,detalhe_endereco_acidente,complemento,endereco_cruzamento,numero_cruzamento,referencia_cruzamento,bairro_cruzamento,num_semaforo,sentido_via,tipo,descricao,auto,moto,ciclom,ciclista,pedestre,onibus,caminhao,viatura,outros,vitimas,vitimasfatais,acidente_verificado,tempo_clima,situacao_semaforo,sinalizacao,condicao_via,conservacao_via,ponto_controle,situacao_placa,velocidade_max_via,mao_direcao,divisao_via1,divisao_via2,divisao_via3
2984,2019-04-05T00:00:00,07:33:00,SEM VÍTIMA,FINALIZADA,IBURA,AV DOIS RIOS,96,"",EM FRENTE A AUTO ESCOLA PILOTO,AV DOIS RIOS,96,EM FRENTE A AUTO ESCOLA PILOTO,IBURA,,CIDADE,ABALROAMENTO TRANSVERSAL,MOTO E AUTO,1,1,,,,,,,,0,,Longo da via,Bom,Sem defeito,Perfeito estado,Seca,Perfeito estado,Não existe,Não há placas,"",Dupla,Faixa contínua,"",""
2985,2019-04-05T00:00:00,07:43:00,SEM VÍTIMA,FINALIZADA,SANTO AMARO,AV GOVERNADOR AGAMENON MAGALHAES,2615,"",EM FRENTE AO EMPRESARIAL BURLE MARX,AV GOVERNADOR AGAMENON MAGALHAES,2615,EM FRENTE AO EMPRESARIAL BURLE MARX,SANTO AMARO,,CIDADE,ABALROAMENTO LONGITUDINAL,UM AUTO E UM ONIBUS,1,,,,,1,,,,0,,Longo da via,Bom,Não existe,"",Seca,Perfeito estado,Não existe,Não há placas,"",Dupla,Faixa contínua,Canteiro central,""
2986,2019-04-05T00:00:00,07:47:00,SEM VÍTIMA,FINALIZADA,CAXANGÁ,AV CAXANGA,"","",LADO OPOSTO AO CAXANGÁ GOL CLUBE,AV CAXANGA,"",LADO OPOSTO AO CAXANGÁ GOL CLUBE,CAXANGÁ,,CIDADE,ABALROAMENTO LONGITUDINAL,DOIS AUTOS,2,,,,,,,,,0,,Longo da via,Bom,Não existe,Perfeito estado,Seca,Perfeito estado,Não existe,Não há placas,60 km/h,Dupla,Canteiro central,"",""
2987,2019-04-05T00:00:00,08:10:00,SEM VÍTIMA,FINALIZADA,CORDEIRO,EST DO FORTE DO ARRAIAL N. DO B. JESUS,"",RUA ADELINO FRUTUOSO,"",EST DO FORTE DO ARRAIAL N. DO B. JESUS,"","",CORDEIRO,,SUBURBIO,COLISÃO COM CICLISTA,MOTO E CICLISTA,,1,,1,,,,,,0,,Cruzamento,Bom,Não existe,Perfeito estado,Seca,Perfeito estado,"","","",Dupla,Faixa seccionada,"",""
2988,2019-04-05T00:00:00,08:23:00,SEM VÍTIMA,FINALIZADA,BOA VIAGEM,AV CONSELHEIRO AGUIAR,4368,"",EDF NORMANDIE,AV CONSELHEIRO AGUIAR,4368,EDF NORMANDIE,BOA VIAGEM,,SUBURBIO,ABALROAMENTO LONGITUDINAL,ONIBUS E AUTO,1,,,,,1,,,,0,,Longo da via,Bom,Não existe,Perfeito estado,Seca,Perfeito estado,Não existe,R-6a,"",Única,Faixa contínua,Faixa seccionada,""
2989,2019-04-05T00:00:00,08:39:00,SEM VÍTIMA,FINALIZADA,IMBIRIBEIRA,AV MARECHAL MASCARENHAS DE MORAES,1310,"",COLÉGIO SANTA BARBARA,AV MARECHAL MASCARENHAS DE MORAES,1310,COLÉGIO SANTA BARBARA,IMBIRIBEIRA,,SUBURBIO,COLISÃO TRASEIRA,DOIS AUTOS,3,,,,,,,,,0,,Longo da via,Bom,Sem defeito,Perfeito estado,Seca,Mal conservada,"",R-6a,60 km/h,Dupla,Canteiro central,"",""
2990,2019-04-05T00:00:00,08:59:00,SEM VÍTIMA,CANCELADA,ESTÂNCIA,AV RECIFE,5516,"",EM FRENTE A IMPERIAL EQUIPAMENTOS,AV RECIFE,5516,EM FRENTE A IMPERIAL EQUIPAMENTOS,ESTÂNCIA,,BR 101,COLISÃO,UM CAMINHAO E AUTO,1,,,,,1,,,,0,,"","","","","","","","","","","","",""
2991,2019-04-05T00:00:00,09:21:00,SEM VÍTIMA,FINALIZADA,IMBIRIBEIRA,RUA JOAQUIM BANDEIRA,268,AV SUL,MICHELLY PEDROSA ADVOGADOS ASSOCIADOS,RUA JOAQUIM BANDEIRA,268,MICHELLY PEDROSA ADVOGADOS ASSOCIADOS,IMBIRIBEIRA,,CIDADE,ABALROAMENTO LONGITUDINAL,DOIS AUTOS BATEDORES NO LOCAL,2,,,,,,,,,0,,Cruzamento,Bom,Não existe,Incompleta,Seca,Mal conservada,Não existe,Não há placas,"",Única,Faixa seccionada,"",""
2992,2019-04-05T00:00:00,09:22:00,COM VÍTIMA,FINALIZADA,BOA VIAGEM,RUA CORONEL BENEDITO CHAVES,801,RUA DOS NAVEGANTES,POR TRAS DO CASTELINHO,RUA CORONEL BENEDITO CHAVES,801,POR TRAS DO CASTELINHO,BOA VIAGEM,,SUBURBIO,ABALROAMENTO TRANSVERSAL,MOTO E AUTO,1,1,,,,,,,,1,,Cruzamento,Bom,Não existe,Perfeito estado,Seca,Perfeito estado,Não existe,Não há placas,40 km/h,Única,Não existe,"",""
2993,2019-04-05T00:00:00,09:26:00,COM VÍTIMA,FINALIZADA,PINA,AV ANTONIO DE GOES,"","",EM FRENTE AO JCPM,AV ANTONIO DE GOES,"",EM FRENTE AO JCPM,PINA,226,CIDADE,ABALROAMENTO LONGITUDINAL,COM UMA VITIMA/CTTU NO LOCAL,1,1,,,,,,,,1,,Longo da via,Bom,Sem defeito,Perfeito estado,Seca,Perfeito estado,Agente,Não há placas,60 km/h,Única,Canteiro central,"",""
2994,2019-04-05T00:00:00,09:44:00,SEM VÍTIMA,FINALIZADA,CASA FORTE,AV DEZESSETE DE AGOSTO,"",RUA SAMUEL FARIAS,"",AV DEZESSETE DE AGOSTO,"","",CASA FORTE,,SUBURBIO,ABALROAMENTO TRANSVERSAL,DOIS AUTOS,2,,,,,,,,,0,,Longo da via,Bom,Não existe,Perfeito estado,Seca,Perfeito estado,Não existe,Outras,40 km/h,Dupla,Faixa contínua,"",""
2995,2019-04-05T00:00:00,10:35:00,SEM VÍTIMA,FINALIZADA,CORDEIRO,AV GENERAL SAN MARTIN,"","",COMPAZ,AV GENERAL SAN MARTIN,"",COMPAZ,CORDEIRO,,CIDADE,ABALROAMENTO LONGITUDINAL,DOIS AUTOS,2,,,,,,,,,0,,Longo da via,Bom,Sem defeito,Perfeito estado,Seca,Perfeito estado,"",R-6a,"",Dupla,"","",""
2996,2019-04-05T00:00:00,11:20:00,COM VÍTIMA,FINALIZADA,ILHA DO LEITE,AV FREI MATIAS TEVES,210,RUA JORNALISTA TRAJANO CHACON,EM FRENTE AO EMPRESARIAL ALFREDO NOBEL,AV FREI MATIAS TEVES,210,EM FRENTE AO EMPRESARIAL ALFREDO NOBEL,ILHA DO LEITE,,SUBURBIO,ABALROAMENTO TRANSVERSAL,DUAS MOTOS,,2,,,,,,,,1,,Cruzamento,Bom,Não existe,Não existente,Seca,Perfeito estado,Não existe,Placas Pare,30 km/h,Única,Faixa,"",""
2997,2019-04-05T00:00:00,11:30:00,SEM VÍTIMA,FINALIZADA,BOA VISTA,RUA AURORA,"",RUA DO RIACHUELO,SEMÁFORO 579,RUA AURORA,"",SEMÁFORO 579,BOA VISTA,579,"",ABALROAMENTO TRANSVERSAL,ONIBUS E AUTO,1,,,,,1,,,,0,,Cruzamento,Bom,Sem defeito,Ilegível,Seca,Perfeito estado,Faixa de pedestre,Outras,"",Única,"","",""
2998,2019-04-05T00:00:00,11:35:00,SEM VÍTIMA,FINALIZADA,IMBIRIBEIRA,AV MARECHAL MASCARENHAS DE MORAES,2690,"",EM FRENTE AO POSTO SHELL,AV MARECHAL MASCARENHAS DE MORAES,2690,EM FRENTE AO POSTO SHELL,IMBIRIBEIRA,,SUBURBIO,COLISÃO TRASEIRA,DOIS AUTOS,2,,,,,,,,,0,,Longo da via,Bom,Sem defeito,Perfeito estado,Seca,Perfeito estado,Agente,Não há placas,60 km/h,Dupla,Canteiro central,"",""
2999,2019-04-05T00:00:00,11:38:00,SEM VÍTIMA,FINALIZADA,IPUTINGA,RUA MARECHAL MANOEL LUIS OSORIO,495,RUA PROFESSOR ANTONIO COELHO,"",RUA MARECHAL MANOEL LUIS OSORIO,495,"",IPUTINGA,,SUBURBIO,ABALROAMENTO LONGITUDINAL,DOIS AUTOS,2,,,,,,,,,0,,Cruzamento,Bom,Não existe,Não existente,Seca,Perfeito estado,Não existe,Não há placas,"",Dupla,Não existe,"",""
3000,2019-04-05T00:00:00,11:47:00,SEM VÍTIMA,FINALIZADA,IPSEP,RUA GONCALVES DE MAGALHAES,522,RUA PRESIDENTE EPITACIO,"",RUA GONCALVES DE MAGALHAES,522,"",IPSEP,,CIDADE,COLISÃO TRASEIRA,DOIS AUTOS,2,,,,,,,,,0,,"",Bom,Não existe,Perfeito estado,Seca,Perfeito estado,"",Não há placas,40 km/h,Única,Não existe,"",""
3001,2019-04-05T00:00:00,12:01:00,SEM VÍTIMA,FINALIZADA,ILHA DO RETIRO,AV ENGENHEIRO ABDIAS DE CARVALHO,"","",EM FRENTA A LOJA SEDE DO SPORT,AV ENGENHEIRO ABDIAS DE CARVALHO,"",EM FRENTA A LOJA SEDE DO SPORT,ILHA DO RETIRO,,SUBURBIO,COLISÃO,MOTOCICLETA E CARRO,1,1,,,,,,,,0,,"","","","","","","","","","","","",""
3002,2019-04-05T00:00:00,12:03:00,SEM VÍTIMA,CANCELADA,TAMARINEIRA,EST VELHA DE AGUA FRIA,1018,AV PROFESSOR JOSE DOS ANJOS,PROX AO DNOCS,EST VELHA DE AGUA FRIA,1018,PROX AO DNOCS,TAMARINEIRA,,"",COLISÃO,COLISAO ENTRE ONIBUS E AUTO S/V,1,,,,,1,,,,0,,"","","","","","","","","","","","",""
3003,2019-04-05T00:00:00,12:06:00,SEM VÍTIMA,FINALIZADA,IPUTINGA,EST DO BARBALHO,"",RUA MAURICIO DE NASSAU,SOB O SEMÁFORO 246,EST DO BARBALHO,"",SOB O SEMÁFORO 246,IPUTINGA,246,SUBURBIO,ABALROAMENTO TRANSVERSAL,COLISAO ENTRE ONIBUS E AUTO,1,,,,,1,,,,0,,Cruzamento,Bom,Sem defeito,Perfeito estado,Seca,Perfeito estado,Faixa de retenção,Não há placas,40 km/h,Dupla,Não existe,"",""
3004,2019-04-05T00:00:00,12:15:00,SEM VÍTIMA,FINALIZADA,BOA VIAGEM,AV DOM JOAO VI,"","",AO LADO DO SHOPPING CENTER RECIFE,AV DOM JOAO VI,"",AO LADO DO SHOPPING CENTER RECIFE,BOA VIAGEM,670,CIDADE,ABALROAMENTO LONGITUDINAL,AUTO E CAMINHÃO BAÚ,1,,,,,,1,,,0,,Longo da via,Bom,Sem defeito,Perfeito estado,Seca,Perfeito estado,Não existe,Outras,"",Dupla,Faixa seccionada,"",""
3005,2019-04-05T00:00:00,12:38:00,SEM VÍTIMA,FINALIZADA,IMBIRIBEIRA,AV MARECHAL MASCARENHAS DE MORAES,"",RUA ANTONIO EDUARDO AMORIM,EM FRENTE A PIRELLE,AV MARECHAL MASCARENHAS DE MORAES,"",EM FRENTE A PIRELLE,IMBIRIBEIRA,161,SUBURBIO,COLISÃO TRASEIRA,DOIS AUTOS,2,,,,,,,,,0,,Longo da via,Bom,Sem defeito,Perfeito estado,Seca,Perfeito estado,Não existe,Outras,60 km/h,Dupla,Canteiro central,"",""
3006,2019-04-05T00:00:00,12:47:00,SEM VÍTIMA,FINALIZADA,IPUTINGA,RUA PADRE DEHON,215,"","",RUA PADRE DEHON,215,"",IPUTINGA,,CIDADE,CHOQUE VEÍCULO PARADO,DOIS AUTOS,1,,,,,,1,,,0,,Longo da via,Bom,Não existe,Incompleta,Seca,Perfeito estado,Não existe,Não há placas,"",Dupla,Não existe,"",""
3007,2019-04-05T00:00:00,13:31:00,SEM VÍTIMA,FINALIZADA,PAISSANDU,RUA PAISSANDU,"","",EM FRENTE AO COLEGIO GGE,RUA PAISSANDU,"",EM FRENTE AO COLEGIO GGE,PAISSANDU,,"",ABALROAMENTO LONGITUDINAL,"",1,1,,,,,,,,0,,Longo da via,Bom,Não existe,Perfeito estado,Seca,Perfeito estado,"",R-6a,"",Dupla,Canteiro central,"",""
3008,2019-04-05T00:00:00,"",SEM VÍTIMA,CANCELADA,BOA VIAGEM,RUA RIBEIRO DE BRITO,"","",APÓS A FERNANDO SIMÕES BARBOSA,RUA RIBEIRO DE BRITO,"",APÓS A FERNANDO SIMÕES BARBOSA,BOA VIAGEM,,"",COLISÃO,"",2,,,,,,,,,0,,"","","","","","","","","","","","",""
3009,2019-04-05T00:00:00,13:37:00,SEM VÍTIMA,FINALIZADA,CASA AMARELA,AV DR EURICO CHAVES,"",AV NORTE,"",AV DR EURICO CHAVES,"","",CASA AMARELA,,"",ABALROAMENTO TRANSVERSAL,COLISAO DE DOIS AUTOS,2,,,,,,,,,0,,Cruzamento,Bom,Não existe,Perfeito estado,Seca,Perfeito estado,Não existe,Outras,"",Dupla,Não existe,"",""
3010,2019-04-05T00:00:00,14:45:00,SEM VÍTIMA,FINALIZADA,ARRUDA,AV PROFESSOR JOSE DOS ANJOS,"",AV BEBERIBE,"",AV PROFESSOR JOSE DOS ANJOS,"","",ARRUDA,131,"",COLISÃO TRASEIRA,COLISÃO SEM VITIMAS,2,,,,,,,,,0,,Cruzamento,Bom,Sem defeito,Perfeito estado,Seca,Perfeito estado,Faixa de pedestre,R-6a,"",Dupla,Canteiro central,"",""
3011,2019-04-05T00:00:00,14:52:00,SEM VÍTIMA,CANCELADA,PARNAMIRIM,RUA TITO ROSAS,"","",E/F A BREMEN VOLKWAGEN,RUA TITO ROSAS,"",E/F A BREMEN VOLKWAGEN,PARNAMIRIM,,"",COLISÃO,COLISAO ENTRE DOIS AUTOS S/V,2,,,,,,,,,0,,"","","","","","","","","","","","",""
3012,2019-04-05T00:00:00,15:19:00,SEM VÍTIMA,FINALIZADA,AFOGADOS,RUA SAO MIGUEL,"",EST DOS REMEDIOS,"",RUA SAO MIGUEL,"","",AFOGADOS,53,SUBURBIO,ABALROAMENTO LONGITUDINAL,COLISÃO SEM VITIMAS,1,,,,,1,,,,0,,Longo da via,Bom,Sem defeito,Perfeito estado,Seca,Perfeito estado,Faixa de pedestre,R-6a,"",Dupla,Faixa seccionada,"",""
3013,2019-04-05T00:00:00,16:41:00,SEM VÍTIMA,FINALIZADA,IMBIRIBEIRA,AV MARECHAL MASCARENHAS DE MORAES,"","",E/F A UPA,AV MARECHAL MASCARENHAS DE MORAES,"",E/F A UPA,IMBIRIBEIRA,,"",ABALROAMENTO LONGITUDINAL,COLISAO ENTRE DOIS AUTOS S/V,1,,,,,1,,,,0,,Longo da via,Bom,Não existe,"",Seca,Perfeito estado,"","",60 km/h,Dupla,Faixa contínua,"",""
3014,2019-04-05T00:00:00,16:52:00,SEM VÍTIMA,FINALIZADA,BOA VIAGEM,RUA PADRE CABRAL,45,RUA ALDEMAR DA COSTA ALMEIDA,"",RUA PADRE CABRAL,45,"",BOA VIAGEM,,SUBURBIO,ABALROAMENTO LONGITUDINAL,AUTO E MOTO SEM VITIMAS,1,1,,,,,,,,0,,Longo da via,Bom,Não existe,Ilegível,Seca,Perfeito estado,Não existe,R-6a,"",Dupla,Não existe,"",""
3015,2019-04-05T00:00:00,16:53:00,SEM VÍTIMA,FINALIZADA,PRADO,EST DOS REMEDIOS,1918,RUA DR JOAO MARQUES,L.A FITNESS,EST DOS REMEDIOS,1918,L.A FITNESS,PRADO,,"",ABALROAMENTO TRANSVERSAL,COLISÃO SEM VITIMAS,2,,,,,,,,,0,,Cruzamento,Bom,Não existe,"",Seca,Perfeito estado,Não existe,R-6a,"",Única,"","",""
3016,2019-04-05T00:00:00,18:32:00,SEM VÍTIMA,FINALIZADA,JAQUEIRA,AV DR MALAQUIAS,1600,AV CONS ROSA E SILVA,AO LADO DO Nº 1600,AV DR MALAQUIAS,1600,AO LADO DO Nº 1600,JAQUEIRA,214,CIDADE,ABALROAMENTO LONGITUDINAL,ENTRE 2 AUTOS. S/V,2,,,,,,,,,0,,Longo da via,Bom,Sem defeito,Perfeito estado,Seca,Perfeito estado,Faixa de pedestre,Outras,"",Única,Não existe,"",""
3017,2019-04-05T00:00:00,19:07:00,SEM VÍTIMA,FINALIZADA,DOIS IRMÃOS,RUA MANUEL DE MEDEIROS,"","",E/F A COMPESA,RUA MANUEL DE MEDEIROS,"",E/F A COMPESA,DOIS IRMÃOS,,SUBURBIO,ABALROAMENTO LONGITUDINAL,ENTRE 2 AUTOS. S/V,2,,,,,,,,,0,,Longo da via,Bom,Não existe,Ilegível,Seca,Perfeito estado,Não existe,Não há placas,30 km/h,Dupla,Não existe,"",""
3018,2019-04-05T00:00:00,19:35:00,SEM VÍTIMA,FINALIZADA,AFOGADOS,RUA SAO MIGUEL,516,"",PRÓX AO CORREIOS,RUA SAO MIGUEL,516,PRÓX AO CORREIOS,AFOGADOS,,SUBURBIO,ABALROAMENTO LONGITUDINAL,TAXI X ONIBUS DA EMPRESA 1002,1,,,,,1,,,,0,,Longo da via,Bom,Sem defeito,Perfeito estado,Seca,Perfeito estado,Não existe,Não há placas,"",Única,Faixa contínua,"",""
3019,2019-04-05T00:00:00,19:57:00,SEM VÍTIMA,FINALIZADA,BOA VISTA,AV GOVERNADOR CARLOS DE LIMA CAVALCANTI,"","",ENF A FACULDADE DOS GUARARAPES,AV GOVERNADOR CARLOS DE LIMA CAVALCANTI,"",ENF A FACULDADE DOS GUARARAPES,BOA VISTA,,CIDADE,ABALROAMENTO LONGITUDINAL,FIAT UNO X MICRO-ONIBUS DA FACULDADE,1,,,,,1,,,,0,,Longo da via,Bom,Não existe,Perfeito estado,Seca,Perfeito estado,"","",40 km/h,Dupla,Canteiro central,"",""
3020,2019-04-05T00:00:00,20:04:00,COM VÍTIMA,FINALIZADA,ILHA DO RETIRO,RUA TABAIARES,360,RUA JOAO ELISIO RAMOS,E/F AO SEBRAE / PRÓX AO CAMPO DA ILHA DO RETIRO E LUAN PROMOÇÕES E EVENTOS,RUA TABAIARES,360,E/F AO SEBRAE / PRÓX AO CAMPO DA ILHA DO RETIRO E LUAN PROMOÇÕES E EVENTOS,ILHA DO RETIRO,,SUBURBIO,ABALROAMENTO TRANSVERSAL,ENTRE AUTO E MOTO. C/V,1,1,,,,,,,,1,,Cruzamento,Bom,Não existe,Não existente,Seca,Mal iluminada,Não existe,Não há placas,"",Dupla,Não existe,"",""
3021,2019-04-05T00:00:00,20:09:00,SEM VÍTIMA,FINALIZADA,BOA VIAGEM,RUA ANTONIO FALCAO,384,"",AO LADO DO CARREFOUR,RUA ANTONIO FALCAO,384,AO LADO DO CARREFOUR,BOA VIAGEM,,CIDADE,ABALROAMENTO LONGITUDINAL,FORD K X SIENA,2,,,,,,,,,0,,Longo da via,Bom,Não existe,Perfeito estado,Seca,Perfeito estado,Não existe,Não há placas,40 km/h,Única,Faixa seccionada,"",""
3022,2019-04-05T00:00:00,20:47:00,SEM VÍTIMA,FINALIZADA,ENCRUZILHADA,RUA DONA ELVIRA,"",RUA FREDERICO,PROX AO BARZINHO SR: FRED,RUA DONA ELVIRA,"",PROX AO BARZINHO SR: FRED,ENCRUZILHADA,,CID/SUB,ABALROAMENTO TRANSVERSAL,HOND CIVIC X LOGAN,2,,,,,,,,,0,,Cruzamento,Bom,Não existe,Incompleta,Seca,Mal iluminada,"",Placas Pare,30 km/h,Dupla,Não existe,"",""
3023,2019-04-05T00:00:00,22:50:00,SEM VÍTIMA,CANCELADA,CABANGA,AV SATURNINO DE BRITO,385,"",ENF A BOATE ESTELITA,AV SATURNINO DE BRITO,385,ENF A BOATE ESTELITA,CABANGA,,"",COLISÃO,KADETT X GOL,2,,,,,,,,,0,,"","","","","","","","","","","","",""
3024,2019-04-05T00:00:00,23:15:00,SEM VÍTIMA,FINALIZADA,JORDÃO,AV MARIA IRENE,1670,"","",AV MARIA IRENE,1670,"",JORDÃO,,SUBURBIO,ABALROAMENTO TRANSVERSAL,CORSA X AUTO,2,,,,,,,,,0,,Longo da via,Bom,Não existe,Ilegível,Seca,Mal iluminada,Não existe,Não há placas,"",Dupla,Não existe,"",""
3025,2019-04-05T00:00:00,23:21:00,SEM VÍTIMA,FINALIZADA,POÇO DA PANELA,RUA DRA HELENA MOURA LEITE,"","",IMÓVEL 7B,RUA DRA HELENA MOURA LEITE,"",IMÓVEL 7B,POÇO DA PANELA,,SUBURBIO,CHOQUE VEÍCULO PARADO,ENTRE 2 AUTOS. S/V,2,,,,,,,,,0,,Longo da via,Bom,Não existe,Não existente,Seca,Perfeito estado,"",Não há placas,20 km/h,Dupla,Não existe,"",""
3026,2019-04-06T00:00:00,01:50:00,SEM VÍTIMA,FINALIZADA,BOA VIAGEM,AV ENGENHEIRO DOMINGOS FERREIRA,"","",EM FRENTE A DELEGACIA DE BOA VIAGEM,AV ENGENHEIRO DOMINGOS FERREIRA,"",EM FRENTE A DELEGACIA DE BOA VIAGEM,BOA VIAGEM,,SUBURBIO,COLISÃO TRASEIRA,"COLISÃO ENTRE DOIS AUTOS, SEM VÍTIMAS",2,,,,,,,,,0,,Longo da via,Chuvoso,Sem defeito,Perfeito estado,Molhada,Perfeito estado,"",Não há placas,60 km/h,Única,"","",""
3027,2019-04-06T00:00:00,03:44:00,SEM VÍTIMA,FINALIZADA,AFOGADOS,RUA SAO MIGUEL,"",RUA SANTOS ARAUJO,"",RUA SAO MIGUEL,"","",AFOGADOS,333,SUBURBIO,ABALROAMENTO TRANSVERSAL,COLISÃO ENTTRE DOIS AUTOS S/V,2,,,,,,,,,0,,Cruzamento,Bom,Sem defeito,Perfeito estado,Seca,Perfeito estado,Faixa de pedestre,"","",Única,Faixa contínua,Faixa seccionada,""
3028,2019-04-06T00:00:00,07:52:00,SEM VÍTIMA,FINALIZADA,BEBERIBE,AV BEBERIBE,4277,"",EM FRENTE A BORRACHARIA SÃO LUIZ,AV BEBERIBE,4277,EM FRENTE A BORRACHARIA SÃO LUIZ,BEBERIBE,514,CIDADE,COLISÃO TRASEIRA,COLISÃO SEM VITIMAS,3,,,,,,,,,0,,Longo da via,Bom,Sem defeito,Perfeito estado,Seca,Perfeito estado,Faixa de pedestre,R-19,40 km/h,Dupla,Faixa contínua,"",""
3029,2019-04-06T00:00:00,08:44:00,COM VÍTIMA,FINALIZADA,MADALENA,AV CAXANGA,917,"","PROX. ANTES DO BANCO BARDESCO, SENT. CIDADE",AV CAXANGA,917,"PROX. ANTES DO BANCO BARDESCO, SENT. CIDADE",MADALENA,,CIDADE,ABALROAMENTO LONGITUDINAL,AUTO E MOTO,1,1,,,,,,,,1,,Longo da via,Bom,Não existe,Perfeito estado,Seca,Perfeito estado,Não existe,Outras,"",Dupla,Faixa contínua,"",""
3030,2019-04-06T00:00:00,09:07:00,SEM VÍTIMA,CANCELADA,JORDÃO,RUA ALBERTO LUNDGREN,"","",JORDÃO BAIXO EM FRENTE AO SUPERMERCADO ATACAREJO,RUA ALBERTO LUNDGREN,"",JORDÃO BAIXO EM FRENTE AO SUPERMERCADO ATACAREJO,JORDÃO,,"",COLISÃO,COLISÃO SEM VITIMAS,1,1,,,,,,,,0,,"","","","","","","","","","","","",""
3031,2019-04-06T00:00:00,09:45:00,SEM VÍTIMA,FINALIZADA,CASA AMARELA,AV NORTE,5407,"",PRÓXIMO A UPINHA,AV NORTE,5407,PRÓXIMO A UPINHA,CASA AMARELA,,SUBURBIO,COLISÃO TRASEIRA,COLISÃO SEM VITIMAS,2,,,,,,,,,0,,Longo da via,Bom,Sem defeito,Perfeito estado,Seca,Perfeito estado,Não existe,"","","",Faixa seccionada,Canteiro central,""
3032,2019-04-06T00:00:00,10:07:00,SEM VÍTIMA,FINALIZADA,SÃO JOSÉ,RUA RIO CAPIBARIBE,"","",AO LADO DA CASA DA CULTURA,RUA RIO CAPIBARIBE,"",AO LADO DA CASA DA CULTURA,SÃO JOSÉ,,CIDADE,COLISÃO TRASEIRA,COLISÃO SEM VITIMAS,1,,,,,,1,1,,0,,Longo da via,Bom,Não existe,Perfeito estado,Seca,Perfeito estado,Não existe,R-6b,30 km/h,Única,Não existe,"",""
3033,2019-04-06T00:00:00,10:28:00,SEM VÍTIMA,FINALIZADA,CABANGA,RUA NOVA DA CABANGA,"","",SOBRE O VIADUTO,RUA NOVA DA CABANGA,"",SOBRE O VIADUTO,CABANGA,,SUBURBIO,ABALROAMENTO TRANSVERSAL,SEM VITIMAS,2,,,,,,,,1,0,,Longo da via,Bom,Não existe,Não existente,Seca,Perfeito estado,Não existe,Não há placas,"",Única,Não existe,"",""
3034,2019-04-06T00:00:00,10:44:00,SEM VÍTIMA,FINALIZADA,AFOGADOS,RUA FRANCISCO PORFIRIO,112,"","",RUA FRANCISCO PORFIRIO,112,"",AFOGADOS,,"",CHOQUE VEÍCULO PARADO,SEM VITIMAS,2,,,,,,,,,0,,Longo da via,Bom,Não existe,Perfeito estado,Seca,Perfeito estado,Não existe,Não há placas,"",Dupla,Não existe,"",""
3035,2019-04-06T00:00:00,11:32:00,SEM VÍTIMA,FINALIZADA,BOA VIAGEM,AV BOA VIAGEM,6116,"",EM FRENTE AO EDF. VEREDA DO MAR,AV BOA VIAGEM,6116,EM FRENTE AO EDF. VEREDA DO MAR,BOA VIAGEM,1,SUBURBIO,COLISÃO TRASEIRA,TRES AUTOS,3,,,,,,,,,0,,Longo da via,Bom,Sem defeito,Perfeito estado,Seca,Perfeito estado,Faixa de pedestre,"","",Única,Faixa seccionada,"",""
3036,2019-04-06T00:00:00,12:30:00,SEM VÍTIMA,FINALIZADA,ARRUDA,AV BEBERIBE,"","",EM FRENTE AO BOMPREÇO,AV BEBERIBE,"",EM FRENTE AO BOMPREÇO,ARRUDA,,SUB/CID,ABALROAMENTO LONGITUDINAL,COLISÃO SEM VÍTIMA,1,,,,,1,,,,0,,Longo da via,Bom,Sem defeito,Perfeito estado,Seca,Mal conservada,Não existe,Não há placas,60 km/h,Dupla,Faixa,"",""
3037,2019-04-06T00:00:00,12:33:00,SEM VÍTIMA,FINALIZADA,CAMPO GRANDE,EST DE BELEM,"",RUA PAULO DE ARRUDA,SEMÁFORO 94,EST DE BELEM,"",SEMÁFORO 94,CAMPO GRANDE,94,SUBURBIO,ABALROAMENTO LONGITUDINAL,SEM VITIMAS,2,,,,,,,,,0,,Cruzamento,Bom,Sem defeito,Perfeito estado,Seca,Perfeito estado,Faixa de pedestre,R-6a,"",Dupla,Faixa contínua,"",""
3038,2019-04-06T00:00:00,12:44:00,SEM VÍTIMA,CANCELADA,CAMPO GRANDE,RUA MARQUES DE ABRANTES,742,RUA TENENTE FORTUNA,TRANVERSAL DA RUA DO ANTIGO BARCELUS,RUA MARQUES DE ABRANTES,742,TRANVERSAL DA RUA DO ANTIGO BARCELUS,CAMPO GRANDE,,"",COLISÃO,SEM VITIMAS,1,,,,,,1,,,0,,"","","","","","","","","","","","",""
3039,2019-04-06T00:00:00,12:55:00,SEM VÍTIMA,FINALIZADA,PARNAMIRIM,AV PARNAMIRIM,"","",E/F AO SHOPPING PARNAMIRIM,AV PARNAMIRIM,"",E/F AO SHOPPING PARNAMIRIM,PARNAMIRIM,,SUBURBIO,ABALROAMENTO LONGITUDINAL,COLISAO ENTRE ONIBUS E AUTO S/V,1,,,,,1,,,,0,,Longo da via,Bom,Não existe,Perfeito estado,Seca,Perfeito estado,Outros,R-6a,"",Dupla,Faixa seccionada,Canal,""
3040,2019-04-06T00:00:00,13:52:00,SEM VÍTIMA,FINALIZADA,PRADO,RUA JOAO IVO DA SILVA,"",RUA PADRE TEOFILO TWORZ,PRÓXIMO A CASA DOS PARAFUSO,RUA JOAO IVO DA SILVA,"",PRÓXIMO A CASA DOS PARAFUSO,PRADO,503,"",ABALROAMENTO TRANSVERSAL,SEM VITIMAS,2,,,,,,,,,0,,Cruzamento,Bom,Sem defeito,Incompleta,Seca,Perfeito estado,Faixa de pedestre,Outras,"",Única,Faixa contínua,"",""