_id,DATA,hora,natureza_acidente,situacao,bairro,endereco,numero,detalhe_endereco_acidente,complemento,endereco_cruzamento,numero_cruzamento,referencia_cruzamento,bairro_cruzamento,num_semaforo,sentido_via,tipo,descricao,auto,moto,ciclom,ciclista,pedestre,onibus,caminhao,viatura,outros,vitimas,vitimasfatais,acidente_verificado,tempo_clima,situacao_semaforo,sinalizacao,condicao_via,conservacao_via,ponto_controle,situacao_placa,velocidade_max_via,mao_direcao,divisao_via1,divisao_via2,divisao_via3
3595,2019-04-24T00:00:00,11:46:00,SEM VÍTIMA,FINALIZADA,BAIRRO DO RECIFE,CAIS DO APOLO,739,"",EM FRENTE AO Nº 739,CAIS DO APOLO,739,EM FRENTE AO Nº 739,BAIRRO DO RECIFE,,CIDADE,ABALROAMENTO LONGITUDINAL,SEM VITIMAS,2,,,,,,,,,0,,Longo da via,Bom,Não existe,Perfeito estado,Seca,Perfeito estado,Não existe,Não há placas,"",Dupla,Canteiro central,"",""
3596,2019-04-24T00:00:00,11:58:00,COM VÍTIMA,FINALIZADA,PRADO,RUA GOMES TABORDA,676,RUA ABDIAS DE OLIVEIRA,PROXIMO AO SALÃO STUDIOK E AO BAR DA MAGA.,RUA GOMES TABORDA,676,PROXIMO AO SALÃO STUDIOK E AO BAR DA MAGA.,PRADO,,CIDADE,ABALROAMENTO TRANSVERSAL,COLISÃO ENTRE AUTOMÓVEL E MOTOCICLETA.,1,1,,,,,,,,1,,Cruzamento,Bom,Não existe,Perfeito estado,Seca,Perfeito estado,Outros,Outras,"",Dupla,Faixa seccionada,"",""
3597,2019-04-24T00:00:00,12:30:00,SEM VÍTIMA,FINALIZADA,BOA VIAGEM,AV CONSELHEIRO AGUIAR,1632,"",EM FRENTE A MAISON HOME,AV CONSELHEIRO AGUIAR,1632,EM FRENTE A MAISON HOME,BOA VIAGEM,5,SUBURBIO,COLISÃO TRASEIRA,COLISÃO SEM VITIMA,2,,,,,,,,,0,,"",Bom,Sem defeito,Perfeito estado,Seca,Perfeito estado,Faixa de pedestre,Outras,"",Única,Faixa contínua,Faixa seccionada,""
3598,2019-04-25T00:00:00,06:49:00,SEM VÍTIMA,FINALIZADA,SÃO JOSÉ,RUA IMPERIAL,"",TRV DO RAPOSO,"",RUA IMPERIAL,"","",SÃO JOSÉ,510,SUBURBIO,ABALROAMENTO TRANSVERSAL,COLISAO ENTRE AUTO E MOTO S/V,1,1,,,,,,,,0,,Cruzamento,Bom,Sem defeito,Perfeito estado,Seca,Perfeito estado,"","",40 km/h,Única,"","",""
3599,2019-04-24T00:00:00,13:01:00,SEM VÍTIMA,FINALIZADA,BOA VIAGEM,AV ENGENHEIRO DOMINGOS FERREIRA,2160,"",EM FRENTE AO EMPRESARIA BUSINESS BEACH,AV ENGENHEIRO DOMINGOS FERREIRA,2160,EM FRENTE AO EMPRESARIA BUSINESS BEACH,BOA VIAGEM,,SUBURBIO,ABALROAMENTO TRANSVERSAL,COLISAO ENTRE ONIBUS E AUTO E CARROÇA,1,,,,,1,,,,0,,Longo da via,Bom,Sem defeito,Perfeito estado,Seca,Perfeito estado,Não existe,Outras,60 km/h,Única,Canteiro central,"",""
3600,2019-04-24T00:00:00,15:21:00,SEM VÍTIMA,FINALIZADA,ESTÂNCIA,AV ESTANCIA,58,RUA MORAIS E SILVA,"",AV ESTANCIA,58,"",ESTÂNCIA,,SUBURBIO,ABALROAMENTO TRANSVERSAL,COLISAO ENTRE DOIS AUTOS S/V,2,,,,,,,,,0,,Cruzamento,Chuvoso,Não existe,Ilegível,Molhada,Perfeito estado,Não existe,Não há placas,"",Única,Faixa seccionada,"",""
3601,2019-04-24T00:00:00,15:30:00,SEM VÍTIMA,FINALIZADA,BOA VIAGEM,RUA CARLOS PEREIRA FALCAO,121,"",EM FRENTE AO Nº 121,RUA CARLOS PEREIRA FALCAO,121,EM FRENTE AO Nº 121,BOA VIAGEM,,"",ABALROAMENTO TRANSVERSAL,COLISAO ENTRE DOIS AUTOS S/V,2,,,,,,,,,0,,Longo da via,Chuvoso,Não existe,Incompleta,Molhada,Mal iluminada,Não existe,Outras,"",Dupla,Faixa seccionada,"",""
3602,2019-04-24T00:00:00,15:33:00,SEM VÍTIMA,FINALIZADA,MADALENA,RUA JOSE OSORIO,"",RUA DEMOCRITO DE SOUZA FILHO,EM FRENTE AO CECOSNE,RUA JOSE OSORIO,"",EM FRENTE AO CECOSNE,MADALENA,,SUBURBIO,ABALROAMENTO LONGITUDINAL,COLISAO ENTRE DOIS AUTOS S/V,2,,,,,,,,,0,,Longo da via,Bom,Não existe,Perfeito estado,Seca,Perfeito estado,Não existe,Não há placas,50 km/h,Única,Faixa seccionada,"",""
3603,2019-04-24T00:00:00,16:03:00,SEM VÍTIMA,FINALIZADA,TOTÓ,RUA ANANIAS CATANHO,431,"","",RUA ANANIAS CATANHO,431,"",TOTÓ,,SUBURBIO,CHOQUE VEÍCULO PARADO,COLISÃO SEM VITIMA,1,1,,,,,,,,0,,Longo da via,Bom,Não existe,Não existente,Seca,Perfeito estado,Não existe,Não há placas,"",Dupla,Não existe,"",""
3604,2019-04-24T00:00:00,16:46:00,SEM VÍTIMA,FINALIZADA,SANTO ANTÔNIO,AV MARTINS DE BARROS,"","",SEMÁFORO,AV MARTINS DE BARROS,"",SEMÁFORO,SANTO ANTÔNIO,194,SUBURBIO,ABALROAMENTO LONGITUDINAL,COLISÃO S/VITIMA ENTRE UM ONIBUS E UM AUTO,1,,,,,1,,,,0,,Longo da via,Bom,Sem defeito,Perfeito estado,Seca,Perfeito estado,Faixa de pedestre,R-6a,"",Única,Faixa seccionada,"",""
3605,2019-04-24T00:00:00,16:50:00,SEM VÍTIMA,FINALIZADA,IPSEP,RUA JEAN EMILE FAVRE,1738,RUA PADRE LIMA E SA,"",RUA JEAN EMILE FAVRE,1738,"",IPSEP,,SUBURBIO,ABALROAMENTO LONGITUDINAL,COLISÃO SEM VÍTIMA,2,,,,,,,,,0,,Cruzamento,Bom,Não existe,Perfeito estado,Seca,Perfeito estado,Não existe,Placas Pare,40 km/h,Dupla,Faixa contínua,"",""
3606,2019-04-24T00:00:00,17:02:00,SEM VÍTIMA,FINALIZADA,IMBIRIBEIRA,AV MARECHAL MASCARENHAS DE MORAES,"","",EM FRENTE AO BRADESCO,AV MARECHAL MASCARENHAS DE MORAES,"",EM FRENTE AO BRADESCO,IMBIRIBEIRA,,SUBURBIO,COLISÃO TRASEIRA,COLISÃO SEM VÍTIMA,2,,,,,,,,,0,,Longo da via,Bom,Não existe,Perfeito estado,Molhada,Perfeito estado,Outros,Outras,60 km/h,Dupla,Canteiro central,"",""
3607,2019-04-24T00:00:00,17:03:00,SEM VÍTIMA,FINALIZADA,PRADO,AV ENGENHEIRO ABDIAS DE CARVALHO,"",RUA SANTA EDWIRGES,E/F AO POSTO BR,AV ENGENHEIRO ABDIAS DE CARVALHO,"",E/F AO POSTO BR,PRADO,354,SUBURBIO,ABALROAMENTO LONGITUDINAL,COLISAO ENTRE ONIBUS E AUTO S/V,1,,,,,1,,,,0,,Cruzamento,Bom,Sem defeito,Perfeito estado,Seca,Perfeito estado,Outros,Outras,60 km/h,Única,Faixa contínua,"",""
3608,2019-04-24T00:00:00,17:49:00,SEM VÍTIMA,FINALIZADA,BOA VIAGEM,RUA ERNESTO DE PAULA SANTOS,"",RUA AMALIA BERNARDINO DE SOUZA,ESQUINA COM O POSTO BR,RUA ERNESTO DE PAULA SANTOS,"",ESQUINA COM O POSTO BR,BOA VIAGEM,,"",ABALROAMENTO TRANSVERSAL,ENTRE 2 AUTOS. S/V,2,,,,,,,,,0,,Cruzamento,Bom,Não existe,Perfeito estado,Seca,Perfeito estado,Não existe,Não há placas,"",Única,Faixa seccionada,"",""
3609,2019-04-24T00:00:00,18:02:00,COM VÍTIMA,FINALIZADA,BOA VISTA,AV VISCONDE DE SUASSUNA,651,RUA DOM MANOEL PEREIRA,EM FRETE AO POSTO DE COMBUSTIVEL ROMANGUEIRA E A URBANO VITALINO ADVOGADOS.,AV VISCONDE DE SUASSUNA,651,EM FRETE AO POSTO DE COMBUSTIVEL ROMANGUEIRA E A URBANO VITALINO ADVOGADOS.,BOA VISTA,,SUBURBIO,ABALROAMENTO LONGITUDINAL,COLISÃO ENTRE CAMINHÃO E MOTOCICLETA.,,1,,,,,1,,,1,,Cruzamento,Chuvoso,Não existe,Perfeito estado,Molhada,Perfeito estado,Não existe,Placas Pare,"",Única,Faixa seccionada,"",""
3610,2019-04-24T00:00:00,18:38:00,SEM VÍTIMA,FINALIZADA,BONGI,RUA ISAAC MARKMAN,"","",EM FRENTE AO TERMINAL DO BONGI,RUA ISAAC MARKMAN,"",EM FRENTE AO TERMINAL DO BONGI,BONGI,,SUBURBIO,COLISÃO FRONTAL,ENTRE 2 AUTOS. S/V,2,,,,,,,,,0,,Longo da via,Bom,Não existe,Perfeito estado,Seca,Perfeito estado,Não existe,Não há placas,"",Dupla,Faixa seccionada,"",""
3611,2019-04-24T00:00:00,18:49:00,SEM VÍTIMA,CANCELADA,SAN MARTIN,AV GENERAL SAN MARTIN,"","",E/F A PRC DE SAN MARTIN E PADARIA SAO BENEDITO / NO GIRADOURO,AV GENERAL SAN MARTIN,"",E/F A PRC DE SAN MARTIN E PADARIA SAO BENEDITO / NO GIRADOURO,SAN MARTIN,,"",COLISÃO,ENTRE AUTO E MOTO. S/V,1,1,,,,,,,,0,,"","","","","","","","","","","","",""
3612,2019-04-24T00:00:00,18:53:00,SEM VÍTIMA,CANCELADA,JORDÃO,RUA EMILIO MONTEIRO FONSECA,193,"",PROX IGREJA BATISTA CENTRAL DO JORDÃO,RUA EMILIO MONTEIRO FONSECA,193,PROX IGREJA BATISTA CENTRAL DO JORDÃO,JORDÃO,,"",COLISÃO,AUTO E MOTO SEM VITIMAS (CONDUTOR DO AUTO COM SITOMAS DE EMBRIAGUEZ),1,1,,,,,,,,0,,"","","","","","","","","","","","",""
3613,2019-04-24T00:00:00,19:02:00,SEM VÍTIMA,FINALIZADA,GRAÇAS,AV RUI BARBOSA,458,"","",AV RUI BARBOSA,458,"",GRAÇAS,,CIDADE,COLISÃO TRASEIRA,ENTRE 3 AUTOS. S/V,3,,,,,,,,,0,,Longo da via,Chuvoso,Não existe,Perfeito estado,Molhada,Perfeito estado,Não existe,Placas Pare,"",Única,Faixa seccionada,"",""
3614,2019-04-24T00:00:00,19:58:00,SEM VÍTIMA,FINALIZADA,TORREÃO,AV NORTE,"","",NA DESCIDA DO VIADUTO DA AV NORTE,AV NORTE,"",NA DESCIDA DO VIADUTO DA AV NORTE,TORREÃO,,SUBURBIO,COLISÃO TRASEIRA,DUAS MOTO SEM VITIMAS,,2,,,,,,,,0,,Viaduto,Bom,Não existe,Perfeito estado,Molhada,Perfeito estado,"","","",Dupla,Canteiro central,"",""
3615,2019-04-24T00:00:00,20:38:00,SEM VÍTIMA,FINALIZADA,BOA VISTA,AV LINS PETIT,75,"",E/F PRAÇA CHORA MENINO,AV LINS PETIT,75,E/F PRAÇA CHORA MENINO,BOA VISTA,,SUBURBIO,ABALROAMENTO LONGITUDINAL,DOIS AUTO SEM VITIMAS,2,,,,,,,,,0,,Longo da via,Bom,Não existe,Perfeito estado,Seca,Perfeito estado,"","","",Dupla,"","",""
3616,2019-04-24T00:00:00,21:22:00,SEM VÍTIMA,CANCELADA,DERBY,RUA JORNALISTA PAULO BITTENCOURT,"","",AO LADO HOSPITAL DA RESTAURAÇÃO - GUARDAS DA CTTU PRESENTES NO LOCAL,RUA JORNALISTA PAULO BITTENCOURT,"",AO LADO HOSPITAL DA RESTAURAÇÃO - GUARDAS DA CTTU PRESENTES NO LOCAL,DERBY,,"",COLISÃO,ENTRE 2 AUTOS. S/V,2,,,,,,,,,0,,"","","","","","","","","","","","",""
3617,2019-04-25T00:00:00,08:26:00,SEM VÍTIMA,FINALIZADA,BOA VIAGEM,RUA DOM JOSE LOPES,871,"",EM FRENTE AO COLEGIO VENCER,RUA DOM JOSE LOPES,871,EM FRENTE AO COLEGIO VENCER,BOA VIAGEM,,SUBURBIO,ABALROAMENTO TRANSVERSAL,SEM VITIMAS,2,,,,,,,,,0,,Cruzamento,Bom,Não existe,Perfeito estado,Seca,Perfeito estado,Não existe,Placas Pare,40 km/h,Única,Não existe,"",""
3618,2019-04-25T00:00:00,08:39:00,SEM VÍTIMA,FINALIZADA,CASA FORTE,EST DO ENCANAMENTO,909,RUA JERONIMO DE ALBUQUERQUE,"",EST DO ENCANAMENTO,909,"",CASA FORTE,,CIDADE,ABALROAMENTO LONGITUDINAL,COLISÃO SEM VITIMAS,,,,,,1,1,,,0,,Longo da via,Bom,Não existe,Perfeito estado,Seca,Perfeito estado,Não existe,Não há placas,60 km/h,Única,Faixa seccionada,"",""
3619,2019-04-25T00:00:00,08:39:00,SEM VÍTIMA,FINALIZADA,MADALENA,AV CAXANGA,"","",EM FRENTE A CELPE,AV CAXANGA,"",EM FRENTE A CELPE,MADALENA,,CIDADE,COLISÃO TRASEIRA,SEM VITIMAS,2,,,,,,,,,0,,Longo da via,Bom,Não existe,Perfeito estado,Seca,Perfeito estado,Não existe,R-6a,"",Dupla,Canteiro central,"",""
3620,2019-04-25T00:00:00,09:11:00,SEM VÍTIMA,FINALIZADA,JOANA BEZERRA,RUA JARAGUARI,"","",PRÓXIMO A ACADEMIA DA CIDADE,RUA JARAGUARI,"",PRÓXIMO A ACADEMIA DA CIDADE,JOANA BEZERRA,,SUBURBIO,ABALROAMENTO LONGITUDINAL,COLISÃO S/VITIMA ENTRE DOIS ONIBUS,,,,,,2,,,,0,,Longo da via,Chuvoso,Não existe,Perfeito estado,Seca,Perfeito estado,Não existe,Não há placas,"",Dupla,Não existe,"",""
3621,2019-04-25T00:00:00,09:18:00,SEM VÍTIMA,FINALIZADA,AFOGADOS,EST DOS REMEDIOS,1161,"","",EST DOS REMEDIOS,1161,"",AFOGADOS,,CIDADE,ABALROAMENTO LONGITUDINAL,COLISÃO SEM VITIMAS ENTRE AU PASSEIO E CARRO FORTE,2,,,,,,,,,0,,Longo da via,Bom,Não existe,Perfeito estado,Seca,Perfeito estado,Não existe,R-6a,"",Única,Faixa seccionada,"",""
3622,2019-04-25T00:00:00,10:29:00,SEM VÍTIMA,FINALIZADA,BOA VIAGEM,RUA VISCONDE DE JEQUITINHONHA,"",RUA JOAO CARDOSO AIRES,EM FRENTE AO POSTE Nº B007469,RUA VISCONDE DE JEQUITINHONHA,"",EM FRENTE AO POSTE Nº B007469,BOA VIAGEM,,SUBURBIO,ABALROAMENTO LONGITUDINAL,"SEM VITIMAS,VIATURA DO EXERCITO COM AUTO PASSEIO",1,,,,,,,1,,0,,"",Chuvoso,Não existe,Perfeito estado,Molhada,Perfeito estado,"",Não há placas,60 km/h,Única,Canteiro central,"",""
3623,2019-04-25T00:00:00,10:43:00,SEM VÍTIMA,FINALIZADA,ESTÂNCIA,AV RECIFE,5520,"",DESIGN GESSO,AV RECIFE,5520,DESIGN GESSO,ESTÂNCIA,,"",ABALROAMENTO LONGITUDINAL,SEM VITIMAS,1,,,,,,1,,,0,,Longo da via,Chuvoso,Não existe,Não existente,Molhada,Perfeito estado,Não existe,Não há placas,"",Dupla,Canteiro central,"",""
3624,2019-04-25T00:00:00,11:11:00,SEM VÍTIMA,FINALIZADA,IPSEP,AV RECIFE,3129,"",APÓS O SEMÁFORO DE Nº 130,AV RECIFE,3129,APÓS O SEMÁFORO DE Nº 130,IPSEP,,SUBURBIO,COLISÃO TRASEIRA,SEM VITIMAS,1,1,,,,,,,,0,,Longo da via,Chuvoso,Não existe,Perfeito estado,Molhada,Perfeito estado,Não existe,Não há placas,"",Dupla,Canteiro central,"",""
3625,2019-04-25T00:00:00,11:27:00,SEM VÍTIMA,FINALIZADA,AFOGADOS,RUA CINCO DE NOVEMBRO,"",RUA JACIRA,"",RUA CINCO DE NOVEMBRO,"","",AFOGADOS,,CIDADE,COLISÃO TRASEIRA,AUTO E MOTO SEM VITIMAS,1,1,,,,,,,,0,,Cruzamento,Chuvoso,Não existe,Não existente,Molhada,Perfeito estado,Não existe,Não há placas,"",Única,Não existe,"",""
3626,2019-04-25T00:00:00,11:53:00,SEM VÍTIMA,FINALIZADA,SANTO AMARO,AV PREFEITO ARTUR LIMA CAVALCANTI,"",AV CRUZ CABUGA,"",AV PREFEITO ARTUR LIMA CAVALCANTI,"","",SANTO AMARO,343,SUBURBIO,ABALROAMENTO LONGITUDINAL,CARRETA E UM AUTO PASSEIO,1,,,,,,1,,1,0,,Cruzamento,Chuvoso,Sem defeito,Perfeito estado,Molhada,Perfeito estado,Faixa de pedestre,Outras,"",Dupla,Canteiro central,"",""
3627,2019-04-25T00:00:00,12:23:00,SEM VÍTIMA,FINALIZADA,ESPINHEIRO,RUA CONS PORTELA,139,"",EM FRENTE DO EDF VILLA VERDE,RUA CONS PORTELA,139,EM FRENTE DO EDF VILLA VERDE,ESPINHEIRO,,"",COLISÃO,DOIS AUTO SEM VITIMAS,2,,,,,,,,,0,,"","","","","","","","","","","","",""
3628,2019-04-25T00:00:00,12:32:00,SEM VÍTIMA,FINALIZADA,BOA VIAGEM,AV ENGENHEIRO DOMINGOS FERREIRA,2324,"",ADROALDO,AV ENGENHEIRO DOMINGOS FERREIRA,2324,ADROALDO,BOA VIAGEM,139,SUBURBIO,COLISÃO TRASEIRA,COLISÃO SEM VÍTIMA,3,,,,,,,,,0,,Longo da via,Chuvoso,Sem defeito,Perfeito estado,Molhada,Perfeito estado,Não existe,R-6a,"",Única,Canteiro central,"",""
3629,2019-04-25T00:00:00,12:40:00,SEM VÍTIMA,CANCELADA,IMBIRIBEIRA,RUA ITACARI,57,"",AO LADO DO BANCO ITAU,RUA ITACARI,57,AO LADO DO BANCO ITAU,IMBIRIBEIRA,,"",COLISÃO,ONIBUS E AUTO,1,,,,,1,,,,0,,"","","","","","","","","","","","",""
3630,2019-04-26T00:00:00,06:54:00,SEM VÍTIMA,FINALIZADA,BAIRRO DO RECIFE,CAIS DO APOLO,"","",EM FRENTE A PREFEITURA,CAIS DO APOLO,"",EM FRENTE A PREFEITURA,BAIRRO DO RECIFE,436,"",COLISÃO TRASEIRA,DOIS AUTOS SEM VITIMAS,1,,,,,,1,,,0,,Longo da via,Chuvoso,Sem defeito,Perfeito estado,Molhada,Perfeito estado,Faixa de pedestre,Outras,"",Dupla,Canteiro central,"",""
3631,2019-04-25T00:00:00,13:58:00,SEM VÍTIMA,FINALIZADA,AREIAS,RUA JORGE ABRANTES,"","","",RUA JORGE ABRANTES,"","",AREIAS,,SUBURBIO,ABALROAMENTO LONGITUDINAL,"",2,,,,,,,,,0,,Cruzamento,Chuvoso,Não existe,Não existente,Molhada,Mal conservada,Não existe,Placas Pare,"",Dupla,Não existe,"",""
3632,2019-04-25T00:00:00,14:19:00,SEM VÍTIMA,FINALIZADA,BOA VIAGEM,RUA BRUNO VELOSO,"",AV ENGENHEIRO DOMINGOS FERREIRA,SOB O SEMÁFORO Nº 338,AV ENGENHEIRO DOMINGOS FERREIRA,"",SAIDA DO SHOPPING RECIFE (A1),BOA VIAGEM,338,"",ABALROAMENTO LONGITUDINAL,COLISAO SEM VITIMAS,1,,,,,1,,,,0,,"",Chuvoso,Sem defeito,Perfeito estado,Molhada,Perfeito estado,Faixa de pedestre,Outras,"",Única,Faixa seccionada,"",""
3633,2019-04-25T00:00:00,14:26:00,SEM VÍTIMA,FINALIZADA,TORRE,RUA CONDE DE IRAJA,629,"","",RUA CONDE DE IRAJA,629,"",TORRE,,SUBURBIO,ABALROAMENTO LONGITUDINAL,COLISAO SEM VITIMAS,2,,,,,,,,1,0,,Longo da via,Chuvoso,Não existe,Perfeito estado,Molhada,Perfeito estado,Não existe,R-6a,"",Única,Faixa seccionada,"",""
3634,2019-04-25T00:00:00,14:40:00,SEM VÍTIMA,FINALIZADA,TORREÃO,AV GOVERNADOR AGAMENON MAGALHAES,129,"",EDF TEREZA DIAS,AV GOVERNADOR AGAMENON MAGALHAES,129,EDF TEREZA DIAS,TORREÃO,,SUBURBIO,ABALROAMENTO LONGITUDINAL,COLISÃO SEM VITIMAS,2,,,,,,,,,0,,Longo da via,Bom,Não existe,Perfeito estado,Seca,Perfeito estado,Não existe,Placas Pare,"",Dupla,Não existe,"",""
3635,2019-04-25T00:00:00,14:44:00,SEM VÍTIMA,FINALIZADA,PRADO,AV ENGENHEIRO ABDIAS DE CARVALHO,"","",E/F FUNASE,AV ENGENHEIRO ABDIAS DE CARVALHO,"",E/F FUNASE,PRADO,,CIDADE,COLISÃO TRASEIRA,TRES AUTO SEM VITIMAS,3,,,,,,,,,0,,Longo da via,Chuvoso,Não existe,Não existente,Molhada,Perfeito estado,Não existe,Não há placas,"",Dupla,Canteiro central,"",""
3636,2019-04-25T00:00:00,14:58:00,SEM VÍTIMA,FINALIZADA,JIQUIÁ,RUA JORGE ABRANTES,514,"",POR TRAS DO MERCADO VITORIA,RUA JORGE ABRANTES,514,POR TRAS DO MERCADO VITORIA,JIQUIÁ,,"",COLISÃO,DOIS AUTOS,2,,,,,,,,,0,,"","","","","","","","","","","","",""
3637,2019-04-25T00:00:00,16:41:00,SEM VÍTIMA,CANCELADA,GRAÇAS,AV RUI BARBOSA,1087,"",EM FRENTE A CLINICA JOSE ROCHA DE SÁ,AV RUI BARBOSA,1087,EM FRENTE A CLINICA JOSE ROCHA DE SÁ,GRAÇAS,,"",COLISÃO,COLISÃO SEM VÍTIMA,2,,,,,,,,,0,,"","","","","","","","","","","","",""
3638,2019-04-25T00:00:00,17:05:00,SEM VÍTIMA,FINALIZADA,ROSARINHO,RUA GENERAL ABREU E LIMA,391,"",APÓS A ACADEMIA LIFT,RUA GENERAL ABREU E LIMA,391,APÓS A ACADEMIA LIFT,ROSARINHO,,SUBURBIO,ABALROAMENTO LONGITUDINAL,DOIS AUTO SEM VITIMAS,2,,,,,,,,,0,,Longo da via,Chuvoso,Não existe,Perfeito estado,Molhada,Perfeito estado,Não existe,Outras,40 km/h,Única,Não existe,"",""
3639,2019-04-25T00:00:00,17:08:00,COM VÍTIMA,FINALIZADA,ROSARINHO,RUA GERSON DE BARROS PINANGE,145,RUA ALMIRANTE NORONHA DE CARVALHO,"",RUA GERSON DE BARROS PINANGE,145,"",ROSARINHO,,CIDADE,ABALROAMENTO LONGITUDINAL,"COLISÃO ENTRE AUTOMÓVEL E MOTOCICLETA, ONDE O AUTOMÓVEL EVADIU-SE DO LOCAL..",1,1,,,,,,,,1,,Cruzamento,Chuvoso,Não existe,Não existente,Molhada,Perfeito estado,Não existe,Não há placas,"",Dupla,"","",""
3640,2019-04-25T00:00:00,17:13:00,SEM VÍTIMA,FINALIZADA,MADALENA,AV VISCONDE DE ALBUQUERQUE,"",RUA BARTOLOMEU DE GUSMAO,"",AV VISCONDE DE ALBUQUERQUE,"","",MADALENA,,CIDADE,ABALROAMENTO LONGITUDINAL,"",1,,,,,,1,,,0,,Cruzamento,Chuvoso,Não existe,Perfeito estado,Molhada,Perfeito estado,Não existe,Não há placas,"",Única,Faixa contínua,"",""
3641,2019-04-25T00:00:00,17:15:00,SEM VÍTIMA,FINALIZADA,ARRUDA,AV BEBERIBE,"","",AO LADO DA PIZZARIA DO CHICÃO,AV BEBERIBE,"",AO LADO DA PIZZARIA DO CHICÃO,ARRUDA,,"",COLISÃO,COLISÃO SEM VÍTIMA,1,1,,,,,,,,0,,"","","","","","","","","","","","",""
3642,2019-04-25T00:00:00,17:23:00,SEM VÍTIMA,FINALIZADA,CAXANGÁ,RUA RIBEIRO PESSOA,"","",AO LADO DA UPA DA CAXANGA,RUA RIBEIRO PESSOA,"",AO LADO DA UPA DA CAXANGA,CAXANGÁ,,SUBURBIO,ABALROAMENTO LONGITUDINAL,COLISÃO SEM VÍTIMA,2,,,,,,,,,0,,Longo da via,Bom,Não existe,Perfeito estado,Molhada,Perfeito estado,Não existe,Não há placas,40 km/h,Dupla,Não existe,"",""
3643,2019-04-25T00:00:00,17:26:00,COM VÍTIMA,FINALIZADA,CIDADE UNIVERSITÁRIA,AV PROFESSOR ARTUR DE SA,140,"",AO LADO DO HOSPITAL DAS CLÍNICAS.,AV PROFESSOR ARTUR DE SA,140,AO LADO DO HOSPITAL DAS CLÍNICAS.,CIDADE UNIVERSITÁRIA,,BR101,ATROPELAMENTO,"ATROPELAMENTO ENTRE UM ÔNIBUS, DOIS AUTOMÓVEIS E UM PEDESTRE.",2,,,,1,1,,,,1,,Longo da via,Chuvoso,Não existe,Perfeito estado,Molhada,Perfeito estado,Não existe,Não há placas,"",Dupla,Faixa seccionada,"",""
3644,2019-04-25T00:00:00,17:52:00,SEM VÍTIMA,FINALIZADA,SÃO JOSÉ,AV N S DO CARMO,107,"",EM FRENTE A NARCISO ENXOVAIS,AV N S DO CARMO,107,EM FRENTE A NARCISO ENXOVAIS,SÃO JOSÉ,,CIDADE,ABALROAMENTO LONGITUDINAL,COLISÃO SEM VÍTIMA,1,,,,,1,,,,0,,Longo da via,Chuvoso,Não existe,Perfeito estado,Molhada,Perfeito estado,Não existe,R-6a,"",Dupla,Faixa contínua,"",""
3645,2019-04-25T00:00:00,17:56:00,SEM VÍTIMA,FINALIZADA,JOANA BEZERRA,PTE JOSE DE BARROS LIMA,"","",SUBIDA DA PONTE JOSE DE BARROS LIMA,PTE JOSE DE BARROS LIMA,"",SUBIDA DA PONTE JOSE DE BARROS LIMA,JOANA BEZERRA,,"",COLISÃO TRASEIRA,COLISÃO SEM VÍTIMA,1,,,,,1,,,,0,,Ponte,Bom,Não existe,Perfeito estado,Seca,Perfeito estado,Não existe,Não há placas,"",Dupla,Canteiro central,"",""
3646,2019-04-25T00:00:00,18:10:00,SEM VÍTIMA,FINALIZADA,ESTÂNCIA,AV RECIFE,5516,"","",AV RECIFE,5516,"",ESTÂNCIA,,"",ABALROAMENTO LONGITUDINAL,COLISÃO SEM VÍTIMA,1,,,,,,1,,,0,,Longo da via,Bom,Não existe,Perfeito estado,Seca,Perfeito estado,Outros,R-6a,60 km/h,Dupla,Canteiro central,"",""
3647,2019-04-25T00:00:00,18:33:00,SEM VÍTIMA,CANCELADA,TORRE,RUA JOSE OSORIO,"","",NO SEMAFORO 387 NA PONTE DA CAPUNGA S/T CAXANGA,RUA JOSE OSORIO,"",NO SEMAFORO 387 NA PONTE DA CAPUNGA S/T CAXANGA,TORRE,,"",COLISÃO,COLISAO ENTRE DOIS AUTOS S/V,2,,,,,,,,,0,,"","","","","","","","","","","","",""
3648,2019-04-25T00:00:00,18:37:00,SEM VÍTIMA,FINALIZADA,ESTÂNCIA,AV RECIFE,5516,"","",AV RECIFE,5516,"",ESTÂNCIA,,CIDADE,ABALROAMENTO LONGITUDINAL,CARRETA X SIENA,1,,,,,,1,,,0,,Longo da via,Bom,Não existe,Perfeito estado,Seca,Perfeito estado,Não existe,R-6a,"",Dupla,Faixa seccionada,Canteiro central,""
3649,2019-04-25T00:00:00,18:38:00,COM VÍTIMA,CANCELADA,ALTO DO MANDU,RUA SANTA IZABEL,206,"",E/F A PADARIA RENATA,RUA SANTA IZABEL,206,E/F A PADARIA RENATA,ALTO DO MANDU,,"",ATROPELAMENTO,VEICULO ATRAPELOU DUAS PESSOAS,1,,,,2,,,,,2,,"","","","","","","","","","","","",""
3650,2019-04-25T00:00:00,20:49:00,SEM VÍTIMA,FINALIZADA,CASA AMARELA,RUA DA HARMONIA,"",RUA CONS NABUCO,"",RUA DA HARMONIA,"","",CASA AMARELA,,"",ABALROAMENTO TRANSVERSAL,NISSAN X CLASSIC,2,,,,,,,,,0,,Cruzamento,Bom,Não existe,Não existente,Seca,Perfeito estado,Não existe,Outras,"",Única,Faixa contínua,"",""