_id,DATA,hora,natureza_acidente,situacao,bairro,endereco,numero,detalhe_endereco_acidente,complemento,endereco_cruzamento,numero_cruzamento,referencia_cruzamento,bairro_cruzamento,num_semaforo,sentido_via,tipo,descricao,auto,moto,ciclom,ciclista,pedestre,onibus,caminhao,viatura,outros,vitimas,vitimasfatais,acidente_verificado,tempo_clima,situacao_semaforo,sinalizacao,condicao_via,conservacao_via,ponto_controle,situacao_placa,velocidade_max_via,mao_direcao,divisao_via1,divisao_via2,divisao_via3
3651,2019-04-25T00:00:00,22:19:00,COM VÍTIMA,FINALIZADA,BREJO DE BEBERIBE,AV VEREADOR OTACILIO AZEVEDO,928,"",NO TERMINAL DO ONIBUS DO BREJO DE BEBERIBE. APÓS A UPA.,AV VEREADOR OTACILIO AZEVEDO,928,NO TERMINAL DO ONIBUS DO BREJO DE BEBERIBE. APÓS A UPA.,BREJO DE BEBERIBE,,CIDADE,COLISÃO FRONTAL,COLISÃO ENTRE DOIS AUTOMÓVEIS.,2,,,,,,,,,1,,Longo da via,Chuvoso,Não existe,Não existente,Molhada,Perfeito estado,"",Não há placas,"",Dupla,"","",""
3652,2019-04-25T00:00:00,23:10:00,SEM VÍTIMA,CANCELADA,MADALENA,AV ENGENHEIRO ABDIAS DE CARVALHO,"","",ENF AO HABIB´S // SENTIDO ILHA DO RETIRO,AV ENGENHEIRO ABDIAS DE CARVALHO,"",ENF AO HABIB´S // SENTIDO ILHA DO RETIRO,MADALENA,,"",COLISÃO,MOTO X NISSAN VERSA,1,1,,,,,,,,0,,"","","","","","","","","","","","",""
3653,2019-04-26T00:00:00,06:06:00,SEM VÍTIMA,FINALIZADA,PRADO,AV ENGENHEIRO ABDIAS DE CARVALHO,"","","",AV ENGENHEIRO ABDIAS DE CARVALHO,"","PROX DO HABIBS, AO LADO DO POSTO LEÃO DA ILHA",PRADO,132,CIDADE,COLISÃO TRASEIRA,COLISÃO ENTRE AUTO E ÔNIBUS S/V,1,,,,,1,,,,0,,Longo da via,Chuvoso,Sem defeito,Perfeito estado,Molhada,Perfeito estado,Faixa de pedestre,Não há placas,60 km/h,Dupla,Canteiro central,"",""
3654,2019-04-26T00:00:00,07:31:00,SEM VÍTIMA,FINALIZADA,CASA AMARELA,EST DO ARRAIAL,"",RUA DA HARMONIA,PATEO DO POSTO SHELL,EST DO ARRAIAL,"",PATEO DO POSTO SHELL,CASA AMARELA,,"",ABALROAMENTO LONGITUDINAL,COLISÃO SEM VITIMAS,2,,,,,,,,,0,,"",Bom,Sem defeito,Perfeito estado,Seca,Perfeito estado,Faixa de pedestre,Não há placas,"",Única,Faixa seccionada,"",""
3655,2019-04-26T00:00:00,07:39:00,SEM VÍTIMA,FINALIZADA,SANTO AMARO,AV GOVERNADOR AGAMENON MAGALHAES,"","",EM FRENTE A IGREJA JESUS CRISTO DOS SANTOS ULTIMOS DIAS,AV GOVERNADOR AGAMENON MAGALHAES,"",EM FRENTE A IGREJA JESUS CRISTO DOS SANTOS ULTIMOS DIAS,SANTO AMARO,,"",ABALROAMENTO LONGITUDINAL,COLISÃO SEM VITIMAS,2,,,,,,,,,0,,Longo da via,Bom,Não existe,Perfeito estado,Seca,Perfeito estado,Não existe,Não há placas,60 km/h,Dupla,Canteiro central,"",""
3656,2019-04-26T00:00:00,07:46:00,COM VÍTIMA,FINALIZADA,TORRE,RUA JOSE BONIFACIO,1356,"",AOS O CARREFOUR,RUA JOSE BONIFACIO,1356,AOS O CARREFOUR,TORRE,,CID/SUB,CAPOTAMENTO,C/V,1,,,,,,,,,1,,Ponte,Bom,Não existe,Não existente,Seca,Perfeito estado,Não existe,Não há placas,60 km/h,Dupla,Canteiro central,"",""
3657,2019-04-26T00:00:00,07:56:00,SEM VÍTIMA,FINALIZADA,CASA AMARELA,AV NORTE,"","",LADO OPOSTO AO PARQUE DA MACAXEIRA,AV NORTE,"",LADO OPOSTO AO PARQUE DA MACAXEIRA,CASA AMARELA,451,SUBURBIO,ABALROAMENTO LONGITUDINAL,DOIS AUTOS,2,,,,,,,,,0,,Longo da via,Bom,Sem defeito,Perfeito estado,Seca,Perfeito estado,Faixa de pedestre,R-6a,60 km/h,Única,Faixa contínua,"",""
3658,2019-04-26T00:00:00,07:59:00,COM VÍTIMA,FINALIZADA,IPSEP,AV RECIFE,"","",LADO OPOSTO AO POSTO DE GASOLINA FEDERAL.,AV RECIFE,"",LADO OPOSTO AO POSTO DE GASOLINA FEDERAL.,IPSEP,,AEROPORTO,COLISÃO COM CICLISTA,COLISÃO ENTRE E CICLISTA AUTO.,1,,,1,,,,,,1,,Longo da via,Bom,Não existe,Perfeito estado,Molhada,Perfeito estado,Não existe,Não há placas,60 km/h,Dupla,Canteiro central,"",""
3659,2019-04-26T00:00:00,08:29:00,SEM VÍTIMA,FINALIZADA,CASA AMARELA,RUA RODRIGUES SETE,"",AV NORTE,"",RUA RODRIGUES SETE,"","",CASA AMARELA,,CIDADE,ABALROAMENTO LONGITUDINAL,AUTO E MOTO,1,1,,,,,,,,0,,Cruzamento,Bom,Não existe,Perfeito estado,Seca,Perfeito estado,Não existe,Não há placas,"",Dupla,Não existe,"",""
3660,2019-04-26T00:00:00,08:32:00,SEM VÍTIMA,FINALIZADA,PINA,AV ANTONIO DE GOES,"","",EM FRENTE AO TROCAO,AV ANTONIO DE GOES,"",EM FRENTE AO TROCAO,PINA,,CIDADE,COLISÃO,ONIBUS E AUTO,,,,,,,,,,0,,"","","","","","","","","","","","",""
3661,2019-04-26T00:00:00,08:55:00,SEM VÍTIMA,FINALIZADA,BOMBA DO HEMETÉRIO,RUA CHA DE ALEGRIA,219,"",EM FRENTE AO POSTO LUIS WILSON,RUA CHA DE ALEGRIA,219,EM FRENTE AO POSTO LUIS WILSON,BOMBA DO HEMETÉRIO,,SUBURBIO,ABALROAMENTO LONGITUDINAL,ONIBUS E AUTO,1,,,,,1,,,,0,,Longo da via,Bom,Não existe,Perfeito estado,Seca,Perfeito estado,Faixa de pedestre,Outras,30 km/h,Dupla,Faixa contínua,Faixa seccionada,""
3662,2019-04-26T00:00:00,08:59:00,SEM VÍTIMA,CANCELADA,AREIAS,AV RECIFE,"","",PROX AO MACRO NA SUBIDA DO VIADUTO ULISSES GUIMARES,AV RECIFE,"",PROX AO MACRO NA SUBIDA DO VIADUTO ULISSES GUIMARES,AREIAS,,BR,COLISÃO,COLISÃO SEM VITIMAS,1,,,,,,1,,,0,,"","","","","","","","","","","","",""
3663,2019-04-26T00:00:00,09:08:00,SEM VÍTIMA,FINALIZADA,ESPINHEIRO,RUA MARQUES DO PARANA,"",RUA DR FERNANDO ALLAIN,"",RUA MARQUES DO PARANA,"","",ESPINHEIRO,,"",ABALROAMENTO TRANSVERSAL,COLISÃO SEM VITIMAS,2,,,,,,,,,0,,Cruzamento,Bom,Não existe,Perfeito estado,Seca,Perfeito estado,Não existe,Placas Pare,"",Dupla,Não existe,"",""
3664,2019-04-26T00:00:00,09:41:00,SEM VÍTIMA,FINALIZADA,BOA VIAGEM,AV CONSELHEIRO AGUIAR,3655,"",EM FRENTE AO BANCO ITAÚ,AV CONSELHEIRO AGUIAR,3655,EM FRENTE AO BANCO ITAÚ,BOA VIAGEM,,CIDADE,COLISÃO TRASEIRA,COLISÃO SEM VITIMAS,1,,,,,,1,,,0,,Longo da via,Bom,Não existe,Perfeito estado,Seca,Perfeito estado,Não existe,Não há placas,60 km/h,Única,Faixa contínua,"",""
3665,2019-04-26T00:00:00,10:27:00,SEM VÍTIMA,FINALIZADA,BOA VIAGEM,AV MARECHAL JUAREZ TAVORA,36,"","",AV MARECHAL JUAREZ TAVORA,36,"",BOA VIAGEM,,SUBURBIO,CHOQUE VEÍCULO PARADO,COLISÃO SEM VITIMAS / ENTRE DOIS AUTOS,2,,,,,,,,,0,,Longo da via,Bom,Não existe,Perfeito estado,Seca,Perfeito estado,Não existe,Outras,"",Dupla,Canteiro central,"",""
3666,2019-04-26T00:00:00,12:09:00,COM VÍTIMA,FINALIZADA,CASA AMARELA,AV DR EURICO CHAVES,962,"",EM FRENTE A FARMACIA DO TRABALHADOR E CASA MÃE (LOJA DE MÓVEIS).,AV DR EURICO CHAVES,962,EM FRENTE A FARMACIA DO TRABALHADOR E CASA MÃE (LOJA DE MÓVEIS).,CASA AMARELA,,CIDADE,ATROPELAMENTO,ATROPELAMENTO ENTRE AUTOMÓVEL E PEDESTRE.,1,,,,1,,,,,1,,Longo da via,Bom,Não existe,Ilegível,Seca,Mal conservada,Não existe,R-6a,"",Única,Faixa,"",""
3667,2019-04-26T00:00:00,12:09:00,SEM VÍTIMA,FINALIZADA,ENCRUZILHADA,RUA CASTRO ALVES,"",AV NORTE,"",RUA CASTRO ALVES,"","",ENCRUZILHADA,665,SUBURBIO,ABALROAMENTO LONGITUDINAL,ONIBUS E AUTO PASSEIO,1,,,,,1,,,,0,,Cruzamento,Bom,Sem defeito,Perfeito estado,Seca,Perfeito estado,Faixa de pedestre,R-6a,"",Única,Faixa seccionada,"",""
3668,2019-04-26T00:00:00,12:29:00,SEM VÍTIMA,CANCELADA,BEBERIBE,AV BEBERIBE,3620,"",E/F AO SEST SENAT,AV BEBERIBE,3620,E/F AO SEST SENAT,BEBERIBE,,"",COLISÃO,COLISAO ENTRE AUTO E MOTO COM UMA VITIMA,1,1,,,,,,,,0,,"","","","","","","","","","","","",""
3669,2019-04-26T00:00:00,12:37:00,SEM VÍTIMA,FINALIZADA,IMBIRIBEIRA,AV MARECHAL MASCARENHAS DE MORAES,6211,"",EM FRENTE A INFRAERO,AV MARECHAL MASCARENHAS DE MORAES,6211,EM FRENTE A INFRAERO,IMBIRIBEIRA,,SUBURBIO,ABALROAMENTO LONGITUDINAL,COLISÃO SEM VÍTIMA,1,,,,,,1,,,0,,Longo da via,Bom,Não existe,Perfeito estado,Seca,Perfeito estado,Não existe,"",60 km/h,Dupla,Canteiro central,"",""
3670,2019-04-26T00:00:00,12:52:00,SEM VÍTIMA,FINALIZADA,PINA,PTE GOVERNADOR PAULO GUERRA,"","",EM FRENTE A COMPESA,PTE GOVERNADOR PAULO GUERRA,"",EM FRENTE A COMPESA,PINA,,SUBURBIO,ABALROAMENTO LONGITUDINAL,COLISÃO SEM VITIMA,2,,,,,,,,,0,,Viaduto,Bom,Não existe,Perfeito estado,Seca,Perfeito estado,Não existe,Outras,60 km/h,Dupla,Faixa seccionada,"",""
3671,2019-04-26T00:00:00,13:03:00,SEM VÍTIMA,CANCELADA,IPUTINGA,AV CAXANGA,"","",E/F AO EXTRA SUPERMERCADO,AV CAXANGA,"",E/F AO EXTRA SUPERMERCADO,IPUTINGA,,CIDADE,COLISÃO,ONIBUS E AUTO PASSEIO SEM VITIMAS,1,,,,,1,,,,0,,"","","","","","","","","","","","",""
3672,2019-04-26T00:00:00,13:18:00,COM VÍTIMA,FINALIZADA,IBURA,AV DOIS RIOS,652,"",E/F MR SUPERMERCADO,AV DOIS RIOS,652,E/F MR SUPERMERCADO,IBURA,325,SUBURBIO,CHOQUE VEÍCULO PARADO,COLISÃO ENTRE AUTOMÓVEL E MOTOCICLETA.,1,1,,,,,,,,1,,Longo da via,Bom,Sem defeito,Perfeito estado,Seca,Perfeito estado,Faixa de pedestre,"","",Dupla,Faixa contínua,"",""
3673,2019-04-26T00:00:00,13:21:00,SEM VÍTIMA,FINALIZADA,ESPINHEIRO,RUA CONS PORTELA,"",RUA QUARENTA E OITO,SEMÁFORO 11,RUA CONS PORTELA,"",SEMÁFORO 11,ESPINHEIRO,11,CIDADE,COLISÃO TRASEIRA,COLISAO ENTRE AUTO E MOTO S/V,1,1,,,,,,,,0,,Cruzamento,Bom,Sem defeito,Perfeito estado,Seca,Perfeito estado,Faixa de pedestre,R-6a,"",Única,Faixa contínua,"",""
3674,2019-04-26T00:00:00,13:31:00,SEM VÍTIMA,FINALIZADA,PINA,AV ANTONIO DE GOES,"","",SEMÁFORO 226,AV ANTONIO DE GOES,"",SEMÁFORO 226,PINA,,CIDADE,ABALROAMENTO LONGITUDINAL,COLISÃO SEM VITIMA,1,,,,,1,,,,0,,Longo da via,Bom,Sem defeito,Perfeito estado,Seca,Perfeito estado,Não existe,Não há placas,"",Dupla,Canteiro central,"",""
3675,2019-04-26T00:00:00,14:31:00,SEM VÍTIMA,FINALIZADA,APIPUCOS,RUA DE APIPUCOS,"","","",RUA DE APIPUCOS,"","",APIPUCOS,248,SUBURBIO,COLISÃO TRASEIRA,COLISÃO SEM VÍTIMA,2,,,,,,,,,0,,Longo da via,Bom,Sem defeito,Perfeito estado,Seca,Perfeito estado,"",R-6a,"",Dupla,Faixa seccionada,"",""
3676,2019-04-26T00:00:00,14:40:00,COM VÍTIMA,FINALIZADA,ESPINHEIRO,AV JOAO DE BARROS,44,RUA ALFREDO DE MEDEIROS,NA ESQUINA DO POSTO SHELL,AV JOAO DE BARROS,44,NA ESQUINA DO POSTO SHELL,ESPINHEIRO,,CIDADE,ABALROAMENTO LONGITUDINAL,COLISÃO ENTRE AUTOMÓVEL E MOTOCICLETA.,1,1,,,,,,,,1,,Longo da via,Bom,Não existe,Perfeito estado,Seca,Perfeito estado,"",Não há placas,40 km/h,Dupla,Faixa,"",""
3677,2019-04-26T00:00:00,14:55:00,SEM VÍTIMA,FINALIZADA,TORREÃO,AV NORTE,56,RUA MARQUES DO PARANA,"",AV NORTE,56,"",TORREÃO,,SUBURBIO,COLISÃO TRASEIRA,COLISÃO SEM VITIMAS,3,,,,,,,,,0,,Longo da via,Bom,Sem defeito,Perfeito estado,Seca,Perfeito estado,Não existe,Não há placas,"",Dupla,Canteiro central,"",""
3678,2019-04-26T00:00:00,15:25:00,SEM VÍTIMA,FINALIZADA,SÃO JOSÉ,AV SUL,"","","",AV SUL,"","",SÃO JOSÉ,76,CIDADE,COLISÃO TRASEIRA,COLISÃO SEM VÍTIMA,2,,,,,,,,,0,,Longo da via,Bom,Sem defeito,Perfeito estado,Seca,Mal conservada,Faixa de retenção,Outras,60 km/h,Dupla,Canteiro central,"",""
3679,2019-04-26T00:00:00,15:28:00,SEM VÍTIMA,FINALIZADA,BOA VIAGEM,RUA SETUBAL,464,"",EDIF. CARLOS DIAS,RUA SETUBAL,464,EDIF. CARLOS DIAS,BOA VIAGEM,,CIDADE,COLISÃO TRASEIRA,COLISÃO SEM VÍTIMA,2,,,,,,,,,0,,Longo da via,Bom,Não existe,Perfeito estado,Seca,Perfeito estado,Não existe,R-6a,"",Única,Faixa seccionada,"",""
3680,2019-04-26T00:00:00,15:47:00,COM VÍTIMA,FINALIZADA,IBURA,AV DOIS RIOS,"",RUA PINTOR AGENOR DE ALBUQUERQUE CESAR,EM FRENTE AO SENA SAÚDE.,AV DOIS RIOS,"",EM FRENTE AO SENA SAÚDE.,IBURA,561,"",ABALROAMENTO TRANSVERSAL,COLISAO ENTRE AUTO E MOTO COM UMA VITIMA,1,1,,,,,,,,1,,Longo da via,Bom,Sem defeito,Perfeito estado,Seca,Perfeito estado,Não existe,Não há placas,"",Dupla,Faixa contínua,"",""
3681,2019-04-26T00:00:00,15:54:00,COM VÍTIMA,FINALIZADA,SANTO AMARO,AV NORTE,539,"","LADO OPOSTO AO SENAI, Nº 539.",AV NORTE,539,"LADO OPOSTO AO SENAI, Nº 539.",SANTO AMARO,34,SUBURBIO,COLISÃO COM CICLISTA,COLISAO AUTO COM UM CICLISTA,1,,,1,,,,,,1,,Longo da via,Bom,Sem defeito,Perfeito estado,Seca,Perfeito estado,Faixa de pedestre,R-4a,"",Dupla,Faixa seccionada,Canteiro central,""
3682,2019-04-26T00:00:00,16:04:00,SEM VÍTIMA,FINALIZADA,ARRUDA,AV BEBERIBE,"",RUA DAS MOCAS,E/F AO ESTADIO DO ARRUDA,AV BEBERIBE,"",E/F AO ESTADIO DO ARRUDA,ARRUDA,,CIDADE,ABALROAMENTO LONGITUDINAL,DOIS AUTO SEM VITIMAS,2,,,,,,,,,0,,Cruzamento,Bom,Não existe,Perfeito estado,Seca,Perfeito estado,Não existe,R-6a,60 km/h,Dupla,Faixa contínua,"",""
3683,2019-04-26T00:00:00,16:14:00,COM VÍTIMA,FINALIZADA,JOANA BEZERRA,RUA CAPITAO TEMUDO,"","",NA SUBIDA DO VIADUTO E/F ACADEMIA DA CIDADE,RUA CAPITAO TEMUDO,"",NA SUBIDA DO VIADUTO E/F ACADEMIA DA CIDADE,JOANA BEZERRA,,"",COLISÃO,COLISAO ENTRE AUTO E MOTO COM UMA VITIMA,1,1,,,,,,,,1,,"","","","","","","","","","","","",""
3684,2019-04-26T00:00:00,16:25:00,SEM VÍTIMA,DUPLICIDADE,ENCRUZILHADA,AV NORTE,"",RUA MARQUES DO PARANA,"",AV NORTE,"","",ENCRUZILHADA,,"",COLISÃO,TRÊS AUTOMÓVEIS,3,,,,,,,,,0,,"","","","","","","","","","","","",""
3685,2019-04-26T00:00:00,16:28:00,SEM VÍTIMA,FINALIZADA,BOA VIAGEM,AV BOA VIAGEM,"","","",AV BOA VIAGEM,"","",BOA VIAGEM,84,CIDADE,COLISÃO TRASEIRA,COLISAO ENTRE CARRO DA CELPE E MOTO S/V,1,1,,,,,,,,0,,Longo da via,Bom,Sem defeito,Perfeito estado,Seca,Perfeito estado,Faixa de pedestre,Placas Pare,50 km/h,Única,Faixa contínua,"",""
3686,2019-04-26T00:00:00,16:44:00,SEM VÍTIMA,FINALIZADA,IPUTINGA,EST DO BARBALHO,"",RUA TERRA GRANDE,EM FRENTE AO DETRAN,EST DO BARBALHO,"",EM FRENTE AO DETRAN,IPUTINGA,,SUBURBIO,ABALROAMENTO TRANSVERSAL,COLISÃO SEM VÍTIMA,1,,,,,,1,,,0,,Cruzamento,Bom,Não existe,Ilegível,Seca,Perfeito estado,Faixa de pedestre,Placas Pare,"",Dupla,Faixa seccionada,"",""
3687,2019-04-26T00:00:00,16:57:00,SEM VÍTIMA,FINALIZADA,SÃO JOSÉ,AV SUL,"","",EM FRENTE AO Nº 896,AV SUL,"",EM FRENTE AO Nº 896,SÃO JOSÉ,,CIDADE,COLISÃO TRASEIRA,DOIS AUTO SEM VITIMAS,1,,,,,,1,,,0,,Longo da via,Bom,Não existe,Perfeito estado,Seca,Perfeito estado,Não existe,Não há placas,"",Dupla,Canteiro central,"",""
3688,2019-04-26T00:00:00,17:31:00,SEM VÍTIMA,CANCELADA,CABANGA,AV SATURNINO DE BRITO,"","",ANTES DA PONTE DO RIOMAR E/F A LOMBADA ELETRONICA,AV SATURNINO DE BRITO,"",ANTES DA PONTE DO RIOMAR E/F A LOMBADA ELETRONICA,CABANGA,,"",COLISÃO,COLISAO ENTRE CAMINHAO E AUTO,1,,,,,,1,,,0,,"","","","","","","","","","","","",""
3689,2019-04-26T00:00:00,17:59:00,SEM VÍTIMA,FINALIZADA,PINA,AV ENGENHEIRO DOMINGOS FERREIRA,"",RUA TOME GIBSON,"",AV ENGENHEIRO DOMINGOS FERREIRA,"","",PINA,200,SUBURBIO,COLISÃO TRASEIRA,COLISÃO SEM VITIMA,1,,,,,1,,,,0,,Cruzamento,Bom,Sem defeito,Perfeito estado,Seca,Perfeito estado,Faixa de pedestre,Não há placas,60 km/h,Única,Canteiro central,"",""
3690,2019-04-26T00:00:00,18:20:00,SEM VÍTIMA,FINALIZADA,ILHA DO LEITE,AV FREI MATIAS TEVES,"",RUA SENADOR JOSE HENRIQUE,"",AV FREI MATIAS TEVES,"","",ILHA DO LEITE,,SUBURBIO,ABALROAMENTO TRANSVERSAL,COLISAO SEM VITIMAS,2,,,,,,,,,0,,Cruzamento,Bom,Não existe,Perfeito estado,Seca,Perfeito estado,Faixa de pedestre,Placas Pare,30 km/h,"",Faixa seccionada,"",""
3691,2019-04-26T00:00:00,18:48:00,SEM VÍTIMA,FINALIZADA,CAXANGÁ,AV CAXANGA,"","",ENF A INTEGRAÇAO DA CAXANGA,AV CAXANGA,"",ENF A INTEGRAÇAO DA CAXANGA,CAXANGÁ,262,"",ABALROAMENTO TRANSVERSAL,ONIBUS BORBOREMA X AUTO,1,,,,,1,,,,0,,Cruzamento,Bom,Sem defeito,Perfeito estado,Seca,Perfeito estado,"","","",Dupla,"","",""
3692,2019-04-26T00:00:00,18:55:00,COM VÍTIMA,FINALIZADA,ARRUDA,AV PROFESSOR JOSE DOS ANJOS,1029,EST VELHA DE AGUA FRIA,PROX AO MERCADINHO DOIS E BOM. RESIDENCIAL VILA COIMBRA.,AV PROFESSOR JOSE DOS ANJOS,1029,PROX AO MERCADINHO DOIS E BOM. RESIDENCIAL VILA COIMBRA.,ARRUDA,306,SUBURBIO,ABALROAMENTO LONGITUDINAL,COLISÃO ENTRE DOIS AUTOMÓVEIS.,2,,,,,,,,,1,,Cruzamento,Bom,Sem defeito,Perfeito estado,Seca,Perfeito estado,Faixa de pedestre,Outras,40 km/h,Dupla,Faixa contínua,Faixa seccionada,Canteiro central
3693,2019-04-26T00:00:00,20:13:00,COM VÍTIMA,FINALIZADA,CORDEIRO,RUA GOMES TABORDA,"",EST DO FORTE DO ARRAIAL N. DO B. JESUS,EM FRENTE A HIDRO VITAL,RUA GOMES TABORDA,"",EM FRENTE A HIDRO VITAL,CORDEIRO,249,SUBURBIO,ABALROAMENTO TRANSVERSAL,COLISÃO ENTRE AUTOMÓVEL E MOTOCICLETA.,1,1,,,,,,,,1,,Cruzamento,Bom,Sem defeito,Perfeito estado,Seca,"",Faixa de pedestre,Não há placas,"",Dupla,"","",""
3694,2019-04-26T00:00:00,20:32:00,SEM VÍTIMA,FINALIZADA,VASCO DA GAMA,RUA DOIS DE FEVEREIRO,278,"","",RUA DOIS DE FEVEREIRO,278,"",VASCO DA GAMA,,SUBURBIO,ABALROAMENTO LONGITUDINAL,COLISAO SEM VITIMAS,1,,,,,1,,,,0,,Longo da via,Bom,Não existe,Incompleta,Seca,Perfeito estado,Não existe,Não há placas,"",Dupla,Não existe,"",""
3695,2019-04-26T00:00:00,21:05:00,SEM VÍTIMA,FINALIZADA,ARRUDA,RUA DAS MOCAS,1193,"","",RUA DAS MOCAS,1193,"",ARRUDA,,SUBURBIO,ABALROAMENTO LONGITUDINAL,COLISÃO SEM VITIMAS,1,,,,,1,,,,0,,Longo da via,Bom,Sem defeito,Perfeito estado,Seca,Perfeito estado,Não existe,R-6a,"",Dupla,Faixa seccionada,"",""
3696,2019-04-26T00:00:00,21:52:00,SEM VÍTIMA,FINALIZADA,BOA VIAGEM,RUA RIBEIRO DE BRITO,1197,RUA CORONEL ANIZIO RODRIGUES COELHO,"",RUA RIBEIRO DE BRITO,1197,"",BOA VIAGEM,,CIDADE,ABALROAMENTO LONGITUDINAL,PRISMA X HB 20,1,,,,,,,,,0,,"",Bom,Não existe,Perfeito estado,Seca,Perfeito estado,Não existe,R-6a,"",Única,Faixa seccionada,"",""
3697,2019-04-27T00:00:00,05:42:00,SEM VÍTIMA,CANCELADA,ENCRUZILHADA,AV NORTE,"",RUA ALFREDO DE CASTRO,EM FRENTE A LOJA DA MITSUBISH,AV NORTE,"",EM FRENTE A LOJA DA MITSUBISH,ENCRUZILHADA,665,"",COLISÃO,"",1,,,,,1,,,,0,,"","","","","","","","","","","","",""
3698,2019-04-27T00:00:00,06:47:00,SEM VÍTIMA,FINALIZADA,TORRE,RUA DEMOCRITO DE SOUZA FILHO,"",RUA JOSE OSORIO,"",RUA DEMOCRITO DE SOUZA FILHO,"","",TORRE,,CIDADE,CHOQUE OBJETO FIXO,"SEM VITIMA,VEÍCULO CHOCOU-SE COM UM FITEIRO",1,,,,,,,,,0,,Longo da via,Bom,Não existe,Incompleta,Seca,Mal conservada,Não existe,R-6a,"",Única,Não existe,"",""
3699,2019-04-27T00:00:00,07:38:00,COM VÍTIMA,FINALIZADA,PARNAMIRIM,RUA SEBASTIAO MALTA ARCOVERDE,129,"",RENAUX SERVICE,RUA SEBASTIAO MALTA ARCOVERDE,129,RENAUX SERVICE,PARNAMIRIM,,SUBURBIO,CHOQUE OBJETO FIXO,CHOQUE ENTRE AUTOMÓVEL E UM OBJETO FIXO.,1,,,,,,,,,1,,Longo da via,Chuvoso,Não existe,Perfeito estado,Molhada,Perfeito estado,"",Outras,"",Única,Faixa,"",""
3700,2019-04-27T00:00:00,07:39:00,COM VÍTIMA,FINALIZADA,ESPINHEIRO,RUA CONS PORTELA,525,RUA QUARENTA E OITO,AO LADO DA FARMACIA PAGUE MENOS,RUA CONS PORTELA,525,AO LADO DA FARMACIA PAGUE MENOS,ESPINHEIRO,11,CIDADE,ABALROAMENTO LONGITUDINAL,COLISÃO ENTRE AUTOMÓVEL E MOTOCICLETA.,1,1,,,,,,,,1,,Cruzamento,Bom,Sem defeito,Perfeito estado,Seca,Perfeito estado,Faixa de pedestre,Outras,"",Única,Faixa seccionada,"",""
3701,2019-04-27T00:00:00,08:16:00,COM VÍTIMA,FINALIZADA,SANTO AMARO,AV CRUZ CABUGA,665,RUA FREI CASSIMIRO,EM FRENTE A CASA DA INDUSTRIA E SECRETARIA DE DESENVOLVIMENTO SOCIAL.,AV CRUZ CABUGA,665,EM FRENTE A CASA DA INDUSTRIA E SECRETARIA DE DESENVOLVIMENTO SOCIAL.,SANTO AMARO,,CIDADE,COLISÃO TRASEIRA,COLISÃO ENTRE AUTOMÓVEL E MOTOCICLETA.,1,1,,,,,,,,1,,Longo da via,Bom,Sem defeito,Perfeito estado,Seca,Perfeito estado,Faixa de pedestre,"","",Dupla,Faixa,"",""
3702,2019-04-27T00:00:00,08:16:00,SEM VÍTIMA,CANCELADA,COELHOS,RUA DOS COELHOS,"","",AO LADO DO HOSPITAL DO IMIP EM FRENTE A INSTITUIÇÃO LEGIÃO DA BOA VONTADE,RUA DOS COELHOS,"",AO LADO DO HOSPITAL DO IMIP EM FRENTE A INSTITUIÇÃO LEGIÃO DA BOA VONTADE,COELHOS,,"",COLISÃO,COLISÃO SEM VITIMAS,2,,,,,,,,,0,,"","","","","","","","","","","","",""
3703,2019-04-27T00:00:00,08:17:00,COM VÍTIMA,FINALIZADA,BOA VIAGEM,RUA MARIA CAROLINA,586,RUA MINISTRO NELSON HUNGRIA,EM FRENTE AO HOTEL BRISTOL,RUA MARIA CAROLINA,586,EM FRENTE AO HOTEL BRISTOL,BOA VIAGEM,,SUBURBIO,COLISÃO COM CICLISTA,COLISÃO ENTRE AUTOMÓVEL E BICICLETA.,1,,,1,,,,,,1,,Cruzamento,Bom,Não existe,Perfeito estado,Seca,Perfeito estado,Não existe,Não há placas,"",Única,Não existe,"",""
3704,2019-04-27T00:00:00,08:21:00,COM VÍTIMA,DUPLICIDADE,PARNAMIRIM,RUA SEBASTIAO MALTA ARCOVERDE,129,AV PARNAMIRIM,EM FRENTE A RENAUX SERVICE (GESTÃO EM SERVIÇOS),RUA SEBASTIAO MALTA ARCOVERDE,129,EM FRENTE A RENAUX SERVICE (GESTÃO EM SERVIÇOS),PARNAMIRIM,,"",CHOQUE OBJETO FIXO,"CHOQUE, EM UMA ÁRVORE, COM VITIMA",1,,,,,,,,,1,,"","","","","","","","","","","","",""
3705,2019-04-27T00:00:00,08:24:00,SEM VÍTIMA,FINALIZADA,CAXANGÁ,RUA OSMAR DE AQUINO,"","",EM FRENTE AO SUPERMERCADO AQUI TEM,RUA OSMAR DE AQUINO,"",EM FRENTE AO SUPERMERCADO AQUI TEM,CAXANGÁ,,SUBURBIO,ABALROAMENTO LONGITUDINAL,COLISÃO SEM VITIMAS,2,,,,,,,,,0,,Longo da via,Bom,Não existe,Não existente,Seca,Perfeito estado,Não existe,Não há placas,20 km/h,Dupla,Não existe,"",""