_id,DATA,hora,natureza_acidente,situacao,bairro,endereco,numero,detalhe_endereco_acidente,complemento,endereco_cruzamento,numero_cruzamento,referencia_cruzamento,bairro_cruzamento,num_semaforo,sentido_via,tipo,descricao,auto,moto,ciclom,ciclista,pedestre,onibus,caminhao,viatura,outros,vitimas,vitimasfatais,acidente_verificado,tempo_clima,situacao_semaforo,sinalizacao,condicao_via,conservacao_via,ponto_controle,situacao_placa,velocidade_max_via,mao_direcao,divisao_via1,divisao_via2,divisao_via3
3706,2019-04-27T00:00:00,08:54:00,COM VÍTIMA,FINALIZADA,SANTO AMARO,AV GOVERNADOR AGAMENON MAGALHAES,S/N,RUA DR LEOPOLDO LINS,CAIXA ECONÔMICA FEDERAL.,AV GOVERNADOR AGAMENON MAGALHAES,S/N,CAIXA ECONÔMICA FEDERAL.,SANTO AMARO,78,SUBURBIO,ABALROAMENTO TRANSVERSAL,COLISÃO ENVOLVENDO AUTO E MOTOCICLETA. AUTO PASSEIO EVADIU DO LOCAL,1,1,,,,,,,,2,,Esquina,Bom,Sem defeito,Perfeito estado,Seca,Perfeito estado,Faixa de pedestre,Outras,"",Dupla,Canal,Canteiro central,""
3707,2019-04-27T00:00:00,10:14:00,SEM VÍTIMA,FINALIZADA,AREIAS,AV CAPITAO GREGORIO DE CALDAS,694,"","",AV CAPITAO GREGORIO DE CALDAS,694,"",AREIAS,,SUBURBIO,CHOQUE VEÍCULO PARADO,SEM VITIMAS,1,,,,,,1,,,0,,Longo da via,Bom,Não existe,Não existente,Seca,Perfeito estado,Não existe,Não há placas,30 km/h,Dupla,Não existe,"",""
3708,2019-04-27T00:00:00,10:21:00,SEM VÍTIMA,FINALIZADA,ARRUDA,EST VELHA DE AGUA FRIA,"","",SOB O SEMÁFORO 306,EST VELHA DE AGUA FRIA,"",SOB O SEMÁFORO 306,ARRUDA,306,SUBURBIO,COLISÃO TRASEIRA,DOIS AUTOS,2,,,,,,,,,0,,Ponte,Bom,Sem defeito,Perfeito estado,Seca,Perfeito estado,Faixa de pedestre,Outras,"",Dupla,Canteiro central,"",""
3709,2019-04-27T00:00:00,10:57:00,SEM VÍTIMA,FINALIZADA,CAMPO GRANDE,EST DE BELEM,272,"",EM FRENTE AO EDIFICIO ANTÉIA,EST DE BELEM,272,EM FRENTE AO EDIFICIO ANTÉIA,CAMPO GRANDE,,SUBURBIO,ABALROAMENTO LONGITUDINAL,COLISÃO SEM VITIMAS ENTRE UM ONIBUS E UM AUTO,1,,,,,1,,,,0,,Longo da via,Bom,Sem defeito,Perfeito estado,Seca,Perfeito estado,Não existe,Outras,"",Dupla,Faixa seccionada,"",""
3710,2019-04-27T00:00:00,10:58:00,SEM VÍTIMA,DUPLICIDADE,ENCRUZILHADA,RUA ANTONIO RANGEL,"",EST DE BELEM,EM FRENTE A UMA QUITANDARIA EM FRENTE A LOJA ORTOPEDIA RECIFE,RUA ANTONIO RANGEL,"",EM FRENTE A UMA QUITANDARIA EM FRENTE A LOJA ORTOPEDIA RECIFE,ENCRUZILHADA,,"",COLISÃO,COLISÃO SEM VITIMAS,1,,,,,1,,,,0,,"","","","","","","","","","","","",""
3711,2019-04-27T00:00:00,10:59:00,SEM VÍTIMA,FINALIZADA,CORDEIRO,RUA HONORIO CORREIA,146,"",EM FRENTE AO SUPERMERCADO LEÃO,RUA HONORIO CORREIA,146,EM FRENTE AO SUPERMERCADO LEÃO,CORDEIRO,,CIDADE,ABALROAMENTO LONGITUDINAL,SEM VITIMAS,2,,,,,,,,,0,,Longo da via,Bom,Não existe,Incompleta,Seca,Perfeito estado,Faixa de pedestre,Outras,"",Única,Faixa seccionada,"",""
3712,2019-04-27T00:00:00,11:21:00,SEM VÍTIMA,FINALIZADA,BARRO,AV PRESIDENTE MEDICI,"","",PROX. AO TREVO DOS MILAGRES,AV PRESIDENTE MEDICI,"",PROX. AO TREVO DOS MILAGRES,BARRO,580,SUBURBIO,ABALROAMENTO LONGITUDINAL,CAMINHÃO E AUTO,1,,,,,,1,,,0,,Longo da via,Bom,Não existe,Incompleta,Seca,Perfeito estado,Não existe,R-6a,"",Dupla,Não existe,"",""
3713,2019-04-27T00:00:00,11:50:00,SEM VÍTIMA,FINALIZADA,JAQUEIRA,RUA ANTENOR NAVARRO,69,"",LADO OPOSTO AO Nº 69,RUA ANTENOR NAVARRO,69,LADO OPOSTO AO Nº 69,JAQUEIRA,,CIDADE,ABALROAMENTO LONGITUDINAL,SEM VITMAS,2,,,,,,,,,0,,Longo da via,Bom,Não existe,Perfeito estado,Seca,Perfeito estado,Não existe,Outras,"",Única,Não existe,"",""
3714,2019-04-27T00:00:00,12:16:00,SEM VÍTIMA,CANCELADA,ARRUDA,RUA INDEPENDENCIA,415,RUA ZEFERINO AGRA,PROX ACADEMIA HI EXPRESS,RUA INDEPENDENCIA,415,PROX ACADEMIA HI EXPRESS,ARRUDA,,"",COLISÃO,COLISAO ENTRE DOIS AUTOS S/V,2,,,,,,,,,0,,"","","","","","","","","","","","",""
3715,2019-04-27T00:00:00,12:22:00,COM VÍTIMA,FINALIZADA,IPUTINGA,RUA AMBROSIO MACHADO,"",AV MARIO ALVARES PEREIRA DE LYRA,CANAL DO CAVOCO,RUA AMBROSIO MACHADO,"",CANAL DO CAVOCO,IPUTINGA,134,"",COLISÃO,COM DUAS VITIMAS AGUARDANDO SAMU,1,1,,,,,,,,2,,"","","","","","","","","","","","",""
3716,2019-04-27T00:00:00,12:36:00,SEM VÍTIMA,FINALIZADA,SANTO ANTÔNIO,RUA SAO JOAO,209,RUA VIDAL DE NEGREIROS,BOTECO DA ESQUINA,RUA SAO JOAO,209,BOTECO DA ESQUINA,SANTO ANTÔNIO,,SUBURBIO,ABALROAMENTO TRANSVERSAL,ONIBUS E AUTO,1,,,,,,1,,,0,,Cruzamento,Bom,Não existe,Ilegível,Seca,Perfeito estado,Não existe,Outras,40 km/h,Única,Não existe,"",""
3717,2019-04-27T00:00:00,12:43:00,COM VÍTIMA,CANCELADA,PARNAMIRIM,RUA JOAO TUDE DE MELO,"",RUA VIRGINIA LORETO,EM FRENTE AO SHOPPING PARNAMIRIM,RUA JOAO TUDE DE MELO,"",EM FRENTE AO SHOPPING PARNAMIRIM,PARNAMIRIM,,"",COLISÃO,COLISÃO COM VÍTIMA,,,,,,,,,,1,,"","","","","","","","","","","","",""
3718,2019-04-27T00:00:00,12:48:00,SEM VÍTIMA,FINALIZADA,ILHA DO LEITE,AV GOVERNADOR AGAMENON MAGALHAES,4775,"",EM FRENTE AO EDF THOMAS EDISON,AV GOVERNADOR AGAMENON MAGALHAES,4775,EM FRENTE AO EDF THOMAS EDISON,ILHA DO LEITE,,"",ABALROAMENTO LONGITUDINAL,COLISAO ENTRE ONIBUS E AUTO S/V,1,,,,,1,,,,0,,Longo da via,Bom,Não existe,Perfeito estado,Seca,Perfeito estado,Não existe,R-6a,"",Dupla,Faixa seccionada,"",""
3719,2019-04-27T00:00:00,12:50:00,COM VÍTIMA,FINALIZADA,IMBIRIBEIRA,AV MARECHAL MASCARENHAS DE MORAES,2156,"",EM FRENTE A FIAT ITALIANA,AV MARECHAL MASCARENHAS DE MORAES,2156,EM FRENTE A FIAT ITALIANA,IMBIRIBEIRA,,SUBURBIO,ABALROAMENTO LONGITUDINAL,COLISÃO ENTRE AUTOMÓVEL E MOTOCICLETA.,1,1,,,,,,,,1,,Longo da via,Bom,Não existe,Perfeito estado,Seca,Perfeito estado,Não existe,Outras,"",Dupla,Faixa seccionada,Canteiro central,""
3720,2019-04-27T00:00:00,13:24:00,COM VÍTIMA,FINALIZADA,PRADO,AV ENGENHEIRO ABDIAS DE CARVALHO,"","",EM FRENTE A FACULDADE ESTACIO,AV ENGENHEIRO ABDIAS DE CARVALHO,"",EM FRENTE A FACULDADE ESTACIO,PRADO,,SUBURBIO,ABALROAMENTO LONGITUDINAL,COLISÃO ENTRE AUTOMÓVEL E MOTOCICLETA.,1,1,,,,,,,,1,,Longo da via,Bom,Não existe,Perfeito estado,Seca,Perfeito estado,Não existe,Outras,60 km/h,Dupla,Canteiro central,"",""
3721,2019-04-27T00:00:00,13:35:00,SEM VÍTIMA,FINALIZADA,LINHA DO TIRO,RUA URIEL DE HOLANDA,1378,"",LADO OPOSTO AO Nº 1378,RUA URIEL DE HOLANDA,1378,LADO OPOSTO AO Nº 1378,LINHA DO TIRO,,SUBURBIO,ABALROAMENTO LONGITUDINAL,SEM VITIMAS,,2,,,,,,,,0,,Longo da via,Bom,Não existe,Não existente,Seca,Mal conservada,Não existe,Não há placas,"",Dupla,Não existe,"",""
3722,2019-04-27T00:00:00,14:54:00,SEM VÍTIMA,FINALIZADA,SÃO JOSÉ,RUA IMPERIAL,981,TRV DO RAPOSO,"",RUA IMPERIAL,981,"",SÃO JOSÉ,510,SUBURBIO,ABALROAMENTO TRANSVERSAL,SEM VITIMAS,1,1,,,,,,,,0,,Cruzamento,Bom,Sem defeito,Perfeito estado,Seca,Perfeito estado,Faixa de pedestre,"","",Única,Faixa seccionada,"",""
3723,2019-04-27T00:00:00,15:11:00,SEM VÍTIMA,DUPLICIDADE,SÃO JOSÉ,RUA IMPERIAL,"","",NO SEMÁFORO 510,RUA IMPERIAL,"",NO SEMÁFORO 510,SÃO JOSÉ,510,"",COLISÃO,COLISÃO SEM VÍTIMA,1,1,,,,,,,,0,,"","","","","","","","","","","","",""
3724,2019-04-27T00:00:00,15:17:00,SEM VÍTIMA,FINALIZADA,SANTO AMARO,AV VISCONDE DE SUASSUNA,"",RUA BISPO CARDOSO AYRES,"",AV VISCONDE DE SUASSUNA,"","",SANTO AMARO,172,"",ABALROAMENTO LONGITUDINAL,COLISÃO SEM VÍTIMA,2,,,,,,,,,0,,Cruzamento,Bom,Sem defeito,Perfeito estado,Seca,Perfeito estado,Faixa de pedestre,"","",Única,"","",""
3725,2019-04-27T00:00:00,15:27:00,SEM VÍTIMA,FINALIZADA,VÁRZEA,RUA EMILIANO BRAGA,"",RUA PROFESSOR ANTONIO COELHO,"",RUA EMILIANO BRAGA,"","",VÁRZEA,,SUBURBIO,ABALROAMENTO TRANSVERSAL,COLISÃO SEM VÍTIMA,2,,,,,,,,,0,,Cruzamento,Bom,Não existe,Não existente,Seca,Perfeito estado,Não existe,Placas Pare,"",Única,Faixa seccionada,"",""
3726,2019-04-27T00:00:00,16:23:00,COM VÍTIMA,FINALIZADA,SANTO AMARO,RUA MARQUÊS DO POMBAL,783,RUA TUPINAMBAS,EM FRENTE COLEGIO ANIBAL FERNANDES,RUA MARQUÊS DO POMBAL,783,EM FRENTE COLEGIO ANIBAL FERNANDES,SANTO AMARO,,CIDADE,ABALROAMENTO TRANSVERSAL,COLISÃO ENTRE AUTOMÓVEL E MOTOCICLETA.,1,1,,,,,,,,1,,Cruzamento,Bom,Não existe,Ilegível,Seca,Perfeito estado,Não existe,Não há placas,"",Dupla,Faixa,"",""
3727,2019-04-27T00:00:00,16:42:00,SEM VÍTIMA,FINALIZADA,JORDÃO,RUA CAMOCIM,"","",RES. JARDIM PRIMAVERA,RUA CAMOCIM,"",RES. JARDIM PRIMAVERA,JORDÃO,,"",COLISÃO,COLISÃO SEM VÍTIMA,2,,,,,,,,,0,,"","","","","","","","","","","","",""
3728,2019-04-27T00:00:00,16:43:00,SEM VÍTIMA,FINALIZADA,BARRO,AV CENTRAL,"","",NA ENTRADA DO TERMINAL INTEGRADO DO BARRO,AV CENTRAL,"",NA ENTRADA DO TERMINAL INTEGRADO DO BARRO,BARRO,,"",COLISÃO,SEM VITIMAS,1,,,,,1,,,,0,,"","","","","","","","","","","","",""
3729,2019-04-27T00:00:00,16:57:00,SEM VÍTIMA,FINALIZADA,PARNAMIRIM,RUA LEONARDO BEZERRA CAVALCANTE,11,"","",RUA LEONARDO BEZERRA CAVALCANTE,11,"",PARNAMIRIM,,CIDADE,COLISÃO TRASEIRA,SEM VITIMAS,2,,,,,,,,,0,,Longo da via,Bom,Não existe,Não existente,Seca,Perfeito estado,Não existe,Não há placas,"",Dupla,Faixa contínua,"",""
3730,2019-04-27T00:00:00,17:02:00,SEM VÍTIMA,PENDENTE,NOVA DESCOBERTA,RUA NOVA DESCOBERTA,"","",PROX. A ASSEMBLEIA DE DEUS,RUA NOVA DESCOBERTA,"",PROX. A ASSEMBLEIA DE DEUS,NOVA DESCOBERTA,,"",COLISÃO,COLISÃO SEM VÍTIMA,,,,,,,,,,0,,"","","","","","","","","","","","",""
3731,2019-04-27T00:00:00,18:58:00,COM VÍTIMA,FINALIZADA,BOA VIAGEM,AV BOA VIAGEM,2514,"",ENF AO EDF MARIA EDUARDA,AV BOA VIAGEM,2514,ENF AO EDF MARIA EDUARDA,BOA VIAGEM,,CIDADE,COLISÃO TRASEIRA,COLISÃO ENTRE DOIS AUTOMÓVEIS E MOTOCICLETA. UM DOS AUTOMÓVEIS EVADIU-SE DO LOCAL.,2,1,,,,,,,,1,,Longo da via,Bom,"",Perfeito estado,Seca,Perfeito estado,Não existe,Não há placas,60 km/h,Única,Faixa seccionada,"",""
3732,2019-04-27T00:00:00,19:05:00,SEM VÍTIMA,FINALIZADA,ALTO JOSÉ BONIFÁCIO,RUA CORREGO DO EUCLIDES,322,"",E/F A LOJA MIUDO WITA,RUA CORREGO DO EUCLIDES,322,E/F A LOJA MIUDO WITA,ALTO JOSÉ BONIFÁCIO,,"",ENGAVETAMENTO,ENTRE 2 AUTOS E MOTO. S/V,2,1,,,,,,,,0,,Longo da via,Bom,Não existe,Não existente,Seca,Perfeito estado,Não existe,Não há placas,"",Dupla,Faixa seccionada,"",""
3733,2019-04-27T00:00:00,19:47:00,SEM VÍTIMA,FINALIZADA,ESPINHEIRO,RUA DO ESPINHEIRO,"",RUA SANTO ELIAS,"",RUA DO ESPINHEIRO,"","",ESPINHEIRO,,"",ABALROAMENTO TRANSVERSAL,SIENA X CORSA,2,,,,,,,,,0,,Cruzamento,Bom,Não existe,Ilegível,Seca,Mal iluminada,Faixa de pedestre,Placas Pare,"",Única,Faixa seccionada,"",""
3734,2019-04-27T00:00:00,20:13:00,SEM VÍTIMA,FINALIZADA,CASA FORTE,AV DEZESSETE DE AGOSTO,357,"","",AV DEZESSETE DE AGOSTO,357,"",CASA FORTE,614,"",COLISÃO TRASEIRA,FORD K X PRISMA X I 30,3,,,,,,,,,0,,Longo da via,Bom,Sem defeito,Ilegível,Seca,Mal iluminada,Faixa de pedestre,"","",Dupla,Faixa seccionada,"",""
3735,2019-04-27T00:00:00,22:43:00,SEM VÍTIMA,FINALIZADA,ÁGUA FRIA,RUA DR EUDES COSTA,102,RUA JOAO UZEDA LUNA,"",RUA DR EUDES COSTA,102,"",ÁGUA FRIA,,CIDADE,ABALROAMENTO TRANSVERSAL,CLASSIC X FIESTA,2,,,,,,,,,0,,Cruzamento,Bom,Não existe,Não existente,Seca,Perfeito estado,Não existe,Não há placas,"",Dupla,Não existe,"",""
3736,2019-04-27T00:00:00,23:04:00,COM VÍTIMA,FINALIZADA,TEJIPIÓ,RUA FALCAO DE LACERDA,451,RUA PAPA JOAO VINTE E TRES,PROX A ASA MOTOS PEÇAS,RUA FALCAO DE LACERDA,451,PROX A ASA MOTOS PEÇAS,TEJIPIÓ,285,"",COLISÃO FRONTAL,COLISÃO ENTRE DOIS AUTOMÓVEIS.,2,,,,,,,,,1,,Longo da via,Bom,Sem defeito,Perfeito estado,Seca,Perfeito estado,Faixa de pedestre,Outras,"",Dupla,Faixa contínua,"",""
3737,2019-04-27T00:00:00,23:17:00,SEM VÍTIMA,FINALIZADA,"",AV ANIBAL BENEVOLO,"","",E/F AO CLUBE BELA VISTA,AV ANIBAL BENEVOLO,"",E/F AO CLUBE BELA VISTA,"",,SUBURBIO,ABALROAMENTO LONGITUDINAL,ENTRE AUTO E CAMINHÃO. S/V,1,,,,,1,,,,0,,Longo da via,Bom,Não existe,Ilegível,Seca,Mal iluminada,Não existe,Não há placas,"",Dupla,Não existe,"",""
3738,2019-04-28T00:00:00,00:23:00,SEM VÍTIMA,FINALIZADA,CAMPO GRANDE,RUA VOLUNTARIOS DA PATRIA,303,RUA DR MACHADO,PRÓX AO GOLÉGIO IMACULADO,RUA VOLUNTARIOS DA PATRIA,303,PRÓX AO GOLÉGIO IMACULADO,CAMPO GRANDE,,SUBURBIO,ABALROAMENTO TRANSVERSAL,"COLISÃO ENTRE DOIS AUTOS, SEM VÍTIMAS",2,,,,,,,,,0,,Cruzamento,Bom,Não existe,Perfeito estado,Seca,Perfeito estado,Faixa de pedestre,Placas Pare,"",Dupla,Não existe,"",""
3739,2019-04-28T00:00:00,00:30:00,SEM VÍTIMA,FINALIZADA,CAXANGÁ,AV CAXANGA,"",AV PROFESSOR MORAES REGO,"",AV CAXANGA,"","",CAXANGÁ,,SUBURBIO,ABALROAMENTO LONGITUDINAL,ENTRE AUTO E CARRETA. S/V,1,,,,,,1,,,0,,Cruzamento,Bom,Não existe,Ilegível,Seca,Mal iluminada,Não existe,Não há placas,60 km/h,Dupla,Canteiro central,"",""
3740,2019-04-28T00:00:00,01:15:00,SEM VÍTIMA,FINALIZADA,IPSEP,RUA ITAJAI,"",RUA PAMPULHA,"",RUA ITAJAI,"","",IPSEP,,CIDADE,COLISÃO TRASEIRA,ENTRE 2 AUTOS. S/V,2,,,,,,,,,0,,Cruzamento,Bom,Não existe,Perfeito estado,Seca,Perfeito estado,"",Placas Pare,"",Dupla,Não existe,"",""
3741,2019-04-28T00:00:00,01:46:00,SEM VÍTIMA,FINALIZADA,BOA VIAGEM,RUA ATLANTICO,"",AV CONSELHEIRO AGUIAR,OPOSTO AO Nº 857,RUA ATLANTICO,"",OPOSTO AO Nº 857,BOA VIAGEM,,CIDADE,CHOQUE OBJETO FIXO,"CONDUTOR PERDEU O CONTROLE DO VEÍCULO, CHOCOU-SE CONTRA UM POSTE E ABANDONOU O MESMO NO LOCAL.",1,,,,,,,,,0,,Cruzamento,Bom,Não existe,Perfeito estado,Seca,Perfeito estado,"",R-6a,"",Única,Faixa contínua,Faixa seccionada,""
3742,2019-04-28T00:00:00,02:36:00,SEM VÍTIMA,CANCELADA,CAXANGÁ,AV CAXANGA,"",RUA PROFESSOR CHAVES BATISTA,"SEMÁFORO 230 / E/F AO RESTAURANTE BOI E BRASA, SNT CAMARAGIBE",AV CAXANGA,"","SEMÁFORO 230 / E/F AO RESTAURANTE BOI E BRASA, SNT CAMARAGIBE",CAXANGÁ,,"",COLISÃO,ENTRE 2 AUTOS. S/V,2,,,,,,,,,0,,"","","","","","","","","","","","",""
3743,2019-04-28T00:00:00,05:50:00,SEM VÍTIMA,FINALIZADA,ÁGUA FRIA,EST VELHA DE AGUA FRIA,1420,"","",EST VELHA DE AGUA FRIA,1420,"",ÁGUA FRIA,,CIDADE,CHOQUE VEÍCULO PARADO,VEÍCULO CHOCOU-SE CONTRA DOIS VEÍCULOS ESTACIONADOS,2,,,,,,,,,0,,Longo da via,Bom,Não existe,Não existente,Seca,Perfeito estado,Não existe,Não há placas,"",Única,Faixa seccionada,"",""
3744,2019-04-28T00:00:00,06:44:00,SEM VÍTIMA,CANCELADA,AREIAS,AV RECIFE,"",RUA CAPITAO JACINTO DA CRUZ,EM FRENTE AO ARQUIVO MORTO DO INSS,AV RECIFE,"",EM FRENTE AO ARQUIVO MORTO DO INSS,AREIAS,59,SENT/CEASA,COLISÃO,"SEM VITIMAS,CRIANÇA NO AUTO PASSEIO",2,,,,,,,,,0,,"","","","","","","","","","","","",""
3745,2019-04-28T00:00:00,07:38:00,SEM VÍTIMA,FINALIZADA,BOA VIAGEM,AV CONSELHEIRO AGUIAR,4417,RUA CARLOS PEREIRA FALCAO,BANCO SANTANDER,AV CONSELHEIRO AGUIAR,4417,BANCO SANTANDER,BOA VIAGEM,,CIDADE,ABALROAMENTO LONGITUDINAL,VT 02 CTTU PCJ1854 X,2,,,,,,,,,0,,Longo da via,Bom,Sem defeito,Perfeito estado,Seca,Perfeito estado,Faixa de pedestre,Outras,"",Única,Faixa seccionada,"",""
3746,2019-04-28T00:00:00,07:55:00,SEM VÍTIMA,CANCELADA,CASA AMARELA,AV NORTE,"",RUA GOMES COUTINHO,"",AV NORTE,"","",CASA AMARELA,643,"",COLISÃO,SEM VITIMAS VT 11 CTTU NO LOCAL,3,,,,,,,,,0,,"","","","","","","","","","","","",""
3747,2019-04-28T00:00:00,08:53:00,SEM VÍTIMA,FINALIZADA,MADALENA,TUNEL DA ABOLICAO,"","",AO LADO DO MUSEU DA ABOLIÇÃO,TUNEL DA ABOLICAO,"",AO LADO DO MUSEU DA ABOLIÇÃO,MADALENA,,SUBURBIO,COLISÃO TRASEIRA,ABALROAMENTO ENTRE CINCO VEICULOS SEM VITIMAS,5,,,,,,,,,0,,Viaduto,Bom,Não existe,Perfeito estado,Seca,Perfeito estado,Outros,Não há placas,"",Única,Faixa seccionada,"",""
3748,2019-04-28T00:00:00,09:17:00,SEM VÍTIMA,FINALIZADA,BOA VIAGEM,AV FERNANDO SIMOES BARBOSA,"",RUA FELIX DE BRITO E MELO,DE ESQUINA COM O WALMART,AV FERNANDO SIMOES BARBOSA,"",DE ESQUINA COM O WALMART,BOA VIAGEM,544,SUBURBIO,ABALROAMENTO TRANSVERSAL,DOIS AUTOS,2,,,,,,,,,0,,Cruzamento,Bom,Sem defeito,Perfeito estado,Seca,Perfeito estado,Faixa de pedestre,Outras,"",Única,Faixa seccionada,"",""
3749,2019-04-28T00:00:00,10:19:00,SEM VÍTIMA,FINALIZADA,APIPUCOS,RUA DE APIPUCOS,"","",SOB O SEMÁFORO Nº 248,RUA DE APIPUCOS,"",SOB O SEMÁFORO Nº 248,APIPUCOS,248,SUBURBIO,ABALROAMENTO LONGITUDINAL,SEM VITIMAS.,1,1,,,,,,,,0,,Longo da via,Bom,Sem defeito,Perfeito estado,Seca,Perfeito estado,Faixa de pedestre,"",60 km/h,Dupla,Faixa contínua,"",""
3750,2019-04-28T00:00:00,10:57:00,SEM VÍTIMA,CANCELADA,VÁRZEA,RUA BARAO DE CERRO LARGO,805,"",RUA DA ESCOLA MUNICIPAL PROF JOÃO BATISTA LIPO NETO,RUA BARAO DE CERRO LARGO,805,RUA DA ESCOLA MUNICIPAL PROF JOÃO BATISTA LIPO NETO,VÁRZEA,,"",COLISÃO,SEM VITIMAS,2,,,,,,,,,0,,"","","","","","","","","","","","",""
3751,2019-04-28T00:00:00,14:43:00,SEM VÍTIMA,FINALIZADA,BOA VIAGEM,AV ENGENHEIRO DOMINGOS FERREIRA,3405,"",EM FRENTE A FRI SABOR,AV ENGENHEIRO DOMINGOS FERREIRA,3405,EM FRENTE A FRI SABOR,BOA VIAGEM,,SUBURBIO,COLISÃO TRASEIRA,COLISÃO SEM VITIMAS,2,,,,,,,,,0,,Longo da via,Bom,Sem defeito,Perfeito estado,Seca,"",Não existe,"","",Única,Canteiro central,"",""
3752,2019-04-28T00:00:00,15:56:00,SEM VÍTIMA,CANCELADA,ILHA DO LEITE,AV GOVERNADOR AGAMENON MAGALHAES,"","",EM FRENTE AO EMPRESARIAL THOMAZ EDISON/ SENTIDO OLINDA,AV GOVERNADOR AGAMENON MAGALHAES,"",EM FRENTE AO EMPRESARIAL THOMAZ EDISON/ SENTIDO OLINDA,ILHA DO LEITE,,"",COLISÃO,COLISÃO SEM VÍTIMA,1,,,,,1,,,,0,,"","","","","","","","","","","","",""
3753,2019-04-28T00:00:00,16:15:00,SEM VÍTIMA,FINALIZADA,ESTÂNCIA,AV RECIFE,"",AV TAPAJOS,"",AV RECIFE,"","",ESTÂNCIA,620,CIDADE,ABALROAMENTO LONGITUDINAL,ENTRE AUTO E ÔNIBUS. S/V,1,,,,,1,,,,0,,"",Bom,Sem defeito,Perfeito estado,Seca,Perfeito estado,Faixa de pedestre,R-6a,"",Dupla,Não existe,"",""
3754,2019-04-28T00:00:00,16:41:00,SEM VÍTIMA,FINALIZADA,BOA VIAGEM,RUA RIBEIRO DE BRITO,700,"",E/F A IGREJA PRESBITERIANA,RUA RIBEIRO DE BRITO,700,E/F A IGREJA PRESBITERIANA,BOA VIAGEM,298,"",COLISÃO TRASEIRA,COLISÃO SEM VÍTIMA,2,,,,,,,,,0,,Longo da via,Bom,Sem defeito,Perfeito estado,Seca,Perfeito estado,Faixa de pedestre,R-6a,"",Única,Faixa seccionada,"",""
3755,2019-04-28T00:00:00,16:57:00,COM VÍTIMA,FINALIZADA,BOA VIAGEM,RUA TOME GIBSON,154,RUA AMAZONAS,EDF. ENCANTA MOÇA.,RUA TOME GIBSON,154,EDF. ENCANTA MOÇA.,BOA VIAGEM,,SUBURBIO,ABALROAMENTO LONGITUDINAL,COLISÃO ENTRE AUTOMÓVEL E MOTONETA.,1,1,,,,,,,,1,,Cruzamento,Bom,Não existe,Incompleta,Seca,Perfeito estado,Não existe,Outras,"",Dupla,Não existe,"",""
3756,2019-04-28T00:00:00,16:58:00,SEM VÍTIMA,FINALIZADA,BOA VISTA,RUA DAS NINFAS,"",RUA DO PROGRESSO,"",RUA DAS NINFAS,"","",BOA VISTA,,"",ABALROAMENTO TRANSVERSAL,COLISÃO SEM VITIMAS,2,,,,,,,,,0,,Cruzamento,Bom,Não existe,Não existente,Seca,"",Não existe,Não há placas,"",Dupla,Não existe,"",""
3757,2019-04-28T00:00:00,17:55:00,COM VÍTIMA,FINALIZADA,SANTO AMARO,RUA DOS PALMARES,124,RUA GERVASIO PIRES,PRÓXIMO AO TEMPLO CENTRAL DA ASSEMBLÉIA DE DEUS.,RUA DOS PALMARES,124,PRÓXIMO AO TEMPLO CENTRAL DA ASSEMBLÉIA DE DEUS.,SANTO AMARO,,SUBURBIO,ABALROAMENTO LONGITUDINAL,COLISÃO ENTRE AUTOMÓVEL E MOTOCICLETA.,1,1,,,,,,,,1,,Longo da via,Bom,Não existe,Perfeito estado,Seca,Perfeito estado,Não existe,Outras,"",Dupla,Canteiro central,"",""
3758,2019-04-28T00:00:00,17:55:00,SEM VÍTIMA,FINALIZADA,BOA VIAGEM,RUA ERNESTO DE PAULA SANTOS,"",RUA DOS NAVEGANTES,"",RUA ERNESTO DE PAULA SANTOS,"","",BOA VIAGEM,,SUBURBIO,ABALROAMENTO LONGITUDINAL,ENTRE 2 AUTOS. S/V,2,,,,,,,,,0,,Cruzamento,Bom,Não existe,"",Seca,Perfeito estado,"",Placas Pare,"",Única,Faixa seccionada,"",""
3759,2019-04-28T00:00:00,18:53:00,SEM VÍTIMA,FINALIZADA,JORDÃO,AV MARECHAL MASCARENHAS DE MORAES,6997,"","",AV MARECHAL MASCARENHAS DE MORAES,6997,"",JORDÃO,,CIDADE,COLISÃO TRASEIRA,PRISMA X ECOESPORT,2,,,,,,,,,0,,Longo da via,Bom,Não existe,Perfeito estado,Seca,Perfeito estado,Outros,Não há placas,"",Dupla,Canteiro central,"",""
3760,2019-04-28T00:00:00,21:49:00,SEM VÍTIMA,FINALIZADA,GRAÇAS,RUA DAS MOCAS,869,RUA ZEFERINO AGRA,"",RUA DAS MOCAS,869,"",GRAÇAS,,CIDADE,ABALROAMENTO TRANSVERSAL,GOL X MOTO,1,1,,,,,,,,0,,Cruzamento,Bom,Não existe,Perfeito estado,Seca,Perfeito estado,Faixa de pedestre,"","",Dupla,"","",""
3761,2019-04-28T00:00:00,21:55:00,COM VÍTIMA,FINALIZADA,IPUTINGA,AV MAURICIO DE NASSAU,31,"",E/F A IGREJA CONGREGAÇÃO CRISTÃ NO BRASIL,AV MAURICIO DE NASSAU,31,E/F A IGREJA CONGREGAÇÃO CRISTÃ NO BRASIL,IPUTINGA,,BR-101,COLISÃO TRASEIRA,ENTRE 2 AUTOS E MOTO. C.V,2,1,,,,,,,,1,,Longo da via,Bom,Não existe,Perfeito estado,Seca,Perfeito estado,"",R-6a,"",Dupla,Faixa contínua,Faixa seccionada,""
3762,2019-04-28T00:00:00,22:11:00,COM VÍTIMA,CANCELADA,CORDEIRO,RUA GOMES TABORDA,"","",PROX AO ATACAREJO IDEAL,RUA GOMES TABORDA,"",PROX AO ATACAREJO IDEAL,CORDEIRO,,SUBURBIO,COLISÃO,",MOTO X CLASSIC",1,1,,,,,,,,1,,"","","","","","","","","","","","",""
3763,2019-04-29T00:00:00,00:14:00,SEM VÍTIMA,CANCELADA,ESPINHEIRO,RUA QUARENTA E OITO,347,RUA DO ESPINHEIRO,EM FRENTE A PADARIA DO ESPINHEIRO,RUA QUARENTA E OITO,347,EM FRENTE A PADARIA DO ESPINHEIRO,ESPINHEIRO,,"",COLISÃO,COLISÃO ENTRE DOIS AUTOS S/V,2,,,,,,,,,0,,"","","","","","","","","","","","",""