_id,DATA,hora,natureza_acidente,situacao,bairro,endereco,numero,detalhe_endereco_acidente,complemento,endereco_cruzamento,numero_cruzamento,referencia_cruzamento,bairro_cruzamento,num_semaforo,sentido_via,tipo,descricao,auto,moto,ciclom,ciclista,pedestre,onibus,caminhao,viatura,outros,vitimas,vitimasfatais,acidente_verificado,tempo_clima,situacao_semaforo,sinalizacao,condicao_via,conservacao_via,ponto_controle,situacao_placa,velocidade_max_via,mao_direcao,divisao_via1,divisao_via2,divisao_via3
3764,2019-04-29T00:00:00,01:30:00,SEM VÍTIMA,FINALIZADA,MANGABEIRA,AV NORTE,"",RUA GUIMARAES PEIXOTO,"",AV NORTE,"","",MANGABEIRA,96,CIDADE,ABALROAMENTO LONGITUDINAL,COLISÃO ENTRE DOIS AUTOS S/V,2,,,,,,,,,0,,Longo da via,Chuvoso,Sem defeito,Perfeito estado,Molhada,Perfeito estado,Faixa de pedestre,R-6a,"",Dupla,Canteiro central,"",""
3765,2019-04-29T00:00:00,02:04:00,SEM VÍTIMA,FINALIZADA,IMBIRIBEIRA,AV RECIFE,"","","",AV RECIFE,"","",IMBIRIBEIRA,393,SUBURBIO,COLISÃO TRASEIRA,COLISÃO ENTRE DOIS AUTOS S/V,2,,,,,,,,,0,,Longo da via,Chuvoso,Sem defeito,Perfeito estado,Molhada,Perfeito estado,Faixa de pedestre,R-6a,"",Dupla,Canteiro central,"",""
3766,2019-04-29T00:00:00,06:28:00,SEM VÍTIMA,FINALIZADA,BOA VIAGEM,AV PRESIDENTE DUTRA,"","",EM CIMA DO VIADUTO TANCREDO NEVES,AV PRESIDENTE DUTRA,"",EM CIMA DO VIADUTO TANCREDO NEVES,BOA VIAGEM,,CIDADE,ABALROAMENTO LONGITUDINAL,DOIS AUTOS,2,,,,,,,,,0,,Viaduto,Bom,Não existe,Perfeito estado,Seca,Perfeito estado,Não existe,Não há placas,60 km/h,Única,Faixa seccionada,"",""
3767,2019-04-29T00:00:00,06:50:00,SEM VÍTIMA,FINALIZADA,CAXANGÁ,AV CAXANGA,"","",EM FRENTE AO POSTO BR,AV CAXANGA,"",EM FRENTE AO POSTO BR,CAXANGÁ,8,CIDADE,ABALROAMENTO LONGITUDINAL,MOTO E AUTO,1,1,,,,,,,,0,,Longo da via,Bom,Sem defeito,Perfeito estado,Seca,Perfeito estado,Não existe,"","",Dupla,Canteiro central,"",""
3768,2019-04-29T00:00:00,07:41:00,SEM VÍTIMA,FINALIZADA,IMBIRIBEIRA,AV SUL,"",RUA ALAMEDA DAS HORTENCIAS,EM FRENTE A ESTAÇÃO SHOPPING,AV SUL,"",EM FRENTE A ESTAÇÃO SHOPPING,IMBIRIBEIRA,,CIDADE,ABALROAMENTO LONGITUDINAL,ONIBUS E AUTO,1,,,,,1,,,,0,,Longo da via,Bom,Não existe,Ilegível,Seca,Perfeito estado,Agente,Placas Pare,30 km/h,Dupla,Não existe,"",""
3769,2019-04-29T00:00:00,08:05:00,SEM VÍTIMA,FINALIZADA,AFOGADOS,RUA QUITERIO INACIO DE MELLO,234,"","",RUA QUITERIO INACIO DE MELLO,234,"",AFOGADOS,,"",COLISÃO TRASEIRA,AUTO E MOTO,1,1,,,,,,,,0,,Longo da via,Bom,Não existe,Perfeito estado,Seca,Perfeito estado,Não existe,R-6a,40 km/h,Única,Faixa seccionada,"",""
3770,2019-04-29T00:00:00,08:48:00,COM VÍTIMA,FINALIZADA,BOA VISTA,RUA MARQUES AMORIM,220,RUA VISCONDE DE GOIANA,EM FRENTE AO ESCRITORIO DE ADOVOCACIA DE MARCOS AUGUSTO FREIRE,RUA MARQUES AMORIM,220,EM FRENTE AO ESCRITORIO DE ADOVOCACIA DE MARCOS AUGUSTO FREIRE,BOA VISTA,,SUBURBIO,ABALROAMENTO TRANSVERSAL,COLISAO ENTRE UM AUTO E UMA MOTO,1,1,,,,,,,,1,,Cruzamento,Bom,Não existe,Não existente,Seca,Perfeito estado,Não existe,Não há placas,40 km/h,Única,Não existe,"",""
3771,2019-04-29T00:00:00,09:37:00,SEM VÍTIMA,FINALIZADA,CASA AMARELA,AV PEDRO ALLAIN,420,RUA PADRE LEMOS,EM FRENTE SUPERMECADO KANELA,AV PEDRO ALLAIN,420,EM FRENTE SUPERMECADO KANELA,CASA AMARELA,,"",COLISÃO,COLISÃO ENTRE UM TAXI E UM CAMINHÃO,1,,,,,,1,,,0,,"","","","","","","","","","","","",""
3772,2019-04-29T00:00:00,09:55:00,SEM VÍTIMA,FINALIZADA,JOANA BEZERRA,PTE JOSE DE BARROS LIMA,"","",SOBRE O VIADUTO / PRÓX AO FÓRUM JOANA BEZERRA,PTE JOSE DE BARROS LIMA,"",SOBRE O VIADUTO / PRÓX AO FÓRUM JOANA BEZERRA,JOANA BEZERRA,,CIDADE,COLISÃO TRASEIRA,SEM VITIMAS,2,,,,,,,,,0,,Viaduto,Bom,Não existe,Ilegível,Seca,Mal conservada,Não existe,Não há placas,60 km/h,Dupla,Não existe,"",""
3773,2019-04-29T00:00:00,10:04:00,SEM VÍTIMA,FINALIZADA,BOA VIAGEM,AV CONSELHEIRO AGUIAR,4635,"",EM FRENTE A CENTRO COMERCIAL FERREIRA DA COSTA,AV CONSELHEIRO AGUIAR,4635,EM FRENTE A CENTRO COMERCIAL FERREIRA DA COSTA,BOA VIAGEM,,CIDADE,CHOQUE VEÍCULO PARADO,ONIBUS E AUTO PASSEIO,1,,,,,1,,,,0,,Longo da via,Bom,Não existe,Perfeito estado,Seca,Perfeito estado,Não existe,Não há placas,60 km/h,Única,Faixa seccionada,"",""
3774,2019-04-29T00:00:00,10:37:00,SEM VÍTIMA,FINALIZADA,BOA VIAGEM,AV DOM JOAO VI,"","",SEMÁFORO 639,AV DOM JOAO VI,"",SEMÁFORO 639,BOA VIAGEM,639,SUBURBIO,COLISÃO TRASEIRA,DOIS AUTO,2,,,,,,,,,0,,Longo da via,Bom,Sem defeito,Perfeito estado,Seca,Perfeito estado,"","",60 km/h,Dupla,Canal,"",""
3775,2019-04-29T00:00:00,11:42:00,SEM VÍTIMA,FINALIZADA,PASSARINHO,RUA CORREGO DA BICA,576,"",TERMINAL DOS ONIBUS DO VASCO DA GAMA /DERBY,RUA CORREGO DA BICA,576,TERMINAL DOS ONIBUS DO VASCO DA GAMA /DERBY,PASSARINHO,,"",COLISÃO,SEM VITIMAS,,1,,,,1,,,,0,,"","","","","","","","","","","","",""
3776,2019-04-29T00:00:00,12:03:00,SEM VÍTIMA,FINALIZADA,SAN MARTIN,AV GENERAL SAN MARTIN,1635 A,"","",AV GENERAL SAN MARTIN,1635 A,"",SAN MARTIN,,CIDADE,COLISÃO TRASEIRA,SEM VITIMAS,2,,,,,,,,,0,,Longo da via,Bom,Não existe,"",Seca,"",Não existe,R-6a,"",Dupla,Faixa contínua,"",""
3777,2019-04-29T00:00:00,12:05:00,SEM VÍTIMA,FINALIZADA,CASA AMARELA,AV NORTE,957,RUA MANDACARU,E/F FARMACIA MANDACAU NA DESCIDA DO ALTO DO MANDU,AV NORTE,957,E/F FARMACIA MANDACAU NA DESCIDA DO ALTO DO MANDU,CASA AMARELA,,CIDADE,COLISÃO,CAMINHÃO BAÚ E UM AUTO PASSEIO SEM VITIMAS,1,,,,,,1,,,0,,"","","","","","","","","","","","",""
3778,2019-04-29T00:00:00,12:15:00,SEM VÍTIMA,FINALIZADA,IPUTINGA,AV CAXANGA,3198,"",E/F A DISNOVE,AV CAXANGA,3198,E/F A DISNOVE,IPUTINGA,,SUBURBIO,COLISÃO TRASEIRA,ENTRE DOIS AUTOS E UMA VAN,3,,,,,,,,,0,,Longo da via,Bom,Não existe,Perfeito estado,Seca,Perfeito estado,Não existe,Não há placas,"",Dupla,Canteiro central,"",""
3779,2019-04-29T00:00:00,12:21:00,SEM VÍTIMA,CANCELADA,NOVA DESCOBERTA,RUA CORREGO DA BICA,4596,"",E/F TERMINAL DE ONIBUS,RUA CORREGO DA BICA,4596,E/F TERMINAL DE ONIBUS,NOVA DESCOBERTA,,"",COLISÃO,DOIS AUTO SEM VITIMAS,,,,,,1,,,1,0,,"","","","","","","","","","","","",""
3780,2019-04-29T00:00:00,12:46:00,COM VÍTIMA,FINALIZADA,IPSEP,RUA SAO NICOLAU,362,RUA HELIO BRANDAO,EM BAIXO DO SEMAFORO 505,RUA SAO NICOLAU,362,EM BAIXO DO SEMAFORO 505,IPSEP,505,"",ABALROAMENTO TRANSVERSAL,COLISAO ENTRE ONIBUS E MOTO COM UMA VITIMA,,1,,,,1,,,,1,,Cruzamento,Bom,Sem defeito,Perfeito estado,Seca,Perfeito estado,Faixa de pedestre,Outras,"",Única,Faixa seccionada,"",""
3781,2019-04-29T00:00:00,12:47:00,SEM VÍTIMA,FINALIZADA,TORREÃO,RUA DJALMA FARIAS,58,AV NORTE,EM FRENTE A SMF ADVOGADOS,RUA DJALMA FARIAS,58,EM FRENTE A SMF ADVOGADOS,TORREÃO,,SUBURBIO,COLISÃO TRASEIRA,COLISÃO SEM VITIMAS,2,,,,,,,,,0,,"",Bom,Não existe,Perfeito estado,Seca,Perfeito estado,Não existe,Outras,"",Dupla,Faixa seccionada,"",""
3782,2019-04-30T00:00:00,06:52:00,SEM VÍTIMA,FINALIZADA,AREIAS,AV RECIFE,"","","",AV RECIFE,"","",AREIAS,621,CIDADE,COLISÃO TRASEIRA,COLISÃO SEM VITIMAS,1,,,,,,1,,,0,,Longo da via,Bom,Sem defeito,Perfeito estado,Seca,Perfeito estado,Não existe,R-6a,"",Dupla,Canteiro central,"",""
3783,2019-04-29T00:00:00,13:08:00,SEM VÍTIMA,FINALIZADA,PAISSANDU,AV GOVERNADOR AGAMENON MAGALHAES,"","",E/F AO BRADESCO,AV GOVERNADOR AGAMENON MAGALHAES,"",E/F AO BRADESCO,PAISSANDU,,SUBURBIO,COLISÃO TRASEIRA,ENTRE TRES AUTOS S/V,3,,,,,,,,,0,,Longo da via,Bom,Não existe,Perfeito estado,Seca,Perfeito estado,Não existe,Não há placas,"",Única,Faixa seccionada,"",""
3784,2019-04-29T00:00:00,13:16:00,SEM VÍTIMA,FINALIZADA,DERBY,AV GOVERNADOR AGAMENON MAGALHAES,"","",E/F ODONTOCOPE,AV GOVERNADOR AGAMENON MAGALHAES,"",E/F ODONTOCOPE,DERBY,417,"",COLISÃO TRASEIRA,ONIBUS E AUTO PASSEIO SEM VITIMAS,1,,,,,1,,,,0,,Longo da via,Bom,Sem defeito,Perfeito estado,Seca,Perfeito estado,Faixa de pedestre,Não há placas,60 km/h,Única,Canal,"",""
3785,2019-04-29T00:00:00,13:26:00,SEM VÍTIMA,CANCELADA,IMBIRIBEIRA,RUA ALAMEDA DAS HORTENCIAS,101,"",E/F AO SHOPPING PARQUE,RUA ALAMEDA DAS HORTENCIAS,101,E/F AO SHOPPING PARQUE,IMBIRIBEIRA,,"",COLISÃO,COLISAO ENTRE DOIS AUTOS S/V,2,,,,,,,,,0,,"","","","","","","","","","","","",""
3786,2019-04-29T00:00:00,14:03:00,COM VÍTIMA,FINALIZADA,PAISSANDU,RUA SPORT CLUBE DO RECIFE,"","",PROX AO SPORT SOBRE A PONTE S/T CURADO,RUA SPORT CLUBE DO RECIFE,"",PROX AO SPORT SOBRE A PONTE S/T CURADO,PAISSANDU,,SUBURBIO,COLISÃO TRASEIRA,COLISAO ENTRE DOIS AUTOS COM UMA VUTIMA,2,,,,,,,,,1,,Ponte,Bom,Sem defeito,Perfeito estado,Seca,Perfeito estado,Não existe,R-6a,"",Dupla,Faixa contínua,"",""
3787,2019-04-29T00:00:00,14:10:00,COM VÍTIMA,FINALIZADA,IPSEP,AV RECIFE,2220,"",PROX. AO PAN DE AREIAS. EM FRENTE A IGREJA KADOSH.,AV RECIFE,2220,PROX. AO PAN DE AREIAS. EM FRENTE A IGREJA KADOSH.,IPSEP,,SUBURBIO,COLISÃO TRASEIRA,COLISÃO ENTRE AUTOMÓVEL E MOTOCICLETA.,1,1,,,,,,,,1,,Longo da via,Bom,Não existe,Perfeito estado,Seca,Perfeito estado,Agente,Não há placas,60 km/h,Dupla,Canteiro central,"",""
3788,2019-04-29T00:00:00,14:26:00,SEM VÍTIMA,FINALIZADA,AFLITOS,AV CONS ROSA E SILVA,810,"","",AV CONS ROSA E SILVA,810,"",AFLITOS,,SUBURBIO,ABALROAMENTO TRANSVERSAL,COLISÃO SEM VITIMAS,2,,,,,,,,,0,,Longo da via,Bom,Não existe,Perfeito estado,Seca,Perfeito estado,Não existe,Outras,40 km/h,Dupla,Não existe,"",""
3789,2019-04-29T00:00:00,15:17:00,SEM VÍTIMA,FINALIZADA,BAIRRO DO RECIFE,C SANTA RITA,"","",SEMAFORO 076,C SANTA RITA,"",SEMAFORO 076,BAIRRO DO RECIFE,76,CIDADE,COLISÃO TRASEIRA,COLISAO ENTRE DOIS AUTOS S/V,2,,,,,,,,,0,,Longo da via,Bom,Sem defeito,Perfeito estado,Seca,Perfeito estado,Agente,Não há placas,60 km/h,Dupla,Canteiro central,"",""
3790,2019-04-29T00:00:00,15:30:00,SEM VÍTIMA,FINALIZADA,ESPINHEIRO,RUA DR BANDEIRA FILHO,"",AV GOVERNADOR AGAMENON MAGALHAES,"",RUA DR BANDEIRA FILHO,"","",ESPINHEIRO,173,SUBURBIO,COLISÃO TRASEIRA,DOIS AUTO SEM VITIMAS,2,,,,,,,,,0,,Longo da via,Bom,Sem defeito,Perfeito estado,Seca,Perfeito estado,Outros,Outras,"",Única,Faixa seccionada,"",""
3791,2019-04-29T00:00:00,15:49:00,SEM VÍTIMA,FINALIZADA,SANTO AMARO,AV NORTE,"","",NO SEMAFORO 463 S/T SUB,AV NORTE,"",NO SEMAFORO 463 S/T SUB,SANTO AMARO,,"",COLISÃO,COLISAO ENTRE DOIS ONIBUS,,,,,,2,,,,0,,"","","","","","","","","","","","",""
3792,2019-04-29T00:00:00,15:58:00,SEM VÍTIMA,FINALIZADA,IPUTINGA,RUA MAURICIO DE NASSAU,"","",EM FRENTE A FUNDAÇÃO ALTINO VENTURA,RUA MAURICIO DE NASSAU,"",EM FRENTE A FUNDAÇÃO ALTINO VENTURA,IPUTINGA,,CIDADE,COLISÃO TRASEIRA,COLISÃO SEM VITIMAS,2,,,,,,1,,,0,,Longo da via,Bom,Não existe,Perfeito estado,Seca,Perfeito estado,Faixa de pedestre,Não há placas,"",Dupla,Faixa contínua,"",""
3793,2019-04-29T00:00:00,16:20:00,SEM VÍTIMA,FINALIZADA,IMBIRIBEIRA,AV MARECHAL MASCARENHAS DE MORAES,"","",BANCO ITAÚ,AV MARECHAL MASCARENHAS DE MORAES,"",BANCO ITAÚ,IMBIRIBEIRA,,"",ABALROAMENTO LONGITUDINAL,COLISÃO ENTRE DOIS AUTOS SEM VÍTIMAS,2,,,,,,,,,0,,"",Bom,Sem defeito,Perfeito estado,Seca,Perfeito estado,Não existe,R-6a,"",Dupla,Canteiro central,"",""
3794,2019-04-29T00:00:00,16:25:00,SEM VÍTIMA,FINALIZADA,IPUTINGA,RUA MAURICIO DE NASSAU,95,"","",RUA MAURICIO DE NASSAU,95,"",IPUTINGA,,CIDADE,COLISÃO TRASEIRA,COLISAO ENTRE DOIS AUTOS S/V,2,,,,,,,,,0,,Longo da via,Bom,Não existe,Perfeito estado,Seca,Perfeito estado,Não existe,"","",Dupla,Não existe,"",""
3795,2019-04-29T00:00:00,16:28:00,COM VÍTIMA,FINALIZADA,CORDEIRO,AV CAXANGA,1916,"",PRÓXIMO À EXPOSIÇÃO DE ANIMAIS DO CORDEIRO.,AV CAXANGA,1916,PRÓXIMO À EXPOSIÇÃO DE ANIMAIS DO CORDEIRO.,CORDEIRO,,SUBURBIO,ATROPELAMENTO,ATROPELAMENTO ENVOLVENDO UMA VT DA PM E 2 PEDESTRES.,,,,,2,,,1,,2,,Longo da via,Bom,Não existe,Perfeito estado,Seca,Perfeito estado,Não existe,R-6a,"",Dupla,Canteiro central,"",""
3796,2019-04-29T00:00:00,16:36:00,SEM VÍTIMA,FINALIZADA,BOA VISTA,AV MANOEL BORBA,"",RUA DAS NINFAS,EM FRENTE A METROPOLE,AV MANOEL BORBA,"",EM FRENTE A METROPOLE,BOA VISTA,83,SUBURBIO,COLISÃO TRASEIRA,COLISAO ENVOLVENDO DOIS AUTOS( UMA VIATURA SERTTEL),2,,,,,,,,,0,,Longo da via,Bom,Sem defeito,Perfeito estado,Seca,Perfeito estado,Faixa de pedestre,Outras,"",Única,Faixa seccionada,"",""
3797,2019-04-29T00:00:00,17:09:00,SEM VÍTIMA,CANCELADA,BOA VIAGEM,RUA AVIADOR SEVERIANO LINS,140,"",PROX ACADEMIA DE NATAÇAÕ NEKITA,RUA AVIADOR SEVERIANO LINS,140,PROX ACADEMIA DE NATAÇAÕ NEKITA,BOA VIAGEM,,"",COLISÃO,COLISAO ENTRE DOIS AUTOS S/V,2,,,,,,,,,0,,"","","","","","","","","","","","",""
3798,2019-04-29T00:00:00,18:02:00,COM VÍTIMA,FINALIZADA,PARNAMIRIM,EST DO ARRAIAL,2900,RUA RODRIGUES SETE,PROX AO ESPAÇO CULTURAL ARIANO SUASSUNA,EST DO ARRAIAL,2900,PROX AO ESPAÇO CULTURAL ARIANO SUASSUNA,PARNAMIRIM,,SUBURBIO,ABALROAMENTO TRANSVERSAL,COLISÃO ENTRE MOTOCICLETA E ÔNIBUS.,,1,,,,1,,,,1,,Longo da via,Bom,Sem defeito,Perfeito estado,Seca,Perfeito estado,Não existe,Outras,50 km/h,Dupla,Não existe,"",""
3799,2019-04-29T00:00:00,18:22:00,SEM VÍTIMA,CANCELADA,CASA AMARELA,EST DO ARRAIAL,2823,"","E/F AO COLÉGIO ESPECÍFICO, APÓS O HOSPITAL AGAMENON",EST DO ARRAIAL,2823,"E/F AO COLÉGIO ESPECÍFICO, APÓS O HOSPITAL AGAMENON",CASA AMARELA,,"",COLISÃO,ENTRE 2 AUTOS. S/V,2,,,,,,,,,0,,"","","","","","","","","","","","",""
3800,2019-04-29T00:00:00,18:32:00,COM VÍTIMA,FINALIZADA,GRAÇAS,RUA CARDEAL ARCOVERDE,"",RUA DAS PERNAMBUCANAS,AO LADO DA PADARIA PAO E VINHO,RUA CARDEAL ARCOVERDE,"",AO LADO DA PADARIA PAO E VINHO,GRAÇAS,600,"",ABALROAMENTO LONGITUDINAL,COLISÃO ENTRE AUTOMÓVEL E MOTOCICLETA.,1,1,,,,,,,,1,,Cruzamento,Bom,Sem defeito,Perfeito estado,Seca,Perfeito estado,Faixa de pedestre,Outras,"",Única,Não existe,"",""
3801,2019-04-29T00:00:00,19:20:00,SEM VÍTIMA,FINALIZADA,ESPINHEIRO,AV CONS ROSA E SILVA,468,"","",AV CONS ROSA E SILVA,468,"",ESPINHEIRO,,SUBURBIO,ABALROAMENTO LONGITUDINAL,CAMINHAO BAU X CIVIC,1,,,,,,1,,,0,,Longo da via,Bom,Não existe,Perfeito estado,Seca,Perfeito estado,Não existe,R-6a,"",Única,Faixa seccionada,"",""
3802,2019-04-29T00:00:00,19:35:00,SEM VÍTIMA,FINALIZADA,MADALENA,RUA DOM MANOEL DA COSTA,528,"",EM FRENTE AO Nº 518,RUA DOM MANOEL DA COSTA,528,EM FRENTE AO Nº 518,MADALENA,,CIDADE,COLISÃO TRASEIRA,ENTRE 2 AUTOS. S/V,2,,,,,,,,,0,,Longo da via,Bom,Não existe,Perfeito estado,Seca,Perfeito estado,Não existe,Outras,"",Única,Faixa seccionada,"",""
3803,2019-04-29T00:00:00,19:39:00,SEM VÍTIMA,CANCELADA,MADALENA,AV VISCONDE DE ALBUQUERQUE,294,RUA RENATO DE MEDEIROS,PROX ASTRAL VEICULOS,AV VISCONDE DE ALBUQUERQUE,294,PROX ASTRAL VEICULOS,MADALENA,,"",COLISÃO,ONIBUS CAXANGA X SIENA,1,,,,,1,,,,0,,"","","","","","","","","","","","",""
3804,2019-04-29T00:00:00,20:14:00,SEM VÍTIMA,CANCELADA,CASA AMARELA,RUA CONS PERETTI,115,RUA OSCAR DE BARROS,PROX ACADEMIA PILATES,RUA CONS PERETTI,115,PROX ACADEMIA PILATES,CASA AMARELA,,"",COLISÃO,FOX VERMELHO X CELTA PRATA,2,,,,,,,,,0,,"","","","","","","","","","","","",""
3805,2019-04-29T00:00:00,21:31:00,SEM VÍTIMA,FINALIZADA,PRADO,AV ENGENHEIRO ABDIAS DE CARVALHO,"",RUA JOAO IVO DA SILVA,"",AV ENGENHEIRO ABDIAS DE CARVALHO,"","",PRADO,132,SUBURBIO,ABALROAMENTO TRANSVERSAL,ENTRE VT DA POLÍCIA E AUTO PASSEIO. S/V,1,,,,,,,1,,0,,Cruzamento,Bom,Sem defeito,Perfeito estado,Seca,Perfeito estado,Faixa de pedestre,R-6a,60 km/h,Única,Faixa seccionada,"",""
3806,2019-04-30T00:00:00,00:47:00,SEM VÍTIMA,FINALIZADA,TOTÓ,AV LIBERDADE,1594,"","",AV LIBERDADE,1594,"",TOTÓ,,SUBURBIO,ABALROAMENTO TRANSVERSAL,COLISÃO ENTRE AUTO E MOTO S/V,1,1,,,,,,,,0,,Longo da via,Chuvoso,Não existe,Ilegível,Molhada,Mal iluminada,Não existe,Não há placas,"",Dupla,Não existe,"",""
3807,2019-04-30T00:00:00,05:21:00,COM VÍTIMA,FINALIZADA,BOA VIAGEM,RUA ERNESTO DE PAULA SANTOS,"",RUA AMALIA BERNARDINO DE SOUZA,EM FRENTE AO POSTO BR,RUA ERNESTO DE PAULA SANTOS,"",EM FRENTE AO POSTO BR,BOA VIAGEM,,CIDADE,ABALROAMENTO TRANSVERSAL,COLISÃO ENTRE DOIS AUTOS C/V,2,,,,,,,,,1,,Cruzamento,Bom,Não existe,Não existente,Seca,"","",Não há placas,"",Única,Faixa seccionada,"",""
3808,2019-04-30T00:00:00,07:50:00,SEM VÍTIMA,FINALIZADA,IMBIRIBEIRA,AV MARECHAL MASCARENHAS DE MORAES,1200,"",ESTORIL DELICATESSEN,AV MARECHAL MASCARENHAS DE MORAES,1200,ESTORIL DELICATESSEN,IMBIRIBEIRA,,CIDADE,COLISÃO TRASEIRA,SEM VITIMAS,3,,,,,,,,,0,,Longo da via,Chuvoso,Não existe,Perfeito estado,Molhada,Perfeito estado,Não existe,Não há placas,"",Dupla,Canteiro central,"",""
3809,2019-04-30T00:00:00,08:24:00,SEM VÍTIMA,FINALIZADA,AFOGADOS,RUA DA PAZ,194,"",LADO OPOSTO A CAIXA ECONOMICA,RUA DA PAZ,194,LADO OPOSTO A CAIXA ECONOMICA,AFOGADOS,,SUBURBIO,ABALROAMENTO LONGITUDINAL,SEM VITIMAS VT 20 DA CTTU NO LOCAL,1,1,,,,,,,1,0,,Longo da via,Bom,Sem defeito,Perfeito estado,Molhada,Perfeito estado,Faixa de pedestre,Outras,"",Única,Faixa seccionada,"",""
3810,2019-04-30T00:00:00,09:36:00,SEM VÍTIMA,FINALIZADA,GRAÇAS,RUA DAS PERNAMBUCANAS,255,"",PÃO E VINHO DELICATESSEN,RUA DAS PERNAMBUCANAS,255,PÃO E VINHO DELICATESSEN,GRAÇAS,600,SUBURBIO,ABALROAMENTO LONGITUDINAL,COLISÃO SEM VITIMAS,2,,,,,,,,,0,,Longo da via,Bom,Sem defeito,Perfeito estado,Seca,Perfeito estado,Não existe,R-6a,"",Única,Faixa seccionada,"",""
3811,2019-04-30T00:00:00,09:57:00,SEM VÍTIMA,FINALIZADA,VÁRZEA,AV PROFESSOR ARTUR DE SA,1570,"",UFPE,AV PROFESSOR ARTUR DE SA,1570,UFPE,VÁRZEA,,SUBURBIO,ABALROAMENTO LONGITUDINAL,SEM VITIMAS,2,,,,,,,,,0,,Longo da via,Bom,Não existe,Perfeito estado,Seca,Perfeito estado,Outros,Outras,"",Dupla,Faixa seccionada,"",""
3812,2019-04-30T00:00:00,10:21:00,SEM VÍTIMA,FINALIZADA,MADALENA,AV ENGENHEIRO ABDIAS DE CARVALHO,"",EST DOS REMEDIOS,"",AV ENGENHEIRO ABDIAS DE CARVALHO,"","",MADALENA,52,CIDADE,ABALROAMENTO TRANSVERSAL,CAMINHÃO E AUTO,1,,,,,,1,,,0,,Cruzamento,Bom,Sem defeito,Perfeito estado,Seca,Perfeito estado,Não existe,Não há placas,"",Única,Faixa seccionada,"",""
3813,2019-04-30T00:00:00,10:47:00,COM VÍTIMA,FINALIZADA,AFOGADOS,RUA VINTE E UM DE ABRIL,1056,RUA FELICIANO DE MELLO,AO LADO DA FABRICA DA PETINHO,RUA VINTE E UM DE ABRIL,1056,AO LADO DA FABRICA DA PETINHO,AFOGADOS,,SUBURBIO,ABALROAMENTO TRANSVERSAL,MOTO E AUTO,1,1,,,,,,,,1,,Longo da via,Bom,Não existe,Perfeito estado,Seca,Perfeito estado,Não existe,"","",Dupla,Não existe,"",""
3814,2019-04-30T00:00:00,11:01:00,SEM VÍTIMA,FINALIZADA,CORDEIRO,AV INACIO MONTEIRO,"",RUA AUREO XAVIER,"",AV INACIO MONTEIRO,"","",CORDEIRO,,SUBURBIO,COLISÃO TRASEIRA,SEM VITIMAS,3,,,,,,,,,0,,Cruzamento,Bom,Não existe,Perfeito estado,Seca,Perfeito estado,Não existe,Não há placas,"",Dupla,Faixa contínua,"",""
3815,2019-04-30T00:00:00,11:15:00,SEM VÍTIMA,FINALIZADA,BOA VIAGEM,RUA TENENTE DOMINGOS DE BRITO,314,"",EM FRENTE AO EMPRESARIAL CONLAR,RUA TENENTE DOMINGOS DE BRITO,314,EM FRENTE AO EMPRESARIAL CONLAR,BOA VIAGEM,330,SUBURBIO,COLISÃO TRASEIRA,QUATRO AUTOS,4,,,,,,,,,0,,Longo da via,Bom,Sem defeito,Perfeito estado,Seca,Perfeito estado,Não existe,Outras,"",Única,Não existe,"",""
3816,2019-04-30T00:00:00,11:16:00,COM VÍTIMA,FINALIZADA,IBURA,AV DOIS RIOS,1182,"",EM FRENTE AO MERCADINHO DO POVO. PROX CRUZAMENTO COM A RUA RIO XINGU,AV DOIS RIOS,1182,EM FRENTE AO MERCADINHO DO POVO. PROX CRUZAMENTO COM A RUA RIO XINGU,IBURA,,SUBURBIO,ABALROAMENTO LONGITUDINAL,COM UMA VITIMA SENDO SOCORRIDA PELO SAMU,2,1,,,,,,,,1,,Longo da via,Bom,Não existe,Perfeito estado,Seca,Mal conservada,Não existe,R-6a,"",Dupla,Faixa contínua,"",""
3817,2019-04-30T00:00:00,11:36:00,COM VÍTIMA,DUPLICIDADE,IBURA,AV DOIS RIOS,"","",EM FRENTE AO GUARANA DO AMAZONAS,AV DOIS RIOS,"",EM FRENTE AO GUARANA DO AMAZONAS,IBURA,,"",COLISÃO,COLISÃO COM VITIMA,2,1,,,,,,,,1,,"","","","","","","","","","","","",""
3818,2019-04-30T00:00:00,11:43:00,SEM VÍTIMA,CANCELADA,IPSEP,AV RECIFE,"","",APOS O BOI BRASA PROX AO POSTO DE GASOLINA IPIRANGA,AV RECIFE,"",APOS O BOI BRASA PROX AO POSTO DE GASOLINA IPIRANGA,IPSEP,,IMBIRIBEIRA,COLISÃO,COLISÃO SEM VITIMAS,1,,,,,,1,,,0,,"","","","","","","","","","","","",""
3819,2019-04-30T00:00:00,11:54:00,SEM VÍTIMA,FINALIZADA,AFOGADOS,AV CAXANGA,4302,"",UNIT - CENTRO UNIVERSITÁRIO,AV CAXANGA,4302,UNIT - CENTRO UNIVERSITÁRIO,AFOGADOS,,CIDADE,ABALROAMENTO LONGITUDINAL,"COLISAO ENTRE CAMINHAO, ONIBUS BRT E AUTO S/V",1,,,,,1,1,,,0,,Longo da via,Bom,Sem defeito,Perfeito estado,Seca,Perfeito estado,Faixa de pedestre,"","",Dupla,Canteiro central,"",""