_id,DATA,hora,natureza_acidente,situacao,bairro,endereco,numero,detalhe_endereco_acidente,complemento,endereco_cruzamento,numero_cruzamento,referencia_cruzamento,bairro_cruzamento,num_semaforo,sentido_via,tipo,descricao,auto,moto,ciclom,ciclista,pedestre,onibus,caminhao,viatura,outros,vitimas,vitimasfatais,acidente_verificado,tempo_clima,situacao_semaforo,sinalizacao,condicao_via,conservacao_via,ponto_controle,situacao_placa,velocidade_max_via,mao_direcao,divisao_via1,divisao_via2,divisao_via3
3820,2019-04-30T00:00:00,12:00:00,SEM VÍTIMA,FINALIZADA,GRAÇAS,RUA RICARDO HARDMAN,130,"","",RUA RICARDO HARDMAN,130,"",GRAÇAS,,"",ABALROAMENTO LONGITUDINAL,COLISÃO ENTRE DOIS AUTOS,2,,,,,,,,,0,,Longo da via,Bom,Não existe,Perfeito estado,Seca,Perfeito estado,Não existe,Não há placas,"",Dupla,Não existe,"",""
3821,2019-04-30T00:00:00,12:06:00,SEM VÍTIMA,FINALIZADA,ENCRUZILHADA,AV NORTE,"","",INSS AV NORTE,AV NORTE,"",INSS AV NORTE,ENCRUZILHADA,,SUBURBIO,ABALROAMENTO LONGITUDINAL,COLISÃO SEM VITIMA,1,,,,,1,,,,0,,Longo da via,Bom,Sem defeito,Perfeito estado,Seca,Perfeito estado,Não existe,Não há placas,"",Dupla,Canteiro central,"",""
3822,2019-04-30T00:00:00,12:18:00,SEM VÍTIMA,FINALIZADA,BARRO,AV DR JOSE RUFINO,2153,"",EM FRENTE AO COLEGIO IMACULADA DA CONCEIÇÃO,AV DR JOSE RUFINO,2153,EM FRENTE AO COLEGIO IMACULADA DA CONCEIÇÃO,BARRO,,CIDADE,COLISÃO TRASEIRA,COLISÃO SEM VITIMA,1,1,,,,,,,,0,,Longo da via,Bom,Não existe,Perfeito estado,Seca,Perfeito estado,Outros,Outras,60 km/h,Dupla,Faixa contínua,"",""
3823,2019-04-30T00:00:00,12:57:00,COM VÍTIMA,FINALIZADA,VASCO DA GAMA,RUA ALTO DO EUCALIPTO,102,"",EM FRENTE AO REND MAIS,RUA ALTO DO EUCALIPTO,102,EM FRENTE AO REND MAIS,VASCO DA GAMA,,"",ABALROAMENTO LONGITUDINAL,COLISÃO COM VITIMA,,1,,,,,1,,,1,,Longo da via,Bom,Não existe,Não existente,Seca,Perfeito estado,"",R-6a,30 km/h,Dupla,"","",""
3824,2019-04-30T00:00:00,13:20:00,SEM VÍTIMA,FINALIZADA,ÁGUA FRIA,EST VELHA DE AGUA FRIA,"",RUA BOMBA DO HEMETERIO,LADO OPOSTO POSTO NORTEBRAZ,EST VELHA DE AGUA FRIA,"",LADO OPOSTO POSTO NORTEBRAZ,ÁGUA FRIA,,SUBURBIO,ABALROAMENTO LONGITUDINAL,COLISÃO SEM VITIMA,1,,,,,,,,1,0,,"",Bom,Não existe,Perfeito estado,Seca,Perfeito estado,Outros,Outras,"",Dupla,Canteiro central,Blocos,""
3825,2019-04-30T00:00:00,13:24:00,COM VÍTIMA,FINALIZADA,SANTO AMARO,RUA LEAO FALCAO,"",AV CRUZ CABUGA,E/F AO DER,RUA LEAO FALCAO,"",E/F AO DER,SANTO AMARO,,"",COLISÃO,COLISAO ENTRE DUAS MOTOS COM UMA VITIMA,,2,,,,,,,,1,,"","","","","","","","","","","","",""
3826,2019-04-30T00:00:00,14:28:00,COM VÍTIMA,FINALIZADA,MADALENA,AV BEIRA RIO,741,RUA PADRE ANCHIETA,E/F ACADEMIA DA CIDADE,AV BEIRA RIO,741,E/F ACADEMIA DA CIDADE,MADALENA,77,SUBURBIO,ABALROAMENTO TRANSVERSAL,COLISAO ENTRE AUTO E MOTO COM UMA VITIMA,1,1,,,,,,,,1,,Longo da via,Bom,Não existe,Perfeito estado,Seca,Perfeito estado,Não existe,"","",Única,Faixa seccionada,"",""
3827,2019-04-30T00:00:00,14:34:00,SEM VÍTIMA,CANCELADA,CAXANGÁ,AV CAXANGA,"","",EM FRENTE AO TERMINAL INTEGRADO DA CAXANGA/ SENTIDO CAMARAGIBE,AV CAXANGA,"",EM FRENTE AO TERMINAL INTEGRADO DA CAXANGA/ SENTIDO CAMARAGIBE,CAXANGÁ,,"",COLISÃO,COLISÃO SEM VÍTIMA,1,,,,,,1,,,0,,"","","","","","","","","","","","",""
3828,2019-04-30T00:00:00,14:52:00,SEM VÍTIMA,FINALIZADA,SAN MARTIN,AV GENERAL SAN MARTIN,"","",EM FRENTE AO QUARTEL DA CAVALERIA,AV GENERAL SAN MARTIN,"",EM FRENTE AO QUARTEL DA CAVALERIA,SAN MARTIN,326,SUBURBIO,ABALROAMENTO LONGITUDINAL,COLISÃO SEM VITIMAS,1,,,,,,1,,,0,,Longo da via,Bom,Sem defeito,Perfeito estado,Seca,Perfeito estado,Faixa de pedestre,Outras,40 km/h,Dupla,Faixa contínua,Faixa seccionada,""
3829,2019-04-30T00:00:00,15:22:00,SEM VÍTIMA,FINALIZADA,JORDÃO,RUA CANAL DO JORDAO,"","",APÓS O TÚNEL FELIPE CAMARÃO,RUA CANAL DO JORDAO,"",APÓS O TÚNEL FELIPE CAMARÃO,JORDÃO,,"",COLISÃO TRASEIRA,COLISÃO ENTRE UM CAMINHÃ E UM AUTO,1,,,,,,1,,,0,,Longo da via,Bom,Não existe,Perfeito estado,Seca,Perfeito estado,"",Não há placas,40 km/h,Única,"","",""
3830,2019-04-30T00:00:00,15:53:00,SEM VÍTIMA,FINALIZADA,JOANA BEZERRA,AV BEIRA RIO,"","",AO LADO DO FORUM DES RODOLFO AURELIANO,AV BEIRA RIO,"",AO LADO DO FORUM DES RODOLFO AURELIANO,JOANA BEZERRA,,CIDADE,ABALROAMENTO LONGITUDINAL,COLISÃO SEM VÍTIMA,,1,,,,,,1,,0,,Longo da via,Bom,Não existe,Perfeito estado,Seca,Perfeito estado,Não existe,R-6a,"",Dupla,Faixa contínua,"",""
3831,2019-04-30T00:00:00,15:54:00,SEM VÍTIMA,FINALIZADA,PAISSANDU,RUA EPAMINONDAS DE MELO,219,"",EM FRENTE AO Nº 219,RUA EPAMINONDAS DE MELO,219,EM FRENTE AO Nº 219,PAISSANDU,,"",ABALROAMENTO LONGITUDINAL,COLISÃO SEM VÍTIMA EM DOIS AUTOS,2,,,,,,,,,0,,Longo da via,Bom,Não existe,Perfeito estado,Seca,Mal conservada,Não existe,Outras,"",Única,Não existe,"",""
3832,2019-04-30T00:00:00,16:30:00,SEM VÍTIMA,FINALIZADA,PINA,AV BRASILIA FORMOSA,51,RUA PARU,"",AV BRASILIA FORMOSA,51,"",PINA,,"",ABALROAMENTO LONGITUDINAL,COLISÃO SEM VÍTIMA,,,,,,1,1,,,0,,Longo da via,Bom,Não existe,Perfeito estado,Seca,Perfeito estado,Outros,R-6a,"",Dupla,Faixa seccionada,"",""
3833,2019-04-30T00:00:00,16:36:00,SEM VÍTIMA,FINALIZADA,MADALENA,RUA BENFICA,140,AV BEIRA RIO,"",RUA BENFICA,140,"",MADALENA,,"",ABALROAMENTO LONGITUDINAL,COLISÃO SEM VÍTIMA ENTRE UM AUTO E UM CAMINHÃO,1,,,,,,1,,,0,,"",Bom,Não existe,Perfeito estado,Seca,Perfeito estado,Não existe,"","",Dupla,Faixa contínua,"",""
3834,2019-04-30T00:00:00,16:36:00,SEM VÍTIMA,FINALIZADA,BARRO,AV DR JOSE RUFINO,26,"",POR TRÁS DO OLYMPIKUS HOTEL,AV DR JOSE RUFINO,26,POR TRÁS DO OLYMPIKUS HOTEL,BARRO,,SUBURBIO,ABALROAMENTO TRANSVERSAL,COLISAO ENTRE DOIS AUTOS S/V,2,,,,,,,,,0,,Longo da via,Bom,Não existe,Perfeito estado,Seca,Perfeito estado,Outros,Outras,60 km/h,Dupla,Faixa contínua,"",""
3835,2019-04-30T00:00:00,16:54:00,COM VÍTIMA,FINALIZADA,MADALENA,AV BEIRA RIO,"",RUA JOSE OSORIO,SOBRE A PONTE DA CAPUNGA,AV BEIRA RIO,"",SOBRE A PONTE DA CAPUNGA,MADALENA,387,SUBURBIO,COLISÃO COM CICLISTA,COLISÃO COM VITIMA,1,,,1,,,,,,1,,Longo da via,Bom,Sem defeito,Perfeito estado,Seca,Perfeito estado,Faixa de pedestre,Outras,"",Dupla,Faixa seccionada,"",""
3836,2019-04-30T00:00:00,17:45:00,SEM VÍTIMA,CANCELADA,TEJIPIÓ,RUA PIRAMBOIA,"","",EM FRENTE AO NECROTERIO DO HOSPITAL OTAVIO DE FREITAS,RUA PIRAMBOIA,"",EM FRENTE AO NECROTERIO DO HOSPITAL OTAVIO DE FREITAS,TEJIPIÓ,,"",COLISÃO,COLISÃO SEM VÍTIMA,2,,,,,,,,,0,,"","","","","","","","","","","","",""
3837,2019-04-30T00:00:00,19:39:00,SEM VÍTIMA,FINALIZADA,DERBY,RUA DR SEVERINO PINHEIRO,"","",PONTE ESTÁCIO COIMBRA,RUA DR SEVERINO PINHEIRO,"",PONTE ESTÁCIO COIMBRA,DERBY,,CIDADE,COLISÃO TRASEIRA,DOIS AUTO SEM VITIMAS,2,,,,,,,,,0,,Ponte,Bom,Não existe,Perfeito estado,Seca,Perfeito estado,Outros,Outras,"",Dupla,Faixa contínua,"",""
3838,2019-04-30T00:00:00,19:49:00,SEM VÍTIMA,FINALIZADA,IMBIRIBEIRA,AV MARECHAL MASCARENHAS DE MORAES,"","",LADO OPOSTO A MERCEDES BENZ,AV MARECHAL MASCARENHAS DE MORAES,"",LADO OPOSTO A MERCEDES BENZ,IMBIRIBEIRA,,CIDADE,ABALROAMENTO LONGITUDINAL,ENTRE AUTO E ÔNIBUS. S/V,1,,,,,1,,,,0,,Longo da via,Bom,Sem defeito,Perfeito estado,Seca,Perfeito estado,"",R-6a,"",Dupla,Canteiro central,"",""
3839,2019-04-30T00:00:00,20:00:00,SEM VÍTIMA,CANCELADA,TORRÕES,AV ENGENHEIRO ABDIAS DE CARVALHO,"","","E/F A LOMBADAS BAR , SNT SUB / PRÓX A DLP E POSTO SHELL",AV ENGENHEIRO ABDIAS DE CARVALHO,"","E/F A LOMBADAS BAR , SNT SUB / PRÓX A DLP E POSTO SHELL",TORRÕES,,"",ENGAVETAMENTO,ENTRE 3 AUTOS. S/V,3,,,,,,,,,0,,"","","","","","","","","","","","",""
3840,2019-04-30T00:00:00,22:08:00,SEM VÍTIMA,FINALIZADA,BOA VIAGEM,RUA BARAO DE SOUZA LEAO,195,"","",RUA BARAO DE SOUZA LEAO,195,"",BOA VIAGEM,,SUBURBIO,ABALROAMENTO TRANSVERSAL,MOTO E AUTO SEM VITIMAS,1,1,,,,,,,,0,,Longo da via,Bom,Sem defeito,Perfeito estado,Seca,Perfeito estado,Faixa de pedestre,R-6a,"",Única,Faixa seccionada,"",""
3841,2019-04-30T00:00:00,22:33:00,SEM VÍTIMA,CANCELADA,DOIS UNIDOS,AV HILDEBRANDO DE VASCONCELOS,"","",TERMINAL DE ONIBUS DE DOIS UNIDOS,AV HILDEBRANDO DE VASCONCELOS,"",TERMINAL DE ONIBUS DE DOIS UNIDOS,DOIS UNIDOS,,"",COLISÃO,ONIBUS E MOTO SEM VITIMAS,,1,,,,1,,,,0,,"","","","","","","","","","","","",""
3842,2019-05-01T00:00:00,08:06:00,SEM VÍTIMA,FINALIZADA,ÁGUA FRIA,AV PROFESSOR JOSE DOS ANJOS,"","",LADO OPOSTO AO POSTE Nº B 011023,AV PROFESSOR JOSE DOS ANJOS,"",LADO OPOSTO AO POSTE Nº B 011023,ÁGUA FRIA,,SUBURBIO,ABALROAMENTO LONGITUDINAL,COLISÃO S/ VITIMA (VT.08 NO QTH) ENTRE MOTO E AUTO,1,1,,,,,,,,0,,Longo da via,Bom,Não existe,Perfeito estado,Seca,Perfeito estado,Não existe,Não há placas,60 km/h,Única,Faixa seccionada,"",""
3843,2019-05-01T00:00:00,11:31:00,SEM VÍTIMA,FINALIZADA,BOA VIAGEM,AV ENGENHEIRO DOMINGOS FERREIRA,324,RUA ANTONIO PEDRO DE FIGUEIREDO,"",AV ENGENHEIRO DOMINGOS FERREIRA,324,"",BOA VIAGEM,324,SUBURBIO,COLISÃO TRASEIRA,COLISÃO S/VITIMA ENTRE DOIS AUTOS,2,,,,,,,,,0,,Longo da via,Bom,Sem defeito,Perfeito estado,Seca,Perfeito estado,Faixa de pedestre,Outras,60 km/h,Única,Canteiro central,"",""
3844,2019-05-01T00:00:00,15:19:00,COM VÍTIMA,FINALIZADA,BEBERIBE,AV BEBERIBE,"","",APÓS A PIZZARIA DO GORDO,AV BEBERIBE,"",APÓS A PIZZARIA DO GORDO,BEBERIBE,314,CIDADE,COLISÃO TRASEIRA,COLISÃO ENTRE AUTO E MOTO.,1,1,,,,,,,,1,,Outros,Bom,Sem defeito,Perfeito estado,Seca,Perfeito estado,Faixa de pedestre,Não há placas,60 km/h,Dupla,Faixa,"",""
3845,2019-05-01T00:00:00,15:30:00,COM VÍTIMA,FINALIZADA,IPSEP,AV RECIFE,2967,"",POSTO FEDERAL. LADO OPOSTO AO NÚMERO INFORMADO.,AV RECIFE,2967,POSTO FEDERAL. LADO OPOSTO AO NÚMERO INFORMADO.,IPSEP,,SUBURBIO,ATROPELAMENTO,AUTO E PEDESTRE,1,,,,1,,,,,1,,Longo da via,Bom,Não existe,Perfeito estado,Seca,Perfeito estado,Não existe,Não há placas,"",Dupla,Canteiro central,"",""
3846,2019-05-01T00:00:00,15:35:00,SEM VÍTIMA,CANCELADA,AFLITOS,AV CONS ROSA E SILVA,1294,"",EM FRENTE A PARLADELI,AV CONS ROSA E SILVA,1294,EM FRENTE A PARLADELI,AFLITOS,,"",COLISÃO,COLISÃO SEM VÍTIMA,2,,,,,,,,,0,,"","","","","","","","","","","","",""
3847,2019-05-01T00:00:00,15:36:00,COM VÍTIMA,DUPLICIDADE,BEBERIBE,AV BEBERIBE,4093,"",APÓS A PIZZARIA DO GORDO,AV BEBERIBE,4093,APÓS A PIZZARIA DO GORDO,BEBERIBE,314,"",COLISÃO,AUTO E MOTO COM VITIMAS,1,1,,,,,,,,1,,"","","","","","","","","","","","",""
3848,2019-05-01T00:00:00,15:37:00,SEM VÍTIMA,FINALIZADA,BOA VIAGEM,AV CONSELHEIRO AGUIAR,"",RUA TOME GIBSON,GALETO PEKIN,AV CONSELHEIRO AGUIAR,"",GALETO PEKIN,BOA VIAGEM,2,CIDADE,ABALROAMENTO LONGITUDINAL,COLISÃO SEM VITIMA,2,,,,,,,,,0,,Cruzamento,Bom,Sem defeito,Perfeito estado,Seca,Perfeito estado,Faixa de pedestre,Outras,"",Única,Faixa contínua,"",""
3849,2019-05-01T00:00:00,15:37:00,SEM VÍTIMA,CANCELADA,AFOGADOS,RUA VINTE E UM DE ABRIL,121,"",PROX AO TERMINAL DE ONIBUS E/F A MULTILAR,RUA VINTE E UM DE ABRIL,121,PROX AO TERMINAL DE ONIBUS E/F A MULTILAR,AFOGADOS,,"",COLISÃO,COLISAO ENTRE DOIS AUTOS S/V,1,1,,,,,,,,0,,"","","","","","","","","","","","",""
3850,2019-05-01T00:00:00,15:40:00,SEM VÍTIMA,FINALIZADA,AFOGADOS,RUA COSME VIANA,"","",E/F AO EROS HOTEL,RUA COSME VIANA,"",E/F AO EROS HOTEL,AFOGADOS,525,SUBURBIO,COLISÃO TRASEIRA,COLISAO ENTRE TRES AUTO S/V,3,,,,,,,,,0,,Longo da via,Bom,Sem defeito,Perfeito estado,Seca,Perfeito estado,Faixa de pedestre,R-6a,"",Única,Faixa seccionada,"",""
3851,2019-05-01T00:00:00,15:59:00,SEM VÍTIMA,FINALIZADA,CASA FORTE,RUA DONA ANUNCIADA DE MORAIS,445,"",PRAÇA DE CASA FORTE,RUA DONA ANUNCIADA DE MORAIS,445,PRAÇA DE CASA FORTE,CASA FORTE,,"",CHOQUE VEÍCULO PARADO,COLISÃO SEM VITIMA,1,,,,,,1,,,0,,"",Bom,Não existe,Perfeito estado,Seca,Perfeito estado,Faixa de retenção,Placas Pare,"",Única,"","",""
3852,2019-05-01T00:00:00,17:08:00,COM VÍTIMA,FINALIZADA,BOA VISTA,RUA JOAO FERNANDES VIEIRA,73,"",LADO OPOSTO A UNI SÃO MIGUEL,RUA JOAO FERNANDES VIEIRA,73,LADO OPOSTO A UNI SÃO MIGUEL,BOA VISTA,,CIDADE,CHOQUE OBJETO FIXO,AUTO CHOCOU-SE COM UMA ARVORE,1,,,,,,,,,1,,Longo da via,Bom,Não existe,Perfeito estado,Seca,Perfeito estado,Faixa de pedestre,Outras,"",Única,Faixa seccionada,"",""
3853,2019-05-01T00:00:00,21:14:00,COM VÍTIMA,FINALIZADA,BOA VISTA,AV GOVERNADOR AGAMENON MAGALHAES,"",RUA DR BANDEIRA FILHO,NA ESQUINA DO MC DONALD´S,AV GOVERNADOR AGAMENON MAGALHAES,"",NA ESQUINA DO MC DONALD´S,BOA VISTA,,SUBURBIO,ABALROAMENTO LONGITUDINAL,COLISÃO ENTRE ÔNIBUS E MOTO.,,1,,,,1,,,,1,,Esquina,Bom,Sem defeito,Perfeito estado,Seca,Perfeito estado,Faixa de pedestre,Outras,"",Dupla,Canteiro central,"",""
3854,2019-05-01T00:00:00,22:11:00,SEM VÍTIMA,FINALIZADA,CASA FORTE,"EST DAS UBAIAS,",332,"",EM FRENTE AO IMÓVEL Nº 332,"EST DAS UBAIAS,",332,EM FRENTE AO IMÓVEL Nº 332,CASA FORTE,,SUBURBIO,ABALROAMENTO TRANSVERSAL,MOTO X PALIO,1,1,,,,,,,,0,,Longo da via,Bom,Não existe,Perfeito estado,Seca,Perfeito estado,"",R-6a,30 km/h,Dupla,Faixa seccionada,"",""
3855,2019-05-02T00:00:00,06:25:00,COM VÍTIMA,FINALIZADA,TORRE,RUA REAL DA TORRE,62,RUA DOM MANOEL DA COSTA,"",RUA REAL DA TORRE,62,"",TORRE,192,CIDADE,COLISÃO COM CICLISTA,ÔNIBUS E CICLISTA.,,,,1,,1,,,,1,,Cruzamento,Bom,Sem defeito,Perfeito estado,Seca,Perfeito estado,Agente,"",30 km/h,Única,Faixa,"",""
3856,2019-05-02T00:00:00,06:44:00,SEM VÍTIMA,FINALIZADA,BARRO,RUA AMADOR ARAUJO,525,RUA DA ESPERANCA,"",RUA AMADOR ARAUJO,525,"",BARRO,,SUBURBIO,ABALROAMENTO TRANSVERSAL,COLISÃO SEM VITIMA ENTRE DOIS AUTOS,2,,,,,,,,,0,,Cruzamento,Bom,Não existe,Perfeito estado,Seca,Perfeito estado,Outros,Não há placas,30 km/h,Dupla,Não existe,"",""
3857,2019-05-02T00:00:00,06:47:00,SEM VÍTIMA,FINALIZADA,CASA FORTE,EST DO ENCANAMENTO,"","",EM FRENTE AO RESTAURANTE BERCY,EST DO ENCANAMENTO,"",EM FRENTE AO RESTAURANTE BERCY,CASA FORTE,462,CIDADE,COLISÃO TRASEIRA,QUATRO AUTOS,3,,,,,,,,,0,,Longo da via,Bom,Sem defeito,Perfeito estado,Seca,Perfeito estado,Faixa de pedestre,Outras,"",Única,Faixa seccionada,"",""
3858,2019-05-02T00:00:00,06:59:00,COM VÍTIMA,FINALIZADA,PINA,AV HERCULANO BANDEIRA,950,"",EM FRENTE A JBS VEICULOS,AV HERCULANO BANDEIRA,950,EM FRENTE A JBS VEICULOS,PINA,660,SUBURBIO,CHOQUE OBJETO FIXO,VEICULO CHOCU-SE COM A LOJA.,1,,,,,,,,,1,,Longo da via,Bom,Sem defeito,Perfeito estado,Seca,Perfeito estado,Não existe,Outras,"",Única,Faixa seccionada,"",""
3859,2019-05-02T00:00:00,07:26:00,SEM VÍTIMA,FINALIZADA,BOA VISTA,AV VISCONDE DE SUASSUNA,593,RUA AFONSO PENA,PRÓXIMO A STEALMOAIC,AV VISCONDE DE SUASSUNA,593,PRÓXIMO A STEALMOAIC,BOA VISTA,,SUBURBIO,ABALROAMENTO TRANSVERSAL,COLISÃO S/ VITIMAS ENTRE DOIS AUTOS,2,,,,,,,,,0,,Cruzamento,Bom,Não existe,Perfeito estado,Seca,Perfeito estado,Faixa de retenção,Não há placas,60 km/h,Única,Faixa seccionada,"",""
3860,2019-05-02T00:00:00,08:22:00,COM VÍTIMA,FINALIZADA,BOA VIAGEM,RUA VISCONDE DE JEQUITINHONHA,1280,RUA CONEGO ROMEU,EM FRENTE A PARADA 19 E EDF. SHALON,RUA VISCONDE DE JEQUITINHONHA,1280,EM FRENTE A PARADA 19 E EDF. SHALON,BOA VIAGEM,,SUBURBIO,COLISÃO COM CICLISTA,AUTO E CICLISTA,1,,,1,,,,,,1,,Cruzamento,Bom,Não existe,Perfeito estado,Seca,Perfeito estado,Não existe,Não há placas,60 km/h,Única,Não existe,"",""
3861,2019-05-02T00:00:00,08:24:00,SEM VÍTIMA,FINALIZADA,BOA VIAGEM,AV CONSELHEIRO AGUIAR,3197,"",EM FRENTE A FARMACIA DROGASIL,AV CONSELHEIRO AGUIAR,3197,EM FRENTE A FARMACIA DROGASIL,BOA VIAGEM,,SUBURBIO,ABALROAMENTO LONGITUDINAL,COLISÃO S/ VITIMAS ENTRE UM ONIBUS E UM AUTO,1,,,,,1,,,,0,,Longo da via,Bom,Não existe,Perfeito estado,Seca,Perfeito estado,Não existe,R-6a,40 km/h,Única,Faixa contínua,"",""
3862,2019-05-02T00:00:00,08:25:00,COM VÍTIMA,FINALIZADA,IMBIRIBEIRA,RUA OLIVIA MENELAU,270,"",EM FRENTE A AUTO ESCOLA NOVA ALIANÇA,RUA OLIVIA MENELAU,270,EM FRENTE A AUTO ESCOLA NOVA ALIANÇA,IMBIRIBEIRA,,CIDADE,COLISÃO COM CICLISTA,"",1,,,1,,,,,,1,,Longo da via,Bom,"",Perfeito estado,Seca,Perfeito estado,"",R-6a,40 km/h,Única,Faixa,"",""
3863,2019-05-02T00:00:00,08:26:00,SEM VÍTIMA,FINALIZADA,BOA VIAGEM,RUA ALMIRANTE BATISTA LEAO,46 A,"",PROX. A BORRACHARIA SETUBAL,RUA ALMIRANTE BATISTA LEAO,46 A,PROX. A BORRACHARIA SETUBAL,BOA VIAGEM,,"",COLISÃO TRASEIRA,CAMINHÃO E AUTO,1,,,,,,1,,,0,,Longo da via,Bom,Não existe,Perfeito estado,Seca,Perfeito estado,Não existe,Não há placas,"",Dupla,Não existe,"",""
3864,2019-05-02T00:00:00,09:00:00,COM VÍTIMA,FINALIZADA,MADALENA,AV CAXANGA,1150,RUA JOAO IVO DA SILVA,EM FRENTE AO BANCO BRADESCO E MUSEU DA ABOLIÇÃO,AV CAXANGA,1150,EM FRENTE AO BANCO BRADESCO E MUSEU DA ABOLIÇÃO,MADALENA,257,CIDADE,ABALROAMENTO TRANSVERSAL,COLISÃO ENTRE AUTO E MOTO.,1,1,,,,,,,,1,,Longo da via,Bom,Sem defeito,Perfeito estado,Seca,Perfeito estado,Faixa de pedestre,Não há placas,60 km/h,Única,Faixa contínua,"",""
3865,2019-05-02T00:00:00,09:01:00,SEM VÍTIMA,FINALIZADA,ILHA DO RETIRO,AV JOSE GONCALVES DE MEDEIROS,"",RUA SPORT CLUBE DO RECIFE,"",AV JOSE GONCALVES DE MEDEIROS,"","",ILHA DO RETIRO,355,SUBURBIO,COLISÃO TRASEIRA,DOIS AUTOS,2,,,,,,,,,0,,Longo da via,Bom,Sem defeito,Perfeito estado,Seca,Perfeito estado,Faixa de retenção,Não há placas,"",Dupla,Canteiro central,"",""
3866,2019-05-02T00:00:00,09:06:00,SEM VÍTIMA,FINALIZADA,HIPÓDROMO,RUA MARTINS RIBEIRO,392,"",EM FRENTE AO 392,RUA MARTINS RIBEIRO,392,EM FRENTE AO 392,HIPÓDROMO,,SUBURBIO,CHOQUE VEÍCULO PARADO,CAMINHÃO E AUTO,1,,,,,,1,,,0,,Longo da via,Bom,Não existe,Incompleta,Seca,Perfeito estado,Não existe,Não há placas,"",Dupla,Não existe,"",""
3867,2019-05-02T00:00:00,09:17:00,COM VÍTIMA,FINALIZADA,ENCRUZILHADA,RUA DR EDUARDO WANDERLEY,206,"","",RUA DR EDUARDO WANDERLEY,206,"",ENCRUZILHADA,,SUBURBIO,COLISÃO TRASEIRA,"",1,1,,,,,,,,1,,Longo da via,Bom,Não existe,Não existente,Seca,Perfeito estado,Não existe,Não há placas,"",Inglesa,Não existe,"",""
3868,2019-05-02T00:00:00,10:06:00,SEM VÍTIMA,FINALIZADA,DERBY,PRC DO DERBY,"",RUA JENER DE SOUZA,"",PRC DO DERBY,"","",DERBY,418,CIDADE,ABALROAMENTO LONGITUDINAL,COLISÃO SEM VITIMA,2,,,,,,,,,0,,Cruzamento,Bom,Sem defeito,Perfeito estado,Seca,Perfeito estado,Faixa de pedestre,R-4a,"",Dupla,Não existe,"",""
3869,2019-05-02T00:00:00,11:09:00,SEM VÍTIMA,FINALIZADA,AFOGADOS,RUA SAO MIGUEL,176A,"",EM FRENTE A DEPATRI,RUA SAO MIGUEL,176A,EM FRENTE A DEPATRI,AFOGADOS,300,SUBURBIO,ABALROAMENTO LONGITUDINAL,COLISÃO S/ VITIMAS ENTRE UM AUTO E UM CAMINHÃO,2,,,,,,,,,0,,Longo da via,Bom,Sem defeito,Perfeito estado,Seca,Perfeito estado,Faixa de pedestre,Outras,"",Dupla,"","",""
3870,2019-05-02T00:00:00,11:27:00,SEM VÍTIMA,FINALIZADA,COELHOS,RUA DOS COELHOS,160,"",EM FRENTE A LBV,RUA DOS COELHOS,160,EM FRENTE A LBV,COELHOS,,SUBURBIO,ABALROAMENTO LONGITUDINAL,COLISÃO S/ VITIMAS ENTRE UM AUTO E UM ONIBUS,2,,,,,,,,,0,,Longo da via,Bom,Não existe,Perfeito estado,Seca,Perfeito estado,"",R-6a,"",Única,Faixa seccionada,"",""
3871,2019-05-02T00:00:00,11:28:00,SEM VÍTIMA,FINALIZADA,VÁRZEA,RUA PROFESSOR ANTONIO COELHO,"",RUA EMILIANO BRAGA,"",RUA PROFESSOR ANTONIO COELHO,"","",VÁRZEA,,"",ABALROAMENTO TRANSVERSAL,DOIS AUTOS,2,,,,,,,,,0,,Cruzamento,Bom,Não existe,Perfeito estado,Seca,Perfeito estado,Não existe,Placas Pare,"",Dupla,Faixa seccionada,"",""
3872,2019-05-02T00:00:00,11:38:00,SEM VÍTIMA,FINALIZADA,IMBIRIBEIRA,AV ANTONIO TORRES GALVAO,"",RUA DUQUE ESTRADA,EM FRENTE A BREMEN,AV ANTONIO TORRES GALVAO,"",EM FRENTE A BREMEN,IMBIRIBEIRA,,CIDADE,ABALROAMENTO LONGITUDINAL,DOIS AUTOS,2,,,,,,,,,0,,Longo da via,Bom,Não existe,Ilegível,Seca,Mal conservada,Não existe,Não há placas,"",Única,Faixa seccionada,"",""
3873,2019-05-02T00:00:00,11:45:00,SEM VÍTIMA,DUPLICIDADE,CAXANGÁ,RUA EMILIANO BRAGA,425,"",EM FRENTE AO TI DA CAXANGA,RUA EMILIANO BRAGA,425,EM FRENTE AO TI DA CAXANGA,CAXANGÁ,,"",COLISÃO,DOIS AUTOS VT 21 NO QTH,2,,,,,,,,,0,,"","","","","","","","","","","","",""
3874,2019-05-02T00:00:00,11:48:00,SEM VÍTIMA,FINALIZADA,JORDÃO,AV MARIA IRENE,130,"",PROX. AO COMERCIAL SOUSA,AV MARIA IRENE,130,PROX. AO COMERCIAL SOUSA,JORDÃO,,SUBURBIO,ABALROAMENTO LONGITUDINAL,CAMINHÃO E AUTO,1,,,,,,1,,,0,,Longo da via,Bom,Não existe,Não existente,Seca,Mal conservada,Não existe,Não há placas,"",Dupla,Não existe,"",""