_id,DATA,hora,natureza_acidente,situacao,bairro,endereco,numero,detalhe_endereco_acidente,complemento,endereco_cruzamento,numero_cruzamento,referencia_cruzamento,bairro_cruzamento,num_semaforo,sentido_via,tipo,descricao,auto,moto,ciclom,ciclista,pedestre,onibus,caminhao,viatura,outros,vitimas,vitimasfatais,acidente_verificado,tempo_clima,situacao_semaforo,sinalizacao,condicao_via,conservacao_via,ponto_controle,situacao_placa,velocidade_max_via,mao_direcao,divisao_via1,divisao_via2,divisao_via3
3875,2019-05-02T00:00:00,11:50:00,SEM VÍTIMA,FINALIZADA,MADALENA,AV VISCONDE DE ALBUQUERQUE,400,RUA LOPES DE CARVALHO,"",AV VISCONDE DE ALBUQUERQUE,400,"",MADALENA,,SUBURBIO,ABALROAMENTO TRANSVERSAL,COLISÃO SEM VITIMA,2,,,,,,,,,0,,Cruzamento,Bom,Não existe,Perfeito estado,Seca,Perfeito estado,Não existe,Placas Pare,"",Única,Faixa seccionada,"",""
3876,2019-05-02T00:00:00,12:20:00,SEM VÍTIMA,FINALIZADA,AFOGADOS,RUA SAO MIGUEL,92,"",CASAS LOJAS AMERICANAS,RUA SAO MIGUEL,92,CASAS LOJAS AMERICANAS,AFOGADOS,300,SUBURBIO,CHOQUE VEÍCULO PARADO,COLISÃO SEM VITIMA,1,,,,,1,,,,0,,Longo da via,Bom,Sem defeito,Perfeito estado,Seca,Perfeito estado,Não existe,Outras,"",Única,Faixa seccionada,"",""
3877,2019-05-02T00:00:00,12:26:00,SEM VÍTIMA,CANCELADA,IBURA,AV RIO LARGO,305,"",E/F A ESCOLA MUNICIPAL CRISTIANO CORDEIRO,AV RIO LARGO,305,E/F A ESCOLA MUNICIPAL CRISTIANO CORDEIRO,IBURA,,"",COLISÃO,COLISAO ENTRE AUTO E MOTO S/V,1,1,,,,,,,,0,,"","","","","","","","","","","","",""
3878,2019-05-02T00:00:00,12:32:00,SEM VÍTIMA,DUPLICIDADE,IBURA,AV RIO LARGO,325,"",E/F ESCOLA MUNICIPAL CRISTIANO CORDEIRO,AV RIO LARGO,325,E/F ESCOLA MUNICIPAL CRISTIANO CORDEIRO,IBURA,,"",COLISÃO,MOTO E AUTO PASSEIO SEM VITIMAS,1,1,,,,,,,,0,,"","","","","","","","","","","","",""
3879,2019-05-02T00:00:00,13:56:00,COM VÍTIMA,FINALIZADA,BOA VISTA,RUA DA AURORA,"",AV CONDE DA BOA VISTA,EM FRENTE A LOJA HELP,RUA DA AURORA,"",EM FRENTE A LOJA HELP,BOA VISTA,162,"",ATROPELAMENTO,PEDESTRE E ONIBUS.,,,,,1,1,,,,1,,Cruzamento,Bom,Sem defeito,Perfeito estado,Seca,Perfeito estado,Agente,Outras,60 km/h,Dupla,Faixa contínua,"",""
3880,2019-05-02T00:00:00,14:17:00,SEM VÍTIMA,CANCELADA,IMBIRIBEIRA,AV MARECHAL MASCARENHAS DE MORAES,1080,"",E/F GRAU TECNICO,AV MARECHAL MASCARENHAS DE MORAES,1080,E/F GRAU TECNICO,IMBIRIBEIRA,,SUBURBIO,COLISÃO,DOIS ONIBUS SEM VITIMAS,,,,,,2,,,,0,,"","","","","","","","","","","","",""
3881,2019-05-02T00:00:00,15:08:00,SEM VÍTIMA,FINALIZADA,IMBIRIBEIRA,RUA PINTOR LULA CARDOSO AYRES,4771,"",TERMINAL DE CARGAS TAM,RUA PINTOR LULA CARDOSO AYRES,4771,TERMINAL DE CARGAS TAM,IMBIRIBEIRA,,SUBURBIO,ABALROAMENTO LONGITUDINAL,COLISÃO SEM VÍTIMA,2,,,,,,,,,0,,Longo da via,Bom,Não existe,Não existente,Seca,Perfeito estado,Não existe,Não há placas,"",Dupla,Não existe,"",""
3882,2019-05-02T00:00:00,15:25:00,SEM VÍTIMA,FINALIZADA,BOA VIAGEM,RUA FRANCISCO DA CUNHA,440,RUA FRANCISCO DA CUNHA,CRUZAMENTO COM FRANCISCO DA CUNHA,RUA FRANCISCO DA CUNHA,440,CRUZAMENTO COM FRANCISCO DA CUNHA,BOA VIAGEM,,"",ABALROAMENTO TRANSVERSAL,DOIS AUTO SEM VITIMAS,2,,,,,,,,,0,,Cruzamento,Bom,Não existe,Perfeito estado,Seca,Perfeito estado,"",Placas Pare,40 km/h,Única,Não existe,"",""
3883,2019-05-02T00:00:00,15:43:00,SEM VÍTIMA,FINALIZADA,VÁRZEA,RUA FRANCISCO LACERDA,218,"","",RUA FRANCISCO LACERDA,218,"",VÁRZEA,,CIDADE,CHOQUE VEÍCULO PARADO,CAMINHÃO E AUTO PASSEIO SEM VITIMAS,1,,,,,,1,,,0,,Longo da via,Bom,Não existe,Incompleta,Seca,Perfeito estado,Não existe,Placas Pare,"",Dupla,Não existe,"",""
3884,2019-05-02T00:00:00,16:34:00,SEM VÍTIMA,FINALIZADA,BOA VISTA,AV CONDE DA BOA VISTA,1512,RUA PADRE INGLES,"",AV CONDE DA BOA VISTA,1512,"",BOA VISTA,,SUBURBIO,ABALROAMENTO TRANSVERSAL,DOIS AUTO SEM VITIMAS (CONDUTOR DO CARRO OFICIAL SITOMAS DE EMBRIAGUEZ),2,,,,,,,,,0,,"",Bom,Sem defeito,Perfeito estado,Seca,Perfeito estado,Não existe,Placas Pare,"",Dupla,Não existe,"",""
3885,2019-05-02T00:00:00,16:50:00,COM VÍTIMA,FINALIZADA,SANTO AMARO,RUA DOS PALMARES,"",RUA TREZE DE MAIO,EM FRENTE A PREVIDENCIA,RUA DOS PALMARES,"",EM FRENTE A PREVIDENCIA,SANTO AMARO,30,SUBURBIO,ABALROAMENTO TRANSVERSAL,COLISÃO COM VÍTIMA,2,,,,,,,,1,2,,Cruzamento,Bom,Sem defeito,Perfeito estado,Seca,Perfeito estado,Faixa de pedestre,Outras,40 km/h,Dupla,Canteiro central,"",""
3886,2019-05-02T00:00:00,16:57:00,SEM VÍTIMA,FINALIZADA,TAMARINEIRA,AV CONS ROSA E SILVA,"",RUA CONEGO BARATA,E/F AO SEMÁFORO Nº 061,AV CONS ROSA E SILVA,"",E/F AO SEMÁFORO Nº 061,TAMARINEIRA,61,SUBURBIO,ABALROAMENTO LONGITUDINAL,ONIBUS E AUTO PASSEIO,,,,,,1,,,,0,,Longo da via,Bom,Sem defeito,Perfeito estado,Seca,Perfeito estado,Faixa de pedestre,Outras,"",Única,Não existe,"",""
3887,2019-05-02T00:00:00,17:02:00,SEM VÍTIMA,CANCELADA,AFOGADOS,AV SUL,2730,"",AO LADO DA ALUMIAÇO RECIFE,AV SUL,2730,AO LADO DA ALUMIAÇO RECIFE,AFOGADOS,,"",COLISÃO,EMPILHADEIRA COLIDIU COM UM VEICULO,1,,,,,,,,1,0,,"","","","","","","","","","","","",""
3888,2019-05-02T00:00:00,17:05:00,SEM VÍTIMA,FINALIZADA,PINA,AV ANTONIO DE GOES,183,"",EM FRENTE AO POSTO FEDERAL,AV ANTONIO DE GOES,183,EM FRENTE AO POSTO FEDERAL,PINA,,CIDADE,ABALROAMENTO LONGITUDINAL,ONIBUS E AUTO PASSEIO SEM VITIMAS,1,,,,,1,,,,0,,Longo da via,Bom,Não existe,Perfeito estado,Seca,Perfeito estado,Não existe,Não há placas,60 km/h,Única,Faixa seccionada,Canteiro central,""
3889,2019-05-02T00:00:00,17:55:00,SEM VÍTIMA,FINALIZADA,BOA VISTA,RUA JOSE DE ALENCAR,"",RUA BARAO DE SAO BORJA,"",RUA JOSE DE ALENCAR,"","",BOA VISTA,,SUBURBIO,ABALROAMENTO LONGITUDINAL,COLISÃO SEM VITIMAS,1,1,,,,,,,,0,,Cruzamento,Bom,Não existe,Perfeito estado,Seca,Perfeito estado,Não existe,Placas Pare,40 km/h,Única,Faixa seccionada,"",""
3890,2019-05-02T00:00:00,18:11:00,SEM VÍTIMA,FINALIZADA,BOA VIAGEM,AV ENGENHEIRO DOMINGOS FERREIRA,4650,RUA PROFESSOR ALOISIO PESSOA DE ARAUJO,"",AV ENGENHEIRO DOMINGOS FERREIRA,4650,"",BOA VIAGEM,,SUBURBIO,ABALROAMENTO LONGITUDINAL,COLISÃO SEM VITIMAS,1,,,,,1,,,,0,,Cruzamento,Bom,Não existe,Perfeito estado,Seca,Perfeito estado,Outros,Outras,"",Dupla,Canteiro central,"",""
3891,2019-05-02T00:00:00,18:22:00,SEM VÍTIMA,FINALIZADA,JAQUEIRA,RUA ANTENOR NAVARRO,"","",ENFRENTE AO Nº 81,RUA ANTENOR NAVARRO,"",ENFRENTE AO Nº 81,JAQUEIRA,,CIDADE,COLISÃO TRASEIRA,COLISAO SEM VITIMAS,2,,,,,,,,,0,,Longo da via,Bom,Não existe,Perfeito estado,Seca,Perfeito estado,Não existe,Não há placas,"",Única,Não existe,"",""
3892,2019-05-02T00:00:00,19:01:00,COM VÍTIMA,CANCELADA,VÁRZEA,RUA JOAO SALES MENEZES,70,"","",RUA JOAO SALES MENEZES,70,"",VÁRZEA,,"",COLISÃO,"",,2,,,1,,,,,1,,"","","","","","","","","","","","",""
3893,2019-05-02T00:00:00,19:04:00,SEM VÍTIMA,FINALIZADA,MADALENA,RUA BENFICA,"","",EM FRENTE AO MUSEU DA ABOLIÇÃO,RUA BENFICA,"",EM FRENTE AO MUSEU DA ABOLIÇÃO,MADALENA,,CIDADE,ABALROAMENTO LONGITUDINAL,COLISÃO SEM VITIMAS,1,,,,,1,,,,0,,Longo da via,Bom,Não existe,Perfeito estado,Seca,Perfeito estado,Não existe,Outras,"",Dupla,"","",""
3894,2019-05-02T00:00:00,19:14:00,SEM VÍTIMA,FINALIZADA,ILHA DO RETIRO,PRC DA BANDEIRA,98,RUA SPORT CLUBE DO RECIFE,CLÍNICA CRED GESTANTE,PRC DA BANDEIRA,98,CLÍNICA CRED GESTANTE,ILHA DO RETIRO,,SUBURBIO,ABALROAMENTO LONGITUDINAL,COLISÃO SEM VITIMAS,2,,,,,,,,,0,,Longo da via,Bom,Não existe,Perfeito estado,Seca,Perfeito estado,Não existe,Não há placas,"",Única,Faixa seccionada,"",""
3895,2019-05-02T00:00:00,19:30:00,COM VÍTIMA,FINALIZADA,VÁRZEA,RUA GASTAO VIDIGAL,"",RUA DIAS D'AVILA,"",RUA GASTAO VIDIGAL,"","",VÁRZEA,,SUBURBIO,ABALROAMENTO TRANSVERSAL,COLISÃO SEM VITIMAS,1,,,,,1,,,,1,,Cruzamento,Bom,Não existe,Incompleta,Seca,Perfeito estado,Não existe,Não há placas,"",Dupla,Não existe,"",""
3896,2019-05-03T00:00:00,00:31:00,SEM VÍTIMA,FINALIZADA,AFOGADOS,RUA COSME VIANA,"",EST DO BONGI,"",RUA COSME VIANA,"","",AFOGADOS,100,SUBURBIO,ABALROAMENTO TRANSVERSAL,COLISÃO ENTRE DOIS AUTOS S/V,2,,,,,,,,,0,,Cruzamento,Bom,Sem defeito,Perfeito estado,Seca,Perfeito estado,"","","",Única,"","",""
3897,2019-05-03T00:00:00,07:00:00,SEM VÍTIMA,CANCELADA,ILHA DO RETIRO,RUA DR JOAO MARQUES,149,RUA SENADOR FABIO DE BARROS,EM FRENTE A UM EDIF. EM CONSTRUÇÃO,RUA DR JOAO MARQUES,149,EM FRENTE A UM EDIF. EM CONSTRUÇÃO,ILHA DO RETIRO,,"",COLISÃO,COLISÃO SEM VITIMAS,2,,,,,,,,,0,,"","","","","","","","","","","","",""
3898,2019-05-03T00:00:00,07:07:00,SEM VÍTIMA,FINALIZADA,SOLEDADE,AV OLIVEIRA LIMA,1029,"",AO LADO DA ESCOLA ESTADUAL MONSENHOR FRANCISCO SALES,AV OLIVEIRA LIMA,1029,AO LADO DA ESCOLA ESTADUAL MONSENHOR FRANCISCO SALES,SOLEDADE,,CIDADE,ABALROAMENTO LONGITUDINAL,SEM VITIMAS,1,1,,,,,,,,0,,Longo da via,Bom,Não existe,Incompleta,Seca,Perfeito estado,Não existe,R-6a,"",Única,Não existe,"",""
3899,2019-05-03T00:00:00,07:31:00,SEM VÍTIMA,FINALIZADA,MADALENA,RUA JOSE OSORIO,"",RUA PESSOA DE MELO,"",RUA JOSE OSORIO,"","",MADALENA,,SUBURBIO,COLISÃO TRASEIRA,"SEM VITIMAS,VEICULOS NO ESTACIONAMENTO DO RM",2,,,,,,,,,0,,Longo da via,Bom,Sem defeito,Perfeito estado,Seca,Perfeito estado,"",R-6a,"",Única,Faixa seccionada,"",""
3900,2019-05-03T00:00:00,07:38:00,SEM VÍTIMA,FINALIZADA,PINA,AV ANTONIO DE GOES,218,RUA MANOEL DE BRITO,POSTO DE GASOLINA BR,AV ANTONIO DE GOES,218,POSTO DE GASOLINA BR,PINA,103,CIDADE,ABALROAMENTO LONGITUDINAL,DOIS AUTOS,2,,,,,,,,,0,,"",Bom,Sem defeito,Perfeito estado,Seca,Perfeito estado,Agente,Não há placas,60 km/h,Única,Faixa seccionada,Canteiro central,""
3901,2019-05-03T00:00:00,07:46:00,SEM VÍTIMA,CANCELADA,JORDÃO,RUA ALBERTO LUNDGREN,"","",PROX. A ACADEMIA DA CIDADE,RUA ALBERTO LUNDGREN,"",PROX. A ACADEMIA DA CIDADE,JORDÃO,,"",COLISÃO,COLISÃO SEM VITIMAS,1,,,,,,1,,,0,,"","","","","","","","","","","","",""
3902,2019-05-03T00:00:00,08:07:00,COM VÍTIMA,FINALIZADA,JORDÃO,RUA BOANERGES PEREIRA,"","",EM FRENTE A PANIFICADORA SEMEAR / GALERIA VIP,RUA BOANERGES PEREIRA,"",EM FRENTE A PANIFICADORA SEMEAR / GALERIA VIP,JORDÃO,,SUBURBIO,COLISÃO TRASEIRA,COLISÃO COM VITIMA,1,1,,,,,1,,,1,,Longo da via,Bom,Não existe,Não existente,Seca,Mal conservada,Não existe,Não há placas,"",Dupla,Não existe,"",""
3903,2019-05-03T00:00:00,08:29:00,COM VÍTIMA,FINALIZADA,PAISSANDU,AV GOVERNADOR AGAMENON MAGALHAES,S/N,"","EM FRENTE AO REAL HOSPITAL PORTUGUÊS, PISTA LOCAL",AV GOVERNADOR AGAMENON MAGALHAES,S/N,"EM FRENTE AO REAL HOSPITAL PORTUGUÊS, PISTA LOCAL",PAISSANDU,350,BOA VIAGEM,COLISÃO TRASEIRA,"COLISÃO ENTRE AUTO PASSEIO E MOTOCICLETA, COM VÍTIMA.",1,1,,,,,,,,1,,Longo da via,Bom,Sem defeito,Perfeito estado,Seca,Perfeito estado,"","","",Única,Faixa,"",""
3904,2019-05-03T00:00:00,08:32:00,SEM VÍTIMA,FINALIZADA,JIQUIÁ,RUA SAO MIGUEL,"","","",RUA SAO MIGUEL,"","",JIQUIÁ,425,CIDADE,COLISÃO TRASEIRA,COLISÃO SEM VITIMAS,2,,,,,,,,,0,,Longo da via,Bom,Sem defeito,Perfeito estado,Seca,Perfeito estado,"",Não há placas,"",Dupla,Faixa contínua,"",""
3905,2019-05-03T00:00:00,08:35:00,SEM VÍTIMA,CANCELADA,CASA AMARELA,RUA DA HARMONIA,626,"",PROX. AO MARTELINHO DE OURO,RUA DA HARMONIA,626,PROX. AO MARTELINHO DE OURO,CASA AMARELA,,"",COLISÃO,DOIS AUTOS,2,,,,,,,,,0,,"","","","","","","","","","","","",""
3906,2019-05-03T00:00:00,08:35:00,SEM VÍTIMA,CANCELADA,DERBY,RUA MANOEL CAETANO,135,"",HA 50 METROS DO DERBY IMAGENS,RUA MANOEL CAETANO,135,HA 50 METROS DO DERBY IMAGENS,DERBY,,"",COLISÃO,SEM VITMAS,2,,,,,,,,,0,,"","","","","","","","","","","","",""
3907,2019-05-03T00:00:00,08:40:00,SEM VÍTIMA,FINALIZADA,BOA VIAGEM,RUA RIBEIRO DE BRITO,590,"",EM FRENTE AO BORIS,RUA RIBEIRO DE BRITO,590,EM FRENTE AO BORIS,BOA VIAGEM,,SUBURBIO,COLISÃO TRASEIRA,COLISÃO SEM VITIMAS,1,,,,,1,,,,0,,Longo da via,Bom,Não existe,Perfeito estado,Seca,Perfeito estado,Não existe,Outras,"",Única,Não existe,"",""
3908,2019-05-03T00:00:00,08:46:00,SEM VÍTIMA,FINALIZADA,MADALENA,RUA PADRE ANCHIETA,208,"","",RUA PADRE ANCHIETA,208,"",MADALENA,,CIDADE,COLISÃO TRASEIRA,COLISÃO S/ VITIMA ENTRE DOIS AUTOS,2,,,,,,,,,0,,Longo da via,Bom,Não existe,Perfeito estado,Seca,Perfeito estado,Não existe,R-6a,"",Única,Faixa seccionada,"",""
3909,2019-05-03T00:00:00,09:03:00,SEM VÍTIMA,FINALIZADA,IMBIRIBEIRA,AV MARECHAL MASCARENHAS DE MORAES,"","",AO LADO DO ATACADO DOS PRESENTES,AV MARECHAL MASCARENHAS DE MORAES,"",AO LADO DO ATACADO DOS PRESENTES,IMBIRIBEIRA,,"",ABALROAMENTO LONGITUDINAL,SEM VITIMAS,1,,,,,,1,,,0,,Longo da via,Bom,Sem defeito,Perfeito estado,Seca,Perfeito estado,Não existe,Não há placas,"",Dupla,Canteiro central,"",""
3910,2019-05-03T00:00:00,09:14:00,SEM VÍTIMA,FINALIZADA,BOA VIAGEM,AV ENGENHEIRO DOMINGOS FERREIRA,3433,"","",AV ENGENHEIRO DOMINGOS FERREIRA,3433,"",BOA VIAGEM,,"",COLISÃO TRASEIRA,"SEM VITIMAS, CTTU NO LOCAL",2,,,,,,,,,0,,Longo da via,Bom,Sem defeito,Perfeito estado,Seca,Perfeito estado,"",Outras,"",Única,Faixa contínua,Faixa seccionada,Canteiro central
3911,2019-05-03T00:00:00,09:34:00,SEM VÍTIMA,FINALIZADA,VÁRZEA,AV AFONSO OLINDENSE,"",RUA RODRIGUES FERREIRA,NO SEMAFORO 638,AV AFONSO OLINDENSE,"",NO SEMAFORO 638,VÁRZEA,638,SUBURBIO,ABALROAMENTO LONGITUDINAL,CAMINHÃO E AUTO,1,,,,,,1,,,0,,Cruzamento,Bom,Sem defeito,Perfeito estado,Seca,Perfeito estado,Não existe,Não há placas,40 km/h,Dupla,Faixa contínua,"",""
3912,2019-05-03T00:00:00,09:44:00,SEM VÍTIMA,FINALIZADA,IMBIRIBEIRA,AV MARECHAL MASCARENHAS DE MORAES,440,"",EM FRENTE AO ANTIGO PREDIO DO DHPP,AV MARECHAL MASCARENHAS DE MORAES,440,EM FRENTE AO ANTIGO PREDIO DO DHPP,IMBIRIBEIRA,279,SUBURBIO,COLISÃO TRASEIRA,SEM VITIMAS,2,,,,,,,,,0,,Longo da via,Bom,Sem defeito,Perfeito estado,Seca,Perfeito estado,Faixa de pedestre,Outras,60 km/h,Dupla,Faixa contínua,Faixa seccionada,Canteiro central
3913,2019-05-03T00:00:00,09:51:00,SEM VÍTIMA,FINALIZADA,MADALENA,EST DOS REMEDIOS,"",AV JOSE GONCALVES DE MEDEIROS,CASA DOS COLCHÕES,EST DOS REMEDIOS,"",CASA DOS COLCHÕES,MADALENA,353,CIDADE,ABALROAMENTO LONGITUDINAL,SEM VITIMAS,2,,,,,,,,,0,,"",Bom,Sem defeito,Perfeito estado,Seca,Perfeito estado,Faixa de pedestre,Outras,"",Única,Faixa contínua,"",""
3914,2019-05-03T00:00:00,09:56:00,SEM VÍTIMA,FINALIZADA,MACAXEIRA,AV NORTE,7742,"",LADO OPOSTO AO PARQUE DA MACAXEIRA,AV NORTE,7742,LADO OPOSTO AO PARQUE DA MACAXEIRA,MACAXEIRA,451,SUBURBIO,ABALROAMENTO LONGITUDINAL,COLISÃO SEM VITIMAS,1,,,,,,1,,,0,,Longo da via,Bom,Sem defeito,Perfeito estado,Seca,Perfeito estado,Faixa de pedestre,Outras,"",Dupla,Canteiro central,"",""
3915,2019-05-03T00:00:00,10:04:00,COM VÍTIMA,CANCELADA,IMBIRIBEIRA,RUA ALVARO AMORIM,103,RUA ENGENHEIRO JOSE APOLINARIO,NA RUA DA SPORT CAR,RUA ALVARO AMORIM,103,NA RUA DA SPORT CAR,IMBIRIBEIRA,,"",COLISÃO,COLISÃO C/VITIMA ENTRE UM AUTO E O MOTO,1,1,,,,,,,,1,,"","","","","","","","","","","","",""
3916,2019-05-03T00:00:00,10:38:00,SEM VÍTIMA,FINALIZADA,TORRE,RUA MARCOS ANDRE,"",RUA JOSE BONIFACIO,"",RUA MARCOS ANDRE,"","",TORRE,487,"",ABALROAMENTO LONGITUDINAL,VT- DA GUARDA E AUTO,2,,,,,,,,,0,,"",Bom,Sem defeito,Perfeito estado,Seca,Perfeito estado,Faixa de retenção,R-6a,"",Única,Não existe,"",""
3917,2019-05-03T00:00:00,10:54:00,SEM VÍTIMA,FINALIZADA,BEBERIBE,AV BEBERIBE,"","",EM FRENTE AO Nº 4080,AV BEBERIBE,"",EM FRENTE AO Nº 4080,BEBERIBE,314,CIDADE,ABALROAMENTO LONGITUDINAL,COLISÃO SEM VITIMAS,1,,,,,1,,,,0,,Longo da via,Bom,Sem defeito,Perfeito estado,Seca,Perfeito estado,Faixa de pedestre,"","",Dupla,Faixa contínua,"",""
3918,2019-05-03T00:00:00,10:55:00,COM VÍTIMA,FINALIZADA,SANTO AMARO,AV CRUZ CABUGA,165,"",EM FRENTE A IGREJA INTERNACIONAL DO REINO DE DEUS,AV CRUZ CABUGA,165,EM FRENTE A IGREJA INTERNACIONAL DO REINO DE DEUS,SANTO AMARO,,CIDADE,ATROPELAMENTO,ATROPELAMENTO,1,,,,1,,,,,1,,Longo da via,Bom,Não existe,Perfeito estado,Seca,Perfeito estado,Não existe,Não há placas,"",Dupla,Faixa,"",""
3919,2019-05-03T00:00:00,11:11:00,SEM VÍTIMA,FINALIZADA,SAN MARTIN,AV GENERAL SAN MARTIN,"",RUA DELMIRO GOUVEIA,"",AV GENERAL SAN MARTIN,"","",SAN MARTIN,326,"",ABALROAMENTO LONGITUDINAL,COLISÃO SEM VITIMAS,,1,,,,,1,,,0,,Cruzamento,Bom,Sem defeito,Perfeito estado,Seca,Perfeito estado,Faixa de pedestre,R-6a,"",Dupla,Faixa contínua,Faixa seccionada,""
3920,2019-05-03T00:00:00,11:13:00,SEM VÍTIMA,FINALIZADA,SANTO ANTÔNIO,RUA SIQUEIRA CAMPOS,251,AV DANTAS BARRETO,"",RUA SIQUEIRA CAMPOS,251,"",SANTO ANTÔNIO,,SUBURBIO,ABALROAMENTO LONGITUDINAL,SEM VITIMAS,1,,,,,1,,,,0,,Longo da via,Bom,Sem defeito,Perfeito estado,Seca,Mal iluminada,Não existe,Não há placas,"",Única,Faixa seccionada,"",""
3921,2019-05-03T00:00:00,12:26:00,COM VÍTIMA,FINALIZADA,BOMBA DO HEMETÉRIO,RUA BOMBA DO HEMETERIO,1293,EST VELHA DE AGUA FRIA,RODINHA,RUA BOMBA DO HEMETERIO,1293,RODINHA,BOMBA DO HEMETÉRIO,,CIDADE,ATROPELAMENTO,CAMINHÃO E CARRO DE MAÕ,,,,,1,,1,,,1,,Longo da via,Bom,Não existe,Perfeito estado,Seca,Perfeito estado,Não existe,Não há placas,"",Dupla,Canteiro central,"",""
3922,2019-05-03T00:00:00,12:48:00,COM VÍTIMA,DUPLICIDADE,ÁGUA FRIA,EST VELHA DE AGUA FRIA,"","",PROX AO POSTO DE GASOLINA QUE PEGOU FOGO,EST VELHA DE AGUA FRIA,"",PROX AO POSTO DE GASOLINA QUE PEGOU FOGO,ÁGUA FRIA,,"",COLISÃO,"COLISÃO COM VITIMA AUTO E PEDESTRE COM CARRINHO DE MÃO, SAMU ESTÁ NO LOCAL",1,,,,1,,,,,1,,"","","","","","","","","","","","",""
3923,2019-05-03T00:00:00,12:55:00,SEM VÍTIMA,FINALIZADA,PARNAMIRIM,RUA JOAO TUDE DE MELO,"","",EM FRENTE AO SHOPPING PARNAMIRIM,RUA JOAO TUDE DE MELO,"",EM FRENTE AO SHOPPING PARNAMIRIM,PARNAMIRIM,,SUBURBIO,COLISÃO TRASEIRA,COLISÃO SEM VITIMAS,3,,,,,,,,,0,,Longo da via,Bom,Não existe,Perfeito estado,Seca,Perfeito estado,Não existe,Não há placas,60 km/h,Única,Faixa seccionada,"",""
3924,2019-05-03T00:00:00,13:15:00,SEM VÍTIMA,FINALIZADA,ESTÂNCIA,AV RECIFE,3436,"",SOBRE A PONTE DA LINHA FÉRREA METROREC,AV RECIFE,3436,SOBRE A PONTE DA LINHA FÉRREA METROREC,ESTÂNCIA,,SUBURBIO,ABALROAMENTO LONGITUDINAL,COLISAO ENTRE AUTO E CAMINHAO S/V,1,,,,,,1,,,0,,Ponte,Bom,Sem defeito,Perfeito estado,Seca,Perfeito estado,Não existe,"","",Dupla,Faixa seccionada,Canteiro central,""
3925,2019-05-03T00:00:00,13:51:00,SEM VÍTIMA,FINALIZADA,BAIRRO DO RECIFE,AV MARQUES DE OLINDA,"",RUA MARIZ E BARROS,EM FRENTE AO POSTE B 015987,AV MARQUES DE OLINDA,"",EM FRENTE AO POSTE B 015987,BAIRRO DO RECIFE,,"",ABALROAMENTO LONGITUDINAL,COLISÃO SEM VÍTIMA,1,1,,,,,,,,0,,Cruzamento,Bom,Não existe,Perfeito estado,Seca,Perfeito estado,Agente,Outras,30 km/h,Única,Faixa seccionada,"",""
3926,2019-05-03T00:00:00,13:52:00,COM VÍTIMA,CANCELADA,CORDEIRO,RUA DIANOPOLIS,158,"",PROX AO POSTO PETROCAL PARALELA DA CAXANGA,RUA DIANOPOLIS,158,PROX AO POSTO PETROCAL PARALELA DA CAXANGA,CORDEIRO,,"",COLISÃO,COLISAO ENTRE MOTO AUTO COM UAM VITIMA,1,1,,,,,,,,1,,"","","","","","","","","","","","",""
3927,2019-05-03T00:00:00,14:18:00,SEM VÍTIMA,FINALIZADA,BOA VIAGEM,AV ENGENHEIRO DOMINGOS FERREIRA,"",RUA DOM JOSE LOPES,"",AV ENGENHEIRO DOMINGOS FERREIRA,"","",BOA VIAGEM,,SUBURBIO,ABALROAMENTO LONGITUDINAL,COLISÃO SEM VÍTIMA,2,,,,,,,,,0,,"",Bom,Não existe,Perfeito estado,Seca,Perfeito estado,Outros,Outras,60 km/h,Dupla,Canteiro central,"",""
3928,2019-05-03T00:00:00,14:21:00,SEM VÍTIMA,CANCELADA,BOA VIAGEM,AV FERNANDO SIMOES BARBOSA,"","",NA SAIDA DO SHOPPING RECIFE NA SAIDA DO POSTO PETROBRAS,AV FERNANDO SIMOES BARBOSA,"",NA SAIDA DO SHOPPING RECIFE NA SAIDA DO POSTO PETROBRAS,BOA VIAGEM,,"",COLISÃO,COLISAO ENTRE DOIS AUTOS S/V,2,,,,,,,,,0,,"","","","","","","","","","","","",""
3929,2019-05-03T00:00:00,14:22:00,SEM VÍTIMA,FINALIZADA,IPUTINGA,AV CAXANGA,"","",EM FRENTE AO BOI E BRASA,AV CAXANGA,"",EM FRENTE AO BOI E BRASA,IPUTINGA,,CIDADE,COLISÃO TRASEIRA,COLISÃO SEM VÍTIMA,2,,,,,,,,,0,,Longo da via,Bom,Sem defeito,Perfeito estado,Seca,Perfeito estado,Faixa de retenção,Outras,"",Dupla,Canteiro central,"",""
3930,2019-05-03T00:00:00,14:27:00,SEM VÍTIMA,FINALIZADA,VÁRZEA,RUA PROFESSOR ANTONIO COELHO,"",AV CAXANGA,"",RUA PROFESSOR ANTONIO COELHO,"","",VÁRZEA,,CIDADE,ABALROAMENTO LONGITUDINAL,COLISÃO SEM VÍTIMA,1,,,,,1,,,,0,,"",Bom,Sem defeito,Perfeito estado,Seca,Perfeito estado,Não existe,R-6a,"",Única,Faixa seccionada,"",""
3931,2019-05-03T00:00:00,14:49:00,SEM VÍTIMA,FINALIZADA,BOA VIAGEM,RUA TOME GIBSON,"",AV ENGENHEIRO DOMINGOS FERREIRA,SEMÁFORO 200 / ED STO INACIO,RUA TOME GIBSON,"",SEMÁFORO 200 / ED STO INACIO,BOA VIAGEM,200,"",COLISÃO FRONTAL,COLISAO ENTRE MOTO E AUTO S/V,1,1,,,,,,,,0,,Cruzamento,Bom,Sem defeito,Perfeito estado,Seca,Perfeito estado,Faixa de pedestre,Não há placas,"",Dupla,Não existe,"",""