_id,DATA,hora,natureza_acidente,situacao,bairro,endereco,numero,detalhe_endereco_acidente,complemento,endereco_cruzamento,numero_cruzamento,referencia_cruzamento,bairro_cruzamento,num_semaforo,sentido_via,tipo,descricao,auto,moto,ciclom,ciclista,pedestre,onibus,caminhao,viatura,outros,vitimas,vitimasfatais,acidente_verificado,tempo_clima,situacao_semaforo,sinalizacao,condicao_via,conservacao_via,ponto_controle,situacao_placa,velocidade_max_via,mao_direcao,divisao_via1,divisao_via2,divisao_via3
3932,2019-05-03T00:00:00,14:57:00,SEM VÍTIMA,CANCELADA,AFOGADOS,EST DO BONGI,"","",RUA COSME VIANA,EST DO BONGI,"",RUA COSME VIANA,AFOGADOS,100,"",COLISÃO,COLISAÕ SEN VITIMA,2,,,,,,,,,0,,"","","","","","","","","","","","",""
3933,2019-05-03T00:00:00,15:00:00,SEM VÍTIMA,FINALIZADA,BOA VIAGEM,RUA BALTAZAR PASSOS,54,"","",RUA BALTAZAR PASSOS,54,"",BOA VIAGEM,,CIDADE,ABALROAMENTO LONGITUDINAL,COLISAO ENTRE DOIS AUTOS S/V,2,,,,,,,,,0,,Cruzamento,Bom,Não existe,Perfeito estado,Seca,Perfeito estado,Não existe,Não há placas,"",Única,Não existe,"",""
3934,2019-05-03T00:00:00,15:00:00,SEM VÍTIMA,FINALIZADA,IMBIRIBEIRA,RUA ARQUITETO FERNANDO ALMEIDA,606A,"",AO LADO DO ARMAZEM ACHAQUI,RUA ARQUITETO FERNANDO ALMEIDA,606A,AO LADO DO ARMAZEM ACHAQUI,IMBIRIBEIRA,286,CIDADE,COLISÃO TRASEIRA,COLISÃO SEM VÍTIMA,2,,,,,,,,,0,,Longo da via,Bom,Sem defeito,Perfeito estado,Seca,Perfeito estado,Não existe,Não há placas,40 km/h,Única,Não existe,"",""
3935,2019-05-03T00:00:00,15:31:00,SEM VÍTIMA,CANCELADA,BOA VIAGEM,RUA DES JOAO PAES,224,"",EM FRENTE AO EXTRA,RUA DES JOAO PAES,224,EM FRENTE AO EXTRA,BOA VIAGEM,,"",COLISÃO,COLISÃO SEM VITIMAS,1,1,,,,,,,,0,,"","","","","","","","","","","","",""
3936,2019-05-03T00:00:00,15:32:00,SEM VÍTIMA,FINALIZADA,BOA VIAGEM,AV CONSELHEIRO AGUIAR,3572,"",E/F A GALERIA CORTA JACA,AV CONSELHEIRO AGUIAR,3572,E/F A GALERIA CORTA JACA,BOA VIAGEM,,CIDADE,ABALROAMENTO LONGITUDINAL,COLISAO ENTRE DOIS AUTOS S/V,2,,,,,,,,,0,,Longo da via,Bom,Não existe,Perfeito estado,Seca,Perfeito estado,Não existe,Não há placas,"",Única,Faixa contínua,"",""
3937,2019-05-03T00:00:00,15:39:00,SEM VÍTIMA,FINALIZADA,SANTO AMARO,AV CRUZ CABUGA,"",AV NORTE,"",AV CRUZ CABUGA,"","",SANTO AMARO,34,CIDADE,ABALROAMENTO LONGITUDINAL,COLISAO ENTRE AUTO E MOTO S/V,1,1,,,,,,,,0,,Cruzamento,Bom,Sem defeito,Perfeito estado,Seca,Perfeito estado,Faixa de pedestre,"","",Dupla,Faixa contínua,"",""
3938,2019-05-03T00:00:00,15:54:00,SEM VÍTIMA,CANCELADA,PAISSANDU,RUA PAISSANDU,414,"",EM FRENTE A UNIMED,RUA PAISSANDU,414,EM FRENTE A UNIMED,PAISSANDU,,"",COLISÃO,COLISÃO SEM VÍTIMA,2,,,,,,,,,0,,"","","","","","","","","","","","",""
3939,2019-05-03T00:00:00,15:58:00,SEM VÍTIMA,FINALIZADA,MADALENA,RUA BENFICA,"","",EM FRENTE AO CLUB DO INTERNACIONAL,RUA BENFICA,"",EM FRENTE AO CLUB DO INTERNACIONAL,MADALENA,515,"",ABALROAMENTO LONGITUDINAL,COLISAO ENTRE DOIS AUTOS S/V,2,,,,,,,,,0,,Longo da via,Bom,Sem defeito,Perfeito estado,Seca,Perfeito estado,Faixa de pedestre,Outras,"",Única,"","",""
3940,2019-05-03T00:00:00,16:15:00,SEM VÍTIMA,FINALIZADA,BAIRRO DO RECIFE,CAIS DO APOLO,302,AV MARQUES DE OLINDA,"",CAIS DO APOLO,302,"",BAIRRO DO RECIFE,,"",ABALROAMENTO LONGITUDINAL,COLISAO ENTRE DOIS AUTOS S/V,2,,,,,,,,,0,,Cruzamento,Bom,Sem defeito,Perfeito estado,Seca,Perfeito estado,Agente,Outras,30 km/h,Única,Faixa seccionada,"",""
3941,2019-05-03T00:00:00,16:15:00,SEM VÍTIMA,FINALIZADA,IMBIRIBEIRA,AV MARECHAL MASCARENHAS DE MORAES,"","",EM FRENTE AO ATACADO DOS PRESENTES,AV MARECHAL MASCARENHAS DE MORAES,"",EM FRENTE AO ATACADO DOS PRESENTES,IMBIRIBEIRA,310,CIDADE,ABALROAMENTO LONGITUDINAL,COLISÃO SEM VITIMA,1,,,,,,1,,,0,,Longo da via,Bom,Sem defeito,Perfeito estado,Seca,Perfeito estado,Faixa de retenção,Outras,"",Dupla,Faixa contínua,Canteiro central,""
3942,2019-05-03T00:00:00,17:18:00,SEM VÍTIMA,FINALIZADA,BOA VIAGEM,AV FERNANDO SIMOES BARBOSA,"",RUA RIBEIRO DE BRITO,"",AV FERNANDO SIMOES BARBOSA,"","",BOA VIAGEM,332,SUBURBIO,COLISÃO TRASEIRA,COLISÃO SEM VITIMAS,2,,,,,,,,,0,,Cruzamento,Bom,Sem defeito,Perfeito estado,Seca,Perfeito estado,Faixa de pedestre,Outras,60 km/h,Única,Faixa contínua,Faixa seccionada,""
3943,2019-05-03T00:00:00,18:10:00,SEM VÍTIMA,CANCELADA,AFOGADOS,LARGO DA PAZ,"","",EM FRENTE A ESTAÇAO LARGO DA PAZ,LARGO DA PAZ,"",EM FRENTE A ESTAÇAO LARGO DA PAZ,AFOGADOS,,"",COLISÃO,COLISÃO SEM VITIMA,1,,,,,,1,,,0,,"","","","","","","","","","","","",""
3944,2019-05-03T00:00:00,18:35:00,COM VÍTIMA,FINALIZADA,BOA VISTA,RUA PRINCESA IZABEL,"",RUA DO HOSPICIO,AO LADO DA CÂMERA MUNICIPAL,RUA PRINCESA IZABEL,"",AO LADO DA CÂMERA MUNICIPAL,BOA VISTA,31,CIDADE,ABALROAMENTO LONGITUDINAL,ENTRE AUTO E MOTO. C/V,1,1,,,,,,,,2,,Cruzamento,Bom,Sem defeito,Perfeito estado,Seca,Perfeito estado,Faixa de pedestre,Outras,40 km/h,Dupla,Faixa contínua,"",""
3945,2019-05-03T00:00:00,18:44:00,COM VÍTIMA,FINALIZADA,ESPINHEIRO,PTE JOAO DE BARROS,"","",ENCIMA DA PONTE JAO DE BARRO SENTIDO OLINDA,PTE JOAO DE BARROS,"",ENCIMA DA PONTE JAO DE BARRO SENTIDO OLINDA,ESPINHEIRO,,OLINDA,COLISÃO TRASEIRA,MOTO X FIESTA,1,1,,,,,,,,1,,Viaduto,Bom,Não existe,Perfeito estado,Seca,Perfeito estado,Não existe,Não há placas,"",Única,Faixa,"",""
3946,2019-05-03T00:00:00,19:08:00,SEM VÍTIMA,FINALIZADA,IMBIRIBEIRA,AV MARECHAL MASCARENHAS DE MORAES,"","","",AV MARECHAL MASCARENHAS DE MORAES,"","",IMBIRIBEIRA,279,SUBURBIO,COLISÃO TRASEIRA,MONTANA X LOGAN,2,,,,,,,,,0,,Longo da via,Bom,Sem defeito,Perfeito estado,Seca,Perfeito estado,Faixa de pedestre,R-6a,60 km/h,Única,Faixa contínua,Faixa seccionada,""
3947,2019-05-03T00:00:00,19:28:00,SEM VÍTIMA,FINALIZADA,IPSEP,RUA HELIO BRANDAO,340,RUA ALAGOAS,OXENTE GRÁFICA,RUA HELIO BRANDAO,340,OXENTE GRÁFICA,IPSEP,,SUBURBIO,ABALROAMENTO TRANSVERSAL,FIESTA X FIAT TORO,2,,,,,,,,,0,,Cruzamento,Bom,Não existe,Não existente,Seca,Mal iluminada,"",Não há placas,30 km/h,Dupla,Faixa seccionada,"",""
3948,2019-05-03T00:00:00,19:49:00,SEM VÍTIMA,CANCELADA,ROSARINHO,RUA REGUEIRA COSTA,52,"",E/F A ACADEMIA MAXFORMA,RUA REGUEIRA COSTA,52,E/F A ACADEMIA MAXFORMA,ROSARINHO,,"",COLISÃO,ENTRE AUTO E CAMINHÂO. S/V,1,,,,,,1,,,0,,"","","","","","","","","","","","",""
3949,2019-05-03T00:00:00,21:52:00,SEM VÍTIMA,FINALIZADA,TORRE,RUA REAL DA TORRE,"","",E/F AO MERCADO EXTRABOM,RUA REAL DA TORRE,"",E/F AO MERCADO EXTRABOM,TORRE,,SUBURBIO,ABALROAMENTO LONGITUDINAL,ENTRE AUTO E CAMINHÂO. S/V,1,,,,,,1,,,0,,Longo da via,Bom,Não existe,Perfeito estado,Seca,Perfeito estado,Não existe,Não há placas,40 km/h,Única,"","",""
3950,2019-05-06T00:00:00,08:52:00,SEM VÍTIMA,FINALIZADA,CASA AMARELA,AV DR EURICO CHAVES,215,"",EM FRENTE AO Nº 215,AV DR EURICO CHAVES,215,EM FRENTE AO Nº 215,CASA AMARELA,,CIDADE,ABALROAMENTO LONGITUDINAL,ONIBUS X ONIX,1,,,,,1,,,,0,,Longo da via,Bom,Não existe,Perfeito estado,Seca,Perfeito estado,Não existe,R-6a,30 km/h,Dupla,Não existe,"",""
3951,2019-05-04T00:00:00,00:55:00,SEM VÍTIMA,FINALIZADA,ENGENHO DO MEIO,AV CAXANGA,"",RUA MANOEL JOAQUIM DE ALMEIDA,"",AV CAXANGA,"","",ENGENHO DO MEIO,533,CIDADE,ABALROAMENTO TRANSVERSAL,"COLISÃO ENTRE DOIS AUTOS, SEM VÍTIMAS.",2,,,,,,,,,0,,Cruzamento,Bom,Sem defeito,Perfeito estado,Seca,Mal iluminada,Faixa de pedestre,Não há placas,60 km/h,Dupla,Canteiro central,"",""
3952,2019-05-04T00:00:00,08:03:00,COM VÍTIMA,FINALIZADA,MACAXEIRA,AV JOSE AMERICO DE ALMEIDA,79,AV NORTE,EM FRENTE A PANICADORA SANTO ANTONIO,AV JOSE AMERICO DE ALMEIDA,79,EM FRENTE A PANICADORA SANTO ANTONIO,MACAXEIRA,,CIDADE,ABALROAMENTO TRANSVERSAL,COLISÃO ENTRE AUTO E MOTO.,1,1,,,,,,,,1,,Outros,Bom,Não existe,Perfeito estado,Seca,Perfeito estado,"",Não há placas,"",Dupla,Canteiro central,"",""
3953,2019-05-04T00:00:00,08:11:00,SEM VÍTIMA,FINALIZADA,IMBIRIBEIRA,AV MARECHAL MASCARENHAS DE MORAES,2931,"","",AV MARECHAL MASCARENHAS DE MORAES,2931,"",IMBIRIBEIRA,631,CIDADE,COLISÃO TRASEIRA,SEM VITIMAS,1,,,,,,1,,,0,,Longo da via,Bom,Com defeito,Perfeito estado,Seca,Perfeito estado,Faixa de retenção,Outras,60 km/h,Única,Faixa contínua,"",""
3954,2019-05-04T00:00:00,09:09:00,SEM VÍTIMA,FINALIZADA,IMBIRIBEIRA,AV MARECHAL MASCARENHAS DE MORAES,"",RUA CORONEL FABRICIANO,AO LADO DO ATACADO DOS PRESENTES,AV MARECHAL MASCARENHAS DE MORAES,"",AO LADO DO ATACADO DOS PRESENTES,IMBIRIBEIRA,310,"",ABALROAMENTO TRANSVERSAL,SEM VITIMAS,1,,,,,1,,,,0,,Longo da via,Bom,Sem defeito,Perfeito estado,Seca,Perfeito estado,Faixa de pedestre,Não há placas,"",Dupla,Canteiro central,"",""
3955,2019-05-04T00:00:00,09:29:00,COM VÍTIMA,FINALIZADA,IMBIRIBEIRA,AV GENERAL MAC ARTHUR,"",RUA JORGE DE LIMA,EM FRENTE A GEOVANE SONDA,AV GENERAL MAC ARTHUR,"",EM FRENTE A GEOVANE SONDA,IMBIRIBEIRA,,IMBIRIBEIRA,COLISÃO COM CICLISTA,"",1,,,1,,,,,,1,,Cruzamento,Bom,Sem defeito,Perfeito estado,Seca,Perfeito estado,Faixa de retenção,Não há placas,"",Única,Faixa seccionada,"",""
3956,2019-05-04T00:00:00,10:49:00,COM VÍTIMA,FINALIZADA,BARRO,RUA DOM ANTONIO VICOSO,"",AV DR JOSE RUFINO,EM FRENTE AO COLEGIO IMACULADA,RUA DOM ANTONIO VICOSO,"",EM FRENTE AO COLEGIO IMACULADA,BARRO,,"",COLISÃO,COM VITIMA/ A SRº QUE SOLICITOU A V.T FOI AGREDIDA FISICA E VERBAL PELO CONDUTOR DA MOTO...,1,1,,,,,,,,1,,Longo da via,Bom,"",Perfeito estado,Seca,Perfeito estado,Não existe,Não há placas,"",Dupla,Não existe,"",""
3957,2019-05-04T00:00:00,11:50:00,SEM VÍTIMA,CANCELADA,IMBIRIBEIRA,AV MARECHAL MASCARENHAS DE MORAES,"",RUA JOAQUIM BANDEIRA,EM FRENTE A EUROVIA,AV MARECHAL MASCARENHAS DE MORAES,"",EM FRENTE A EUROVIA,IMBIRIBEIRA,,AEROPORTO,COLISÃO,SEM VITIMAS,1,,,,,,1,,,0,,"","","","","","","","","","","","",""
3958,2019-05-04T00:00:00,12:42:00,SEM VÍTIMA,FINALIZADA,MANGUEIRA,RUA DR JOAO ELISIO,283,"",EM FRENTE A MEGA BIKE,RUA DR JOAO ELISIO,283,EM FRENTE A MEGA BIKE,MANGUEIRA,,"",COLISÃO TRASEIRA,COLISÃO SEM VÍTIMA,2,,,,,,,,,0,,Longo da via,Bom,Não existe,Perfeito estado,Seca,Perfeito estado,Não existe,Não há placas,"",Dupla,Não existe,"",""
3959,2019-05-04T00:00:00,14:44:00,SEM VÍTIMA,FINALIZADA,BOA VIAGEM,AV ENGENHEIRO DOMINGOS FERREIRA,3904,"","",AV ENGENHEIRO DOMINGOS FERREIRA,3904,"",BOA VIAGEM,,SUBURBIO,COLISÃO TRASEIRA,COLISÃO SEM VÍTIMA,2,,,,,,,,,0,,Longo da via,Bom,Não existe,Perfeito estado,Seca,Perfeito estado,Não existe,R-6a,60 km/h,Única,Não existe,"",""
3960,2019-05-04T00:00:00,15:21:00,COM VÍTIMA,FINALIZADA,SANTO AMARO,AV CRUZ CABUGA,"","",EM FRENTE AO SANTANDER,AV CRUZ CABUGA,"",EM FRENTE AO SANTANDER,SANTO AMARO,,CIDADE,ABALROAMENTO LONGITUDINAL,COLISÃO ENTRE DUAS MOTOS.,,2,,,,,,,,2,,Longo da via,Bom,Sem defeito,Perfeito estado,Seca,Perfeito estado,Outros,R-6a,"",Dupla,Faixa seccionada,"",""
3961,2019-05-04T00:00:00,18:26:00,COM VÍTIMA,CANCELADA,ESPINHEIRO,RUA CONS PORTELA,564,"",PRÓX AO PÃO DE AÇÚCAR E RESTAURANTE TOMASEL / E/F AO EDF PORTICO,RUA CONS PORTELA,564,PRÓX AO PÃO DE AÇÚCAR E RESTAURANTE TOMASEL / E/F AO EDF PORTICO,ESPINHEIRO,,"",COLISÃO,ENTRE AUTO E MOTO. C/V,1,1,,,,,,,,1,,"","","","","","","","","","","","",""
3962,2019-05-04T00:00:00,20:23:00,COM VÍTIMA,FINALIZADA,ESTÂNCIA,AV DR JOSE RUFINO,12A,"",PROX A FABRICA YOLANDA E VILLA KIDS OBS: ENCIMA DA PONTE,AV DR JOSE RUFINO,12A,PROX A FABRICA YOLANDA E VILLA KIDS OBS: ENCIMA DA PONTE,ESTÂNCIA,,CIDADE,ABALROAMENTO LONGITUDINAL,COLISÃO ENTRE AUTO E MOTO.,1,1,,,,,,,,1,,Longo da via,Bom,Não existe,Perfeito estado,Seca,Perfeito estado,"",Não há placas,"",Dupla,Faixa contínua,"",""
3963,2019-05-04T00:00:00,20:44:00,COM VÍTIMA,FINALIZADA,VASCO DA GAMA,RUA DOIS DE FEVEREIRO,5,RUA ITAGUATIARA,NO LADO ESQUERDO QUE DA NA SUBIDA DO MORRO DA CONCEIÇÃO / E/F AO CENTRO ESPIRITA PEDRO CARNEIRO,RUA DOIS DE FEVEREIRO,5,NO LADO ESQUERDO QUE DA NA SUBIDA DO MORRO DA CONCEIÇÃO / E/F AO CENTRO ESPIRITA PEDRO CARNEIRO,VASCO DA GAMA,,SUBURBIO,ABALROAMENTO LONGITUDINAL,COLISÃO ENTRE AUTO E MOTO.,1,1,,,,,,,,1,,Cruzamento,Bom,Não existe,Não existente,Seca,Perfeito estado,"","",30 km/h,Dupla,Não existe,"",""
3964,2019-05-04T00:00:00,21:02:00,COM VÍTIMA,FINALIZADA,BOA VIAGEM,RUA DEZ DE JULHO,210,RUA CAMBOIM,PRÓX A ESTAÇÃO DE METRÔ DO AEROPORTO,RUA DEZ DE JULHO,210,PRÓX A ESTAÇÃO DE METRÔ DO AEROPORTO,BOA VIAGEM,,BOA VIAGEM,ABALROAMENTO TRANSVERSAL,COLISÃO ENTRE AUTO E MOTO.,1,1,,,,,,,,1,,Cruzamento,Bom,Não existe,Perfeito estado,Seca,Perfeito estado,"",Placas Pare,"",Única,Faixa seccionada,"",""
3965,2019-05-05T00:00:00,01:05:00,SEM VÍTIMA,FINALIZADA,IMBIRIBEIRA,AV DOM JOAO VI,"",RUA PEDRO PAES DE MENDONCA,"",AV DOM JOAO VI,"","",IMBIRIBEIRA,543,"",ABALROAMENTO TRANSVERSAL,COLISÃO ENTRE DOIS AUTOS S/V,2,,,,,,,,,0,,Cruzamento,Bom,Sem defeito,Perfeito estado,Seca,Perfeito estado,Faixa de pedestre,Não há placas,60 km/h,Dupla,Canal,"",""
3966,2019-05-05T00:00:00,08:14:00,COM VÍTIMA,FINALIZADA,BOA VISTA,RUA BARAO DE SAO BORJA,"",RUA JOSE DE ALENCAR,AOLAOD DO HOTEL BOA VISTA,RUA BARAO DE SAO BORJA,"",AOLAOD DO HOTEL BOA VISTA,BOA VISTA,,SUBURBIO,ABALROAMENTO TRANSVERSAL,COLISÃO ENTRE AUTO E MOTO.,1,1,,,,,,,,2,,Cruzamento,Bom,Não existe,Perfeito estado,Seca,Perfeito estado,Não existe,Não há placas,"",Única,Não existe,"",""
3967,2019-05-05T00:00:00,10:58:00,SEM VÍTIMA,FINALIZADA,ILHA DO LEITE,RUA ESTADO DE ISRAEL,228,"","",RUA ESTADO DE ISRAEL,228,"",ILHA DO LEITE,,CIDADE,CHOQUE VEÍCULO PARADO,COLISÃO S/ VITIMA ENTRE QUATRO AUTOS E UMA MOTO,4,,,,,,,,,0,,Longo da via,Bom,Não existe,Perfeito estado,Seca,Perfeito estado,Não existe,R-6a,"",Única,Faixa seccionada,"",""
3968,2019-05-05T00:00:00,12:23:00,SEM VÍTIMA,FINALIZADA,"",AV GOVERNADOR AGAMENON MAGALHAES,"","",SOBRE O VIADUTO JOÃO DE BARROS,AV GOVERNADOR AGAMENON MAGALHAES,"",SOBRE O VIADUTO JOÃO DE BARROS,"",,"",ABALROAMENTO LONGITUDINAL,COLISÃO SEM VITIMA,2,,,,,,,,,0,,Viaduto,Bom,Não existe,Perfeito estado,Seca,Perfeito estado,Não existe,Não há placas,60 km/h,Única,Faixa contínua,"",""
3969,2019-05-05T00:00:00,14:12:00,COM VÍTIMA,FINALIZADA,IMBIRIBEIRA,VIADUTO TANCREDO NEVES,"","",SOBRE O VIADUTO TANCREDO NEVES,VIADUTO TANCREDO NEVES,"",SOBRE O VIADUTO TANCREDO NEVES,IMBIRIBEIRA,,BOA VIAGEM,CHOQUE OBJETO FIXO,MOTOCICLETA CHOCOU COM A MURETA DO VIADUTO TANCREDO NEVES,,1,,,,,,,,2,,Viaduto,Bom,Não existe,Não existente,Seca,Perfeito estado,Não existe,Não há placas,60 km/h,Única,Faixa seccionada,"",""
3970,2019-05-05T00:00:00,14:36:00,SEM VÍTIMA,FINALIZADA,CASA AMARELA,AV NORTE,4413,AV PROFESSOR JOSE DOS ANJOS,LADO OPOSTO AO SESC CASA AMARELA,AV NORTE,4413,LADO OPOSTO AO SESC CASA AMARELA,CASA AMARELA,364,CIDADE,COLISÃO TRASEIRA,COLISÃO SEM VITIMAS,2,,,,,,,,,0,,Cruzamento,Bom,Sem defeito,Perfeito estado,Seca,Perfeito estado,Faixa de pedestre,Outras,"",Dupla,Blocos,"",""
3971,2019-05-05T00:00:00,15:00:00,SEM VÍTIMA,FINALIZADA,ILHA DO RETIRO,RUA SPORT CLUBE DO RECIFE,"","",E/F A ENTRADA DO PARQUE AQUATICO,RUA SPORT CLUBE DO RECIFE,"",E/F A ENTRADA DO PARQUE AQUATICO,ILHA DO RETIRO,,CIDADE,ABALROAMENTO LONGITUDINAL,ONIBUS E AUTO PASSEIO SEM VITIMAS,1,,,,,1,,,,0,,Longo da via,Bom,Não existe,Perfeito estado,Seca,Perfeito estado,Não existe,Outras,"",Dupla,Canteiro central,"",""
3972,2019-05-05T00:00:00,15:43:00,COM VÍTIMA,FINALIZADA,SÃO JOSÉ,AV ENGENHEIRO JOSE ESTELITA,"","",PRÓXIMO AOS GALPÕES E À LOMBADA ELETRÔNICA.,AV ENGENHEIRO JOSE ESTELITA,"",PRÓXIMO AOS GALPÕES E À LOMBADA ELETRÔNICA.,SÃO JOSÉ,,SUBURBIO,CHOQUE OBJETO FIXO,AUTO CHOCOU-SE COM ÁRVORE.,1,,,,,,,,,1,,Longo da via,Bom,Não existe,Perfeito estado,Seca,Perfeito estado,Não existe,Não há placas,"",Dupla,Canteiro central,"",""
3973,2019-05-05T00:00:00,15:53:00,SEM VÍTIMA,CANCELADA,IBURA,AV DOIS RIOS,"","",E/F CLUBE SESI,AV DOIS RIOS,"",E/F CLUBE SESI,IBURA,594,"",COLISÃO,DOIS AUTO SEM VITIMAS,2,,,,,,,,,0,,"","","","","","","","","","","","",""
3974,2019-05-05T00:00:00,16:29:00,COM VÍTIMA,FINALIZADA,IBURA,RUA DR BENIGNO JORDAO DE VASCONCELOS,405,"",NA SUBIDA DO R2,RUA DR BENIGNO JORDAO DE VASCONCELOS,405,NA SUBIDA DO R2,IBURA,,"",ABALROAMENTO LONGITUDINAL,"COLISÃO COM VITIMA, AGUARDANDO NO LOCAL",2,1,,,,,,,,1,,Longo da via,Bom,Não existe,Não existente,Seca,Perfeito estado,Não existe,Não há placas,"",Dupla,Não existe,"",""
3975,2019-05-05T00:00:00,16:45:00,SEM VÍTIMA,FINALIZADA,JIQUIÁ,RUA PRINCIPE DA BEIRA,"",RUA ELIZEU CESAR,"",RUA PRINCIPE DA BEIRA,"","",JIQUIÁ,,CIDADE,ABALROAMENTO LONGITUDINAL,COLISÃO SEM VITIMAS,2,,,,,,,,,0,,Longo da via,Bom,Não existe,Não existente,Seca,Perfeito estado,Não existe,Não há placas,"",Dupla,Não existe,"",""
3976,2019-05-05T00:00:00,18:18:00,SEM VÍTIMA,FINALIZADA,SAN MARTIN,RUA ARSENIO CALACA,23,"",AO LADO DO ESTACIONAMENTO DA CHESF,RUA ARSENIO CALACA,23,AO LADO DO ESTACIONAMENTO DA CHESF,SAN MARTIN,,SUBURBIO,CHOQUE OBJETO FIXO,VEICULO E MURO DE UMA RESIDENCIA,1,,,,,,,,1,0,,Longo da via,Bom,Não existe,Perfeito estado,Seca,"",Não existe,Placas Pare,"",Dupla,Não existe,"",""
3977,2019-05-05T00:00:00,18:43:00,COM VÍTIMA,FINALIZADA,ESPINHEIRO,AV JOAO DE BARROS,1420,RUA DA HORA,PRÓX AO EXTRA / ESQUINA COM O POSTO SHELL,AV JOAO DE BARROS,1420,PRÓX AO EXTRA / ESQUINA COM O POSTO SHELL,ESPINHEIRO,,SUBURBIO,ABALROAMENTO TRANSVERSAL,ENTRE AUTO E MOTO. C/V,1,1,,,,,,,,1,,Cruzamento,Bom,Não existe,Perfeito estado,Seca,Perfeito estado,Não existe,Outras,"",Única,Faixa seccionada,"",""
3978,2019-05-05T00:00:00,18:48:00,SEM VÍTIMA,CANCELADA,BOA VIAGEM,AV CONSELHEIRO AGUIAR,3645,RUA WILFRID RUSSEL SHORTO,PROX AO BANCO ITAU E FRUTARIA,AV CONSELHEIRO AGUIAR,3645,PROX AO BANCO ITAU E FRUTARIA,BOA VIAGEM,,"",COLISÃO,ECOSPORT X FORD K X AUTO,3,,,,,,,,,0,,"","","","","","","","","","","","",""
3979,2019-05-05T00:00:00,20:05:00,SEM VÍTIMA,FINALIZADA,ÁGUA FRIA,RUA ALEGRE,309,"",MAGO PEÇAS E SERVIÇOS,RUA ALEGRE,309,MAGO PEÇAS E SERVIÇOS,ÁGUA FRIA,,SUBURBIO,COLISÃO TRASEIRA,HB 20 X FIAT X CHEVROLET CRUZ,3,,,,,,,,,0,,Longo da via,Bom,Não existe,Perfeito estado,Seca,Perfeito estado,Não existe,Não há placas,30 km/h,Única,Faixa seccionada,"",""
3980,2019-05-05T00:00:00,22:43:00,COM VÍTIMA,FINALIZADA,AREIAS,AV DR JOSE RUFINO,"",RUA AIRES BELO,E/F AO ARMAZÉM CORAL / SEMÁFORO 491,AV DR JOSE RUFINO,"",E/F AO ARMAZÉM CORAL / SEMÁFORO 491,AREIAS,,"",COLISÃO FRONTAL,ENTRE AUTO E MOTO. C/V,1,1,,,,,,,,1,,Esquina,Bom,Não existe,Incompleta,Seca,Mal iluminada,Não existe,Outras,"",Dupla,Faixa contínua,Faixa seccionada,""
3981,2019-05-05T00:00:00,23:20:00,SEM VÍTIMA,FINALIZADA,BOA VIAGEM,RUA VISCONDE DE JEQUITINHONHA,2269,"",E/F AO EDF DUQUE WINDSOR,RUA VISCONDE DE JEQUITINHONHA,2269,E/F AO EDF DUQUE WINDSOR,BOA VIAGEM,,CIDADE,CHOQUE VEÍCULO PARADO,"CONDUTOR RESPONSÁVEL PELO ENGAVETAMENTO APRESENTOU SINAIS DE EMBRIAGUEZ E ACABOU SE EVADINDO DO LOCAL. O SD INFORMA QUE OS VEÍCULOS ENVOLVIDOS FICARAM BASTANTE IMPRENSADOS UNS AOS OUTROS, TODOS ESTAVAM ESTACIONADOS, SENDO ASSIM, NÃO FOI POSSÍVEL REPASSAR AS PLACAS ) S/V",3,,,,,,1,,,0,,Longo da via,Bom,Não existe,Perfeito estado,Seca,Perfeito estado,"",R-6a,30 km/h,Única,"","",""
3982,2019-05-06T00:00:00,06:26:00,SEM VÍTIMA,FINALIZADA,SÃO JOSÉ,RUA IMPERADOR PEDRO SEGUNDO,"",RUA SIQUEIRA CAMPOS,SEMÁFORO 206,RUA IMPERADOR PEDRO SEGUNDO,"",SEMÁFORO 206,SÃO JOSÉ,206,CIDADE,ABALROAMENTO TRANSVERSAL,COLISÃO SEM VITIMAS,1,,,,,1,,,,0,,Cruzamento,Bom,Intermitente,"",Seca,Perfeito estado,Outros,Outras,"",Única,Não existe,"",""
3983,2019-05-06T00:00:00,07:00:00,SEM VÍTIMA,FINALIZADA,JORDÃO,AV MARIA IRENE,23,"",EM FRENTE A CINDACTA,AV MARIA IRENE,23,EM FRENTE A CINDACTA,JORDÃO,,SUBURBIO,COLISÃO TRASEIRA,DOIS AUTOS,2,,,,,,,,,0,,Longo da via,Bom,Não existe,Não existente,Seca,Mal conservada,Não existe,Não há placas,"",Dupla,Não existe,"",""
3984,2019-05-06T00:00:00,07:33:00,SEM VÍTIMA,FINALIZADA,IPSEP,AV RAIMUNDO DINIZ,123,"",RUA COSTA E SILVA,AV RAIMUNDO DINIZ,123,RUA COSTA E SILVA,IPSEP,,SUBURBIO,ABALROAMENTO LONGITUDINAL,DOIS AUTOS,2,,,,,,,,,0,,Cruzamento,Bom,Não existe,Incompleta,Seca,Mal conservada,Não existe,"","",Dupla,Não existe,"",""
3985,2019-05-06T00:00:00,08:28:00,SEM VÍTIMA,FINALIZADA,IMBIRIBEIRA,AV MARECHAL MASCARENHAS DE MORAES,2303,"",CARROCERIAS PROGRESSO,AV MARECHAL MASCARENHAS DE MORAES,2303,CARROCERIAS PROGRESSO,IMBIRIBEIRA,98,SUBURBIO,ABALROAMENTO LONGITUDINAL,COLISÃO SEM VITIMAS,1,,,,,,1,,,0,,Longo da via,Bom,Sem defeito,Perfeito estado,Seca,Perfeito estado,Não existe,Não há placas,60 km/h,Dupla,Canteiro central,"",""