_id,DATA,hora,natureza_acidente,situacao,bairro,endereco,numero,detalhe_endereco_acidente,complemento,endereco_cruzamento,numero_cruzamento,referencia_cruzamento,bairro_cruzamento,num_semaforo,sentido_via,tipo,descricao,auto,moto,ciclom,ciclista,pedestre,onibus,caminhao,viatura,outros,vitimas,vitimasfatais,acidente_verificado,tempo_clima,situacao_semaforo,sinalizacao,condicao_via,conservacao_via,ponto_controle,situacao_placa,velocidade_max_via,mao_direcao,divisao_via1,divisao_via2,divisao_via3
3986,2019-05-06T00:00:00,09:11:00,SEM VÍTIMA,FINALIZADA,BOA VIAGEM,AV DES JOSE NEVES,"",RUA BARAO DE SOUZA LEAO,AO LADO DO SUPERMERCADO TREVO,AV DES JOSE NEVES,"",AO LADO DO SUPERMERCADO TREVO,BOA VIAGEM,476,SUBURBIO,ABALROAMENTO LONGITUDINAL,SEM VITIMA,1,1,,,,,,,,0,,Cruzamento,Bom,Sem defeito,Perfeito estado,Seca,Perfeito estado,Faixa de pedestre,Outras,"","","","",""
3987,2019-05-06T00:00:00,09:34:00,SEM VÍTIMA,CANCELADA,MADALENA,AV ENGENHEIRO ABDIAS DE CARVALHO,1394,"","EM FRENTE AO MARTELINHO DE OURO, SENT. CIDADE",AV ENGENHEIRO ABDIAS DE CARVALHO,1394,"EM FRENTE AO MARTELINHO DE OURO, SENT. CIDADE",MADALENA,,"",COLISÃO,TRES AUTOS,3,,,,,,,,,0,,"","","","","","","","","","","","",""
3988,2019-05-06T00:00:00,09:52:00,SEM VÍTIMA,FINALIZADA,ESPINHEIRO,RUA DO ESPINHEIRO,"",RUA AMELIA,SOB O SEMÁFORO,RUA DO ESPINHEIRO,"",SOB O SEMÁFORO,ESPINHEIRO,195,CIDADE,ABALROAMENTO LONGITUDINAL,DOIS AUTOS VT 02 NO QTA,1,,,,,,1,,,0,,Cruzamento,Bom,Sem defeito,Perfeito estado,Seca,Perfeito estado,Faixa de pedestre,Outras,"",Única,Faixa contínua,"",""
3989,2019-05-06T00:00:00,10:37:00,COM VÍTIMA,FINALIZADA,IMBIRIBEIRA,RUA ARQUITETO LUIZ NUNES,245,AV ENGENHEIRO ALVES DE SOUZA,EM FRENTE A FARMACIA DROGASIL,RUA ARQUITETO LUIZ NUNES,245,EM FRENTE A FARMACIA DROGASIL,IMBIRIBEIRA,634,CIDADE,ABALROAMENTO TRANSVERSAL,MOTO E AUTO,1,1,,,,,,,,1,,Cruzamento,Bom,Sem defeito,Perfeito estado,Seca,Perfeito estado,Faixa de pedestre,Outras,"",Dupla,Faixa contínua,"",""
3990,2019-05-06T00:00:00,10:49:00,SEM VÍTIMA,FINALIZADA,DERBY,RUA JORNALISTA PAULO BITTENCOURT,"","",AO LADO DO HOSPITAL DA RESTAURAÇÃO,RUA JORNALISTA PAULO BITTENCOURT,"",AO LADO DO HOSPITAL DA RESTAURAÇÃO,DERBY,,SUBURBIO,ABALROAMENTO LONGITUDINAL,SEM VITIMAS,2,,,,,,,,,0,,Longo da via,Bom,Não existe,Incompleta,Seca,Perfeito estado,Não existe,R-6b,"",Dupla,Não existe,"",""
3991,2019-05-06T00:00:00,12:14:00,SEM VÍTIMA,FINALIZADA,BOA VISTA,RUA AURORA,"","",SOB O SEMÁFORO 22,RUA AURORA,"",SOB O SEMÁFORO 22,BOA VISTA,22,SUBURBIO,ABALROAMENTO LONGITUDINAL,COLISAÕ SEM VITIMAS,1,,,,,1,,,,0,,Cruzamento,Bom,Sem defeito,Perfeito estado,Seca,Perfeito estado,Faixa de pedestre,"","",Única,"","",""
3992,2019-05-06T00:00:00,13:09:00,SEM VÍTIMA,FINALIZADA,ÁGUA FRIA,RUA LADEIRA DE PEDRA,"","",EM FRENTE AO Nº 1271,RUA LADEIRA DE PEDRA,"",EM FRENTE AO Nº 1271,ÁGUA FRIA,,SUBURBIO,ABALROAMENTO LONGITUDINAL,COLISÃO SEM VÍTIMA,1,,,,,1,,,,0,,Longo da via,Bom,Não existe,Não existente,Seca,Perfeito estado,"",Não há placas,"",Dupla,"","",""
3993,2019-05-06T00:00:00,14:49:00,SEM VÍTIMA,FINALIZADA,DERBY,AV GOVERNADOR AGAMENON MAGALHAES,3855,"",E/F MAFRE SEGUROS,AV GOVERNADOR AGAMENON MAGALHAES,3855,E/F MAFRE SEGUROS,DERBY,,SUBURBIO,COLISÃO TRASEIRA,COLISAO ENTRE DOIS AUTOS S/V,2,,,,,,,,,0,,Longo da via,Bom,Não existe,Perfeito estado,Seca,Perfeito estado,Não existe,Não há placas,60 km/h,Única,Faixa seccionada,"",""
3994,2019-05-06T00:00:00,15:10:00,SEM VÍTIMA,FINALIZADA,SANTO AMARO,RUA DR CARLOS CHAGAS,136,"",EM FRENTE A GALERIA DE Nº 135,RUA DR CARLOS CHAGAS,136,EM FRENTE A GALERIA DE Nº 135,SANTO AMARO,,SUBURBIO,ABALROAMENTO LONGITUDINAL,COLISÃO SEM VÍTIMA ( VT 12 NO LOCAL),2,,,,,,,,,0,,Longo da via,Bom,Não existe,Perfeito estado,Seca,Perfeito estado,Não existe,R-6a,"",Única,Não existe,"",""
3995,2019-05-06T00:00:00,16:52:00,SEM VÍTIMA,FINALIZADA,AREIAS,AV RECIFE,"","",LADO OPOSTO A FARMÁCIA PAGUE MENOS E AO Nº 844,AV RECIFE,"",LADO OPOSTO A FARMÁCIA PAGUE MENOS E AO Nº 844,AREIAS,,SUBURBIO,ABALROAMENTO LONGITUDINAL,COLISAO S/VITIMA ENTRE CAMINHÃO E AUTO,1,,,,,,1,,,0,,Longo da via,Bom,Sem defeito,Perfeito estado,Seca,Perfeito estado,Não existe,Não há placas,60 km/h,Única,Faixa seccionada,"",""
3996,2019-05-06T00:00:00,17:16:00,SEM VÍTIMA,FINALIZADA,ESPINHEIRO,RUA DR BANDEIRA FILHO,"",AV GOVERNADOR AGAMENON MAGALHAES,SOB O SEMÁFORO 173,RUA DR BANDEIRA FILHO,"",SOB O SEMÁFORO 173,ESPINHEIRO,173,SUBURBIO,COLISÃO TRASEIRA,COLISÃO SEM VITIMAS,1,1,,,,,,,,0,,Cruzamento,Bom,Sem defeito,Perfeito estado,Seca,Perfeito estado,"",Não há placas,60 km/h,Única,Faixa contínua,"",""
3997,2019-05-06T00:00:00,18:46:00,COM VÍTIMA,FINALIZADA,TORREÃO,AV GOVERNADOR AGAMENON MAGALHAES,"",RUA CANDIDO LACERDA,"POR BAIXO DO VIADUTO DA AV NORTE, SNT BV",AV GOVERNADOR AGAMENON MAGALHAES,"","POR BAIXO DO VIADUTO DA AV NORTE, SNT BV",TORREÃO,,CIDADE,ATROPELAMENTO,ENTRE E MOTO E PEDESTRE,,1,,,1,,,,,1,,Longo da via,Bom,Não existe,Perfeito estado,Seca,Perfeito estado,Não existe,Outras,60 km/h,Dupla,Canal,"",""
3998,2019-05-06T00:00:00,19:09:00,COM VÍTIMA,CANCELADA,SANTO AMARO,AV GOVERNADOR AGAMENON MAGALHAES,"","","POR CIMA DO VIADUTO DO SHOPPING TACARUNA, SNT OLINDA",AV GOVERNADOR AGAMENON MAGALHAES,"","POR CIMA DO VIADUTO DO SHOPPING TACARUNA, SNT OLINDA",SANTO AMARO,,"",ENGAVETAMENTO,ENTRE 3 AUTOS. C/V,3,,,,,,,,,1,,"","","","","","","","","","","","",""
3999,2019-05-06T00:00:00,19:53:00,SEM VÍTIMA,FINALIZADA,ÁGUA FRIA,AV BEBERIBE,"","",SEMÁFORO 153,AV BEBERIBE,"",SEMÁFORO 153,ÁGUA FRIA,153,CIDADE,ABALROAMENTO LONGITUDINAL,ENTRE 2 AUTOS. SV,2,,,,,,,,,0,,Longo da via,Bom,Sem defeito,Perfeito estado,Seca,Perfeito estado,Faixa de pedestre,Outras,"",Dupla,Faixa seccionada,"",""
4000,2019-05-06T00:00:00,20:38:00,SEM VÍTIMA,FINALIZADA,TOTÓ,AV TEMPO FELIZ,"",AV TEMPO FELIZ,SAUDE PHARMA,AV TEMPO FELIZ,"",SAUDE PHARMA,TOTÓ,,SUBURBIO,ABALROAMENTO LONGITUDINAL,ONIBUS E AUTO PASSEIO,1,,,,,1,,,,0,,"",Bom,Não existe,Perfeito estado,Seca,Perfeito estado,Agente,Não há placas,"",Dupla,Não existe,"",""
4001,2019-05-06T00:00:00,21:18:00,SEM VÍTIMA,CANCELADA,VASCO DA GAMA,RUA VASCO DA GAMA,"",AV NORTE,SEMÁFORO 066 / PRÓX A PIZZARIA PASSIRA,RUA VASCO DA GAMA,"",SEMÁFORO 066 / PRÓX A PIZZARIA PASSIRA,VASCO DA GAMA,,"",COLISÃO,"ENTRE ENTRE 2 AUTOS, S/V",2,,,,,,,,,0,,"","","","","","","","","","","","",""
4002,2019-05-06T00:00:00,21:50:00,SEM VÍTIMA,FINALIZADA,GRAÇAS,AV RUI BARBOSA,"",RUA ALBERTO PAIVA,CHEVROLET PEDRAGON,AV RUI BARBOSA,"",CHEVROLET PEDRAGON,GRAÇAS,305,CIDADE,ABALROAMENTO LONGITUDINAL,ENTRE ÕNIBUS E AUTO PASSEIO. S/V,1,,,,,1,,,,0,,Cruzamento,Bom,Sem defeito,Perfeito estado,Seca,Perfeito estado,"",Outras,"",Única,Faixa contínua,Faixa seccionada,""
4003,2019-05-06T00:00:00,22:19:00,SEM VÍTIMA,FINALIZADA,BOA VISTA,RUA GERVASIO PIRES,271,"",PRÓXIMO AOS CORREIOS,RUA GERVASIO PIRES,271,PRÓXIMO AOS CORREIOS,BOA VISTA,,SUBURBIO,COLISÃO TRASEIRA,DOIS AUTO SEM VITIMAS,2,,,,,,,,,0,,Longo da via,Bom,Sem defeito,Perfeito estado,Seca,Perfeito estado,Faixa de pedestre,R-6a,"",Única,Não existe,"",""
4004,2019-05-07T00:00:00,06:31:00,SEM VÍTIMA,FINALIZADA,PAISSANDU,RUA PAISSANDU,581,"",EM FRENTE AO BANCO BRADESCO,RUA PAISSANDU,581,EM FRENTE AO BANCO BRADESCO,PAISSANDU,,CIDADE,ABALROAMENTO LONGITUDINAL,COLISÃO SEM VITIMAS,1,,,,,1,,,,0,,Longo da via,Bom,Não existe,Perfeito estado,Seca,Perfeito estado,Não existe,Não há placas,"",Dupla,Canteiro central,"",""
4005,2019-05-07T00:00:00,06:57:00,COM VÍTIMA,FINALIZADA,AFLITOS,AV SANTOS DUMONT,226,"",EM FRENTE A AILSON MOVEIS,AV SANTOS DUMONT,226,EM FRENTE A AILSON MOVEIS,AFLITOS,,SUBURBIO,ABALROAMENTO LONGITUDINAL,AUTO E MOTO.,1,1,,,,,,,,1,,Longo da via,Bom,Não existe,Perfeito estado,Seca,Perfeito estado,Não existe,Não há placas,40 km/h,Única,Não existe,"",""
4006,2019-05-07T00:00:00,07:04:00,SEM VÍTIMA,FINALIZADA,DERBY,PRC DO DERBY,201,"",EM FRENTE AO Nº 201,PRC DO DERBY,201,EM FRENTE AO Nº 201,DERBY,,CIDADE,ABALROAMENTO TRANSVERSAL,ONIBUS E AUTO PASSEIO,1,,,,,1,,,,0,,Longo da via,Bom,Não existe,Perfeito estado,Seca,Perfeito estado,"","","",Única,Faixa seccionada,"",""
4007,2019-05-07T00:00:00,07:30:00,SEM VÍTIMA,FINALIZADA,AFLITOS,AV CONS ROSA E SILVA,1283,"","",AV CONS ROSA E SILVA,1283,"",AFLITOS,,SUBURBIO,ABALROAMENTO LONGITUDINAL,"",1,,,,,1,,,,0,,Longo da via,Bom,Não existe,Perfeito estado,Seca,Perfeito estado,Não existe,R-6a,"",Única,Faixa seccionada,"",""
4008,2019-05-07T00:00:00,08:24:00,SEM VÍTIMA,FINALIZADA,DERBY,PRC DO DERBY,"","",EM FRENTE A ESTAÇÃO DO BRT,PRC DO DERBY,"",EM FRENTE A ESTAÇÃO DO BRT,DERBY,,CIDADE,ABALROAMENTO LONGITUDINAL,COLISÃO SEM VITIMAS,1,,,,,,1,,,0,,Longo da via,Bom,Sem defeito,Perfeito estado,Seca,Perfeito estado,"","","",Única,"","",""
4009,2019-05-07T00:00:00,08:58:00,SEM VÍTIMA,FINALIZADA,DERBY,AV GOVERNADOR AGAMENON MAGALHAES,138,"",EM FRENTE A FACE IMAGEM,AV GOVERNADOR AGAMENON MAGALHAES,138,EM FRENTE A FACE IMAGEM,DERBY,,"",COLISÃO TRASEIRA,SEM VITIMAS,3,,,,,,,,,0,,Longo da via,Bom,Sem defeito,Perfeito estado,Seca,Perfeito estado,"","",60 km/h,Dupla,Faixa seccionada,"",""
4010,2019-05-07T00:00:00,09:08:00,SEM VÍTIMA,FINALIZADA,MADALENA,AV BEIRA RIO,"",RUA JOSE OSORIO,SEMÁFORO 387,AV BEIRA RIO,"",SEMÁFORO 387,MADALENA,387,"",ABALROAMENTO TRANSVERSAL,COLISÃO SEM VITIMAS,1,1,,,,,,,,0,,Cruzamento,Bom,Sem defeito,Perfeito estado,Seca,Perfeito estado,Agente,"","","",Faixa contínua,"",""
4011,2019-05-07T00:00:00,10:42:00,SEM VÍTIMA,FINALIZADA,ILHA DO LEITE,RUA JOSE DE ALENCAR,311,RUA ESPERANCA,RESTAURANTE VÓ MARIA,RUA JOSE DE ALENCAR,311,RESTAURANTE VÓ MARIA,ILHA DO LEITE,,CIDADE,ABALROAMENTO TRANSVERSAL,COLISÃO S/VITIMA ENTRE UMA AMBULANCIA E UM AUTO,1,,,,,,,1,,0,,"",Bom,Não existe,Incompleta,Seca,Perfeito estado,Não existe,Não há placas,"",Dupla,Não existe,"",""
4012,2019-05-07T00:00:00,12:19:00,SEM VÍTIMA,FINALIZADA,VÁRZEA,AV AFONSO OLINDENSE,1513,"",E/F A A SECRETARIA DE EDUCAÇÃO,AV AFONSO OLINDENSE,1513,E/F A A SECRETARIA DE EDUCAÇÃO,VÁRZEA,,SUBURBIO,ABALROAMENTO TRANSVERSAL,AUTO E MOTO SEM VITIMAS,1,1,,,,,,,,0,,Longo da via,Bom,Não existe,"",Seca,Perfeito estado,Faixa de pedestre,Não há placas,"",Dupla,Faixa contínua,Faixa seccionada,""
4013,2019-05-07T00:00:00,12:39:00,SEM VÍTIMA,FINALIZADA,MADALENA,AV VISCONDE DE ALBUQUERQUE,862,"","",AV VISCONDE DE ALBUQUERQUE,862,"",MADALENA,,"",COLISÃO TRASEIRA,DOIS AUTO SEM VITIMAS,2,,,,,,,,,0,,Longo da via,Bom,Não existe,Perfeito estado,Seca,Perfeito estado,Não existe,R-6a,"",Única,Faixa seccionada,"",""
4014,2019-05-07T00:00:00,13:18:00,SEM VÍTIMA,FINALIZADA,BOA VIAGEM,RUA TENENTE DOMINGOS DE BRITO,314,"",EMPRESARIAL CONLAR,RUA TENENTE DOMINGOS DE BRITO,314,EMPRESARIAL CONLAR,BOA VIAGEM,330,"",COLISÃO TRASEIRA,DOIS AUTO SEM VITIMAS,2,,,,,,,,,0,,Longo da via,Bom,Sem defeito,Perfeito estado,Seca,Perfeito estado,Não existe,R-6a,"",Única,Não existe,"",""
4015,2019-05-07T00:00:00,15:03:00,SEM VÍTIMA,FINALIZADA,NOVA DESCOBERTA,AV VEREADOR OTACILIO AZEVEDO,"","",PRÓXIMO A UPA DO BAIRRO DE NOVA DESCOBERTA,AV VEREADOR OTACILIO AZEVEDO,"",PRÓXIMO A UPA DO BAIRRO DE NOVA DESCOBERTA,NOVA DESCOBERTA,,"",COLISÃO TRASEIRA,COLISÃO ENTRE DOIS AUTOS SEM VÍTIMA,1,,,,,,,,,0,,Longo da via,Bom,Não existe,Incompleta,Seca,Perfeito estado,Não existe,Outras,"",Única,Não existe,"",""
4016,2019-05-07T00:00:00,15:15:00,SEM VÍTIMA,FINALIZADA,IMBIRIBEIRA,AV MARECHAL MASCARENHAS DE MORAES,"","",EM FRENTE A VENEZA CONSTRUÇÕES,AV MARECHAL MASCARENHAS DE MORAES,"",EM FRENTE A VENEZA CONSTRUÇÕES,IMBIRIBEIRA,,SUBURBIO,COLISÃO TRASEIRA,AUTO E MOTO SEM VITIMAS,1,1,,,,,,,,0,,Longo da via,Bom,Não existe,Perfeito estado,Seca,Perfeito estado,Outros,"",60 km/h,Dupla,Canteiro central,"",""
4017,2019-05-07T00:00:00,15:54:00,COM VÍTIMA,FINALIZADA,CASA AMARELA,RUA XAVANTES,177,RUA OSCAR DE BARROS,PROX AO MERCADO DE CASA AMARELA,RUA XAVANTES,177,PROX AO MERCADO DE CASA AMARELA,CASA AMARELA,,SUBURBIO,ABALROAMENTO TRANSVERSAL,AUTO E MOTO.,1,1,,,,,,,,1,,Cruzamento,Bom,Não existe,Perfeito estado,Seca,Perfeito estado,Não existe,Placas Pare,40 km/h,Dupla,Faixa seccionada,"",""
4018,2019-05-07T00:00:00,16:15:00,SEM VÍTIMA,FINALIZADA,GRAÇAS,AV RUI BARBOSA,"",RUA ALBERTO PAIVA,POR TRAS DA PEDRAGON,AV RUI BARBOSA,"",POR TRAS DA PEDRAGON,GRAÇAS,305,"",ABALROAMENTO LONGITUDINAL,DOIS AUTO SEM VITIMAS,2,,,,,,,,,0,,Cruzamento,Bom,Sem defeito,Perfeito estado,Seca,Perfeito estado,Faixa de pedestre,Outras,"",Única,Faixa seccionada,"",""
4019,2019-05-07T00:00:00,16:23:00,SEM VÍTIMA,CANCELADA,SAN MARTIN,RUA DELMIRO GOUVEIA,"","",E/F A CHEFSF,RUA DELMIRO GOUVEIA,"",E/F A CHEFSF,SAN MARTIN,586,"",COLISÃO,DOIS AUTO SEM VITIMAS,2,,,,,,,,,0,,"","","","","","","","","","","","",""
4020,2019-05-07T00:00:00,16:52:00,SEM VÍTIMA,FINALIZADA,ESTÂNCIA,AV DR JOSE RUFINO,"","",EM FRENTE AO COLEGIO DECISÃO,AV DR JOSE RUFINO,"",EM FRENTE AO COLEGIO DECISÃO,ESTÂNCIA,,CIDADE,ABALROAMENTO LONGITUDINAL,CARRETA E UM AUTO PASSEIO,1,,,,,,1,,,0,,Longo da via,Bom,Não existe,Ilegível,Seca,Perfeito estado,Não existe,R-6a,"",Dupla,Faixa contínua,"",""
4021,2019-05-07T00:00:00,17:03:00,SEM VÍTIMA,FINALIZADA,CASA AMARELA,RUA VASCO DA GAMA,34,AV NORTE,"",RUA VASCO DA GAMA,34,"",CASA AMARELA,66,"",ABALROAMENTO LONGITUDINAL,COLISÃO SEM VÍTIMA,2,,,,,,,,,0,,Longo da via,Bom,Sem defeito,Perfeito estado,Seca,Perfeito estado,Não existe,Outras,"",Dupla,Não existe,"",""
4022,2019-05-07T00:00:00,18:01:00,SEM VÍTIMA,CANCELADA,BOA VIAGEM,RUA BELMONTE,"",RUA SA E SOUZA,PROX A PADARIA SANTA ROSA,RUA BELMONTE,"",PROX A PADARIA SANTA ROSA,BOA VIAGEM,,"",COLISÃO,COLISAO ENTRE DOIS AUTOS S/V,2,,,,,,,,,0,,"","","","","","","","","","","","",""
4023,2019-05-07T00:00:00,19:10:00,SEM VÍTIMA,FINALIZADA,CAXANGÁ,AV CAXANGA,"","","",AV CAXANGA,"","",CAXANGÁ,281,SUBURBIO,ABALROAMENTO LONGITUDINAL,ONIBUS BRT X SANDERO,1,,,,,1,,,,0,,Longo da via,Bom,Sem defeito,Perfeito estado,Seca,Perfeito estado,Faixa de pedestre,"",60 km/h,Única,Faixa seccionada,"",""
4024,2019-05-07T00:00:00,19:58:00,COM VÍTIMA,FINALIZADA,BOA VISTA,RUA BARAO DE SAO BORJA,161,RUA JOSE DE ALENCAR,E/F HOTEL BOA VISTA,RUA BARAO DE SAO BORJA,161,E/F HOTEL BOA VISTA,BOA VISTA,,SUBURBIO,ABALROAMENTO TRANSVERSAL,COLISÃO COM TRÊS AUTOMÓVEIS.,3,,,,,,,,,1,,Cruzamento,Chuvoso,Não existe,Perfeito estado,Molhada,Perfeito estado,Outros,Outras,"",Única,Faixa contínua,"",""
4025,2019-05-07T00:00:00,20:39:00,SEM VÍTIMA,FINALIZADA,TORREÃO,AV GOVERNADOR AGAMENON MAGALHAES,"",RUA PADRE MIGUELINHO,"",AV GOVERNADOR AGAMENON MAGALHAES,"","",TORREÃO,,SUBURBIO,ABALROAMENTO LONGITUDINAL,DOIS AUTO SEM VITIMAS,2,,,,,,,,,0,,Cruzamento,Chuvoso,Não existe,Perfeito estado,Molhada,Perfeito estado,Não existe,"","",Dupla,Não existe,"",""
4026,2019-05-07T00:00:00,20:49:00,COM VÍTIMA,FINALIZADA,IBURA,AV DOIS RIOS,661,"",E/F AO SUPERMERCADO MR,AV DOIS RIOS,661,E/F AO SUPERMERCADO MR,IBURA,325,SUBURBIO,ATROPELAMENTO,MOTO E PEDESTRE.,,1,,,1,,,,,2,,Longo da via,Chuvoso,Não existe,Ilegível,Molhada,Mal iluminada,Outros,Não há placas,"",Dupla,Faixa,"",""
4027,2019-05-07T00:00:00,21:50:00,SEM VÍTIMA,CANCELADA,BOA VISTA,RUA DO GIRIQUITI,"",RUA JOSE DE ALENCAR,POR TRAS DO SHOPPING DA BOA VISTA,RUA DO GIRIQUITI,"",POR TRAS DO SHOPPING DA BOA VISTA,BOA VISTA,,"",COLISÃO,CELTA X NISSAN OBS: SUSPEITA DE EMBRIAGUEZ,2,,,,,,,,,0,,"","","","","","","","","","","","",""
4028,2019-05-07T00:00:00,22:31:00,COM VÍTIMA,FINALIZADA,AFOGADOS,RUA SAO MIGUEL,1401,RUA DRA ITAMAR DE MORAIS E SILVA,"",RUA SAO MIGUEL,1401,"",AFOGADOS,,SUBURBIO,ABALROAMENTO TRANSVERSAL,AUTO E MOTO.,1,1,,,,,,,,1,,Cruzamento,Chuvoso,Não existe,Não existente,Molhada,Perfeito estado,Não existe,Não há placas,60 km/h,Dupla,Faixa seccionada,"",""
4029,2019-05-08T00:00:00,01:26:00,SEM VÍTIMA,CANCELADA,BOA VIAGEM,RUA DR LUIZ INACIO PESSOA DE MELO,"","",EM FRENTE AO RECIFE FLAT,RUA DR LUIZ INACIO PESSOA DE MELO,"",EM FRENTE AO RECIFE FLAT,BOA VIAGEM,,"",CHOQUE,CONDUTOR PERDEU O CONTROLE DO VEÍCULO E CHOCOU-SE CONTRA UMA ÁRVORE.,1,,,,,,,,,0,,"","","","","","","","","","","","",""
4030,2019-05-08T00:00:00,07:41:00,SEM VÍTIMA,FINALIZADA,ESPINHEIRO,RUA DA HORA,797,RUA BUENOS AYRES,EM FRENTE AO EDF TENDAM,RUA DA HORA,797,EM FRENTE AO EDF TENDAM,ESPINHEIRO,,SUBURBIO,ABALROAMENTO TRANSVERSAL,DOIS AUTOS VT- 06 NO LOCAL,2,,,,,,,,,0,,Longo da via,Chuvoso,Não existe,Perfeito estado,Molhada,Perfeito estado,Outros,R-6a,"",Única,Faixa seccionada,"",""
4031,2019-05-08T00:00:00,07:42:00,SEM VÍTIMA,FINALIZADA,DERBY,RUA GUILHERME PINTO,265,"","",RUA GUILHERME PINTO,265,"",DERBY,,CIDADE,COLISÃO TRASEIRA,SEM VITIMAS,2,,,,,,,,,0,,Longo da via,Chuvoso,Não existe,Perfeito estado,Molhada,Perfeito estado,Faixa de pedestre,Não há placas,"",Única,Não existe,"",""
4032,2019-05-08T00:00:00,08:00:00,SEM VÍTIMA,FINALIZADA,PRADO,RUA CARLOS GOMES,914,RUA PADRE TEOFILO TWORZ,ENTRE A BIG CAR E O CENTRO DE SAUDE PROFESSOR ROMERO MARQUES,RUA CARLOS GOMES,914,ENTRE A BIG CAR E O CENTRO DE SAUDE PROFESSOR ROMERO MARQUES,PRADO,,"",ABALROAMENTO TRANSVERSAL,SEM VITIMAS,1,1,,,,,,,,0,,Cruzamento,Nublado,Não existe,Incompleta,Molhada,Perfeito estado,Não existe,R-6a,"",Única,Faixa seccionada,"",""
4033,2019-05-08T00:00:00,08:08:00,SEM VÍTIMA,FINALIZADA,BOA VIAGEM,RUA DOS NAVEGANTES,"","",CRUZAMENTO,RUA DOS NAVEGANTES,"",CRUZAMENTO,BOA VIAGEM,,SUBURBIO,ABALROAMENTO LONGITUDINAL,DOIS AUTOS,2,,,,,,,,,0,,Cruzamento,Chuvoso,Não existe,Perfeito estado,Molhada,Perfeito estado,Faixa de retenção,Placas Pare,"",Única,Não existe,"",""
4034,2019-05-08T00:00:00,08:14:00,COM VÍTIMA,FINALIZADA,MADALENA,AV JOSE GONCALVES DE MEDEIROS,107,RUA SENADOR FABIO DE BARROS,EM FRENTE AO CENTRO AUTOMOTIVO PORTO SEGURO (SAÍDA DO EXTRA SUPERMECADO),AV JOSE GONCALVES DE MEDEIROS,107,EM FRENTE AO CENTRO AUTOMOTIVO PORTO SEGURO (SAÍDA DO EXTRA SUPERMECADO),MADALENA,,ILHA DO RETIRO,ABALROAMENTO TRANSVERSAL,COLISÃO C/ VITIMA ENTRE UMA MOTO E DOIS AUTOS,2,1,,,,,,,,1,,Longo da via,Chuvoso,Não existe,Incompleta,Molhada,Perfeito estado,Outros,R-6a,"",Dupla,Faixa seccionada,"",""
4035,2019-05-08T00:00:00,08:16:00,SEM VÍTIMA,FINALIZADA,CAMPO GRANDE,RUA JERONIMO VILELA,"",AV PROFESSOR JOSE DOS ANJOS,SEMÁFORO 642,RUA JERONIMO VILELA,"",SEMÁFORO 642,CAMPO GRANDE,642,"",ABALROAMENTO LONGITUDINAL,AUTO E MOTO,1,1,,,,,,,,0,,Cruzamento,Chuvoso,Sem defeito,Perfeito estado,Molhada,Perfeito estado,Faixa de pedestre,R-4a,"",Dupla,Faixa seccionada,"",""
4036,2019-05-08T00:00:00,08:19:00,SEM VÍTIMA,FINALIZADA,CORDEIRO,"",105,RUA MARAVILHA,"","",105,"",CORDEIRO,,SUBURBIO,ABALROAMENTO TRANSVERSAL,"",2,,,,,,,,,0,,Longo da via,Nublado,Não existe,"",Seca,Perfeito estado,Não existe,Não há placas,"",Dupla,"","",""
4037,2019-05-08T00:00:00,08:30:00,SEM VÍTIMA,CANCELADA,IPUTINGA,RUA CELESTINO NEVES,209,"",RUA DO RESTAURANTE GOTA SERENA,RUA CELESTINO NEVES,209,RUA DO RESTAURANTE GOTA SERENA,IPUTINGA,,"",COLISÃO,SEM VITIMAS,1,,,,,,1,,,0,,"","","","","","","","","","","","",""
4038,2019-05-08T00:00:00,09:35:00,SEM VÍTIMA,FINALIZADA,CASA AMARELA,EST DO ARRAIAL,3259,"",PROX. AO SITIO DA TRINDADE,EST DO ARRAIAL,3259,PROX. AO SITIO DA TRINDADE,CASA AMARELA,,SUBURBIO,COLISÃO TRASEIRA,DOIS AUTOS,2,,,,,,,,,0,,Longo da via,Bom,Não existe,Perfeito estado,Seca,Perfeito estado,Não existe,R-6a,40 km/h,Única,Faixa seccionada,"",""
4039,2019-05-08T00:00:00,09:53:00,SEM VÍTIMA,FINALIZADA,CORDEIRO,AV GENERAL SAN MARTIN,"","","",AV GENERAL SAN MARTIN,"","",CORDEIRO,,SUBURBIO,ABALROAMENTO LONGITUDINAL,SEM VITIMAS,1,,,,,,1,,,0,,Longo da via,Bom,Não existe,Perfeito estado,Seca,Perfeito estado,Não existe,"","",Única,Faixa seccionada,"",""
4040,2019-05-08T00:00:00,10:42:00,SEM VÍTIMA,FINALIZADA,"",RUA QUIPAPA,"",EST DO BARBALHO,"",RUA QUIPAPA,"","","",,CIDADE,ABALROAMENTO TRANSVERSAL,CAMINHAO E AUTO PASSEIO,1,,,,,,1,,,0,,Cruzamento,Bom,Não existe,Não existente,Seca,Perfeito estado,Não existe,Não há placas,"",Única,Não existe,"",""