_id,DATA,hora,natureza_acidente,situacao,bairro,endereco,numero,detalhe_endereco_acidente,complemento,endereco_cruzamento,numero_cruzamento,referencia_cruzamento,bairro_cruzamento,num_semaforo,sentido_via,tipo,descricao,auto,moto,ciclom,ciclista,pedestre,onibus,caminhao,viatura,outros,vitimas,vitimasfatais,acidente_verificado,tempo_clima,situacao_semaforo,sinalizacao,condicao_via,conservacao_via,ponto_controle,situacao_placa,velocidade_max_via,mao_direcao,divisao_via1,divisao_via2,divisao_via3
4041,2019-05-08T00:00:00,10:52:00,SEM VÍTIMA,FINALIZADA,IPUTINGA,AV MAURICIO DE NASSAU,119,RUA PEREIRA COUTINHO FILHO,"",AV MAURICIO DE NASSAU,119,"",IPUTINGA,,SUBURBIO,ABALROAMENTO LONGITUDINAL,SEM VITIMAS,1,1,,,,,,,,0,,Cruzamento,Bom,Não existe,Perfeito estado,Seca,Perfeito estado,Outros,Outras,40 km/h,Dupla,Faixa seccionada,"",""
4042,2019-05-08T00:00:00,11:12:00,SEM VÍTIMA,FINALIZADA,ARRUDA,RUA DAS MOCAS,502,RUA CARLOS ALBERTO BARBOSA,"",RUA DAS MOCAS,502,"",ARRUDA,,"",ABALROAMENTO LONGITUDINAL,CAMINHAO E AUTO PASSEIO,1,,,,,,1,,,0,,Longo da via,Bom,Não existe,Não existente,Seca,"",Não existe,Não há placas,"",Dupla,Faixa seccionada,"",""
4043,2019-05-08T00:00:00,11:25:00,SEM VÍTIMA,CANCELADA,ESPINHEIRO,AV JOAO DE BARROS,"","","NO POSTO DE GASOLINA SHELL, EM FRENTE AO SUPERMERCADO EXTRA",AV JOAO DE BARROS,"","NO POSTO DE GASOLINA SHELL, EM FRENTE AO SUPERMERCADO EXTRA",ESPINHEIRO,,"",COLISÃO,MOTO E AUTO,1,1,,,,,,,,0,,"","","","","","","","","","","","",""
4044,2019-05-08T00:00:00,11:54:00,COM VÍTIMA,FINALIZADA,PINA,AV HERCULANO BANDEIRA,591,RUA SAO LUIZ,PROX. A IGREJA CATOLICA E FARMÁCIA DO TRABALHADOR.,AV HERCULANO BANDEIRA,591,PROX. A IGREJA CATOLICA E FARMÁCIA DO TRABALHADOR.,PINA,,SUBURBIO,COLISÃO COM CICLISTA,AUTO E CICLISTA,1,,,1,,,,,,1,,Longo da via,Chuvoso,Sem defeito,Perfeito estado,Molhada,Perfeito estado,"",Outras,"",Única,Faixa seccionada,"",""
4045,2019-05-08T00:00:00,12:35:00,SEM VÍTIMA,FINALIZADA,AFOGADOS,RUA SAO MIGUEL,"",RUA QUITERIO INACIO DE MELLO,"",RUA SAO MIGUEL,"","",AFOGADOS,333,SUBURBIO,ABALROAMENTO LONGITUDINAL,COLISÃO SEM VÍTIMA,1,,,,,,1,,,0,,Cruzamento,Chuvoso,Sem defeito,Perfeito estado,Molhada,Perfeito estado,Não existe,R-6a,"",Única,Faixa seccionada,"",""
4046,2019-05-08T00:00:00,13:00:00,SEM VÍTIMA,FINALIZADA,BOA VISTA,RUA MONTE CASTELO,87,"",EM FRENTE AO Nº 87,RUA MONTE CASTELO,87,EM FRENTE AO Nº 87,BOA VISTA,,SUBURBIO,COLISÃO TRASEIRA,COLISAO ENTRE AUTO E TAXI S/V,3,,,,,,,,,0,,Longo da via,Chuvoso,Não existe,Incompleta,Molhada,Perfeito estado,Não existe,Não há placas,"",Única,Não existe,"",""
4047,2019-05-08T00:00:00,14:33:00,SEM VÍTIMA,FINALIZADA,BOA VIAGEM,AV BOA VIAGEM,"","",SOB O SEMÁFORO 105,AV BOA VIAGEM,"",SOB O SEMÁFORO 105,BOA VIAGEM,105,SUBURBIO,COLISÃO TRASEIRA,COLISÃO SEM VITIMAS,2,,,,,,,,,0,,Longo da via,Chuvoso,Com defeito,"",Molhada,Perfeito estado,"",Não há placas,60 km/h,Única,Faixa seccionada,"",""
4048,2019-05-08T00:00:00,15:53:00,COM VÍTIMA,FINALIZADA,AFOGADOS,RUA COSME VIANA,157,RUA TRES DE AGOSTO,"",RUA COSME VIANA,157,"",AFOGADOS,525,CIDADE,ABALROAMENTO TRANSVERSAL,AUTO E MOTO.,1,1,,,,,,,,1,,Longo da via,Bom,Sem defeito,Perfeito estado,Seca,Perfeito estado,Faixa de pedestre,Outras,60 km/h,Única,Faixa seccionada,"",""
4049,2019-05-08T00:00:00,16:33:00,COM VÍTIMA,FINALIZADA,CAMPO GRANDE,RUA MARQUES DE BAIPENDI,473,RUA VOLUNTARIOS DA PATRIA,EM FRENTE A PAN BENICIO,RUA MARQUES DE BAIPENDI,473,EM FRENTE A PAN BENICIO,CAMPO GRANDE,,SUBURBIO,ABALROAMENTO TRANSVERSAL,"COLISÃO COM VÍTIMA, VÍTIMA SOCORRIDA PELO BOMBEIRO E LEVARAM A MOTO DO LOCAL. SÓ PERMANECE NO LOCAL O AUTO E A CONDUTORA",1,1,,,,,,,,1,,Longo da via,Chuvoso,Não existe,Perfeito estado,Seca,Perfeito estado,Faixa de pedestre,Placas Pare,30 km/h,Dupla,Faixa seccionada,"",""
4050,2019-05-08T00:00:00,16:36:00,COM VÍTIMA,FINALIZADA,SÃO JOSÉ,RUA FLORIANO PEIXOTO,"","",NO SEMAFORO 013 PROX A CASA DA CULTURA. PRAÇA JOAQUIM NABUCO.,RUA FLORIANO PEIXOTO,"",NO SEMAFORO 013 PROX A CASA DA CULTURA. PRAÇA JOAQUIM NABUCO.,SÃO JOSÉ,13,SUBURBIO,ATROPELAMENTO,ATROPELAMENTO DE ONIBUS COM UM PEDESTRE,,,,,1,1,,,,1,,Longo da via,Bom,Sem defeito,Perfeito estado,Seca,Perfeito estado,Não existe,R-6a,"",Única,Faixa seccionada,"",""
4051,2019-05-08T00:00:00,17:03:00,COM VÍTIMA,FINALIZADA,APIPUCOS,RUA DE APIPUCOS,"","",EM FRENTE AO AÇUDE DE APIPUCOS E A COMPESA.,RUA DE APIPUCOS,"",EM FRENTE AO AÇUDE DE APIPUCOS E A COMPESA.,APIPUCOS,,SUBURBIO,ABALROAMENTO LONGITUDINAL,AUTO E MOTO.,1,1,,,,,,,,1,,Longo da via,Bom,Não existe,Perfeito estado,Seca,Perfeito estado,Não existe,R-6a,"",Dupla,Faixa seccionada,"",""
4052,2019-05-08T00:00:00,17:03:00,SEM VÍTIMA,CANCELADA,BARRO,AV DR JOSE RUFINO,"","","APOS A IGRREJA DO BARRO, SENTIDO AFOGADOS",AV DR JOSE RUFINO,"","APOS A IGRREJA DO BARRO, SENTIDO AFOGADOS",BARRO,,"",COLISÃO,COLISÃO SEM VITIMA,1,1,,,,,,,,0,,"","","","","","","","","","","","",""
4053,2019-05-08T00:00:00,17:06:00,SEM VÍTIMA,FINALIZADA,BOA VIAGEM,AV GENERAL MAC ARTHUR,1128,"",EM FRENTE A LOJA PADRON CLIMATIZAÇÃO E AUTOMAÇÃO,AV GENERAL MAC ARTHUR,1128,EM FRENTE A LOJA PADRON CLIMATIZAÇÃO E AUTOMAÇÃO,BOA VIAGEM,,SUBURBIO,ABALROAMENTO LONGITUDINAL,COLISAO ENTRE DOIS AUTOS S/V,2,,,,,,,,,0,,Longo da via,Chuvoso,Não existe,Perfeito estado,Molhada,Perfeito estado,Não existe,Outras,40 km/h,Única,Faixa seccionada,"",""
4054,2019-05-08T00:00:00,17:18:00,SEM VÍTIMA,FINALIZADA,IPSEP,AV RECIFE,"","",LADO OPOSTO AO AO ATACAMAX,AV RECIFE,"",LADO OPOSTO AO AO ATACAMAX,IPSEP,,"",COLISÃO TRASEIRA,COLISÃO SEM VITIMA,3,,,,,,,,,0,,Longo da via,Bom,Não existe,Perfeito estado,Seca,Perfeito estado,Não existe,Outras,"",Dupla,Canteiro central,"",""
4055,2019-05-08T00:00:00,17:32:00,COM VÍTIMA,FINALIZADA,SANTO AMARO,AV NORTE,"",RUA TREZE DE MAIO,SOB O SEMÁFORO 036,AV NORTE,"",SOB O SEMÁFORO 036,SANTO AMARO,36,SUBURBIO,COLISÃO COM CICLISTA,MOTO E BICICLETA.,,1,,1,,,,,,1,,Cruzamento,Bom,Sem defeito,Perfeito estado,Seca,Perfeito estado,Faixa de retenção,Outras,"",Dupla,Não existe,"",""
4056,2019-05-08T00:00:00,17:38:00,COM VÍTIMA,CANCELADA,ARRUDA,AV BEBERIBE,"","",E/F AO BOMPREÇO,AV BEBERIBE,"",E/F AO BOMPREÇO,ARRUDA,,"",COLISÃO,COLISAO ENTRE AUTOS E UMA MOTO COM UMA VITIMA,1,1,,,,,,,,1,,"","","","","","","","","","","","",""
4057,2019-05-08T00:00:00,17:38:00,SEM VÍTIMA,FINALIZADA,BAIRRO DO RECIFE,AV MILITAR,"","",PRÓXIMO AO FORTE BRUM,AV MILITAR,"",PRÓXIMO AO FORTE BRUM,BAIRRO DO RECIFE,,SUBURBIO,ABALROAMENTO LONGITUDINAL,AUTO E MOTO SEM VITIMAS,1,1,,,,,,,,0,,Longo da via,Bom,Não existe,Perfeito estado,Seca,Perfeito estado,"",Não há placas,60 km/h,Dupla,Canteiro central,"",""
4058,2019-05-08T00:00:00,19:16:00,SEM VÍTIMA,FINALIZADA,SANTO AMARO,AV PREFEITO ARTUR LIMA CAVALCANTI,"","",LADO OPOSTO AO HOSPITAL NAVAL,AV PREFEITO ARTUR LIMA CAVALCANTI,"",LADO OPOSTO AO HOSPITAL NAVAL,SANTO AMARO,343,SUBURBIO,ABALROAMENTO LONGITUDINAL,AUTO E MOTO SEM VITIMAS,1,1,,,,,,,,0,,Longo da via,Bom,Sem defeito,Perfeito estado,Seca,Perfeito estado,"",Outras,"",Dupla,Canteiro central,"",""
4059,2019-05-08T00:00:00,19:49:00,SEM VÍTIMA,FINALIZADA,BOA VIAGEM,AV ENGENHEIRO DOMINGOS FERREIRA,3067,"",LG INN HOTEL,AV ENGENHEIRO DOMINGOS FERREIRA,3067,LG INN HOTEL,BOA VIAGEM,,SUBURBIO,ABALROAMENTO LONGITUDINAL,DOIS AUTO SEM VITIMAS,2,,,,,,,,,0,,Longo da via,Chuvoso,Não existe,Perfeito estado,Molhada,Perfeito estado,Não existe,Não há placas,"",Única,Faixa seccionada,Canteiro central,""
4060,2019-05-08T00:00:00,19:34:00,SEM VÍTIMA,FINALIZADA,SANTO AMARO,AV JOAO DE BARROS,"",AV GOVERNADOR AGAMENON MAGALHAES,"",AV JOAO DE BARROS,"","",SANTO AMARO,,"",ABALROAMENTO LONGITUDINAL,ONIBUS E AUTO PASSEIO SEM VITIMAS,1,,,,,1,,,,0,,"",Bom,Não existe,Perfeito estado,Seca,Perfeito estado,Não existe,Não há placas,"",Dupla,Canteiro central,"",""
4061,2019-05-08T00:00:00,20:47:00,SEM VÍTIMA,FINALIZADA,BOA VIAGEM,RUA DONA BENVINDA DE FARIAS,"",RUA AVIADOR SEVERIANO LINS,"",RUA DONA BENVINDA DE FARIAS,"","",BOA VIAGEM,,SUBURBIO,ABALROAMENTO LONGITUDINAL,CAMINHAO X CORSA,1,,,,,,1,,,0,,Cruzamento,Bom,Não existe,Perfeito estado,Seca,Perfeito estado,"","","",Dupla,"","",""
4062,2019-05-08T00:00:00,20:53:00,COM VÍTIMA,FINALIZADA,JOANA BEZERRA,VIADUTO CAPITAO TEMUDO,"","",LADO OPOSTO AO FÓRUM DES. RODOLFO AURELIANO.,VIADUTO CAPITAO TEMUDO,"",LADO OPOSTO AO FÓRUM DES. RODOLFO AURELIANO.,JOANA BEZERRA,,SUBURBIO,COLISÃO TRASEIRA,AUTO E MOTO.,1,1,,,,,,,,1,,Viaduto,Bom,Não existe,Perfeito estado,Seca,Perfeito estado,Não existe,Não há placas,"",Dupla,Canteiro central,"",""
4063,2019-05-08T00:00:00,21:03:00,SEM VÍTIMA,FINALIZADA,IMBIRIBEIRA,RUA FRANCISCO CORREIA DE MORAES,"","",EM FRENTE AO Nº 8385,RUA FRANCISCO CORREIA DE MORAES,"",EM FRENTE AO Nº 8385,IMBIRIBEIRA,,SUBURBIO,COLISÃO TRASEIRA,GOL X PALIO,2,,,,,,,,,0,,Longo da via,Chuvoso,Não existe,Perfeito estado,Molhada,Perfeito estado,Não existe,Não há placas,"",Única,Não existe,"",""
4064,2019-05-08T00:00:00,23:15:00,SEM VÍTIMA,FINALIZADA,AFOGADOS,RUA COSME VIANA,"","",SEMÁFORO 100,RUA COSME VIANA,"",SEMÁFORO 100,AFOGADOS,100,SUBURBIO,CHOQUE VEÍCULO PARADO,ONNIBUS METROPOLITANA X FOX,1,,,,,1,,,,0,,Longo da via,Chuvoso,Sem defeito,Perfeito estado,Molhada,Perfeito estado,Faixa de pedestre,Não há placas,"",Única,Faixa contínua,Faixa seccionada,""
4065,2019-05-08T00:00:00,23:16:00,SEM VÍTIMA,FINALIZADA,IMBIRIBEIRA,AV MARECHAL MASCARENHAS DE MORAES,"","",LADO OPOSTO AO PORTÃO A2 DO AEROPORTO,AV MARECHAL MASCARENHAS DE MORAES,"",LADO OPOSTO AO PORTÃO A2 DO AEROPORTO,IMBIRIBEIRA,,SUBURBIO,COLISÃO TRASEIRA,DOIS AUTO SEM VITIMAS,2,,,,,,,,,0,,Longo da via,Bom,Não existe,Perfeito estado,Seca,Perfeito estado,"",R-6a,20 km/h,Única,Canteiro central,"",""
4066,2019-05-08T00:00:00,23:22:00,SEM VÍTIMA,FINALIZADA,PRADO,RUA JOAO IVO DA SILVA,"",AV ENGENHEIRO ABDIAS DE CARVALHO,"",RUA JOAO IVO DA SILVA,"","",PRADO,,SUBURBIO,ABALROAMENTO LONGITUDINAL,ONIBUS E AUTO PASSEIO SEM VITIMAS,1,,,,,1,,,,0,,Cruzamento,Bom,Sem defeito,Perfeito estado,Molhada,Perfeito estado,Faixa de pedestre,Não há placas,"",Única,Canal,"",""
4067,2019-05-08T00:00:00,23:48:00,SEM VÍTIMA,FINALIZADA,IPUTINGA,AV LUIZ DE LACERDA,"","","",AV LUIZ DE LACERDA,"","",IPUTINGA,,SUBURBIO,ABALROAMENTO LONGITUDINAL,AUTO PASSEIO E UMA VAN SEM VITIMAS,2,,,,,,,,,0,,Longo da via,Chuvoso,Não existe,"",Molhada,Perfeito estado,Não existe,"",30 km/h,Única,Faixa seccionada,"",""
4068,2019-05-09T00:00:00,00:04:00,SEM VÍTIMA,FINALIZADA,VÁRZEA,RUA JACINTO FREIRE DE ANDRADE,"","",OPOSTO AO Nº 26 DA JÚLIO DINIZ,RUA JACINTO FREIRE DE ANDRADE,"",OPOSTO AO Nº 26 DA JÚLIO DINIZ,VÁRZEA,,"",COLISÃO FRONTAL,DOIS AUTO SEM VITIMAS,2,,,,,,,,,0,,Longo da via,Chuvoso,Não existe,Incompleta,Molhada,Perfeito estado,Não existe,Não há placas,"",Dupla,Canteiro central,"",""
4069,2019-05-09T00:00:00,00:29:00,SEM VÍTIMA,FINALIZADA,ESPINHEIRO,RUA DO ESPINHEIRO,"",RUA QUARENTA E OITO,SEMÁFORO Nº 166,RUA DO ESPINHEIRO,"",SEMÁFORO Nº 166,ESPINHEIRO,166,CIDADE,ABALROAMENTO TRANSVERSAL,COLISÃO ENTRE DOIS AUTOS S/V,2,,,,,,,,,0,,Cruzamento,Chuvoso,Sem defeito,Perfeito estado,Molhada,Perfeito estado,Faixa de pedestre,Não há placas,"",Única,Faixa contínua,Faixa seccionada,""
4070,2019-05-09T00:00:00,05:30:00,SEM VÍTIMA,FINALIZADA,BOA VIAGEM,AV CONSELHEIRO AGUIAR,"",RUA FELIX DE BRITO E MELO,FARMACIA INDEPENDENTE,AV CONSELHEIRO AGUIAR,"",FARMACIA INDEPENDENTE,BOA VIAGEM,546,CIDADE,COLISÃO TRASEIRA,COLISÃO ENTRE AUTO E MOTO S/V,1,1,,,,,,,,0,,Longo da via,Bom,Sem defeito,Perfeito estado,Molhada,Perfeito estado,Faixa de pedestre,"","",Única,"","",""
4071,2019-05-09T00:00:00,07:20:00,SEM VÍTIMA,FINALIZADA,IBURA,AV DOM HELDER CAMARA,360,"","",AV DOM HELDER CAMARA,360,"",IBURA,,CIDADE,CHOQUE OBJETO FIXO,VEÍCULO CHOCOU SE COM UM POSTE,1,,,,,,,,,0,,Longo da via,Chuvoso,Não existe,Perfeito estado,Molhada,Perfeito estado,Não existe,Não há placas,60 km/h,Dupla,Canteiro central,"",""
4072,2019-05-09T00:00:00,07:25:00,SEM VÍTIMA,FINALIZADA,ESPINHEIRO,RUA DO ESPINHEIRO,316,RUA AMELIA,"",RUA DO ESPINHEIRO,316,"",ESPINHEIRO,195,CIDADE,ABALROAMENTO LONGITUDINAL,SEM VITIMAS,2,,,,,,,,,0,,Longo da via,Bom,Sem defeito,Perfeito estado,Seca,Perfeito estado,Faixa de pedestre,Outras,"",Única,Faixa seccionada,"",""
4073,2019-05-09T00:00:00,07:26:00,SEM VÍTIMA,FINALIZADA,MADALENA,EST DOS REMEDIOS,1918,RUA DONA MARIA VIEIRA,"",EST DOS REMEDIOS,1918,"",MADALENA,,CIDADE,ABALROAMENTO TRANSVERSAL,COLISÃO ENTRE DOIS AUTOS SEM VÍTIMAS,2,,,,,,,,,0,,"",Bom,Não existe,Perfeito estado,Seca,Perfeito estado,Não existe,Placas Pare,"",Única,Faixa contínua,Faixa seccionada,""
4074,2019-05-09T00:00:00,08:20:00,COM VÍTIMA,FINALIZADA,TAMARINEIRA,EST VELHA DE AGUA FRIA,78,RUA CICERO DIAS,EM FRENTE AO DNOCS,EST VELHA DE AGUA FRIA,78,EM FRENTE AO DNOCS,TAMARINEIRA,,SUBURBIO,ABALROAMENTO TRANSVERSAL,AUTO E MOTO.,1,1,,,,,,,,1,,Esquina,Chuvoso,Não existe,Perfeito estado,Seca,Perfeito estado,Faixa de pedestre,Placas Pare,"",Dupla,Faixa contínua,"",""
4075,2019-05-09T00:00:00,08:55:00,SEM VÍTIMA,FINALIZADA,"",AV DES JOSE NEVES,"","","",AV DES JOSE NEVES,"","","",,SUBURBIO,ABALROAMENTO LONGITUDINAL,COLISAO ENTRE AUTO E VT DA POLICIA,1,,,,,,,1,,0,,Longo da via,Bom,"","","","","","","","","","",""
4076,2019-05-09T00:00:00,09:08:00,SEM VÍTIMA,FINALIZADA,SANTO AMARO,AV GOVERNADOR AGAMENON MAGALHAES,3341,"",SOB VIADUTO DA AV NORTE,AV GOVERNADOR AGAMENON MAGALHAES,3341,SOB VIADUTO DA AV NORTE,SANTO AMARO,,"",COLISÃO TRASEIRA,COLISÃO S/VITIMA TRES AUTOS,3,,,,,,,,,0,,Longo da via,Bom,Não existe,Perfeito estado,Seca,Perfeito estado,Não existe,Não há placas,"",Única,Faixa contínua,"",""
4077,2019-05-09T00:00:00,09:15:00,SEM VÍTIMA,FINALIZADA,BOA VIAGEM,RUA CORONEL BENEDITO CHAVES,"","","POSTE Nº B 000145, AO LADO DA PIZZA DONNA",RUA CORONEL BENEDITO CHAVES,"","POSTE Nº B 000145, AO LADO DA PIZZA DONNA",BOA VIAGEM,,CIDADE,COLISÃO TRASEIRA,COLISÃO S/VITIMA DOIS AUTOS,2,,,,,,,,,0,,Longo da via,Bom,Não existe,Perfeito estado,Seca,Perfeito estado,Não existe,Outras,"",Única,Não existe,"",""
4078,2019-05-09T00:00:00,09:21:00,SEM VÍTIMA,CANCELADA,BOA VIAGEM,RUA REMIGIO,"","","NA SAIDA DO TUNEL, SENT. RECIFE NO GIRADOR",RUA REMIGIO,"","NA SAIDA DO TUNEL, SENT. RECIFE NO GIRADOR",BOA VIAGEM,,"",CHOQUE,VEICULO CHOCOU-SE COM PLACA DE OBRA SEM SINALIZAÇÃO,1,,,,,,,,,0,,"","","","","","","","","","","","",""
4079,2019-05-09T00:00:00,09:31:00,SEM VÍTIMA,FINALIZADA,BAIRRO DO RECIFE,CAIS DO APOLO,"",RUA DO OBSERVATORIO,E/F A POLICIA FEDERAL,CAIS DO APOLO,"",E/F A POLICIA FEDERAL,BAIRRO DO RECIFE,,SUBURBIO,COLISÃO TRASEIRA,COLISAO ENTRE DOIS AUTOS S/V,2,,,,,,,,,0,,Longo da via,Bom,Não existe,Perfeito estado,Seca,Perfeito estado,Não existe,Placas Pare,"",Dupla,Canteiro central,"",""
4080,2019-05-09T00:00:00,09:35:00,SEM VÍTIMA,FINALIZADA,BOA VISTA,RUA SILVA RAMOS,71,"",EM FRENTE DA CLÍNICA FISIOCORPOS,RUA SILVA RAMOS,71,EM FRENTE DA CLÍNICA FISIOCORPOS,BOA VISTA,,"",CHOQUE VEÍCULO PARADO,COLISAO S/ VITIMAS ENTRE DOIS AUTOS,2,,,,,,,,,0,,Longo da via,Bom,Não existe,Incompleta,Seca,Perfeito estado,Não existe,Não há placas,"",Dupla,Não existe,"",""
4081,2019-05-09T00:00:00,10:19:00,SEM VÍTIMA,FINALIZADA,IBURA,AV DOIS RIOS,13921,"",PRÓXIMO AO PONTILHÃO DO IBURA,AV DOIS RIOS,13921,PRÓXIMO AO PONTILHÃO DO IBURA,IBURA,,CIDADE,COLISÃO TRASEIRA,SEM VITIMAS,1,,,,,,1,,,0,,Longo da via,Chuvoso,Não existe,Perfeito estado,Molhada,Mal conservada,Não existe,Não há placas,"",Dupla,Faixa contínua,"",""
4082,2019-05-09T00:00:00,10:19:00,SEM VÍTIMA,FINALIZADA,BOA VIAGEM,AV BOA VIAGEM,4100,"","",AV BOA VIAGEM,4100,"",BOA VIAGEM,113,CIDADE,COLISÃO TRASEIRA,COLISAO S/ VITIMA ENTRE ONIBUS E AUTO,1,,,,,1,,,,0,,"",Chuvoso,Sem defeito,Perfeito estado,Molhada,Perfeito estado,Faixa de pedestre,Não há placas,60 km/h,Única,Faixa contínua,"",""
4083,2019-05-09T00:00:00,10:24:00,SEM VÍTIMA,FINALIZADA,BOA VIAGEM,RUA CARLOS PEREIRA FALCAO,121,"",PADARIA DIPLOMATA,RUA CARLOS PEREIRA FALCAO,121,PADARIA DIPLOMATA,BOA VIAGEM,,CIDADE,ABALROAMENTO LONGITUDINAL,SEM VITIMAS,2,,,,,,,,,0,,Longo da via,Bom,Não existe,Incompleta,Seca,Perfeito estado,Não existe,Não há placas,30 km/h,Única,Faixa seccionada,"",""
4084,2019-05-09T00:00:00,10:52:00,SEM VÍTIMA,FINALIZADA,BARRO,RUA PADRE NOBREGA,"",RUA PADRE DIOGO RODRIGUES,ESQUINA DA CONSTRUÇÃO,RUA PADRE NOBREGA,"",ESQUINA DA CONSTRUÇÃO,BARRO,,SUBURBIO,ABALROAMENTO TRANSVERSAL,COLISÃO S VÍTIMA DOIS AUTOS,2,,,,,,,,,0,,Cruzamento,Bom,Não existe,Não existente,Seca,Perfeito estado,Não existe,"","",Dupla,Não existe,"",""
4085,2019-05-09T00:00:00,11:37:00,SEM VÍTIMA,FINALIZADA,ZUMBI,RUA GOMES TABORDA,1349,AV GENERAL SAN MARTIN,"",RUA GOMES TABORDA,1349,"",ZUMBI,67,CIDADE,COLISÃO FRONTAL,COLISAO ENTRE AUTO E MOTO S/V,1,1,,,,,,,,0,,Longo da via,Bom,Sem defeito,Perfeito estado,Seca,Perfeito estado,Faixa de pedestre,R-6a,"",Dupla,Faixa contínua,"",""
4086,2019-05-09T00:00:00,12:50:00,SEM VÍTIMA,CANCELADA,GRAÇAS,AV RUI BARBOSA,"","",EM FRENTE AO BANCO SANTANDER E A PRAÇA DO ENTRONCAMENTO,AV RUI BARBOSA,"",EM FRENTE AO BANCO SANTANDER E A PRAÇA DO ENTRONCAMENTO,GRAÇAS,,"",COLISÃO,COLISÃO SEM VÍTIMA,1,1,,,,,,,,0,,"","","","","","","","","","","","",""
4087,2019-05-09T00:00:00,13:02:00,SEM VÍTIMA,CANCELADA,BOA VIAGEM,RUA RIBEIRO DE BRITO,"","",EM FRENTE DO BOI QUENTE,RUA RIBEIRO DE BRITO,"",EM FRENTE DO BOI QUENTE,BOA VIAGEM,,"",COLISÃO,COLISÃO SEM VÍTIMA,1,,,,,1,,,,0,,"","","","","","","","","","","","",""
4088,2019-05-09T00:00:00,14:28:00,COM VÍTIMA,FINALIZADA,BOA VIAGEM,AV CONSELHEIRO AGUIAR,857,RUA ATLANTICO,EM FRENTE A BARBEARIA TROIS,AV CONSELHEIRO AGUIAR,857,EM FRENTE A BARBEARIA TROIS,BOA VIAGEM,,SUBURBIO,ABALROAMENTO TRANSVERSAL,AUTO E MOTO.,1,1,,,,,,,,1,,Cruzamento,Bom,Não existe,Perfeito estado,Seca,Perfeito estado,Faixa de pedestre,Não há placas,60 km/h,Única,Faixa seccionada,"",""
4089,2019-05-09T00:00:00,14:29:00,SEM VÍTIMA,FINALIZADA,SANTO ANTÔNIO,RUA FLORIANO PEIXOTO,"","",SEMÁFORO 013,RUA FLORIANO PEIXOTO,"",SEMÁFORO 013,SANTO ANTÔNIO,13,"",ABALROAMENTO LONGITUDINAL,COLISAO ENTRE ONIBUS E AUTO S/V,1,,,,,1,,,,0,,Cruzamento,Bom,Sem defeito,Perfeito estado,Seca,Perfeito estado,Não existe,Não há placas,40 km/h,Única,Faixa seccionada,"",""
4090,2019-05-09T00:00:00,15:03:00,COM VÍTIMA,FINALIZADA,PRADO,RUA SANTA EDWIRGES,131,RUA PADRE TEOFILO TWORZ,E/F AO ARQUIVO GERAL DO TRIBUNAL DE JUSTIÇA E A IGREJA PRESBITERIANA DO PRADO.,RUA SANTA EDWIRGES,131,E/F AO ARQUIVO GERAL DO TRIBUNAL DE JUSTIÇA E A IGREJA PRESBITERIANA DO PRADO.,PRADO,,CIDADE,ABALROAMENTO TRANSVERSAL,AUTO E MICRO-ÔNIBUS.,1,,,,,1,,,,2,,Cruzamento,Bom,Não existe,Não existente,Seca,Perfeito estado,Não existe,Não há placas,"",Única,Não existe,"",""
4091,2019-05-09T00:00:00,15:10:00,SEM VÍTIMA,FINALIZADA,BARRO,AV DR JOSE RUFINO,"",RUA JOSE NATARIO,IGREJA PRESBITERIANA,AV DR JOSE RUFINO,"",IGREJA PRESBITERIANA,BARRO,44,"",ABALROAMENTO TRANSVERSAL,COLISAO ENTRE DOIS AUTOS S/V,2,,,,,,,,,0,,Cruzamento,Bom,Sem defeito,Perfeito estado,Seca,Perfeito estado,Faixa de pedestre,Outras,"",Dupla,Faixa contínua,"",""
4092,2019-05-09T00:00:00,16:33:00,SEM VÍTIMA,FINALIZADA,BOA VISTA,RUA DO RIACHUELO,"","","",RUA DO RIACHUELO,"","",BOA VISTA,92,SUBURBIO,ABALROAMENTO LONGITUDINAL,COLISAO ENTRE ONIBUS E MOTO S/V,,1,,,,1,,,,0,,Longo da via,Bom,Sem defeito,Perfeito estado,Seca,Perfeito estado,Não existe,Não há placas,"",Única,Blocos,"",""
4093,2019-05-09T00:00:00,18:08:00,SEM VÍTIMA,FINALIZADA,ILHA DO LEITE,AV FREI MATIAS TEVES,"",RUA JORNALISTA TRAJANO CHACON,EMPRESARIAL ALFRED NOBEL,AV FREI MATIAS TEVES,"",EMPRESARIAL ALFRED NOBEL,ILHA DO LEITE,,"",COLISÃO TRASEIRA,SANDERO X HB 20 X MOTO,2,1,,,,,,,,0,,Cruzamento,Bom,Não existe,Perfeito estado,Seca,Perfeito estado,Faixa de retenção,Placas Pare,30 km/h,Dupla,Faixa seccionada,"",""
4094,2019-05-09T00:00:00,18:29:00,COM VÍTIMA,FINALIZADA,LINHA DO TIRO,RUA CORREGO DO EUCLIDES,1820,RUA ALTO JOSE BONIFACIO,PROX AO ARMAZEM SHALON,RUA CORREGO DO EUCLIDES,1820,PROX AO ARMAZEM SHALON,LINHA DO TIRO,,SUBURBIO,ABALROAMENTO TRANSVERSAL,AUTO E MOTO.,1,1,,,,,,,,1,,Cruzamento,Bom,Não existe,Não existente,Seca,Mal iluminada,Não existe,Placas Pare,"",Dupla,Faixa contínua,Faixa seccionada,""