_id,DATA,hora,natureza_acidente,situacao,bairro,endereco,numero,detalhe_endereco_acidente,complemento,endereco_cruzamento,numero_cruzamento,referencia_cruzamento,bairro_cruzamento,num_semaforo,sentido_via,tipo,descricao,auto,moto,ciclom,ciclista,pedestre,onibus,caminhao,viatura,outros,vitimas,vitimasfatais,acidente_verificado,tempo_clima,situacao_semaforo,sinalizacao,condicao_via,conservacao_via,ponto_controle,situacao_placa,velocidade_max_via,mao_direcao,divisao_via1,divisao_via2,divisao_via3
4095,2019-05-09T00:00:00,18:59:00,COM VÍTIMA,CANCELADA,ÁGUA FRIA,EST VELHA DE AGUA FRIA,"","",NA ROTATORIA DE SEQUINA COM POSTO NORTE BRAZ,EST VELHA DE AGUA FRIA,"",NA ROTATORIA DE SEQUINA COM POSTO NORTE BRAZ,ÁGUA FRIA,,"",COLISÃO,ONIBUS CAXANGA X MOTO,,1,,,,1,,,,1,,"","","","","","","","","","","","",""
4096,2019-05-09T00:00:00,19:09:00,SEM VÍTIMA,FINALIZADA,PARNAMIRIM,AV PARNAMIRIM,375,"",BEACH CLASS JAQUEIRA,AV PARNAMIRIM,375,BEACH CLASS JAQUEIRA,PARNAMIRIM,,"",ABALROAMENTO LONGITUDINAL,ONIX X AUTO,2,,,,,,,,,0,,Longo da via,Bom,Não existe,Perfeito estado,Seca,Perfeito estado,Não existe,Outras,"",Única,Faixa contínua,"",""
4097,2019-05-09T00:00:00,19:24:00,SEM VÍTIMA,FINALIZADA,MADALENA,AV VISCONDE DE ALBUQUERQUE,205,"",ENF A CULTURA INGLESA,AV VISCONDE DE ALBUQUERQUE,205,ENF A CULTURA INGLESA,MADALENA,,SUBURBIO,COLISÃO TRASEIRA,COROLA X FIAT,2,,,,,,,,,0,,Longo da via,Bom,Não existe,Perfeito estado,Seca,Perfeito estado,Faixa de pedestre,R-6a,"",Única,Faixa seccionada,"",""
4098,2019-05-09T00:00:00,22:29:00,COM VÍTIMA,FINALIZADA,CAMPO GRANDE,EST DE BELEM,"",RUA FONSECA OLIVEIRA,E/F A PIZZARIA PASSIRA / SEMÁFORO 504 / PRÓX AO POSTO TOTAL,EST DE BELEM,"",E/F A PIZZARIA PASSIRA / SEMÁFORO 504 / PRÓX AO POSTO TOTAL,CAMPO GRANDE,504,CIDADE,ABALROAMENTO LONGITUDINAL,AUTO E MOTO.,1,1,,,,,,,,1,,Longo da via,Chuvoso,Sem defeito,Perfeito estado,Molhada,Perfeito estado,Faixa de pedestre,R-6a,30 km/h,Dupla,Faixa contínua,"",""
4099,2019-05-09T00:00:00,22:51:00,SEM VÍTIMA,FINALIZADA,ESTÂNCIA,AV DR JOSE RUFINO,"","",ENF AO COLEGIO VISAO,AV DR JOSE RUFINO,"",ENF AO COLEGIO VISAO,ESTÂNCIA,82,SUBURBIO,COLISÃO TRASEIRA,ONIBUS METROPOLITANA X FORD K,1,,,,,1,,,,0,,"",Chuvoso,Sem defeito,Perfeito estado,Molhada,Perfeito estado,Faixa de pedestre,R-6a,"",Dupla,Faixa contínua,"",""
4100,2019-05-10T00:00:00,08:53:00,SEM VÍTIMA,FINALIZADA,SANTO AMARO,"","",RUA FREI CASSIMIRO,CTTU,RUA ARISTIDES MUNIZ,"",CTTU,SANTO AMARO,,SUBURBIO,ABALROAMENTO LONGITUDINAL,SEM VÍTIMA,1,1,,,,,,,,0,,Cruzamento,Bom,Não existe,Perfeito estado,Seca,Perfeito estado,Não existe,Placas Pare,40 km/h,Dupla,Faixa contínua,"",""
4101,2019-05-10T00:00:00,09:11:00,SEM VÍTIMA,FINALIZADA,IPUTINGA,AV MAURICIO DE NASSAU,155,"","",AV MAURICIO DE NASSAU,155,"",IPUTINGA,,CIDADE,ABALROAMENTO LONGITUDINAL,"",1,,,,,,1,,,0,,Longo da via,Bom,Não existe,Ilegível,Seca,Perfeito estado,Não existe,Outras,"",Dupla,Não existe,"",""
4102,2019-05-10T00:00:00,09:16:00,SEM VÍTIMA,DUPLICIDADE,IPUTINGA,AV MAURICIO DE NASSAU,155,"",EM FRENTE AO ATACADO DO VIDRO E A CAPELA DE SANTO ANTONIO,AV MAURICIO DE NASSAU,155,EM FRENTE AO ATACADO DO VIDRO E A CAPELA DE SANTO ANTONIO,IPUTINGA,,"",COLISÃO,AUTO E CAMINHÃO,1,,,,,,1,,,0,,"","","","","","","","","","","","",""
4103,2019-05-10T00:00:00,09:19:00,SEM VÍTIMA,FINALIZADA,IBURA,AV DOM HELDER CAMARA,"","",AO LADO DO POSTE Nº B 028746,AV DOM HELDER CAMARA,"",AO LADO DO POSTE Nº B 028746,IBURA,,CIDADE,ABALROAMENTO LONGITUDINAL,DOIS AUTOS PASSEIO,2,,,,,,,,,0,,Longo da via,Bom,Não existe,Perfeito estado,Seca,Perfeito estado,Não existe,Não há placas,60 km/h,Única,Faixa seccionada,"",""
4104,2019-05-10T00:00:00,09:21:00,COM VÍTIMA,FINALIZADA,SÃO JOSÉ,AV SUL,500,"","EM FRENTE A HIDRAUPEÇAS, SENT. CIDADE",AV SUL,500,"EM FRENTE A HIDRAUPEÇAS, SENT. CIDADE",SÃO JOSÉ,509,CIDADE,ABALROAMENTO LONGITUDINAL,AUTO E MOTO,1,1,,,,,,,,2,,Longo da via,Bom,Sem defeito,Perfeito estado,Seca,Perfeito estado,Não existe,Não há placas,60 km/h,Única,Faixa seccionada,"",""
4105,2019-05-10T00:00:00,09:37:00,SEM VÍTIMA,FINALIZADA,ENCRUZILHADA,RUA MARECHAL DEODORO,404,RUA LARGA DO FEITOZA,"",RUA MARECHAL DEODORO,404,"",ENCRUZILHADA,,SUBURBIO,ABALROAMENTO LONGITUDINAL,SEM VITIMAS,2,,,,,,,,,0,,Longo da via,Bom,Não existe,Perfeito estado,Seca,Perfeito estado,Não existe,Placas Pare,"",Única,Faixa seccionada,"",""
4106,2019-05-10T00:00:00,10:32:00,SEM VÍTIMA,FINALIZADA,MACAXEIRA,AV NORTE,7057,"",EM FRENTE A IGREJA CONGREGACIONAL,AV NORTE,7057,EM FRENTE A IGREJA CONGREGACIONAL,MACAXEIRA,,CIDADE,ABALROAMENTO LONGITUDINAL,CAMINHAO CARRETA / AUTO PASSEIO,1,,,,,,1,,,0,,Longo da via,Bom,Não existe,Incompleta,Seca,"",Não existe,Outras,60 km/h,Dupla,Faixa seccionada,Canteiro central,""
4107,2019-05-10T00:00:00,11:57:00,SEM VÍTIMA,CANCELADA,MUSTARDINHA,AV MANOEL GONCALVES DA LUZ,"","",EM FRENTE A PRAÇA DO ABC,AV MANOEL GONCALVES DA LUZ,"",EM FRENTE A PRAÇA DO ABC,MUSTARDINHA,,"",COLISÃO,SEM VITIMAS,1,,1,,,,,,,0,,"","","","","","","","","","","","",""
4108,2019-05-10T00:00:00,12:04:00,COM VÍTIMA,FINALIZADA,ENCRUZILHADA,AV NORTE,2120,"","EM FRENTE A PRAÇA DA PICANHA, SENTIDO MACAXEIRA. POSTO SHELL.",AV NORTE,2120,"EM FRENTE A PRAÇA DA PICANHA, SENTIDO MACAXEIRA. POSTO SHELL.",ENCRUZILHADA,665,SUBURBIO,ABALROAMENTO LONGITUDINAL,AUTO E MOTO.,1,1,,,,,,,,1,,Longo da via,Bom,Sem defeito,Perfeito estado,Seca,Perfeito estado,Faixa de pedestre,R-6a,60 km/h,Dupla,Canteiro central,"",""
4109,2019-05-10T00:00:00,12:10:00,SEM VÍTIMA,FINALIZADA,ARRUDA,AV BEBERIBE,"","",EM FRENTE AO ESTADIO JOSÉ DO REGO MACIEL,AV BEBERIBE,"",EM FRENTE AO ESTADIO JOSÉ DO REGO MACIEL,ARRUDA,,SUBURBIO,ABALROAMENTO LONGITUDINAL,COLISÃO SEM VÍTIMA,1,,,,,,1,,,0,,Longo da via,Bom,Sem defeito,Perfeito estado,Seca,Perfeito estado,Faixa de pedestre,R-6a,"",Dupla,Faixa contínua,"",""
4110,2019-05-10T00:00:00,12:07:00,COM VÍTIMA,CANCELADA,MANGUEIRA,RUA VINTE E UM DE ABRIL,2060,"","PET VINTE E UM DE ABRIL, PIZZARIA ROCK",RUA VINTE E UM DE ABRIL,2060,"PET VINTE E UM DE ABRIL, PIZZARIA ROCK",MANGUEIRA,,"",COLISÃO,COLISÃO COM VITIMA,1,1,,,,,,,,1,,"","","","","","","","","","","","",""
4111,2019-05-10T00:00:00,12:42:00,COM VÍTIMA,FINALIZADA,ARRUDA,RUA ZEFERINO AGRA,"",RUA DO MACHADO,EM FRENTE A IGREJA SANTO ANTÔNIO,RUA ZEFERINO AGRA,"",EM FRENTE A IGREJA SANTO ANTÔNIO,ARRUDA,,CIDADE,ABALROAMENTO TRANSVERSAL,AUTO E MOTO.,1,1,,,,,,,,1,,Cruzamento,Chuvoso,Não existe,Perfeito estado,Molhada,Perfeito estado,Faixa de retenção,Placas Pare,"",Dupla,Faixa seccionada,"",""
4112,2019-05-10T00:00:00,13:50:00,SEM VÍTIMA,FINALIZADA,BOA VIAGEM,RUA JOSE MARIA DE MIRANDA,177,RUA AVIADOR SEVERIANO LINS,"",RUA JOSE MARIA DE MIRANDA,177,"",BOA VIAGEM,,SUBURBIO,ABALROAMENTO LONGITUDINAL,COLISÃO SEM VÍTIMA,2,,,,,,,,,0,,Cruzamento,Bom,Não existe,Perfeito estado,Seca,Perfeito estado,Não existe,Placas Pare,"","",Não existe,"",""
4113,2019-05-10T00:00:00,14:06:00,SEM VÍTIMA,FINALIZADA,PINA,AV BOA VIAGEM,178,RUA SOUTO FILHO,"",AV BOA VIAGEM,178,"",PINA,,CIDADE,ABALROAMENTO LONGITUDINAL,COLISÃO SEM VÍTIMA,2,,,,,,,,,0,,Longo da via,Bom,Não existe,Perfeito estado,Seca,Perfeito estado,Não existe,Não há placas,"",Única,Faixa seccionada,"",""
4114,2019-05-10T00:00:00,14:16:00,SEM VÍTIMA,FINALIZADA,IBURA,RUA RIO DA PRATA,55,"",PROXIMO A ACADEMIA CIRCUIT,RUA RIO DA PRATA,55,PROXIMO A ACADEMIA CIRCUIT,IBURA,,SUBURBIO,CHOQUE VEÍCULO PARADO,COLISÃO SEM VÍTIMA,2,,,,,,,,,0,,Longo da via,Bom,Não existe,Perfeito estado,Seca,Perfeito estado,Não existe,Não há placas,30 km/h,Dupla,Não existe,"",""
4115,2019-05-10T00:00:00,14:28:00,SEM VÍTIMA,FINALIZADA,MADALENA,RUA REAL DA TORRE,778,RUA JOSE BONIFACIO,EM FRENTE AO O GUIA ARMAZÉM DE CONSTRUÇÃO,RUA REAL DA TORRE,778,EM FRENTE AO O GUIA ARMAZÉM DE CONSTRUÇÃO,MADALENA,,"",ABALROAMENTO LONGITUDINAL,COLISÃO SEM VÍTIMA,1,1,,,,,,,,0,,Cruzamento,Bom,Não existe,Incompleta,Seca,Perfeito estado,Não existe,Não há placas,"",Única,Faixa seccionada,"",""
4116,2019-05-10T00:00:00,14:44:00,SEM VÍTIMA,CANCELADA,AREIAS,AV RECIFE,3856,"",EM FRENTE AO CONDOMINIO IGNEZ ANDREAZZA E A BORRACHARIA RECIFE PNEUS/ SENTIDO CIDADE UNIVERSITARIA,AV RECIFE,3856,EM FRENTE AO CONDOMINIO IGNEZ ANDREAZZA E A BORRACHARIA RECIFE PNEUS/ SENTIDO CIDADE UNIVERSITARIA,AREIAS,,"",COLISÃO,COLISÃO SEM VÍTIMA,2,,,,,,,,,0,,"","","","","","","","","","","","",""
4117,2019-05-10T00:00:00,15:08:00,SEM VÍTIMA,FINALIZADA,SÃO JOSÉ,RUA VIDAL DE NEGREIROS,"","","",RUA VIDAL DE NEGREIROS,"","",SÃO JOSÉ,414,CIDADE,ABALROAMENTO LONGITUDINAL,COLISÃO SEM VÍTIMA,1,,,,,1,,,,0,,"",Chuvoso,Sem defeito,Perfeito estado,Molhada,Perfeito estado,"","",40 km/h,Dupla,Canteiro central,"",""
4118,2019-05-10T00:00:00,15:09:00,SEM VÍTIMA,FINALIZADA,IMBIRIBEIRA,AV MARECHAL MASCARENHAS DE MORAES,"","",AO LADO DA FIAT ITALIANA,AV MARECHAL MASCARENHAS DE MORAES,"",AO LADO DA FIAT ITALIANA,IMBIRIBEIRA,,SUBURBIO,ABALROAMENTO TRANSVERSAL,COLISÃO SEM VITIMA,2,,,,,,,,,0,,Longo da via,Bom,Não existe,Perfeito estado,Seca,Perfeito estado,Não existe,Não há placas,60 km/h,Dupla,Canteiro central,"",""
4119,2019-05-10T00:00:00,15:18:00,COM VÍTIMA,FINALIZADA,BOA VIAGEM,AV CONSELHEIRO AGUIAR,3197,RUA MAMANGUAPE,EM FRENTE A DROGASIL,AV CONSELHEIRO AGUIAR,3197,EM FRENTE A DROGASIL,BOA VIAGEM,,CIDADE,ABALROAMENTO TRANSVERSAL,AUTO E MOTO.,1,1,,,,,,,,1,,Cruzamento,Bom,Não existe,Perfeito estado,Seca,Perfeito estado,Outros,Outras,60 km/h,Única,Faixa contínua,Faixa seccionada,""
4120,2019-05-10T00:00:00,16:12:00,SEM VÍTIMA,FINALIZADA,IMBIRIBEIRA,AV MARECHAL MASCARENHAS DE MORAES,"","",PRÓX AO GERALDÃO,AV MARECHAL MASCARENHAS DE MORAES,"",PRÓX AO GERALDÃO,IMBIRIBEIRA,290,CIDADE,ABALROAMENTO LONGITUDINAL,COLISÃO SEM VITIMAS,2,,,,,,1,,,0,,Longo da via,Bom,Sem defeito,Perfeito estado,Seca,Perfeito estado,Faixa de pedestre,Outras,60 km/h,Dupla,Canteiro central,"",""
4121,2019-05-10T00:00:00,16:25:00,SEM VÍTIMA,FINALIZADA,BAIRRO DO RECIFE,RUA VIGARIO TENORIO,95,RUA DONA MARIA CESAR,SEC. DE ADMINISTRAÇÃO,RUA VIGARIO TENORIO,95,SEC. DE ADMINISTRAÇÃO,BAIRRO DO RECIFE,,SUBURBIO,ABALROAMENTO TRANSVERSAL,COLISÃO SEM VÍTIMA,2,,,,,,,,,0,,Cruzamento,Chuvoso,Não existe,Incompleta,Molhada,Perfeito estado,Não existe,"","",Única,Não existe,"",""
4122,2019-05-10T00:00:00,17:13:00,SEM VÍTIMA,CANCELADA,MADALENA,RUA BENFICA,"","",EM FRENTE A POLICLINICA LESSA DE ANDRADE,RUA BENFICA,"",EM FRENTE A POLICLINICA LESSA DE ANDRADE,MADALENA,,"",COLISÃO,COLISÃO SEM VITIMA,1,,,,,1,,,,0,,"","","","","","","","","","","","",""
4123,2019-05-10T00:00:00,17:23:00,SEM VÍTIMA,FINALIZADA,CIDADE UNIVERSITÁRIA,AV CAXANGA,4617,RUA CAXANGA AGAPE,"",AV CAXANGA,4617,"",CIDADE UNIVERSITÁRIA,,CIDADE,ABALROAMENTO LONGITUDINAL,COLISÃO SEM VITIMA,1,,,,,,1,,,0,,"",Chuvoso,Sem defeito,Perfeito estado,Molhada,Perfeito estado,Não existe,R-6a,50 km/h,Dupla,Canteiro central,"",""
4124,2019-05-10T00:00:00,17:52:00,SEM VÍTIMA,CANCELADA,JOANA BEZERRA,RUA AGUA DOCE,47,"",AO LADO DA ACADEMIA DA CIDADE,RUA AGUA DOCE,47,AO LADO DA ACADEMIA DA CIDADE,JOANA BEZERRA,,"",COLISÃO,"",1,,,,,1,,,,0,,"","","","","","","","","","","","",""
4125,2019-05-10T00:00:00,19:05:00,SEM VÍTIMA,FINALIZADA,SANTO ANTÔNIO,RUA DO SOL,"",AV GUARARAPES,"",RUA DO SOL,"","",SANTO ANTÔNIO,14,"",ABALROAMENTO LONGITUDINAL,SIENA X AUTO,2,,,,,,,,,0,,Cruzamento,Chuvoso,Sem defeito,Perfeito estado,Seca,Perfeito estado,"",Outras,"",Única,Faixa seccionada,"",""
4126,2019-05-10T00:00:00,19:16:00,SEM VÍTIMA,CANCELADA,BARRO,AV JORNALISTA COSTA PORTO,1080,"",APÓS A COMPESA DA UR-2 E A DESCIDA DA MONTE VERDE / E/F A ARTE GESSO - FAIXA DA DIREITA,AV JORNALISTA COSTA PORTO,1080,APÓS A COMPESA DA UR-2 E A DESCIDA DA MONTE VERDE / E/F A ARTE GESSO - FAIXA DA DIREITA,BARRO,,"",COLISÃO,ENTRE 2 AUTOS. S/V,2,,,,,,,,,0,,"","","","","","","","","","","","",""
4127,2019-05-10T00:00:00,19:49:00,SEM VÍTIMA,CANCELADA,ESPINHEIRO,RUA CONS PORTELA,162,RUA SANTO ELIAS,ESQUINA COM O POSTO PORTELA / E/F AO R ADVOCACIA,RUA CONS PORTELA,162,ESQUINA COM O POSTO PORTELA / E/F AO R ADVOCACIA,ESPINHEIRO,,"",ENGAVETAMENTO,ENTRE 3 AUTOS. S/V,3,,,,,,,,,0,,"","","","","","","","","","","","",""
4128,2019-05-10T00:00:00,20:02:00,SEM VÍTIMA,CANCELADA,BOA VIAGEM,RUA FELIX DE BRITO E MELO,"",RUA FRANCISCO DA CUNHA,SEMÁFORO 551,RUA FELIX DE BRITO E MELO,"",SEMÁFORO 551,BOA VIAGEM,,"",COLISÃO,ENTRE 2 AUTOS. S/V,2,,,,,,,,,0,,"","","","","","","","","","","","",""
4129,2019-05-10T00:00:00,20:05:00,SEM VÍTIMA,FINALIZADA,BAIRRO DO RECIFE,AV ALFREDO LISBOA,"","",EM FRENTE AO POSTO POLICIAL,AV ALFREDO LISBOA,"",EM FRENTE AO POSTO POLICIAL,BAIRRO DO RECIFE,,SUBURBIO,ABALROAMENTO LONGITUDINAL,CAMINHAO BAU X GOL,1,,,,,,1,,,0,,Longo da via,Bom,Sem defeito,Perfeito estado,Seca,Perfeito estado,Faixa de pedestre,R-6a,"",Única,Faixa seccionada,"",""
4130,2019-05-10T00:00:00,20:43:00,SEM VÍTIMA,FINALIZADA,PINA,AV HERCULANO BANDEIRA,1001,RUA ARQUITETO AUGUSTO REINALDO,ATACADO DA CONSTRUÇÃO,AV HERCULANO BANDEIRA,1001,ATACADO DA CONSTRUÇÃO,PINA,660,"",ABALROAMENTO LONGITUDINAL,ENTRE AUTO E ÔNIBUS. S/V,1,,,,,1,,,,0,,Cruzamento,Chuvoso,Sem defeito,Perfeito estado,Seca,Perfeito estado,Outros,Outras,"",Única,Faixa contínua,"",""
4131,2019-05-10T00:00:00,20:54:00,COM VÍTIMA,FINALIZADA,JORDÃO,AV MARIA IRENE,"","",SEMÁFORO 584 / PRÓX AO POSTO TOTAL E PRÓX. RUA CAFARNAUM,AV MARIA IRENE,"",SEMÁFORO 584 / PRÓX AO POSTO TOTAL E PRÓX. RUA CAFARNAUM,JORDÃO,584,SUBURBIO,COLISÃO,AUTO E MOTO,1,1,,,,,,,,2,,Longo da via,Bom,Sem defeito,"",Seca,Perfeito estado,"",Não há placas,"",Dupla,Não existe,"",""
4132,2019-05-10T00:00:00,22:08:00,SEM VÍTIMA,FINALIZADA,IMBIRIBEIRA,AV MARECHAL MASCARENHAS DE MORAES,"","",LADO OPOSTO AO HOTEL AEROPORTO,AV MARECHAL MASCARENHAS DE MORAES,"",LADO OPOSTO AO HOTEL AEROPORTO,IMBIRIBEIRA,,CIDADE,COLISÃO TRASEIRA,2 ONIX OBS: SUSPEITA DE EMBRIAGUEZ,2,,,,,,,,,0,,Longo da via,Bom,Não existe,Perfeito estado,Seca,Perfeito estado,Não existe,"","",Dupla,Canteiro central,"",""
4133,2019-05-10T00:00:00,22:34:00,COM VÍTIMA,FINALIZADA,BREJO DE BEBERIBE,AV VEREADOR OTACILIO AZEVEDO,843,RUA JOSE REBOUCAS,PROX AO TERMINAL BREJO DE BEBERIBE,AV VEREADOR OTACILIO AZEVEDO,843,PROX AO TERMINAL BREJO DE BEBERIBE,BREJO DE BEBERIBE,,SUBURBIO,ABALROAMENTO TRANSVERSAL,AUTO E MOTO,1,1,,,,,,,,1,,Esquina,Bom,Não existe,Perfeito estado,Seca,Perfeito estado,Não existe,Não há placas,"",Dupla,Não existe,"",""
4134,2019-05-11T00:00:00,07:53:00,COM VÍTIMA,FINALIZADA,IMBIRIBEIRA,AV MARECHAL MASCARENHAS DE MORAES,"",RUA JOEL CASSIO - MISSIONARIO,"",AV MARECHAL MASCARENHAS DE MORAES,"","",IMBIRIBEIRA,287,CIDADE,ATROPELAMENTO,ENTRE MOTO E PEDESTRE.,,1,,,1,,,,,2,,Longo da via,Bom,Sem defeito,Perfeito estado,Seca,Perfeito estado,Faixa de pedestre,Outras,60 km/h,Dupla,Canteiro central,"",""
4135,2019-05-11T00:00:00,08:12:00,SEM VÍTIMA,FINALIZADA,ESPINHEIRO,RUA DO ESPINHEIRO,119,"",EM FRENTE A HAPVIDA DO ESPINHEIRO,RUA DO ESPINHEIRO,119,EM FRENTE A HAPVIDA DO ESPINHEIRO,ESPINHEIRO,,CIDADE,ABALROAMENTO LONGITUDINAL,COLISÃO S/VITIMAS ENTRE DOIS AUTOS,2,,,,,,,,,0,,Longo da via,Bom,Não existe,Perfeito estado,Seca,Perfeito estado,Não existe,Não há placas,40 km/h,Única,Faixa seccionada,"",""
4136,2019-05-11T00:00:00,08:26:00,SEM VÍTIMA,CANCELADA,MUSTARDINHA,RUA JOSE MOREIRA REIS,396,"",EM FRENTE AO PET SHOP,RUA JOSE MOREIRA REIS,396,EM FRENTE AO PET SHOP,MUSTARDINHA,,"",COLISÃO,CAMINHA O E AUTO PASSEIO,1,,,,,,1,,,0,,"","","","","","","","","","","","",""
4137,2019-05-11T00:00:00,09:04:00,SEM VÍTIMA,FINALIZADA,IMBIRIBEIRA,AV MARECHAL MASCARENHAS DE MORAES,"","",EM FRENTE À LOCALIZA,AV MARECHAL MASCARENHAS DE MORAES,"",EM FRENTE À LOCALIZA,IMBIRIBEIRA,218,CIDADE,COLISÃO TRASEIRA,COLISÃO S/VITIMAS ENTRE TRÊS AUTOS,3,,,,,,,,,0,,Longo da via,Bom,Sem defeito,Perfeito estado,Seca,Perfeito estado,Faixa de pedestre,"",60 km/h,Única,Faixa seccionada,"",""
4138,2019-05-11T00:00:00,09:09:00,COM VÍTIMA,FINALIZADA,NOVA DESCOBERTA,RUA CORREGO DA AREIA,317,"","",RUA CORREGO DA AREIA,317,"",NOVA DESCOBERTA,,CIDADE,ABALROAMENTO LONGITUDINAL,DUAS MOTOS.,,2,,,,,,,,1,,Longo da via,Bom,Não existe,Não existente,Seca,Perfeito estado,Não existe,Não há placas,"",Dupla,Não existe,"",""
4139,2019-05-11T00:00:00,09:32:00,COM VÍTIMA,FINALIZADA,VÁRZEA,AV AFONSO OLINDENSE,96,"",EM FRENTE AO ATACADAO FERREIRA,AV AFONSO OLINDENSE,96,EM FRENTE AO ATACADAO FERREIRA,VÁRZEA,,SUBURBIO,COLISÃO TRASEIRA,AUTO E MOTO.,1,1,,,,,,,,1,,Longo da via,Bom,Não existe,Perfeito estado,Seca,Perfeito estado,Faixa de retenção,Não há placas,"",Dupla,Faixa,"",""
4140,2019-05-11T00:00:00,10:16:00,SEM VÍTIMA,FINALIZADA,VÁRZEA,RUA PROFESSOR CHAVES BATISTA,197,"","",RUA PROFESSOR CHAVES BATISTA,197,"",VÁRZEA,,SUBURBIO,CHOQUE VEÍCULO PARADO,COLISÃO/S VITIMAS ENTRE DOIS AUTOS,2,,,,,,,,,0,,Longo da via,Bom,Não existe,Não existente,Seca,Perfeito estado,Não existe,Não há placas,30 km/h,Dupla,Não existe,"",""
4141,2019-05-11T00:00:00,10:34:00,SEM VÍTIMA,FINALIZADA,VÁRZEA,AV CAXANGA,132,"",LADO OPOSTO AO LIDER GÁS,AV CAXANGA,132,LADO OPOSTO AO LIDER GÁS,VÁRZEA,,CIDADE,COLISÃO TRASEIRA,SEM VÍTMA,2,,,,,,,,,0,,Longo da via,Bom,Sem defeito,Perfeito estado,Seca,Perfeito estado,Faixa de pedestre,Outras,60 km/h,Dupla,Canteiro central,"",""
4142,2019-05-11T00:00:00,10:54:00,SEM VÍTIMA,CANCELADA,BEBERIBE,RUA CAMPOS NOVOS,239,RUA TAGUATINGA,APOIS A PRAÇA DA CONVEÇÃO,RUA CAMPOS NOVOS,239,APOIS A PRAÇA DA CONVEÇÃO,BEBERIBE,,SUBURBIO,CHOQUE,VEICULO SE CHOCOU COM MURO,,,,,,,,,,0,,"","","","","","","","","","","","",""
4143,2019-05-11T00:00:00,11:21:00,SEM VÍTIMA,FINALIZADA,VÁRZEA,RUA PROFESSOR CHAVES BATISTA,"",RUA EMILIANO BRAGA,"",RUA PROFESSOR CHAVES BATISTA,"","",VÁRZEA,,SUBURBIO,ABALROAMENTO TRANSVERSAL,DOIS AUTOS VT 13 NO QTH,2,,,,,,,,,0,,Cruzamento,Bom,Não existe,Não existente,Seca,Perfeito estado,Não existe,Não há placas,30 km/h,Dupla,Não existe,"",""
4144,2019-05-11T00:00:00,11:37:00,SEM VÍTIMA,FINALIZADA,ÁGUA FRIA,AV BEBERIBE,2143,"",EM FRENTE AS LOJAS ARRASTA PÉ,AV BEBERIBE,2143,EM FRENTE AS LOJAS ARRASTA PÉ,ÁGUA FRIA,187,"",COLISÃO TRASEIRA,MICROONIBUS E CAMINHAO,,,,,,1,1,,,0,,Longo da via,Bom,Sem defeito,Perfeito estado,Seca,Perfeito estado,Não existe,Outras,30 km/h,Dupla,Faixa contínua,"",""
4145,2019-05-11T00:00:00,13:24:00,SEM VÍTIMA,FINALIZADA,PINA,RUA MANOEL DE BRITO,"",RUA MELQUI RIBEIRO ROMA,"",RUA MANOEL DE BRITO,"","",PINA,,CIDADE,ABALROAMENTO TRANSVERSAL,COLISÃO SEM VITIMA/ A SOLICITANTE INFORMA QUE ESTÁ SENDO AMEAÇADA POR PESSOAS NO LOCAL. ORIENTADA A SOLICITAR APOIO AO 190,1,1,,,,,,,,0,,Longo da via,Bom,Não existe,Perfeito estado,Seca,Perfeito estado,Não existe,Não há placas,"",Única,Faixa seccionada,"",""
4146,2019-05-11T00:00:00,13:25:00,COM VÍTIMA,FINALIZADA,CASA FORTE,RUA AFONSO DE ALBUQUERQUE MELO,48,RUA JOAO TUDE DE MELO,PRAÇA BARÃO DE CAIARA,RUA AFONSO DE ALBUQUERQUE MELO,48,PRAÇA BARÃO DE CAIARA,CASA FORTE,,CIDADE,ABALROAMENTO TRANSVERSAL,AUTO E MOTO.,1,1,,,,,,,,1,,Longo da via,Bom,Não existe,Perfeito estado,Seca,Perfeito estado,Outros,Placas Pare,"","",Faixa contínua,"",""
4147,2019-05-11T00:00:00,14:10:00,SEM VÍTIMA,CANCELADA,BOA VIAGEM,RUA BRUNO VELOSO,"",AV ENGENHEIRO DOMINGOS FERREIRA,"PROX. A PARADA 13, APOS O LAÇA BURGUER",RUA BRUNO VELOSO,"","PROX. A PARADA 13, APOS O LAÇA BURGUER",BOA VIAGEM,,"",COLISÃO,COLISÃO SEM VITIMAS,1,,,,,1,,,,0,,"","","","","","","","","","","","",""
4148,2019-05-11T00:00:00,14:22:00,SEM VÍTIMA,FINALIZADA,CAMPO GRANDE,RUA VOLUNTARIOS DA PATRIA,628,"",EDF QUEIMADAS,RUA VOLUNTARIOS DA PATRIA,628,EDF QUEIMADAS,CAMPO GRANDE,,SUBURBIO,ABALROAMENTO LONGITUDINAL,"ART 181, FISCALIZAÇÃO VEICULOS ESTACIONADO EM LOCAL PROIBIDO NA PRAÇA JARDIM DO BAOBÁ",1,,,,,,,,1,0,,Longo da via,Bom,Não existe,Não existente,Seca,Perfeito estado,Não existe,Não há placas,"",Dupla,Não existe,"",""
4149,2019-05-11T00:00:00,15:14:00,SEM VÍTIMA,FINALIZADA,CAMPO GRANDE,RUA VOLUNTARIOS DA PATRIA,601,"",EM FRENTE AO EDIF. QUEIMADAS,RUA VOLUNTARIOS DA PATRIA,601,EM FRENTE AO EDIF. QUEIMADAS,CAMPO GRANDE,,"",COLISÃO,COLISÃO SEM VITIMAS,1,,,,,,,,1,0,,"","","","","","","","","","","","",""
4150,2019-05-11T00:00:00,15:23:00,SEM VÍTIMA,CANCELADA,BARRO,RUA AMADOR ARAUJO,541,"",PROX. AO SEMITERIO DO BARRO,RUA AMADOR ARAUJO,541,PROX. AO SEMITERIO DO BARRO,BARRO,,"",COLISÃO,COLISÃO SEM VITIMAS,2,,,,,,,,,0,,"","","","","","","","","","","","",""