_id,DATA,hora,natureza_acidente,situacao,bairro,endereco,numero,detalhe_endereco_acidente,complemento,endereco_cruzamento,numero_cruzamento,referencia_cruzamento,bairro_cruzamento,num_semaforo,sentido_via,tipo,descricao,auto,moto,ciclom,ciclista,pedestre,onibus,caminhao,viatura,outros,vitimas,vitimasfatais,acidente_verificado,tempo_clima,situacao_semaforo,sinalizacao,condicao_via,conservacao_via,ponto_controle,situacao_placa,velocidade_max_via,mao_direcao,divisao_via1,divisao_via2,divisao_via3
4151,2019-05-11T00:00:00,15:35:00,COM VÍTIMA,FINALIZADA,SANTO AMARO,AV GOVERNADOR AGAMENON MAGALHAES,"","","ANTES DO TACARUNA, PROX. DO POSTO BR...SENTIDO OLINDA.",AV GOVERNADOR AGAMENON MAGALHAES,"","ANTES DO TACARUNA, PROX. DO POSTO BR...SENTIDO OLINDA.",SANTO AMARO,,SUBURBIO,COLISÃO,COLISÃO COM VITIMA/ CONDUTOR DO AUTO SE EVADIU DO LOCAL,,1,,,,,,,,1,,"",Bom,Não existe,Perfeito estado,Seca,Perfeito estado,Não existe,Não há placas,"",Dupla,Canal,"",""
4152,2019-05-11T00:00:00,16:00:00,SEM VÍTIMA,FINALIZADA,BOA VIAGEM,AV FERNANDO SIMOES BARBOSA,1030,RUA DOM JOSE LOPES,"",AV FERNANDO SIMOES BARBOSA,1030,"",BOA VIAGEM,,SUBURBIO,COLISÃO TRASEIRA,ENGAVETAMENTO ENTRE TRES VEICULOS SEM VITIMAS,3,,,,,,,,,0,,Longo da via,Bom,Não existe,Perfeito estado,Seca,"",Não existe,R-6a,"",Dupla,Faixa seccionada,"",""
4153,2019-05-11T00:00:00,16:51:00,SEM VÍTIMA,FINALIZADA,MADALENA,RUA REAL DA TORRE,191,"","",RUA REAL DA TORRE,191,"",MADALENA,,SUB/CID,ABALROAMENTO LONGITUDINAL,ONIBUS E AUTO PASSEIO SEM VITIMAS,1,,,,,1,,,,0,,Longo da via,Bom,Não existe,Perfeito estado,Seca,Perfeito estado,Não existe,Outras,50 km/h,Única,Não existe,"",""
4154,2019-05-11T00:00:00,17:09:00,SEM VÍTIMA,FINALIZADA,BOA VISTA,RUA GERVASIO PIRES,132,AV MANOEL BORBA,HOTEL CENTRAL,RUA GERVASIO PIRES,132,HOTEL CENTRAL,BOA VISTA,169,SUBURBIO,ABALROAMENTO TRANSVERSAL,DOIS AUTO SEM VITIMAS,2,,,,,,,,,0,,Cruzamento,Bom,Desligado,Perfeito estado,Seca,Perfeito estado,Faixa de pedestre,R-6a,60 km/h,Única,Faixa contínua,"",""
4155,2019-05-11T00:00:00,19:09:00,COM VÍTIMA,FINALIZADA,CAMPO GRANDE,EST DE BELEM,226,RUA ELIAS GOMES,PRÓX AO POSTO TOTAL E RECIFE SILL / E/F A PARÓQUIA NOSSA SENHORA DE BELÉM,EST DE BELEM,226,PRÓX AO POSTO TOTAL E RECIFE SILL / E/F A PARÓQUIA NOSSA SENHORA DE BELÉM,CAMPO GRANDE,,"",ABALROAMENTO TRANSVERSAL,AUTO E MOTO.,1,1,,,,,,,,1,,Cruzamento,Bom,Não existe,Ilegível,Seca,Mal iluminada,Não existe,Não há placas,"",Dupla,Faixa seccionada,"",""
4156,2019-05-11T00:00:00,19:26:00,SEM VÍTIMA,FINALIZADA,IBURA,RUA DR OTAVIO DE MORAES VASCONCELOS,"",RUA CAPITAO VICENTE CURADO,"",RUA DR OTAVIO DE MORAES VASCONCELOS,"","",IBURA,,"",ABALROAMENTO TRANSVERSAL,ENTRE 2 AUTOS. S/V,2,,,,,,,,,0,,Cruzamento,Bom,Não existe,Não existente,Seca,Mal conservada,Não existe,Não há placas,"",Dupla,Não existe,"",""
4157,2019-05-11T00:00:00,23:12:00,SEM VÍTIMA,FINALIZADA,BOA VIAGEM,AV CONSELHEIRO AGUIAR,"",RUA BRUNO VELOSO,PRÓX A DROGASIL,AV CONSELHEIRO AGUIAR,"",PRÓX A DROGASIL,BOA VIAGEM,148,SUBURBIO,ABALROAMENTO LONGITUDINAL,ENTRE 2 AUTOS. S/V,2,,,,,,,,,0,,Cruzamento,Bom,Sem defeito,Perfeito estado,Seca,Perfeito estado,Faixa de pedestre,R-6a,"",Única,Canteiro central,"",""
4158,2019-05-12T00:00:00,00:39:00,COM VÍTIMA,FINALIZADA,SÃO JOSÉ,RUA IMPERIAL,363,RUA DO PEIXOTO,IGREJA MATRIZ BAIRRO E SÃO JOSÉ.,RUA IMPERIAL,363,IGREJA MATRIZ BAIRRO E SÃO JOSÉ.,SÃO JOSÉ,414,CIDADE,ABALROAMENTO TRANSVERSAL,DOIS AUTOS.,2,,,,,,,,,1,,Cruzamento,Bom,Sem defeito,Perfeito estado,Seca,Perfeito estado,Faixa de pedestre,"",40 km/h,Única,"","",""
4159,2019-05-12T00:00:00,01:07:00,SEM VÍTIMA,FINALIZADA,IPUTINGA,AV MAURICIO DE NASSAU,502,"","",AV MAURICIO DE NASSAU,502,"",IPUTINGA,,SUBURBIO,CHOQUE VEÍCULO PARADO,CONDUTOR PERDEU O CONTROLE DE VEICULO E CHOCOU-SE CONTRA UM VEICULO ESTACIONADO,2,,,,,,,,,0,,Longo da via,Bom,Não existe,Perfeito estado,Seca,Perfeito estado,"","","",Dupla,Faixa contínua,"",""
4160,2019-05-12T00:00:00,06:46:00,SEM VÍTIMA,CANCELADA,IMBIRIBEIRA,AV MARECHAL MASCARENHAS DE MORAES,4223,"",EM FRENTE AO CLUBE RODOVIARIO DER,AV MARECHAL MASCARENHAS DE MORAES,4223,EM FRENTE AO CLUBE RODOVIARIO DER,IMBIRIBEIRA,,AFOGADOS,COLISÃO,SEM VITIMAS,2,,,,,,,,,0,,"","","","","","","","","","","","",""
4161,2019-05-12T00:00:00,07:18:00,SEM VÍTIMA,FINALIZADA,ENCRUZILHADA,AV BEBERIBE,"","",SOB O SEMÁFORO 238,AV BEBERIBE,"",SOB O SEMÁFORO 238,ENCRUZILHADA,238,SUBURBIO,CHOQUE OBJETO FIXO,VEICULO CHOCOU- SE COM POSTE,1,,,,,,,,,0,,Longo da via,Bom,Sem defeito,Perfeito estado,Seca,Perfeito estado,Faixa de pedestre,Outras,40 km/h,Dupla,Faixa contínua,Faixa seccionada,""
4162,2019-05-12T00:00:00,10:06:00,SEM VÍTIMA,FINALIZADA,BOA VISTA,RUA DOM BOSCO,"",AV CONDE DA BOA VISTA,POSTO DOM BOSCO,RUA DOM BOSCO,"",POSTO DOM BOSCO,BOA VISTA,,SUBURBIO,COLISÃO TRASEIRA,SEM VITIMAS,2,,,,,,,,,0,,Longo da via,Bom,Sem defeito,Perfeito estado,Seca,Perfeito estado,Faixa de pedestre,Outras,"",Única,Faixa contínua,"",""
4163,2019-05-12T00:00:00,11:40:00,COM VÍTIMA,FINALIZADA,ARRUDA,AV BEBERIBE,"",RUA BOLIVAR,EM FRENTE AO CAMPO DO SANTA,AV BEBERIBE,"",EM FRENTE AO CAMPO DO SANTA,ARRUDA,,CIDADE,ABALROAMENTO TRANSVERSAL,AUTO E MOTO.,1,1,,,,,,,,1,,Esquina,Bom,Não existe,Não existente,Seca,Perfeito estado,Não existe,Não há placas,"",Dupla,Não existe,"",""
4164,2019-05-12T00:00:00,11:53:00,SEM VÍTIMA,FINALIZADA,CASA AMARELA,AV NORTE,4807,"",EM FRENTE AO IMÓVEL,AV NORTE,4807,EM FRENTE AO IMÓVEL,CASA AMARELA,,CIDADE,COLISÃO TRASEIRA,COLISÃO SEM VITIMAS,3,,,,,,,,,0,,Longo da via,Bom,Não existe,Perfeito estado,Seca,Perfeito estado,Não existe,R-6a,"",Dupla,Faixa seccionada,Canteiro central,""
4165,2019-05-12T00:00:00,12:08:00,SEM VÍTIMA,FINALIZADA,SÃO JOSÉ,RUA DA CONCORDIA,351,RUA TOBIAS BARRETO,"",RUA DA CONCORDIA,351,"",SÃO JOSÉ,,"",ABALROAMENTO TRANSVERSAL,COLISÃO SEM VITIMAS,1,,,,,,1,,,0,,Cruzamento,Bom,Não existe,Perfeito estado,Seca,Perfeito estado,"",Não há placas,"",Única,"","",""
4166,2019-05-12T00:00:00,12:29:00,SEM VÍTIMA,CANCELADA,BEBERIBE,PRC DA CONVENCAO,128,"",EM FRENTE AO MERCADO PUBLICO DE BEBERIBE,PRC DA CONVENCAO,128,EM FRENTE AO MERCADO PUBLICO DE BEBERIBE,BEBERIBE,,"",COLISÃO,COLISÃO S/ VITIMAS ENTRE UM AUTO E ÔNIBUS,2,,,,,,,,,0,,"","","","","","","","","","","","",""
4167,2019-05-12T00:00:00,13:09:00,SEM VÍTIMA,FINALIZADA,IPSEP,AV RECIFE,"","",EM FRENTE A PARADA 020165,AV RECIFE,"",EM FRENTE A PARADA 020165,IPSEP,,SUBURBIO,COLISÃO TRASEIRA,COLISÃO SEM VITIMAS,1,,,,,1,,,,0,,Longo da via,Bom,Não existe,Perfeito estado,Seca,Perfeito estado,Outros,Outras,60 km/h,Dupla,Canteiro central,"",""
4168,2019-05-12T00:00:00,13:26:00,SEM VÍTIMA,FINALIZADA,BOA VISTA,AV GOVERNADOR AGAMENON MAGALHAES,2807,"",CIRCULO MILITAR DO RECIFE,AV GOVERNADOR AGAMENON MAGALHAES,2807,CIRCULO MILITAR DO RECIFE,BOA VISTA,,"",COLISÃO TRASEIRA,COLISÃO SEM VÍTIMA,4,,,,,,,,,0,,Longo da via,Bom,Não existe,Perfeito estado,Seca,Perfeito estado,"",R-19,60 km/h,Dupla,Canal,"",""
4169,2019-05-12T00:00:00,14:01:00,SEM VÍTIMA,FINALIZADA,IMBIRIBEIRA,AV MARECHAL MASCARENHAS DE MORAES,6133,"",EM FRENTE A LOCADORA FOCOS,AV MARECHAL MASCARENHAS DE MORAES,6133,EM FRENTE A LOCADORA FOCOS,IMBIRIBEIRA,,SUBURBIO,ABALROAMENTO LONGITUDINAL,COLISÃO SEM VÍTIMA,1,1,,,,,,,,0,,Longo da via,Bom,Não existe,Perfeito estado,Seca,Perfeito estado,Outros,Outras,"",Dupla,Faixa seccionada,Canteiro central,""
4170,2019-05-12T00:00:00,17:48:00,COM VÍTIMA,FINALIZADA,ÁGUA FRIA,RUA LADEIRA DE PEDRA,303,"",PRÓX AO TERMINAL DO ALTO DO PASCAL,RUA LADEIRA DE PEDRA,303,PRÓX AO TERMINAL DO ALTO DO PASCAL,ÁGUA FRIA,,CIDADE,ATROPELAMENTO,ATROPELAMENTO COM DUAS MOTOCICLETAS ENVOLVIDAS.,,2,,,1,,,,,1,,Longo da via,Bom,Não existe,Não existente,Seca,Perfeito estado,Não existe,Não há placas,"",Dupla,Não existe,"",""
4171,2019-05-12T00:00:00,17:57:00,COM VÍTIMA,FINALIZADA,IMBIRIBEIRA,RUA REMIGIO,"","",APÓS O TUNEL SENTIDO SENTIDO AEROPORTO. NO GIRADOURO FELIPE CAMARÃO.,RUA REMIGIO,"",APÓS O TUNEL SENTIDO SENTIDO AEROPORTO. NO GIRADOURO FELIPE CAMARÃO.,IMBIRIBEIRA,,CIDADE,TOMBAMENTO,TOMBAMENTO DE UMA MOTOCICLETA.,,1,,,,,,,,1,,Longo da via,Bom,Não existe,Perfeito estado,Seca,Mal conservada,Não existe,Não há placas,"",Única,Canteiro central,"",""
4172,2019-05-12T00:00:00,18:13:00,SEM VÍTIMA,CANCELADA,IPUTINGA,RUA GASPAR PEREZ,311,"",ANTIGO ESCRITORIO DO BOMPREÇO,RUA GASPAR PEREZ,311,ANTIGO ESCRITORIO DO BOMPREÇO,IPUTINGA,,"",COLISÃO,AUTO E MOTO SEM VITIMAS,1,1,,,,,,,,0,,"","","","","","","","","","","","",""
4173,2019-05-12T00:00:00,22:21:00,COM VÍTIMA,FINALIZADA,BONGI,RUA DONA MARIA AUGUSTA NOGUEIRA,76,"",AO LADO DO POSTO DE GASOLINA BR,RUA DONA MARIA AUGUSTA NOGUEIRA,76,AO LADO DO POSTO DE GASOLINA BR,BONGI,,SUBURBIO,ATROPELAMENTO,ATROPELAMENTO DE PEDESTRE,1,,,,1,,,,,1,,Longo da via,Bom,Não existe,Perfeito estado,Seca,Perfeito estado,Não existe,Não há placas,"",Dupla,Não existe,"",""
4174,2019-05-12T00:00:00,23:09:00,COM VÍTIMA,FINALIZADA,AFOGADOS,RUA MOTOCOLOMBO,"",RUA PROFESSOR AUGUSTO WANDERLEY FILHO,SEMÁFORO 039 / E/F AO TROCÃO,RUA MOTOCOLOMBO,"",SEMÁFORO 039 / E/F AO TROCÃO,AFOGADOS,39,CIDADE,ABALROAMENTO TRANSVERSAL,ENTRE 2 AUTOS. C/V,2,,,,,,,,,4,,Cruzamento,Bom,Sem defeito,Perfeito estado,Seca,Perfeito estado,Outros,R-6c,"",Única,Faixa seccionada,"",""
4175,2019-05-13T00:00:00,07:36:00,COM VÍTIMA,FINALIZADA,CASA AMARELA,RUA ARNOLDO MAGALHAES,22,"",EDF ALIANÇA,RUA ARNOLDO MAGALHAES,22,EDF ALIANÇA,CASA AMARELA,,CIDADE,ABALROAMENTO TRANSVERSAL,MOTO E AUTO,1,,,,,,,,,1,,Longo da via,Bom,Não existe,Perfeito estado,Seca,Perfeito estado,Não existe,R-6a,"",Dupla,Não existe,"",""
4176,2019-05-13T00:00:00,07:56:00,SEM VÍTIMA,CANCELADA,ESPINHEIRO,AV ENGENHEIRO AGAMENON DE MAGALHAES MELO,2860,"",EM FRENTE AO EDIFICIO MARIA CLARA,AV ENGENHEIRO AGAMENON DE MAGALHAES MELO,2860,EM FRENTE AO EDIFICIO MARIA CLARA,ESPINHEIRO,,"",COLISÃO,COLISÃO S/VITIMAS ENTRE DOIS AUTOS,2,,,,,,,,,0,,"","","","","","","","","","","","",""
4177,2019-05-13T00:00:00,08:12:00,SEM VÍTIMA,CANCELADA,MADALENA,RUA BENFICA,"",PRC DO INTERNACIONAL,EM FRENTE AO CLUBE INTERNACIONAL,RUA BENFICA,"",EM FRENTE AO CLUBE INTERNACIONAL,MADALENA,515,CIDADE,COLISÃO,SEM VITIMAS,1,,,,,1,,,,0,,"","","","","","","","","","","","",""
4178,2019-05-13T00:00:00,08:30:00,SEM VÍTIMA,FINALIZADA,AREIAS,AV DR JOSE RUFINO,299,"","",AV DR JOSE RUFINO,299,"",AREIAS,82,CIDADE,ABALROAMENTO LONGITUDINAL,COLISÃO S/VITIMAS ENTRE DOIS AUTOS,1,,,,,,1,,,0,,Longo da via,Bom,Sem defeito,Perfeito estado,Seca,Perfeito estado,Faixa de pedestre,R-6a,"",Dupla,Faixa contínua,"",""
4179,2019-05-13T00:00:00,08:30:00,SEM VÍTIMA,FINALIZADA,ESTÂNCIA,AV DR JOSE RUFINO,299,"",EM FRENTE AO COLEGIO VISÃO,AV DR JOSE RUFINO,299,EM FRENTE AO COLEGIO VISÃO,ESTÂNCIA,82,CIDADE,ABALROAMENTO LONGITUDINAL,COLISÃO S/VITIMAS ENTRE DOIS AUTOS,1,,,,,,1,,1,0,,Longo da via,Nublado,Sem defeito,Incompleta,Seca,"","",Outras,"",Dupla,"","",""
4180,2019-05-13T00:00:00,08:51:00,SEM VÍTIMA,FINALIZADA,BAIRRO DO RECIFE,AV ALFREDO LISBOA,1152,"",EM FRENTE A RECEITA FEDERAL,AV ALFREDO LISBOA,1152,EM FRENTE A RECEITA FEDERAL,BAIRRO DO RECIFE,,SUBURBIO,CHOQUE VEÍCULO PARADO,COLISÃO S/VITIMAS ENTRE 4 AUTOS,4,,,,,,,,,0,,Longo da via,Bom,Sem defeito,Perfeito estado,Seca,Perfeito estado,"",R-6a,"",Única,Faixa seccionada,"",""
4181,2019-05-13T00:00:00,09:41:00,SEM VÍTIMA,FINALIZADA,CORDEIRO,RUA FORMOSA,27,"","",RUA FORMOSA,27,"",CORDEIRO,,"",CHOQUE VEÍCULO PARADO,COLISÃO SEM VITIMAS,2,,,,,,,,,0,,Longo da via,Bom,Não existe,Perfeito estado,Seca,Perfeito estado,Não existe,Não há placas,"",Dupla,Não existe,"",""
4182,2019-05-13T00:00:00,09:53:00,SEM VÍTIMA,FINALIZADA,CORDEIRO,RUA GOMES TABORDA,682,"",EM FRENTE A CELIO BIKE,RUA GOMES TABORDA,682,EM FRENTE A CELIO BIKE,CORDEIRO,,SUBURBIO,ABALROAMENTO LONGITUDINAL,"",2,,,,,,,,,0,,Longo da via,Bom,Não existe,Perfeito estado,Seca,Perfeito estado,Não existe,Não há placas,"",Dupla,Faixa seccionada,"",""
4183,2019-05-13T00:00:00,11:35:00,SEM VÍTIMA,FINALIZADA,CORDEIRO,RUA HONORIO CORREIA,"",RUA GREGORIO JUNIOR,"",RUA HONORIO CORREIA,"","",CORDEIRO,,"",ABALROAMENTO LONGITUDINAL,COLISÃO S/VITIMAS ENTRE DOIS AUTOS,2,,,,,,,,,0,,Longo da via,Bom,Não existe,Perfeito estado,Seca,Perfeito estado,Não existe,R-25a,"",Única,Faixa contínua,"",""
4184,2019-05-13T00:00:00,11:37:00,SEM VÍTIMA,FINALIZADA,CASA FORTE,RUA PROFESSOR ALVARO LIMA,1284,EST DO ENCANAMENTO,EM FRENTE A CASA DE EVENTOS ESTRIPULIA,RUA PROFESSOR ALVARO LIMA,1284,EM FRENTE A CASA DE EVENTOS ESTRIPULIA,CASA FORTE,,SUBURBIO,ABALROAMENTO LONGITUDINAL,COLISÃO S/VITIMAS ENTRE DOIS AUTOS,2,,,,,,,,,0,,Cruzamento,Bom,Não existe,Perfeito estado,Seca,Perfeito estado,Não existe,Outras,"",Única,Não existe,"",""
4185,2019-05-13T00:00:00,12:07:00,SEM VÍTIMA,CANCELADA,JORDÃO,RUA JOSE MARTORANO,4,"",EM FRENTE AO MERCADINHO ECONOMICO,RUA JOSE MARTORANO,4,EM FRENTE AO MERCADINHO ECONOMICO,JORDÃO,,"",COLISÃO,COLISÃO S/VITIMAS ENTRE DOIS AUTOS,2,,,,,,,,,0,,"","","","","","","","","","","","",""
4186,2019-05-13T00:00:00,12:26:00,SEM VÍTIMA,FINALIZADA,GRAÇAS,RUA DAS CREOULAS,"","",E/F AO MACUNAIMA,RUA DAS CREOULAS,"",E/F AO MACUNAIMA,GRAÇAS,,"",COLISÃO TRASEIRA,COLISÃO S/VITIMAS ENTRE DOIS AUTOS,2,,,,,,,,,0,,Longo da via,Bom,Não existe,Perfeito estado,Seca,Perfeito estado,Faixa de pedestre,R-6a,"",Única,Não existe,"",""
4187,2019-05-13T00:00:00,12:33:00,SEM VÍTIMA,FINALIZADA,BOA VIAGEM,AV DOM JOAO VI,"","",LADO OPOSTO A MC DONALDS,AV DOM JOAO VI,"",LADO OPOSTO A MC DONALDS,BOA VIAGEM,,SUBURBIO,COLISÃO TRASEIRA,COLISÃO SEM VÍTIMA,3,,,,,,,,,0,,Longo da via,Bom,Não existe,Perfeito estado,Seca,Perfeito estado,Não existe,Não há placas,"",Dupla,Canteiro central,"",""
4188,2019-05-13T00:00:00,13:10:00,SEM VÍTIMA,CANCELADA,BOA VIAGEM,RUA BRUNO VELOSO,403,"",NA SAIDA DO SHOPPING RECIFE,RUA BRUNO VELOSO,403,NA SAIDA DO SHOPPING RECIFE,BOA VIAGEM,,SUBURBIO,COLISÃO,COLISAO SEM VITIMAS,1,,,,,1,,,,0,,"","","","","","","","","","","","",""
4189,2019-05-13T00:00:00,13:14:00,SEM VÍTIMA,CANCELADA,JAQUEIRA,AV CONS ROSA E SILVA,1829,"",EM FRENTE AO EDIFICIO TABOCAS,AV CONS ROSA E SILVA,1829,EM FRENTE AO EDIFICIO TABOCAS,JAQUEIRA,,"",COLISÃO,COLISÃO SEM VÍTIMA,2,,,,,,,,,0,,"","","","","","","","","","","","",""
4190,2019-05-13T00:00:00,13:21:00,COM VÍTIMA,FINALIZADA,NOVA DESCOBERTA,AV VEREADOR OTACILIO AZEVEDO,"","","PRÓXIMO À UPA, CLUBE DA PISCINA DO BREJO",AV VEREADOR OTACILIO AZEVEDO,"","PRÓXIMO À UPA, CLUBE DA PISCINA DO BREJO",NOVA DESCOBERTA,,SUBURBIO,ABALROAMENTO TRANSVERSAL,COLISÃO ENTRE AUTO E MOTO COM VÍTIMA,1,1,,,,,,,,1,,Longo da via,Bom,Não existe,Perfeito estado,Seca,Perfeito estado,Não existe,Não há placas,40 km/h,Dupla,Faixa contínua,"",""
4191,2019-05-13T00:00:00,13:32:00,SEM VÍTIMA,FINALIZADA,DERBY,RUA AMAURI DE MEDEIROS,"","",EM FRENTE AO Nº 200,RUA AMAURI DE MEDEIROS,"",EM FRENTE AO Nº 200,DERBY,,"",ABALROAMENTO LONGITUDINAL,BRT E AUTO PASSEIO SEM VITIMAS,1,,,,,1,,,,0,,Longo da via,Bom,Não existe,Incompleta,Seca,Mal conservada,Não existe,R-6a,"",Única,Não existe,"",""
4192,2019-05-13T00:00:00,13:37:00,SEM VÍTIMA,FINALIZADA,CASA AMARELA,EST DO ARRAIAL,"","",SEMÁFORO 291,EST DO ARRAIAL,"",SEMÁFORO 291,CASA AMARELA,291,SUBURBIO,COLISÃO TRASEIRA,DOIS AUTO SEM VITIMAS,2,,,,,,,,,0,,Longo da via,Bom,Sem defeito,Perfeito estado,Seca,Perfeito estado,"",R-6a,"",Única,Faixa seccionada,"",""
4193,2019-05-13T00:00:00,15:59:00,SEM VÍTIMA,FINALIZADA,ÁGUA FRIA,EST VELHA DE AGUA FRIA,980,AV PROFESSOR JOSE DOS ANJOS,"",EST VELHA DE AGUA FRIA,980,"",ÁGUA FRIA,306,CIDADE,ABALROAMENTO LONGITUDINAL,COLISÃO SEM VÍTIMA,1,1,,,,,,,,0,,Cruzamento,Bom,Sem defeito,Perfeito estado,Seca,Perfeito estado,Faixa de pedestre,Outras,"",Única,Faixa seccionada,"",""
4194,2019-05-13T00:00:00,16:06:00,SEM VÍTIMA,FINALIZADA,DERBY,RUA JOAQUIM NABUCO,"","",AO LADO DA RESTAURAÇÃO,RUA JOAQUIM NABUCO,"",AO LADO DA RESTAURAÇÃO,DERBY,174,SUBURBIO,ABALROAMENTO TRANSVERSAL,COLISÃO SEM VÍTIMA,1,,,,,,1,,,0,,Longo da via,Bom,Sem defeito,"",Seca,Perfeito estado,"",R-6a,"",Única,Faixa seccionada,"",""
4195,2019-05-13T00:00:00,16:55:00,SEM VÍTIMA,CANCELADA,VÁRZEA,AV JOAQUIM RIBEIRO,"","",EM FRENTE AO CONJUNTO MINISTRO MARCOS FREIRE/ SENTIDO CAMARAGIBE,AV JOAQUIM RIBEIRO,"",EM FRENTE AO CONJUNTO MINISTRO MARCOS FREIRE/ SENTIDO CAMARAGIBE,VÁRZEA,,"",COLISÃO,COLISÃO SEM VÍTIMA,4,,,,,,,,,0,,"","","","","","","","","","","","",""
4196,2019-05-13T00:00:00,16:23:00,SEM VÍTIMA,CANCELADA,COELHOS,RUA DOS COELHOS,"","",EM FRENTE AO HOSPITAL DO IMIP,RUA DOS COELHOS,"",EM FRENTE AO HOSPITAL DO IMIP,COELHOS,,"",COLISÃO,COLISÃO SEM VITIMAS,2,,,,,,,,,0,,"","","","","","","","","","","","",""
4197,2019-05-13T00:00:00,16:32:00,SEM VÍTIMA,CANCELADA,PINA,AV ENGENHEIRO DOMINGOS FERREIRA,"","",AO LADO DO POSTO DE GASOLINA SHELL,AV ENGENHEIRO DOMINGOS FERREIRA,"",AO LADO DO POSTO DE GASOLINA SHELL,PINA,,SUBURBIO,COLISÃO,DOIS AUTO SEM VITIMAS,2,,,,,,,,,0,,"","","","","","","","","","","","",""
4198,2019-05-13T00:00:00,16:40:00,SEM VÍTIMA,FINALIZADA,ESTÂNCIA,AV DR JOSE RUFINO,354,"",OPOSTO AO COLEGIO VISAO,AV DR JOSE RUFINO,354,OPOSTO AO COLEGIO VISAO,ESTÂNCIA,,SUBURBIO,ABALROAMENTO LONGITUDINAL,COLISÃO SEM VITIMAS,,,,,,1,1,,,0,,Longo da via,Bom,Não existe,Perfeito estado,Seca,Perfeito estado,Não existe,Outras,"",Dupla,Faixa contínua,"",""
4199,2019-05-13T00:00:00,17:03:00,COM VÍTIMA,FINALIZADA,NOVA DESCOBERTA,AV VEREADOR OTACILIO AZEVEDO,2480,RUA NOVA DESCOBERTA,"",AV VEREADOR OTACILIO AZEVEDO,2480,"",NOVA DESCOBERTA,,SUBURBIO,ATROPELAMENTO,"",,,,,1,1,,,,1,,Esquina,Bom,Não existe,Perfeito estado,Seca,Perfeito estado,Não existe,Outras,"",Dupla,Não existe,"",""
4200,2019-05-13T00:00:00,17:15:00,SEM VÍTIMA,FINALIZADA,PRADO,AV ENGENHEIRO ABDIAS DE CARVALHO,"",EST DOS REMEDIOS,"",AV ENGENHEIRO ABDIAS DE CARVALHO,"","",PRADO,52,CIDADE,ABALROAMENTO LONGITUDINAL,COLISÃO SEM VÍTIMA,2,,,,,,,,,0,,Cruzamento,Bom,Sem defeito,Perfeito estado,Seca,Perfeito estado,"",R-6a,"",Dupla,Canteiro central,"",""
4201,2019-05-13T00:00:00,17:45:00,SEM VÍTIMA,FINALIZADA,IPUTINGA,RUA PROFESSOR CHAVES BATISTA,"",RUA EMILIANO BRAGA,"",RUA PROFESSOR CHAVES BATISTA,"","",IPUTINGA,,CIDADE,ABALROAMENTO LONGITUDINAL,DOIS AUTO SEM VITIMAS,2,,,,,,,,,0,,Cruzamento,Bom,Não existe,Incompleta,Seca,Perfeito estado,Não existe,Não há placas,"",Única,Não existe,"",""
4202,2019-05-13T00:00:00,18:16:00,SEM VÍTIMA,FINALIZADA,TORRE,AV BEIRA RIO,"",RUA ALTINHO,"",AV BEIRA RIO,"","",TORRE,,"",ABALROAMENTO LONGITUDINAL,VEICULO OFICIAL DA PM X PALIO,1,,,,,,,1,,0,,Longo da via,Bom,Não existe,Perfeito estado,Seca,Perfeito estado,Outros,R-6a,40 km/h,Única,Faixa contínua,Faixa seccionada,""
4203,2019-05-13T00:00:00,18:23:00,SEM VÍTIMA,FINALIZADA,IMBIRIBEIRA,RUA DR TAVARES CORREIA,"",RUA ALLAN KARDEC,"",RUA DR TAVARES CORREIA,"","",IMBIRIBEIRA,,SUBURBIO,COLISÃO TRASEIRA,GOL X FAIT,2,,,,,,,,,0,,Cruzamento,Bom,Não existe,"",Seca,Perfeito estado,Não existe,Não há placas,"",Única,"","",""
4204,2019-05-13T00:00:00,18:44:00,SEM VÍTIMA,CANCELADA,IMBIRIBEIRA,AV MARECHAL MASCARENHAS DE MORAES,"","",DEPOIS DO AEROPORTO O PRIMEIRO VIADUTO // SENTIDO PIEDADE,AV MARECHAL MASCARENHAS DE MORAES,"",DEPOIS DO AEROPORTO O PRIMEIRO VIADUTO // SENTIDO PIEDADE,IMBIRIBEIRA,,"",COLISÃO,CAMINHAO BAU X NISSAN,1,,,,,,1,,,0,,"","","","","","","","","","","","",""
4205,2019-05-13T00:00:00,18:58:00,SEM VÍTIMA,FINALIZADA,PINA,RUA NOGUEIRA DE SOUZA,"","","",RUA NOGUEIRA DE SOUZA,"","",PINA,,CIDADE,COLISÃO TRASEIRA,DOIS AUTO SEM VITIMAS,2,,,,,,,,,0,,Longo da via,Bom,Não existe,Perfeito estado,Seca,Perfeito estado,Não existe,R-6a,"",Única,Faixa seccionada,Canteiro central,""
4206,2019-05-13T00:00:00,20:03:00,SEM VÍTIMA,FINALIZADA,BOA VIAGEM,AVENIDA CELSO FURTADO (VIA MANGUE),"","",DESCIDA DA ALÇA DE ACESSO A RUA GAL MAC ARTUR,AVENIDA CELSO FURTADO (VIA MANGUE),"",DESCIDA DA ALÇA DE ACESSO A RUA GAL MAC ARTUR,BOA VIAGEM,,SUBURBIO,COLISÃO TRASEIRA,DOIS AUTO SEM VITIMAS,2,,,,,,,,,0,,Viaduto,Bom,Não existe,Não existente,Seca,Mal iluminada,"",Não há placas,60 km/h,Única,"","",""