_id,DATA,hora,natureza_acidente,situacao,bairro,endereco,numero,detalhe_endereco_acidente,complemento,endereco_cruzamento,numero_cruzamento,referencia_cruzamento,bairro_cruzamento,num_semaforo,sentido_via,tipo,descricao,auto,moto,ciclom,ciclista,pedestre,onibus,caminhao,viatura,outros,vitimas,vitimasfatais,acidente_verificado,tempo_clima,situacao_semaforo,sinalizacao,condicao_via,conservacao_via,ponto_controle,situacao_placa,velocidade_max_via,mao_direcao,divisao_via1,divisao_via2,divisao_via3
4371,2019-05-18T00:00:00,16:47:00,SEM VÍTIMA,FINALIZADA,IMBIRIBEIRA,RUA JUVINA FRANCISCA DE OLIVEIRA,171,"",EM FRENTE A CIA DE NATAÇÃO,RUA JUVINA FRANCISCA DE OLIVEIRA,171,EM FRENTE A CIA DE NATAÇÃO,IMBIRIBEIRA,,SUBURBIO,COLISÃO TRASEIRA,COLISAO ENTRE DOIS AUTOS S/V,2,,,,,,,,,0,,Longo da via,Bom,Não existe,Perfeito estado,Seca,Perfeito estado,Não existe,Placas Pare,30 km/h,Única,Não existe,"",""
4372,2019-05-18T00:00:00,16:52:00,SEM VÍTIMA,FINALIZADA,ESTÂNCIA,AV RECIFE,"","",EM FRENTE AO MAKRO,AV RECIFE,"",EM FRENTE AO MAKRO,ESTÂNCIA,461,CIDADE,COLISÃO TRASEIRA,COLISÃO SEM VITIMA,1,,,,,,,,1,0,,Longo da via,Bom,Sem defeito,Perfeito estado,Seca,Perfeito estado,Faixa de pedestre,"","",Dupla,Canteiro central,"",""
4373,2019-05-18T00:00:00,17:07:00,SEM VÍTIMA,FINALIZADA,IBURA,AV JORNALISTA COSTA PORTO,1070,"",E/F DA PADARIA SOL NASCENTE,AV JORNALISTA COSTA PORTO,1070,E/F DA PADARIA SOL NASCENTE,IBURA,,SUBURBIO,COLISÃO TRASEIRA,COLISAO ENTRE DOIS AUTOS S/V,2,,,,,,,,,0,,Longo da via,Bom,Não existe,Perfeito estado,Seca,"",Outros,Outras,"",Dupla,Não existe,"",""
4374,2019-05-18T00:00:00,17:45:00,SEM VÍTIMA,FINALIZADA,TORREÃO,AV GOVERNADOR AGAMENON MAGALHAES,"","",POSTO PETROBRAS BR,AV GOVERNADOR AGAMENON MAGALHAES,"",POSTO PETROBRAS BR,TORREÃO,379,CIDADE,COLISÃO TRASEIRA,DOIS AUTO SEM VITIMAS,2,,,,,,,,,0,,Longo da via,Bom,Sem defeito,Perfeito estado,Seca,Perfeito estado,Faixa de pedestre,"",60 km/h,Única,Faixa seccionada,"",""
4375,2019-05-18T00:00:00,18:23:00,SEM VÍTIMA,FINALIZADA,MADALENA,AV CAXANGA,"","","",AV CAXANGA,"","",MADALENA,257,CIDADE,ABALROAMENTO LONGITUDINAL,ENTRE AUTO E MOTO. S/V,1,1,,,,,,,,0,,Longo da via,Bom,Sem defeito,Perfeito estado,Seca,Perfeito estado,"","","",Dupla,Canteiro central,"",""
4376,2019-05-18T00:00:00,18:31:00,SEM VÍTIMA,CANCELADA,CORDEIRO,AV ENGENHEIRO ABDIAS DE CARVALHO,"","",E/F AO COMPAZ,AV ENGENHEIRO ABDIAS DE CARVALHO,"",E/F AO COMPAZ,CORDEIRO,,SUBURBIO,COLISÃO,AUTO E MOTO SEM VITIMAS,1,1,,,,,,,,0,,"","","","","","","","","","","","",""
4377,2019-05-18T00:00:00,19:15:00,SEM VÍTIMA,CANCELADA,SANTO AMARO,AV NORTE,"",RUA DA AURORA,DESCIDA SENT MANGUE (OLINDA),AV NORTE,"",DESCIDA SENT MANGUE (OLINDA),SANTO AMARO,,"",COLISÃO,DOIS AUTO SEM VITIMAS,2,,,,,,,,,0,,"","","","","","","","","","","","",""
4378,2019-05-18T00:00:00,20:13:00,COM VÍTIMA,FINALIZADA,CORDEIRO,RUA AMBROSIO MACHADO,420,RUA XAVIER DE BRITO,ESQUINA COM O CANAL DO CAVOUCO/ SEMÁFORO 134,RUA AMBROSIO MACHADO,420,ESQUINA COM O CANAL DO CAVOUCO/ SEMÁFORO 134,CORDEIRO,134,CIDADE,ABALROAMENTO LONGITUDINAL,AUTO E MOTO.,1,1,,,,,,,,1,,Longo da via,Bom,Não existe,Perfeito estado,Seca,Perfeito estado,Não existe,Não há placas,"",Dupla,Canteiro central,"",""
4379,2019-05-18T00:00:00,22:57:00,SEM VÍTIMA,CANCELADA,IPSEP,AV RECIFE,130,RUA JEAN EMILE FAVRE,E/ F AO POSTO DE GASOLINA FEDERAL ----- SEMÁFORO 130,AV RECIFE,130,E/ F AO POSTO DE GASOLINA FEDERAL ----- SEMÁFORO 130,IPSEP,130,"",CHOQUE OBJETO FIXO,AUTO PASSEIO CHOCOU-SE COM O CANTEIRO CENTRAL,1,,,,,,,,,0,,"","","","","","","","","","","","",""
4380,2019-05-18T00:00:00,23:52:00,COM VÍTIMA,FINALIZADA,BAIRRO DO RECIFE,AV MILITAR,"","",FABRICA DA PILAR,AV MILITAR,"",FABRICA DA PILAR,BAIRRO DO RECIFE,,SUBURBIO,CHOQUE OBJETO FIXO,MOTO CHOCOU-SE COM OBJETO FIXO CONDUTOR SOCORRIDO PELO SAMU,,1,,,,,,,,1,,Longo da via,Bom,Não existe,Perfeito estado,Seca,Perfeito estado,Não existe,R-6a,"",Única,Faixa seccionada,"",""
4381,2019-05-19T00:00:00,05:16:00,SEM VÍTIMA,FINALIZADA,BOA VIAGEM,AV BOA VIAGEM,4660,"","",AV BOA VIAGEM,4660,"",BOA VIAGEM,,CIDADE,COLISÃO TRASEIRA,COLISÃO ENVOLVENDO 3 VEÍCULOS,3,,,,,,,,,0,,Longo da via,Bom,Sem defeito,Perfeito estado,Seca,Perfeito estado,"","","",Única,"","",""
4382,2019-05-19T00:00:00,07:12:00,SEM VÍTIMA,FINALIZADA,VÁRZEA,AV AFONSO OLINDENSE,730,"","",AV AFONSO OLINDENSE,730,"",VÁRZEA,,CIDADE,CHOQUE VEÍCULO PARADO,COLISÃO S/VITIMA ENTRE UMA MOTO E UM AUTO,1,1,,,,,,,,0,,Longo da via,Chuvoso,"","",Molhada,Perfeito estado,"",Não há placas,"",Dupla,Faixa contínua,Faixa seccionada,""
4383,2019-05-19T00:00:00,08:19:00,SEM VÍTIMA,CANCELADA,PINA,RUA MANOEL DE BRITO,311,"",EM FRENTE A IDE ( ANTES DO TUNEL JOSUE DE CASTRO),RUA MANOEL DE BRITO,311,EM FRENTE A IDE ( ANTES DO TUNEL JOSUE DE CASTRO),PINA,659,"",COLISÃO,COLISÃO S/ VITIMA ENTRE DOIS AUTOS,2,,,,,,,,,0,,"","","","","","","","","","","","",""
4384,2019-05-19T00:00:00,08:45:00,SEM VÍTIMA,FINALIZADA,SANTO AMARO,AV CRUZ CABUGA,"",RUA PEDRO AFONSO,"",AV CRUZ CABUGA,"","",SANTO AMARO,,"",ABALROAMENTO LONGITUDINAL,SEM VITIMAS,2,,,,,,,,,0,,Cruzamento,Bom,Não existe,Perfeito estado,Seca,Perfeito estado,Não existe,Não há placas,"",Dupla,Faixa contínua,"",""
4385,2019-05-19T00:00:00,10:29:00,COM VÍTIMA,FINALIZADA,CASA AMARELA,EST DO ARRAIAL,930,RUA CASA AMARELA,EM FRENTE AO ANTIGO MERCADO DE CASA AMARELA,EST DO ARRAIAL,930,EM FRENTE AO ANTIGO MERCADO DE CASA AMARELA,CASA AMARELA,,SUBURBIO,ABALROAMENTO LONGITUDINAL,AUTO E MOTO.,1,1,,,,,,,,1,,Longo da via,Bom,Não existe,Perfeito estado,Seca,Mal conservada,Não existe,R-6a,"",Única,Faixa seccionada,"",""
4386,2019-05-19T00:00:00,12:03:00,SEM VÍTIMA,FINALIZADA,VASCO DA GAMA,AV NORTE,6139,"",EM FRENTE AO Nº 6139-C,AV NORTE,6139,EM FRENTE AO Nº 6139-C,VASCO DA GAMA,,CIDADE,COLISÃO TRASEIRA,COLISÃO SEM VÍTIMA,1,1,,,,,,,,0,,Longo da via,Bom,Não existe,Perfeito estado,Seca,Perfeito estado,Faixa de pedestre,R-6a,"",Dupla,Faixa seccionada,Canteiro central,""
4387,2019-05-19T00:00:00,12:31:00,SEM VÍTIMA,FINALIZADA,BOA VIAGEM,RUA PADRE CARAPUCEIRO,"",RUA FRANCISCO DA CUNHA,E/F A OFICINA DESIGN,RUA PADRE CARAPUCEIRO,"",E/F A OFICINA DESIGN,BOA VIAGEM,,SUBURBIO,ABALROAMENTO LONGITUDINAL,AUTO PASSEIO E ONIBUS SEM VITIMAS,1,,,,,1,,,,0,,Cruzamento,Bom,Não existe,Perfeito estado,Seca,Perfeito estado,Não existe,Não há placas,40 km/h,Única,Faixa seccionada,"",""
4388,2019-05-19T00:00:00,14:04:00,COM VÍTIMA,FINALIZADA,SANTO ANTÔNIO,RUA PRIMEIRO DE MARCO,"",RUA IMPERADOR PEDRO SEGUNDO,"",RUA PRIMEIRO DE MARCO,"","",SANTO ANTÔNIO,,CIDADE,ABALROAMENTO TRANSVERSAL,DOIS AUTOS.,2,,,,,,,,,1,,Cruzamento,Bom,Sem defeito,Perfeito estado,Seca,Perfeito estado,"",Não há placas,"",Única,Não existe,"",""
4389,2019-05-19T00:00:00,14:09:00,COM VÍTIMA,CANCELADA,IPSEP,RUA HELIO BRANDAO,"",RUA ADOLFO FARO,E/F ESCOLA ESTADUAL JOSÉ VICENTE,RUA HELIO BRANDAO,"",E/F ESCOLA ESTADUAL JOSÉ VICENTE,IPSEP,,"",COLISÃO,AUTO E MOTO COM VITIMAS,1,1,,,,,,,,1,,"","","","","","","","","","","","",""
4390,2019-05-19T00:00:00,15:15:00,COM VÍTIMA,FINALIZADA,AFOGADOS,EST DOS REMEDIOS,"",RUA VINTE E UM DE ABRIL,EM FRENTE AO TERMINAL INTEGRADO DE AFOGADOS,EST DOS REMEDIOS,"",EM FRENTE AO TERMINAL INTEGRADO DE AFOGADOS,AFOGADOS,,CIDADE,COLISÃO COM CICLISTA,COLISÃO ENTRE ÔNIBUS E BICICLETA.,,,,1,,1,,,,1,,Longo da via,Bom,Não existe,Perfeito estado,Seca,Perfeito estado,Faixa de pedestre,Outras,40 km/h,Única,Não existe,"",""
4391,2019-05-19T00:00:00,16:27:00,SEM VÍTIMA,FINALIZADA,ILHA DO LEITE,AV GOVERNADOR AGAMENON MAGALHAES,"",RUA PAISSANDU,SEMÁFORO 69,AV GOVERNADOR AGAMENON MAGALHAES,"",SEMÁFORO 69,ILHA DO LEITE,69,SUBURBIO,ABALROAMENTO LONGITUDINAL,COLISÃO SEM VÍTIMA,2,,,,,,,,,0,,Cruzamento,Bom,Sem defeito,Perfeito estado,Seca,Perfeito estado,Faixa de pedestre,Outras,60 km/h,Única,Faixa contínua,Faixa seccionada,Canteiro central
4392,2019-05-19T00:00:00,19:16:00,COM VÍTIMA,FINALIZADA,ROSARINHO,RUA DR JOSE MARIA,792,"",EM FRENTE A FARMÁCIA DROGASIL,RUA DR JOSE MARIA,792,EM FRENTE A FARMÁCIA DROGASIL,ROSARINHO,362,CIDADE,ABALROAMENTO TRANSVERSAL,AUTO E MOTO.,1,1,,,,,,,,1,,Longo da via,Bom,Sem defeito,Perfeito estado,Seca,Perfeito estado,Faixa de pedestre,R-6a,30 km/h,Dupla,Faixa seccionada,"",""
4393,2019-05-19T00:00:00,19:32:00,SEM VÍTIMA,FINALIZADA,PINA,RUA TOME GIBSON,"",RUA AMAZONAS,"",RUA TOME GIBSON,"","",PINA,,"",ABALROAMENTO TRANSVERSAL,POLO X MOTO,1,1,,,,,,,,0,,Cruzamento,Bom,Não existe,Incompleta,Seca,Perfeito estado,"",Placas Pare,"",Dupla,Não existe,"",""
4394,2019-05-19T00:00:00,21:11:00,SEM VÍTIMA,FINALIZADA,SAN MARTIN,AV GENERAL SAN MARTIN,"",AV CONSUL VILARES FRAGOSO,AO LADO DA CAVALARIA PMPE,AV GENERAL SAN MARTIN,"",AO LADO DA CAVALARIA PMPE,SAN MARTIN,326,CIDADE,ABALROAMENTO LONGITUDINAL,CAMINHÃO E AUTO PASSEIO SEM VITIMAS,1,,,,,,1,,,0,,Longo da via,Bom,Sem defeito,Perfeito estado,Seca,Perfeito estado,"",R-6a,40 km/h,Dupla,Não existe,"",""
4395,2019-05-20T00:00:00,06:44:00,SEM VÍTIMA,FINALIZADA,DOIS IRMÃOS,RUA MANUEL DE MEDEIROS,"","",EM FRENTE AO Nº 66,RUA MANUEL DE MEDEIROS,"",EM FRENTE AO Nº 66,DOIS IRMÃOS,,CIDADE,COLISÃO TRASEIRA,COLISÃO SEM VÍTIMA,2,,,,,,,,,0,,Longo da via,Bom,Sem defeito,Perfeito estado,Seca,Perfeito estado,"",Não há placas,30 km/h,Dupla,Faixa seccionada,"",""
4396,2019-05-20T00:00:00,07:10:00,SEM VÍTIMA,FINALIZADA,IPSEP,RUA JEAN EMILE FAVRE,747,RUA BLUMENAU,EM FRENTE A CAPOTARIA CABUGA,RUA JEAN EMILE FAVRE,747,EM FRENTE A CAPOTARIA CABUGA,IPSEP,101,SUBURBIO,ABALROAMENTO TRANSVERSAL,COLISÃO SEM VÍTIMA,2,,,,,,,,,0,,Cruzamento,Bom,Sem defeito,Perfeito estado,Seca,Perfeito estado,Não existe,R-6a,"",Dupla,Faixa contínua,"",""
4397,2019-05-20T00:00:00,07:14:00,SEM VÍTIMA,FINALIZADA,ESPINHEIRO,RUA CONS PORTELA,665,"","",RUA CONS PORTELA,665,"",ESPINHEIRO,,CIDA,ABALROAMENTO LONGITUDINAL,COLISÃO SEM VÍTIMA ENTRE ONIBUS E AUTO,2,,,,,,,,,0,,Longo da via,Bom,Não existe,Perfeito estado,Seca,Perfeito estado,Não existe,Outras,"",Única,Faixa seccionada,"",""
4398,2019-05-20T00:00:00,07:16:00,SEM VÍTIMA,FINALIZADA,PAISSANDU,AV GOVERNADOR AGAMENON MAGALHAES,"",RUA VIS DO LIVRAMENTO,EM FRENTE AO BANCO BRADESCO PRIME,AV GOVERNADOR AGAMENON MAGALHAES,"",EM FRENTE AO BANCO BRADESCO PRIME,PAISSANDU,,SUBURBIO,ABALROAMENTO LONGITUDINAL,DOIS AUTOS,2,,,,,,,,,0,,"",Bom,Não existe,Perfeito estado,Seca,Perfeito estado,Não existe,Placas Pare,"",Única,"","",""
4399,2019-05-20T00:00:00,07:48:00,SEM VÍTIMA,FINALIZADA,IPUTINGA,AV PROFESSOR JOAQUIM CAVALCANTI,106,AV CAXANGA,AO LADO DO SHOPMODAS,AV PROFESSOR JOAQUIM CAVALCANTI,106,AO LADO DO SHOPMODAS,IPUTINGA,,"",COLISÃO TRASEIRA,COLISÃO SEM VÍTIMA,2,,,,,,,,,0,,Longo da via,Bom,Não existe,Não existente,Seca,Perfeito estado,Não existe,Não há placas,60 km/h,Dupla,Canteiro central,"",""
4400,2019-05-20T00:00:00,08:24:00,SEM VÍTIMA,FINALIZADA,MADALENA,RUA BENFICA,715,RUA COMENDADOR BENTO AGUIAR,AO LADO DO SUPERMERCADO EXTRA,RUA BENFICA,715,AO LADO DO SUPERMERCADO EXTRA,MADALENA,628,"",COLISÃO TRASEIRA,DOIS AUTOS,2,,,,,,,,,0,,Cruzamento,Bom,Sem defeito,Perfeito estado,Seca,Perfeito estado,Faixa de pedestre,R-6a,"",Dupla,Faixa seccionada,"",""
4401,2019-05-20T00:00:00,08:27:00,SEM VÍTIMA,FINALIZADA,"",PRC DA REPUBLICA,"",RUA IMPERADOR PEDRO SEGUNDO,"",PRC DA REPUBLICA,"","","",278,CIDADE,ABALROAMENTO LONGITUDINAL,COLISAO SEM VITIMAS,1,,,,,1,,,,0,,Longo da via,Bom,Sem defeito,Perfeito estado,Seca,Perfeito estado,Faixa de pedestre,Não há placas,"",Única,"","",""
4402,2019-05-20T00:00:00,08:37:00,SEM VÍTIMA,FINALIZADA,IPSEP,AV RECIFE,"",RUA JEAN EMILE FAVRE,SEMÁFORO 130,AV RECIFE,"",SEMÁFORO 130,IPSEP,,"",COLISÃO TRASEIRA,DOIS AUTOS,2,,,,,,,,,0,,"",Bom,Sem defeito,Perfeito estado,Molhada,Perfeito estado,Faixa de pedestre,Não há placas,60 km/h,Dupla,Canteiro central,"",""
4403,2019-05-20T00:00:00,09:00:00,SEM VÍTIMA,FINALIZADA,VÁRZEA,RUA PROFESSOR CHAVES BATISTA,85,"","",RUA PROFESSOR CHAVES BATISTA,85,"",VÁRZEA,,CIDADE,ABALROAMENTO LONGITUDINAL,COLISÃO SEM VÍTIMA,2,,,,,,,,,0,,Longo da via,Bom,Não existe,Ilegível,Seca,Perfeito estado,Não existe,Outras,"",Única,Faixa seccionada,"",""
4404,2019-05-20T00:00:00,09:53:00,SEM VÍTIMA,FINALIZADA,AFOGADOS,RUA COSME VIANA,154,"",ESCOLA NOVO MUNDO,RUA COSME VIANA,154,ESCOLA NOVO MUNDO,AFOGADOS,,"",ABALROAMENTO TRANSVERSAL,COLISÃO SEM VÍTIMA,2,,,,,,,,,0,,"",Bom,Sem defeito,Perfeito estado,Seca,Perfeito estado,Não existe,"",40 km/h,Única,Faixa seccionada,"",""
4405,2019-05-20T00:00:00,10:02:00,SEM VÍTIMA,FINALIZADA,VÁRZEA,RUA PROFESSOR CHAVES BATISTA,85,"","",RUA PROFESSOR CHAVES BATISTA,85,"",VÁRZEA,,CIDADE,ABALROAMENTO LONGITUDINAL,COLISAO SEM VITIMAS,1,,,,,1,,,,0,,Longo da via,Bom,Não existe,Ilegível,Seca,Perfeito estado,Não existe,Outras,"",Única,Faixa seccionada,"",""
4406,2019-05-20T00:00:00,10:26:00,SEM VÍTIMA,FINALIZADA,ILHA DO LEITE,AV ENGENHEIRO AGAMENON DE MAGALHAES MELO,"","",EM FRENTE AO HOSPITAL PORTUGUES,AV ENGENHEIRO AGAMENON DE MAGALHAES MELO,"",EM FRENTE AO HOSPITAL PORTUGUES,ILHA DO LEITE,250,"",COLISÃO TRASEIRA,COLISAÕ SEM VITIMAS,2,,,,,,,,,0,,Longo da via,Bom,Sem defeito,Perfeito estado,Seca,Perfeito estado,Faixa de pedestre,"","","","","",""
4407,2019-05-20T00:00:00,10:36:00,SEM VÍTIMA,FINALIZADA,ESPINHEIRO,RUA DO ESPINHEIRO,"",RUA SANTO ELIAS,AO LADO DO POSTO IPIRANGA,RUA DO ESPINHEIRO,"",AO LADO DO POSTO IPIRANGA,ESPINHEIRO,,CIDADE,ABALROAMENTO TRANSVERSAL,COLISAO SE VITIMAS,2,,,,,,,,,0,,Cruzamento,Bom,Não existe,Perfeito estado,Seca,Perfeito estado,Faixa de pedestre,Placas Pare,"",Única,Faixa contínua,"",""
4408,2019-05-20T00:00:00,10:47:00,COM VÍTIMA,FINALIZADA,PRADO,AV ENGENHEIRO ABDIAS DE CARVALHO,"",RUA JOAO IVO DA SILVA,EM FRENTE A GRANVIA SEMINOVOS.,AV ENGENHEIRO ABDIAS DE CARVALHO,"",EM FRENTE A GRANVIA SEMINOVOS.,PRADO,132,CIDADE,COLISÃO TRASEIRA,AUTO E MOTO.,1,1,,,,,,,,1,,Cruzamento,Bom,Sem defeito,Perfeito estado,Seca,Perfeito estado,Faixa de pedestre,Não há placas,"",Dupla,Canteiro central,"",""
4409,2019-05-20T00:00:00,11:34:00,COM VÍTIMA,FINALIZADA,IPSEP,AV RECIFE,2305,"","APOS A PIZZARIA ATLANTICO, EM FRENTE A PRAÇA.",AV RECIFE,2305,"APOS A PIZZARIA ATLANTICO, EM FRENTE A PRAÇA.",IPSEP,,CIDADE,ABALROAMENTO LONGITUDINAL,MOTO E AUTO,1,1,,,,,,,,1,,Longo da via,Bom,Não existe,Perfeito estado,Seca,Perfeito estado,Não existe,Não há placas,"",Dupla,Canteiro central,"",""
4410,2019-05-20T00:00:00,11:38:00,SEM VÍTIMA,CANCELADA,AFOGADOS,RUA IMPERIAL,1649,"",50 METROS APÓS A JUCEPE,RUA IMPERIAL,1649,50 METROS APÓS A JUCEPE,AFOGADOS,,"",COLISÃO,COLISAO S/VITIMA ENTRE CAMINHAO E AUTO,1,,,,,,1,,,0,,"","","","","","","","","","","","",""
4411,2019-05-20T00:00:00,11:49:00,SEM VÍTIMA,CANCELADA,PINA,RUA ATLANTICO,"","",AO LADO DA START AUTOMOVEIS,RUA ATLANTICO,"",AO LADO DA START AUTOMOVEIS,PINA,,"",COLISÃO,AUTO E MOTO,1,1,,,,,,,,0,,"","","","","","","","","","","","",""
4412,2019-05-20T00:00:00,12:13:00,SEM VÍTIMA,FINALIZADA,ESTÂNCIA,AV DR JOSE RUFINO,773,RUA AIRES BELO,"",AV DR JOSE RUFINO,773,"",ESTÂNCIA,,CIDADE,COLISÃO TRASEIRA,COLISÃO SEM VITIMAS,2,,,,,,,,,0,,"",Bom,Não existe,Perfeito estado,Seca,Perfeito estado,Não existe,"","",Dupla,Faixa seccionada,"",""
4413,2019-05-20T00:00:00,12:17:00,SEM VÍTIMA,FINALIZADA,CASA FORTE,RUA ENGENHEIRO OSCAR FERREIRA,1379,EST DO ENCANAMENTO,"",RUA ENGENHEIRO OSCAR FERREIRA,1379,"",CASA FORTE,,CIDADE,ABALROAMENTO LONGITUDINAL,"",1,,,,,1,,,,0,,Longo da via,Bom,Não existe,Perfeito estado,Seca,Perfeito estado,Não existe,R-6a,"",Única,Não existe,"",""
4414,2019-05-20T00:00:00,12:32:00,SEM VÍTIMA,FINALIZADA,TORRE,RUA REAL DA TORRE,1321,"",LADO OPOSTO AO MARTELINHO DE OURO,RUA REAL DA TORRE,1321,LADO OPOSTO AO MARTELINHO DE OURO,TORRE,,CIDADE,ABALROAMENTO LONGITUDINAL,COLISAO ENTRE MICRO ONIBUS E AUTO S/V,1,,,,,1,,,,0,,Longo da via,Bom,Não existe,Perfeito estado,Seca,Perfeito estado,Não existe,Não há placas,"",Única,Faixa seccionada,"",""
4415,2019-05-20T00:00:00,13:07:00,SEM VÍTIMA,FINALIZADA,ILHA JOANA BEZERRA,VIADUTO CAPITAO TEMUDO,"","",PRÓXIMO AO FÓRUM JOANA BEZERRA,VIADUTO CAPITAO TEMUDO,"",PRÓXIMO AO FÓRUM JOANA BEZERRA,ILHA JOANA BEZERRA,,CIDADE,COLISÃO TRASEIRA,"",1,,,,,1,,,,0,,Viaduto,Bom,Não existe,Incompleta,Seca,Perfeito estado,Não existe,Não há placas,"",Dupla,Faixa seccionada,"",""
4416,2019-05-20T00:00:00,13:14:00,SEM VÍTIMA,FINALIZADA,PINA,AV ANTONIO DE GOES,"",AV CONSELHEIRO AGUIAR,PRÓX AO POSTO DE COMBUSTÍVEL FEDERAL,AV ANTONIO DE GOES,"",PRÓX AO POSTO DE COMBUSTÍVEL FEDERAL,PINA,226,CIDADE,ABALROAMENTO LONGITUDINAL,COLISAO ENTRE ONIBUS E AUTO S/V,1,,,,,1,,,,0,,Cruzamento,Bom,Sem defeito,Perfeito estado,Seca,Perfeito estado,Faixa de pedestre,"",60 km/h,Única,"","",""
4417,2019-05-20T00:00:00,13:30:00,SEM VÍTIMA,CANCELADA,AREIAS,AV RECIFE,1040,"",PROX AO WALMART,AV RECIFE,1040,PROX AO WALMART,AREIAS,,"",COLISÃO,DOIS AUTOS,2,,,,,,,,,0,,"","","","","","","","","","","","",""
4418,2019-05-20T00:00:00,14:20:00,SEM VÍTIMA,FINALIZADA,SANTO AMARO,RUA TREZE DE MAIO,254,"",E/F AO GRUPO SER EDUCACIONAL,RUA TREZE DE MAIO,254,E/F AO GRUPO SER EDUCACIONAL,SANTO AMARO,,SUBURBIO,ABALROAMENTO LONGITUDINAL,COLISAO ENTRE DOIS AUTOS S/V,2,,,,,,,,,0,,Longo da via,Bom,Sem defeito,Não existente,Seca,Perfeito estado,Faixa de pedestre,Outras,"",Dupla,Faixa contínua,Faixa seccionada,""
4419,2019-05-20T00:00:00,14:38:00,SEM VÍTIMA,FINALIZADA,BOA VIAGEM,AV VINTE E TRES DE OUTUBRO,1,RUA BARAO DE SOUZA LEAO,"",AV VINTE E TRES DE OUTUBRO,1,"",BOA VIAGEM,,SUBURBIO,ABALROAMENTO TRANSVERSAL,COLISAO ENTRE DOIS AUTOS S/V,2,,,,,,,,,0,,Cruzamento,Chuvoso,Não existe,Perfeito estado,Seca,Perfeito estado,"",Não há placas,40 km/h,Única,Faixa seccionada,"",""
4420,2019-05-20T00:00:00,15:02:00,SEM VÍTIMA,FINALIZADA,IPSEP,RUA HELIO BRANDAO,"",RUA SAO NICOLAU,"",RUA HELIO BRANDAO,"","",IPSEP,505,SUBURBIO,ABALROAMENTO LONGITUDINAL,ONIBUS E AUTO PASSEIO,1,,,,,1,,,,0,,Cruzamento,Bom,Sem defeito,Perfeito estado,Seca,Perfeito estado,Faixa de pedestre,Outras,"",Única,"","",""
4421,2019-05-20T00:00:00,15:48:00,SEM VÍTIMA,FINALIZADA,SÃO JOSÉ,RUA PASSO DA PATRIA,393,"",EM FRENTE A MOTO CRUZ,RUA PASSO DA PATRIA,393,EM FRENTE A MOTO CRUZ,SÃO JOSÉ,,SUBURBIO,CHOQUE VEÍCULO PARADO,"",1,,,,,,1,,,0,,Longo da via,Chuvoso,Não existe,Perfeito estado,Molhada,Perfeito estado,Não existe,Não há placas,"",Única,Não existe,"",""
4422,2019-05-20T00:00:00,15:50:00,SEM VÍTIMA,FINALIZADA,SANTO AMARO,AV NORTE,1271,"",POSTO DE SAUDE SANTO AMARO,AV NORTE,1271,POSTO DE SAUDE SANTO AMARO,SANTO AMARO,,CIDADE,COLISÃO TRASEIRA,COLISAO SEM VITIMAS,1,,,,,1,,,,0,,Longo da via,Chuvoso,Não existe,Perfeito estado,Molhada,Perfeito estado,Não existe,R-6a,60 km/h,Única,Faixa seccionada,"",""
4423,2019-05-20T00:00:00,16:07:00,COM VÍTIMA,FINALIZADA,IMBIRIBEIRA,AV MARECHAL MASCARENHAS DE MORAES,"","",EM FRENTE A TOYOLEX.,AV MARECHAL MASCARENHAS DE MORAES,"",EM FRENTE A TOYOLEX.,IMBIRIBEIRA,,CIDADE,TOMBAMENTO,ACIDENTE COM APENAS UMA MOTOCICLETA ENVOLVIDA.,,1,,,,,,,,1,,Longo da via,Chuvoso,Não existe,Perfeito estado,Molhada,Perfeito estado,Não existe,Não há placas,60 km/h,Dupla,Canteiro central,"",""
4424,2019-05-20T00:00:00,16:10:00,SEM VÍTIMA,FINALIZADA,BOA VIAGEM,AV CONSELHEIRO AGUIAR,1062,"",EM FRENTE AO BANCO ITAU,AV CONSELHEIRO AGUIAR,1062,EM FRENTE AO BANCO ITAU,BOA VIAGEM,,CIDADE,COLISÃO TRASEIRA,DOIS AUTOS,2,,,,,,,,,0,,Longo da via,Chuvoso,Sem defeito,Perfeito estado,Molhada,Perfeito estado,Faixa de pedestre,R-6a,"",Única,Faixa seccionada,"",""
4425,2019-05-20T00:00:00,16:15:00,SEM VÍTIMA,FINALIZADA,JORDÃO,RUA LIMOEIRO,30A,AV DONA ALICE MONTENEGRO LESSA,"",RUA LIMOEIRO,30A,"",JORDÃO,,SUBURBIO,CHOQUE OBJETO FIXO,CAMINHÃO COLIDE COM POSTE,,,,,,,1,,,0,,Cruzamento,Bom,Não existe,Não existente,Seca,Mal conservada,Outros,Outras,"",Dupla,Não existe,"",""
4426,2019-05-20T00:00:00,16:16:00,COM VÍTIMA,FINALIZADA,SANTO AMARO,AV GOVERNADOR AGAMENON MAGALHAES,"","",EM FRENTE A UPE SENT OLINDA / PROX AO MINISTERI DO TRABALHO,AV GOVERNADOR AGAMENON MAGALHAES,"",EM FRENTE A UPE SENT OLINDA / PROX AO MINISTERI DO TRABALHO,SANTO AMARO,,SUBURBIO,COLISÃO TRASEIRA,ONIBUS E AUTO,1,,,,,1,,,,1,,Viaduto,Chuvoso,Não existe,Perfeito estado,Molhada,Perfeito estado,"",Outras,60 km/h,Dupla,Faixa seccionada,Canal,""