_id,DATA,hora,natureza_acidente,situacao,bairro,endereco,numero,detalhe_endereco_acidente,complemento,endereco_cruzamento,numero_cruzamento,referencia_cruzamento,bairro_cruzamento,num_semaforo,sentido_via,tipo,descricao,auto,moto,ciclom,ciclista,pedestre,onibus,caminhao,viatura,outros,vitimas,vitimasfatais,acidente_verificado,tempo_clima,situacao_semaforo,sinalizacao,condicao_via,conservacao_via,ponto_controle,situacao_placa,velocidade_max_via,mao_direcao,divisao_via1,divisao_via2,divisao_via3
4595,2019-05-26T00:00:00,06:01:00,SEM VÍTIMA,CANCELADA,MANGABEIRA,RUA DA MANGABEIRA,273,"",AO LADO DA LANCHONETE DISQUE AÇAI,RUA DA MANGABEIRA,273,AO LADO DA LANCHONETE DISQUE AÇAI,MANGABEIRA,,"",COLISÃO,SEM VITIMAS,1,1,,,,,,,,0,,"","","","","","","","","","","","",""
4596,2019-05-26T00:00:00,09:30:00,COM VÍTIMA,FINALIZADA,DOIS IRMÃOS,RUA MANUEL DE MEDEIROS,1448,"",EM FRENTE AO DEPARTAMENTO DE ZOOTECNIA UFRPE,RUA MANUEL DE MEDEIROS,1448,EM FRENTE AO DEPARTAMENTO DE ZOOTECNIA UFRPE,DOIS IRMÃOS,,CIDADE,COLISÃO TRASEIRA,COLISAO C/ VITIMA ENTRE UMA MOTO E UM CARRO,1,1,,,,,,,,1,,Longo da via,Bom,Não existe,Perfeito estado,Seca,Perfeito estado,Não existe,R-6c,"",Dupla,Faixa seccionada,"",""
4597,2019-05-26T00:00:00,09:56:00,SEM VÍTIMA,FINALIZADA,BOA VIAGEM,RUA CARLOS PEREIRA FALCAO,"","",EM FRENTE A PADARIA DIPLOMATA,RUA CARLOS PEREIRA FALCAO,"",EM FRENTE A PADARIA DIPLOMATA,BOA VIAGEM,,CIDADE,COLISÃO TRASEIRA,COLISÃO S/VITIMAS ENTRE DOUS AUTOS (V.T 09 NO QTH),2,,,,,,,,,0,,Longo da via,Bom,Não existe,Perfeito estado,Seca,Perfeito estado,"",R-6a,"",Dupla,Faixa seccionada,"",""
4598,2019-05-26T00:00:00,10:07:00,SEM VÍTIMA,FINALIZADA,ROSARINHO,RUA REGUEIRA COSTA,"",RUA ENGENHEIRO SAMPAIO,EM FRENTE A CASA DOS DOCES Nº 193,RUA REGUEIRA COSTA,"",EM FRENTE A CASA DOS DOCES Nº 193,ROSARINHO,,"",ABALROAMENTO TRANSVERSAL,DOIS AUTOS,2,,,,,,,,,0,,Cruzamento,Bom,Não existe,Ilegível,Seca,Perfeito estado,Não existe,Não há placas,30 km/h,Única,Não existe,"",""
4599,2019-05-26T00:00:00,10:32:00,SEM VÍTIMA,FINALIZADA,SAN MARTIN,AV GENERAL SAN MARTIN,"","",SOB O SEMÁFORO,AV GENERAL SAN MARTIN,"",SOB O SEMÁFORO,SAN MARTIN,58,SUBURBIO,COLISÃO TRASEIRA,MOTO E AUTO VT- 15 NO LOCAL SUB. JOAO ALVES,1,1,,,,,,,,0,,Longo da via,Bom,Sem defeito,Perfeito estado,Seca,Perfeito estado,Outros,Outras,60 km/h,Dupla,Faixa contínua,Faixa seccionada,""
4600,2019-05-26T00:00:00,12:11:00,SEM VÍTIMA,FINALIZADA,PINA,AV ENGENHEIRO DOMINGOS FERREIRA,"",AV HERCULANO BANDEIRA,EM FRENTE AO ARMAZÉM BEIRA MAR,AV ENGENHEIRO DOMINGOS FERREIRA,"",EM FRENTE AO ARMAZÉM BEIRA MAR,PINA,,SUBURBIO,ABALROAMENTO LONGITUDINAL,COLISÃO SEM VITIMA,2,,,,,,,,,0,,Outros,Bom,Sem defeito,Perfeito estado,Seca,Perfeito estado,Não existe,Não há placas,60 km/h,Dupla,Canteiro central,"",""
4601,2019-05-26T00:00:00,13:50:00,SEM VÍTIMA,FINALIZADA,PINA,RUA ARQUITETO AUGUSTO REINALDO,"",AV HERCULANO BANDEIRA,"",RUA ARQUITETO AUGUSTO REINALDO,"","",PINA,660,SUBURBIO,ABALROAMENTO LONGITUDINAL,ÔNIBUS E AUTO PASSEIO SEM VITIMAS,1,,,,,1,,,,0,,Cruzamento,Bom,Sem defeito,Perfeito estado,Seca,Perfeito estado,Faixa de retenção,"","",Única,Faixa seccionada,"",""
4602,2019-05-26T00:00:00,14:45:00,COM VÍTIMA,FINALIZADA,CASA FORTE,AV DEZESSETE DE AGOSTO,209,RUA JOSE DE GODOY VASCONCELOS,E/F CULTURA INGLESA,AV DEZESSETE DE AGOSTO,209,E/F CULTURA INGLESA,CASA FORTE,,SUBURBIO,COLISÃO COM CICLISTA,AUTO PASSEIO E CICLISTA COM VITIMAS,1,,,1,,,,,,1,,Longo da via,Bom,Sem defeito,Perfeito estado,Seca,Perfeito estado,Faixa de pedestre,R-6a,60 km/h,Dupla,Faixa contínua,"",""
4603,2019-05-26T00:00:00,16:31:00,SEM VÍTIMA,FINALIZADA,PRADO,RUA GOMES TABORDA,1345,"",E/F AO POSTO DE GASOLINA TOTAL,RUA GOMES TABORDA,1345,E/F AO POSTO DE GASOLINA TOTAL,PRADO,,SUBURBIO,COLISÃO TRASEIRA,DOIS AUTO SEM VITIMAS,2,,,,,,,,,0,,Longo da via,Bom,Sem defeito,Perfeito estado,Seca,Perfeito estado,Outros,Outras,60 km/h,Dupla,Faixa contínua,"",""
4604,2019-05-26T00:00:00,18:00:00,SEM VÍTIMA,FINALIZADA,CAMPO GRANDE,RUA PRUDENTE DE MORAES,"","",EM FRENTE AO Nº 561,RUA PRUDENTE DE MORAES,"",EM FRENTE AO Nº 561,CAMPO GRANDE,,SUBURBIO,ABALROAMENTO LONGITUDINAL,DOIS AUTO SEM VITIMAS,2,,,,,,,,,0,,Longo da via,Bom,Não existe,"",Seca,Perfeito estado,"",Não há placas,"",Dupla,Faixa seccionada,"",""
4605,2019-05-26T00:00:00,18:19:00,COM VÍTIMA,FINALIZADA,IBURA,AV SERRA DA MANTIQUEIRA,115,"",NA LADEIRA DE MONTE VERDE,AV SERRA DA MANTIQUEIRA,115,NA LADEIRA DE MONTE VERDE,IBURA,,SUBURBIO,COLISÃO FRONTAL,ÔNIBUS E MOTO.,,1,,,,1,,,,1,,Longo da via,Bom,Não existe,Perfeito estado,Seca,Perfeito estado,"","","",Dupla,"","",""
4606,2019-05-26T00:00:00,20:14:00,SEM VÍTIMA,FINALIZADA,JARDIM SÃO PAULO,EST DO CURADO,15,"",LOJA DE ROUPAS / ELENITA PRESENTES,EST DO CURADO,15,LOJA DE ROUPAS / ELENITA PRESENTES,JARDIM SÃO PAULO,,SUBURBIO,ABALROAMENTO LONGITUDINAL,ONIBUS E AUTO SEM VITIMAS,1,,,,,1,,,,0,,Longo da via,Chuvoso,Não existe,Incompleta,Molhada,Perfeito estado,Não existe,Outras,"",Dupla,Faixa seccionada,"",""
4607,2019-05-26T00:00:00,21:35:00,SEM VÍTIMA,FINALIZADA,CABANGA,PTE GOVERNADOR PAULO GUERRA,"","",SEMÁFORO 622,PTE GOVERNADOR PAULO GUERRA,"",SEMÁFORO 622,CABANGA,622,SUBURBIO,COLISÃO TRASEIRA,TRES VEICULOS,3,,,,,,,,,0,,Longo da via,Bom,Sem defeito,Perfeito estado,Seca,Perfeito estado,Faixa de pedestre,Não há placas,"",Dupla,Canteiro central,"",""
4608,2019-05-26T00:00:00,23:24:00,SEM VÍTIMA,FINALIZADA,ÁGUA FRIA,RUA DR EUDES COSTA,"",RUA JOAO UZEDA LUNA,"",RUA DR EUDES COSTA,"","",ÁGUA FRIA,,CIDADE,ABALROAMENTO TRANSVERSAL,COLISÃO ENTRE DOIS AUTOS S/V,2,,,,,,,,,0,,Cruzamento,Bom,Não existe,Incompleta,Seca,Perfeito estado,Não existe,Outras,"",Dupla,Não existe,"",""
4609,2019-05-26T00:00:00,23:47:00,SEM VÍTIMA,FINALIZADA,"",C SANTA RITA,"","",PARADA LADO DIREITO ( BOX 16),C SANTA RITA,"",PARADA LADO DIREITO ( BOX 16),"",,SUBURBIO,CHOQUE VEÍCULO PARADO,CLISÃO ENTRE ÔNIBUS E VIATURA DA PM S/V,,,,,,1,,1,,0,,"",Bom,Não existe,Perfeito estado,Seca,Perfeito estado,Não existe,Não há placas,"",Dupla,Não existe,"",""
4610,2019-05-27T00:00:00,06:25:00,COM VÍTIMA,FINALIZADA,IPUTINGA,AV CAXANGA,3665,RUA BOM PASTOR,EM FRENTE A GT AUTOS,AV CAXANGA,3665,EM FRENTE A GT AUTOS,IPUTINGA,8,CIDADE,COLISÃO,COM DUAS VITIMAS,1,1,,,,,,,,2,,Longo da via,Chuvoso,Sem defeito,Perfeito estado,Molhada,Perfeito estado,Faixa de pedestre,R-6a,"",Dupla,Faixa,Canteiro central,""
4611,2019-05-27T00:00:00,06:40:00,COM VÍTIMA,FINALIZADA,SANTO AMARO,AV GOVERNADOR AGAMENON MAGALHAES,"",AV DR JAYME DA FONTE,NO CRUZAMENTO DA AGAMENON X JAYME DA FONTE ( 200 METROS APÓS POSTO DISLUB),AV GOVERNADOR AGAMENON MAGALHAES,"",NO CRUZAMENTO DA AGAMENON X JAYME DA FONTE ( 200 METROS APÓS POSTO DISLUB),SANTO AMARO,49,OLINDA,COLISÃO TRASEIRA,COLISÃO C/ VITIMAS ENTRE AUTO E MOTO,1,1,,,,,,,,1,,Longo da via,Chuvoso,Sem defeito,Perfeito estado,Molhada,Perfeito estado,Faixa de pedestre,Não há placas,"",Dupla,Canal,"",""
4612,2019-05-27T00:00:00,06:43:00,COM VÍTIMA,FINALIZADA,IPSEP,AV RECIFE,3060,"","PROX. AO MERCADINHO ECONOMICO, SENT. BOA VIAGEM",AV RECIFE,3060,"PROX. AO MERCADINHO ECONOMICO, SENT. BOA VIAGEM",IPSEP,,BOA VIAGEM,ABALROAMENTO LONGITUDINAL,DUAS MOTOS,,2,,,,,,,,2,,Longo da via,"",Não existe,Perfeito estado,Molhada,Perfeito estado,Não existe,Não há placas,60 km/h,Dupla,Canteiro central,"",""
4613,2019-05-27T00:00:00,07:28:00,SEM VÍTIMA,FINALIZADA,IMBIRIBEIRA,AV GENERAL MAC ARTHUR,"",RUA SARGENTO SILVINO DE MACEDO,SOB O SEMÁFORO 640,AV GENERAL MAC ARTHUR,"",SOB O SEMÁFORO 640,IMBIRIBEIRA,640,SUBURBIO,COLISÃO FRONTAL,AUTO X MOTO S/V.,1,,1,,,,,,,0,,Cruzamento,Chuvoso,Sem defeito,Perfeito estado,Molhada,Perfeito estado,Faixa de pedestre,Outras,40 km/h,Única,Faixa seccionada,"",""
4614,2019-05-27T00:00:00,07:38:00,SEM VÍTIMA,FINALIZADA,DERBY,RUA JENER DE SOUZA,"","",EM FRENTE AO QUARTEL DO DERBY,RUA JENER DE SOUZA,"",EM FRENTE AO QUARTEL DO DERBY,DERBY,,"",ABALROAMENTO LONGITUDINAL,DOIS AUTOS,2,,,,,,,,,0,,Longo da via,Chuvoso,Não existe,Perfeito estado,Molhada,Perfeito estado,Não existe,R-6a,"",Dupla,Faixa contínua,Faixa seccionada,Canteiro central
4615,2019-05-27T00:00:00,07:44:00,SEM VÍTIMA,FINALIZADA,CAJUEIRO,AV SEBASTIAO SALAZAR,759,RUA MARIA CRISTINA TASSO DE SOUZA,"",AV SEBASTIAO SALAZAR,759,"",CAJUEIRO,,SUBURBIO,ABALROAMENTO TRANSVERSAL,AUTO X MOTO S/V.,1,1,,,,,,,,0,,Cruzamento,Bom,Não existe,Perfeito estado,Seca,Perfeito estado,Faixa de pedestre,Não há placas,"",Dupla,Faixa contínua,"",""
4616,2019-05-27T00:00:00,08:05:00,SEM VÍTIMA,FINALIZADA,IMBIRIBEIRA,AV MARECHAL MASCARENHAS DE MORAES,"","",APÓS O ASSAÍ,AV MARECHAL MASCARENHAS DE MORAES,"",APÓS O ASSAÍ,IMBIRIBEIRA,,AEROPORTO,ACID. DE PERCURSO,ONIBUS CAIU NO BURACO,0,,,,,,,,,0,,"","","","","","","","","","","","",""
4617,2019-05-27T00:00:00,08:06:00,SEM VÍTIMA,CANCELADA,BOA VIAGEM,RUA DOM JOSE LOPES,871,"","NA ESQUINA DO COLEGIO E CURSO VENCER, AO LADO DO BAR ESCRITORIO",RUA DOM JOSE LOPES,871,"NA ESQUINA DO COLEGIO E CURSO VENCER, AO LADO DO BAR ESCRITORIO",BOA VIAGEM,,"",COLISÃO,DOIS AUTOS,2,,,,,,,,,0,,"","","","","","","","","","","","",""
4618,2019-05-27T00:00:00,08:25:00,COM VÍTIMA,FINALIZADA,SANTO AMARO,RUA ARNOBIO MARQUES,"",RUA MAJOR CODECEIRA,EM FRENTE AO JULIÃO. LABORATÓRIO MUNICIPAL DE SAÚDE PÚBLICA,RUA ARNOBIO MARQUES,"",EM FRENTE AO JULIÃO (MOTO 23 E 29 NO QTH). LABORATÓRIO MUNICIPAL DE SAÚDE PÚBLICA,SANTO AMARO,,SUBURBIO,ABALROAMENTO LONGITUDINAL,COLISÃO C/VITIMA ENTRE AUTO E MOTO,1,1,,,,,,,,1,,Cruzamento,Chuvoso,Não existe,Incompleta,Molhada,Perfeito estado,"",Não há placas,"",Única,Não existe,"",""
4619,2019-05-27T00:00:00,10:02:00,COM VÍTIMA,CANCELADA,CASA FORTE,AV DEZESSETE DE AGOSTO,"","",EM FRENTE AO HERMÍNIO DE MORAES,AV DEZESSETE DE AGOSTO,"",EM FRENTE AO HERMÍNIO DE MORAES,CASA FORTE,,SUBURBIO,COLISÃO,COLISAO C/ VÍTIMA AUTO/MOTO,1,1,,,,,,,,1,,"","","","","","","","","","","","",""
4620,2019-05-27T00:00:00,10:36:00,SEM VÍTIMA,FINALIZADA,SÃO JOSÉ,AV DANTAS BARRETO,"","","",AV DANTAS BARRETO,"","",SÃO JOSÉ,,CIDADE,ABALROAMENTO LONGITUDINAL,COLISAO SEM VITIMAS,1,,,,,,,,,0,,Longo da via,Bom,Sem defeito,Perfeito estado,Seca,Perfeito estado,"","","",Dupla,Canteiro central,"",""
4621,2019-05-27T00:00:00,12:55:00,SEM VÍTIMA,CANCELADA,DERBY,RUA HENRIQUE DIAS,"","",EM FRENTE AO COLEGIO DA POLICIA MILITAR,RUA HENRIQUE DIAS,"",EM FRENTE AO COLEGIO DA POLICIA MILITAR,DERBY,,"",COLISÃO,COLISÃO SEM VÍTIMA,1,,,,,1,,,,0,,"","","","","","","","","","","","",""
4622,2019-05-27T00:00:00,14:29:00,SEM VÍTIMA,FINALIZADA,BOA VIAGEM,AV ENGENHEIRO DOMINGOS FERREIRA,2222,"",E/F A PADARIA AZUL MAR,AV ENGENHEIRO DOMINGOS FERREIRA,2222,E/F A PADARIA AZUL MAR,BOA VIAGEM,,SUBURBIO,ABALROAMENTO TRANSVERSAL,COLISAO ENTRE ONIBUS E AUTO S/V,1,,,,,1,,,,0,,Longo da via,Bom,Não existe,Perfeito estado,Seca,Perfeito estado,Não existe,Não há placas,60 km/h,Única,Faixa contínua,"",""
4623,2019-05-27T00:00:00,15:33:00,COM VÍTIMA,CANCELADA,MADALENA,RUA PROFESSOR BENEDITO MONTEIRO,"","",NA RUA DA ESCOLA POLITECNIICA,RUA PROFESSOR BENEDITO MONTEIRO,"",NA RUA DA ESCOLA POLITECNIICA,MADALENA,,"",COLISÃO,"COLISÃO COM VITIMA, A VITIMA FOI LEVADA PARA O HOSP",2,,,,,,,,,1,,"","","","","","","","","","","","",""
4624,2019-05-27T00:00:00,15:36:00,SEM VÍTIMA,FINALIZADA,JOANA BEZERRA,AV BEIRA RIO,"","",EM FRENTE AO FÓRUM JOANA BEZERRA,AV BEIRA RIO,"",EM FRENTE AO FÓRUM JOANA BEZERRA,JOANA BEZERRA,,SUBURBIO,COLISÃO TRASEIRA,COLISAO ENTRE DOIS AUTOS S/V,2,,,,,,,,,0,,Longo da via,Bom,Não existe,Perfeito estado,Seca,Perfeito estado,Agente,Não há placas,40 km/h,Dupla,Faixa contínua,"",""
4625,2019-05-27T00:00:00,15:37:00,SEM VÍTIMA,FINALIZADA,IMBIRIBEIRA,AV MARECHAL MASCARENHAS DE MORAES,"","",EM FRENTE AO ATACADO DOS PRESENTES,AV MARECHAL MASCARENHAS DE MORAES,"",EM FRENTE AO ATACADO DOS PRESENTES,IMBIRIBEIRA,310,SUBURBIO,ABALROAMENTO LONGITUDINAL,COLISÃO SEM VÍTIMA,,1,,,,,1,,,0,,Cruzamento,Chuvoso,Sem defeito,Perfeito estado,Molhada,Mal conservada,Faixa de retenção,Não há placas,60 km/h,Dupla,Canteiro central,"",""
4626,2019-05-27T00:00:00,15:37:00,SEM VÍTIMA,CANCELADA,BOMBA DO HEMETÉRIO,AV NORTE,5154,"","NA ENTRADA DA BOMBA DO HEMETERIO, PROX. A FARMACIA PAGUE MENOS",AV NORTE,5154,"NA ENTRADA DA BOMBA DO HEMETERIO, PROX. A FARMACIA PAGUE MENOS",BOMBA DO HEMETÉRIO,,"",COLISÃO,COLISÃO SEM VÍTIMA,,,,,,,1,,1,0,,"","","","","","","","","","","","",""
4627,2019-05-27T00:00:00,15:43:00,SEM VÍTIMA,FINALIZADA,"",RUA BALTAZAR PASSOS,"",RUA SA E SOUZA,"",RUA BALTAZAR PASSOS,"","","",,CIDADE,ABALROAMENTO LONGITUDINAL,COLISÃO SEM VÍTIMA,1,,,,,1,,,,0,,Cruzamento,Bom,Não existe,Perfeito estado,Seca,Perfeito estado,Não existe,Não há placas,"",Única,Não existe,"",""
4628,2019-05-27T00:00:00,16:55:00,SEM VÍTIMA,FINALIZADA,SANTO ANTÔNIO,AV MARTINS DE BARROS,"","","",AV MARTINS DE BARROS,"","",SANTO ANTÔNIO,164,SUBURBIO,COLISÃO TRASEIRA,COLISÃO SEM VÍTIMA,1,1,,,,,,,,0,,Longo da via,Bom,Sem defeito,Perfeito estado,Seca,Perfeito estado,Faixa de retenção,Não há placas,"",Única,Não existe,"",""
4629,2019-05-27T00:00:00,18:12:00,SEM VÍTIMA,FINALIZADA,CORDEIRO,AV MAURICIO DE NASSAU,"",RUA DR JOAO LACERDA,"",AV MAURICIO DE NASSAU,"","",CORDEIRO,597,CIDADE,ABALROAMENTO LONGITUDINAL,ONIBUS PEDROSA X AUTO,1,,,,,1,,,,0,,Longo da via,Bom,Sem defeito,Perfeito estado,Seca,Perfeito estado,Faixa de retenção,"","",Dupla,Faixa contínua,"",""
4630,2019-05-27T00:00:00,18:48:00,SEM VÍTIMA,FINALIZADA,SANTO AMARO,AV CRUZ CABUGA,"","",EM FRENTE AO HOSPITAL NAVAL DA MARINHA,AV CRUZ CABUGA,"",EM FRENTE AO HOSPITAL NAVAL DA MARINHA,SANTO AMARO,,"",COLISÃO TRASEIRA,ONIBUS X PRISMA,1,,,,,1,,,,0,,Longo da via,Bom,Sem defeito,Perfeito estado,Seca,Perfeito estado,"",Outras,"",Dupla,Faixa contínua,"",""
4631,2019-05-27T00:00:00,18:50:00,SEM VÍTIMA,CANCELADA,SANTO AMARO,AV NORTE,"","","POR CIMA DA PTE DO LIMOEIRO , SNT ENCRUZILHADA",AV NORTE,"","POR CIMA DA PTE DO LIMOEIRO , SNT ENCRUZILHADA",SANTO AMARO,,"",COLISÃO,ENTRE 2 AUTOS. S/V,2,,,,,,,,,0,,"","","","","","","","","","","","",""
4632,2019-05-27T00:00:00,18:53:00,SEM VÍTIMA,CANCELADA,BARRO,AV DR JOSE RUFINO,2425,RUA GUATIMOZIM,PROX A SOCORRO VENANCIA RECEPÇOES,AV DR JOSE RUFINO,2425,PROX A SOCORRO VENANCIA RECEPÇOES,BARRO,,"",COLISÃO,ONIBUS METROPOLITANA X ONIX,1,,,,,1,,,,0,,"","","","","","","","","","","","",""
4633,2019-05-27T00:00:00,18:58:00,SEM VÍTIMA,CANCELADA,MADALENA,AV BEIRA RIO,865,"",SEMÁFORO 077/ E/F A ACADEMIA DA CIDADE E AO EDF RESIDÊNCIAS DA BEIRA RIO,AV BEIRA RIO,865,SEMÁFORO 077/ E/F A ACADEMIA DA CIDADE E AO EDF RESIDÊNCIAS DA BEIRA RIO,MADALENA,77,"",COLISÃO,ENTRE 2 AUTOS. S/V,2,,,,,,,,,0,,"","","","","","","","","","","","",""
4634,2019-05-27T00:00:00,19:17:00,SEM VÍTIMA,FINALIZADA,SANTO AMARO,AV GOVERNADOR AGAMENON MAGALHAES,"",AV DR JAYME DA FONTE,SEMÁFORO 049,AV GOVERNADOR AGAMENON MAGALHAES,"",SEMÁFORO 049,SANTO AMARO,49,SUBURBIO,COLISÃO TRASEIRA,ENTRE 2 AUTOS. S/V,2,,,,,,,,,0,,Cruzamento,Bom,Sem defeito,Perfeito estado,Seca,Perfeito estado,Faixa de pedestre,"",60 km/h,Dupla,Canal,"",""
4635,2019-05-27T00:00:00,19:27:00,SEM VÍTIMA,FINALIZADA,BOA VISTA,RUA JOAO FERNANDES VIEIRA,675,"",EM FRENTE AO HOSPITAL DE FRATURAS,RUA JOAO FERNANDES VIEIRA,675,EM FRENTE AO HOSPITAL DE FRATURAS,BOA VISTA,,SUBURBIO,COLISÃO TRASEIRA,RENO X ECOSPORT X AUTO,3,,,,,,,,,0,,Longo da via,Bom,Não existe,Perfeito estado,Seca,Perfeito estado,Faixa de pedestre,"","",Dupla,Faixa contínua,Faixa seccionada,Canteiro central
4636,2019-05-27T00:00:00,19:35:00,SEM VÍTIMA,FINALIZADA,IMBIRIBEIRA,RUA PRESIDENTE NILO PECANHA,"","",AO LADO DA IGREJA BATISTA MEMORIAL EM BOA VIAGEM,RUA PRESIDENTE NILO PECANHA,"",AO LADO DA IGREJA BATISTA MEMORIAL EM BOA VIAGEM,IMBIRIBEIRA,,SUBURBIO,CHOQUE VEÍCULO PARADO,ENTRE ÔNIBUS E AUTO PASSEIO. S/V,1,,,,,1,,,,0,,Longo da via,Chuvoso,Não existe,Ilegível,Molhada,Mal iluminada,Não existe,Não há placas,"",Única,Não existe,"",""
4637,2019-05-28T00:00:00,01:23:00,SEM VÍTIMA,FINALIZADA,IPUTINGA,RUA DES OSCAR COUTINHO,35,"","",RUA DES OSCAR COUTINHO,35,"",IPUTINGA,,SUBURBIO,CHOQUE VEÍCULO PARADO,CONDUTOR EMBRIGADO PERDEU O CONTROLE DO VEÍCULO E CHOCOU-SE CONTRA AUTO ESTACIONADO. S/V,2,,,,,,,,,0,,Longo da via,Bom,Não existe,Não existente,Seca,Perfeito estado,Não existe,Não há placas,"",Dupla,Não existe,"",""
4638,2019-05-28T00:00:00,03:52:00,SEM VÍTIMA,FINALIZADA,MANGABEIRA,AV PROFESSOR JOSE DOS ANJOS,1561,"",CONJUNTO RESIDENCIAL NORTE,AV PROFESSOR JOSE DOS ANJOS,1561,CONJUNTO RESIDENCIAL NORTE,MANGABEIRA,,CIDADE,CHOQUE VEÍCULO PARADO,"COLISÃO ENTRE AUTO E MICRO-ÔNIBUS, SEM VÍTIMAS.",1,,,,,1,,,,0,,Longo da via,Chuvoso,Não existe,Incompleta,Molhada,Mal iluminada,Não existe,Outras,"",Única,Faixa seccionada,"",""
4639,2019-05-28T00:00:00,06:49:00,SEM VÍTIMA,FINALIZADA,GRAÇAS,AV GOVERNADOR AGAMENON MAGALHAES,"","",EM FRENTE AO CLUBE PORTUGUES,AV GOVERNADOR AGAMENON MAGALHAES,"",EM FRENTE AO CLUBE PORTUGUES,GRAÇAS,,"",COLISÃO TRASEIRA,DOIS AUTOS PONTO,2,,,,,,,,,0,,Longo da via,Chuvoso,Sem defeito,Perfeito estado,Molhada,Perfeito estado,"","",60 km/h,Dupla,Canteiro central,"",""
4640,2019-05-28T00:00:00,07:21:00,SEM VÍTIMA,CANCELADA,SANTO AMARO,AV GOVERNADOR AGAMENON MAGALHAES,700,RUA ODORICO MENDES,EM FRENTE AO IC,AV GOVERNADOR AGAMENON MAGALHAES,700,EM FRENTE AO IC,SANTO AMARO,49,"",COLISÃO,SEM VITIMAS,3,,,,,,,,,0,,"","","","","","","","","","","","",""
4641,2019-05-28T00:00:00,07:25:00,SEM VÍTIMA,FINALIZADA,VÁRZEA,AV AFONSO OLINDENSE,1276,"",ASSEMBLEIA DE DEUS,AV AFONSO OLINDENSE,1276,ASSEMBLEIA DE DEUS,VÁRZEA,,SUBURBIO,COLISÃO TRASEIRA,AUTO PASSEIO E TAXI,2,,,,,,,,,0,,Longo da via,Bom,Não existe,Perfeito estado,Seca,Perfeito estado,Faixa de pedestre,Não há placas,"",Dupla,Faixa contínua,"",""
4642,2019-05-28T00:00:00,07:56:00,SEM VÍTIMA,FINALIZADA,DERBY,PRC DO DERBY,"",RUA JENER DE SOUZA,PRÓXIMO AO SEMÁFORO 040,PRC DO DERBY,"",PRÓXIMO AO SEMÁFORO 040,DERBY,40,CIDADE,ABALROAMENTO TRANSVERSAL,ONIBUS E AUTO PASSEIO,1,,,,,1,,,,0,,Longo da via,Bom,Sem defeito,Perfeito estado,Seca,"",Faixa de pedestre,Outras,50 km/h,Dupla,Canteiro central,"",""
4643,2019-05-28T00:00:00,08:06:00,COM VÍTIMA,FINALIZADA,BOA VIAGEM,RUA VISCONDE DE JEQUITINHONHA,1228,RUA BARAO DE SOUZA LEAO,EM FRENTE A POUSADA DIPLOMATA,RUA VISCONDE DE JEQUITINHONHA,1228,EM FRENTE A POUSADA DIPLOMATA,BOA VIAGEM,129,SUBURBIO,ATROPELAMENTO,AUTO E PEDESTRE.,1,,,,1,,,,,1,,Cruzamento,Bom,Sem defeito,Perfeito estado,Seca,Perfeito estado,Não existe,Não há placas,60 km/h,Única,Canteiro central,Canal,""
4644,2019-05-28T00:00:00,08:49:00,SEM VÍTIMA,FINALIZADA,"",RUA VISCONDE DE JEQUITINHONHA,"",AV ARMINDO MOURA,LAVA JATO DAS MENINAS,RUA VISCONDE DE JEQUITINHONHA,"",LAVA JATO DAS MENINAS,"",258,"",COLISÃO TRASEIRA,ONIBUS E AUTO PASSEIO,1,,,,,1,,,,0,,Cruzamento,Chuvoso,Sem defeito,Perfeito estado,Molhada,Perfeito estado,Faixa de pedestre,Outras,"",Dupla,Canal,"",""
4645,2019-05-28T00:00:00,08:49:00,SEM VÍTIMA,FINALIZADA,AREIAS,AV RECIFE,3985,"",EM FRENTE À VIA RECIFE VEÍCULOS,AV RECIFE,3985,EM FRENTE À VIA RECIFE VEÍCULOS,AREIAS,494,CIDADE,CHOQUE VEÍCULO PARADO,sem vitimas,2,,,,,,,,,0,,Longo da via,Bom,Sem defeito,Perfeito estado,Seca,Perfeito estado,Não existe,Não há placas,60 km/h,Única,"","",""
4646,2019-05-28T00:00:00,09:05:00,COM VÍTIMA,FINALIZADA,CASA AMARELA,AV NORTE,"","",EM FREMTE AO PALÁCIO ATACADO,AV NORTE,"",EM FREMTE AO PALÁCIO ATACADO,CASA AMARELA,,CIDADE,CHOQUE VEÍCULO PARADO,AUTO E MOTO.,1,1,,,,,,,,1,,Longo da via,Bom,Não existe,Incompleta,Seca,Mal conservada,Não existe,Não há placas,"",Dupla,Faixa seccionada,"",""
4647,2019-05-28T00:00:00,09:16:00,SEM VÍTIMA,FINALIZADA,BARRO,RUA JOSE NATARIO,"","",AO LADO DO POSTO SHELL,RUA JOSE NATARIO,"",AO LADO DO POSTO SHELL,BARRO,44,"",COLISÃO TRASEIRA,ENTRE AUTOS S/V.,2,,,,,,,,,0,,"",Bom,Sem defeito,Perfeito estado,Seca,Perfeito estado,Não existe,Não há placas,"",Dupla,Não existe,"",""
4648,2019-05-28T00:00:00,09:27:00,SEM VÍTIMA,FINALIZADA,PRADO,RUA XAVIER SOBRINHO,282,AV JOCKEI CLUBE,"",RUA XAVIER SOBRINHO,282,"",PRADO,,"",ABALROAMENTO TRANSVERSAL,ENTRE AUTOS S/V.,2,,,,,,,,,0,,Longo da via,Bom,Não existe,Não existente,Seca,Mal conservada,Não existe,Não há placas,"",Dupla,Não existe,"",""