_id,DATA,hora,natureza_acidente,situacao,bairro,endereco,numero,detalhe_endereco_acidente,complemento,endereco_cruzamento,numero_cruzamento,referencia_cruzamento,bairro_cruzamento,num_semaforo,sentido_via,tipo,descricao,auto,moto,ciclom,ciclista,pedestre,onibus,caminhao,viatura,outros,vitimas,vitimasfatais,acidente_verificado,tempo_clima,situacao_semaforo,sinalizacao,condicao_via,conservacao_via,ponto_controle,situacao_placa,velocidade_max_via,mao_direcao,divisao_via1,divisao_via2,divisao_via3
4649,2019-05-28T00:00:00,09:43:00,SEM VÍTIMA,FINALIZADA,DERBY,PRC DO DERBY,149,"",EM FRENTE AO EMPRESARIAL CASA GRANDE DERBY,PRC DO DERBY,149,EM FRENTE AO EMPRESARIAL CASA GRANDE DERBY,DERBY,,CIDADE,ABALROAMENTO LONGITUDINAL,DOIS AUTOS,2,,,,,,,,,0,,Longo da via,Bom,Sem defeito,"",Seca,Perfeito estado,Faixa de pedestre,"","",Dupla,"","",""
4650,2019-05-28T00:00:00,09:52:00,SEM VÍTIMA,FINALIZADA,GRAÇAS,RUA JOAQUIM NABUCO,200,"",EM FRENTE AO HOSPITAL SANTA JOANA,RUA JOAQUIM NABUCO,200,EM FRENTE AO HOSPITAL SANTA JOANA,GRAÇAS,,SUBURBIO,ABALROAMENTO LONGITUDINAL,AUTO PASSEIO X VEÍCULO OFICIAL S/V.,1,,,,,,,1,,0,,Longo da via,Bom,Sem defeito,Perfeito estado,Seca,Perfeito estado,Não existe,R-6a,40 km/h,Única,Faixa seccionada,"",""
4651,2019-05-28T00:00:00,10:53:00,SEM VÍTIMA,FINALIZADA,GUABIRABA,AV VEREADOR OTACILIO AZEVEDO,"",RUA SENHOR DO BONFIM,EM FRENTE AO ESPETINHO DO JUCA,AV VEREADOR OTACILIO AZEVEDO,"",EM FRENTE AO ESPETINHO DO JUCA,GUABIRABA,,SUBURBIO,ABALROAMENTO LONGITUDINAL,SEM VITIMAS,1,,,,,,1,,,0,,Cruzamento,Bom,Não existe,Ilegível,Seca,Perfeito estado,Não existe,Placas Pare,"",Dupla,Não existe,"",""
4652,2019-05-28T00:00:00,12:12:00,COM VÍTIMA,CANCELADA,CASA FORTE,RUA SANTANA,171,"",AP LADO DO COLEGIO COGNITIVO,RUA SANTANA,171,AP LADO DO COLEGIO COGNITIVO,CASA FORTE,,"",COLISÃO,COLISÃO COM VITIMA,1,1,,,,,,,,1,,"","","","","","","","","","","","",""
4653,2019-05-28T00:00:00,12:50:00,SEM VÍTIMA,FINALIZADA,BOA VISTA,RUA DOM BOSCO,"","",EM FRENTE A COLEGIO AMERICANO BATISTA,RUA DOM BOSCO,"",EM FRENTE A COLEGIO AMERICANO BATISTA,BOA VISTA,,SUBURBIO,ABALROAMENTO LONGITUDINAL,COLISÃO SEM VÍTIMA,2,,,,,,,,,0,,Longo da via,Bom,Não existe,Perfeito estado,Seca,Perfeito estado,Não existe,R-6a,"",Única,Faixa contínua,Faixa seccionada,""
4654,2019-05-28T00:00:00,12:58:00,COM VÍTIMA,FINALIZADA,BOA VIAGEM,AV BOA VIAGEM,6636,RUA PADRE LEANDRO CAMELO,ANTES O DONA LINDÚ EDF PORTO DE ALEXANDRIA,AV BOA VIAGEM,6636,ANTES O DONA LINDÚ EDF PORTO DE ALEXANDRIA,BOA VIAGEM,190,CIDADE,ABALROAMENTO LONGITUDINAL,MOTO E ÔNIBUS.,,1,,,,1,,,,1,,Longo da via,Bom,Sem defeito,Perfeito estado,Seca,Perfeito estado,Faixa de pedestre,Outras,60 km/h,"","","",""
4655,2019-05-28T00:00:00,13:00:00,COM VÍTIMA,FINALIZADA,SANTO AMARO,RUA DO POMBAL,870,RUA FREI CASSIMIRO,"",RUA DO POMBAL,870,"",SANTO AMARO,,CIDADE,ABALROAMENTO TRANSVERSAL,DOIS AUTOS.,2,,,,,,,,,2,,Cruzamento,Bom,Não existe,Ilegível,Seca,Perfeito estado,Não existe,Não há placas,"",Dupla,Faixa seccionada,"",""
4656,2019-05-28T00:00:00,13:07:00,SEM VÍTIMA,FINALIZADA,BOA VIAGEM,RUA AMALIA BERNARDINO DE SOUZA,"",RUA DOM JOSE LOPES,"",RUA AMALIA BERNARDINO DE SOUZA,"","",BOA VIAGEM,,CIDADE,ABALROAMENTO TRANSVERSAL,COLISAO ENTRE DOIS AUTOS S/V,2,,,,,,,,,0,,Cruzamento,Bom,Não existe,Perfeito estado,Seca,Perfeito estado,Não existe,Placas Pare,"","",Não existe,"",""
4657,2019-05-28T00:00:00,13:10:00,SEM VÍTIMA,FINALIZADA,CAMPO GRANDE,RUA JERONIMO VILELA,469,RUA FRANKLIN TAVORA,"",RUA JERONIMO VILELA,469,"",CAMPO GRANDE,282,CIDADE,COLISÃO TRASEIRA,COLISÃO SEM VÍTIMA,2,,,,,,,,,0,,Longo da via,Bom,Sem defeito,Perfeito estado,Seca,Perfeito estado,Faixa de pedestre,R-6a,"",Dupla,Faixa contínua,Faixa seccionada,""
4658,2019-05-28T00:00:00,13:40:00,SEM VÍTIMA,FINALIZADA,IMBIRIBEIRA,RUA FELIPE CAMARAO,"","",POR TRAS DO Nº 6997,RUA FELIPE CAMARAO,"",POR TRAS DO Nº 6997,IMBIRIBEIRA,,"",ABALROAMENTO LONGITUDINAL,COLISAO ENTRE DOIS AUTOS S/V,2,,,,,,,,,0,,"",Bom,Não existe,Não existente,Seca,Mal conservada,Não existe,Não há placas,"",Única,Não existe,"",""
4659,2019-05-28T00:00:00,13:43:00,SEM VÍTIMA,FINALIZADA,GRAÇAS,AV RUI BARBOSA,704,"",COLEGIO AGNES,AV RUI BARBOSA,704,COLEGIO AGNES,GRAÇAS,562,SUBURBIO,ABALROAMENTO LONGITUDINAL,COLISÃO SEM VITIMA,2,,,,,,,,,0,,"",Bom,Sem defeito,Perfeito estado,Seca,Perfeito estado,Faixa de pedestre,R-6a,"",Única,Faixa contínua,"",""
4660,2019-05-28T00:00:00,13:50:00,COM VÍTIMA,FINALIZADA,IMBIRIBEIRA,RUA ITAJAI,"",RUA ITACARI,EM FRENTE AO COCIL VIGILANCIA E O INOBY,RUA ITAJAI,"",EM FRENTE AO COCIL VIGILANCIA E O INOBY,IMBIRIBEIRA,,SUBURBIO,ABALROAMENTO LONGITUDINAL,AUTO E MOTO.,1,1,,,,,,,,1,,Cruzamento,Bom,Não existe,Perfeito estado,Seca,Perfeito estado,Faixa de pedestre,Placas Pare,"",Dupla,Não existe,"",""
4661,2019-05-28T00:00:00,13:50:00,SEM VÍTIMA,FINALIZADA,IBURA,AV DOIS RIOS,214,"",EM FRENTE ASENA SAÚDE,AV DOIS RIOS,214,EM FRENTE ASENA SAÚDE,IBURA,,CIDADE,ABALROAMENTO LONGITUDINAL,COLISAO ENTRE AUTO E MOTO S/V,1,1,,,,,,,,0,,Longo da via,Bom,Não existe,Perfeito estado,Seca,Perfeito estado,Não existe,Não há placas,"",Dupla,Faixa seccionada,"",""
4662,2019-05-28T00:00:00,14:03:00,SEM VÍTIMA,FINALIZADA,IPSEP,RUA JEAN EMILE FAVRE,"",RUA PAMPULHA,"",RUA JEAN EMILE FAVRE,"","",IPSEP,564,"",ABALROAMENTO TRANSVERSAL,COLISÃO SEM VÍTIMA,1,,,,,1,,,,0,,Cruzamento,Bom,Sem defeito,Perfeito estado,Seca,Perfeito estado,Faixa de pedestre,R-6a,"",Dupla,Faixa contínua,"",""
4663,2019-05-28T00:00:00,14:04:00,SEM VÍTIMA,FINALIZADA,BOA VISTA,RUA JOSE DE ALENCAR,725,"",PROX. HOSPITAL UNIMED RECIFE,RUA JOSE DE ALENCAR,725,PROX. HOSPITAL UNIMED RECIFE,BOA VISTA,,CIDADE,ABALROAMENTO TRANSVERSAL,COLISÃO SEM VITIMA,2,,,,,,,,,0,,Longo da via,Bom,Não existe,Não existente,Seca,Perfeito estado,Não existe,R-6a,"",Dupla,Não existe,"",""
4664,2019-05-28T00:00:00,14:51:00,SEM VÍTIMA,FINALIZADA,SANTO AMARO,RUA BARAO DE IGARASSU,35,"",EM FRENTE A FTD EDUCAÇÃO,RUA BARAO DE IGARASSU,35,EM FRENTE A FTD EDUCAÇÃO,SANTO AMARO,,SUBURBIO,ABALROAMENTO LONGITUDINAL,COLISÃO SEM VÍTIMA,1,1,,,,,,,,0,,Longo da via,Bom,Não existe,Incompleta,Seca,Perfeito estado,Não existe,Não há placas,"",Dupla,Não existe,"",""
4665,2019-05-29T00:00:00,06:56:00,COM VÍTIMA,FINALIZADA,DERBY,AV GOVERNADOR AGAMENON MAGALHAES,"","",EM FRENTE AO Nº 107,AV GOVERNADOR AGAMENON MAGALHAES,"",EM FRENTE AO Nº 107,DERBY,,"",COLISÃO TRASEIRA,COLISÃO COM VITIMA,1,1,,,,,,,,1,,Longo da via,Bom,Sem defeito,Perfeito estado,Seca,Perfeito estado,Faixa de pedestre,"",60 km/h,Dupla,Canal,"",""
4666,2019-05-28T00:00:00,16:13:00,SEM VÍTIMA,FINALIZADA,SANTO AMARO,AV NORTE,141,"",EM FRENTE AO QUARTEL DO E.B CSPPA,AV NORTE,141,EM FRENTE AO QUARTEL DO E.B CSPPA,SANTO AMARO,463,SUBURBIO,ABALROAMENTO LONGITUDINAL,COLISÃO SEM VITIMA,1,,,,,1,,,,0,,Longo da via,Bom,Sem defeito,Perfeito estado,Seca,Perfeito estado,Não existe,Não há placas,60 km/h,Dupla,Canteiro central,"",""
4667,2019-05-28T00:00:00,16:28:00,SEM VÍTIMA,FINALIZADA,GRAÇAS,RUA AMELIA,304,"",EM FRENTE SINEPE/PE,RUA AMELIA,304,EM FRENTE SINEPE/PE,GRAÇAS,177,CIDADE,COLISÃO TRASEIRA,COLISAO ENTRE AOIS AUTOS S/V,2,,,,,,,,,0,,Longo da via,Bom,Sem defeito,Perfeito estado,Seca,Perfeito estado,Faixa de pedestre,R-6a,"",Única,Faixa contínua,Faixa seccionada,""
4668,2019-05-28T00:00:00,16:42:00,SEM VÍTIMA,FINALIZADA,CORDEIRO,RUA TIJUCAS,401,RUA ANTONIO VALDEVINO COSTA,REFRIGERAÇÃO,RUA TIJUCAS,401,REFRIGERAÇÃO,CORDEIRO,,"",ABALROAMENTO TRANSVERSAL,"",,1,,,,,,1,,0,,Longo da via,Bom,Não existe,Perfeito estado,Seca,Perfeito estado,Não existe,R-6a,"",Dupla,Não existe,"",""
4669,2019-05-28T00:00:00,17:05:00,COM VÍTIMA,FINALIZADA,TORRE,RUA PADRE LANDIM,104,RUA DOM MANOEL DA COSTA,POR TRÁS DA MATRIZ DA IGREJA DA TORRE,RUA PADRE LANDIM,104,POR TRÁS DA MATRIZ DA IGREJA DA TORRE,TORRE,252,"",ABALROAMENTO TRANSVERSAL,AUTO E CAMINHÃO,1,,,,,,1,,,1,,Cruzamento,Bom,Sem defeito,Incompleta,Seca,Perfeito estado,Faixa de retenção,Não há placas,"",Única,Faixa seccionada,"",""
4670,2019-05-28T00:00:00,17:20:00,SEM VÍTIMA,CANCELADA,BOA VIAGEM,VIADUTO TANCREDO NEVES,"","",EM CIMA DO VIADUTO/ SENTIDO BOA VIAGEM,VIADUTO TANCREDO NEVES,"",EM CIMA DO VIADUTO/ SENTIDO BOA VIAGEM,BOA VIAGEM,,"",COLISÃO,COLISÃO SEM VÍTIMA,2,,,,,,,,,0,,"","","","","","","","","","","","",""
4671,2019-05-28T00:00:00,17:25:00,SEM VÍTIMA,FINALIZADA,BOA VIAGEM,AV ARMINDO MOURA,"","",POSTO NASH COMBUSTÍVEL,AV ARMINDO MOURA,"",POSTO NASH COMBUSTÍVEL,BOA VIAGEM,,SUBURBIO,ABALROAMENTO LONGITUDINAL,COLISÃO SEM VÍTIMA,2,,,,,,,,,0,,Longo da via,Bom,Não existe,Perfeito estado,Seca,Perfeito estado,Faixa de pedestre,Não há placas,"",Dupla,Faixa contínua,"",""
4672,2019-05-28T00:00:00,17:51:00,SEM VÍTIMA,FINALIZADA,MACAXEIRA,AV NORTE,"","",TERMINAL DA MACAXEIRA,AV NORTE,"",TERMINAL DA MACAXEIRA,MACAXEIRA,,CIDADE,ABALROAMENTO LONGITUDINAL,COLISÃO SEM VÍTIMA,2,,,,,,,,,0,,Longo da via,Bom,Não existe,Perfeito estado,Seca,Perfeito estado,Não existe,Não há placas,60 km/h,Dupla,Canteiro central,"",""
4673,2019-05-28T00:00:00,18:00:00,SEM VÍTIMA,FINALIZADA,SANTO AMARO,AV NORTE,1220,"",EM FRENTE AO Nº 1220,AV NORTE,1220,EM FRENTE AO Nº 1220,SANTO AMARO,,SUBURBIO,COLISÃO TRASEIRA,02 AUTOS PASSEIO,2,,,,,,,,,0,,Longo da via,Bom,Não existe,Perfeito estado,Seca,Perfeito estado,Não existe,R-6a,40 km/h,Dupla,Canteiro central,"",""
4674,2019-05-28T00:00:00,18:23:00,SEM VÍTIMA,FINALIZADA,BREJO DA GUABIRABA,AV VEREADOR OTACILIO AZEVEDO,"","",RUA PRESIDENTE COSTA E SILVA,AV VEREADOR OTACILIO AZEVEDO,"",RUA PRESIDENTE COSTA E SILVA,BREJO DA GUABIRABA,,SUBURBIO,CHOQUE VEÍCULO PARADO,ONIBUS PEDROSA X VOYAGE,1,,,,,1,,,,0,,Longo da via,Bom,Não existe,Incompleta,Seca,Perfeito estado,Não existe,Não há placas,"",Dupla,Não existe,"",""
4675,2019-05-28T00:00:00,19:20:00,SEM VÍTIMA,FINALIZADA,ILHA DO LEITE,RUA ESTADO DE ISRAEL,"",RUA MARQUES AMORIM,EM FRENTE A ESCOLA POETA MANOEL BANDEIRA,RUA ESTADO DE ISRAEL,"",EM FRENTE A ESCOLA POETA MANOEL BANDEIRA,ILHA DO LEITE,,CIDADE,ABALROAMENTO TRANSVERSAL,ENTRE AUTO E MOTO. S/V,1,1,,,,,,,,0,,Cruzamento,Bom,Não existe,Perfeito estado,Seca,Perfeito estado,Não existe,R-6a,"",Única,Faixa seccionada,"",""
4676,2019-05-28T00:00:00,20:08:00,SEM VÍTIMA,FINALIZADA,SAN MARTIN,AV ENGENHEIRO ABDIAS DE CARVALHO,1800,"","",AV ENGENHEIRO ABDIAS DE CARVALHO,1800,"",SAN MARTIN,56,SUBURBIO,ABALROAMENTO LONGITUDINAL,PALIO X FORD K,2,,,,,,,,,0,,Longo da via,Bom,Sem defeito,Perfeito estado,Seca,Perfeito estado,Faixa de pedestre,"","",Dupla,Faixa contínua,Canteiro central,""
4677,2019-05-29T00:00:00,01:47:00,SEM VÍTIMA,FINALIZADA,ARRUDA,RUA PROFESSOR JERONIMO GUEIROS,"",RUA MEM DE SA,"",RUA PROFESSOR JERONIMO GUEIROS,"","",ARRUDA,495,CIDADE,ABALROAMENTO TRANSVERSAL,"COLISÃO ENTRE DOIS AUTOS, SEM VÍTIMAS.",2,,,,,,,,,0,,Cruzamento,Bom,Sem defeito,Perfeito estado,Seca,Mal conservada,"",Não há placas,"",Dupla,Não existe,"",""
4678,2019-05-29T00:00:00,06:56:00,SEM VÍTIMA,CANCELADA,ESPINHEIRO,RUA DO ESPINHEIRO,319,RUA AMELIA,EM FRENTE A ACADEMIA VINKINGS,RUA DO ESPINHEIRO,319,EM FRENTE A ACADEMIA VINKINGS,ESPINHEIRO,195,"",COLISÃO,COLISÃO S/ VITIMAS ENTRE DOIS AUTOS,2,,,,,,,,,0,,"","","","","","","","","","","","",""
4679,2019-05-29T00:00:00,07:25:00,SEM VÍTIMA,FINALIZADA,AFOGADOS,EST DOS REMEDIOS,"",RUA DO ACRE,PRÓXIMO AO MERCADO PUBLICO DE AFOGADOS,EST DOS REMEDIOS,"",PRÓXIMO AO MERCADO PUBLICO DE AFOGADOS,AFOGADOS,,SUBURBIO,ABALROAMENTO LONGITUDINAL,ONIBUS E AUTO,1,,,,,1,,,,0,,Cruzamento,Chuvoso,Não existe,Perfeito estado,Molhada,Perfeito estado,"",Outras,"",Dupla,Faixa contínua,"",""
4680,2019-05-29T00:00:00,07:40:00,SEM VÍTIMA,FINALIZADA,VÁRZEA,RUA PROFESSOR CHAVES BATISTA,112,RUA EMILIANO BRAGA,ED MARIA DANIELLA,RUA PROFESSOR CHAVES BATISTA,112,ED MARIA DANIELLA,VÁRZEA,,CIDADE,ABALROAMENTO LONGITUDINAL,SEM VITIMAS/ONIX DA EMLURB,1,,,,,,1,,,0,,Cruzamento,Chuvoso,Não existe,Não existente,Molhada,Perfeito estado,Não existe,Não há placas,"",Única,Não existe,"",""
4681,2019-05-29T00:00:00,07:51:00,SEM VÍTIMA,FINALIZADA,BOMBA DO HEMETÉRIO,RUA CHA DE ALEGRIA,235,"","",RUA CHA DE ALEGRIA,235,"",BOMBA DO HEMETÉRIO,,SUBURBIO,COLISÃO TRASEIRA,TRES AUTOS,2,,,,,,,,,0,,Longo da via,Chuvoso,Não existe,Perfeito estado,Molhada,Perfeito estado,Não existe,Outras,40 km/h,Dupla,Faixa seccionada,"",""
4682,2019-05-29T00:00:00,08:01:00,COM VÍTIMA,FINALIZADA,CABANGA,VIADUTO CAPITAO TEMUDO,"","",NA DESCIDA DO VIADUTO QUE DÁ ACESSO À RUA IMPERIAL,VIADUTO CAPITAO TEMUDO,"",NA DESCIDA DO VIADUTO QUE DÁ ACESSO À RUA IMPERIAL,CABANGA,,SUBURBIO,COLISÃO TRASEIRA,MOTOCICLISTA CAIU DA MOTOCICLETA EM VIRTUDE DE ÓLEO NA PISTA E COLIDIU COM UM VEÍCULO.,1,1,,,,,,,,1,,Viaduto,Chuvoso,Não existe,Perfeito estado,Oleosa,Perfeito estado,Não existe,Não há placas,"",Única,Não existe,"",""
4683,2019-05-29T00:00:00,08:10:00,COM VÍTIMA,FINALIZADA,PRADO,RUA GERVASIO CAMPELO,80,RUA RODRIGUES DE MENDONCA,POR TRAS DO HABIBS DA ABDIAS DE CARVALHO,RUA GERVASIO CAMPELO,80,POR TRAS DO HABIBS DA ABDIAS DE CARVALHO,PRADO,,CIDADE,ABALROAMENTO TRANSVERSAL,AUTO E MOTO.,1,1,,,,,,,,1,,Cruzamento,Bom,Não existe,Perfeito estado,Seca,Perfeito estado,Faixa de pedestre,R-6a,30 km/h,Única,Não existe,"",""
4684,2019-05-29T00:00:00,08:50:00,SEM VÍTIMA,FINALIZADA,VÁRZEA,AV AFONSO OLINDENSE,"",RUA JOSE AVELAR,EM FRENTE AO ATACADÃO,AV AFONSO OLINDENSE,"",EM FRENTE AO ATACADÃO,VÁRZEA,,CIDADE,COLISÃO TRASEIRA,MOTO E AUTO,1,1,,,,,,,,0,,"",Chuvoso,Não existe,Não existente,Molhada,Perfeito estado,Faixa de pedestre,Não há placas,"",Dupla,Faixa contínua,Faixa seccionada,""
4685,2019-05-29T00:00:00,09:21:00,SEM VÍTIMA,FINALIZADA,MONTEIRO,AV DEZESSETE DE AGOSTO,2513,"",EM FRENTE A COMPESA,AV DEZESSETE DE AGOSTO,2513,EM FRENTE A COMPESA,MONTEIRO,,SUBURBIO,COLISÃO TRASEIRA,ONIBUS E AUTO,1,,,,,1,,,,0,,Longo da via,Chuvoso,"",Perfeito estado,Molhada,Perfeito estado,Faixa de pedestre,R-6a,60 km/h,Dupla,Faixa contínua,"",""
4686,2019-05-29T00:00:00,09:29:00,SEM VÍTIMA,FINALIZADA,PINA,AV CONSELHEIRO AGUIAR,"",AV HERCULANO BANDEIRA,AO LADO DA PIZZARIA CLOCK,AV CONSELHEIRO AGUIAR,"",AO LADO DA PIZZARIA CLOCK,PINA,138,CIDADE,ABALROAMENTO LONGITUDINAL,COLISÃO S/ VITIMAS ENTRE UMA MOTO E UM CARRO,1,1,,,,,,,,0,,Longo da via,Chuvoso,Sem defeito,Perfeito estado,Molhada,Perfeito estado,Agente,"",60 km/h,Única,Faixa seccionada,"",""
4687,2019-05-29T00:00:00,09:49:00,COM VÍTIMA,FINALIZADA,CASA AMARELA,RUA XAVANTES,150,RUA OSCAR DE BARROS,RUA POR TRÁS DO CANELA SUPERMERCADOS DA PADRE LEMOS,RUA XAVANTES,150,RUA POR TRÁS DO CANELA SUPERMERCADOS DA PADRE LEMOS,CASA AMARELA,,SUBURBIO,ABALROAMENTO TRANSVERSAL,AUTO E MOTO.,1,1,,,,,,,,1,,Cruzamento,Chuvoso,Não existe,Perfeito estado,Molhada,Perfeito estado,Não existe,Placas Pare,"",Dupla,Não existe,"",""
4688,2019-05-29T00:00:00,10:35:00,SEM VÍTIMA,FINALIZADA,BOA VIAGEM,RUA PROFESSOR JOSE BRANDAO,"",RUA FRANCISCO DA CUNHA,"",RUA PROFESSOR JOSE BRANDAO,"","",BOA VIAGEM,,"",COLISÃO TRASEIRA,SEM VITIMAS,2,,,,,,,,,0,,Longo da via,Chuvoso,Não existe,Perfeito estado,Molhada,Perfeito estado,Outros,Placas Pare,40 km/h,Única,Faixa seccionada,"",""
4689,2019-05-29T00:00:00,10:40:00,SEM VÍTIMA,CANCELADA,BOA VIAGEM,RUA BRUNO VELOSO,393,"",PROX. A ACADEMIA R2,RUA BRUNO VELOSO,393,PROX. A ACADEMIA R2,BOA VIAGEM,,"",COLISÃO,DOIS AUTOS,2,,,,,,,,,0,,"","","","","","","","","","","","",""
4690,2019-05-29T00:00:00,10:55:00,SEM VÍTIMA,FINALIZADA,SAN MARTIN,AV GENERAL SAN MARTIN,2456,"","",AV GENERAL SAN MARTIN,2456,"",SAN MARTIN,,SUBURBIO,COLISÃO TRASEIRA,DOIS AUTOS,2,,,,,,,,,0,,Longo da via,Nublado,"",Incompleta,Seca,"",Não existe,Não há placas,"",Dupla,Faixa contínua,Faixa seccionada,""
4691,2019-05-29T00:00:00,11:03:00,SEM VÍTIMA,CANCELADA,IMBIRIBEIRA,AV MARECHAL MASCARENHAS DE MORAES,"","",EM FRENTE AO MURO DO AEROPORTO / SENT PRASERES / RETORNO DO VIADUTO MIGUEL ARRAIS,AV MARECHAL MASCARENHAS DE MORAES,"",EM FRENTE AO MURO DO AEROPORTO / SENT PRASERES / RETORNO DO VIADUTO MIGUEL ARRAIS,IMBIRIBEIRA,,"",COLISÃO,DOIS AUTOS,,,,,,,,,,0,,"","","","","","","","","","","","",""
4692,2019-05-29T00:00:00,11:10:00,COM VÍTIMA,FINALIZADA,ENCRUZILHADA,AV NORTE,"","",PRÓXIMO AO EXTRABOM DA ENCRUZILHADA. LADO OPOSTO AO FREIO TESTE - CENTRO AUTOMOTIVO.,AV NORTE,"",PRÓXIMO AO EXTRABOM DA ENCRUZILHADA. LADO OPOSTO AO FREIO TESTE - CENTRO AUTOMOTIVO.,ENCRUZILHADA,,CIDADE,CAPOTAMENTO,CAPOTAMENTO ENTRE UMA MOTOCICLETA.,,1,,,,,,,,1,,Longo da via,Chuvoso,Não existe,Perfeito estado,Molhada,Perfeito estado,Não existe,Outras,"",Dupla,Canteiro central,"",""
4693,2019-05-29T00:00:00,11:28:00,SEM VÍTIMA,FINALIZADA,POÇO DA PANELA,RUA IRMA MARIA DA PAZ,"",RUA MEDICO MARIO GUIMARAES,"",RUA IRMA MARIA DA PAZ,"","",POÇO DA PANELA,,SUBURBIO,ABALROAMENTO TRANSVERSAL,DOIS AUTOS,2,,,,,,,,,0,,Cruzamento,Chuvoso,Não existe,Perfeito estado,Molhada,Perfeito estado,Não existe,Não há placas,40 km/h,Dupla,Não existe,"",""
4694,2019-05-29T00:00:00,12:07:00,SEM VÍTIMA,FINALIZADA,BOA VIAGEM,RUA FRANCISCO DE BARROS BARRETO,90,"",EM FRENTE AO Nº 90,RUA FRANCISCO DE BARROS BARRETO,90,EM FRENTE AO Nº 90,BOA VIAGEM,,SUBURBIO,COLISÃO TRASEIRA,DOIS AUTO SEM VITIMAS,2,,,,,,,,,0,,Longo da via,Bom,Não existe,Não existente,Seca,Perfeito estado,Não existe,Não há placas,"",Dupla,Não existe,"",""
4695,2019-05-29T00:00:00,12:53:00,SEM VÍTIMA,CANCELADA,ESPINHEIRO,AV GOVERNADOR AGAMENON MAGALHAES,"","",APÓS A UNIMED / PISTA LOCAL,AV GOVERNADOR AGAMENON MAGALHAES,"",APÓS A UNIMED / PISTA LOCAL,ESPINHEIRO,,BOA VIAGEM,COLISÃO,AUTO E MOTO SEM VITIMAS,1,1,,,,,,,,0,,"","","","","","","","","","","","",""
4696,2019-05-29T00:00:00,14:07:00,SEM VÍTIMA,FINALIZADA,SANTO AMARO,AV CRUZ CABUGA,"","",EM FRENTE AO POSTE Nº B 035756,AV CRUZ CABUGA,"",EM FRENTE AO POSTE Nº B 035756,SANTO AMARO,,CIDADE,ABALROAMENTO LONGITUDINAL,COLISÃO SEM VITIMA,1,,,,,,1,,,0,,Longo da via,Chuvoso,Não existe,Não existente,Molhada,Mal conservada,Não existe,"",50 km/h,Dupla,Não existe,"",""
4697,2019-05-29T00:00:00,14:26:00,SEM VÍTIMA,FINALIZADA,BOA VISTA,RUA DA SOLEDADE,277,"",GRANDE RECIFE VEM,RUA DA SOLEDADE,277,GRANDE RECIFE VEM,BOA VISTA,25,SUBURBIO,COLISÃO TRASEIRA,DOIS AUTO SEM VITIMAS,2,,,,,,,,,0,,Longo da via,Bom,Sem defeito,Perfeito estado,"","",Faixa de pedestre,Outras,"",Única,Não existe,"",""
4698,2019-05-29T00:00:00,15:37:00,SEM VÍTIMA,FINALIZADA,BOA VIAGEM,AV ENGENHEIRO DOMINGOS FERREIRA,"","",FARMACIA INDEPENDENTE,AV ENGENHEIRO DOMINGOS FERREIRA,"",FARMACIA INDEPENDENTE,BOA VIAGEM,550,SUBURBIO,ABALROAMENTO LONGITUDINAL,COLIASAO ENTRE DOIS AUTOS S/V,2,,,,,,,,,0,,Longo da via,Bom,Sem defeito,Perfeito estado,Seca,Perfeito estado,Faixa de pedestre,Não há placas,60 km/h,Única,Faixa contínua,Canteiro central,""
4699,2019-05-29T00:00:00,17:46:00,SEM VÍTIMA,FINALIZADA,CAMPO GRANDE,RUA JERONIMO VILELA,77,RUA MANUEL DE BARROS LIMA,"",RUA JERONIMO VILELA,77,"",CAMPO GRANDE,,SUBURBIO,ABALROAMENTO TRANSVERSAL,ENTRE ÕNIBUS E MOTO. S/V,1,1,,,,,,,,0,,Longo da via,Bom,Não existe,Perfeito estado,Seca,Perfeito estado,Não existe,Placas Pare,40 km/h,Dupla,Faixa seccionada,"",""
4700,2019-05-29T00:00:00,18:14:00,SEM VÍTIMA,FINALIZADA,BOA VIAGEM,AV ENGENHEIRO DOMINGOS FERREIRA,"",RUA PADRE CARAPUCEIRO,"",AV ENGENHEIRO DOMINGOS FERREIRA,"","",BOA VIAGEM,216,SUBURBIO,ABALROAMENTO LONGITUDINAL,ONIBUS BORBOREMA X HB 20,1,,,,,1,,,,0,,Cruzamento,Bom,Sem defeito,Perfeito estado,Seca,Perfeito estado,Faixa de retenção,Não há placas,60 km/h,Única,Faixa contínua,Canteiro central,""
4701,2019-05-29T00:00:00,18:16:00,SEM VÍTIMA,FINALIZADA,BOA VIAGEM,AV FERNANDO SIMOES BARBOSA,"",RUA BRUNO VELOSO,"",AV FERNANDO SIMOES BARBOSA,"","",BOA VIAGEM,335,SUBURBIO,ABALROAMENTO TRANSVERSAL,ENTRE 2 AUTOS. S/V,2,,,,,,,,,0,,Cruzamento,Bom,Sem defeito,Perfeito estado,Seca,Perfeito estado,Faixa de pedestre,Outras,60 km/h,Única,Faixa seccionada,"",""
4702,2019-05-29T00:00:00,19:36:00,SEM VÍTIMA,CANCELADA,CAMPINA DO BARRETO,RUA CORONEL URBANO RIBEIRO DE SENA,1069,"",E/F A ACADEMIA DA CIDADE,RUA CORONEL URBANO RIBEIRO DE SENA,1069,E/F A ACADEMIA DA CIDADE,CAMPINA DO BARRETO,,"",COLISÃO,ENTRE 2 AUTOS. S/V,2,,,,,,,,,0,,"","","","","","","","","","","","",""