_id,DATA,hora,natureza_acidente,situacao,bairro,endereco,numero,detalhe_endereco_acidente,complemento,endereco_cruzamento,numero_cruzamento,referencia_cruzamento,bairro_cruzamento,num_semaforo,sentido_via,tipo,descricao,auto,moto,ciclom,ciclista,pedestre,onibus,caminhao,viatura,outros,vitimas,vitimasfatais,acidente_verificado,tempo_clima,situacao_semaforo,sinalizacao,condicao_via,conservacao_via,ponto_controle,situacao_placa,velocidade_max_via,mao_direcao,divisao_via1,divisao_via2,divisao_via3
4703,2019-05-29T00:00:00,22:37:00,SEM VÍTIMA,FINALIZADA,TORRE,AV BEIRA RIO,"",RUA MARCOS ANDRE,EM FRENTE AO EEC 17 DA COMPESA,AV BEIRA RIO,"",EM FRENTE AO EEC 17 DA COMPESA,TORRE,,SUBURBIO,COLISÃO TRASEIRA,"",2,,,,,,,,,0,,Longo da via,Bom,Não existe,Perfeito estado,Seca,Perfeito estado,Não existe,Não há placas,60 km/h,Dupla,Faixa contínua,"",""
4704,2019-05-30T00:00:00,07:00:00,SEM VÍTIMA,FINALIZADA,"",RUA BENFICA,"","",EM FRENTE AO DPCA,RUA BENFICA,"",EM FRENTE AO DPCA,"",,CIDADE,ABALROAMENTO LONGITUDINAL,ENTRE AUTOS S/V.,2,,,,,,,,,0,,Longo da via,Bom,Não existe,Incompleta,Seca,Perfeito estado,Não existe,Não há placas,"",Única,Não existe,"",""
4705,2019-05-30T00:00:00,07:10:00,COM VÍTIMA,FINALIZADA,VÁRZEA,AV CAXANGA,230,RUA PAUL HARRIS,EM FRENTE AO HOSPITAL SANTA TEREZINHA,AV CAXANGA,230,EM FRENTE AO HOSPITAL SANTA TEREZINHA,VÁRZEA,230,CIDADE,ATROPELAMENTO,AUTO E PEDESTRE.,1,,,,1,,,,,1,,Cruzamento,Chuvoso,Sem defeito,Perfeito estado,Molhada,Perfeito estado,Faixa de pedestre,R-6a,60 km/h,Única,Canteiro central,"",""
4706,2019-05-30T00:00:00,07:23:00,SEM VÍTIMA,FINALIZADA,DERBY,RUA FELICIANO GOMES,229,RUA DA BAIXA VERDE,"",RUA FELICIANO GOMES,229,"",DERBY,,CIDADE,ABALROAMENTO TRANSVERSAL,"",2,,,,,,,,,0,,Longo da via,Bom,Não existe,Não existente,Seca,Perfeito estado,Não existe,Não há placas,"",Dupla,Não existe,"",""
4707,2019-05-30T00:00:00,07:48:00,SEM VÍTIMA,FINALIZADA,AFOGADOS,AV SUL,"","",EM FRENTE À POLICLÍNICA AGAMENON MAGALHÃES,AV SUL,"",EM FRENTE À POLICLÍNICA AGAMENON MAGALHÃES,AFOGADOS,,CIDADE,ABALROAMENTO LONGITUDINAL,AUTO X CAMINHÃO S/V,1,,,,,,1,,,0,,Longo da via,Bom,Não existe,Perfeito estado,Seca,Perfeito estado,Não existe,Não há placas,60 km/h,Única,Faixa seccionada,"",""
4708,2019-05-30T00:00:00,08:06:00,SEM VÍTIMA,FINALIZADA,DERBY,AV GOVERNADOR AGAMENON MAGALHAES,1114,"",EM FRENTE AO SEMÁFORO 037,AV GOVERNADOR AGAMENON MAGALHAES,1114,EM FRENTE AO SEMÁFORO 037,DERBY,,"",COLISÃO TRASEIRA,DOIS AUTOS,2,,,,,,,,,0,,Longo da via,Bom,Sem defeito,Perfeito estado,Seca,Perfeito estado,Não existe,Outras,60 km/h,Dupla,Faixa seccionada,Canteiro central,Canal
4709,2019-05-30T00:00:00,08:09:00,SEM VÍTIMA,FINALIZADA,BOA VIAGEM,RUA JOSE MOREIRA LEAL,"",RUA ANTONIO PASSOS,AO LADO DO COLÉGIO ELO,RUA JOSE MOREIRA LEAL,"",AO LADO DO COLÉGIO ELO,BOA VIAGEM,,CIDADE,CHOQUE VEÍCULO PARADO,ENTRE AUTOS S/V.,2,,,,,,,,,0,,"",Bom,Não existe,Não existente,Seca,Perfeito estado,Não existe,Não há placas,"",Única,Não existe,"",""
4710,2019-05-30T00:00:00,08:13:00,SEM VÍTIMA,FINALIZADA,MANGABEIRA,RUA JACOB,215,RUA DES HERACLITO CAVALCANTI,AO LADO DO Nº 215,RUA JACOB,215,AO LADO DO Nº 215,MANGABEIRA,,SUBURBIO,ABALROAMENTO LONGITUDINAL,DOIS AUTOS,2,,,,,,,,,0,,Cruzamento,Bom,Não existe,Perfeito estado,Seca,Perfeito estado,"","",30 km/h,Dupla,Faixa seccionada,"",""
4711,2019-05-30T00:00:00,08:26:00,COM VÍTIMA,FINALIZADA,TORRÕES,AV ENGENHEIRO ABDIAS DE CARVALHO,"","",LADO OPOSTO AO POSTO BR PRÓXIMO AO RESTAURANTE YOKI.,AV ENGENHEIRO ABDIAS DE CARVALHO,"",LADO OPOSTO AO POSTO BR PRÓXIMO AO RESTAURANTE YOKI.,TORRÕES,375,CIDADE,ATROPELAMENTO,MOTO E PEDESTRE.,,1,,,1,,,,,1,,Longo da via,Bom,Não existe,Perfeito estado,Seca,Perfeito estado,Não existe,Não há placas,"",Dupla,Canteiro central,"",""
4712,2019-05-30T00:00:00,08:47:00,SEM VÍTIMA,FINALIZADA,ESTÂNCIA,AV DR JOSE RUFINO,548,RUA MORAIS E SILVA,"",AV DR JOSE RUFINO,548,"",ESTÂNCIA,,SUBURBIO,ABALROAMENTO TRANSVERSAL,AUTO X MOTO S/V.,1,1,,,,,,,,0,,Cruzamento,Bom,Não existe,Perfeito estado,Seca,Perfeito estado,Outros,Outras,60 km/h,Dupla,Faixa contínua,Faixa seccionada,""
4713,2019-05-30T00:00:00,09:34:00,SEM VÍTIMA,FINALIZADA,CASA AMARELA,AV NORTE,4616,AV PROFESSOR JOSE DOS ANJOS,SESC CASA AMARELA,AV NORTE,4616,SESC CASA AMARELA,CASA AMARELA,364,SUBURBIO,ABALROAMENTO LONGITUDINAL,MOTO E AUTO,1,,,,,,,,,0,,Cruzamento,Chuvoso,Sem defeito,Perfeito estado,Molhada,Perfeito estado,Faixa de pedestre,R-6c,60 km/h,Dupla,Faixa contínua,"",""
4714,2019-05-30T00:00:00,09:48:00,SEM VÍTIMA,FINALIZADA,BOA VIAGEM,RUA PROFESSOR EDUARDO WANDERLEY FILHO,400,RUA DR PEDRO DE MELLO CAHU,AO LADO DO COLEGIO BOA VIAGEM,RUA PROFESSOR EDUARDO WANDERLEY FILHO,400,AO LADO DO COLEGIO BOA VIAGEM,BOA VIAGEM,,CIDADE,ABALROAMENTO LONGITUDINAL,DOIS AUTOS,2,,,,,,,,,0,,Longo da via,Bom,Não existe,Ilegível,Seca,Mal conservada,Não existe,Não há placas,"",Dupla,Não existe,"",""
4715,2019-05-30T00:00:00,10:14:00,SEM VÍTIMA,CANCELADA,SANTO AMARO,AV GOVERNADOR AGAMENON MAGALHAES,"","",EM FRENTE AO POSTO BR,AV GOVERNADOR AGAMENON MAGALHAES,"",EM FRENTE AO POSTO BR,SANTO AMARO,379,CIDADE,COLISÃO,DOIS AUTOS,2,,,,,,,,,0,,"","","","","","","","","","","","",""
4716,2019-05-30T00:00:00,11:14:00,SEM VÍTIMA,FINALIZADA,PINA,AVENIDA CELSO FURTADO (VIA MANGUE),"","",VIA MANGUE,AVENIDA CELSO FURTADO (VIA MANGUE),"",VIA MANGUE,PINA,,SUBURBIO,ABALROAMENTO LONGITUDINAL,DOIS AUTOS,2,,,,,,,,,0,,Longo da via,Bom,Não existe,Perfeito estado,Seca,Perfeito estado,Outros,Outras,"",Dupla,"","",""
4717,2019-05-30T00:00:00,11:16:00,SEM VÍTIMA,FINALIZADA,CASA AMARELA,RUA DES MOTTA JUNIOR,31,"","",RUA DES MOTTA JUNIOR,31,"",CASA AMARELA,,SUBURBIO,ABALROAMENTO LONGITUDINAL,UM CAMINHÃO E AUTO PASSEIO,1,,,,,,1,,,0,,Longo da via,Bom,Não existe,Incompleta,Seca,Perfeito estado,Não existe,Placas Pare,"",Dupla,Não existe,"",""
4718,2019-05-30T00:00:00,12:00:00,COM VÍTIMA,FINALIZADA,PINA,RUA MANOEL DE BRITO,"","",PROX. DO TUNEL DO RIO MAR,RUA MANOEL DE BRITO,"",PROX. DO TUNEL DO RIO MAR,PINA,659,CIDADE,ABALROAMENTO LONGITUDINAL,AUTO E MOTO.,1,1,,,,,,,,1,,Longo da via,Chuvoso,Sem defeito,Perfeito estado,Molhada,Perfeito estado,Não existe,Outras,"",Única,Faixa contínua,"",""
4719,2019-05-30T00:00:00,12:17:00,COM VÍTIMA,FINALIZADA,TAMARINEIRA,RUA DR JOSE MARIA,1096,"",EM FRENTE AO COLÉGIO BOA VIAGEM.,RUA DR JOSE MARIA,1096,EM FRENTE AO COLÉGIO BOA VIAGEM.,TAMARINEIRA,,"",ABALROAMENTO LONGITUDINAL,AUTO E MOTO.,1,1,,,,,,,,1,,Longo da via,Chuvoso,Sem defeito,Perfeito estado,Molhada,Perfeito estado,Faixa de pedestre,R-6a,30 km/h,Dupla,Faixa seccionada,"",""
4720,2019-05-30T00:00:00,12:19:00,SEM VÍTIMA,FINALIZADA,SÃO JOSÉ,AV MARTINS DE BARROS,395,"",ESTAÇÃO MAURÍCIO DE NASSAU,AV MARTINS DE BARROS,395,ESTAÇÃO MAURÍCIO DE NASSAU,SÃO JOSÉ,,SUBURBIO,ABALROAMENTO LONGITUDINAL,COLISÃO SEM VITIMA,1,,,,,1,,,,0,,Longo da via,Bom,Não existe,Perfeito estado,Seca,Perfeito estado,Faixa de pedestre,Não há placas,"",Única,Faixa seccionada,"",""
4721,2019-05-30T00:00:00,12:34:00,SEM VÍTIMA,FINALIZADA,CAXANGÁ,AV CAXANGA,5504,"",EM FRENTE COXINHAS DE BATATA,AV CAXANGA,5504,EM FRENTE COXINHAS DE BATATA,CAXANGÁ,,SUBURBIO,COLISÃO TRASEIRA,COLISÃO S/VITIMAS ENTRE DOIS AUTOS,2,,,,,,,,,0,,Longo da via,Chuvoso,Não existe,Perfeito estado,Molhada,Perfeito estado,Não existe,Outras,"",Única,Faixa seccionada,Canteiro central,""
4722,2019-05-30T00:00:00,12:40:00,SEM VÍTIMA,CANCELADA,BOA VISTA,AV CONDE DA BOA VISTA,369,RUA DA SOLEDADE,EM FRENTE A GALERIA SOLEDADE,AV CONDE DA BOA VISTA,369,EM FRENTE A GALERIA SOLEDADE,BOA VISTA,,"",COLISÃO,COLISÃO SEM VITIMA,2,,,,,,,,,0,,"","","","","","","","","","","","",""
4723,2019-05-30T00:00:00,13:29:00,SEM VÍTIMA,FINALIZADA,"",RUA DEPUTADO JOSE FRANCISCO DE MELO CAVALCANTI,434,RUA ELIANE FRAGOSO DO NASCIMENTO,MERCADINHO VIDA NOVA,RUA DEPUTADO JOSE FRANCISCO DE MELO CAVALCANTI,434,MERCADINHO VIDA NOVA,"",,CIDADE,ABALROAMENTO TRANSVERSAL,COLISÃO SEM VÍTIMA,2,,,,,,,,,0,,Longo da via,Bom,Não existe,Não existente,Seca,Perfeito estado,Não existe,Não há placas,"",Dupla,Não existe,"",""
4724,2019-05-30T00:00:00,14:26:00,SEM VÍTIMA,FINALIZADA,IPUTINGA,AV CAXANGA,"","",EM FRENTE AO SEMÁFORO 269,AV CAXANGA,"",EM FRENTE AO SEMÁFORO 269,IPUTINGA,269,CIDADE,COLISÃO TRASEIRA,COLISÃO SEM VÍTIMA,2,,,,,,,,,0,,Longo da via,Bom,Sem defeito,Perfeito estado,Seca,Perfeito estado,Faixa de pedestre,Outras,"",Única,Faixa seccionada,Canteiro central,""
4725,2019-05-30T00:00:00,15:19:00,SEM VÍTIMA,CANCELADA,AFOGADOS,RUA SANTOS ARAUJO,234,"",EM FRENTE A FUNILARIA,RUA SANTOS ARAUJO,234,EM FRENTE A FUNILARIA,AFOGADOS,333,"",COLISÃO,COLISÃO SEM VÍTIMA,1,,,,,,1,,,0,,"","","","","","","","","","","","",""
4726,2019-05-30T00:00:00,15:23:00,SEM VÍTIMA,FINALIZADA,LINHA DO TIRO,RUA CORREGO DO EUCLIDES,1828,"",LADO OPOSTO A ASSEMBLEIA DE DEUS,RUA CORREGO DO EUCLIDES,1828,LADO OPOSTO A ASSEMBLEIA DE DEUS,LINHA DO TIRO,,SUBURBIO,ABALROAMENTO LONGITUDINAL,COLISÃO SEM VITIMA ENTRE DOIS AUTOS,2,,,,,,,,,0,,Longo da via,Bom,Não existe,Incompleta,Seca,Perfeito estado,Não existe,Não há placas,"",Dupla,Faixa seccionada,"",""
4727,2019-05-30T00:00:00,15:38:00,SEM VÍTIMA,FINALIZADA,CORDEIRO,RUA ADELMAR TAVARES,260,RUA PEREIRA DE MORAES,"",RUA ADELMAR TAVARES,260,"",CORDEIRO,,"",ABALROAMENTO TRANSVERSAL,COLISÃO S/VITIMA ENTRE DOIS AUTOS,2,,,,,,,,,0,,Cruzamento,Bom,Não existe,Não existente,Seca,Perfeito estado,Não existe,Não há placas,"",Dupla,Não existe,"",""
4728,2019-05-30T00:00:00,15:44:00,SEM VÍTIMA,FINALIZADA,ÁGUA FRIA,AV BEBERIBE,2047,"","EM FRENTE AO ARMAZÉM ANA, LADO OPOSTO AO MERCADO",AV BEBERIBE,2047,"EM FRENTE AO ARMAZÉM ANA, LADO OPOSTO AO MERCADO",ÁGUA FRIA,,CIDADE,ABALROAMENTO LONGITUDINAL,COLISÃO SEM VÍTIMA,1,,,,,1,,,,0,,Longo da via,Bom,Não existe,Incompleta,Seca,Mal conservada,Não existe,Outras,"",Dupla,Outros,"",""
4729,2019-05-30T00:00:00,15:56:00,COM VÍTIMA,FINALIZADA,BOA VIAGEM,RUA VISCONDE DE JEQUITINHONHA,"",RUA CAPITAO ZUZINHA,EM FRENTE A LOCALIZA. PISTA OESTE.,RUA VISCONDE DE JEQUITINHONHA,"",EM FRENTE A LOCALIZA. PISTA OESTE.,BOA VIAGEM,433,SUBURBIO,ABALROAMENTO TRANSVERSAL,AUTO E MOTO.,1,1,,,,,,,,1,,Cruzamento,Bom,Sem defeito,Perfeito estado,Seca,Perfeito estado,Faixa de pedestre,R-4a,60 km/h,Única,Faixa contínua,Canteiro central,""
4730,2019-05-30T00:00:00,16:41:00,SEM VÍTIMA,FINALIZADA,JARDIM SÃO PAULO,AV SAO PAULO,"","",ESTAÇÃO WERNECK,AV SAO PAULO,"",ESTAÇÃO WERNECK,JARDIM SÃO PAULO,,CIDADE,COLISÃO TRASEIRA,COLISÃO S/ VITIMAS ENTRE DOIS AUTOS,2,,,,,,,,,0,,"",Bom,Não existe,"",Seca,Perfeito estado,Não existe,R-6a,"",Dupla,Não existe,"",""
4731,2019-05-30T00:00:00,17:00:00,COM VÍTIMA,FINALIZADA,SANTO ANTÔNIO,PRC DA REPUBLICA,"","",PROXIMO AO SEMÁFORO 164,PRC DA REPUBLICA,"",PROXIMO AO SEMÁFORO 164,SANTO ANTÔNIO,164,SUBURBIO,CAPOTAMENTO,MOTO ENVOLVIDA.,,1,,,,,,,,1,,Longo da via,Bom,Sem defeito,Perfeito estado,Seca,Perfeito estado,Não existe,Não há placas,"",Única,Faixa,"",""
4732,2019-05-30T00:00:00,17:23:00,SEM VÍTIMA,CANCELADA,IBURA,AV QUEIXARAMOBIM,"","",NO TERMINAL DO UR2,AV QUEIXARAMOBIM,"",NO TERMINAL DO UR2,IBURA,,"",COLISÃO,COLISÃO SEM VITIMA,1,,,,,1,,,,0,,"","","","","","","","","","","","",""
4733,2019-05-30T00:00:00,17:28:00,COM VÍTIMA,FINALIZADA,BONGI,AV ENGENHEIRO ABDIAS DE CARVALHO,12,RUA CARLOS GOMES,EM FRENTE A BIG CAR,AV ENGENHEIRO ABDIAS DE CARVALHO,12,EM FRENTE A BIG CAR,BONGI,57,CIDADE,COLISÃO TRASEIRA,AUTO E MOTO.,1,1,,,,,,,,1,,"",Bom,Sem defeito,Perfeito estado,Seca,Perfeito estado,Não existe,Não há placas,"",Dupla,Canteiro central,"",""
4734,2019-05-30T00:00:00,17:31:00,SEM VÍTIMA,FINALIZADA,BOA VIAGEM,RUA VISCONDE DE JEQUITINHONHA,66,RUA DONA UZINHA NUNES,"",RUA VISCONDE DE JEQUITINHONHA,66,"",BOA VIAGEM,,SUBURBIO,ABALROAMENTO LONGITUDINAL,COLISÃO SEM VÍTIMA,2,,,,,,,,,0,,Longo da via,Bom,Não existe,Perfeito estado,Seca,Perfeito estado,Não existe,Não há placas,"",Única,Canteiro central,"",""
4735,2019-05-30T00:00:00,18:00:00,SEM VÍTIMA,FINALIZADA,JORDÃO,AV MARIA IRENE,837,"",EM FRENTE AO Nº 837,AV MARIA IRENE,837,EM FRENTE AO Nº 837,JORDÃO,,"",COLISÃO TRASEIRA,ENTRE 2 AUTOS. S/V,2,,,,,,,,,0,,Longo da via,Bom,Não existe,Não existente,Seca,Perfeito estado,Não existe,Não há placas,"",Dupla,Não existe,"",""
4736,2019-05-30T00:00:00,18:27:00,COM VÍTIMA,FINALIZADA,JARDIM SÃO PAULO,RUA LEANDRO BARRETO,"",AV SAO PAULO,SEMÁFORO 507,RUA LEANDRO BARRETO,"",SEMÁFORO 507,JARDIM SÃO PAULO,507,CIDADE,ATROPELAMENTO,ÕNIBUS E PEDESTRE. C/V,,,,,1,1,,,,1,,Cruzamento,Bom,Sem defeito,Incompleta,Seca,Perfeito estado,"",Não há placas,"",Dupla,Não existe,"",""
4737,2019-05-30T00:00:00,18:55:00,SEM VÍTIMA,FINALIZADA,SANTO AMARO,RUA MALAQUIAS DA ROCHA,76,"","",RUA MALAQUIAS DA ROCHA,76,"",SANTO AMARO,,SUBURBIO,ABALROAMENTO TRANSVERSAL,ENTRE 2 AUTOS. S/V,1,,,,,,,,,0,,Longo da via,Bom,Não existe,Não existente,Seca,Mal iluminada,Não existe,Não há placas,"",Dupla,Não existe,"",""
4738,2019-05-30T00:00:00,22:04:00,SEM VÍTIMA,FINALIZADA,SANTO AMARO,AV GOVERNADOR AGAMENON MAGALHAES,"","",ACADEMIA DA CIDADE,AV GOVERNADOR AGAMENON MAGALHAES,"",ACADEMIA DA CIDADE,SANTO AMARO,,"",COLISÃO TRASEIRA,ÔNIBUS E AUTO PASSEIO SEM VITIMAS,1,,,,,1,,,,0,,Longo da via,Bom,Não existe,Perfeito estado,Seca,Perfeito estado,Não existe,Outras,"",Dupla,Canal,"",""
4739,2019-05-30T00:00:00,22:05:00,SEM VÍTIMA,FINALIZADA,TEJIPIÓ,RUA CARLOS XAVIER PAES BARRETO,"","",EM FRENTE AO Nº 203,RUA CARLOS XAVIER PAES BARRETO,"",EM FRENTE AO Nº 203,TEJIPIÓ,,CIDADE,ABALROAMENTO LONGITUDINAL,ENTRE 2 AUTOS. S/V,3,,,,,,,,,0,,Longo da via,Bom,Não existe,Perfeito estado,Seca,Perfeito estado,Não existe,Não há placas,"",Dupla,Não existe,"",""
4740,2019-05-31T00:00:00,06:59:00,SEM VÍTIMA,FINALIZADA,BONGI,AV ENGENHEIRO ABDIAS DE CARVALHO,"",RUA CARLOS GOMES,FARMACIA PAGUE MENOS,AV ENGENHEIRO ABDIAS DE CARVALHO,"",FARMACIA PAGUE MENOS,BONGI,57,SUBURBIO,ABALROAMENTO LONGITUDINAL,COLISÃO SEM VITIMAS,1,,,,,,,1,,0,,Cruzamento,Bom,Sem defeito,Perfeito estado,Seca,Perfeito estado,Faixa de pedestre,Não há placas,60 km/h,Dupla,Canteiro central,"",""
4741,2019-05-31T00:00:00,07:58:00,SEM VÍTIMA,FINALIZADA,DERBY,RUA AMAURI DE MEDEIROS,"",RUA JENER DE SOUZA,"",RUA AMAURI DE MEDEIROS,"","",DERBY,,"",ABALROAMENTO LONGITUDINAL,ONIBUS E AUTO,1,,,,,1,,,,0,,Cruzamento,Bom,Não existe,Perfeito estado,Seca,Perfeito estado,"","","",Única,"","",""
4742,2019-05-31T00:00:00,08:43:00,SEM VÍTIMA,FINALIZADA,CAMPO GRANDE,RUA ODORICO MENDES,"",EST DE BELEM,"",RUA ODORICO MENDES,"","",CAMPO GRANDE,,SUBURBIO,COLISÃO TRASEIRA,COLISÃO SEM VITIMAS VT 13 QTH,2,,,,,,,,,0,,Cruzamento,Bom,Sem defeito,Perfeito estado,Seca,Perfeito estado,Faixa de pedestre,Outras,40 km/h,Dupla,Faixa seccionada,"",""
4743,2019-05-31T00:00:00,08:54:00,COM VÍTIMA,FINALIZADA,BOA VISTA,RUA DOM BOSCO,767,RUA PAISSANDU,"",RUA DOM BOSCO,767,"",BOA VISTA,,CID/SUB,ATROPELAMENTO,VITIMA EM ATENDIMENTO PELO SAMU,1,,,,1,,,,,1,,Longo da via,Bom,Sem defeito,Perfeito estado,Seca,Perfeito estado,"",R-6a,"",Única,Faixa,"",""
4744,2019-05-31T00:00:00,10:01:00,SEM VÍTIMA,FINALIZADA,ESPINHEIRO,AV GOVERNADOR AGAMENON MAGALHAES,2265,"",EDF VISCONDE DE UTINGA,AV GOVERNADOR AGAMENON MAGALHAES,2265,EDF VISCONDE DE UTINGA,ESPINHEIRO,,"",ABALROAMENTO LONGITUDINAL,SEM VITIMAS,,1,,,,,,1,,0,,Longo da via,Bom,Não existe,Perfeito estado,Seca,Perfeito estado,Não existe,Não há placas,"",Dupla,Canal,"",""
4745,2019-05-31T00:00:00,10:50:00,SEM VÍTIMA,FINALIZADA,IMBIRIBEIRA,AV MARECHAL MASCARENHAS DE MORAES,"","",RUA JEAN EMILE FAVRE,AV MARECHAL MASCARENHAS DE MORAES,"",RUA JEAN EMILE FAVRE,IMBIRIBEIRA,7,"",ABALROAMENTO LONGITUDINAL,COLISÃO SEM VITIMAS,1,,,,,1,,,,0,,Longo da via,Bom,Sem defeito,Perfeito estado,Seca,Perfeito estado,"",Outras,"",Dupla,Faixa contínua,Canteiro central,""
4746,2019-05-31T00:00:00,11:00:00,COM VÍTIMA,FINALIZADA,AFOGADOS,RUA SAO MIGUEL,"","",EM FRENTE AO QUARTEL DE AFOGADOS 14º BL 06,RUA SAO MIGUEL,"",EM FRENTE AO QUARTEL DE AFOGADOS 14º BL 06,AFOGADOS,,SUBURBIO,COLISÃO TRASEIRA,COM UMA VITIMA AGUARDANDO SAMU,1,,1,,,,,,,1,,Longo da via,Bom,Não existe,Perfeito estado,Seca,Perfeito estado,Não existe,Não há placas,"",Dupla,Faixa contínua,"",""
4747,2019-05-31T00:00:00,11:04:00,SEM VÍTIMA,FINALIZADA,JAQUEIRA,RUA MUNIZ TAVARES,25,AV RUI BARBOSA,EM FRENTE AO EDIFICIO PRINCIPE DE CASTELA,RUA MUNIZ TAVARES,25,EM FRENTE AO EDIFICIO PRINCIPE DE CASTELA,JAQUEIRA,460,SUBURBIO,ABALROAMENTO TRANSVERSAL,COLISAO S/VITIMA ENTRE AUTO E UMA MOTO,1,1,,,,,,,,0,,Longo da via,Bom,Sem defeito,Perfeito estado,Seca,Perfeito estado,Faixa de pedestre,Outras,"",Dupla,Faixa contínua,"",""
4748,2019-05-31T00:00:00,11:52:00,COM VÍTIMA,FINALIZADA,SANTO AMARO,AV MARIO MELO,242,RUA DO VEIGA,EM FRENTE A ESCOLA SILVIO RABELO/NO RETORNO,AV MARIO MELO,242,EM FRENTE A ESCOLA SILVIO RABELO/NO RETORNO,SANTO AMARO,,SUBURBIO,ABALROAMENTO LONGITUDINAL,AUTO E MOTO.,1,1,,,,,,,,1,,Cruzamento,Bom,Não existe,Incompleta,Seca,Mal conservada,Não existe,Não há placas,40 km/h,Dupla,Canteiro central,"",""
4749,2019-05-31T00:00:00,12:11:00,COM VÍTIMA,FINALIZADA,DOIS IRMÃOS,RUA MANUEL DE MEDEIROS,"","",EM FRENTE A PORTARIA Z 1 A UFRPE,RUA MANUEL DE MEDEIROS,"",EM FRENTE A PORTARIA Z 1 A UFRPE,DOIS IRMÃOS,224,SUBURBIO,ABALROAMENTO TRANSVERSAL,AUTO E MOTO COM VITIMAS,1,1,,,,,,,,1,,Longo da via,Bom,Sem defeito,Perfeito estado,Seca,Perfeito estado,Não existe,Não há placas,"",Dupla,Não existe,"",""
4750,2019-05-31T00:00:00,12:24:00,SEM VÍTIMA,FINALIZADA,BAIRRO DO RECIFE,AV ALFREDO LISBOA,35,"","",AV ALFREDO LISBOA,35,"",BAIRRO DO RECIFE,,SUBURBIO,ABALROAMENTO LONGITUDINAL,DOIS AUTO SEM VITIMAS,2,,,,,,,,,0,,Longo da via,Bom,Não existe,Perfeito estado,Seca,Perfeito estado,Não existe,Não há placas,"",Única,Faixa seccionada,"",""
4751,2019-05-31T00:00:00,12:24:00,SEM VÍTIMA,FINALIZADA,"",AV MARECHAL MASCARENHAS DE MORAES,"","","",AV MARECHAL MASCARENHAS DE MORAES,"","","",,CIDADE,COLISÃO TRASEIRA,COLISÃO SEM VÍTIMA,1,,,,,,1,,,0,,Longo da via,Bom,Sem defeito,Perfeito estado,Seca,Perfeito estado,"","","",Dupla,Canteiro central,"",""
4752,2019-05-31T00:00:00,12:30:00,SEM VÍTIMA,CANCELADA,BRASÍLIA TEIMOSA,RUA MARECHAL HERMES,1,"",EM FRENTE A PEIXARIA CHACRINHA,RUA MARECHAL HERMES,1,EM FRENTE A PEIXARIA CHACRINHA,BRASÍLIA TEIMOSA,,"",COLISÃO,COLISÃO SEM VÍTIMA,2,,,,,,,,,0,,"","","","","","","","","","","","",""
4753,2019-05-31T00:00:00,12:55:00,SEM VÍTIMA,FINALIZADA,IPSEP,AV DOM HELDER CAMARA,55,AV RECIFE,TRAN FARMA,AV DOM HELDER CAMARA,55,TRAN FARMA,IPSEP,55,CIDADE,ABALROAMENTO LONGITUDINAL,DOIS AUTO SEM VITIMAS,2,,,,,,,,,0,,Cruzamento,Bom,Sem defeito,Perfeito estado,Seca,Perfeito estado,Faixa de pedestre,R-6a,"",Dupla,Canteiro central,"",""
4754,2019-05-31T00:00:00,12:55:00,SEM VÍTIMA,FINALIZADA,CORDEIRO,RUA AUREO XAVIER,"","",RESTAURANTE O PESCADOR,RUA AUREO XAVIER,"",RESTAURANTE O PESCADOR,CORDEIRO,,CIDADE,CHOQUE VEÍCULO PARADO,COLISAO ENTRE AUTO E TRES MOTOS,1,1,,,,,,,,0,,Longo da via,Bom,Não existe,"",Seca,Perfeito estado,Não existe,Placas Pare,"",Dupla,Não existe,"",""
4755,2019-05-31T00:00:00,13:07:00,SEM VÍTIMA,CANCELADA,PARNAMIRIM,AV DEZESSETE DE AGOSTO,"","",EM FRENTE A BANCO BRADESCO / MUTTI DELICATESSEN,AV DEZESSETE DE AGOSTO,"",EM FRENTE A BANCO BRADESCO / MUTTI DELICATESSEN,PARNAMIRIM,,"",COLISÃO,COLISÃO SEM VÍTIMA,1,1,,,,,,,,0,,"","","","","","","","","","","","",""
4756,2019-05-31T00:00:00,13:11:00,SEM VÍTIMA,FINALIZADA,IBURA,AV DOIS RIOS,"","",EM FRENTE A POLICLINICA PROFESSOR ARNALDO MARQUES,AV DOIS RIOS,"",EM FRENTE A POLICLINICA PROFESSOR ARNALDO MARQUES,IBURA,,CIDADE,ABALROAMENTO LONGITUDINAL,COLISÃO SEM VÍTIMA,1,1,,,,,,,,0,,Longo da via,Bom,Não existe,Não existente,Seca,Perfeito estado,Não existe,Não há placas,"",Dupla,Não existe,"",""
4757,2019-05-31T00:00:00,13:14:00,SEM VÍTIMA,FINALIZADA,ZUMBI,RUA CONS THEODORO,170,"",E/F SUSPENCAR SERVIÇOS AUTOMOTIVOS,RUA CONS THEODORO,170,E/F SUSPENCAR SERVIÇOS AUTOMOTIVOS,ZUMBI,513,"",COLISÃO TRASEIRA,DOIS AUTO SEM VITIMAS,2,,,,,,,,,0,,Longo da via,Bom,Sem defeito,Incompleta,Seca,Perfeito estado,Não existe,Não há placas,"",Dupla,Não existe,"",""
4758,2019-05-31T00:00:00,14:09:00,SEM VÍTIMA,FINALIZADA,SANTO AMARO,RUA FREI CASSIMIRO,"",RUA DO SOSSEGO,SIMPOL,RUA FREI CASSIMIRO,"",SIMPOL,SANTO AMARO,,CIDADE,ABALROAMENTO TRANSVERSAL,COLISAO ENTRE AUTO E MOTO S/V,1,1,,,,,,,,0,,Cruzamento,Bom,Não existe,Perfeito estado,Seca,Perfeito estado,"",Placas Pare,"",Dupla,Não existe,"",""