_id,DATA,hora,natureza_acidente,situacao,bairro,endereco,numero,detalhe_endereco_acidente,complemento,endereco_cruzamento,numero_cruzamento,referencia_cruzamento,bairro_cruzamento,num_semaforo,sentido_via,tipo,descricao,auto,moto,ciclom,ciclista,pedestre,onibus,caminhao,viatura,outros,vitimas,vitimasfatais,acidente_verificado,tempo_clima,situacao_semaforo,sinalizacao,condicao_via,conservacao_via,ponto_controle,situacao_placa,velocidade_max_via,mao_direcao,divisao_via1,divisao_via2,divisao_via3
4759,2019-05-31T00:00:00,14:15:00,SEM VÍTIMA,FINALIZADA,GRAÇAS,AV RUI BARBOSA,320,RUA DA AMIZADE,E/F AO TRIBUNAL REGIONAL ELEITORAL,AV RUI BARBOSA,320,E/F AO TRIBUNAL REGIONAL ELEITORAL,GRAÇAS,,CIDADE,ABALROAMENTO TRANSVERSAL,COLISAO ENTRE DOIS AUTOS S/V S/T BOA VIAGEM,2,,,,,,,,,0,,Longo da via,Bom,Não existe,Perfeito estado,Seca,Perfeito estado,Outros,Outras,"",Única,Não existe,"",""
4760,2019-05-31T00:00:00,14:40:00,COM VÍTIMA,FINALIZADA,TORRÕES,EST DO FORTE DO ARRAIAL N. DO B. JESUS,"",RUA PROFESSORA LAURA FERREIRA DA COSTA,"",EST DO FORTE DO ARRAIAL N. DO B. JESUS,"","",TORRÕES,,"",ABALROAMENTO LONGITUDINAL,COLISÃO COM VÍTIMA,1,1,,,,,,,,1,,"",Chuvoso,Não existe,Perfeito estado,Molhada,Perfeito estado,Não existe,Outras,"",Dupla,Faixa contínua,"",""
4761,2019-05-31T00:00:00,14:53:00,SEM VÍTIMA,FINALIZADA,FUNDÃO,AV BEBERIBE,2856,"",E/F A PRAÇA DO FUNDÃO,AV BEBERIBE,2856,E/F A PRAÇA DO FUNDÃO,FUNDÃO,,SUBURBIO,ABALROAMENTO LONGITUDINAL,DOIS AUTO SEM VITIMAS,2,,,,,,,,,0,,Longo da via,Bom,Não existe,Perfeito estado,Seca,Perfeito estado,Não existe,Não há placas,50 km/h,Dupla,Faixa seccionada,"",""
4762,2019-05-31T00:00:00,15:16:00,SEM VÍTIMA,FINALIZADA,BAIRRO DO RECIFE,AV ALFREDO LISBOA,"","","",AV ALFREDO LISBOA,"","",BAIRRO DO RECIFE,,"",ABALROAMENTO LONGITUDINAL,AUTO E MOTO SEM VITIMAS,1,1,,,,,,,,0,,Longo da via,Bom,Não existe,Perfeito estado,Seca,Perfeito estado,Faixa de pedestre,Outras,40 km/h,Única,Faixa seccionada,"",""
4763,2019-05-31T00:00:00,16:20:00,SEM VÍTIMA,FINALIZADA,AFOGADOS,RUA QUITERIO INACIO DE MELLO,261A,"",EM FRENTE A BORRACHARIA IMPORT PNEUS,RUA QUITERIO INACIO DE MELLO,261A,EM FRENTE A BORRACHARIA IMPORT PNEUS,AFOGADOS,,SUBURBIO,COLISÃO TRASEIRA,COLISAO ENTRE TRES AUTOS S/V,2,,,,,,,,,0,,Longo da via,Chuvoso,Não existe,Perfeito estado,Molhada,Perfeito estado,Não existe,Não há placas,"",Única,Faixa seccionada,"",""
4764,2019-05-31T00:00:00,16:42:00,SEM VÍTIMA,FINALIZADA,BOA VIAGEM,AV CONSELHEIRO AGUIAR,1748,"","",AV CONSELHEIRO AGUIAR,1748,"",BOA VIAGEM,,CIDADE,COLISÃO TRASEIRA,COLISÃO SEM VÍTIMA,2,,,,,,,,,0,,Longo da via,Bom,Sem defeito,Perfeito estado,Seca,Perfeito estado,"","","",Única,Faixa seccionada,"",""
4765,2019-05-31T00:00:00,17:24:00,SEM VÍTIMA,FINALIZADA,AFOGADOS,RUA DA PAZ,283,"",E/F CASAS BAHIA,RUA DA PAZ,283,E/F CASAS BAHIA,AFOGADOS,528,SUBURBIO,ABALROAMENTO LONGITUDINAL,DOIS AUTO SEM VITIMAS,2,,,,,,,,,0,,Longo da via,Bom,Sem defeito,Perfeito estado,Seca,Perfeito estado,Faixa de pedestre,Outras,"",Única,Faixa seccionada,"",""
4766,2019-05-31T00:00:00,17:25:00,SEM VÍTIMA,FINALIZADA,ESPINHEIRO,AV CONS ROSA E SILVA,419,"",AO LADO DO HOSPITAL DOS SERVIDORES DO ESTADO DE PE,AV CONS ROSA E SILVA,419,AO LADO DO HOSPITAL DOS SERVIDORES DO ESTADO DE PE,ESPINHEIRO,,SUBURBIO,ABALROAMENTO LONGITUDINAL,COLISÃO SEM VÍTIMA,1,,,,,1,,,,0,,Longo da via,Bom,Não existe,Perfeito estado,Seca,Perfeito estado,Não existe,Outras,"",Única,Faixa seccionada,"",""
4767,2019-05-31T00:00:00,17:38:00,COM VÍTIMA,FINALIZADA,PORTO DA MADEIRA,RUA DALVA DE OLIVEIRA,175,"","",RUA DALVA DE OLIVEIRA,175,"",PORTO DA MADEIRA,,SUBURBIO,ABALROAMENTO TRANSVERSAL,COLISÃO COM VÍTIMA,1,1,,,,,,,,1,,Longo da via,Bom,Não existe,Perfeito estado,Seca,Perfeito estado,Não existe,Não há placas,"",Dupla,Faixa contínua,"",""
4768,2019-05-31T00:00:00,18:14:00,SEM VÍTIMA,CANCELADA,PINA,AV ANTONIO DE GOES,"","",E/F AO EDF JCPM,AV ANTONIO DE GOES,"",E/F AO EDF JCPM,PINA,,"",COLISÃO,ENTRE 2 AUTOS. S/V,2,,,,,,,,,0,,"","","","","","","","","","","","",""
4769,2019-05-31T00:00:00,18:55:00,SEM VÍTIMA,FINALIZADA,BARRO,AV DR JOSE RUFINO,1789,RUA PADRE NOBREGA,ENF A IGRJA MUNDIAL DE JESUS CRISTO,AV DR JOSE RUFINO,1789,ENF A IGRJA MUNDIAL DE JESUS CRISTO,BARRO,,SUBURBIO,ABALROAMENTO LONGITUDINAL,CAMINHAO X ONIX,1,,,,,,1,,,0,,Longo da via,Bom,Não existe,Perfeito estado,Seca,Perfeito estado,Não existe,Não há placas,60 km/h,Dupla,Faixa contínua,Faixa seccionada,""
4770,2019-05-31T00:00:00,19:30:00,SEM VÍTIMA,FINALIZADA,IBURA,AV DOIS RIOS,"","",E/F AO POSTO MAIS,AV DOIS RIOS,"",E/F AO POSTO MAIS,IBURA,518,SUBURBIO,ABALROAMENTO LONGITUDINAL,ENTRE AUTO E ONIBUS. S/V,1,,,,,1,,,,0,,Longo da via,Bom,Sem defeito,Perfeito estado,Seca,Perfeito estado,"","","",Dupla,"","",""
4771,2019-05-31T00:00:00,20:40:00,SEM VÍTIMA,FINALIZADA,BARRO,AV DR JOSE RUFINO,"",RUA PADRE NOBREGA,E/F A IGREJA MUNDIAL JESUS CRISTO,AV DR JOSE RUFINO,"",E/F A IGREJA MUNDIAL JESUS CRISTO,BARRO,,SUBURBIO,ABALROAMENTO LONGITUDINAL,ENTRE AUTO E ÔNIBUS. S/V,1,,,,,1,,,,0,,Longo da via,Bom,Não existe,Perfeito estado,Seca,Perfeito estado,Não existe,Não há placas,60 km/h,Única,Faixa contínua,Faixa seccionada,""
4772,2019-05-31T00:00:00,21:41:00,SEM VÍTIMA,FINALIZADA,BEBERIBE,AV BEBERIBE,4040,"",RUA POSTO REAL,AV BEBERIBE,4040,RUA POSTO REAL,BEBERIBE,,SUBURBIO,COLISÃO TRASEIRA,PRISMA X ONIX,2,,,,,,,,,0,,"",Bom,Não existe,Ilegível,Seca,Perfeito estado,Não existe,Não há placas,"",Dupla,Não existe,"",""
4773,2019-05-31T00:00:00,22:22:00,SEM VÍTIMA,FINALIZADA,PARNAMIRIM,RUA FERREIRA LOPES,313,"",ESTAÇÃO VITÓRIA,RUA FERREIRA LOPES,313,ESTAÇÃO VITÓRIA,PARNAMIRIM,,CIDADE,ABALROAMENTO TRANSVERSAL,ENTRE 2 AUTOS. S/V,2,,,,,,,,,0,,Longo da via,Bom,Não existe,Não existente,Seca,Perfeito estado,Não existe,R-6a,"",Dupla,Não existe,"",""
4774,2019-05-31T00:00:00,23:49:00,SEM VÍTIMA,CANCELADA,PARNAMIRIM,AV PARNAMIRIM,"",RUA JOAO TUDE DE MELO,SEMÁFORO 010 / ESQUINA COM O SERPRO / PRÓX AO POSTO SHELL,AV PARNAMIRIM,"",SEMÁFORO 010 / ESQUINA COM O SERPRO / PRÓX AO POSTO SHELL,PARNAMIRIM,10,"",COLISÃO,ENTRE 2 AUTOS. S/V,2,,,,,,,,,0,,"","","","","","","","","","","","",""
4775,2019-06-01T00:00:00,00:11:00,SEM VÍTIMA,FINALIZADA,PINA,AV ANTONIO DE GOES,"",AV CONSELHEIRO AGUIAR,"",AV ANTONIO DE GOES,"","",PINA,226,CIDADE,ABALROAMENTO LONGITUDINAL,"COLISÃO ENTRE DOIS AUTOS, SEM VÍTIMAS.",2,,,,,,,,,0,,Cruzamento,Chuvoso,Sem defeito,Perfeito estado,Molhada,Perfeito estado,Faixa de pedestre,"",60 km/h,Única,Faixa seccionada,"",""
4776,2019-06-01T00:00:00,01:45:00,SEM VÍTIMA,FINALIZADA,DERBY,AV GOVERNADOR AGAMENON MAGALHAES,"",AV CONDE DA BOA VISTA,MC DONALD'S,AV GOVERNADOR AGAMENON MAGALHAES,"",MC DONALD'S,DERBY,75,SUBURBIO,ABALROAMENTO LONGITUDINAL,"COLISÃO ENTRE DOIS AUTOS, SEM VÍTIMAS.",2,,,,,,,,,0,,Cruzamento,Chuvoso,Sem defeito,Perfeito estado,Molhada,Perfeito estado,Faixa de pedestre,Outras,60 km/h,Única,Faixa seccionada,"",""
4777,2019-06-01T00:00:00,03:01:00,SEM VÍTIMA,FINALIZADA,SÃO JOSÉ,RUA DO SOL,"",PTE BOA VISTA,SEMÁFORO 013,RUA DO SOL,"",SEMÁFORO 013,SÃO JOSÉ,13,"",ABALROAMENTO LONGITUDINAL,"COLISÃO ENTRE DOIS AUTOS, SEM VÍTIMAS.",2,,,,,,,,,0,,Cruzamento,Chuvoso,Intermitente,Perfeito estado,Seca,Perfeito estado,Faixa de pedestre,R-6a,30 km/h,Única,"","",""
4778,2019-06-01T00:00:00,07:08:00,COM VÍTIMA,CANCELADA,SÃO JOSÉ,RUA PRINCESA IZABEL,"",RUA DA AURORA,"",RUA PRINCESA IZABEL,"","",SÃO JOSÉ,22,"",COLISÃO,MOTO E AUTO,1,1,,,,,,,,1,,"","","","","","","","","","","","",""
4779,2019-06-01T00:00:00,09:22:00,COM VÍTIMA,FINALIZADA,JOANA BEZERRA,VDO PAPA JOAO PAULO II,"","",SOB O VIADUTO,VDO PAPA JOAO PAULO II,"",SOB O VIADUTO,JOANA BEZERRA,,CIDADE,COLISÃO TRASEIRA,COLISÃO COM VITIMA SOCORRIDA PELO SAMU,1,1,,,,,,,,1,,Viaduto,Bom,Não existe,Perfeito estado,Seca,Perfeito estado,Outros,Outras,60 km/h,Única,Faixa seccionada,"",""
4780,2019-06-01T00:00:00,09:30:00,SEM VÍTIMA,CANCELADA,NOVA DESCOBERTA,RUA NOVA DESCOBERTA,622,"",EM FRENTE A IGREJA ASSEMBLEIA DE DEUS,RUA NOVA DESCOBERTA,622,EM FRENTE A IGREJA ASSEMBLEIA DE DEUS,NOVA DESCOBERTA,,"",COLISÃO,AUTO E MOTO,1,1,,,,,,,,0,,"","","","","","","","","","","","",""
4781,2019-06-01T00:00:00,10:04:00,SEM VÍTIMA,FINALIZADA,IMBIRIBEIRA,AV MARECHAL MASCARENHAS DE MORAES,4080,"","",AV MARECHAL MASCARENHAS DE MORAES,4080,"",IMBIRIBEIRA,,SUBURBIO,COLISÃO TRASEIRA,COLISÃO S/VITIMA ENTRE ONIBUS E AUTO,1,,,,,1,,,,0,,Longo da via,Bom,Não existe,Perfeito estado,Seca,Perfeito estado,Não existe,Outras,"",Única,Faixa contínua,Faixa seccionada,""
4782,2019-06-01T00:00:00,10:05:00,COM VÍTIMA,FINALIZADA,VÁRZEA,AV AFONSO OLINDENSE,1524,"",EM FRENTE AO RESTAURANTE PICUÍ,AV AFONSO OLINDENSE,1524,EM FRENTE AO RESTAURANTE PICUÍ,VÁRZEA,,SUBURBIO,ABALROAMENTO LONGITUDINAL,PRISMA X HONDA TITAN 150,1,1,,,,,,,,1,,Longo da via,Bom,Não existe,Perfeito estado,Seca,Perfeito estado,Outros,Não há placas,30 km/h,Dupla,Faixa contínua,"",""
4783,2019-06-01T00:00:00,10:12:00,SEM VÍTIMA,FINALIZADA,VÁRZEA,"",81,"",EDF ANDORRA,"",81,EDF ANDORRA,VÁRZEA,,"",ABALROAMENTO LONGITUDINAL,ONIBUS E AUTO,1,,,,,1,,,,0,,Longo da via,Bom,Sem defeito,Não existente,Seca,Perfeito estado,Não existe,Não há placas,"",Única,Não existe,"",""
4784,2019-06-01T00:00:00,10:26:00,SEM VÍTIMA,CANCELADA,HIPÓDROMO,RUA JOAO PEREIRA DE MELO,227,"",RESIDENCIA,RUA JOAO PEREIRA DE MELO,227,RESIDENCIA,HIPÓDROMO,,"",COLISÃO,COLISÃO SEM VITIMAS,2,,,,,,,,,0,,"","","","","","","","","","","","",""
4785,2019-06-01T00:00:00,12:04:00,SEM VÍTIMA,FINALIZADA,BOA VIAGEM,AV CONSELHEIRO AGUIAR,"",RUA PADRE CARAPUCEIRO,"",AV CONSELHEIRO AGUIAR,"","",BOA VIAGEM,115,SUBURBIO,ABALROAMENTO TRANSVERSAL,COLISÃO SEM VITIMA,1,,,,,1,,,,0,,Cruzamento,Bom,Sem defeito,Perfeito estado,Seca,Perfeito estado,Faixa de pedestre,Não há placas,"",Única,Não existe,"",""
4786,2019-06-01T00:00:00,12:15:00,COM VÍTIMA,FINALIZADA,IMBIRIBEIRA,RUA ITACARI,340,RUA CACHOEIRA,"",RUA ITACARI,340,"",IMBIRIBEIRA,,SUBURBIO,ABALROAMENTO TRANSVERSAL,COLISÃO COM VITIMA,1,1,,,,,,,,1,,Cruzamento,Bom,Não existe,Incompleta,Seca,Perfeito estado,Não existe,Não há placas,"",Única,Faixa seccionada,"",""
4787,2019-06-01T00:00:00,14:06:00,SEM VÍTIMA,FINALIZADA,CASA AMARELA,RUA EVARISTO DA VEIGA,"","",EM FRENTE A Nº 76,RUA EVARISTO DA VEIGA,"",EM FRENTE A Nº 76,CASA AMARELA,,SUBURBIO,ABALROAMENTO LONGITUDINAL,COLISÃO SEM VITIMA,2,,,,,,,,,0,,Longo da via,Bom,Não existe,Não existente,Seca,Perfeito estado,"",Não há placas,"",Única,"","",""
4788,2019-06-01T00:00:00,14:35:00,COM VÍTIMA,FINALIZADA,APIPUCOS,RUA DOIS IRMAOS,371,"",PRÓXIMO A ROSE BELTRÃO RECEPÇÕES,RUA DOIS IRMAOS,371,PRÓXIMO A ROSE BELTRÃO RECEPÇÕES,APIPUCOS,535,CIDADE,COLISÃO TRASEIRA,COLISAO ENTRE MOTO E AUTOS COM UMA VITIMA,1,1,,,,,,,,1,,Longo da via,Bom,Sem defeito,Perfeito estado,Seca,Perfeito estado,Faixa de pedestre,R-6a,"",Dupla,Faixa contínua,"",""
4789,2019-06-01T00:00:00,15:11:00,SEM VÍTIMA,FINALIZADA,IBURA,RUA DR PEDRO MOSCOSO,279,"",PROX A ESCOLA LAGOA ENCANTADA,RUA DR PEDRO MOSCOSO,279,PROX A ESCOLA LAGOA ENCANTADA,IBURA,,"",ABALROAMENTO LONGITUDINAL,COLISAO ENTRE DOIS AUTOS S/V,2,,,,,,,,,0,,Longo da via,Bom,Não existe,Não existente,Seca,Mal conservada,Não existe,Não há placas,"","",Não existe,"",""
4790,2019-06-01T00:00:00,15:20:00,COM VÍTIMA,CANCELADA,PASSARINHO,RUA CORREGO DA BICA,"","",PROX. AO TERMINAL DE NOVA DESCOBERTA,RUA CORREGO DA BICA,"",PROX. AO TERMINAL DE NOVA DESCOBERTA,PASSARINHO,,"",COLISÃO COM CICLISTA,"COLISÃO COM VITIMA, O CONDUTOR DO AUTO PERDEU A DIREÇÃO ATINGINDO UM CICLISTA E OUTRO AUTO QUE ESTAVA ESTACIONADO",2,,,1,,,,,,1,,"","","","","","","","","","","","",""
4791,2019-06-01T00:00:00,16:00:00,SEM VÍTIMA,FINALIZADA,ESPINHEIRO,RUA DO ESPINHEIRO,"",RUA SANTO ELIAS,"",RUA DO ESPINHEIRO,"","",ESPINHEIRO,,"",ABALROAMENTO TRANSVERSAL,"",2,,,,,,,,,0,,Cruzamento,Bom,Não existe,Perfeito estado,Seca,Perfeito estado,Faixa de pedestre,Placas Pare,"",Única,Faixa seccionada,"",""
4792,2019-06-01T00:00:00,16:01:00,SEM VÍTIMA,FINALIZADA,NOVA DESCOBERTA,RUA NOVA DESCOBERTA,1745,"","",RUA NOVA DESCOBERTA,1745,"",NOVA DESCOBERTA,,CIDADE,ABALROAMENTO LONGITUDINAL,COLISÃO SEM VÍTIMA,1,,,,,1,,,,0,,Longo da via,Bom,Não existe,Perfeito estado,Seca,Perfeito estado,Não existe,R-19,30 km/h,Dupla,Faixa seccionada,"",""
4793,2019-06-01T00:00:00,17:08:00,COM VÍTIMA,CANCELADA,JARDIM SÃO PAULO,AV RECIFE,"","",ARTE PEDRAS,AV RECIFE,"",ARTE PEDRAS,JARDIM SÃO PAULO,,"",COLISÃO,POSSÍVEL ATROPELAMENTO,,,,,,,,,,1,,"","","","","","","","","","","","",""
4794,2019-06-01T00:00:00,19:09:00,SEM VÍTIMA,CANCELADA,GRAÇAS,AV RUI BARBOSA,815,"",BAR MISTER HOPE/ COLEGIO AGNES,AV RUI BARBOSA,815,BAR MISTER HOPE/ COLEGIO AGNES,GRAÇAS,,"",COLISÃO,COLISÃO SEM VITIMA,2,,,,,,,,,0,,"","","","","","","","","","","","",""
4795,2019-06-01T00:00:00,19:27:00,SEM VÍTIMA,FINALIZADA,DERBY,AV GOVERNADOR AGAMENON MAGALHAES,"","",EM FRENTE AO MEMORIAL SÃO JOSÉ,AV GOVERNADOR AGAMENON MAGALHAES,"",EM FRENTE AO MEMORIAL SÃO JOSÉ,DERBY,,"",ABALROAMENTO LONGITUDINAL,COLISÃO SEM VITIMA,1,,,,,1,,,,0,,Longo da via,Bom,Sem defeito,Perfeito estado,Seca,Perfeito estado,Faixa de pedestre,"","",Dupla,Canal,"",""
4796,2019-06-01T00:00:00,20:26:00,SEM VÍTIMA,FINALIZADA,ENCRUZILHADA,AV BEBERIBE,"",RUA PEDRO ALVES,"",AV BEBERIBE,"","",ENCRUZILHADA,,SUBURBIO,ABALROAMENTO LONGITUDINAL,TOYOTA X FORD K,2,,,,,,,,,0,,Cruzamento,Bom,Sem defeito,Perfeito estado,Seca,Perfeito estado,Faixa de retenção,Outras,40 km/h,Dupla,Faixa contínua,"",""
4797,2019-06-01T00:00:00,21:32:00,SEM VÍTIMA,CANCELADA,ESPINHEIRO,AV GOVERNADOR AGAMENON MAGALHAES,1800,"",ENF A PROCURADORIA REPUBLICA // SENTIDO BOA VIAGEM VIA PRINCIPAL,AV GOVERNADOR AGAMENON MAGALHAES,1800,ENF A PROCURADORIA REPUBLICA // SENTIDO BOA VIAGEM VIA PRINCIPAL,ESPINHEIRO,,"",COLISÃO,HB 20 X GOL,2,,,,,,,,,0,,"","","","","","","","","","","","",""
4798,2019-06-01T00:00:00,21:51:00,SEM VÍTIMA,FINALIZADA,TORRE,RUA AMELIA,"",AV BEIRA RIO,PONTE DA TORRE,RUA AMELIA,"",PONTE DA TORRE,TORRE,630,SUBURBIO,CHOQUE VEÍCULO PARADO,ONIBUS CAXANGA X SANDERO X HB 20,2,,,,,1,,,,0,,Longo da via,Bom,Sem defeito,Perfeito estado,Seca,Perfeito estado,Faixa de pedestre,Não há placas,"",Dupla,Faixa contínua,Faixa seccionada,Canteiro central
4799,2019-06-02T00:00:00,02:48:00,SEM VÍTIMA,CANCELADA,AFOGADOS,RUA SAO MIGUEL,"","",EM FRENTE AO ARMAZEM CORAL,RUA SAO MIGUEL,"",EM FRENTE AO ARMAZEM CORAL,AFOGADOS,,"",COLISÃO,COLISÃO ENTRE DOIS AUTOS S/V,2,,,,,,,,,0,,"","","","","","","","","","","","",""
4800,2019-06-02T00:00:00,02:57:00,SEM VÍTIMA,FINALIZADA,ÁGUA FRIA,RUA BOMBA DO HEMETERIO,248,"","",RUA BOMBA DO HEMETERIO,248,"",ÁGUA FRIA,,SUBURBIO,ABALROAMENTO LONGITUDINAL,COLISÃO ENTRE DOIS AUTOS S/V,2,,,,,,,,,0,,Longo da via,Bom,Não existe,Perfeito estado,Seca,Perfeito estado,"","","",Dupla,"","",""
4801,2019-06-02T00:00:00,07:33:00,SEM VÍTIMA,FINALIZADA,SÃO JOSÉ,RUA IMPERIAL,"",RUA CABO EUTROPIO,"",RUA IMPERIAL,"","",SÃO JOSÉ,352,SUBURBIO,ABALROAMENTO TRANSVERSAL,COLISÃO SEM VITIMAS,2,,,,,,,,,0,,Cruzamento,Bom,Sem defeito,"",Seca,"",Faixa de pedestre,R-6a,"",Única,Não existe,"",""
4802,2019-06-02T00:00:00,07:57:00,COM VÍTIMA,CANCELADA,CAMPO GRANDE,RUA LUIZ CORREA,449,"","",RUA LUIZ CORREA,449,"",CAMPO GRANDE,,"",COLISÃO,COLISÃO COM VITIMA,1,1,,,,,,,,1,,"","","","","","","","","","","","",""
4803,2019-06-02T00:00:00,08:49:00,SEM VÍTIMA,FINALIZADA,PARNAMIRIM,AV DEZESSETE DE AGOSTO,"","",EM FRENTE A FARMÁCIA DROGASIL,AV DEZESSETE DE AGOSTO,"",EM FRENTE A FARMÁCIA DROGASIL,PARNAMIRIM,,CIDADE,ABALROAMENTO LONGITUDINAL,COLISÃO SEM VITIMAS,1,,,,,1,,,,0,,Longo da via,Bom,Não existe,Perfeito estado,Seca,Perfeito estado,Não existe,Não há placas,60 km/h,Dupla,Faixa contínua,"",""
4804,2019-06-02T00:00:00,09:14:00,COM VÍTIMA,FINALIZADA,TEJIPIÓ,AV DR JOSE RUFINO,"","",EM FRENTE AO 4 BCOM,AV DR JOSE RUFINO,"",EM FRENTE AO 4 BCOM,TEJIPIÓ,,SUBURBIO,ABALROAMENTO LONGITUDINAL,AUTO/MOTO COM VÍTIMA,1,1,,,,,,,,1,,Longo da via,Bom,Não existe,Perfeito estado,Seca,Perfeito estado,Não existe,Não há placas,"",Dupla,Faixa contínua,"",""
4805,2019-06-02T00:00:00,09:50:00,SEM VÍTIMA,FINALIZADA,AFLITOS,AV CONS ROSA E SILVA,"",RUA JOSE CLEMENTINO,PRÓXIMO AO BOMPREÇO,AV CONS ROSA E SILVA,"",PRÓXIMO AO BOMPREÇO,AFLITOS,,SUBURBIO,ABALROAMENTO TRANSVERSAL,DOIS AUTOS,2,,,,,,,,,0,,Cruzamento,Bom,Não existe,Perfeito estado,Seca,Perfeito estado,"",Outras,"",Única,Faixa seccionada,"",""
4806,2019-06-02T00:00:00,09:55:00,COM VÍTIMA,FINALIZADA,BOA VIAGEM,AV BOA VIAGEM,5740,"",EM FRENTE AO EDF MANOEL DE BRITO,AV BOA VIAGEM,5740,EM FRENTE AO EDF MANOEL DE BRITO,BOA VIAGEM,,SUB/CID,TOMBAMENTO,"BICICLETA ELÉTRICA TRAVOU E O CICLISTA FOI ARREMEÇADO À FRENTE, VINDO A SER SOCORRIDO PELO SAMU",,,,1,,,,,,1,,Longo da via,Bom,Sem defeito,Perfeito estado,Seca,Perfeito estado,Faixa de pedestre,Não há placas,60 km/h,Única,Não existe,"",""
4807,2019-06-02T00:00:00,12:26:00,SEM VÍTIMA,FINALIZADA,GRAÇAS,AV GOVERNADOR AGAMENON MAGALHAES,"","",LADO OPOSTO AO COLÉGIO AMERICANO BATISTA,AV GOVERNADOR AGAMENON MAGALHAES,"",LADO OPOSTO AO COLÉGIO AMERICANO BATISTA,GRAÇAS,37,"",COLISÃO TRASEIRA,COLISÃO SEM VITIMA,3,,,,,,,,,0,,Longo da via,Bom,Sem defeito,Perfeito estado,Seca,Perfeito estado,Faixa de pedestre,Outras,60 km/h,Única,Faixa seccionada,Canteiro central,""
4808,2019-06-02T00:00:00,14:38:00,SEM VÍTIMA,FINALIZADA,CASA FORTE,AV DEZESSETE DE AGOSTO,1417,"",SOB O SEMÁFORO 372,AV DEZESSETE DE AGOSTO,1417,SOB O SEMÁFORO 372,CASA FORTE,372,SUBURBIO,ABALROAMENTO LONGITUDINAL,COLISÃO SEM VÍTIMA,2,,,,,,,,,0,,Longo da via,Bom,Sem defeito,Perfeito estado,Seca,Perfeito estado,Faixa de pedestre,R-6a,"",Dupla,Não existe,"",""
4809,2019-06-02T00:00:00,15:02:00,COM VÍTIMA,FINALIZADA,ENCRUZILHADA,AV NORTE,1858,AV JOAO DE BARROS,CRUZAMENTO DAS VIAS,AV NORTE,1858,CRUZAMENTO DAS VIAS,ENCRUZILHADA,,"",ABALROAMENTO TRANSVERSAL,COLISÃO COM VITIMA,2,,,,,,,,,1,,Cruzamento,Bom,Sem defeito,Perfeito estado,Seca,"",Faixa de pedestre,Outras,"",Dupla,Faixa contínua,Canteiro central,""
4810,2019-06-02T00:00:00,18:35:00,SEM VÍTIMA,CANCELADA,CASA AMARELA,AV NORTE,"","","AO LADO DA HONDA, SENTIDO INTEGRAÇÃO DA MACAXEIRA",AV NORTE,"","AO LADO DA HONDA, SENTIDO INTEGRAÇÃO DA MACAXEIRA",CASA AMARELA,,"",COLISÃO,COLISÃO SEM VITIMAS,2,,,,,,,,,0,,"","","","","","","","","","","","",""
4811,2019-06-02T00:00:00,18:49:00,COM VÍTIMA,FINALIZADA,ROSARINHO,RUA TREZE DE JUNHO,"","",EM FRENTE AO IMÓVEL 589,RUA TREZE DE JUNHO,"",EM FRENTE AO IMÓVEL 589,ROSARINHO,,CID/SUB,CHOQUE OBJETO FIXO,ONIBUS X ARVORE OBS: ARVORE CAIU SOBRE O ONIBUS E UM PEDESTRE,,,,,,1,,,,1,,Longo da via,Bom,Não existe,Perfeito estado,Seca,Mal iluminada,"",R-6a,20 km/h,Única,"","",""
4812,2019-06-02T00:00:00,19:25:00,COM VÍTIMA,FINALIZADA,IMBIRIBEIRA,RUA ARQUITETO LUIZ NUNES,"",AV ENGENHEIRO ALVES DE SOUZA,EM FRENTE A JULIETTO,RUA ARQUITETO LUIZ NUNES,"",EM FRENTE A JULIETTO,IMBIRIBEIRA,,"",COLISÃO,COLISÃO COM VITIMA/ CONDUTOR DO AUTO EVADIU DO LOCAL,,1,,,,,,,,1,,Cruzamento,Bom,Sem defeito,Incompleta,Seca,Mal iluminada,Faixa de pedestre,Outras,"",Dupla,Faixa contínua,"",""
4813,2019-06-02T00:00:00,19:46:00,COM VÍTIMA,FINALIZADA,CAMPINA DO BARRETO,RUA IGUATU,"",RUA CONEGO OLIMPIO TORRES,"",RUA IGUATU,"","",CAMPINA DO BARRETO,,SUBURBIO,COLISÃO COM CICLISTA,MOTO X CICLISTA,,1,,1,,,,,,1,,Longo da via,Bom,Não existe,Perfeito estado,Seca,Perfeito estado,Outros,Outras,"",Dupla,Outros,"",""
4814,2019-06-02T00:00:00,21:19:00,COM VÍTIMA,FINALIZADA,ARRUDA,AV PROFESSOR JOSE DOS ANJOS,"",RUA PETRONILA BOTELHO,"",AV PROFESSOR JOSE DOS ANJOS,"","",ARRUDA,,SUB/CID,ABALROAMENTO LONGITUDINAL,AUTO X MOTO,1,1,,,,,,,,1,,Cruzamento,Bom,Sem defeito,Perfeito estado,Seca,Perfeito estado,Faixa de pedestre,"","",Dupla,Canal,"",""
4815,2019-06-02T00:00:00,21:58:00,SEM VÍTIMA,CANCELADA,TORRE,AV BEIRA RIO,"",RUA CONDE DE IRAJA,PROX AO EDF DUAS NACOES,AV BEIRA RIO,"",PROX AO EDF DUAS NACOES,TORRE,,"",COLISÃO,"",2,,,,,,,,,0,,"","","","","","","","","","","","",""