_id,DATA,hora,natureza_acidente,situacao,bairro,endereco,numero,detalhe_endereco_acidente,complemento,endereco_cruzamento,numero_cruzamento,referencia_cruzamento,bairro_cruzamento,num_semaforo,sentido_via,tipo,descricao,auto,moto,ciclom,ciclista,pedestre,onibus,caminhao,viatura,outros,vitimas,vitimasfatais,acidente_verificado,tempo_clima,situacao_semaforo,sinalizacao,condicao_via,conservacao_via,ponto_controle,situacao_placa,velocidade_max_via,mao_direcao,divisao_via1,divisao_via2,divisao_via3
4816,2019-06-02T00:00:00,23:52:00,SEM VÍTIMA,FINALIZADA,IPSEP,RUA ITACARE,"","",PAGODE DO ESPAÇO ABERTO,RUA ITACARE,"",PAGODE DO ESPAÇO ABERTO,IPSEP,,"",CHOQUE VEÍCULO PARADO,DOIS AUTO SEM VITIMAS,2,,,,,,,,,0,,Longo da via,Bom,Não existe,Incompleta,Seca,Perfeito estado,"",Não há placas,30 km/h,Dupla,Não existe,"",""
4817,2019-06-03T00:00:00,06:56:00,SEM VÍTIMA,FINALIZADA,ENCRUZILHADA,AV BEBERIBE,"","","",AV BEBERIBE,"","",ENCRUZILHADA,,CIDADE,COLISÃO TRASEIRA,SEM VITIMAS,2,,,,,,,,,0,,Longo da via,Bom,Sem defeito,Perfeito estado,Seca,Perfeito estado,"","",60 km/h,"","","",""
4818,2019-06-03T00:00:00,07:29:00,SEM VÍTIMA,FINALIZADA,SÃO JOSÉ,C SANTA RITA,595,"",EM FRENTE AS TORRES GEMEAS,C SANTA RITA,595,EM FRENTE AS TORRES GEMEAS,SÃO JOSÉ,,CIDADE,COLISÃO TRASEIRA,TRES AUTOS,3,,,,,,,,,0,,Longo da via,Bom,Não existe,Perfeito estado,Seca,"",Não existe,Não há placas,60 km/h,Única,Faixa seccionada,"",""
4819,2019-06-03T00:00:00,07:44:00,SEM VÍTIMA,CANCELADA,IMBIRIBEIRA,RUA JAMAICA,"","",AO LADO DO MARTELINHO DE OURO,RUA JAMAICA,"",AO LADO DO MARTELINHO DE OURO,IMBIRIBEIRA,,"",COLISÃO,DOIS AUTOS,2,,,,,,,,,0,,"","","","","","","","","","","","",""
4820,2019-06-03T00:00:00,07:55:00,SEM VÍTIMA,FINALIZADA,TORRE,RUA JOSE BONIFACIO,"",RUA PADRE ANCHIETA,"",RUA JOSE BONIFACIO,"","",TORRE,193,SUBURBIO,ABALROAMENTO TRANSVERSAL,COLISÃO SEM VITIMAS,1,,,,,1,,,,0,,Cruzamento,Bom,Sem defeito,Perfeito estado,Seca,Perfeito estado,Não existe,Não há placas,"",Única,Faixa seccionada,"",""
4821,2019-06-03T00:00:00,08:48:00,SEM VÍTIMA,CANCELADA,ESTÂNCIA,AV RECIFE,204,"",EM FRENTE A OFICINA BARATÃO,AV RECIFE,204,EM FRENTE A OFICINA BARATÃO,ESTÂNCIA,,BR101,COLISÃO,SEM VITIMAS,1,,,,,,1,,,0,,"","","","","","","","","","","","",""
4822,2019-06-03T00:00:00,09:31:00,SEM VÍTIMA,CANCELADA,AFOGADOS,AV SUL,"","",100 APOS POLICLINICA AGAMENON MAGALHÃES,AV SUL,"",100 APOS POLICLINICA AGAMENON MAGALHÃES,AFOGADOS,,"",COLISÃO,SEM VITIMAS,2,,,,,,,,,0,,"","","","","","","","","","","","",""
4823,2019-06-03T00:00:00,10:13:00,SEM VÍTIMA,FINALIZADA,DERBY,RUA DR SEVERINO PINHEIRO,"","",SOBRE A PONTE DO DERBY ( PONTE ESTÁCIO COIMBRA),RUA DR SEVERINO PINHEIRO,"",SOBRE A PONTE DO DERBY ( PONTE ESTÁCIO COIMBRA),DERBY,,CIDADE,COLISÃO TRASEIRA,DOIS AUTOS,2,,,,,,,,,0,,Longo da via,Bom,Não existe,Perfeito estado,Seca,Perfeito estado,Não existe,Não há placas,"",Dupla,Faixa contínua,"",""
4824,2019-06-03T00:00:00,12:10:00,SEM VÍTIMA,FINALIZADA,PRADO,RUA GOMES TABORDA,1172,"","",RUA GOMES TABORDA,1172,"",PRADO,,SUBURBIO,ABALROAMENTO LONGITUDINAL,DOIS AUTO SEM VITIMAS,2,,,,,,,,,0,,Longo da via,Bom,Não existe,Perfeito estado,Seca,"",Não existe,Outras,"",Única,Faixa seccionada,"",""
4825,2019-06-03T00:00:00,12:41:00,SEM VÍTIMA,FINALIZADA,ENCRUZILHADA,AV BEBERIBE,189,"",EM FRENTE A DROGARIA PRIME,AV BEBERIBE,189,EM FRENTE A DROGARIA PRIME,ENCRUZILHADA,,SUBURBIO,COLISÃO TRASEIRA,COLISÃO SEM VÍTIMA,2,,,,,,,,,0,,Longo da via,Bom,Sem defeito,Perfeito estado,Seca,Perfeito estado,Faixa de pedestre,R-6a,40 km/h,Dupla,Faixa contínua,"",""
4826,2019-06-03T00:00:00,13:47:00,SEM VÍTIMA,FINALIZADA,CABANGA,AV SUL,"","",EM FRENTE AO SEMÁFORO Nº 260,AV SUL,"",EM FRENTE AO SEMÁFORO Nº 260,CABANGA,,"",COLISÃO TRASEIRA,DOIS AUTO SEM VITIMAS,2,,,,,,,,,0,,Longo da via,Bom,Sem defeito,Perfeito estado,Seca,Perfeito estado,Não existe,Não há placas,"",Dupla,Faixa seccionada,"",""
4827,2019-06-03T00:00:00,14:17:00,SEM VÍTIMA,FINALIZADA,ESPINHEIRO,AV GOVERNADOR AGAMENON MAGALHAES,"","",E/F AO POSTO SHELL,AV GOVERNADOR AGAMENON MAGALHAES,"",E/F AO POSTO SHELL,ESPINHEIRO,78,CIDADE,ABALROAMENTO TRANSVERSAL,COLISAO ENTRE DOIS AUTOS S/V,2,,,,,,,,,0,,Longo da via,Bom,Sem defeito,Perfeito estado,Seca,Perfeito estado,Não existe,Não há placas,60 km/h,Única,Faixa contínua,"",""
4828,2019-06-03T00:00:00,14:37:00,COM VÍTIMA,FINALIZADA,BOA VISTA,AV CONDE DA BOA VISTA,"",RUA GONCALVES MAIA,POSTO DE COMBUSTÍVEL SHELL,AV CONDE DA BOA VISTA,"",POSTO DE COMBUSTÍVEL SHELL,BOA VISTA,299,CIDADE,ABALROAMENTO TRANSVERSAL,AUTO PASSEIO E MOTOCICLETA COM UMA VÍTIMA,1,1,,,,,,,,1,,Longo da via,Bom,Sem defeito,Perfeito estado,Seca,Perfeito estado,Não existe,Outras,60 km/h,Dupla,Faixa contínua,"",""
4829,2019-06-03T00:00:00,14:53:00,SEM VÍTIMA,FINALIZADA,IMBIRIBEIRA,AV MARECHAL MASCARENHAS DE MORAES,2555,"","",AV MARECHAL MASCARENHAS DE MORAES,2555,"",IMBIRIBEIRA,,SUBURBIO,ABALROAMENTO LONGITUDINAL,DOIS AUTOS,2,,,,,,,,,0,,Longo da via,Bom,Sem defeito,Perfeito estado,Seca,Perfeito estado,Faixa de pedestre,Não há placas,"",Dupla,Canteiro central,"",""
4830,2019-06-03T00:00:00,15:40:00,SEM VÍTIMA,FINALIZADA,ESPINHEIRO,AV CONS ROSA E SILVA,295,RUA DA HORA,ALBERICO NOIVAS,AV CONS ROSA E SILVA,295,ALBERICO NOIVAS,ESPINHEIRO,,SUBURBIO,ABALROAMENTO LONGITUDINAL,DOIS AUTO SEM VITIMAS,2,,,,,,,,,0,,"",Bom,Não existe,Perfeito estado,Seca,Perfeito estado,Não existe,R-6a,"",Única,Faixa seccionada,"",""
4831,2019-06-03T00:00:00,15:42:00,SEM VÍTIMA,FINALIZADA,CAJUEIRO,AV SEBASTIAO SALAZAR,"",AV BEBERIBE,LADO OPOSTO À GALERIA CAJUEIRO,AV SEBASTIAO SALAZAR,"",LADO OPOSTO À GALERIA CAJUEIRO,CAJUEIRO,,SUBURBIO,ABALROAMENTO LONGITUDINAL,COLISAO ENTRE DOIS AUTOS S/V,2,,,,,,,,,0,,Cruzamento,Bom,Não existe,Perfeito estado,Seca,Perfeito estado,Faixa de pedestre,Não há placas,"",Dupla,Faixa contínua,Faixa seccionada,Blocos
4832,2019-06-03T00:00:00,15:53:00,SEM VÍTIMA,FINALIZADA,BOA VIAGEM,AV REPUBLICA DO LIBANO,"","",EM FRENTE AO EMPRESARIAL RIOMAR,AV REPUBLICA DO LIBANO,"",EM FRENTE AO EMPRESARIAL RIOMAR,BOA VIAGEM,,SUBURBIO,COLISÃO TRASEIRA,COLISAO ENTRE DOIS AUTOS S/V,2,,,,,,,,,0,,Longo da via,Bom,Não existe,Perfeito estado,Seca,Perfeito estado,Não existe,Não há placas,"",Única,Faixa seccionada,"",""
4833,2019-06-03T00:00:00,16:11:00,SEM VÍTIMA,FINALIZADA,CIDADE UNIVERSITÁRIA,AV PROFESSOR LUIZ FREIRE,"","",LADO OPSOTO AO COMANDO DA 7º REGIÃO MILITAR,AV PROFESSOR LUIZ FREIRE,"",LADO OPSOTO AO COMANDO DA 7º REGIÃO MILITAR,CIDADE UNIVERSITÁRIA,,SUBURBIO,ABALROAMENTO LONGITUDINAL,COLISAO ENTRE DOIS AUTOS S/V,2,,,,,,,,,0,,Longo da via,Bom,Não existe,Incompleta,Seca,"",Não existe,Não há placas,"",Dupla,Faixa seccionada,"",""
4834,2019-06-03T00:00:00,16:13:00,COM VÍTIMA,FINALIZADA,VASCO DA GAMA,RUA VASCO DA GAMA,"","","",RUA VASCO DA GAMA,"","",VASCO DA GAMA,,SUBURBIO,COLISÃO FRONTAL,AUTO E MOTO COM VITIMAS,1,1,,,,,,,,1,,Longo da via,Bom,Não existe,Perfeito estado,Seca,Perfeito estado,Não existe,R-6a,30 km/h,"",Não existe,"",""
4835,2019-06-03T00:00:00,16:38:00,SEM VÍTIMA,CANCELADA,SANTO AMARO,AV JOAO DE BARROS,"","",E/F AO POSTO DE GASOLINA PETROBRAS,AV JOAO DE BARROS,"",E/F AO POSTO DE GASOLINA PETROBRAS,SANTO AMARO,,SUBURBIO,COLISÃO,ONIBUS E AUTO SEM VITIMAS,1,,,,,1,,,,0,,"","","","","","","","","","","","",""
4836,2019-06-03T00:00:00,16:41:00,SEM VÍTIMA,FINALIZADA,BOA VIAGEM,RUA ERNESTO DE PAULA SANTOS,"",RUA AMALIA BERNARDINO DE SOUZA,EM FRENTE AO POSTO DE COMBUSTÍVEL BR,RUA ERNESTO DE PAULA SANTOS,"",EM FRENTE AO POSTO DE COMBUSTÍVEL BR,BOA VIAGEM,,"",ABALROAMENTO TRANSVERSAL,DOIS AUTO SEM VITIMAS,2,,,,,,,,,0,,Cruzamento,Bom,Não existe,Não existente,Seca,Perfeito estado,Não existe,Não há placas,"",Única,Faixa seccionada,"",""
4837,2019-06-03T00:00:00,16:55:00,SEM VÍTIMA,FINALIZADA,BONGI,RUA ISAAC MARKMAN,"",AV MANOEL GONCALVES DA LUZ,"",RUA ISAAC MARKMAN,"","",BONGI,,"",ABALROAMENTO LONGITUDINAL,COLISÃO SEM VÍTIMA,1,,,,,1,,,,0,,Cruzamento,Bom,Não existe,Perfeito estado,Seca,Perfeito estado,Outros,Outras,60 km/h,Dupla,Faixa contínua,Faixa seccionada,""
4838,2019-06-03T00:00:00,18:35:00,SEM VÍTIMA,FINALIZADA,SAN MARTIN,RUA VINTE E UM DE ABRIL,"","",EM FRENTE A EMPREL,RUA VINTE E UM DE ABRIL,"",EM FRENTE A EMPREL,SAN MARTIN,,SUBURBIO,COLISÃO TRASEIRA,ENTRE ÕNIBUS E KOMBI. S/V,1,,,,,1,,,,0,,Longo da via,Bom,Não existe,Perfeito estado,Seca,Perfeito estado,Não existe,Não há placas,"",Dupla,Não existe,"",""
4839,2019-06-03T00:00:00,18:47:00,SEM VÍTIMA,FINALIZADA,SÃO JOSÉ,RUA FLORIANO PEIXOTO,699,RUA DO PEIXOTO,PROX A ANDERSON MOTO PEÇAS,RUA FLORIANO PEIXOTO,699,PROX A ANDERSON MOTO PEÇAS,SÃO JOSÉ,,SUBURBIO,ABALROAMENTO LONGITUDINAL,ONIBUS X HB 20,1,,,,,1,,,,0,,"","",Não existe,Perfeito estado,Seca,Mal conservada,Não existe,Outras,"",Única,Faixa seccionada,"",""
4840,2019-06-03T00:00:00,19:07:00,SEM VÍTIMA,FINALIZADA,BOA VISTA,TRV CORREIA NETO,"",RUA DA AURORA,AO LADO DA ASSEMBLEIA LEGISLATIVA DE PERNAMBUCO,TRV CORREIA NETO,"",AO LADO DA ASSEMBLEIA LEGISLATIVA DE PERNAMBUCO,BOA VISTA,,SUBURBIO,CHOQUE VEÍCULO PARADO,CAMINHAO BAU X AUTO,1,,,,,,1,,,0,,Longo da via,Bom,Não existe,Perfeito estado,Seca,"",Não existe,Outras,"",Única,Não existe,"",""
4841,2019-06-03T00:00:00,19:24:00,COM VÍTIMA,FINALIZADA,SANTO AMARO,AV CRUZ CABUGA,"",RUA VINTE E QUATRO DE AGOSTO,"",AV CRUZ CABUGA,"","",SANTO AMARO,,SUBURBIO,ABALROAMENTO TRANSVERSAL,MOTO E COLETIVO,,1,,,,1,,,,1,,Cruzamento,Bom,Não existe,Incompleta,Seca,Perfeito estado,Não existe,Outras,"",Dupla,Faixa contínua,"",""
4842,2019-06-03T00:00:00,19:44:00,SEM VÍTIMA,FINALIZADA,NOVA DESCOBERTA,RUA NOVA DESCOBERTA,4338,"","",RUA NOVA DESCOBERTA,4338,"",NOVA DESCOBERTA,,SUBURBIO,ABALROAMENTO TRANSVERSAL,ENTRE ÕNIBUS E AUTO. S/V,1,,,,,1,,,,0,,Longo da via,Bom,Não existe,Incompleta,Seca,Perfeito estado,Não existe,Não há placas,"",Dupla,Faixa seccionada,"",""
4843,2019-06-03T00:00:00,20:28:00,SEM VÍTIMA,FINALIZADA,PINA,AV ANTONIO DE GOES,"","",TÚNEL JOUSÉ DE CASTRO,AV ANTONIO DE GOES,"",TÚNEL JOUSÉ DE CASTRO,PINA,,CIDADE,ABALROAMENTO LONGITUDINAL,ENTRE 2 AUTOS. S/V,2,,,,,,,,,0,,Cruzamento,Bom,Sem defeito,Perfeito estado,Seca,Perfeito estado,"","","","","","",""
4844,2019-06-03T00:00:00,21:21:00,SEM VÍTIMA,CANCELADA,CASA AMARELA,AV NORTE,"","","E/F A PRC DO TRABALHO, SNT CENTRO",AV NORTE,"","E/F A PRC DO TRABALHO, SNT CENTRO",CASA AMARELA,,"",COLISÃO,ENTRE 2 AUTOS. S/V,2,,,,,,,,,0,,"","","","","","","","","","","","",""
4845,2019-06-04T00:00:00,03:11:00,COM VÍTIMA,FINALIZADA,CORDEIRO,AV CAXANGA,"","",POSTE Nº B 058761 / EM FRENTE AO CENTRO PASTORAL PE OSCAR MARTINS,AV CAXANGA,"",POSTE Nº B 058761 / EM FRENTE AO CENTRO PASTORAL PE OSCAR MARTINS,CORDEIRO,,CIDADE,CHOQUE OBJETO FIXO,CONDUTOR PERDEU O CONTROLE DO VEÍCULO E CHOCOU-SE CONTRA O POSTE,1,,,,,,,,,1,,Longo da via,Chuvoso,Não existe,Perfeito estado,Molhada,Perfeito estado,Não existe,Outras,60 km/h,Dupla,Canteiro central,"",""
4846,2019-06-04T00:00:00,05:38:00,SEM VÍTIMA,FINALIZADA,ILHA DO LEITE,PRC MIGUEL DE CERVANTES,"",RUA ANTONIO GOMES DE FREITAS,AO LADO DO N 60,PRC MIGUEL DE CERVANTES,"",AO LADO DO N 60,ILHA DO LEITE,,CIDADE,ABALROAMENTO TRANSVERSAL,COLISÃO ENTRE ÔNIBUS E AUTO S/V,1,,,,,1,,,,0,,Cruzamento,Bom,Não existe,Perfeito estado,Seca,Perfeito estado,Não existe,Placas Pare,"",Única,"","",""
4847,2019-06-04T00:00:00,06:14:00,SEM VÍTIMA,FINALIZADA,TORRÕES,AV ENGENHEIRO ABDIAS DE CARVALHO,"","","",AV ENGENHEIRO ABDIAS DE CARVALHO,"","",TORRÕES,272,CIDADE,COLISÃO TRASEIRA,SEM VITIMAS,1,,,,,,1,,,0,,Longo da via,Bom,Sem defeito,Perfeito estado,Seca,Perfeito estado,Faixa de pedestre,Não há placas,"",Dupla,Faixa seccionada,Canteiro central,""
4848,2019-06-04T00:00:00,06:56:00,SEM VÍTIMA,FINALIZADA,IMBIRIBEIRA,AV MARECHAL MASCARENHAS DE MORAES,2967,RUA JOSE DA SILVA LUCENA,"",AV MARECHAL MASCARENHAS DE MORAES,2967,"",IMBIRIBEIRA,,CIDADE,COLISÃO TRASEIRA,"",2,,,,,,,,,0,,"",Bom,Não existe,Perfeito estado,Seca,Perfeito estado,Não existe,Não há placas,60 km/h,Dupla,Faixa seccionada,Canteiro central,""
4849,2019-06-04T00:00:00,07:02:00,SEM VÍTIMA,CANCELADA,GRAÇAS,AV RUI BARBOSA,"",PRC DO ENTRONCAMENTO,"EM FRENTE AS PRAÇA DO ENTRONCAMENTO,E AO BANCO ITAÚ",AV RUI BARBOSA,"","EM FRENTE AS PRAÇA DO ENTRONCAMENTO,E AO BANCO ITAÚ",GRAÇAS,,"",COLISÃO,"SEM, VITIMAS",1,,,,,1,,,,0,,"","","","","","","","","","","","",""
4850,2019-06-04T00:00:00,07:28:00,SEM VÍTIMA,FINALIZADA,DERBY,AV GOVERNADOR AGAMENON MAGALHAES,"","",APÓS O SEMÁFORO 75,AV GOVERNADOR AGAMENON MAGALHAES,"",APÓS O SEMÁFORO 75,DERBY,75,SUBURBIO,COLISÃO TRASEIRA,SEM VITIMAS,3,,,,,,,,,0,,Longo da via,Chuvoso,Sem defeito,Perfeito estado,Molhada,Perfeito estado,Outros,Outras,"",Dupla,Canteiro central,"",""
4851,2019-06-04T00:00:00,07:37:00,COM VÍTIMA,FINALIZADA,BOA VIAGEM,AV ARMINDO MOURA,500,"",GAP GRUPO DE APOIO DO RECIFE,AV ARMINDO MOURA,500,GAP GRUPO DE APOIO DO RECIFE,BOA VIAGEM,,"",ABALROAMENTO TRANSVERSAL,COLISÃO C/VITIMA ENTRE UMA MOTO E UM AUTO,1,1,,,,,,,,1,,Longo da via,Bom,Não existe,Perfeito estado,Molhada,Perfeito estado,Não existe,Não há placas,40 km/h,Dupla,Faixa seccionada,"",""
4852,2019-06-04T00:00:00,08:14:00,SEM VÍTIMA,FINALIZADA,AFOGADOS,RUA MOTOCOLOMBO,"",RUA FRANCISCO SILVEIRA,"",RUA MOTOCOLOMBO,"","",AFOGADOS,,SUBURBIO,ABALROAMENTO LONGITUDINAL,SEM VITIMAS,2,,,,,,,,,0,,Longo da via,Bom,Não existe,Perfeito estado,Seca,Perfeito estado,Não existe,Não há placas,"","","","",""
4853,2019-06-04T00:00:00,08:21:00,SEM VÍTIMA,FINALIZADA,TAMARINEIRA,RUA TELES JUNIOR,155 B,RUA GENERAL ARTUR OSCAR,"",RUA TELES JUNIOR,155 B,"",TAMARINEIRA,,SUBURBIO,ABALROAMENTO LONGITUDINAL,DOIS AUTOS,2,,,,,,,,,0,,Longo da via,Bom,Não existe,Perfeito estado,Seca,Perfeito estado,Faixa de pedestre,Placas Pare,"",Dupla,Não existe,"",""
4854,2019-06-04T00:00:00,09:15:00,SEM VÍTIMA,FINALIZADA,MADALENA,EST DOS REMEDIOS,2464,"",EM FRENTE A POLICLÍNICA LESSA DE ANDRADE,EST DOS REMEDIOS,2464,EM FRENTE A POLICLÍNICA LESSA DE ANDRADE,MADALENA,,CIDADE,ABALROAMENTO LONGITUDINAL,COLISÃO S/VITIMAS ENTRE DOIS AUTOS,2,,,,,,,,,0,,Longo da via,Chuvoso,Sem defeito,Perfeito estado,Seca,Perfeito estado,Não existe,Não há placas,"",Única,Faixa contínua,"",""
4855,2019-06-04T00:00:00,09:21:00,COM VÍTIMA,FINALIZADA,IBURA,LAD DA COHAB,"","",PROX. A PICLINA ARNALDO MARQUES,LAD DA COHAB,"",PROX. A PICLINA ARNALDO MARQUES,IBURA,,SUBURBIO,COLISÃO COM CICLISTA,AUTO E CICLISTA (PONTO FIXO),1,,,1,,,,,,1,,Longo da via,Bom,Não existe,Perfeito estado,Seca,Mal conservada,Agente,Não há placas,"",Dupla,Faixa contínua,"",""
4856,2019-06-04T00:00:00,09:33:00,SEM VÍTIMA,FINALIZADA,ESPINHEIRO,AV JOAO DE BARROS,"",RUA DO ESPINHEIRO,"",AV JOAO DE BARROS,"","",ESPINHEIRO,89,SUBURBIO,ABALROAMENTO LONGITUDINAL,COLISÃO S/VITIMAS ENTRE DOIS AUTOS,2,,,,,,,,,0,,Cruzamento,Chuvoso,Sem defeito,Perfeito estado,Molhada,Perfeito estado,Faixa de pedestre,Outras,"",Única,Faixa contínua,Faixa seccionada,""
4857,2019-06-04T00:00:00,09:36:00,SEM VÍTIMA,FINALIZADA,BOA VIAGEM,RUA ERNESTO DE PAULA SANTOS,"","",SEMÁFORO 330,RUA ERNESTO DE PAULA SANTOS,"",SEMÁFORO 330,BOA VIAGEM,330,SUBURBIO,COLISÃO TRASEIRA,SEM VITIMAS,2,,,,,,,1,,0,,Longo da via,Bom,Sem defeito,Perfeito estado,Seca,Perfeito estado,"",Outras,"",Única,Faixa seccionada,"",""
4858,2019-06-04T00:00:00,10:12:00,COM VÍTIMA,FINALIZADA,BOA VISTA,AV CONDE DA BOA VISTA,1482,"",EM FRENTE AO EDF SANTA TEREZINHA,AV CONDE DA BOA VISTA,1482,EM FRENTE AO EDF SANTA TEREZINHA,BOA VISTA,,"",ATROPELAMENTO,MOTO E PEDESTRE BATEDORES NO LOCAL,,1,,,1,,,,,1,,Longo da via,Bom,Não existe,Perfeito estado,Seca,Perfeito estado,Faixa de pedestre,R-6c,"",Dupla,Faixa contínua,"",""
4859,2019-06-04T00:00:00,10:21:00,SEM VÍTIMA,FINALIZADA,VÁRZEA,AV AFONSO OLINDENSE,202,"","",AV AFONSO OLINDENSE,202,"",VÁRZEA,,SUBURBIO,ABALROAMENTO TRANSVERSAL,DOIS AUTOS,2,,,,,,,,,0,,Longo da via,Bom,Não existe,Perfeito estado,Seca,Perfeito estado,Não existe,R-6a,"",Dupla,Faixa seccionada,"",""
4860,2019-06-04T00:00:00,10:53:00,SEM VÍTIMA,FINALIZADA,IPSEP,RUA PRESIDENTE KENNEDY,30,AV RECIFE,"",RUA PRESIDENTE KENNEDY,30,"",IPSEP,212,SUBURBIO,ABALROAMENTO LONGITUDINAL,CAMINHAO E AUTO PASSEIO,1,,,,,,1,,,0,,"",Bom,Sem defeito,Perfeito estado,Seca,Perfeito estado,Não existe,Não há placas,"",Dupla,Não existe,"",""
4861,2019-06-04T00:00:00,11:00:00,SEM VÍTIMA,CANCELADA,ESTÂNCIA,AV RECIFE,485,"",AO LADO DO POSTO SHELL,AV RECIFE,485,AO LADO DO POSTO SHELL,ESTÂNCIA,,BOA VIAGEM,COLISÃO,SEM VITIMAS,,,,,,,,,,0,,"","","","","","","","","","","","",""
4862,2019-06-04T00:00:00,11:02:00,SEM VÍTIMA,FINALIZADA,BOA VISTA,RUA PRINCESA IZABEL,"","",PRÓXIMO AO SEMÁFORO 22,RUA PRINCESA IZABEL,"",PRÓXIMO AO SEMÁFORO 22,BOA VISTA,22,CIDADE,ABALROAMENTO LONGITUDINAL,COLISÃO S/VITIMAS ENTRE DOIS AUTOS,2,,,,,,,,,0,,Longo da via,Bom,Sem defeito,Perfeito estado,Seca,Perfeito estado,Não existe,Outras,"",Única,"","",""
4863,2019-06-04T00:00:00,11:17:00,SEM VÍTIMA,FINALIZADA,BONGI,AV ENGENHEIRO ABDIAS DE CARVALHO,899,"",SISTEMA CONTÁBIL,AV ENGENHEIRO ABDIAS DE CARVALHO,899,SISTEMA CONTÁBIL,BONGI,,CIDADE,ABALROAMENTO LONGITUDINAL,DUAS MOTOS,,2,,,,,,,,0,,Longo da via,Bom,Não existe,Perfeito estado,Seca,Perfeito estado,Outros,Outras,"",Dupla,Canteiro central,"",""
4864,2019-06-04T00:00:00,11:38:00,SEM VÍTIMA,FINALIZADA,AREIAS,RUA IPOJUCA,722,"","",RUA IPOJUCA,722,"",AREIAS,,"",ABALROAMENTO LONGITUDINAL,COLISÃO S/VITIMAS ENTRE AUTO E ONIBUS,1,,,,,1,,,,0,,Longo da via,Bom,Não existe,Perfeito estado,Seca,Perfeito estado,Não existe,Não há placas,"",Dupla,Não existe,"",""
4865,2019-06-04T00:00:00,12:49:00,SEM VÍTIMA,FINALIZADA,TORRÕES,RUA TIJUCAS,"",AV ENGENHEIRO ABDIAS DE CARVALHO,"",RUA TIJUCAS,"","",TORRÕES,422,"",ABALROAMENTO TRANSVERSAL,AUTO E MOTO SEM VITIMAS,1,1,,,,,,,,0,,Cruzamento,Bom,Sem defeito,Perfeito estado,Seca,Perfeito estado,Faixa de retenção,Não há placas,"",Dupla,Canteiro central,"",""
4866,2019-06-04T00:00:00,12:50:00,SEM VÍTIMA,FINALIZADA,BOA VIAGEM,AV ENGENHEIRO DOMINGOS FERREIRA,"","",EM FRENTE AO Nº 2600,AV ENGENHEIRO DOMINGOS FERREIRA,"",EM FRENTE AO Nº 2600,BOA VIAGEM,,SUBURBIO,COLISÃO TRASEIRA,COLISAO ENTRE DOIS AUTOS S/V,2,,,,,,,,,0,,Longo da via,Bom,Sem defeito,Perfeito estado,Seca,Perfeito estado,Não existe,Não há placas,"",Dupla,Faixa seccionada,"",""
4867,2019-06-04T00:00:00,12:58:00,SEM VÍTIMA,FINALIZADA,AFOGADOS,RUA NICOLAU PEREIRA,"","",EM FRENTE AO SEMÁFORO 73,RUA NICOLAU PEREIRA,"",EM FRENTE AO SEMÁFORO 73,AFOGADOS,73,SUBURBIO,ABALROAMENTO LONGITUDINAL,COLISAO ENTRE DOIS AUTOS S/V,2,,,,,,,,,0,,Longo da via,Bom,Sem defeito,Perfeito estado,Seca,Perfeito estado,Faixa de pedestre,Não há placas,"",Única,Faixa contínua,"",""
4868,2019-06-04T00:00:00,13:02:00,SEM VÍTIMA,FINALIZADA,BOA VISTA,AV VISCONDE DE SUASSUNA,"","","EM FRENTE A UPSEG SEGUROS, Nº 783",AV VISCONDE DE SUASSUNA,"","EM FRENTE A UPSEG SEGUROS, Nº 783",BOA VISTA,,SUBURBIO,ABALROAMENTO LONGITUDINAL,COLISAO ENTRE AUTO E MOTO S/V,1,1,,,,,,,,0,,Longo da via,Bom,Não existe,Perfeito estado,Seca,Perfeito estado,Não existe,Não há placas,40 km/h,Única,Faixa contínua,"",""
4869,2019-06-04T00:00:00,13:10:00,SEM VÍTIMA,CANCELADA,AREIAS,AV RECIFE,9456,"",E/F AO POSTO BR,AV RECIFE,9456,E/F AO POSTO BR,AREIAS,,CIDADE,COLISÃO,DOIS AUTO SEM VITIMAS,2,,,,,,,,,0,,"","","","","","","","","","","","",""
4870,2019-06-04T00:00:00,13:24:00,SEM VÍTIMA,FINALIZADA,SANTO AMARO,AV GOVERNADOR AGAMENON MAGALHAES,"","",SOB O VIADUTO DA AV NORTE,AV GOVERNADOR AGAMENON MAGALHAES,"",SOB O VIADUTO DA AV NORTE,SANTO AMARO,,"",ABALROAMENTO LONGITUDINAL,CAMINHÃO E AUTO SEM VITIMAS,1,,,,,,1,,,0,,Longo da via,Bom,Não existe,Perfeito estado,Seca,Perfeito estado,Não existe,Não há placas,"",Única,Não existe,"",""
4871,2019-06-04T00:00:00,13:46:00,SEM VÍTIMA,FINALIZADA,TAMARINEIRA,RUA CONEGO BARATA,"","",E/F A FERREIRA COSTA,RUA CONEGO BARATA,"",E/F A FERREIRA COSTA,TAMARINEIRA,,CIDADE,ABALROAMENTO LONGITUDINAL,DOIS AUTO SEM VITIMAS,2,,,,,,,,,0,,Longo da via,Bom,Não existe,Perfeito estado,Seca,Perfeito estado,Não existe,Outras,"",Dupla,Canteiro central,"",""