_id,DATA,hora,natureza_acidente,situacao,bairro,endereco,numero,detalhe_endereco_acidente,complemento,endereco_cruzamento,numero_cruzamento,referencia_cruzamento,bairro_cruzamento,num_semaforo,sentido_via,tipo,descricao,auto,moto,ciclom,ciclista,pedestre,onibus,caminhao,viatura,outros,vitimas,vitimasfatais,acidente_verificado,tempo_clima,situacao_semaforo,sinalizacao,condicao_via,conservacao_via,ponto_controle,situacao_placa,velocidade_max_via,mao_direcao,divisao_via1,divisao_via2,divisao_via3
4872,2019-06-04T00:00:00,14:13:00,SEM VÍTIMA,CANCELADA,GRAÇAS,AV RUI BARBOSA,"","",E/F A AUTO PARVI E CHEVROLET,AV RUI BARBOSA,"",E/F A AUTO PARVI E CHEVROLET,GRAÇAS,,"",COLISÃO,ENTRE 2 AUTOS. S/V,2,,,,,,,,,0,,"","","","","","","","","","","","",""
4873,2019-06-04T00:00:00,14:41:00,SEM VÍTIMA,FINALIZADA,PRADO,RUA GOMES TABORDA,"","",LADO OPOSTO AO COLEGIO CARLOS ALBERTO G ALMEIDA,RUA GOMES TABORDA,"",LADO OPOSTO AO COLEGIO CARLOS ALBERTO G ALMEIDA,PRADO,,CIDADE,ABALROAMENTO LONGITUDINAL,DOIS AUTO SEM VITIMAS,2,,,,,,,,,0,,Longo da via,Bom,Não existe,Perfeito estado,Seca,Perfeito estado,Faixa de pedestre,"","",Dupla,Faixa contínua,"",""
4874,2019-06-04T00:00:00,14:47:00,SEM VÍTIMA,FINALIZADA,ILHA DO LEITE,AV GOVERNADOR AGAMENON MAGALHAES,"","",HOSPITAL PORTUGUES,AV GOVERNADOR AGAMENON MAGALHAES,"",HOSPITAL PORTUGUES,ILHA DO LEITE,349,SUBURBIO,COLISÃO TRASEIRA,COLISAO ENTRE DOIS AUTOS S/V,2,,,,,,,,,0,,Longo da via,Bom,Sem defeito,Perfeito estado,Seca,Perfeito estado,Faixa de pedestre,Não há placas,60 km/h,Dupla,Canteiro central,"",""
4875,2019-06-04T00:00:00,14:58:00,SEM VÍTIMA,CANCELADA,IPSEP,RUA JEAN EMILE FAVRE,1676,"",E/F A DELTA AUTO PEÇAS,RUA JEAN EMILE FAVRE,1676,E/F A DELTA AUTO PEÇAS,IPSEP,,"",COLISÃO,ENTRE 2 AUTOS. S/V,2,,,,,,,,,0,,"","","","","","","","","","","","",""
4876,2019-06-04T00:00:00,15:22:00,SEM VÍTIMA,FINALIZADA,SÃO JOSÉ,AV DANTAS BARRETO,"","",E/F AO SANTANDER,AV DANTAS BARRETO,"",E/F AO SANTANDER,SÃO JOSÉ,,CIDADE,COLISÃO TRASEIRA,DOIS AUTO SEM VITIMAS,2,,,,,,,,,0,,Longo da via,Bom,Não existe,Perfeito estado,Seca,Perfeito estado,"",Não há placas,"",Dupla,Canteiro central,"",""
4877,2019-06-04T00:00:00,15:35:00,SEM VÍTIMA,FINALIZADA,DERBY,AV GOVERNADOR AGAMENON MAGALHAES,"",RUA DOM BOSCO,"",AV GOVERNADOR AGAMENON MAGALHAES,"","",DERBY,174,"",ABALROAMENTO LONGITUDINAL,AUTO E ONIBUS,1,,,,,1,,,,0,,Cruzamento,Bom,Sem defeito,Perfeito estado,Seca,Perfeito estado,"","",60 km/h,Dupla,Canteiro central,"",""
4878,2019-06-04T00:00:00,15:51:00,SEM VÍTIMA,FINALIZADA,SANTO ANTÔNIO,RUA DO SOL,"","",APÓS OS CORREIOS,RUA DO SOL,"",APÓS OS CORREIOS,SANTO ANTÔNIO,,SUBURBIO,COLISÃO TRASEIRA,DOIS AUTO SEM VITIMAS,2,,,,,,,,,0,,Longo da via,Bom,Não existe,Perfeito estado,Seca,Perfeito estado,Não existe,Não há placas,"",Única,Faixa contínua,"",""
4879,2019-06-04T00:00:00,15:52:00,SEM VÍTIMA,FINALIZADA,CASA FORTE,"EST DAS UBAIAS,",255,EST DO ENCANAMENTO,"","EST DAS UBAIAS,",255,"",CASA FORTE,593,SUBURBIO,COLISÃO TRASEIRA,COLISAO ENTRE DOIS AUTOS S/V,2,,,,,,,,,0,,Longo da via,Bom,Sem defeito,Perfeito estado,Seca,Perfeito estado,Faixa de pedestre,R-6a,"",Dupla,Não existe,"",""
4880,2019-06-04T00:00:00,16:18:00,SEM VÍTIMA,FINALIZADA,SÃO JOSÉ,AV SUL,260,"","",AV SUL,260,"",SÃO JOSÉ,,CIDADE,COLISÃO TRASEIRA,ENTRE 2 AUTOS. S/V,2,,,,,,,,,0,,Longo da via,Bom,Sem defeito,Perfeito estado,Seca,Perfeito estado,Não existe,Não há placas,"",Única,Faixa seccionada,"",""
4881,2019-06-04T00:00:00,16:40:00,COM VÍTIMA,FINALIZADA,ESPINHEIRO,AV GOVERNADOR AGAMENON MAGALHAES,2764,RUA BUENOS AYRES,PISTA PRINCIPAL,AV GOVERNADOR AGAMENON MAGALHAES,2764,PISTA PRINCIPAL,ESPINHEIRO,78,SUBURBIO,COLISÃO COM CICLISTA,COLISÃO ENTRE AUTO E BICICLETA,,1,,1,,,,,,1,,Cruzamento,Bom,Sem defeito,Perfeito estado,Seca,Perfeito estado,Faixa de pedestre,Outras,"",Dupla,Canteiro central,"",""
4882,2019-06-04T00:00:00,16:51:00,SEM VÍTIMA,FINALIZADA,ESPINHEIRO,AV JOAO DE BARROS,"","",E/F AO POSTO BR,AV JOAO DE BARROS,"",E/F AO POSTO BR,ESPINHEIRO,,SUBURBIO,ABALROAMENTO LONGITUDINAL,ONIBUS E AUTO PASSEIO SEM VITIMAS,1,,,,,1,,,,0,,Longo da via,Bom,Não existe,Perfeito estado,Seca,Perfeito estado,Não existe,Não há placas,"",Única,Faixa seccionada,"",""
4883,2019-06-04T00:00:00,16:57:00,COM VÍTIMA,FINALIZADA,IBURA,RUA VALE DO ITAJAI,"","",EM FRENTE AO Nº 161,RUA VALE DO ITAJAI,"",EM FRENTE AO Nº 161,IBURA,,SUBURBIO,ATROPELAMENTO,ONIBUS E PEDESTRE,,,,,1,1,,,,1,,Longo da via,Bom,Não existe,Perfeito estado,Seca,Perfeito estado,Não existe,Não há placas,"",Dupla,Não existe,"",""
4884,2019-06-04T00:00:00,17:08:00,SEM VÍTIMA,FINALIZADA,SÃO JOSÉ,AV SUL,1222,"","",AV SUL,1222,"",SÃO JOSÉ,,CIDADE,ABALROAMENTO LONGITUDINAL,ENTRE 2 AUTOS. S/V,2,,,,,,,,,0,,Longo da via,Bom,Não existe,"",Seca,Perfeito estado,Não existe,Não há placas,60 km/h,Dupla,Canteiro central,"",""
4885,2019-06-04T00:00:00,17:20:00,SEM VÍTIMA,FINALIZADA,PRADO,AV ENGENHEIRO ABDIAS DE CARVALHO,"","",E/F A FACULDADE ESTACIO,AV ENGENHEIRO ABDIAS DE CARVALHO,"",E/F A FACULDADE ESTACIO,PRADO,,SUBURBIO,ABALROAMENTO LONGITUDINAL,COLISAO ENTRE CAMINHAO CEGONHA E AUTO S/V,1,,,,,,1,,,0,,Longo da via,Bom,Sem defeito,Perfeito estado,Seca,Perfeito estado,Não existe,R-6a,"",Dupla,Faixa seccionada,Canteiro central,""
4886,2019-06-04T00:00:00,17:36:00,SEM VÍTIMA,FINALIZADA,ESPINHEIRO,RUA DO ESPINHEIRO,462,RUA SANTO ELIAS,E/F AO POSTO IPIRANGA,RUA DO ESPINHEIRO,462,E/F AO POSTO IPIRANGA,ESPINHEIRO,,SUBURBIO,ABALROAMENTO LONGITUDINAL,ENTRE 2 AUTOS. S/V,2,,,,,,,,,0,,Cruzamento,Bom,Não existe,Perfeito estado,Seca,Perfeito estado,Faixa de pedestre,Outras,"",Única,Faixa contínua,"",""
4887,2019-06-04T00:00:00,17:39:00,COM VÍTIMA,FINALIZADA,ÁGUA FRIA,RUA SAO SEBASTIAO,270,"",COLEGIO FUTURO,RUA SAO SEBASTIAO,270,COLEGIO FUTURO,ÁGUA FRIA,,SUBURBIO,ABALROAMENTO LONGITUDINAL,ENTRE AUTO E MOTO. C/V,1,1,,,,,,,,1,,Longo da via,Bom,"","",Seca,Perfeito estado,Não existe,Não há placas,"",Dupla,Faixa seccionada,"",""
4888,2019-06-04T00:00:00,18:02:00,SEM VÍTIMA,FINALIZADA,SANTO AMARO,AV CRUZ CABUGA,481,"","",AV CRUZ CABUGA,481,"",SANTO AMARO,,SUBURBIO,CHOQUE OBJETO FIXO,ENTRE AUTO E PRISMA DE CONCRETO. S/V,1,,,,,,,,,0,,Longo da via,Bom,Não existe,Perfeito estado,Seca,Mal iluminada,Não existe,Não há placas,"",Dupla,Blocos,"",""
4889,2019-06-04T00:00:00,18:14:00,SEM VÍTIMA,FINALIZADA,IMBIRIBEIRA,AV MARECHAL MASCARENHAS DE MORAES,"",RUA CAPITAO JOAO PONTES,SEMÁFORO 471,AV MARECHAL MASCARENHAS DE MORAES,"",SEMÁFORO 471,IMBIRIBEIRA,471,CIDADE,ABALROAMENTO LONGITUDINAL,AUTO X CAMINHAO,1,,,,,,1,,,0,,Longo da via,Bom,"",Perfeito estado,Seca,Perfeito estado,Faixa de pedestre,"",60 km/h,Dupla,Faixa contínua,Faixa seccionada,""
4890,2019-06-04T00:00:00,19:59:00,SEM VÍTIMA,FINALIZADA,BARRO,AV DR JOSE RUFINO,46,"",SERRALHARIA GUEDE,AV DR JOSE RUFINO,46,SERRALHARIA GUEDE,BARRO,,SUBURBIO,ABALROAMENTO LONGITUDINAL,ENTRE AUTO E ÕNIBUS. S/V,1,,,,,1,,,,0,,Cruzamento,Bom,Não existe,Incompleta,Seca,Mal iluminada,"",R-6a,60 km/h,Dupla,Não existe,"",""
4891,2019-06-04T00:00:00,20:11:00,SEM VÍTIMA,FINALIZADA,BOA VIAGEM,RUA ANTONIO FALCAO,"","",EM FRENTE AO CARREFOUR,RUA ANTONIO FALCAO,"",EM FRENTE AO CARREFOUR,BOA VIAGEM,,SUBURBIO,COLISÃO TRASEIRA,MOTO X FOX,1,1,,,,,,,,0,,Longo da via,Bom,Sem defeito,Perfeito estado,Seca,Perfeito estado,Outros,Outras,"",Única,Faixa contínua,"",""
4892,2019-06-04T00:00:00,20:23:00,SEM VÍTIMA,FINALIZADA,DERBY,AV GOVERNADOR AGAMENON MAGALHAES,"","","",AV GOVERNADOR AGAMENON MAGALHAES,"","",DERBY,174,SUBURBIO,ABALROAMENTO LONGITUDINAL,ENTRE 2 AUTOS. S/V,2,,,,,,,,,0,,Longo da via,Bom,Sem defeito,Perfeito estado,Seca,Perfeito estado,Faixa de pedestre,Outras,60 km/h,Dupla,Canal,"",""
4893,2019-06-04T00:00:00,20:39:00,SEM VÍTIMA,FINALIZADA,LINHA DO TIRO,RUA SODRELANDIA,50,"","",RUA SODRELANDIA,50,"",LINHA DO TIRO,,CIDADE,ABALROAMENTO LONGITUDINAL,ENTRE AUTO E CAMINHÃO. S/V,1,,,,,,1,,,0,,Longo da via,Bom,Não existe,Não existente,Seca,Mal conservada,Não existe,Não há placas,"",Dupla,Não existe,"",""
4894,2019-06-04T00:00:00,21:37:00,COM VÍTIMA,FINALIZADA,TEJIPIÓ,AV DR JOSE RUFINO,"","",E/F AO QUARTEL 4º BCOM,AV DR JOSE RUFINO,"",E/F AO QUARTEL 4º BCOM,TEJIPIÓ,3220,CIDADE,CHOQUE OBJETO FIXO,CONDUTOR PERDEU O CONTROLE DO VEÍCULO E OCASIONOU UM CHOQUE ENTRE O POSTE. SOLICITAM O ATENDIMENTO DA CTTU NO LOCAL,1,,,,,,,,,1,,Longo da via,Bom,Sem defeito,Perfeito estado,Seca,Perfeito estado,Outros,Outras,"",Dupla,Faixa contínua,"",""
4895,2019-06-04T00:00:00,22:00:00,SEM VÍTIMA,FINALIZADA,PINA,AVENIDA CELSO FURTADO (VIA MANGUE),"","","",AVENIDA CELSO FURTADO (VIA MANGUE),"","",PINA,,SUBURBIO,ABALROAMENTO LONGITUDINAL,FOX X ONIX,2,,,,,,,,,0,,Longo da via,Bom,Não existe,Perfeito estado,Seca,Perfeito estado,Não existe,"",60 km/h,Dupla,Canteiro central,"",""
4896,2019-06-05T00:00:00,00:50:00,SEM VÍTIMA,FINALIZADA,MACAXEIRA,AV DA RECUPERACAO,"","",CENTRO DE DISTRIBUIÇÃO DA COMPESA,AV DA RECUPERACAO,"",CENTRO DE DISTRIBUIÇÃO DA COMPESA,MACAXEIRA,,CIDADE,COLISÃO TRASEIRA,"COLISÃO ENTRE ÔNIBUS E AUTO, SEM VÍTIMAS.",1,,,,,1,,,,0,,Longo da via,Bom,Não existe,Não existente,Seca,Perfeito estado,Não existe,Não há placas,"",Única,Não existe,"",""
4897,2019-06-05T00:00:00,07:00:00,SEM VÍTIMA,FINALIZADA,CORDEIRO,EST DO FORTE DO ARRAIAL N. DO B. JESUS,325,RUA ALAIDE,"",EST DO FORTE DO ARRAIAL N. DO B. JESUS,325,"",CORDEIRO,,CIDADE,ABALROAMENTO LONGITUDINAL,SEM VITIMAS,2,,,,,,,,,0,,Cruzamento,Chuvoso,Não existe,Incompleta,Molhada,Perfeito estado,Não existe,Placas Pare,"",Dupla,Não existe,"",""
4898,2019-06-05T00:00:00,07:46:00,COM VÍTIMA,FINALIZADA,SÃO JOSÉ,CAIS DO APOLO,925,"",PRÓX AO PRÉDIO DA PREFEITURA DO RECIFE,CAIS DO APOLO,925,PRÓX AO PRÉDIO DA PREFEITURA DO RECIFE,SÃO JOSÉ,436,SUBURBIO,COLISÃO TRASEIRA,COLISÃO EM SEGUIDA DE ATROPELAMENTO VITIMA A ESPERA DO SAMU,1,1,,,,1,,,,1,,Longo da via,Chuvoso,Sem defeito,Perfeito estado,Molhada,Perfeito estado,Faixa de pedestre,"","",Dupla,"","",""
4899,2019-06-05T00:00:00,08:27:00,COM VÍTIMA,FINALIZADA,MADALENA,EST DOS REMEDIOS,"","",EM FRENTE AO POSTO DE COMBUSTÍVEL EXTRA,EST DOS REMEDIOS,"",EM FRENTE AO POSTO DE COMBUSTÍVEL EXTRA,MADALENA,,"",COLISÃO TRASEIRA,INFORMAÇÃO REPASSDA QUE A MOTOCICLETA EVADIU-SE DO LOCAL E O MESMO NÃO PEGOU O NOME DO PÉRITO,,1,,,,,,,,1,,Longo da via,Chuvoso,Sem defeito,Não existente,Molhada,"",Agente,Não há placas,"",Única,"","",""
4900,2019-06-05T00:00:00,08:40:00,SEM VÍTIMA,FINALIZADA,PAISSANDU,AV GOVERNADOR AGAMENON MAGALHAES,"","",EM FRENTE AO HOSPITAL PORTUGUES,AV GOVERNADOR AGAMENON MAGALHAES,"",EM FRENTE AO HOSPITAL PORTUGUES,PAISSANDU,,SUBURBIO,COLISÃO TRASEIRA,COLISÃO SEM VITIMAS VT 30 QTH,1,,,,,,,,1,0,,Longo da via,Chuvoso,Não existe,Perfeito estado,Molhada,Perfeito estado,Não existe,Não há placas,"",Dupla,Faixa seccionada,"",""
4901,2019-06-05T00:00:00,09:02:00,SEM VÍTIMA,FINALIZADA,AFOGADOS,RUA COSME VIANA,"",TRV PADRE TEOFILO TWORZ,"",RUA COSME VIANA,"","",AFOGADOS,503,SUBURBIO,ABALROAMENTO TRANSVERSAL,DOIS AUTOS,2,,,,,,,,,0,,Cruzamento,Bom,Sem defeito,Perfeito estado,Seca,Perfeito estado,Faixa de pedestre,Não há placas,"",Dupla,Faixa contínua,Canteiro central,""
4902,2019-06-05T00:00:00,09:08:00,SEM VÍTIMA,FINALIZADA,TORRÕES,RUA QUINZE DE MARCO,"","",CHESF ( PRAÇA APOLONIO SALES),RUA QUINZE DE MARCO,"",CHESF ( PRAÇA APOLONIO SALES),TORRÕES,422,CIDADE,ABALROAMENTO LONGITUDINAL,SEM VITIMAS,1,,,,,,1,,,0,,Longo da via,Bom,Sem defeito,Perfeito estado,Seca,Perfeito estado,Não existe,Não há placas,"",Única,Não existe,"",""
4903,2019-06-05T00:00:00,09:15:00,SEM VÍTIMA,FINALIZADA,MUSTARDINHA,AV MANOEL GONCALVES DA LUZ,"","","",AV MANOEL GONCALVES DA LUZ,"","",MUSTARDINHA,,CIDADE,ABALROAMENTO LONGITUDINAL,MOTO E AUTO,1,,,,,,,,1,0,,Longo da via,Bom,Sem defeito,Perfeito estado,Seca,"",Não existe,R-6a,"",Dupla,Faixa seccionada,"",""
4904,2019-06-05T00:00:00,09:21:00,SEM VÍTIMA,DUPLICIDADE,CASA FORTE,AV DEZESSETE DE AGOSTO,"",RUA MARECHAL RONDON,"",AV DEZESSETE DE AGOSTO,"","",CASA FORTE,,"",COLISÃO,"",,,,,,,,,,0,,"","","","","","","","","","","","",""
4905,2019-06-05T00:00:00,09:24:00,SEM VÍTIMA,FINALIZADA,CASA FORTE,AV DEZESSETE DE AGOSTO,1450,RUA MARECHAL RONDON,LADO OPOSTO CNA INGLÊS DEFINITIVO,AV DEZESSETE DE AGOSTO,1450,LADO OPOSTO CNA INGLÊS DEFINITIVO,CASA FORTE,,SUBURBIO,ABALROAMENTO TRANSVERSAL,COLISÃO SEM VITIMAS,2,,,,,,,,,0,,Longo da via,Bom,Não existe,Perfeito estado,Seca,Perfeito estado,Outros,R-6a,"",Dupla,Faixa seccionada,"",""
4906,2019-06-05T00:00:00,09:41:00,SEM VÍTIMA,FINALIZADA,BOA VIAGEM,AV ENGENHEIRO DOMINGOS FERREIRA,"",RUA CORONEL BENEDITO CHAVES,"",AV ENGENHEIRO DOMINGOS FERREIRA,"","",BOA VIAGEM,128,SUBURBIO,ABALROAMENTO LONGITUDINAL,COLISÃO SEM VITIMAS,2,,,,,,,,,0,,Cruzamento,Bom,Sem defeito,Perfeito estado,Seca,Perfeito estado,Faixa de pedestre,"",50 km/h,Dupla,Canteiro central,"",""
4907,2019-06-05T00:00:00,09:54:00,SEM VÍTIMA,FINALIZADA,SAN MARTIN,AV ENGENHEIRO ABDIAS DE CARVALHO,"","",APÓS O SEMÁFORO COMPAZ,AV ENGENHEIRO ABDIAS DE CARVALHO,"",APÓS O SEMÁFORO COMPAZ,SAN MARTIN,58,SUBURBIO,ABALROAMENTO TRANSVERSAL,DOIS AUTOS,2,,,,,,,,,0,,Longo da via,Bom,Sem defeito,Perfeito estado,Seca,Perfeito estado,Outros,Outras,60 km/h,"",Faixa seccionada,"",""
4908,2019-06-05T00:00:00,09:57:00,SEM VÍTIMA,FINALIZADA,ESPINHEIRO,RUA DR VICENTE MEIRA,"",RUA VIGARIO BARRETO,AO LADO DA GALERIA ESQUINA 28,RUA DR VICENTE MEIRA,"",AO LADO DA GALERIA ESQUINA 28,ESPINHEIRO,,SUBURBIO,ABALROAMENTO LONGITUDINAL,COLISÃO SEM VITIMAS,2,,,,,,,,,0,,"",Bom,Sem defeito,Perfeito estado,Seca,Perfeito estado,Faixa de pedestre,R-6a,20 km/h,Dupla,Faixa seccionada,"",""
4909,2019-06-05T00:00:00,10:48:00,SEM VÍTIMA,FINALIZADA,IMBIRIBEIRA,AV MARECHAL MASCARENHAS DE MORAES,7935,RUA PROF AURELIO DE CASTRO CAVALCANTI,MARTELINHO DE OURO,AV MARECHAL MASCARENHAS DE MORAES,7935,MARTELINHO DE OURO,IMBIRIBEIRA,626,CIDADE,COLISÃO TRASEIRA,DOIS AUTOS,2,,,,,,,,,0,,Longo da via,Bom,Sem defeito,Perfeito estado,Seca,Perfeito estado,Faixa de pedestre,Não há placas,60 km/h,Dupla,Canteiro central,"",""
4910,2019-06-05T00:00:00,11:27:00,SEM VÍTIMA,FINALIZADA,ILHA DO LEITE,RUA GENERAL JOAQUIM INACIO,4575,"",PRÓXIMO AO BANCO SAFRA,RUA GENERAL JOAQUIM INACIO,4575,PRÓXIMO AO BANCO SAFRA,ILHA DO LEITE,,SUBURBIO,COLISÃO TRASEIRA,DOIS AUTOS,2,,,,,,,,,0,,Longo da via,Bom,Não existe,Não existente,Seca,Perfeito estado,Não existe,Não há placas,60 km/h,Única,Faixa seccionada,"",""
4911,2019-06-05T00:00:00,11:36:00,SEM VÍTIMA,FINALIZADA,ILHA DO RETIRO,AV ENGENHEIRO ABDIAS DE CARVALHO,"",RUA JOAO ELISIO RAMOS,EM FRENTE AO ESTACIONAMENTO DO SPORT,AV ENGENHEIRO ABDIAS DE CARVALHO,"",EM FRENTE AO ESTACIONAMENTO DO SPORT,ILHA DO RETIRO,355,CIDADE,ABALROAMENTO LONGITUDINAL,DOIS AUTOS,2,,,,,,,,,0,,Longo da via,Bom,Sem defeito,Perfeito estado,Seca,Perfeito estado,Não existe,Não há placas,60 km/h,Única,Não existe,"",""
4912,2019-06-05T00:00:00,11:37:00,SEM VÍTIMA,FINALIZADA,BOA VIAGEM,AVENIDA CELSO FURTADO (VIA MANGUE),"",RUA ANTONIO FALCAO,"",AVENIDA CELSO FURTADO (VIA MANGUE),"","",BOA VIAGEM,648,"",ABALROAMENTO LONGITUDINAL,COLISÃO SEM VITIMAS,1,,,,,,1,,,0,,Cruzamento,Bom,Sem defeito,Perfeito estado,Seca,Perfeito estado,"",Outras,"",Única,Faixa seccionada,"",""
4913,2019-06-05T00:00:00,11:54:00,COM VÍTIMA,FINALIZADA,BARRO,AV DR JOSE RUFINO,1926,"","",AV DR JOSE RUFINO,1926,"",BARRO,,SUBURBIO,ABALROAMENTO LONGITUDINAL,COLISÃO COM VITIMA A ESPERA DO SAMU,1,2,,,,,,,,2,,Longo da via,Bom,Não existe,Não existente,Seca,Perfeito estado,Não existe,Não há placas,"",Dupla,Faixa contínua,"",""
4914,2019-06-05T00:00:00,12:35:00,SEM VÍTIMA,FINALIZADA,AFOGADOS,RUA DR ADELINO,160,"",SOB O SEMÁFORO,RUA DR ADELINO,160,SOB O SEMÁFORO,AFOGADOS,426,SUBURBIO,ABALROAMENTO LONGITUDINAL,COLISÃO SEM VITIMAS,2,,,,,,,,,0,,"",Bom,Sem defeito,Perfeito estado,Seca,Perfeito estado,Outros,Outras,"",Única,Não existe,"",""
4915,2019-06-05T00:00:00,12:41:00,SEM VÍTIMA,FINALIZADA,BOA VISTA,RUA DO HOSPICIO,"","",LOJAS AMERICANAS,RUA DO HOSPICIO,"",LOJAS AMERICANAS,BOA VISTA,,SUBURBIO,COLISÃO TRASEIRA,COLISÃO SEM VÍTIMA,2,,,,,,,,,0,,Longo da via,Chuvoso,Não existe,Perfeito estado,Molhada,Perfeito estado,Não existe,Outras,"",Única,Não existe,"",""
4916,2019-06-05T00:00:00,13:16:00,COM VÍTIMA,FINALIZADA,CASA AMARELA,RUA OSCAR DE BARROS,"",RUA XAVANTES,"",RUA OSCAR DE BARROS,"","",CASA AMARELA,,SUBURBIO,ABALROAMENTO TRANSVERSAL,CLISÃO C/VITIMAS ENTRE AUTO E MOTO,1,1,,,,,,,,1,,Cruzamento,Bom,Não existe,Ilegível,Seca,Perfeito estado,Não existe,Placas Pare,"",Dupla,Faixa contínua,"",""
4917,2019-06-05T00:00:00,13:57:00,SEM VÍTIMA,CANCELADA,BOA VISTA,RUA JOAQUIM DE BRITO,"",RUA DOM BOSCO,"",RUA JOAQUIM DE BRITO,"","",BOA VISTA,,"",COLISÃO,DOIS AUTOMÓVEIS,,,,,,,,,,0,,"","","","","","","","","","","","",""
4918,2019-06-05T00:00:00,13:58:00,SEM VÍTIMA,CANCELADA,BOA VIAGEM,AV DOM JOAO VI,"","",POR TRAS DO SHOPPING RECIFE BEIRA CANAL E/F AO MARLEINHO DE OURO PROX AO TUNEL S/T PIEDADE,AV DOM JOAO VI,"",POR TRAS DO SHOPPING RECIFE BEIRA CANAL E/F AO MARLEINHO DE OURO PROX AO TUNEL S/T PIEDADE,BOA VIAGEM,,"",COLISÃO,COLISAO ENTRE DOIS AUTOS S/V,2,,,,,,,,,0,,"","","","","","","","","","","","",""
4919,2019-06-05T00:00:00,14:25:00,SEM VÍTIMA,FINALIZADA,JARDIM SÃO PAULO,AV PIRACICABA,934,"",EM FRENTE AO POSTO DE SAÚDE PLANETA DOS MACACOS,AV PIRACICABA,934,EM FRENTE AO POSTO DE SAÚDE PLANETA DOS MACACOS,JARDIM SÃO PAULO,,"",COLISÃO,COLISÃO SEM VÍTIMA,,,,,,1,1,,,0,,"","","","","","","","","","","","",""
4920,2019-06-05T00:00:00,14:30:00,SEM VÍTIMA,FINALIZADA,BOA VISTA,RUA AURORA,"","",PONTE DE FERRO,RUA AURORA,"",PONTE DE FERRO,BOA VISTA,210,CIDADE,ABALROAMENTO LONGITUDINAL,COLISÃO SEM VÍTIMA,2,,,,,,,,,0,,Longo da via,Bom,Sem defeito,Perfeito estado,Seca,Perfeito estado,Faixa de pedestre,Não há placas,"",Única,Faixa contínua,Faixa seccionada,""
4921,2019-06-05T00:00:00,14:58:00,SEM VÍTIMA,FINALIZADA,TAMARINEIRA,AV CONS ROSA E SILVA,2063,"",NEO GASTRO,AV CONS ROSA E SILVA,2063,NEO GASTRO,TAMARINEIRA,253,SUBURBIO,ABALROAMENTO LONGITUDINAL,COLISÃO S/ VITIMAS ENTRE DOIS AUTOS,2,,,,,,,,,0,,Longo da via,Bom,Sem defeito,Perfeito estado,Seca,Perfeito estado,Não existe,R-6a,60 km/h,Única,Faixa seccionada,"",""
4922,2019-06-05T00:00:00,15:02:00,COM VÍTIMA,FINALIZADA,MADALENA,RUA REAL DA TORRE,"","",TUNEL DA ABOLIÇÃO,RUA REAL DA TORRE,"",TUNEL DA ABOLIÇÃO,MADALENA,,SUBURBIO,COLISÃO TRASEIRA,ENTRE TRES AUTOS,2,1,,,,,,,,1,,Viaduto,Bom,Não existe,Perfeito estado,Seca,Perfeito estado,Não existe,Não há placas,"",Única,Faixa contínua,"",""
4923,2019-06-05T00:00:00,15:11:00,SEM VÍTIMA,FINALIZADA,IMBIRIBEIRA,AV MARECHAL MASCARENHAS DE MORAES,"","",E/F A HYUNDAI,AV MARECHAL MASCARENHAS DE MORAES,"",E/F A HYUNDAI,IMBIRIBEIRA,,CIDADE,COLISÃO TRASEIRA,COLISAO ENTRE DOIS AUTOS S/V,2,,,,,,,,,0,,Longo da via,Bom,Não existe,Perfeito estado,Seca,Perfeito estado,Não existe,Não há placas,60 km/h,Única,Faixa contínua,"",""
4924,2019-06-05T00:00:00,15:15:00,COM VÍTIMA,CANCELADA,CAMPO GRANDE,EST DE BELEM,1462,"",EM FRENTE A LOJA MAISON MODA,EST DE BELEM,1462,EM FRENTE A LOJA MAISON MODA,CAMPO GRANDE,,"",COLISÃO,COLISÃO C/VITIMAS ENTREUM AUTO E MOTO,1,1,,,,,,,,1,,"","","","","","","","","","","","",""
4925,2019-06-05T00:00:00,15:24:00,SEM VÍTIMA,FINALIZADA,TAMARINEIRA,AV CONS ROSA E SILVA,2063,RUA DR JOSE MARIA,NEO GASTRO,AV CONS ROSA E SILVA,2063,NEO GASTRO,TAMARINEIRA,253,SUBURBIO,ABALROAMENTO LONGITUDINAL,COLISÃO SEM VÍTIMA,1,,,,,1,,,,0,,Cruzamento,Bom,Sem defeito,Perfeito estado,Seca,Perfeito estado,Faixa de pedestre,R-6a,60 km/h,Única,Faixa seccionada,"",""
4926,2019-06-05T00:00:00,15:46:00,SEM VÍTIMA,CANCELADA,SAN MARTIN,RUA QUINZE DE MARCO,"","",EM FRENTE A CHESF,RUA QUINZE DE MARCO,"",EM FRENTE A CHESF,SAN MARTIN,,"",COLISÃO,COLISÃO SEM VITIMA,2,,,,,,1,,,0,,"","","","","","","","","","","","",""
4927,2019-06-05T00:00:00,16:02:00,COM VÍTIMA,FINALIZADA,BARRO,AV DR JOSE RUFINO,"","",LADO OPOSTO A IGREJA PRESBITERINA DE AREIAS,AV DR JOSE RUFINO,"",LADO OPOSTO A IGREJA PRESBITERINA DE AREIAS,BARRO,,SUBURBIO,ABALROAMENTO LONGITUDINAL,AUTO X MOTO PEZ5610 . KLA2669,1,1,,,,,,,,1,,Longo da via,Bom,Sem defeito,Perfeito estado,Seca,Perfeito estado,Não existe,Outras,"",Dupla,Faixa seccionada,"",""