_id,DATA,hora,natureza_acidente,situacao,bairro,endereco,numero,detalhe_endereco_acidente,complemento,endereco_cruzamento,numero_cruzamento,referencia_cruzamento,bairro_cruzamento,num_semaforo,sentido_via,tipo,descricao,auto,moto,ciclom,ciclista,pedestre,onibus,caminhao,viatura,outros,vitimas,vitimasfatais,acidente_verificado,tempo_clima,situacao_semaforo,sinalizacao,condicao_via,conservacao_via,ponto_controle,situacao_placa,velocidade_max_via,mao_direcao,divisao_via1,divisao_via2,divisao_via3
4928,2019-06-05T00:00:00,17:01:00,SEM VÍTIMA,CANCELADA,CAMPO GRANDE,EST DE BELEM,S/N,"",EM FRENTE A PRAÇA DE DO CAMPO GRANDE,EST DE BELEM,S/N,EM FRENTE A PRAÇA DE DO CAMPO GRANDE,CAMPO GRANDE,458,"",COLISÃO,COLISÃO S/ VITIMAS ENTRE CAMINHÃO E AUTO,1,,,,,,1,,,0,,"","","","","","","","","","","","",""
4929,2019-06-05T00:00:00,17:11:00,SEM VÍTIMA,FINALIZADA,PRADO,AV ENGENHEIRO ABDIAS DE CARVALHO,"",RUA SANTA EDWIRGES,POSTO BR,AV ENGENHEIRO ABDIAS DE CARVALHO,"",POSTO BR,PRADO,354,SUBURBIO,ABALROAMENTO TRANSVERSAL,"",1,1,,,,,,,,0,,Cruzamento,Bom,Sem defeito,Perfeito estado,Seca,Perfeito estado,Faixa de pedestre,Outras,"",Dupla,Faixa contínua,Faixa seccionada,""
4930,2019-06-05T00:00:00,17:44:00,SEM VÍTIMA,FINALIZADA,ILHA DO LEITE,RUA BENFICA,98,"",AUTO ESCOLA UNIÃO,RUA BENFICA,98,AUTO ESCOLA UNIÃO,ILHA DO LEITE,,SUBURBIO,ABALROAMENTO LONGITUDINAL,COLISÃO SEM VÍTIMA,2,,,,,,,,,0,,Longo da via,Bom,Não existe,Perfeito estado,Seca,Perfeito estado,Não existe,Não há placas,"",Única,Não existe,"",""
4931,2019-06-05T00:00:00,18:03:00,COM VÍTIMA,FINALIZADA,IMBIRIBEIRA,AV MARECHAL MASCARENHAS DE MORAES,"","",UNIDAS SEMINOVOS,AV MARECHAL MASCARENHAS DE MORAES,"",UNIDAS SEMINOVOS,IMBIRIBEIRA,631,CIDADE,ATROPELAMENTO ANIMAL,MOTO COLIDIU COM UM CACHORRO NA VIA,,1,,,,,,,,1,,Longo da via,Bom,Sem defeito,Perfeito estado,Seca,Perfeito estado,Faixa de pedestre,R-6a,"",Dupla,Canteiro central,"",""
4932,2019-06-05T00:00:00,18:18:00,COM VÍTIMA,FINALIZADA,PRADO,RUA GOMES TABORDA,"",RUA DES ADOLFO CIRIACO,PRÓXIMO AO BAILE PERFUMADO,RUA GOMES TABORDA,"",PRÓXIMO AO BAILE PERFUMADO,PRADO,,SUBURBIO,ABALROAMENTO LONGITUDINAL,"DOIS AUTO COM VITIMAS, UM DOS AUTO COLIDIU COM UMA ARVORE QUE VEIO À CAIR",2,,,,,,,,,1,,Longo da via,Bom,Não existe,Perfeito estado,Seca,Perfeito estado,Não existe,Outras,"",Dupla,Faixa seccionada,"",""
4933,2019-06-05T00:00:00,18:19:00,SEM VÍTIMA,CANCELADA,CIDADE UNIVERSITÁRIA,AV PROFESSOR ARTUR DE SA,"","",AO LADO DO HOSPITAL DAS CLíNICAS/PRÓX A FEDERAL,AV PROFESSOR ARTUR DE SA,"",AO LADO DO HOSPITAL DAS CLíNICAS/PRÓX A FEDERAL,CIDADE UNIVERSITÁRIA,,"",COLISÃO,ENTRE 2 AUTOS. S/V,2,,,,,,,,,0,,"","","","","","","","","","","","",""
4934,2019-06-05T00:00:00,19:39:00,SEM VÍTIMA,FINALIZADA,ESPINHEIRO,AV CONS ROSA E SILVA,"",RUA CONS PORTELA,"",AV CONS ROSA E SILVA,"","",ESPINHEIRO,,SUBURBIO,ABALROAMENTO TRANSVERSAL,ENTRE 2 AUTOS. S/V,2,,,,,,,,,0,,Cruzamento,Bom,Sem defeito,Perfeito estado,Seca,Perfeito estado,Faixa de retenção,Outras,"",Única,Faixa contínua,"",""
4935,2019-06-05T00:00:00,19:57:00,SEM VÍTIMA,CANCELADA,APIPUCOS,AV DEZESSETE DE AGOSTO,1010,"",PRÓX AO 10 BATALHÃO DA 17 DE AGOSTO,AV DEZESSETE DE AGOSTO,1010,PRÓX AO 10 BATALHÃO DA 17 DE AGOSTO,APIPUCOS,,"",COLISÃO,ENTRE 2 AUTOS. S/V,2,,,,,,,,,0,,"","","","","","","","","","","","",""
4936,2019-06-05T00:00:00,20:15:00,COM VÍTIMA,FINALIZADA,IPSEP,RUA JEAN EMILE FAVRE,"","",LADO OPOSTO A FARMÁCIA DIARIAMENTE,RUA JEAN EMILE FAVRE,"",LADO OPOSTO A FARMÁCIA DIARIAMENTE,IPSEP,564,SUBURBIO,ATROPELAMENTO,MOTO E PEDESTRE,,1,,,1,,,,,1,,Longo da via,Bom,Sem defeito,Perfeito estado,Seca,Perfeito estado,Faixa de pedestre,Outras,"","",Faixa contínua,"",""
4937,2019-06-05T00:00:00,22:00:00,COM VÍTIMA,CANCELADA,ILHA DO RETIRO,RUA TABAIARES,"",EST DOS REMEDIOS,E/F A CAOA,RUA TABAIARES,"",E/F A CAOA,ILHA DO RETIRO,,"",COLISÃO,AUTO E MOTO COM VITIMAS,1,1,,,,,,,,1,,"","","","","","","","","","","","",""
4938,2019-06-06T00:00:00,06:28:00,COM VÍTIMA,FINALIZADA,BOA VISTA,AV CONDE DA BOA VISTA,1377,RUA GONCALVES MAIA,POSTO SHELL,AV CONDE DA BOA VISTA,1377,POSTO SHELL,BOA VISTA,299,CIDADE,ABALROAMENTO TRANSVERSAL,COM TRES VITIMAS SAMU NO LOCAL,1,,,,,1,,,,5,,Cruzamento,Bom,Sem defeito,Perfeito estado,Seca,Perfeito estado,Faixa de pedestre,"","",Dupla,Faixa,"",""
4939,2019-06-06T00:00:00,06:54:00,SEM VÍTIMA,CANCELADA,PRADO,AV ENGENHEIRO ABDIAS DE CARVALHO,"","",EM FRENTE A LOJA C O S AUTO PEÇAS,AV ENGENHEIRO ABDIAS DE CARVALHO,"",EM FRENTE A LOJA C O S AUTO PEÇAS,PRADO,,BR 232,COLISÃO,COLISÃO SEM VITIMAS,3,,,,,,,,,0,,"","","","","","","","","","","","",""
4940,2019-06-06T00:00:00,06:59:00,COM VÍTIMA,FINALIZADA,JORDÃO,AV MARIA IRENE,"",RUA TUPINANCY,BASE AÉREA DO RECIFE,AV MARIA IRENE,"",BASE AÉREA DO RECIFE,JORDÃO,,CIDADE,ABALROAMENTO LONGITUDINAL,"",1,1,,,,,,,,2,,Cruzamento,Bom,Não existe,Incompleta,Seca,Perfeito estado,Não existe,Não há placas,30 km/h,Dupla,Não existe,"",""
4941,2019-06-06T00:00:00,07:22:00,SEM VÍTIMA,FINALIZADA,ESTÂNCIA,AV RECIFE,5516,"","EM FRENTE A IMPERIAL EQUIPAMENTOS,SENTIDO BR 101",AV RECIFE,5516,"EM FRENTE A IMPERIAL EQUIPAMENTOS,SENTIDO BR 101",ESTÂNCIA,,"",COLISÃO,SEM VITIMAS,1,1,,,,,,,,0,,"","","","","","","","","","","","",""
4942,2019-06-06T00:00:00,07:31:00,SEM VÍTIMA,FINALIZADA,ESPINHEIRO,AV GOVERNADOR AGAMENON MAGALHAES,2864,"",AO LADO DO MEDICAL,AV GOVERNADOR AGAMENON MAGALHAES,2864,AO LADO DO MEDICAL,ESPINHEIRO,,"",COLISÃO TRASEIRA,DOIS AUTOS,1,1,,,,,,,,0,,Longo da via,Bom,Não existe,Perfeito estado,Seca,Perfeito estado,Não existe,Não há placas,60 km/h,Dupla,Canteiro central,"",""
4943,2019-06-06T00:00:00,07:31:00,SEM VÍTIMA,FINALIZADA,SÃO JOSÉ,RUA DA CONCORDIA,"",RUA MARQUES DO HERVAL,"",RUA DA CONCORDIA,"","",SÃO JOSÉ,,"",CHOQUE OBJETO FIXO,"",,,,,,,1,,,0,,Cruzamento,Bom,Não existe,Perfeito estado,Seca,Perfeito estado,Outros,Outras,"",Única,Não existe,"",""
4944,2019-06-06T00:00:00,08:24:00,SEM VÍTIMA,FINALIZADA,SANTO AMARO,PTE PRINCESA IZABEL,"","","",PTE PRINCESA IZABEL,"","",SANTO AMARO,22,SUBURBIO,COLISÃO TRASEIRA,TRES AUTOS,3,,,,,,,,,0,,Ponte,Bom,Sem defeito,Perfeito estado,Seca,Perfeito estado,Faixa de pedestre,Não há placas,"",Dupla,Faixa contínua,"",""
4945,2019-06-06T00:00:00,08:47:00,SEM VÍTIMA,FINALIZADA,BOA VIAGEM,AVENIDA CELSO FURTADO (VIA MANGUE),"","",APÓS O VIADUTO DA ANTONIO FALCÃO,AVENIDA CELSO FURTADO (VIA MANGUE),"",APÓS O VIADUTO DA ANTONIO FALCÃO,BOA VIAGEM,,"",CHOQUE OBJETO FIXO,"",0,,,,,,,,,0,,"","","","","","","","","","","","",""
4946,2019-06-06T00:00:00,08:57:00,SEM VÍTIMA,FINALIZADA,ILHA DO RETIRO,RUA SPORT CLUBE DO RECIFE,"","",EM FRENTE AO SPORT CLUBE DO RECIFE,RUA SPORT CLUBE DO RECIFE,"",EM FRENTE AO SPORT CLUBE DO RECIFE,ILHA DO RETIRO,,CIDADE,ABALROAMENTO LONGITUDINAL,"",1,,,,,,1,,,0,,Longo da via,Bom,Não existe,Perfeito estado,Seca,Perfeito estado,Não existe,R-6a,"",Dupla,Canteiro central,"",""
4947,2019-06-06T00:00:00,09:16:00,COM VÍTIMA,FINALIZADA,ÁGUA FRIA,AV BEBERIBE,1692,"",MERCADO DO ÓLEO,AV BEBERIBE,1692,MERCADO DO ÓLEO,ÁGUA FRIA,,CIDADE,ABALROAMENTO LONGITUDINAL,"COLISÃO COM VÍTIMA, ENVOLVENDO AUTO E MOTO.",1,1,,,,,,,,1,,Longo da via,Bom,Não existe,Perfeito estado,Seca,Perfeito estado,Não existe,R-6a,"",Dupla,Faixa contínua,"",""
4948,2019-06-06T00:00:00,09:40:00,SEM VÍTIMA,FINALIZADA,IPUTINGA,AV MAURICIO DE NASSAU,151,"",IMÓVEL DE Nº 151,AV MAURICIO DE NASSAU,151,IMÓVEL DE Nº 151,IPUTINGA,,CIDADE,ABALROAMENTO LONGITUDINAL,COLISÃO SEM VITIMAS,1,,,,,,1,,,0,,Longo da via,Bom,Não existe,Não existente,Seca,Perfeito estado,Não existe,Outras,"",Dupla,Não existe,"",""
4949,2019-06-06T00:00:00,09:52:00,SEM VÍTIMA,FINALIZADA,BOA VIAGEM,AV VINTE DE JANEIRO,496,"",EDF DIANA,AV VINTE DE JANEIRO,496,EDF DIANA,BOA VIAGEM,,CIDADE,ABALROAMENTO LONGITUDINAL,SEM VITIMAS,1,1,,,,,,,,0,,Longo da via,Bom,Não existe,Incompleta,Seca,Perfeito estado,Não existe,Não há placas,"",Dupla,Não existe,"",""
4950,2019-06-06T00:00:00,09:57:00,SEM VÍTIMA,FINALIZADA,PINA,RUA CARNEIRO PESSOA,92,"",IGREJA DO PINA,RUA CARNEIRO PESSOA,92,IGREJA DO PINA,PINA,,SUBURBIO,COLISÃO TRASEIRA,SEM VITIMAS,2,,,,,,,,,0,,Cruzamento,Bom,Não existe,Incompleta,Seca,Perfeito estado,Não existe,Não há placas,20 km/h,Única,Não existe,"",""
4951,2019-06-06T00:00:00,10:22:00,SEM VÍTIMA,FINALIZADA,BOA VIAGEM,AV ENGENHEIRO DOMINGOS FERREIRA,"","",EM FRENTE A SUDENE,AV ENGENHEIRO DOMINGOS FERREIRA,"",EM FRENTE A SUDENE,BOA VIAGEM,,SUBURBIO,ABALROAMENTO LONGITUDINAL,COLISÃO SEM VITIMAS,1,,,,,1,,,,0,,Longo da via,Bom,Não existe,Perfeito estado,Seca,Perfeito estado,Não existe,Outras,60 km/h,Única,Canteiro central,"",""
4952,2019-06-06T00:00:00,11:01:00,SEM VÍTIMA,CANCELADA,JORDÃO,AV MARIA IRENE,1672,"",AO LADO DA ESCOLA ECOVILE,AV MARIA IRENE,1672,AO LADO DA ESCOLA ECOVILE,JORDÃO,,"",COLISÃO,COLISÃO S/ VITIMAS ENTRE DOIS AUTOS,2,,,,,,,,,0,,"","","","","","","","","","","","",""
4953,2019-06-06T00:00:00,11:21:00,SEM VÍTIMA,FINALIZADA,PARNAMIRIM,RUA ANDRE CAVALCANTE,178,"","",RUA ANDRE CAVALCANTE,178,"",PARNAMIRIM,,CIDADE,ABALROAMENTO LONGITUDINAL,COLISÃO SEM VITIMAS,3,,,,,,,,,0,,Longo da via,Bom,Não existe,Perfeito estado,Seca,Perfeito estado,Não existe,Placas Pare,"",Única,Não existe,"",""
4954,2019-06-06T00:00:00,11:55:00,SEM VÍTIMA,CANCELADA,BOA VIAGEM,RUA PROFESSOR JOSE BRANDAO,130,"",AO LADO DA IGREJA JESUS CRISTO,RUA PROFESSOR JOSE BRANDAO,130,AO LADO DA IGREJA JESUS CRISTO,BOA VIAGEM,,"",COLISÃO,COLISÃO SEM VITIMAS,2,,,,,,,,,0,,"","","","","","","","","","","","",""
4955,2019-06-06T00:00:00,12:13:00,COM VÍTIMA,FINALIZADA,BOA VISTA,RUA JOSE DE ALENCAR,137,RUA BARAO DE SAO BORJA,"",RUA JOSE DE ALENCAR,137,"",BOA VISTA,,SUB/CID,ABALROAMENTO LONGITUDINAL,COLISÃO COM VÍTIMA,1,1,,,,,,,,1,,Cruzamento,Bom,Não existe,Perfeito estado,Seca,Perfeito estado,"",Placas Pare,30 km/h,Única,"","",""
4956,2019-06-06T00:00:00,12:48:00,SEM VÍTIMA,FINALIZADA,BOA VISTA,RUA JOSE DE ALENCAR,165,"","",RUA JOSE DE ALENCAR,165,"",BOA VISTA,,SUBURBIO,ABALROAMENTO LONGITUDINAL,COLISÃO COM VÍTIMA- APOIO A VT DO PROTOCOLO - ESPERA DO IC,2,,,,,,,,,0,,Longo da via,Bom,Não existe,Perfeito estado,Seca,Perfeito estado,Não existe,Outras,30 km/h,Única,Não existe,"",""
4957,2019-06-06T00:00:00,13:00:00,SEM VÍTIMA,FINALIZADA,BOA VISTA,RUA JOSE DE ALENCAR,"",RUA BARAO DE SAO BORJA,EM FRENTE AO HOTEL BOA VISTA,RUA JOSE DE ALENCAR,"",EM FRENTE AO HOTEL BOA VISTA,BOA VISTA,,"",COLISÃO,COLISÃO SEM VÍTIMA,2,,,,,,,,,0,,"","","","","","","","","","","","",""
4958,2019-06-06T00:00:00,13:16:00,COM VÍTIMA,FINALIZADA,ENCRUZILHADA,AV JOAO DE BARROS,"","",E/F FARMACIA DO TRABALHADOR,AV JOAO DE BARROS,"",E/F FARMACIA DO TRABALHADOR,ENCRUZILHADA,664,"",ATROPELAMENTO,MOTO E PEDESTRE COM VITIMAS,,1,,,1,,,,,2,,Longo da via,Bom,Sem defeito,Perfeito estado,Seca,Perfeito estado,Faixa de pedestre,"","",Única,"","",""
4959,2019-06-06T00:00:00,13:49:00,SEM VÍTIMA,FINALIZADA,BOA VIAGEM,AV DOM JOAO VI,"",RUA JOSE DA SILVA LUCENA,AO LADO DO GGE,AV DOM JOAO VI,"",AO LADO DO GGE,BOA VIAGEM,669,SUBURBIO,ABALROAMENTO LONGITUDINAL,COLISÃO SEM VÍTIMA,1,,,,,,,1,,0,,Outros,Bom,Sem defeito,Perfeito estado,Seca,Perfeito estado,Faixa de pedestre,Não há placas,50 km/h,Dupla,Canteiro central,"",""
4960,2019-06-06T00:00:00,13:54:00,SEM VÍTIMA,FINALIZADA,TORREÃO,RUA ANTONIO RANGEL,"",RUA MARECHAL DEODORO,ESQUINA DAS RUAS,RUA ANTONIO RANGEL,"",ESQUINA DAS RUAS,TORREÃO,,CIDADE,COLISÃO TRASEIRA,CAMINHÃO E AUTO PASSEIO SEM VITIMAS,1,,,,,,1,,,0,,"",Bom,Não existe,Incompleta,Seca,Perfeito estado,Faixa de retenção,Placas Pare,"",Única,Não existe,"",""
4961,2019-06-06T00:00:00,14:13:00,SEM VÍTIMA,FINALIZADA,SANTO AMARO,AV CRUZ CABUGA,"","",EM FRENTE AO HOSPITAL NAVAL,AV CRUZ CABUGA,"",EM FRENTE AO HOSPITAL NAVAL,SANTO AMARO,,CIDADE,COLISÃO TRASEIRA,"",2,,,,,,,,,0,,Longo da via,Bom,Não existe,Perfeito estado,Seca,Perfeito estado,Não existe,"","",Dupla,Faixa contínua,"",""
4962,2019-06-06T00:00:00,14:23:00,SEM VÍTIMA,FINALIZADA,PINA,AV ANTONIO DE GOES,62,"","",AV ANTONIO DE GOES,62,"",PINA,,CIDADE,COLISÃO TRASEIRA,ENGAVETAMENTO DE QUATRO AUTO S/V,3,,,,,,,,,0,,Longo da via,Bom,Não existe,"",Seca,Perfeito estado,Não existe,Não há placas,"",Única,Faixa seccionada,"",""
4963,2019-06-06T00:00:00,14:35:00,SEM VÍTIMA,FINALIZADA,IPSEP,AV SENADOR ROBERT KENNEDY,644,"",EM FRENTE A GABI FARMA,AV SENADOR ROBERT KENNEDY,644,EM FRENTE A GABI FARMA,IPSEP,,"",COLISÃO,COLISÃO SEM VÍTIMA,2,,,,,,,,,0,,"","","","","","","","","","","","",""
4964,2019-06-06T00:00:00,15:31:00,COM VÍTIMA,FINALIZADA,CASA FORTE,AV DEZESSETE DE AGOSTO,"","EST DAS UBAIAS,","",AV DEZESSETE DE AGOSTO,"","",CASA FORTE,169,SUBURBIO,ABALROAMENTO TRANSVERSAL,COLISÃO COM VÍTIMA,1,1,,,,,,,,1,,Cruzamento,Bom,Sem defeito,Perfeito estado,Seca,Perfeito estado,Faixa de pedestre,R-6a,"",Dupla,Faixa contínua,"",""
4965,2019-06-06T00:00:00,15:49:00,SEM VÍTIMA,FINALIZADA,BAIRRO DO RECIFE,RUA DO HOSPICIO,"",AV CONDE DA BOA VISTA,SEMÁFORO 23,RUA DO HOSPICIO,"",SEMÁFORO 23,BAIRRO DO RECIFE,23,CIDADE,ABALROAMENTO LONGITUDINAL,COLISAO ENTRE DOIS AUTOS S/V,1,,,,,1,,,,0,,Cruzamento,Bom,Sem defeito,Perfeito estado,Seca,Perfeito estado,Faixa de pedestre,Outras,40 km/h,Única,Não existe,"",""
4966,2019-06-06T00:00:00,15:55:00,SEM VÍTIMA,CANCELADA,ILHA DO LEITE,RUA FRANCISCO ALVES,325,"",ANTES DO HOSPITAL ESPERANÇA,RUA FRANCISCO ALVES,325,ANTES DO HOSPITAL ESPERANÇA,ILHA DO LEITE,,"",COLISÃO,AUTO E MOTO SEM VITIMAS,1,1,,,,,,,,0,,"","","","","","","","","","","","",""
4967,2019-06-06T00:00:00,15:58:00,SEM VÍTIMA,FINALIZADA,BOA VIAGEM,RUA DR VICENTE GOMES,20,"","",RUA DR VICENTE GOMES,20,"",BOA VIAGEM,,CIDADE,COLISÃO TRASEIRA,COLISAO ENTRE DOIS AUTOS S/V,2,,,,,,,,,0,,Longo da via,Bom,Não existe,Perfeito estado,Seca,Perfeito estado,Não existe,Não há placas,"",Única,Faixa seccionada,"",""
4968,2019-06-06T00:00:00,16:09:00,SEM VÍTIMA,FINALIZADA,SÃO JOSÉ,PRC FREI CANECA,"","",EM FRENTE AO TRE,PRC FREI CANECA,"",EM FRENTE AO TRE,SÃO JOSÉ,,CIDADE,ABALROAMENTO LONGITUDINAL,COLISÃO SEM VÍTIMA,1,,,,,1,,,,0,,Longo da via,Bom,Não existe,Não existente,Seca,Mal iluminada,Não existe,Outras,"",Única,Não existe,"",""
4969,2019-06-06T00:00:00,16:21:00,SEM VÍTIMA,CANCELADA,CASA FORTE,RUA DR JOAO SANTOS FILHO,"","",ENTRE O PLAZA SHOPPING EO WALMART,RUA DR JOAO SANTOS FILHO,"",ENTRE O PLAZA SHOPPING EO WALMART,CASA FORTE,,"",COLISÃO,COLISAO ENTRE DOIS AUTOS S/V,2,,,,,,,,,0,,"","","","","","","","","","","","",""
4970,2019-06-06T00:00:00,16:26:00,SEM VÍTIMA,CANCELADA,CASA AMARELA,RUA ARMANDO GAIOSO,57,"",POR TRAS DO MERCADO ATACAREJO,RUA ARMANDO GAIOSO,57,POR TRAS DO MERCADO ATACAREJO,CASA AMARELA,,"",COLISÃO,COLISÃO SEM VÍTIMA,1,,,,,,1,,,0,,"","","","","","","","","","","","",""
4971,2019-06-06T00:00:00,16:58:00,COM VÍTIMA,FINALIZADA,IPSEP,RUA HELIO BRANDAO,135,RUA ADERBAL DE MELO,E/F AO CHAMBARIL DO JOÃO,RUA HELIO BRANDAO,135,E/F AO CHAMBARIL DO JOÃO,IPSEP,,CIDADE,ABALROAMENTO TRANSVERSAL,TRES AUTO SEM VITIMAS,3,,,,,,,,,1,,Cruzamento,Bom,Não existe,Incompleta,Seca,Perfeito estado,Não existe,Não há placas,"",Única,Não existe,"",""
4972,2019-06-06T00:00:00,17:32:00,SEM VÍTIMA,FINALIZADA,CASA AMARELA,AV NORTE,1100,AV PROFESSOR JOSE DOS ANJOS,E/F AO SESC,AV NORTE,1100,E/F AO SESC,CASA AMARELA,364,SUBURBIO,ABALROAMENTO LONGITUDINAL,"",1,,,,,1,,,,0,,Longo da via,Bom,Sem defeito,Perfeito estado,Seca,Perfeito estado,Faixa de pedestre,Placas Pare,"",Dupla,Canteiro central,"",""
4973,2019-06-06T00:00:00,17:56:00,COM VÍTIMA,FINALIZADA,IMBIRIBEIRA,RUA ITACARI,299,RUA ITAJAI,AO LADO BANCO ITAU,RUA ITACARI,299,AO LADO BANCO ITAU,IMBIRIBEIRA,,SUBURBIO,ABALROAMENTO TRANSVERSAL,AUTO E MOTO COM VITIMAS,1,1,,,,,,,,1,,Longo da via,Bom,Não existe,Perfeito estado,Seca,Perfeito estado,Não existe,Não há placas,"",Dupla,Não existe,"",""
4974,2019-06-06T00:00:00,18:32:00,COM VÍTIMA,FINALIZADA,CAMPO GRANDE,RUA JERONIMO VILELA,"","","",RUA JERONIMO VILELA,"","",CAMPO GRANDE,,"",ABALROAMENTO TRANSVERSAL,MOTO X PALIO,1,1,,,,,,,,1,,Longo da via,Bom,Não existe,Perfeito estado,Seca,Perfeito estado,Não existe,Outras,"",Dupla,Faixa seccionada,"",""
4975,2019-06-06T00:00:00,19:40:00,SEM VÍTIMA,CANCELADA,DOIS UNIDOS,AV HILDEBRANDO DE VASCONCELOS,"","",NO TERMINAL DE ONIBUS DOIS UNIDOS/CIDADE,AV HILDEBRANDO DE VASCONCELOS,"",NO TERMINAL DE ONIBUS DOIS UNIDOS/CIDADE,DOIS UNIDOS,,"",COLISÃO,ONIBUS E AUTO SEM VITIMAS,1,,,,,1,,,,0,,"","","","","","","","","","","","",""
4976,2019-06-06T00:00:00,22:21:00,SEM VÍTIMA,FINALIZADA,CABANGA,AV SUL,"",RUA NOVA DA CABANGA,SEMÁFORO 260,AV SUL,"",SEMÁFORO 260,CABANGA,260,"",COLISÃO TRASEIRA,ONIBUS E AUTO SEM VITIMAS,1,,,,,1,,,,0,,Cruzamento,Bom,Sem defeito,Incompleta,Seca,Perfeito estado,"",Não há placas,60 km/h,Dupla,Canteiro central,"",""
4977,2019-06-07T00:00:00,01:46:00,SEM VÍTIMA,FINALIZADA,CAMPO GRANDE,AV PROFESSOR JOSE DOS ANJOS,"",RUA FARIAS NEVES,"",AV PROFESSOR JOSE DOS ANJOS,"","",CAMPO GRANDE,,"",CHOQUE OBJETO FIXO,CONDUTOR PERDEU O CONTROLE DO VEÍCULO E CHOCOU-SE CONTRA UM GELO-BAIANO,1,,,,,,,,,0,,Cruzamento,Bom,Não existe,Perfeito estado,Seca,Perfeito estado,Faixa de pedestre,Placas Pare,40 km/h,Dupla,Faixa seccionada,Canal,""
4978,2019-06-07T00:00:00,05:32:00,COM VÍTIMA,FINALIZADA,MACAXEIRA,AV NORTE,"","",EM FRENTE A PRAÇA DA MACAXEIRA // PRÓX A ANTIGA FÁBRICA,AV NORTE,"",EM FRENTE A PRAÇA DA MACAXEIRA // PRÓX A ANTIGA FÁBRICA,MACAXEIRA,671,CIDADE,COLISÃO,"COLISÃO ENTRE ÔNIBUS E AUTO, COM VÍTIMAS.",1,,,,,1,,,,2,,Longo da via,Bom,Sem defeito,Perfeito estado,Seca,Perfeito estado,Faixa de pedestre,R-6a,50 km/h,Dupla,Canteiro central,"",""
4979,2019-06-07T00:00:00,06:47:00,SEM VÍTIMA,CANCELADA,MACAXEIRA,AV NORTE,"","",EM FRENTE A PRAÇA DA MACAXEIRA // PRÓX A ANTIGA FÁBRICA,AV NORTE,"",EM FRENTE A PRAÇA DA MACAXEIRA // PRÓX A ANTIGA FÁBRICA,MACAXEIRA,671,"",COLISÃO,"COLISÃO ENTRE ÔNIBUS E AUTO, COM VÍTIMAS.(RENDIÇÃO DA VT -22)",1,,,,,1,,,,0,,"","","","","","","","","","","","",""
4980,2019-06-07T00:00:00,06:53:00,SEM VÍTIMA,FINALIZADA,IBURA,RUA EXP FRANCISCO VITORIANO,57,RUA HULHA NEGRA,IGREJA ASSEMBLEIA DE DEUS,RUA EXP FRANCISCO VITORIANO,57,IGREJA ASSEMBLEIA DE DEUS,IBURA,,CIDADE,ABALROAMENTO TRANSVERSAL,CAMINHAO E MICROONIBUS,,,,,,1,1,,,0,,Cruzamento,Bom,Não existe,Perfeito estado,Seca,Perfeito estado,Não existe,Não há placas,30 km/h,Dupla,Faixa seccionada,"",""
4981,2019-06-07T00:00:00,07:19:00,COM VÍTIMA,FINALIZADA,CAXANGÁ,AV CAXANGA,4515,"",SENT. CAMARAGIBE EM FRENTE A ITALIANA,AV CAXANGA,4515,SENT. CAMARAGIBE EM FRENTE A ITALIANA,CAXANGÁ,,SUBURBIO,COLISÃO COM CICLISTA,MOTO E CICLISTA BATEDORES NO LOCAL,,1,,1,,,,,,2,,Longo da via,Bom,Não existe,Perfeito estado,Seca,Perfeito estado,Não existe,R-6a,"",Dupla,Canteiro central,"",""
4982,2019-06-07T00:00:00,08:21:00,SEM VÍTIMA,FINALIZADA,BOA VIAGEM,AV DES JOSE NEVES,334,"",LADO OPOSTO AO SUPERMERCADO ATACADÃO,AV DES JOSE NEVES,334,LADO OPOSTO AO SUPERMERCADO ATACADÃO,BOA VIAGEM,,CIDADE,COLISÃO TRASEIRA,DOIS AUTOS,3,,,,,,,,,0,,Longo da via,Bom,Não existe,Perfeito estado,Seca,Perfeito estado,Faixa de pedestre,Não há placas,50 km/h,Única,Faixa seccionada,"",""
4983,2019-06-07T00:00:00,08:40:00,SEM VÍTIMA,FINALIZADA,DERBY,RUA JENER DE SOUZA,"","",APÓS O SEMAFORO 418,RUA JENER DE SOUZA,"",APÓS O SEMAFORO 418,DERBY,,"",ABALROAMENTO LONGITUDINAL,DOIS AUTOS,2,,,,,,,,,0,,Longo da via,Bom,Sem defeito,Perfeito estado,Seca,Perfeito estado,"","","",Dupla,Canteiro central,"",""
4984,2019-06-07T00:00:00,08:54:00,SEM VÍTIMA,FINALIZADA,MADALENA,RUA NOBRE DE LACERDA,"",RUA MONSENHOR JULIO MARIA,"",RUA NOBRE DE LACERDA,"","",MADALENA,,CIDADE,ABALROAMENTO TRANSVERSAL,COLISAO S/VITIMAS ENTRE DOIS AUTOS,2,,,,,,,,,0,,Cruzamento,Bom,Não existe,Perfeito estado,Seca,Perfeito estado,Outros,Placas Pare,"",Única,Não existe,"",""
4985,2019-06-07T00:00:00,09:54:00,SEM VÍTIMA,CANCELADA,BOA VIAGEM,RUA SETUBAL,"",RUA DR VICENTE GOMES,"",RUA SETUBAL,"","",BOA VIAGEM,60,"",COLISÃO,COLISÃO SEM VITIMAS,2,,,,,,,,,0,,"","","","","","","","","","","","",""
4986,2019-06-07T00:00:00,09:55:00,SEM VÍTIMA,FINALIZADA,BOA VIAGEM,AV CONSELHEIRO AGUIAR,4074,"",EDF HOLYDAY,AV CONSELHEIRO AGUIAR,4074,EDF HOLYDAY,BOA VIAGEM,147,CIDADE,ABALROAMENTO LONGITUDINAL,DOIS AUTOS,2,,,,,,,,,0,,Cruzamento,Bom,Sem defeito,Perfeito estado,Seca,Perfeito estado,Faixa de pedestre,Não há placas,60 km/h,Única,Faixa contínua,"",""