_id,DATA,hora,natureza_acidente,situacao,bairro,endereco,numero,detalhe_endereco_acidente,complemento,endereco_cruzamento,numero_cruzamento,referencia_cruzamento,bairro_cruzamento,num_semaforo,sentido_via,tipo,descricao,auto,moto,ciclom,ciclista,pedestre,onibus,caminhao,viatura,outros,vitimas,vitimasfatais,acidente_verificado,tempo_clima,situacao_semaforo,sinalizacao,condicao_via,conservacao_via,ponto_controle,situacao_placa,velocidade_max_via,mao_direcao,divisao_via1,divisao_via2,divisao_via3
4987,2019-06-07T00:00:00,09:56:00,SEM VÍTIMA,CANCELADA,IMBIRIBEIRA,AV MARECHAL MASCARENHAS DE MORAES,2725,"",EM FRENTE A UNIDAS (ALUGUEL DE CARROS),AV MARECHAL MASCARENHAS DE MORAES,2725,EM FRENTE A UNIDAS (ALUGUEL DE CARROS),IMBIRIBEIRA,631,CIDADE,COLISÃO,COLISÃO S/VITIMAS ENTRE CAMINHÃO E AUTO,1,,,,,,1,,,0,,"","","","","","","","","","","","",""
4988,2019-06-07T00:00:00,10:02:00,SEM VÍTIMA,CANCELADA,IMBIRIBEIRA,VIADUTO TANCREDO NEVES,"","",NA SUBIDA DO VIADUTO TANCREDO NEVES / SENT MASCARENHAS DE MORAIS,VIADUTO TANCREDO NEVES,"",NA SUBIDA DO VIADUTO TANCREDO NEVES / SENT MASCARENHAS DE MORAIS,IMBIRIBEIRA,,"",COLISÃO,COLISÃO SEM VITIMAS,1,1,,,,,,,,0,,"","","","","","","","","","","","",""
4989,2019-06-07T00:00:00,10:40:00,COM VÍTIMA,FINALIZADA,CORDEIRO,AV GENERAL SAN MARTIN,"","",AO LADO DO COMPAZ,AV GENERAL SAN MARTIN,"",AO LADO DO COMPAZ,CORDEIRO,,CIDADE,ABALROAMENTO TRANSVERSAL,DUAS MOTOS,,1,1,,,,,,,1,,Longo da via,Bom,Não existe,Perfeito estado,Seca,Perfeito estado,Não existe,Outras,"",Dupla,Faixa contínua,"",""
4990,2019-06-07T00:00:00,11:21:00,SEM VÍTIMA,FINALIZADA,ENCRUZILHADA,RUA CEARA,352,RUA JULIAO NETO,"",RUA CEARA,352,"",ENCRUZILHADA,,SUBURBIO,ABALROAMENTO LONGITUDINAL,COLISÃO S/VITIMAS ENTRE CAMIMNHAO E UM AUTO,1,,,,,,1,,,0,,Cruzamento,Bom,Não existe,Incompleta,Seca,Perfeito estado,Não existe,R-6a,"",Única,Não existe,"",""
4991,2019-06-07T00:00:00,11:27:00,SEM VÍTIMA,FINALIZADA,TORRE,AV BEIRA RIO,1219,RUA CLOVIS BEVILAQUA,EDF MONTELUMA,AV BEIRA RIO,1219,EDF MONTELUMA,TORRE,77,"",ABALROAMENTO LONGITUDINAL,MOTO E AUTO,1,1,,,,,,,,0,,Longo da via,Bom,Sem defeito,Perfeito estado,Seca,Perfeito estado,Não existe,R-6a,"",Dupla,Faixa contínua,"",""
4992,2019-06-07T00:00:00,11:31:00,SEM VÍTIMA,CANCELADA,DERBY,RUA AMARO BEZERRA,"","","EM FRENTE AO QUARTEL DO DERBY, SENT. CIDADE",RUA AMARO BEZERRA,"","EM FRENTE AO QUARTEL DO DERBY, SENT. CIDADE",DERBY,,"",COLISÃO,DOIS AUTOS,2,,,,,,,,,0,,"","","","","","","","","","","","",""
4993,2019-06-07T00:00:00,11:37:00,SEM VÍTIMA,CANCELADA,TAMARINEIRA,AV NORTE,4337,"",EM FRENTE AO POSTO DE GASOLINA BR,AV NORTE,4337,EM FRENTE AO POSTO DE GASOLINA BR,TAMARINEIRA,,CIDADE,COLISÃO,COLISÃO SEM VITIMAS,2,,,,,,,,,0,,"","","","","","","","","","","","",""
4994,2019-06-07T00:00:00,12:15:00,SEM VÍTIMA,FINALIZADA,AREIAS,AV RECIFE,3968,"",LADO OPOSTO AO WALMART,AV RECIFE,3968,LADO OPOSTO AO WALMART,AREIAS,,SUBURBIO,COLISÃO TRASEIRA,COLISAO ENTRE DOIS AUTOS S/V,2,,,,,,,,,0,,Longo da via,Bom,Não existe,Perfeito estado,Seca,Perfeito estado,Não existe,Não há placas,"",Dupla,Canteiro central,"",""
4995,2019-06-07T00:00:00,12:22:00,SEM VÍTIMA,FINALIZADA,MADALENA,RUA SEVERINO PESSOA,"",RUA DR JOAO COIMBRA,"",RUA SEVERINO PESSOA,"","",MADALENA,,SUBURBIO,ABALROAMENTO TRANSVERSAL,COLISAO ENTRE AUTO E MICRO ONIBUS S/V,1,,,,,1,,,,0,,Cruzamento,Bom,Não existe,Incompleta,Seca,Perfeito estado,Não existe,Não há placas,"",Dupla,Não existe,"",""
4996,2019-06-07T00:00:00,12:29:00,COM VÍTIMA,FINALIZADA,IMBIRIBEIRA,AV MARECHAL MASCARENHAS DE MORAES,5001,"",OPOSTO AO GESSO E CIA MATERIAIS E SERVIÇOS,AV MARECHAL MASCARENHAS DE MORAES,5001,OPOSTO AO GESSO E CIA MATERIAIS E SERVIÇOS,IMBIRIBEIRA,,CIDADE,COLISÃO TRASEIRA,COLISAO ENTRE CAMINHAO AUTO E MOTO COM UMA VITIMA,1,,,,,,1,,,1,,Longo da via,Bom,Não existe,Perfeito estado,Seca,Perfeito estado,Outros,R-6a,"",Dupla,Faixa seccionada,Canteiro central,""
4997,2019-06-07T00:00:00,12:51:00,SEM VÍTIMA,FINALIZADA,SÃO JOSÉ,PTE JOAQUIM CARDOSO,"",TRV DO RAPOSO,LADO OPOSTO AO POSTE DE Nº K 106865,PTE JOAQUIM CARDOSO,"",LADO OPOSTO AO POSTE DE Nº K 106865,SÃO JOSÉ,,SUBURBIO,ABALROAMENTO LONGITUDINAL,COLISÃO SEM VÍTIMA,1,1,,,,,,,,0,,Cruzamento,Bom,Não existe,Perfeito estado,Seca,Perfeito estado,Não existe,Não há placas,"",Dupla,Faixa contínua,Faixa seccionada,Blocos
4998,2019-06-07T00:00:00,13:17:00,COM VÍTIMA,FINALIZADA,ESTÂNCIA,AV RECIFE,5005,"","EM FRENTE AO SEMÁFORO 461 , AO LADO DO MAKRO",AV RECIFE,5005,"EM FRENTE AO SEMÁFORO 461 , AO LADO DO MAKRO",ESTÂNCIA,461,CIDADE,CHOQUE VEÍCULO PARADO,COLISAO ENTRE AUTO E MOTO COM UMA VITIMA,1,1,,,,,,,,1,,Longo da via,Bom,Com defeito,Ilegível,Seca,Perfeito estado,Faixa de pedestre,Não há placas,60 km/h,Única,Faixa contínua,"",""
4999,2019-06-07T00:00:00,13:55:00,SEM VÍTIMA,FINALIZADA,BOA VIAGEM,AV ENGENHEIRO DOMINGOS FERREIRA,2324,"","",AV ENGENHEIRO DOMINGOS FERREIRA,2324,"",BOA VIAGEM,,SUBURBIO,COLISÃO TRASEIRA,COLISAO ENTRE AUTO E MOTO S/V,1,1,,,,,,,,0,,Longo da via,Bom,Sem defeito,Perfeito estado,Seca,Perfeito estado,Não existe,R-6a,"",Única,Faixa seccionada,Canteiro central,""
5000,2019-06-07T00:00:00,14:01:00,SEM VÍTIMA,FINALIZADA,IMBIRIBEIRA,AV DOM JOAO VI,"",RUA SOLDADO SINESIO DE ARAGAO,"",AV DOM JOAO VI,"","",IMBIRIBEIRA,,"",COLISÃO TRASEIRA,COLISÃO SEM VÍTIMA,2,,,,,,,,,0,,Longo da via,Bom,Não existe,Perfeito estado,Seca,Perfeito estado,Não existe,Não há placas,"",Única,Faixa seccionada,"",""
5001,2019-06-07T00:00:00,14:02:00,SEM VÍTIMA,FINALIZADA,ÁGUA FRIA,AV BEBERIBE,1745,"",EM FRENTE A OTICA LIMA,AV BEBERIBE,1745,EM FRENTE A OTICA LIMA,ÁGUA FRIA,,CIDADE,ABALROAMENTO LONGITUDINAL,COLISÃO COM VÍTIMA,1,1,,,,,,,,0,,Longo da via,Bom,Não existe,Perfeito estado,Seca,Perfeito estado,Não existe,Não há placas,"",Dupla,Faixa contínua,"",""
5002,2019-06-07T00:00:00,14:40:00,SEM VÍTIMA,FINALIZADA,GRAÇAS,AV RUI BARBOSA,141,"",EM FRENTE A PRAÇA DO ENTRONCAMENTO,AV RUI BARBOSA,141,EM FRENTE A PRAÇA DO ENTRONCAMENTO,GRAÇAS,,CIDADE,COLISÃO TRASEIRA,COLISAO ENTRE TRES AUTOS S/V,3,,,,,,,,,0,,Longo da via,Bom,Não existe,Perfeito estado,Seca,Perfeito estado,Faixa de pedestre,Não há placas,60 km/h,Única,Faixa seccionada,"",""
5003,2019-06-07T00:00:00,14:46:00,COM VÍTIMA,FINALIZADA,AFOGADOS,RUA DA PAZ,315,"","",RUA DA PAZ,315,"",AFOGADOS,,SUBURBIO,ABALROAMENTO TRANSVERSAL,COLISÃO COM VITIMA,1,1,,,,,,,,1,,Longo da via,Bom,Não existe,Perfeito estado,Seca,Perfeito estado,Não existe,Não há placas,"",Única,Faixa seccionada,"",""
5004,2019-06-07T00:00:00,14:57:00,SEM VÍTIMA,FINALIZADA,"",RUA VISCONDE DE JEQUITINHONHA,"",RUA JOAO CARDOSO AIRES,"",RUA VISCONDE DE JEQUITINHONHA,"","","",,SUBURBIO,ABALROAMENTO LONGITUDINAL,COLISÃO SEM VITIMA,2,,,,,,,,,0,,"",Bom,Não existe,Perfeito estado,Seca,Perfeito estado,Faixa de pedestre,Não há placas,60 km/h,Dupla,Canteiro central,"",""
5005,2019-06-07T00:00:00,14:59:00,COM VÍTIMA,FINALIZADA,AFOGADOS,RUA MOTOCOLOMBO,97,"",EM FRENTE AO BANCO SANTANDER,RUA MOTOCOLOMBO,97,EM FRENTE AO BANCO SANTANDER,AFOGADOS,,SUBURBIO,COLISÃO,COLISÃO COM VÍTIMA,1,1,,,,,,,,1,,Longo da via,Bom,Não existe,Perfeito estado,Seca,Perfeito estado,Outros,Outras,"",Única,Faixa seccionada,"",""
5006,2019-06-07T00:00:00,15:16:00,SEM VÍTIMA,FINALIZADA,ILHA DO LEITE,AV GOVERNADOR AGAMENON MAGALHAES,"","",NA PISTA LOCAL E/F AO HOSPITAL PORTUGUES NO SEMAFORO 350,AV GOVERNADOR AGAMENON MAGALHAES,"",NA PISTA LOCAL E/F AO HOSPITAL PORTUGUES NO SEMAFORO 350,ILHA DO LEITE,,"",COLISÃO,"",2,,,,,,,,,0,,"","","","","","","","","","","","",""
5007,2019-06-07T00:00:00,15:39:00,SEM VÍTIMA,FINALIZADA,AREIAS,"",48 C,"",ANDRÉ ÓTICA,"",48 C,ANDRÉ ÓTICA,AREIAS,,"",ABALROAMENTO LONGITUDINAL,COLISÃO SEM VITIMA,1,,,,,,1,,,0,,"",Bom,Não existe,Perfeito estado,Seca,Perfeito estado,Não existe,Não há placas,"",Única,Não existe,"",""
5008,2019-06-07T00:00:00,15:52:00,SEM VÍTIMA,FINALIZADA,GRAÇAS,AV RUI BARBOSA,89,"",EM FRENTE AO BANCO SANTANDER,AV RUI BARBOSA,89,EM FRENTE AO BANCO SANTANDER,GRAÇAS,,CIDADE,COLISÃO TRASEIRA,COLISÃO SEM VITIMA,2,,,,,,,,,0,,Longo da via,Bom,Não existe,Perfeito estado,Seca,Perfeito estado,Não existe,R-6a,"",Única,Faixa seccionada,"",""
5009,2019-06-07T00:00:00,16:17:00,SEM VÍTIMA,CANCELADA,AREIAS,AV DR JOSE RUFINO,2642,"",AO LADO DO VIADULTO / LADO OPOSTO DO 2642 CASA,AV DR JOSE RUFINO,2642,AO LADO DO VIADULTO / LADO OPOSTO DO 2642 CASA,AREIAS,,"",COLISÃO,COLISÃO SEM VITIMA,2,,,,,,,,,0,,"","","","","","","","","","","","",""
5010,2019-06-07T00:00:00,16:41:00,SEM VÍTIMA,FINALIZADA,BARRO,AV DR JOSE RUFINO,2612,"","",AV DR JOSE RUFINO,2612,"",BARRO,,SUBURBIO,COLISÃO TRASEIRA,COLISAO ENTRE VEICULO OFICIAL E AUTO S/V,2,,,,,,,,,0,,Longo da via,Bom,Sem defeito,Perfeito estado,Seca,Perfeito estado,Outros,Outras,"",Dupla,Faixa contínua,"",""
5011,2019-06-07T00:00:00,16:47:00,SEM VÍTIMA,FINALIZADA,IPSEP,AV RECIFE,"","",EM FRENTE A WK MARTELINHO DE OURO / SENTIDO IMBIRIBEIRA,AV RECIFE,"",EM FRENTE A WK MARTELINHO DE OURO / SENTIDO IMBIRIBEIRA,IPSEP,,"",COLISÃO,COLISÃO SEM VÍTIMA,2,,,,,,,,,0,,"","","","","","","","","","","","",""
5012,2019-06-07T00:00:00,17:56:00,SEM VÍTIMA,CANCELADA,ILHA DO LEITE,RUA PAISSANDU,"","",EM FRENTE AO SÃO MARCOS,RUA PAISSANDU,"",EM FRENTE AO SÃO MARCOS,ILHA DO LEITE,,"",COLISÃO,COLISÃO SEM VITIMA,2,,,,,,,,,0,,"","","","","","","","","","","","",""
5013,2019-06-07T00:00:00,18:05:00,SEM VÍTIMA,FINALIZADA,IPSEP,AV RECIFE,3592,"",EQUIPADORA FALCÃO,AV RECIFE,3592,EQUIPADORA FALCÃO,IPSEP,,CIDADE,COLISÃO TRASEIRA,04 VEÍCULOS,4,,,,,,,,,0,,Longo da via,Bom,Não existe,Perfeito estado,Seca,Perfeito estado,Não existe,Não há placas,60 km/h,Única,Canteiro central,"",""
5014,2019-06-07T00:00:00,18:27:00,SEM VÍTIMA,FINALIZADA,IMBIRIBEIRA,RUA JAMAICA,134,RUA IZABEL DE SOUZA,"",RUA JAMAICA,134,"",IMBIRIBEIRA,,"",ABALROAMENTO TRANSVERSAL,"DOIS AUTO SEM VITIMAS, UM DOS AUTO ESTÁ CAPOTADO NA VIA",2,,,,,,,,,0,,Cruzamento,Bom,Não existe,Perfeito estado,Seca,Mal iluminada,Não existe,Placas Pare,"",Única,Faixa seccionada,"",""
5015,2019-06-07T00:00:00,18:58:00,SEM VÍTIMA,FINALIZADA,BOA VIAGEM,AV MARECHAL MASCARENHAS DE MORAES,5089,"","",AV MARECHAL MASCARENHAS DE MORAES,5089,"",BOA VIAGEM,,CIDADE,COLISÃO TRASEIRA,DOIS AUTO SEM VITIMAS,2,,,,,,,,,0,,Longo da via,Bom,Não existe,Perfeito estado,Seca,Perfeito estado,"",Não há placas,"",Dupla,Canteiro central,"",""
5016,2019-06-07T00:00:00,19:24:00,SEM VÍTIMA,FINALIZADA,AFOGADOS,RUA SAO MIGUEL,"","",SEMÁFORO 053,RUA SAO MIGUEL,"",SEMÁFORO 053,AFOGADOS,53,SUBURBIO,ABALROAMENTO LONGITUDINAL,"CAMINHÃO GUINDASTE E AUTO PASSEIO SEM VITIMAS, VEICULOS SE ENCONTRA NO DEPATRI POR UM DOS VEICULOS CONSTAR COMO ROUBADO INF DOS POLICIAL QUE PASSOU NA HORA QUE USUÁRIO ESTAVA REGISTRANDO A OCORENCIA",1,,,,,,1,,,0,,Longo da via,Bom,Sem defeito,Perfeito estado,Seca,Perfeito estado,"","","",Dupla,Faixa contínua,"",""
5017,2019-06-07T00:00:00,20:05:00,SEM VÍTIMA,FINALIZADA,BOA VIAGEM,AV FERNANDO SIMOES BARBOSA,"",RUA DHALIA,"",AV FERNANDO SIMOES BARBOSA,"","",BOA VIAGEM,,SUBURBIO,COLISÃO TRASEIRA,TRES AUTO SEM VITIMAS,3,,,,,,,,,0,,"",Bom,Não existe,Perfeito estado,Seca,Perfeito estado,Não existe,Outras,"",Dupla,Canal,"",""
5018,2019-06-07T00:00:00,20:45:00,SEM VÍTIMA,FINALIZADA,SÃO JOSÉ,RUA IMPERIAL,"",TRV DO RAPOSO,"",RUA IMPERIAL,"","",SÃO JOSÉ,510,"",ABALROAMENTO TRANSVERSAL,DOIS AUTO SEM VITIMAS,2,,,,,,,,,0,,Cruzamento,Bom,Sem defeito,Perfeito estado,Seca,Perfeito estado,Faixa de pedestre,Outras,"",Única,Faixa seccionada,"",""
5019,2019-06-07T00:00:00,21:56:00,SEM VÍTIMA,FINALIZADA,BOA VIAGEM,RUA VISCONDE DE JEQUITINHONHA,"",AV CHARLES DARWIN,"",RUA VISCONDE DE JEQUITINHONHA,"","",BOA VIAGEM,443,SUBURBIO,COLISÃO TRASEIRA,AUTO E MOTO SEM VITIMAS,1,1,,,,,,,,0,,Longo da via,Bom,Sem defeito,Perfeito estado,Seca,Perfeito estado,Faixa de pedestre,R-6a,"",Única,Faixa contínua,"",""
5020,2019-06-08T00:00:00,04:26:00,SEM VÍTIMA,FINALIZADA,ENCRUZILHADA,AV NORTE,3300,"",CASA DE FESTA QUEBRA CABEÇA,AV NORTE,3300,CASA DE FESTA QUEBRA CABEÇA,ENCRUZILHADA,,SUBURBIO,CHOQUE OBJETO FIXO,VEÍCULO CHOUCO-SE COM CANTEIRO CENTRAL DA VIA,1,,,,,,,,,0,,Longo da via,Bom,Não existe,Perfeito estado,Seca,Perfeito estado,Faixa de pedestre,R-6a,60 km/h,Dupla,Canteiro central,"",""
5021,2019-06-08T00:00:00,06:40:00,COM VÍTIMA,FINALIZADA,BEBERIBE,AV BEBERIBE,431,"","",AV BEBERIBE,431,"",BEBERIBE,,CID/SUB,COLISÃO TRASEIRA,COLISÃO C/ VITIMAS ENTRE MOTO E AUTO,1,1,,,,,,,,1,,Longo da via,Bom,Sem defeito,Perfeito estado,Seca,Perfeito estado,Faixa de pedestre,Não há placas,"",Dupla,"","",""
5022,2019-06-08T00:00:00,08:17:00,SEM VÍTIMA,FINALIZADA,BOA VISTA,RUA DAS NINFAS,189,RUA DO PROGRESSO,GALERIA SQUINA DO PROGRESSO,RUA DAS NINFAS,189,GALERIA SQUINA DO PROGRESSO,BOA VISTA,,CIDADE,ABALROAMENTO TRANSVERSAL,COLISÃO SEM VITIMAS,2,,,,,,,,,0,,Cruzamento,Bom,Não existe,Perfeito estado,Seca,Perfeito estado,Não existe,Placas Pare,"",Dupla,Não existe,"",""
5023,2019-06-08T00:00:00,09:13:00,SEM VÍTIMA,FINALIZADA,TORRE,RUA DIANOPOLIS,"","","",RUA DIANOPOLIS,"","",TORRE,317,CIDADE,ABALROAMENTO LONGITUDINAL,COLISÃO SEM VITIMAS VT 24 QTH,2,,,,,,,,,0,,Longo da via,Bom,Sem defeito,Perfeito estado,Seca,Perfeito estado,Faixa de pedestre,R-6a,"",Dupla,Faixa contínua,"",""
5024,2019-06-08T00:00:00,09:22:00,SEM VÍTIMA,FINALIZADA,IBURA,AV DOIS RIOS,"","",EM FRENTE A MADEREIRA/ LADO OPOSTO A PARADA DE ÔNIBUS DE Nº 020178,AV DOIS RIOS,"",EM FRENTE A MADEREIRA/ LADO OPOSTO A PARADA DE ÔNIBUS DE Nº 020178,IBURA,,SUBURBIO,COLISÃO TRASEIRA,COLISÃO S/ VITIMAS ENTRE UM ONIBUS E UM AUTO,1,,,,,1,,,,0,,Longo da via,Bom,Não existe,Perfeito estado,Seca,Perfeito estado,Não existe,Não há placas,"",Dupla,Faixa contínua,"",""
5025,2019-06-08T00:00:00,09:30:00,SEM VÍTIMA,FINALIZADA,ESPINHEIRO,AV JOAO DE BARROS,1407,RUA DA HORA,CLIFISIO,AV JOAO DE BARROS,1407,CLIFISIO,ESPINHEIRO,656,SUBURBIO,ABALROAMENTO LONGITUDINAL,SEM VITIMAS,2,,,,,,,,,0,,"",Bom,Sem defeito,Perfeito estado,Seca,Perfeito estado,"",R-6a,"",Única,Faixa seccionada,"",""
5026,2019-06-08T00:00:00,12:02:00,SEM VÍTIMA,FINALIZADA,AFOGADOS,RUA SAO MIGUEL,"","",EM FRENTE AO DEPATRI,RUA SAO MIGUEL,"",EM FRENTE AO DEPATRI,AFOGADOS,,SUBURBIO,ABALROAMENTO LONGITUDINAL,SEM VITIMAS,1,,,,,,1,,1,0,,Longo da via,Bom,Não existe,Perfeito estado,Seca,Perfeito estado,Não existe,"","",Única,Faixa seccionada,"",""
5027,2019-06-08T00:00:00,12:03:00,SEM VÍTIMA,FINALIZADA,VÁRZEA,AV PROFESSOR ARTUR DE SA,"",RUA GENERAL POLIDORO,"",AV PROFESSOR ARTUR DE SA,"","",VÁRZEA,,SUBURBIO,ABALROAMENTO LONGITUDINAL,COLISÃO SEM VÍTIMA,,1,,,,1,,,,0,,Cruzamento,Bom,Não existe,Ilegível,Seca,Perfeito estado,"",Placas Pare,"",Dupla,"","",""
5028,2019-06-08T00:00:00,12:18:00,SEM VÍTIMA,FINALIZADA,BEBERIBE,AV BEBERIBE,"","","",AV BEBERIBE,"","",BEBERIBE,186,SUBURBIO,COLISÃO TRASEIRA,COLISÃO SEM VÍTIMA,2,,,,,,,,,0,,Longo da via,Bom,Sem defeito,Perfeito estado,Seca,Perfeito estado,Faixa de pedestre,Outras,"",Dupla,Faixa contínua,Canteiro central,""
5029,2019-06-08T00:00:00,12:24:00,COM VÍTIMA,FINALIZADA,SANTO AMARO,RUA TREZE DE MAIO,207,"","",RUA TREZE DE MAIO,207,"",SANTO AMARO,,CIDADE,ABALROAMENTO LONGITUDINAL,COLISÃO ENTRE AUTO E MOTOCICLETA COM VÍTIMAS,1,1,,,,,,,,2,,Longo da via,Bom,Não existe,Perfeito estado,Seca,Perfeito estado,Não existe,Não há placas,"",Dupla,Faixa contínua,"",""
5030,2019-06-08T00:00:00,12:33:00,SEM VÍTIMA,FINALIZADA,GRAÇAS,AV GOVERNADOR AGAMENON MAGALHAES,"","",AO LADO DA ESCOLA ESTADUAL GOV BARBOSA LIMA,AV GOVERNADOR AGAMENON MAGALHAES,"",AO LADO DA ESCOLA ESTADUAL GOV BARBOSA LIMA,GRAÇAS,,CIDADE,COLISÃO TRASEIRA,COLISÃO SEM VÍTIMA,2,,,,,,,,,0,,Longo da via,Bom,Sem defeito,Perfeito estado,Seca,Perfeito estado,Não existe,Não há placas,60 km/h,Dupla,Faixa seccionada,Canteiro central,""
5031,2019-06-08T00:00:00,13:40:00,COM VÍTIMA,FINALIZADA,BEBERIBE,RUA URIEL DE HOLANDA,"","",EM FRENTE A ESCOLA PEDRO CELSO,RUA URIEL DE HOLANDA,"",EM FRENTE A ESCOLA PEDRO CELSO,BEBERIBE,,SUBURBIO,ABALROAMENTO LONGITUDINAL,COLISÃO COM VITIMA,,1,,,,1,,,,1,,Longo da via,Bom,Não existe,Perfeito estado,Seca,Perfeito estado,Faixa de pedestre,R-6a,"",Dupla,Faixa contínua,"",""
5032,2019-06-08T00:00:00,13:50:00,SEM VÍTIMA,FINALIZADA,NOVA DESCOBERTA,RUA NOVA DESCOBERTA,1288,"",EM FRENTE AO Nº 1288,RUA NOVA DESCOBERTA,1288,EM FRENTE AO Nº 1288,NOVA DESCOBERTA,,CIDADE,COLISÃO TRASEIRA,COLISAO ENTRE ONIBUS E AUTO S/V,1,,,,,1,,,,0,,Longo da via,Bom,Não existe,Incompleta,Seca,Perfeito estado,Não existe,Não há placas,"",Dupla,Faixa seccionada,"",""
5033,2019-06-08T00:00:00,13:51:00,SEM VÍTIMA,FINALIZADA,BARRO,RUA MANUEL SALVADOR,41,"",PRÓX AO KICALDINHO,RUA MANUEL SALVADOR,41,PRÓX AO KICALDINHO,BARRO,,SUBURBIO,CHOQUE VEÍCULO PARADO,COLISÃO SEM VÍTIMA,2,,,,,,,,,0,,Longo da via,Bom,Não existe,Não existente,Seca,Perfeito estado,Não existe,Não há placas,"",Dupla,Não existe,"",""
5034,2019-06-08T00:00:00,14:01:00,COM VÍTIMA,FINALIZADA,IMBIRIBEIRA,AV MARECHAL MASCARENHAS DE MORAES,4080,"",EM FRENTE A VENEA MATERIAL DE CONSTRUÇÃO,AV MARECHAL MASCARENHAS DE MORAES,4080,EM FRENTE A VENEA MATERIAL DE CONSTRUÇÃO,IMBIRIBEIRA,310,SUBURBIO,ABALROAMENTO TRANSVERSAL,COLISAO ENTRE AUTO E DUAS MOTOS COM DUAS VITIMAS,1,2,,,,,,,,2,,Longo da via,Bom,Sem defeito,Perfeito estado,Seca,Perfeito estado,Faixa de retenção,Não há placas,"",Dupla,Canteiro central,"",""
5035,2019-06-08T00:00:00,14:41:00,SEM VÍTIMA,FINALIZADA,CASA FORTE,EST DO ENCANAMENTO,1400,RUA ENGENHEIRO OSCAR FERREIRA,EM FRENTE AO BOTECO FERRO E FOGO,EST DO ENCANAMENTO,1400,EM FRENTE AO BOTECO FERRO E FOGO,CASA FORTE,,CIDADE,ABALROAMENTO LONGITUDINAL,COLISÃO SEM VÍTIMA,2,,,,,,,,,0,,Cruzamento,Bom,Não existe,Perfeito estado,Seca,Perfeito estado,Não existe,R-4b,40 km/h,Dupla,Faixa seccionada,"",""
5036,2019-06-08T00:00:00,14:53:00,SEM VÍTIMA,FINALIZADA,ÁGUA FRIA,AV BEBERIBE,2064,"",EM FRENTE AO Nº 2064,AV BEBERIBE,2064,EM FRENTE AO Nº 2064,ÁGUA FRIA,,CIDADE,ABALROAMENTO LONGITUDINAL,COLISÃO SEM VÍTIMA,1,,,,,1,,,,0,,Longo da via,Bom,Não existe,Perfeito estado,Seca,Perfeito estado,Não existe,Outras,"",Dupla,Faixa contínua,"",""
5037,2019-06-08T00:00:00,15:43:00,SEM VÍTIMA,FINALIZADA,ROSARINHO,RUA COUTO MAGALHAES,395,"",LADO OPOSTO AO Nº 470,RUA COUTO MAGALHAES,395,LADO OPOSTO AO Nº 470,ROSARINHO,,"",ABALROAMENTO LONGITUDINAL,COLISÃO COM VITIMA,2,1,,,,,,,,0,,Longo da via,Bom,Não existe,Perfeito estado,Seca,Perfeito estado,Não existe,R-6a,"",Única,Faixa seccionada,"",""
5038,2019-06-08T00:00:00,17:45:00,SEM VÍTIMA,FINALIZADA,IMBIRIBEIRA,AV MARECHAL MASCARENHAS DE MORAES,"","",E/F AO POSTO SHELL,AV MARECHAL MASCARENHAS DE MORAES,"",E/F AO POSTO SHELL,IMBIRIBEIRA,,SUBURBIO,ABALROAMENTO LONGITUDINAL,COLISAO ENTRE DOIS AUTOS S/V,2,,,,,,,,,0,,"",Bom,Não existe,"",Seca,Perfeito estado,Não existe,Não há placas,"","","","",""
5039,2019-06-08T00:00:00,20:36:00,SEM VÍTIMA,FINALIZADA,IPUTINGA,AV CAXANGA,"","",LADO OPOSTO AO HOSPITAL SANTA TEREZINHA,AV CAXANGA,"",LADO OPOSTO AO HOSPITAL SANTA TEREZINHA,IPUTINGA,,"",ABALROAMENTO LONGITUDINAL,"",1,,,,,,,,,0,,Longo da via,Bom,Não existe,Ilegível,Seca,Mal iluminada,"",Outras,"",Dupla,Canteiro central,"",""
5040,2019-06-08T00:00:00,23:02:00,SEM VÍTIMA,FINALIZADA,BOA VIAGEM,AV BOA VIAGEM,5030,RUA DR VICENTE GOMES,"",AV BOA VIAGEM,5030,"",BOA VIAGEM,483,CIDADE,ABALROAMENTO LONGITUDINAL,ENTRE ÕNIBUS E AUTO PASSEIO. S/V,1,,,,,1,,,,0,,Longo da via,Bom,Sem defeito,Perfeito estado,Seca,Perfeito estado,Faixa de pedestre,Não há placas,"",Única,Faixa contínua,Faixa seccionada,""
5041,2019-06-09T00:00:00,00:57:00,SEM VÍTIMA,FINALIZADA,CASA AMARELA,RUA DA HARMONIA,"",EST DO ENCANAMENTO,"",RUA DA HARMONIA,"","",CASA AMARELA,435,"",ABALROAMENTO TRANSVERSAL,"COLISÃO ENTRE DOIS AUTOS, SEM VÍTIMAS",2,,,,,,,,,0,,Cruzamento,Bom,Intermitente,Perfeito estado,Molhada,Perfeito estado,Faixa de pedestre,Outras,"",Dupla,Faixa seccionada,"",""