_id,DATA,hora,natureza_acidente,situacao,bairro,endereco,numero,detalhe_endereco_acidente,complemento,endereco_cruzamento,numero_cruzamento,referencia_cruzamento,bairro_cruzamento,num_semaforo,sentido_via,tipo,descricao,auto,moto,ciclom,ciclista,pedestre,onibus,caminhao,viatura,outros,vitimas,vitimasfatais,acidente_verificado,tempo_clima,situacao_semaforo,sinalizacao,condicao_via,conservacao_via,ponto_controle,situacao_placa,velocidade_max_via,mao_direcao,divisao_via1,divisao_via2,divisao_via3
5155,2019-06-12T00:00:00,15:19:00,SEM VÍTIMA,FINALIZADA,AREIAS,AV RECIFE,1644,"",EM FRENTE A MARK DIVERSÕES,AV RECIFE,1644,EM FRENTE A MARK DIVERSÕES,AREIAS,,"",COLISÃO TRASEIRA,COLISÃO SEM VÍTIMA,1,,,,,,1,,1,0,,Longo da via,Chuvoso,Não existe,Perfeito estado,Molhada,Perfeito estado,Não existe,Outras,"",Dupla,Faixa seccionada,Canteiro central,""
5156,2019-06-12T00:00:00,17:09:00,SEM VÍTIMA,FINALIZADA,CAXANGÁ,RUA PROFESSOR ANTONIO COELHO,"",AV CAXANGA,EM FRENTE AO RESTAURANTE BRAZETTUS,RUA PROFESSOR ANTONIO COELHO,"",EM FRENTE AO RESTAURANTE BRAZETTUS,CAXANGÁ,,CIDADE,ABALROAMENTO LONGITUDINAL,"COLISÃO SEM VÍTIMAS, ENVOLVENDO ÔNIBUS E CAMINHÃO.",,,,,,1,1,,,0,,Longo da via,Chuvoso,Não existe,Ilegível,Molhada,Perfeito estado,Faixa de pedestre,Não há placas,"",Dupla,Faixa contínua,"",""
5157,2019-06-12T00:00:00,17:15:00,SEM VÍTIMA,FINALIZADA,DOIS IRMÃOS,RUA DOIS IRMAOS,"","",MOTEL SENZALA,RUA DOIS IRMAOS,"",MOTEL SENZALA,DOIS IRMÃOS,,CIDADE,COLISÃO TRASEIRA,COLISAO ENTRE DOIS AUTOS S/V,2,,,,,,,,,0,,Longo da via,Bom,Não existe,Perfeito estado,Seca,Perfeito estado,Não existe,Outras,"",Dupla,Faixa contínua,"",""
5158,2019-06-12T00:00:00,17:24:00,SEM VÍTIMA,FINALIZADA,CORDEIRO,AV GENERAL SAN MARTIN,"","",AO LADO DO COMPAZ,AV GENERAL SAN MARTIN,"",AO LADO DO COMPAZ,CORDEIRO,,SUBURBIO,COLISÃO TRASEIRA,COLISAO ENTRE DOIS AUTOS S/V,2,,,,,,,,,0,,Longo da via,Chuvoso,Não existe,Perfeito estado,Molhada,Perfeito estado,Não existe,R-6a,"",Dupla,Faixa contínua,"",""
5159,2019-06-12T00:00:00,17:33:00,SEM VÍTIMA,CANCELADA,BOA VIAGEM,RUA JONATHAS DE VASCONCELOS,316,"",E/F A UNINASSAU,RUA JONATHAS DE VASCONCELOS,316,E/F A UNINASSAU,BOA VIAGEM,,"",COLISÃO,COLISAO ENTRE DOIS AUTOS S/V,2,,,,,,,,,0,,"","","","","","","","","","","","",""
5160,2019-06-12T00:00:00,17:36:00,SEM VÍTIMA,FINALIZADA,SÃO JOSÉ,AV SUL,"",AV DANTAS BARRETO,"",AV SUL,"","",SÃO JOSÉ,311,CIDADE,ABALROAMENTO LONGITUDINAL,DOIS AUTO SEM VITIMAS,2,,,,,,,,,0,,Longo da via,Chuvoso,Sem defeito,Perfeito estado,Seca,Perfeito estado,"",Outras,60 km/h,Dupla,Canteiro central,"",""
5161,2019-06-12T00:00:00,17:45:00,SEM VÍTIMA,FINALIZADA,SANTO ANTÔNIO,PRC DA REPUBLICA,"","",E/F AO PALACIO DO GOVERNO,PRC DA REPUBLICA,"",E/F AO PALACIO DO GOVERNO,SANTO ANTÔNIO,488,SUBURBIO,COLISÃO TRASEIRA,COLISAO ENTRE DOS AUTOS S/V,2,,,,,,,,,0,,Longo da via,Bom,Sem defeito,Perfeito estado,Seca,Perfeito estado,Faixa de pedestre,R-6a,40 km/h,Única,Faixa contínua,"",""
5162,2019-06-12T00:00:00,18:12:00,SEM VÍTIMA,FINALIZADA,PRADO,RUA PADRE TEOFILO TWORZ,"",RUA SANTA EDWIRGES,"",RUA PADRE TEOFILO TWORZ,"","",PRADO,,SUBURBIO,ABALROAMENTO TRANSVERSAL,DOIS AUTO SEM VITIMAS,2,,,,,,,,,0,,Cruzamento,Bom,Não existe,Perfeito estado,Seca,Perfeito estado,Não existe,Não há placas,"",Dupla,Canteiro central,"",""
5163,2019-06-12T00:00:00,18:46:00,SEM VÍTIMA,FINALIZADA,CAMPO GRANDE,RUA ODORICO MENDES,695,"","",RUA ODORICO MENDES,695,"",CAMPO GRANDE,,SUBURBIO,COLISÃO TRASEIRA,TRÊS AUTO SEM VITIMAS,3,,,,,,,,,0,,Longo da via,Bom,Não existe,Perfeito estado,Seca,Perfeito estado,Outros,Outras,"",Dupla,Blocos,"",""
5164,2019-06-12T00:00:00,18:51:00,SEM VÍTIMA,FINALIZADA,SANTO AMARO,AV GOVERNADOR AGAMENON MAGALHAES,"","",LADO OPOSTO A FACULDADE UPE,AV GOVERNADOR AGAMENON MAGALHAES,"",LADO OPOSTO A FACULDADE UPE,SANTO AMARO,,SUBURBIO,ABALROAMENTO LONGITUDINAL,COLISÃO ENTRE AUTO E MOTO S/V,1,1,,,,,,,,0,,Longo da via,Bom,Não existe,Perfeito estado,Seca,Perfeito estado,Não existe,Outras,"",Dupla,Faixa seccionada,Canal,""
5165,2019-06-12T00:00:00,19:17:00,SEM VÍTIMA,CANCELADA,ÁGUA FRIA,RUA DAS MOCAS,1498,"",E/F AO RESD BIAGIL CHIAPPETTA,RUA DAS MOCAS,1498,E/F AO RESD BIAGIL CHIAPPETTA,ÁGUA FRIA,,"",COLISÃO COM CICLISTA,MOTO E CICLISTA SEM VITIMAS,,1,,1,,,,,,0,,"","","","","","","","","","","","",""
5166,2019-06-12T00:00:00,19:18:00,COM VÍTIMA,FINALIZADA,IMBIRIBEIRA,RUA GONCALVES DE MAGALHAES,196,"","",RUA GONCALVES DE MAGALHAES,196,"",IMBIRIBEIRA,,SUBURBIO,COLISÃO TRASEIRA,COLISÃO ENTRE DOIS AUTOS S/V,2,,,,,,,,,2,,Longo da via,Chuvoso,Não existe,Não existente,Molhada,Mal conservada,Não existe,Não há placas,"",Dupla,Não existe,"",""
5167,2019-06-12T00:00:00,19:53:00,SEM VÍTIMA,FINALIZADA,CAMPO GRANDE,RUA MARQUES DE BAIPENDI,"",RUA JERONIMO VILELA,"",RUA MARQUES DE BAIPENDI,"","",CAMPO GRANDE,341,SUBURBIO,COLISÃO TRASEIRA,DOIS AUTO SEM VITIMAS,2,,,,,,,,,0,,Cruzamento,Bom,Sem defeito,Perfeito estado,Seca,Perfeito estado,Faixa de pedestre,R-6a,"",Dupla,Faixa contínua,Faixa seccionada,""
5168,2019-06-12T00:00:00,20:36:00,SEM VÍTIMA,FINALIZADA,CASA FORTE,EST DO ENCANAMENTO,459,"","",EST DO ENCANAMENTO,459,"",CASA FORTE,,SUBURBIO,COLISÃO TRASEIRA,DOIS AUTO SEM VITIMAS,2,,,,,,,,,0,,Longo da via,Bom,Não existe,Perfeito estado,Seca,Perfeito estado,Outros,Outras,"",Única,Faixa contínua,"",""
5169,2019-06-12T00:00:00,22:15:00,SEM VÍTIMA,FINALIZADA,BOA VIAGEM,AV CONSELHEIRO AGUIAR,"","",POSTO DE GASOLINA IPIRANGA,AV CONSELHEIRO AGUIAR,"",POSTO DE GASOLINA IPIRANGA,BOA VIAGEM,,CIDADE,COLISÃO TRASEIRA,AUTO E MOTO SEM VITIMAS,1,1,,,,,,,,0,,Longo da via,Bom,Não existe,Perfeito estado,Seca,Perfeito estado,Não existe,R-6a,60 km/h,Única,Faixa contínua,Faixa seccionada,""
5170,2019-06-12T00:00:00,23:44:00,SEM VÍTIMA,FINALIZADA,BOA VIAGEM,RUA RIBEIRO DE BRITO,"",RUA AGENOR LOPES,"",RUA RIBEIRO DE BRITO,"","",BOA VIAGEM,496,CIDADE,ABALROAMENTO LONGITUDINAL,COLISÃO ENTRE DOIS AUTOS S/V,2,,,,,,,,,0,,Cruzamento,Chuvoso,Sem defeito,Perfeito estado,Molhada,Perfeito estado,Faixa de pedestre,R-6a,60 km/h,Única,Faixa contínua,Faixa seccionada,""
5171,2019-06-13T00:00:00,00:09:00,SEM VÍTIMA,FINALIZADA,IMBIRIBEIRA,AV MARECHAL MASCARENHAS DE MORAES,"","",LOCALIXA VEÍCULOS / EM FRENTE AO AEROPORTO,AV MARECHAL MASCARENHAS DE MORAES,"",LOCALIXA VEÍCULOS / EM FRENTE AO AEROPORTO,IMBIRIBEIRA,218,CIDADE,COLISÃO TRASEIRA,COLISÃO ENTRE DOIS AUTOS S/V,2,,,,,,,,,0,,Longo da via,Chuvoso,Sem defeito,Perfeito estado,Molhada,Perfeito estado,Faixa de pedestre,R-6a,60 km/h,Única,Faixa contínua,Faixa seccionada,""
5172,2019-06-13T00:00:00,03:09:00,SEM VÍTIMA,FINALIZADA,CASA FORTE,AV DEZESSETE DE AGOSTO,"","EST DAS UBAIAS,","",AV DEZESSETE DE AGOSTO,"","",CASA FORTE,469,CIDADE,ABALROAMENTO LONGITUDINAL,COLISÃO ENTRE DAUTO E CAMINHÃO S/V,1,,,,,,1,,1,0,,Longo da via,Bom,Sem defeito,Perfeito estado,Seca,Perfeito estado,"","","",Dupla,Faixa contínua,Faixa seccionada,""
5173,2019-06-13T00:00:00,03:42:00,SEM VÍTIMA,FINALIZADA,TORRE,RUA REAL DA TORRE,246,"",TÚNEL DA ABOLIÇÃO / HELIAR BATERIAS,RUA REAL DA TORRE,246,TÚNEL DA ABOLIÇÃO / HELIAR BATERIAS,TORRE,237,SUBURBIO,CHOQUE OBJETO FIXO,CONDUTOR PERDEU O CONTROLE DA DIREÇÃO E CHOCOU-SE CONTRA UM POSTE,1,,,,,,,,,0,,Longo da via,Chuvoso,Intermitente,Perfeito estado,Molhada,Perfeito estado,Faixa de pedestre,R-6a,50 km/h,Única,Faixa contínua,Faixa seccionada,""
5174,2019-06-13T00:00:00,06:25:00,COM VÍTIMA,CANCELADA,IMBIRIBEIRA,AV MARECHAL MASCARENHAS DE MORAES,6133,"","EM FRENTE A FOCO ALUGUEL DE VEICULOS, SENT. CIDADE",AV MARECHAL MASCARENHAS DE MORAES,6133,PROX. A CAPELINHA,IMBIRIBEIRA,,CIDADE,COLISÃO,AUTO E MOTO,1,1,,,,,,,,2,,"","","","","","","","","","","","",""
5175,2019-06-13T00:00:00,06:30:00,SEM VÍTIMA,CANCELADA,BOA VIAGEM,RUA MINISTRO NELSON HUNGRIA,661,RUA MARIA CAROLINA,EM FRENTE AO BISTROL RECIFE HOTEL,RUA MINISTRO NELSON HUNGRIA,661,EM FRENTE AO BISTROL RECIFE HOTEL,BOA VIAGEM,,"",COLISÃO,COLISÃO S/VITIMAS ENTRE DOIS AUTOS,2,,,,,,,,,0,,"","","","","","","","","","","","",""
5176,2019-06-13T00:00:00,07:36:00,SEM VÍTIMA,FINALIZADA,GRAÇAS,RUA DO FUTURO,"","",LADO OPOSTO AO Nº 673,RUA DO FUTURO,"",LADO OPOSTO AO Nº 673,GRAÇAS,,CIDADE,COLISÃO TRASEIRA,COLISÃO SEM VITIMAS,1,,,,,,1,,,0,,Longo da via,Chuvoso,Não existe,Perfeito estado,Molhada,Perfeito estado,Não existe,Não há placas,40 km/h,Única,Não existe,"",""
5177,2019-06-13T00:00:00,08:09:00,SEM VÍTIMA,FINALIZADA,BOA VISTA,AV CONDE DA BOA VISTA,"","",LADO OPOSTO AO POSTO IPIRANGA,AV CONDE DA BOA VISTA,"",LADO OPOSTO AO POSTO IPIRANGA,BOA VISTA,27,SUBURBIO,ABALROAMENTO LONGITUDINAL,COLISÃO S/VITIMAS ENTRE AUTO E ONIBUS,1,,,,,1,,,,0,,Longo da via,Chuvoso,Sem defeito,Perfeito estado,Molhada,Perfeito estado,Faixa de pedestre,R-6a,"",Única,Não existe,"",""
5178,2019-06-13T00:00:00,08:56:00,SEM VÍTIMA,FINALIZADA,BOA VIAGEM,AV DES JOSE NEVES,"",RUA JOAQUIM PINHEIRO,"",AV DES JOSE NEVES,"","",BOA VIAGEM,567,"",ABALROAMENTO TRANSVERSAL,COLISÃO SEM VITIMAS,2,,,,,,,,,0,,Cruzamento,Chuvoso,Sem defeito,Perfeito estado,Molhada,Perfeito estado,Outros,"",50 km/h,Dupla,Canteiro central,Canal,""
5179,2019-06-13T00:00:00,10:30:00,COM VÍTIMA,FINALIZADA,BEBERIBE,AV BEBERIBE,"","",EM FRENTE A PARADA DE ÔNIBUS Nº 120058,AV BEBERIBE,"",EM FRENTE A PARADA DE ÔNIBUS Nº 120058,BEBERIBE,559,SUBURBIO,COLISÃO TRASEIRA,COM VÍTIMA,,1,,,,1,,,,1,,Longo da via,Chuvoso,Sem defeito,Perfeito estado,Molhada,Perfeito estado,Faixa de pedestre,Não há placas,"",Dupla,Faixa contínua,"",""
5180,2019-06-13T00:00:00,11:07:00,SEM VÍTIMA,FINALIZADA,IPUTINGA,AV MAURICIO DE NASSAU,151,"",EM FRENTE A RESIDENCIA DE Nº 151,AV MAURICIO DE NASSAU,151,EM FRENTE A RESIDENCIA DE Nº 151,IPUTINGA,,CIDADE,ABALROAMENTO LONGITUDINAL,ATO E VIATURA,1,,,,,,,1,,0,,Longo da via,Chuvoso,Não existe,Incompleta,Molhada,Perfeito estado,Não existe,Outras,"",Dupla,Não existe,"",""
5181,2019-06-13T00:00:00,14:28:00,SEM VÍTIMA,CANCELADA,IMBIRIBEIRA,AV MARECHAL MASCARENHAS DE MORAES,"","",SOB O VIADUTU TANCREDO NEVES SENTIDO CIDADE,AV MARECHAL MASCARENHAS DE MORAES,"",SOB O VIADUTU TANCREDO NEVES SENTIDO CIDADE,IMBIRIBEIRA,,"",COLISÃO,UMA CARRETA E UM AUTO PASSEIO,1,,,,,,1,,,0,,"","","","","","","","","","","","",""
5182,2019-06-13T00:00:00,14:48:00,COM VÍTIMA,FINALIZADA,IMBIRIBEIRA,AV MARECHAL MASCARENHAS DE MORAES,7935,"",EM FRENTE AO FOTON,AV MARECHAL MASCARENHAS DE MORAES,7935,EM FRENTE AO FOTON,IMBIRIBEIRA,,CIDADE,ABALROAMENTO TRANSVERSAL,"",1,1,,,,,,,,1,,Longo da via,Chuvoso,Não existe,Não existente,Molhada,Perfeito estado,Não existe,Não há placas,"",Dupla,Canteiro central,"",""
5183,2019-06-13T00:00:00,15:11:00,COM VÍTIMA,FINALIZADA,BOA VIAGEM,AV ENGENHEIRO DOMINGOS FERREIRA,"","","EM FRENTE A DELEGACIA DE BOA VIAGEM, PISTA DA DIREITA",AV ENGENHEIRO DOMINGOS FERREIRA,"","EM FRENTE A DELEGACIA DE BOA VIAGEM, PISTA DA DIREITA",BOA VIAGEM,,"",COLISÃO,UMA MOTOCICLETA E AUTO PASEIO,1,1,,,,,,,,1,,"","","","","","","","","","","","",""
5184,2019-06-13T00:00:00,17:05:00,COM VÍTIMA,FINALIZADA,ARRUDA,RUA MARQUES DE BAIPENDI,"",RUA MADRE ROSA GATTORNO,PRAÇA ULISSES LEONS DE OLIVEIRA,RUA MARQUES DE BAIPENDI,"",PRAÇA ULISSES LEONS DE OLIVEIRA,ARRUDA,,"",ABALROAMENTO LONGITUDINAL,"",,1,,,,,1,,,1,,Cruzamento,Chuvoso,Não existe,Não existente,Molhada,Perfeito estado,Não existe,Não há placas,"",Dupla,Não existe,"",""
5185,2019-06-13T00:00:00,17:22:00,VÍTIMA FATAL,FINALIZADA,PAISSANDU,AV GOVERNADOR AGAMENON MAGALHAES,"",RUA PAISSANDU,SOB O SEMÁFORO 69/ SENTIDO OLINDA,AV GOVERNADOR AGAMENON MAGALHAES,"",SOB O SEMÁFORO 69/ SENTIDO OLINDA,PAISSANDU,,SUB/CID,ATROPELAMENTO,CADEIRANTE NA FAIXA DE PEDESTRE DO SEMÁFORO 069,1,,,,1,,,,,,1,Cruzamento,Chuvoso,Sem defeito,Perfeito estado,Molhada,Perfeito estado,"",Outras,60 km/h,Dupla,Canal,"",""
5186,2019-06-13T00:00:00,18:26:00,SEM VÍTIMA,FINALIZADA,PINA,AV ANTONIO DE GOES,"","",EM FRENTE A PRF,AV ANTONIO DE GOES,"",EM FRENTE A PRF,PINA,,CIDADE,ABALROAMENTO LONGITUDINAL,COLISÃO SEM VÍTIMAS,1,,,,,1,,,,0,,Longo da via,Chuvoso,Não existe,Perfeito estado,Molhada,Perfeito estado,Outros,Outras,"",Única,Faixa seccionada,"",""
5187,2019-06-13T00:00:00,22:57:00,SEM VÍTIMA,FINALIZADA,SANTO ANTÔNIO,RUA DO SOL,"","",PRAÇA JOAQUIM NABUCO,RUA DO SOL,"",PRAÇA JOAQUIM NABUCO,SANTO ANTÔNIO,,SUBURBIO,CHOQUE OBJETO FIXO,VEÍCULO SE CHOCOU COM OBJETO FIXO,1,,,,,,,,,0,,Longo da via,Chuvoso,Sem defeito,Perfeito estado,Molhada,Perfeito estado,Não existe,Não há placas,"",Única,"","",""
5188,2019-06-13T00:00:00,23:17:00,SEM VÍTIMA,FINALIZADA,NOVA DESCOBERTA,RUA PINDAI,"","","",RUA PINDAI,"","",NOVA DESCOBERTA,,CIDADE,CHOQUE OBJETO FIXO,VEÍCULO SE CHOCOU COM UMA RESIDÊNCIA,1,,,,,,,,,0,,Longo da via,Chuvoso,Não existe,"",Molhada,"","","","",Dupla,"","",""
5189,2019-06-14T00:00:00,06:09:00,SEM VÍTIMA,FINALIZADA,BOA VIAGEM,AV VINTE DE JANEIRO,295,"","",AV VINTE DE JANEIRO,295,"",BOA VIAGEM,,SUBURBIO,COLISÃO TRASEIRA,"",2,,,,,,,,,0,,Longo da via,Bom,Sem defeito,Perfeito estado,Seca,Perfeito estado,Não existe,Não há placas,"",Dupla,Faixa seccionada,"",""
5190,2019-06-14T00:00:00,06:32:00,SEM VÍTIMA,FINALIZADA,SÃO JOSÉ,RUA BARAO DE SAO BORJA,"","",EM FRENTE A IGREJA LARGO DO SANTA CRUZ,RUA BARAO DE SAO BORJA,"",EM FRENTE A IGREJA LARGO DO SANTA CRUZ,SÃO JOSÉ,221,SUBURBIO,ABALROAMENTO LONGITUDINAL,S/V,1,,,,,1,,,,0,,Cruzamento,Bom,Sem defeito,Perfeito estado,Seca,Perfeito estado,Faixa de pedestre,"","","","","",""
5191,2019-06-14T00:00:00,06:52:00,SEM VÍTIMA,FINALIZADA,ENCRUZILHADA,AV JOAO DE BARROS,1883,"",E/F AO BRADESCO,AV JOAO DE BARROS,1883,E/F AO BRADESCO,ENCRUZILHADA,43,CIDADE,COLISÃO TRASEIRA,2 AUTOS S/V,2,,,,,,,,,0,,Longo da via,Bom,Sem defeito,Perfeito estado,Seca,Perfeito estado,Agente,Outras,40 km/h,Única,Outros,"",""
5192,2019-06-14T00:00:00,07:23:00,SEM VÍTIMA,FINALIZADA,BONGI,EST DO BONGI,"",AV MANOEL GONCALVES DA LUZ,PRÓXIMO A IGREJA BATISTA DO BONGI,EST DO BONGI,"",PRÓXIMO A IGREJA BATISTA DO BONGI,BONGI,,SUBURBIO,ABALROAMENTO LONGITUDINAL,SEM VÍTIMA,2,,,,,,,,,0,,Cruzamento,Bom,Não existe,Incompleta,Seca,Perfeito estado,Faixa de pedestre,Não há placas,"",Dupla,Faixa contínua,Faixa seccionada,""
5193,2019-06-14T00:00:00,07:39:00,SEM VÍTIMA,PENDENTE,GRAÇAS,AV RUI BARBOSA,"","",EM FRENTE AO TRE,AV RUI BARBOSA,"",EM FRENTE AO TRE,GRAÇAS,,"",COLISÃO,SEM VITIMA,,,,,,,,,,0,,"","","","","","","","","","","","",""
5194,2019-06-14T00:00:00,08:11:00,SEM VÍTIMA,FINALIZADA,BOA VISTA,RUA AURORA,175,AV CONDE DA BOA VISTA,EM FRENTE AO CINEMA SAO LUIZ,RUA AURORA,175,EM FRENTE AO CINEMA SAO LUIZ,BOA VISTA,162,"",COLISÃO TRASEIRA,DOIS AUTOS SEM VÍTIMA,2,,,,,,,,,0,,Cruzamento,Bom,Sem defeito,Perfeito estado,Seca,Perfeito estado,Faixa de pedestre,"","",Única,Faixa seccionada,"",""
5195,2019-06-14T00:00:00,08:23:00,SEM VÍTIMA,FINALIZADA,BOA VIAGEM,RUA JOSE DOMINGUES DA SILVA,"",RUA PADRE CABRAL,"",RUA JOSE DOMINGUES DA SILVA,"","",BOA VIAGEM,,SUBURBIO,ABALROAMENTO TRANSVERSAL,COLISÃO SEM VITIMA,2,,,,,,,,,0,,Cruzamento,Bom,Não existe,Não existente,Seca,Perfeito estado,Não existe,Não há placas,"",Dupla,Não existe,"",""
5196,2019-06-14T00:00:00,08:52:00,SEM VÍTIMA,DUPLICIDADE,GRAÇAS,AV RUI BARBOSA,"","",EM FRENTE AO T.R.E,AV RUI BARBOSA,"",EM FRENTE AO T.R.E,GRAÇAS,,"",COLISÃO,COLISÃO SEM VITIMAS,2,1,,,,,,,,0,,"","","","","","","","","","","","",""
5197,2019-06-14T00:00:00,09:00:00,SEM VÍTIMA,PENDENTE,ILHA JOANA BEZERRA,RUA IMPERIAL,"","",AO LADO DO VIADUTO JOANA BEZERRA,RUA IMPERIAL,"",AO LADO DO VIADUTO JOANA BEZERRA,ILHA JOANA BEZERRA,,"",CHOQUE,CONDUTOR CHOCOU SE CONTRA MURO SEM VITIMAS,1,,,,,,,,,0,,"","","","","","","","","","","","",""
5198,2019-06-14T00:00:00,09:20:00,SEM VÍTIMA,FINALIZADA,MADALENA,AV JOSE GONCALVES DE MEDEIROS,149,"",EM FRENTE AO PETVILA,AV JOSE GONCALVES DE MEDEIROS,149,EM FRENTE AO PETVILA,MADALENA,,CIDADE,ABALROAMENTO LONGITUDINAL,COLISÃO S/VITIMAS ENTRE DOIS AUTOS,2,,,,,,,,,0,,Longo da via,Bom,Não existe,Perfeito estado,Seca,Perfeito estado,Não existe,Não há placas,"",Dupla,Faixa seccionada,"",""
5199,2019-06-14T00:00:00,09:30:00,COM VÍTIMA,CANCELADA,CAXANGÁ,AV CAXANGA,4251,"",EM FRENTE A CAXANGA VEICULOS,AV CAXANGA,4251,EM FRENTE A CAXANGA VEICULOS,CAXANGÁ,,CIDADE,ABALROAMENTO LONGITUDINAL,COLISÃO COM VITIMAS SOCORRIDA PELO SAMU,1,1,,,,,,,,2,,Longo da via,Bom,Sem defeito,Perfeito estado,Seca,Perfeito estado,"",Outras,"",Dupla,Canteiro central,"",""
5200,2019-06-14T00:00:00,10:26:00,COM VÍTIMA,FINALIZADA,IMBIRIBEIRA,RUA BARAO DE AGUA BRANCA,376,RUA DUQUE ESTRADA,SOB O POSTE H 034872,RUA BARAO DE AGUA BRANCA,376,SOB O POSTE H 034872,IMBIRIBEIRA,,SUB/CID,ABALROAMENTO LONGITUDINAL,"COM DUAS VITIMAS,AGUARDANDO SAMU",1,1,,,,,,,,2,,Cruzamento,Bom,Não existe,Não existente,Seca,Perfeito estado,"",Não há placas,30 km/h,Dupla,"","",""
5201,2019-06-14T00:00:00,10:30:00,COM VÍTIMA,FINALIZADA,COELHOS,RUA DOS COELHOS,"","",EM FRENTE AO IMIP,RUA DOS COELHOS,"",EM FRENTE AO IMIP,COELHOS,359,CIDADE,ATROPELAMENTO,COM UMA VITIMA AGUARDANDO O SAMU,1,,,,1,,,,,1,,Longo da via,Bom,Sem defeito,Perfeito estado,Seca,Perfeito estado,Faixa de pedestre,"","",Dupla,Faixa contínua,Faixa seccionada,""
5202,2019-06-14T00:00:00,10:31:00,SEM VÍTIMA,FINALIZADA,JOANA BEZERRA,AV DES GUERRA BARRETO,"","",AO LADO DO FÓRUM,AV DES GUERRA BARRETO,"",AO LADO DO FÓRUM,JOANA BEZERRA,,SUBURBIO,CHOQUE OBJETO FIXO,CONDUTOR CHOCOU SE CONTRA MURO SEM VITIMAS,1,,,,,,,,,0,,Longo da via,Bom,Não existe,Perfeito estado,Seca,Perfeito estado,Não existe,Não há placas,"",Dupla,Canal,"",""
5203,2019-06-14T00:00:00,10:49:00,COM VÍTIMA,DUPLICIDADE,IMBIRIBEIRA,RUA BARAO DE AGUA BRANCA,376,RUA DUQUE ESTRADA,NA RUA DO HOTEL DEVANEIOS,RUA BARAO DE AGUA BRANCA,376,NA RUA DO HOTEL DEVANEIOS,IMBIRIBEIRA,,"",COLISÃO,COLISÃO COM VITIMA A ESPERA DO SAMU,1,1,,,,,,,,1,,"","","","","","","","","","","","",""
5204,2019-06-14T00:00:00,10:51:00,SEM VÍTIMA,FINALIZADA,ILHA DO RETIRO,AV ENGENHEIRO ABDIAS DE CARVALHO,"",EST DOS REMEDIOS,"",AV ENGENHEIRO ABDIAS DE CARVALHO,"","",ILHA DO RETIRO,52,SUBURBIO,ABALROAMENTO LONGITUDINAL,SEM VÍTIMA,,,,,,1,1,,,0,,Cruzamento,Bom,Desligado,Perfeito estado,Seca,Perfeito estado,Agente,R-6a,"",Dupla,Canteiro central,"",""
5205,2019-06-14T00:00:00,10:55:00,COM VÍTIMA,DUPLICIDADE,COELHOS,RUA DOS COELHOS,"","",EM FRENTE AO IMIP,RUA DOS COELHOS,"",EM FRENTE AO IMIP,COELHOS,,"",ATROPELAMENTO,AUTO E PEDESTRE,1,,,,1,,,,,1,,"","","","","","","","","","","","",""
5206,2019-06-14T00:00:00,11:28:00,SEM VÍTIMA,CANCELADA,SÃO JOSÉ,RUA IMPERIAL,1410,"",APÓS O POSTO BR,RUA IMPERIAL,1410,APÓS O POSTO BR,SÃO JOSÉ,,"",COLISÃO,COLISÃO S/VITIMA ENTRE AUTO E CAMINHÃO,1,,,,,,1,,,0,,"","","","","","","","","","","","",""
5207,2019-06-14T00:00:00,11:32:00,SEM VÍTIMA,CANCELADA,IPUTINGA,RUA SAO MATEUS,255,"",PROX. A PADARIA MASSA PURA,RUA SAO MATEUS,255,PROX. A PADARIA MASSA PURA,IPUTINGA,,"",COLISÃO,DOIS CAMINHÕES,,,,,,,2,,,0,,"","","","","","","","","","","","",""
5208,2019-06-14T00:00:00,11:39:00,SEM VÍTIMA,DUPLICIDADE,SÃO JOSÉ,RUA IMPERIAL,1473,"",EM FRENTE A ANTIGA LOJA CABANGA VEICULOS,RUA IMPERIAL,1473,EM FRENTE A ANTIGA LOJA CABANGA VEICULOS,SÃO JOSÉ,,"",COLISÃO,COLISÃO SEM VITIMAS,1,,,,,,1,,,0,,"","","","","","","","","","","","",""
5209,2019-06-14T00:00:00,11:42:00,SEM VÍTIMA,PENDENTE,IPSEP,RUA JEAN EMILE FAVRE,521,"",EM FRENTE A FACULDADE BOA VIAGEM,RUA JEAN EMILE FAVRE,521,EM FRENTE A FACULDADE BOA VIAGEM,IPSEP,,"",COLISÃO,COLISÃO SEM VITIMAS,1,,,,,,1,,,0,,"","","","","","","","","","","","",""
5210,2019-06-14T00:00:00,11:50:00,SEM VÍTIMA,FINALIZADA,BOA VIAGEM,AV ENGENHEIRO DOMINGOS FERREIRA,2700,"","",AV ENGENHEIRO DOMINGOS FERREIRA,2700,"",BOA VIAGEM,,SUBURBIO,CHOQUE OBJETO FIXO,CHOQUE ENTRE CARRO DE POLÍCIA E POSTE,,,,,,,,1,,0,,"",Bom,Não existe,Perfeito estado,Seca,Perfeito estado,Não existe,R-6a,"",Única,Canteiro central,"",""
5211,2019-06-14T00:00:00,12:04:00,SEM VÍTIMA,CANCELADA,CASA FORTE,RUA DR JOAO SANTOS FILHO,255,"",PROX. AO SHOPPING DE CASA FORTE,RUA DR JOAO SANTOS FILHO,255,PROX. AO SHOPPING DE CASA FORTE,CASA FORTE,,"",COLISÃO,COLISÃO SEM VITIMA,2,,,,,,,,,0,,"","","","","","","","","","","","",""
5212,2019-06-14T00:00:00,12:05:00,SEM VÍTIMA,CANCELADA,BOA VIAGEM,AV DOM JOAO VI,"","","POR TRAS DO EMPRESARIAL ,AO LADO DO CANAL",AV DOM JOAO VI,"","POR TRAS DO EMPRESARIAL ,AO LADO DO CANAL",BOA VIAGEM,,"",COLISÃO,SEM VITMAS,2,,,,,,,,,0,,"","","","","","","","","","","","",""