_id,DATA,hora,natureza_acidente,situacao,bairro,endereco,numero,detalhe_endereco_acidente,complemento,endereco_cruzamento,numero_cruzamento,referencia_cruzamento,bairro_cruzamento,num_semaforo,sentido_via,tipo,descricao,auto,moto,ciclom,ciclista,pedestre,onibus,caminhao,viatura,outros,vitimas,vitimasfatais,acidente_verificado,tempo_clima,situacao_semaforo,sinalizacao,condicao_via,conservacao_via,ponto_controle,situacao_placa,velocidade_max_via,mao_direcao,divisao_via1,divisao_via2,divisao_via3
5213,2019-06-14T00:00:00,12:21:00,SEM VÍTIMA,CANCELADA,BOA VIAGEM,RUA PADRE BERNADINO PESSOA,317,"",EM FRENTE A HAMBURGUERIA GAMER,RUA PADRE BERNADINO PESSOA,317,EM FRENTE A HAMBURGUERIA GAMER,BOA VIAGEM,,"",COLISÃO,COLISÃO SEM VÍTIMA,1,1,,,,,,,,0,,"","","","","","","","","","","","",""
5214,2019-06-14T00:00:00,12:47:00,SEM VÍTIMA,CANCELADA,SAN MARTIN,AV GENERAL SAN MARTIN,"","","APOS O HOSP. GERTULIO VARGAS , SENTIDO ABDIAS DE CARVALHO",AV GENERAL SAN MARTIN,"","APOS O HOSP. GERTULIO VARGAS , SENTIDO ABDIAS DE CARVALHO",SAN MARTIN,,"",COLISÃO,COLISÃO SEM VITIMA,1,,,,,,,,1,0,,"","","","","","","","","","","","",""
5215,2019-06-14T00:00:00,12:55:00,SEM VÍTIMA,CANCELADA,CORDEIRO,AV ENGENHEIRO ABDIAS DE CARVALHO,"","","EM FRENTE AO COMPAZ, SENTIDO BR",AV ENGENHEIRO ABDIAS DE CARVALHO,"","EM FRENTE AO COMPAZ, SENTIDO BR",CORDEIRO,,"",COLISÃO,COLISÃO SEM VITIMA,2,,,,,,,,,0,,"","","","","","","","","","","","",""
5216,2019-06-14T00:00:00,12:57:00,SEM VÍTIMA,CANCELADA,VÁRZEA,RUA AMARO GOMES POROCA,255,"",EM FRENTE AO RESTAURANTE BRAZZETTUS,RUA AMARO GOMES POROCA,255,EM FRENTE AO RESTAURANTE BRAZZETTUS,VÁRZEA,,"",COLISÃO,COLISÃO SEM VITIMA,1,1,,,,,,,,0,,"","","","","","","","","","","","",""
5217,2019-06-14T00:00:00,13:06:00,SEM VÍTIMA,FINALIZADA,ARRUDA,RUA DO MACHADO,554,RUA ZEFERINO AGRA,EM FRENTE A IGREJA DE SANTO ANTONIO,RUA DO MACHADO,554,EM FRENTE A IGREJA DE SANTO ANTONIO,ARRUDA,,CIDADE,ABALROAMENTO TRANSVERSAL,COLISÃO SEM VÍTIMA,1,1,,,,,,,,0,,Cruzamento,Bom,Não existe,Perfeito estado,Seca,Perfeito estado,Não existe,Placas Pare,"",Dupla,Faixa seccionada,"",""
5218,2019-06-14T00:00:00,13:22:00,SEM VÍTIMA,CANCELADA,MUSTARDINHA,AV MANOEL GONCALVES DA LUZ,"","",EM FRENTE A QUADRA DO ABC,AV MANOEL GONCALVES DA LUZ,"",EM FRENTE A QUADRA DO ABC,MUSTARDINHA,,"",COLISÃO,COLISÃO SEM VÍTIMA,2,,,,,,,,,0,,"","","","","","","","","","","","",""
5219,2019-06-14T00:00:00,13:22:00,SEM VÍTIMA,PENDENTE,SAN MARTIN,RUA VEREADOR SERGIO XAVIER,106,"",POR TRAS DA LOJA MULTILAR,RUA VEREADOR SERGIO XAVIER,106,POR TRAS DA LOJA MULTILAR,SAN MARTIN,,"",COLISÃO,COLISÃO SEM VÍTIMA,2,,,,,,,,,0,,"","","","","","","","","","","","",""
5220,2019-06-14T00:00:00,13:26:00,SEM VÍTIMA,FINALIZADA,IMBIRIBEIRA,AV SUL,5095,"",EM FRENTE AO EDIFICIO SHOPPING PARK RESIDENCE,AV SUL,5095,EM FRENTE AO EDIFICIO SHOPPING PARK RESIDENCE,IMBIRIBEIRA,,"",ABALROAMENTO LONGITUDINAL,COLISÃO SEM VÍTIMA,1,,,,,,,,1,0,,Longo da via,Bom,Não existe,Não existente,Seca,Perfeito estado,Não existe,Não há placas,"",Dupla,Não existe,"",""
5221,2019-06-14T00:00:00,13:34:00,SEM VÍTIMA,FINALIZADA,BOA VIAGEM,RUA JOSE DA SILVA LUCENA,"","",EM FRENTE AO COLEGIO GGE,RUA JOSE DA SILVA LUCENA,"",EM FRENTE AO COLEGIO GGE,BOA VIAGEM,,SUBURBIO,ABALROAMENTO LONGITUDINAL,DOIS AUTOS,2,,,,,,,,,0,,Longo da via,Bom,Não existe,Perfeito estado,Seca,Perfeito estado,"",Não há placas,"",Dupla,Faixa contínua,"",""
5222,2019-06-14T00:00:00,14:34:00,SEM VÍTIMA,CANCELADA,AFOGADOS,EST DOS REMEDIOS,1603,"",EM FRENTE A HYUNDAI,EST DOS REMEDIOS,1603,EM FRENTE A HYUNDAI,AFOGADOS,,"",COLISÃO,MOTO E AUTO,1,1,,,,,,,,0,,"","","","","","","","","","","","",""
5223,2019-06-14T00:00:00,14:36:00,SEM VÍTIMA,FINALIZADA,SANTO AMARO,AV CRUZ CABUGA,"",RUA DOS PALMARES,AO LADO DA ASSEMBLEIA DE DEUS,AV CRUZ CABUGA,"",AO LADO DA ASSEMBLEIA DE DEUS,SANTO AMARO,,SUBURBIO,ABALROAMENTO LONGITUDINAL,SEM VITIMA,,1,,,,1,,,,0,,Cruzamento,Bom,Sem defeito,Perfeito estado,Seca,Perfeito estado,Faixa de pedestre,"","",Dupla,Não existe,"",""
5224,2019-06-14T00:00:00,14:37:00,SEM VÍTIMA,CANCELADA,AFOGADOS,RUA SAO MIGUEL,"","",EM FRENTE AO 14º BATALHÃO,RUA SAO MIGUEL,"",EM FRENTE AO 14º BATALHÃO,AFOGADOS,,"",COLISÃO,COLISÃO SEM VÍTIMA,2,,,,,,,,,0,,"","","","","","","","","","","","",""
5225,2019-06-14T00:00:00,14:55:00,SEM VÍTIMA,DUPLICIDADE,SANTO AMARO,AV MARIO MELO,"","",AO LADO DA ASSEMBLEIA DE DEUS,AV MARIO MELO,"",AO LADO DA ASSEMBLEIA DE DEUS,SANTO AMARO,,"",COLISÃO,ONIBUS E MOTO,,,,,,,,,,0,,"","","","","","","","","","","","",""
5226,2019-06-14T00:00:00,15:19:00,COM VÍTIMA,FINALIZADA,SANTO AMARO,AV CRUZ CABUGA,343,RUA DR JOAO VIEIRA DE MENEZES,"",AV CRUZ CABUGA,343,"",SANTO AMARO,,CIDADE,CAPOTAMENTO,QUEDA MOTOCICLISTA,,1,,,,,,,,1,,Longo da via,Bom,Sem defeito,Perfeito estado,Seca,"",Não existe,Outras,"",Dupla,Faixa contínua,"",""
5227,2019-06-14T00:00:00,15:34:00,SEM VÍTIMA,FINALIZADA,CAXANGÁ,AV CAXANGA,231,"","",AV CAXANGA,231,"",CAXANGÁ,231,CIDADE,COLISÃO TRASEIRA,COLISÃO S/ VÍTIMA CAMINHÃO E AUTO PASSEIO,1,,,,,,1,,,0,,Longo da via,Bom,Sem defeito,Perfeito estado,Seca,Perfeito estado,Faixa de pedestre,Não há placas,"",Dupla,Canteiro central,"",""
5228,2019-06-14T00:00:00,16:00:00,SEM VÍTIMA,FINALIZADA,BOA VIAGEM,AV ENGENHEIRO DOMINGOS FERREIRA,2502,"","",AV ENGENHEIRO DOMINGOS FERREIRA,2502,"",BOA VIAGEM,,SUBURBIO,ABALROAMENTO LONGITUDINAL,COLISÃO SEM VÍTIMA,1,1,,,,,,,,0,,Longo da via,Bom,Não existe,Perfeito estado,Seca,Perfeito estado,Não existe,Não há placas,60 km/h,Única,Faixa contínua,"",""
5229,2019-06-14T00:00:00,16:09:00,COM VÍTIMA,FINALIZADA,CASA FORTE,RUA SANTANA,136,"",PROXIMO AO IBAMA,RUA SANTANA,136,PROXIMO AO IBAMA,CASA FORTE,,"",COLISÃO,COLISÃO COM VÍTIMA,1,1,,,,,,,,1,,"","","","","","","","","","","","",""
5230,2019-06-14T00:00:00,16:18:00,SEM VÍTIMA,CANCELADA,JARDIM SÃO PAULO,RUA LEANDRO BARRETO,1293,"",RM FRENTE A LOJA DE TATUAGEM,RUA LEANDRO BARRETO,1293,RM FRENTE A LOJA DE TATUAGEM,JARDIM SÃO PAULO,,"",COLISÃO,MOTO E TAXI,1,1,,,,,,,,0,,"","","","","","","","","","","","",""
5231,2019-06-14T00:00:00,16:51:00,SEM VÍTIMA,FINALIZADA,DERBY,AV GOVERNADOR CARLOS DE LIMA CAVALCANTI,"","",SOBRE A PONTE DO CANAL,AV GOVERNADOR CARLOS DE LIMA CAVALCANTI,"",SOBRE A PONTE DO CANAL,DERBY,75,CIDADE,COLISÃO TRASEIRA,COLISÃO SEM VITIMA,1,1,,,,,,,,0,,Ponte,Bom,Sem defeito,Perfeito estado,Seca,Perfeito estado,Agente,"",40 km/h,Dupla,Faixa contínua,"",""
5232,2019-06-14T00:00:00,17:01:00,COM VÍTIMA,CANCELADA,JORDÃO,RUA DR ANDRADE LYRA,15,"",APOS O MERCADO KI PREÇO,RUA DR ANDRADE LYRA,15,APOS O MERCADO KI PREÇO,JORDÃO,,"",COLISÃO,MOTO E AUTO,1,1,,,,,,,,1,,"","","","","","","","","","","","",""
5233,2019-06-14T00:00:00,17:41:00,SEM VÍTIMA,FINALIZADA,PINA,AV DR DIRCEU VELLOSO TOSCANO DE BRITO,85,"","",AV DR DIRCEU VELLOSO TOSCANO DE BRITO,85,"",PINA,,SUBURBIO,ABALROAMENTO LONGITUDINAL,AUTO E ONIBUS,1,,,,,1,,,,0,,Longo da via,Bom,Não existe,Incompleta,Seca,Mal conservada,Não existe,R-6a,"",Única,Não existe,"",""
5234,2019-06-14T00:00:00,17:44:00,SEM VÍTIMA,FINALIZADA,BOA VIAGEM,RUA RIBEIRO DE BRITO,1250,"",EM FRENTE AO HOTEL NACIONAL INN,RUA RIBEIRO DE BRITO,1250,EM FRENTE AO HOTEL NACIONAL INN,BOA VIAGEM,,SUBURBIO,COLISÃO TRASEIRA,COLISÃO SEM VITIMA,2,,,,,,,,,0,,Longo da via,Bom,Não existe,Perfeito estado,Seca,Perfeito estado,Não existe,Não há placas,"",Única,Faixa contínua,"",""
5235,2019-06-14T00:00:00,17:58:00,SEM VÍTIMA,CANCELADA,AREIAS,AV DR JOSE RUFINO,"","",EM FRENTE AO ARCO MIX,AV DR JOSE RUFINO,"",EM FRENTE AO ARCO MIX,AREIAS,,CIDADE,COLISÃO,COLISÃO SEM VITIMA,2,,,,,,,,,0,,"","","","","","","","","","","","",""
5236,2019-06-14T00:00:00,17:58:00,COM VÍTIMA,CANCELADA,IMBIRIBEIRA,RUA ARQUITETO LUIZ NUNES,1160,"",PROXIMO AO COLEGIO ANITA GARIBALDI,RUA ARQUITETO LUIZ NUNES,1160,PROXIMO AO COLEGIO ANITA GARIBALDI,IMBIRIBEIRA,,"",COLISÃO,COLISÃO COM VÍTIMA,1,1,,,,,,,,1,,"","","","","","","","","","","","",""
5237,2019-06-14T00:00:00,18:30:00,SEM VÍTIMA,FINALIZADA,SAN MARTIN,RUA APULCRO DE ASSUNCAO,"",RUA DUARTE FILHO,"",RUA APULCRO DE ASSUNCAO,"","",SAN MARTIN,,SUBURBIO,ABALROAMENTO TRANSVERSAL,COLISÃO SEM VITIMA,2,,,,,,,,,0,,Cruzamento,Bom,Não existe,Incompleta,Seca,Mal iluminada,Não existe,Não há placas,"",Dupla,Não existe,"",""
5238,2019-06-14T00:00:00,19:00:00,SEM VÍTIMA,CANCELADA,IMBIRIBEIRA,RUA SARGENTO SILVINO DE MACEDO,35,"",E/F AO HOTEL PRAIA SUL E POSTO BR / PRÓX A FARMACIA DO TRABALHADOR,RUA SARGENTO SILVINO DE MACEDO,35,E/F AO HOTEL PRAIA SUL E POSTO BR / PRÓX A FARMACIA DO TRABALHADOR,IMBIRIBEIRA,,"",COLISÃO,ENTRE 2 AUTOS. S/V,2,,,,,,,,,0,,"","","","","","","","","","","","",""
5239,2019-06-14T00:00:00,19:28:00,SEM VÍTIMA,CANCELADA,ESPINHEIRO,AV GOVERNADOR AGAMENON MAGALHAES,"","","NA LATERAL DO CLUBE PORTUGUÊS, SNT BOA VIAGEM / NA PRINCIPAL",AV GOVERNADOR AGAMENON MAGALHAES,"","NA LATERAL DO CLUBE PORTUGUÊS, SNT BOA VIAGEM / NA PRINCIPAL",ESPINHEIRO,,"",ENGAVETAMENTO,ENTRE 4 AUTOS. S/V,4,,,,,,,,,0,,"","","","","","","","","","","","",""
5240,2019-06-14T00:00:00,19:33:00,SEM VÍTIMA,CANCELADA,TORRE,RUA CONDE DE IRAJA,1052,PRC PROFESSOR BARRETO CAMPELLO,PROX AO CENTRO PASTORIAL PE. ROMEU,RUA CONDE DE IRAJA,1052,PROX AO CENTRO PASTORIAL PE. ROMEU,TORRE,,"",COLISÃO,VAN X SANDERO,1,,,,,1,,,,0,,"","","","","","","","","","","","",""
5241,2019-06-14T00:00:00,19:41:00,SEM VÍTIMA,CANCELADA,PINA,RUA MANOEL DE BRITO,"","",NA SAÍDA DO RIO MAR E TÚNEL MANOEL DE BRITO,RUA MANOEL DE BRITO,"",NA SAÍDA DO RIO MAR E TÚNEL MANOEL DE BRITO,PINA,,"",COLISÃO,ENTRE AUTO E ÕNIBUS. S/V,1,,,,,1,,,,0,,"","","","","","","","","","","","",""
5242,2019-06-14T00:00:00,19:44:00,SEM VÍTIMA,FINALIZADA,MADALENA,RUA BENFICA,"",RUA DEMOCRITO DE SOUZA FILHO,SUPERMERCADO EXTRA BENFICA,RUA BENFICA,"",SUPERMERCADO EXTRA BENFICA,MADALENA,628,CIDADE,ABALROAMENTO TRANSVERSAL,"",1,1,,,,,,,,0,,Cruzamento,Bom,Sem defeito,Perfeito estado,Seca,Mal conservada,Não existe,R-6a,"",Única,Faixa contínua,Não existe,""
5243,2019-06-14T00:00:00,22:35:00,SEM VÍTIMA,FINALIZADA,ARRUDA,EST VELHA DE AGUA FRIA,"","","",EST VELHA DE AGUA FRIA,"","",ARRUDA,306,SUBURBIO,COLISÃO TRASEIRA,ENTRE 2 AUTOS. S/V,2,,,,,,,,,0,,Ponte,Bom,Sem defeito,Perfeito estado,Seca,Mal iluminada,Faixa de pedestre,Não há placas,"",Única,Faixa seccionada,"",""
5244,2019-06-15T00:00:00,01:45:00,SEM VÍTIMA,FINALIZADA,DERBY,AV GOVERNADOR AGAMENON MAGALHAES,"",PRC DO DERBY,"",AV GOVERNADOR AGAMENON MAGALHAES,"","",DERBY,75,SUBURBIO,ABALROAMENTO TRANSVERSAL,ENTRE AUTO E AMBULÂNCIA. S/V,2,,,,,,,,,0,,Cruzamento,Bom,Sem defeito,Perfeito estado,Seca,Perfeito estado,Faixa de pedestre,Não há placas,60 km/h,Dupla,Canteiro central,"",""
5245,2019-06-15T00:00:00,05:45:00,SEM VÍTIMA,FINALIZADA,SANTO AMARO,AV PREFEITO ARTUR LIMA CAVALCANTI,"","","",AV PREFEITO ARTUR LIMA CAVALCANTI,"","",SANTO AMARO,,SUBURBIO,CHOQUE OBJETO FIXO,CONDUTORA PERDEU O CONTROLE DA DIREÇÃO E CHOCOU-SE CONTRA O MEIO-FIO,1,,,,,,,,,0,,"",Bom,Não existe,Incompleta,Seca,Perfeito estado,Não existe,Não há placas,"",Dupla,Faixa seccionada,Canteiro central,""
5246,2019-06-15T00:00:00,06:21:00,SEM VÍTIMA,FINALIZADA,SÃO JOSÉ,RUA DO PEIXOTO,207,RUA IMPERIAL,EM FRENTE A IGREJA DE SAO JOSE,RUA DO PEIXOTO,207,EM FRENTE A IGREJA DE SAO JOSE,SÃO JOSÉ,207,SUBURBIO,ABALROAMENTO LONGITUDINAL,DOIS AUTOS,2,,,,,,,,,0,,Longo da via,Bom,Sem defeito,Perfeito estado,Seca,Perfeito estado,Não existe,Não há placas,"",Única,Não existe,"",""
5247,2019-06-15T00:00:00,08:16:00,SEM VÍTIMA,FINALIZADA,CASA FORTE,AV DEZESSETE DE AGOSTO,1176,"",EM FRENTE AO RESIDENCIAL JARDIM CARIOCA,AV DEZESSETE DE AGOSTO,1176,EM FRENTE AO RESIDENCIAL JARDIM CARIOCA,CASA FORTE,,"",COLISÃO,DOIS AUTOS,1,,,,,,1,,,0,,"","","","","","","","","","","","",""
5248,2019-06-15T00:00:00,08:18:00,SEM VÍTIMA,FINALIZADA,DOIS UNIDOS,RUA BACHAREL SEVERINO T.G.DO NASCIMENTO,400,"","",RUA BACHAREL SEVERINO T.G.DO NASCIMENTO,400,"",DOIS UNIDOS,,SUBURBIO,ABALROAMENTO TRANSVERSAL,COLISÃO S/VITIMAS ENTRE DOIS AUTOS,2,,,,,,,,,0,,Longo da via,Bom,Não existe,Não existente,Seca,Perfeito estado,Não existe,Não há placas,"",Única,Não existe,"",""
5249,2019-06-15T00:00:00,08:32:00,SEM VÍTIMA,FINALIZADA,BEBERIBE,AV BEBERIBE,2243,"",EM FRENTE AO SUPERMERCADO SOBERANO,AV BEBERIBE,2243,EM FRENTE AO SUPERMERCADO SOBERANO,BEBERIBE,,CIDADE,COLISÃO TRASEIRA,COLISÃO SEM VITIMAS,3,,,,,,,,,0,,Longo da via,Chuvoso,Não existe,Perfeito estado,Molhada,Perfeito estado,Não existe,Não há placas,60 km/h,Dupla,Faixa contínua,"",""
5250,2019-06-15T00:00:00,08:52:00,SEM VÍTIMA,FINALIZADA,VÁRZEA,AV PROFESSOR ARTUR DE SA,1953,"",EM FRENTE AO CEMITERIO DA VARZEA,AV PROFESSOR ARTUR DE SA,1953,EM FRENTE AO CEMITERIO DA VARZEA,VÁRZEA,,SUBURBIO,ABALROAMENTO LONGITUDINAL,DOIS AUTOS,2,,,,,,,,,0,,Longo da via,Bom,Não existe,Não existente,Seca,Perfeito estado,Não existe,Não há placas,"",Dupla,Faixa seccionada,"",""
5251,2019-06-15T00:00:00,09:27:00,SEM VÍTIMA,FINALIZADA,"",AV GOVERNADOR AGAMENON MAGALHAES,158,AV RUI BARBOSA,"",AV GOVERNADOR AGAMENON MAGALHAES,158,"","",37,"",ABALROAMENTO LONGITUDINAL,COLISÃO SEM VITIMAS,1,,,,,1,,,,0,,Longo da via,Chuvoso,Sem defeito,Perfeito estado,Molhada,Perfeito estado,Faixa de pedestre,Outras,"",Única,Faixa contínua,Faixa seccionada,Canal
5252,2019-06-15T00:00:00,09:32:00,SEM VÍTIMA,FINALIZADA,TORRE,RUA MARQUES DE MARICA,243,RUA SOUZA BANDEIRA,"",RUA MARQUES DE MARICA,243,"",TORRE,317,SUBURBIO,ABALROAMENTO TRANSVERSAL,COLISÃO S/VITIMAS ENTRE UM AUTO E UMA MOTO,1,1,,,,,,,,0,,Cruzamento,Bom,Sem defeito,Perfeito estado,Seca,Perfeito estado,Faixa de pedestre,R-6a,30 km/h,Dupla,Faixa contínua,"",""
5253,2019-06-15T00:00:00,11:06:00,SEM VÍTIMA,FINALIZADA,GRAÇAS,RUA DA AMIZADE,116,"",EDIFICIO VALFREDO FERREIRA LIMA,RUA DA AMIZADE,116,EDIFICIO VALFREDO FERREIRA LIMA,GRAÇAS,,"",CHOQUE VEÍCULO PARADO,"",2,,,,,,,,,0,,Longo da via,Bom,Não existe,Perfeito estado,Seca,Perfeito estado,Não existe,R-19,30 km/h,Única,Não existe,"",""
5254,2019-06-15T00:00:00,12:21:00,SEM VÍTIMA,FINALIZADA,TORRÕES,AV ENGENHEIRO ABDIAS DE CARVALHO,4001,"",EM FRENTE AO NUMERAL 4001,AV ENGENHEIRO ABDIAS DE CARVALHO,4001,EM FRENTE AO NUMERAL 4001,TORRÕES,,"",COLISÃO TRASEIRA,ENTRE 2 AUTOS. S/V,2,,,,,,,,,0,,Longo da via,Bom,Sem defeito,Perfeito estado,Seca,Perfeito estado,Faixa de pedestre,Outras,60 km/h,Única,Faixa seccionada,Canteiro central,""
5255,2019-06-15T00:00:00,13:18:00,SEM VÍTIMA,CANCELADA,CASA AMARELA,RUA PADRE LEMOS,"","",EM FRENTE AS CASAS BAHIA,RUA PADRE LEMOS,"",EM FRENTE AS CASAS BAHIA,CASA AMARELA,,"",COLISÃO,COLISÃO SEM VITMA,1,1,,,,,,,,0,,"","","","","","","","","","","","",""
5256,2019-06-15T00:00:00,13:23:00,SEM VÍTIMA,CANCELADA,TORRE,RUA REAL DA TORRE,"","",EM FRENTE A DROGARIA SÃO PAULO,RUA REAL DA TORRE,"",EM FRENTE A DROGARIA SÃO PAULO,TORRE,,"",COLISÃO,COLISÃO SEM VITIMA,2,,,,,,,,,0,,"","","","","","","","","","","","",""
5257,2019-06-15T00:00:00,13:35:00,SEM VÍTIMA,CANCELADA,TORRE,RUA FLORIANO FRANCISCO DE OLIVEIRA,120,"",EDIF. DA MOURA DO B...NAS PROXIMIDADES DO ATACADO DOS PRESENTES/ SALÃO AQUINO ESPAÇO BELEZA,RUA FLORIANO FRANCISCO DE OLIVEIRA,120,EDIF. DA MOURA DO B...NAS PROXIMIDADES DO ATACADO DOS PRESENTES/ SALÃO AQUINO ESPAÇO BELEZA,TORRE,,"",COLISÃO,COLISÃO SEM VITIMA,1,,,,,,1,,,0,,"","","","","","","","","","","","",""
5258,2019-06-15T00:00:00,14:45:00,SEM VÍTIMA,FINALIZADA,CORDEIRO,RUA PAES CABRAL,289,RUA PEREIRA DE MORAES,PRÓXIMO AO COLÉGIO ANGLO,RUA PAES CABRAL,289,PRÓXIMO AO COLÉGIO ANGLO,CORDEIRO,,CIDADE,ABALROAMENTO TRANSVERSAL,ENTRE 2 AUTOS. S/V,2,,,,,,,,,0,,Cruzamento,Bom,Não existe,Não existente,Seca,Perfeito estado,Não existe,Não há placas,"",Dupla,Não existe,"",""
5259,2019-06-15T00:00:00,14:52:00,SEM VÍTIMA,FINALIZADA,SANTO AMARO,AV CRUZ CABUGA,"","",CLUBE DOS CISNES,AV CRUZ CABUGA,"",CLUBE DOS CISNES,SANTO AMARO,,SUBURBIO,ABALROAMENTO LONGITUDINAL,ENTRE 2 AUTOS. S/V,2,,,,,,,,,0,,"",Nublado,"","","","","","","",Única,"","",""
5260,2019-06-15T00:00:00,14:57:00,SEM VÍTIMA,FINALIZADA,BOA VIAGEM,AV ENGENHEIRO DOMINGOS FERREIRA,"",RUA PADRE BERNADINO PESSOA,"",AV ENGENHEIRO DOMINGOS FERREIRA,"","",BOA VIAGEM,144,SUBURBIO,COLISÃO TRASEIRA,ENTRE 2 AUTOS. S/V,2,,,,,,,,,0,,Longo da via,Bom,Sem defeito,Incompleta,Seca,Mal conservada,Faixa de pedestre,Não há placas,"",Única,Faixa contínua,"",""
5261,2019-06-15T00:00:00,15:37:00,COM VÍTIMA,FINALIZADA,CORDEIRO,RUA ADELINO FRUTUOSO,378-A,"",NA ESQUINA DO COLEGIO SANTA EMILIA,RUA ADELINO FRUTUOSO,378-A,NA ESQUINA DO COLEGIO SANTA EMILIA,CORDEIRO,,SUBURBIO,COLISÃO COM CICLISTA,AUTO PASSEIO E CICLISTA,1,,,1,,,,,,1,,Cruzamento,Bom,Não existe,Perfeito estado,Seca,Perfeito estado,Não existe,R-4a,"",Dupla,Não existe,"",""
5262,2019-06-15T00:00:00,18:12:00,SEM VÍTIMA,FINALIZADA,IPSEP,AV RAIMUNDO DINIZ,622,RUA DAVID PERNETA,"",AV RAIMUNDO DINIZ,622,"",IPSEP,,SUBURBIO,ABALROAMENTO TRANSVERSAL,ENTRE AUTO E TÁXI. S/V,2,,,,,,,,,0,,Cruzamento,Bom,"",Perfeito estado,Seca,Perfeito estado,Não existe,Placas Pare,"",Dupla,Não existe,"",""
5263,2019-06-15T00:00:00,18:17:00,COM VÍTIMA,CANCELADA,AREIAS,AV CAPITAO GREGORIO DE CALDAS,694,"",EM FRENTE A VERDE FRUT HIPER DA AV RECIFE,AV CAPITAO GREGORIO DE CALDAS,694,EM FRENTE A VERDE FRUT HIPER DA AV RECIFE,AREIAS,,"",COLISÃO,COLISÃO COM VITIMA,1,1,,,,,,,,1,,"","","","","","","","","","","","",""
5264,2019-06-15T00:00:00,18:38:00,SEM VÍTIMA,FINALIZADA,BOA VIAGEM,RUA VISCONDE DE JEQUITINHONHA,"",RUA BALTAZAR PASSOS,"",RUA VISCONDE DE JEQUITINHONHA,"","",BOA VIAGEM,154,SUBURBIO,COLISÃO TRASEIRA,COLISÃO SEM VITIMA,3,,,,,,,,,0,,Cruzamento,Bom,Sem defeito,Perfeito estado,Seca,Perfeito estado,Faixa de pedestre,"","",Única,Faixa contínua,"",""
5265,2019-06-15T00:00:00,19:01:00,COM VÍTIMA,FINALIZADA,TORRE,RUA JOSE BONIFACIO,"","",APÓS O SUPERMERCADO CARREFOUR,RUA JOSE BONIFACIO,"",APÓS O SUPERMERCADO CARREFOUR,TORRE,487,CIDADE,ATROPELAMENTO,ENTRE ÕNIBUS E PEDESTRE. C/V,,,,,1,1,,,,1,,Longo da via,Bom,Sem defeito,Perfeito estado,Seca,Perfeito estado,Faixa de pedestre,Não há placas,"",Única,Faixa seccionada,Canteiro central,""
5266,2019-06-15T00:00:00,21:19:00,SEM VÍTIMA,FINALIZADA,SANTO ANTÔNIO,RUA PRIMEIRO DE MARCO,"",RUA IMPERADOR PEDRO SEGUNDO,SEMÁFORO 18,RUA PRIMEIRO DE MARCO,"",SEMÁFORO 18,SANTO ANTÔNIO,18,"",ABALROAMENTO TRANSVERSAL,COLISAO ONIBUS E AUTO. S/V,1,,,,,1,,,,0,,Cruzamento,Bom,Sem defeito,Perfeito estado,Seca,Perfeito estado,Não existe,Não há placas,"",Única,Não existe,"",""
5267,2019-06-15T00:00:00,23:35:00,SEM VÍTIMA,FINALIZADA,IBURA,AV DOIS RIOS,"","","",AV DOIS RIOS,"","",IBURA,351,CIDADE,COLISÃO FRONTAL,ENTRE AUTO E MOTO. S/V,1,1,,,,,,,,0,,Longo da via,Bom,Sem defeito,Perfeito estado,Seca,Perfeito estado,Faixa de pedestre,R-6a,"",Dupla,Faixa contínua,"",""
5268,2019-06-16T00:00:00,00:12:00,COM VÍTIMA,FINALIZADA,JARDIM SÃO PAULO,AV SAO PAULO,"","",COLÉGIO 2001,AV SAO PAULO,"",COLÉGIO 2001,JARDIM SÃO PAULO,,SUBURBIO,ATROPELAMENTO,MOTO E PEDESTRE,,1,,,1,,,,,2,,Longo da via,Bom,"",Perfeito estado,Seca,Perfeito estado,Não existe,Placas Pare,"",Dupla,Não existe,"",""
5269,2019-06-16T00:00:00,02:54:00,SEM VÍTIMA,CANCELADA,BOA VIAGEM,AV CONSELHEIRO AGUIAR,"","",AO LADO DO HOSPITAL PORTUGUÊS // POSTO DE COMBUSTÍVEL PETRO MEGA,AV CONSELHEIRO AGUIAR,"",AO LADO DO HOSPITAL PORTUGUÊS // POSTO DE COMBUSTÍVEL PETRO MEGA,BOA VIAGEM,,"",CHOQUE OBJETO FIXO,VEÍCULO CHOCOU-SE CONTRA A BOMBA DE COMBUSTÍVEL,1,,,,,,,,,0,,"","","","","","","","","","","","",""
5270,2019-06-16T00:00:00,04:32:00,SEM VÍTIMA,FINALIZADA,BOA VISTA,RUA JOSE DE ALENCAR,500,"","",RUA JOSE DE ALENCAR,500,"",BOA VISTA,,CIDADE,CHOQUE VEÍCULO PARADO,AUTO COLIDIU COM DOIS VEÍCULOS E DEPOIS VEIO A CAPOTAR S/V,3,,,,,,,,,0,,Longo da via,Chuvoso,Não existe,Perfeito estado,Molhada,Perfeito estado,"","","",Única,"","",""
5271,2019-06-16T00:00:00,08:08:00,SEM VÍTIMA,FINALIZADA,BAIRRO DO RECIFE,CAIS DO APOLO,"","",LADO OPOSTO A PCR,CAIS DO APOLO,"",LADO OPOSTO A PCR,BAIRRO DO RECIFE,436,SUBURBIO,COLISÃO TRASEIRA,COLISÃO SEM VITIMA,2,,,,,,,,,0,,Longo da via,Chuvoso,Sem defeito,Perfeito estado,Molhada,Perfeito estado,Faixa de pedestre,Outras,"",Dupla,Canteiro central,"",""