_id,DATA,hora,natureza_acidente,situacao,bairro,endereco,numero,detalhe_endereco_acidente,complemento,endereco_cruzamento,numero_cruzamento,referencia_cruzamento,bairro_cruzamento,num_semaforo,sentido_via,tipo,descricao,auto,moto,ciclom,ciclista,pedestre,onibus,caminhao,viatura,outros,vitimas,vitimasfatais,acidente_verificado,tempo_clima,situacao_semaforo,sinalizacao,condicao_via,conservacao_via,ponto_controle,situacao_placa,velocidade_max_via,mao_direcao,divisao_via1,divisao_via2,divisao_via3
5492,2019-06-24T00:00:00,21:55:00,SEM VÍTIMA,CANCELADA,TEJIPIÓ,RUA FALCAO DE LACERDA,5617,"",ENTRE A PANIFICADORA MANDACARU E AO CARTORIO PROX A LOMBADA ELETRONICA,RUA FALCAO DE LACERDA,5617,ENTRE A PANIFICADORA MANDACARU E AO CARTORIO PROX A LOMBADA ELETRONICA,TEJIPIÓ,,"",COLISÃO,CLASSIC X CROSSFOX,2,,,,,,,,,0,,"","","","","","","","","","","","",""
5493,2019-06-25T00:00:00,06:52:00,SEM VÍTIMA,FINALIZADA,IBURA,RUA EXP FRANCISCO VITORIANO,9,"",EM FRENTE A IGREJA BATISTA EM DOIS RIOS,RUA EXP FRANCISCO VITORIANO,9,EM FRENTE A IGREJA BATISTA EM DOIS RIOS,IBURA,,CIDADE,CHOQUE VEÍCULO PARADO,AUTO E CAMINHÃO,1,,,,,,1,,,0,,Longo da via,Bom,Não existe,Não existente,Seca,Perfeito estado,Faixa de pedestre,"",30 km/h,Dupla,Faixa contínua,"",""
5494,2019-06-25T00:00:00,07:11:00,SEM VÍTIMA,CANCELADA,BOA VIAGEM,RUA BALTAZAR PASSOS,"",RUA SA E SOUZA,EM FRENTE A CULTURA INGLESA,RUA BALTAZAR PASSOS,"",EM FRENTE A CULTURA INGLESA,BOA VIAGEM,,"",COLISÃO,DOIS AUTOS,2,,,,,,,,,0,,"","","","","","","","","","","","",""
5495,2019-06-25T00:00:00,07:23:00,SEM VÍTIMA,FINALIZADA,BOA VISTA,AV GOVERNADOR AGAMENON MAGALHAES,2764,"",AO LADO DO Nº 2764,AV GOVERNADOR AGAMENON MAGALHAES,2764,AO LADO DO Nº 2764,BOA VISTA,,"",ABALROAMENTO LONGITUDINAL,COLISÃO S/VITIMAS ENTRE UM AUTO E ONIBUS,1,,,,,1,,,,0,,Longo da via,Bom,Sem defeito,Perfeito estado,Seca,Perfeito estado,Faixa de pedestre,Não há placas,"",Dupla,Faixa seccionada,Canteiro central,""
5496,2019-06-25T00:00:00,07:33:00,COM VÍTIMA,FINALIZADA,CAXANGÁ,AV CAXANGA,2117,RUA DO FORTE,EM FRENTE A CAXANGÁ ACESSÓRIOS,AV CAXANGA,2117,EM FRENTE A CAXANGÁ ACESSÓRIOS,CAXANGÁ,,CIDADE,ATROPELAMENTO,AUTO E PEDESTRE.,1,,,,1,,,,,1,,Longo da via,Bom,Não existe,Perfeito estado,Seca,Perfeito estado,Não existe,Não há placas,"",Dupla,Canteiro central,"",""
5497,2019-06-25T00:00:00,07:38:00,SEM VÍTIMA,FINALIZADA,ESTÂNCIA,AV RECIFE,"","",LADO OPOSTO AO SUPERMERCADO MAKRO,AV RECIFE,"",LADO OPOSTO AO SUPERMERCADO MAKRO,ESTÂNCIA,,SUBURBIO,ABALROAMENTO LONGITUDINAL,COLISÃO S/ VITIMAS ENTRE DOIS AUTOS,2,,,,,,,,,0,,Viaduto,Bom,Não existe,Perfeito estado,Seca,Perfeito estado,Não existe,Não há placas,"",Dupla,Canteiro central,"",""
5498,2019-06-25T00:00:00,08:01:00,SEM VÍTIMA,FINALIZADA,DERBY,AV GOVERNADOR AGAMENON MAGALHAES,"",RUA JOAQUIM NABUCO,SEMÁFORO 174,AV GOVERNADOR AGAMENON MAGALHAES,"",SEMÁFORO 174,DERBY,,"",COLISÃO TRASEIRA,COLISÃO SEM VITIMAS,2,,,,,,,,,0,,Longo da via,Bom,Sem defeito,Perfeito estado,Seca,Perfeito estado,Agente,Outras,60 km/h,Única,Faixa contínua,"",""
5499,2019-06-25T00:00:00,08:20:00,SEM VÍTIMA,FINALIZADA,BAIRRO DO RECIFE,AV ALFREDO LISBOA,"","",EM FRENTE AO ARMAZEM 14,AV ALFREDO LISBOA,"",EM FRENTE AO ARMAZEM 14,BAIRRO DO RECIFE,,CIDADE,ABALROAMENTO LONGITUDINAL,COLISÃO S/VITIMAS ENTRE DOIS AUTOS,2,,,,,,,,,0,,Longo da via,Bom,Não existe,Perfeito estado,Seca,Perfeito estado,Não existe,Não há placas,30 km/h,Única,Faixa seccionada,"",""
5500,2019-06-25T00:00:00,08:32:00,SEM VÍTIMA,FINALIZADA,BAIRRO DO RECIFE,AV ALFREDO LISBOA,"","",POSTO PETROCAL,AV ALFREDO LISBOA,"",POSTO PETROCAL,BAIRRO DO RECIFE,,SUBURBIO,ABALROAMENTO LONGITUDINAL,COLISÃO SEM VITIMAS,1,,,,,1,,,,0,,Longo da via,Bom,Não existe,Perfeito estado,Seca,Perfeito estado,Não existe,Outras,30 km/h,Única,Faixa contínua,"",""
5501,2019-06-25T00:00:00,08:57:00,SEM VÍTIMA,FINALIZADA,MADALENA,RUA JOSE OSORIO,227,AV VISCONDE DE ALBUQUERQUE,"",RUA JOSE OSORIO,227,"",MADALENA,50,"",ABALROAMENTO LONGITUDINAL,COLISÃO SEM VITIMAS,2,,,,,,,,,0,,Longo da via,Bom,Sem defeito,Perfeito estado,Seca,Perfeito estado,Faixa de pedestre,R-6a,"",Única,Faixa contínua,"",""
5502,2019-06-25T00:00:00,09:20:00,SEM VÍTIMA,FINALIZADA,SANTO AMARO,RUA DOS PALMARES,"",RUA DO POMBAL,POR TRÁS DO CEMITÉRIO SANTO AMARO,RUA DOS PALMARES,"",POR TRÁS DO CEMITÉRIO SANTO AMARO,SANTO AMARO,,"",ABALROAMENTO LONGITUDINAL,DUAS MOTOS,,2,,,,,,,,0,,Cruzamento,Bom,Não existe,"",Seca,Perfeito estado,"",Não há placas,"",Dupla,Canteiro central,"",""
5503,2019-06-25T00:00:00,11:37:00,SEM VÍTIMA,FINALIZADA,BOA VIAGEM,AV CONSELHEIRO AGUIAR,"",RUA PADRE CARAPUCEIRO,"",AV CONSELHEIRO AGUIAR,"","",BOA VIAGEM,115,CIDADE,ABALROAMENTO LONGITUDINAL,COLISÃO SEM VITIMAS,1,1,,,,,,,,0,,Cruzamento,Bom,Sem defeito,Perfeito estado,Seca,Perfeito estado,Faixa de pedestre,Não há placas,60 km/h,Única,Não existe,"",""
5504,2019-06-25T00:00:00,11:44:00,SEM VÍTIMA,FINALIZADA,PRADO,AV GENERAL SAN MARTIN,"",RUA GOMES TABORDA,SOB O SEMÁFORO Nº 067,AV GENERAL SAN MARTIN,"",SOB O SEMÁFORO Nº 067,PRADO,67,SUBURBIO,ABALROAMENTO LONGITUDINAL,COLISÃO SEM VITIMAS,1,,,,,1,,,,0,,Cruzamento,Bom,Sem defeito,Perfeito estado,Seca,Perfeito estado,Faixa de pedestre,Outras,"",Dupla,Faixa seccionada,"",""
5505,2019-06-25T00:00:00,12:07:00,COM VÍTIMA,FINALIZADA,SANTO AMARO,AV CRUZ CABUGA,585,RUA DOIS DE JULHO,EM FRENTE AO BANCO SANTANDER,AV CRUZ CABUGA,585,EM FRENTE AO BANCO SANTANDER,SANTO AMARO,,SUBURBIO,ABALROAMENTO TRANSVERSAL,COLISÃO ENTRE MOTO E AUTO PASSEIO,1,1,,,,,,,,1,,Longo da via,Bom,Não existe,Perfeito estado,Seca,Perfeito estado,Não existe,Não há placas,"",Dupla,Faixa contínua,"",""
5506,2019-06-25T00:00:00,12:12:00,SEM VÍTIMA,FINALIZADA,MADALENA,AV JOSE GONCALVES DE MEDEIROS,"",EST DOS REMEDIOS,POLICLÍNICA LESSA DE ANDRADE,AV JOSE GONCALVES DE MEDEIROS,"",POLICLÍNICA LESSA DE ANDRADE,MADALENA,,SUBURBIO,ABALROAMENTO LONGITUDINAL,COLISÃO SEM VITIMAS,2,,,,,,,,,0,,Cruzamento,Bom,Sem defeito,Incompleta,Seca,Perfeito estado,Faixa de pedestre,Não há placas,"",Dupla,"","",""
5507,2019-06-25T00:00:00,12:36:00,SEM VÍTIMA,FINALIZADA,BOA VIAGEM,RUA RIBEIRO DE BRITO,"",AV HELIO FALCAO,"",RUA RIBEIRO DE BRITO,"","",BOA VIAGEM,,"",ABALROAMENTO LONGITUDINAL,DOIS AUTOMÓVEIS,1,,,,,,1,,,0,,Cruzamento,Bom,Não existe,Não existente,Seca,Perfeito estado,Não existe,Não há placas,"",Única,Não existe,"",""
5508,2019-06-25T00:00:00,12:48:00,SEM VÍTIMA,FINALIZADA,GRAÇAS,RUA JOAO FERNANDES VIEIRA,574,"","",RUA JOAO FERNANDES VIEIRA,574,"",GRAÇAS,,CIDADE,COLISÃO TRASEIRA,COLISÃO SEM VÍTIMA,1,1,,,,,,,,0,,Longo da via,Bom,Não existe,Perfeito estado,Seca,Perfeito estado,Não existe,Outras,"",Única,Faixa contínua,"",""
5509,2019-06-25T00:00:00,13:22:00,SEM VÍTIMA,FINALIZADA,PINA,RUA DOM PAULO II,"","","",RUA DOM PAULO II,"","",PINA,,SUBURBIO,COLISÃO TRASEIRA,COLISÃO SEM VITIMAS,3,,,,,,,,,0,,Longo da via,Bom,Não existe,Perfeito estado,Seca,Perfeito estado,Não existe,Não há placas,60 km/h,Única,Faixa contínua,Faixa seccionada,""
5510,2019-06-25T00:00:00,14:07:00,SEM VÍTIMA,FINALIZADA,IPSEP,AV RECIFE,2528,"",EM FRENTE A LOJA AVANT MULTIMARCAS,AV RECIFE,2528,EM FRENTE A LOJA AVANT MULTIMARCAS,IPSEP,,"",COLISÃO TRASEIRA,COLISÃO SEM VITIMAS,3,,,,,,,,,0,,Longo da via,Bom,Não existe,Perfeito estado,Seca,Perfeito estado,Não existe,Outras,60 km/h,Dupla,Faixa seccionada,Canteiro central,""
5511,2019-06-25T00:00:00,14:41:00,SEM VÍTIMA,FINALIZADA,PARNAMIRIM,RUA SEBASTIAO MALTA ARCOVERDE,"",AV PARNAMIRIM,"",RUA SEBASTIAO MALTA ARCOVERDE,"","",PARNAMIRIM,10,CIDADE,ABALROAMENTO LONGITUDINAL,COLISAO ENTRE DOIS AUTOS S/V,2,,,,,,,,,0,,Cruzamento,Bom,Sem defeito,Perfeito estado,Seca,Perfeito estado,Faixa de pedestre,R-6a,40 km/h,Única,Faixa contínua,"",""
5512,2019-06-25T00:00:00,14:44:00,SEM VÍTIMA,FINALIZADA,CABANGA,RUA CARLOS COELHO LEAL VALENTE,"","",7º DEPÓSITO DE SUPLEMENTO,RUA CARLOS COELHO LEAL VALENTE,"",7º DEPÓSITO DE SUPLEMENTO,CABANGA,,SUBURBIO,COLISÃO TRASEIRA,COLISÃO SEM VITIMAS,3,,,,,,,,,0,,Longo da via,Bom,Sem defeito,Incompleta,Seca,Perfeito estado,Não existe,Não há placas,"",Dupla,Blocos,"",""
5513,2019-06-25T00:00:00,15:47:00,COM VÍTIMA,FINALIZADA,ALTO JOSÉ BONIFÁCIO,RUA ALTO DA SERRINHA,7,RUA ALTO JOSE BONIFACIO,EM FRENTE A QUADRA POLIESPORTIVA DO ALTO JOSE BONIFACIO,RUA ALTO DA SERRINHA,7,EM FRENTE A QUADRA POLIESPORTIVA DO ALTO JOSE BONIFACIO,ALTO JOSÉ BONIFÁCIO,,"",ABALROAMENTO LONGITUDINAL,COLISÃO COM VÍTIMA / CAMINHÃO EVADIU-SE DO LOCAL E VÍTIMA SOCORRIDA PELO SAMU,,1,,,,,1,,,1,,Esquina,Bom,Não existe,Ilegível,Seca,Perfeito estado,Não existe,Placas Pare,"",Dupla,Faixa seccionada,"",""
5514,2019-06-25T00:00:00,16:02:00,SEM VÍTIMA,FINALIZADA,CASA AMARELA,EST DO ARRAIAL,3868,"",EM FRENTE AO BANCO SANTANDER,EST DO ARRAIAL,3868,EM FRENTE AO BANCO SANTANDER,CASA AMARELA,,SUBURBIO,ABALROAMENTO LONGITUDINAL,COLISAO ENTRE ONIBUS E AUTO S/V,1,,,,,1,,,,0,,Longo da via,Bom,Não existe,Perfeito estado,Seca,Perfeito estado,Outros,R-6c,40 km/h,Única,Faixa seccionada,"",""
5515,2019-06-25T00:00:00,16:02:00,SEM VÍTIMA,FINALIZADA,VÁRZEA,RUA ACADEMICO HELIO RAMOS,420 A,"",UFPE,RUA ACADEMICO HELIO RAMOS,420 A,UFPE,VÁRZEA,,SUBURBIO,COLISÃO TRASEIRA,COLISÃO SEM VÍTIMA,1,,,,,1,,,,0,,Longo da via,Bom,Não existe,Não existente,Seca,Perfeito estado,Não existe,Não há placas,"",Dupla,Não existe,"",""
5516,2019-06-25T00:00:00,16:10:00,SEM VÍTIMA,FINALIZADA,BOA VIAGEM,RUA FRANCISCO DA CUNHA,440,RUA PROFESSOR JOSE BRANDAO,"",RUA FRANCISCO DA CUNHA,440,"",BOA VIAGEM,,CIDADE,ABALROAMENTO TRANSVERSAL,COLISÃO SEM VITIMAS,2,,,,,,,,,0,,Cruzamento,Bom,Não existe,Perfeito estado,Seca,Perfeito estado,Faixa de retenção,Placas Pare,"",Única,Faixa seccionada,"",""
5517,2019-06-25T00:00:00,16:29:00,SEM VÍTIMA,FINALIZADA,ENCRUZILHADA,RUA CASTRO ALVES,1847,"",LADO OPOSTO AO ITAU 1847,RUA CASTRO ALVES,1847,LADO OPOSTO AO ITAU 1847,ENCRUZILHADA,42,"",ABALROAMENTO LONGITUDINAL,COLISÃO SEM VITIMAS,3,,,,,,,,,0,,Longo da via,Bom,Sem defeito,Perfeito estado,Seca,Perfeito estado,Faixa de pedestre,R-6a,"",Única,Faixa contínua,"",""
5518,2019-06-25T00:00:00,16:35:00,SEM VÍTIMA,FINALIZADA,BONGI,AV ENGENHEIRO ABDIAS DE CARVALHO,"","",SOB O SEMÁFORO 422,AV ENGENHEIRO ABDIAS DE CARVALHO,"",SOB O SEMÁFORO 422,BONGI,422,SUBURBIO,ABALROAMENTO LONGITUDINAL,COLISÃO SEM VÍTIMA,2,,,,,,,,,0,,Cruzamento,Bom,Sem defeito,Perfeito estado,Seca,Perfeito estado,Faixa de pedestre,Outras,60 km/h,Única,Faixa contínua,Faixa seccionada,""
5519,2019-06-25T00:00:00,16:39:00,SEM VÍTIMA,FINALIZADA,SANTO ANTÔNIO,RUA IMPERADOR PEDRO SEGUNDO,"",RUA PRIMEIRO DE MARCO,"",RUA IMPERADOR PEDRO SEGUNDO,"","",SANTO ANTÔNIO,18,SUBURBIO,ABALROAMENTO LONGITUDINAL,COLISÃO SEM VITIMAS,2,,,,,,,,,0,,Cruzamento,Bom,Sem defeito,Perfeito estado,Seca,Mal conservada,Não existe,Não há placas,"",Única,Não existe,"",""
5520,2019-06-25T00:00:00,16:43:00,SEM VÍTIMA,CANCELADA,JORDÃO,AV DONA CARENTINA,1070,"",EM FRENTE A SORVETERIA DONNA,AV DONA CARENTINA,1070,EM FRENTE A SORVETERIA DONNA,JORDÃO,,"",COLISÃO,COLISÃO SEM VÍTIMA,2,,,,,,,,,0,,"","","","","","","","","","","","",""
5521,2019-06-25T00:00:00,17:06:00,SEM VÍTIMA,FINALIZADA,DERBY,AV GOVERNADOR AGAMENON MAGALHAES,"",PRC DO DERBY,SOB O SEMÁFORO 417,AV GOVERNADOR AGAMENON MAGALHAES,"",SOB O SEMÁFORO 417,DERBY,417,SUBURBIO,ABALROAMENTO TRANSVERSAL,COLISÃO SEM VÍTIMA,1,,,,,1,,,,0,,Cruzamento,Bom,Sem defeito,Perfeito estado,Seca,Perfeito estado,Faixa de pedestre,Não há placas,60 km/h,Dupla,Canteiro central,"",""
5522,2019-06-25T00:00:00,17:31:00,SEM VÍTIMA,FINALIZADA,"",RUA DEZ DE JULHO,"",AV VINTE DE JANEIRO,"",RUA DEZ DE JULHO,"","","",572,SUBURBIO,ABALROAMENTO LONGITUDINAL,COLISAO ENTRE DOIS AUTOS S/V,2,,,,,,,,,0,,Cruzamento,Bom,Sem defeito,Perfeito estado,Seca,Perfeito estado,Faixa de pedestre,Não há placas,"",Dupla,Não existe,"",""
5523,2019-06-25T00:00:00,17:32:00,SEM VÍTIMA,FINALIZADA,CIDADE UNIVERSITÁRIA,RUA PADRE CHAMPAGNAT,693,"",NA FRENTE DA ACADEMIA PLATAFORMA,RUA PADRE CHAMPAGNAT,693,NA FRENTE DA ACADEMIA PLATAFORMA,CIDADE UNIVERSITÁRIA,,"",COLISÃO,COLISAO SEM VITIMAS,2,,,,,,,,,0,,"","","","","","","","","","","","",""
5524,2019-06-25T00:00:00,17:49:00,SEM VÍTIMA,FINALIZADA,SANTO AMARO,AV GOVERNADOR AGAMENON MAGALHAES,"","",EM FRENTE A CAIXA ECONOMICA FEDERAL,AV GOVERNADOR AGAMENON MAGALHAES,"",EM FRENTE A CAIXA ECONOMICA FEDERAL,SANTO AMARO,78,SUBURBIO,COLISÃO TRASEIRA,COLISAO ENTRE DOIS AUTOS S/V,2,,,,,,,,,0,,Longo da via,Bom,Sem defeito,Perfeito estado,Seca,Perfeito estado,Faixa de pedestre,R-6a,60 km/h,Única,Faixa seccionada,"",""
5525,2019-06-25T00:00:00,18:08:00,SEM VÍTIMA,FINALIZADA,BOA VIAGEM,RUA PEDRO PAES DE MENDONCA,200,"",AO LADO DO WALMART,RUA PEDRO PAES DE MENDONCA,200,AO LADO DO WALMART,BOA VIAGEM,,SUBURBIO,COLISÃO TRASEIRA,TRES AUTO SEM VITIMAS,3,,,,,,,,,0,,Longo da via,Bom,Sem defeito,Perfeito estado,Seca,Perfeito estado,Não existe,R-6a,"",Única,Faixa seccionada,"",""
5526,2019-06-25T00:00:00,19:37:00,COM VÍTIMA,FINALIZADA,IPUTINGA,RUA LEAL DE BARROS,404,RUA MARIA DE FATIMA SOARES,ENF AO COLEGIO EXPOENTE,RUA LEAL DE BARROS,404,ENF AO COLEGIO EXPOENTE,IPUTINGA,,SUBURBIO,ABALROAMENTO TRANSVERSAL,MOTO X HILUX,1,1,,,,,,,,1,,Cruzamento,Bom,Não existe,Não existente,Seca,Perfeito estado,Não existe,Não há placas,"",Dupla,Não existe,"",""
5527,2019-06-25T00:00:00,20:06:00,COM VÍTIMA,FINALIZADA,ESPINHEIRO,RUA QUARENTA E OITO,"",RUA CONS PORTELA,DE ESQUINA COM A FARMACIA PAGUE MENOS,RUA QUARENTA E OITO,"",DE ESQUINA COM A FARMACIA PAGUE MENOS,ESPINHEIRO,11,SUBURBIO,ABALROAMENTO LONGITUDINAL,AUTO E MOTO COM VITIMAS.,1,1,,,,,,,,1,,Cruzamento,Bom,Sem defeito,Perfeito estado,Seca,Perfeito estado,Faixa de pedestre,R-6a,60 km/h,Única,Faixa seccionada,"",""
5528,2019-06-25T00:00:00,20:12:00,SEM VÍTIMA,FINALIZADA,SÃO JOSÉ,RUA IMPERIAL,"","",EM FRENTE AO N º 2110,RUA IMPERIAL,"",EM FRENTE AO N º 2110,SÃO JOSÉ,,SUBURBIO,ABALROAMENTO LONGITUDINAL,DOIS AUTO SEM VITIMAS,2,,,,,,,,1,0,,Longo da via,Bom,Não existe,Perfeito estado,Seca,Perfeito estado,Não existe,Não há placas,"",Única,Faixa seccionada,"",""
5529,2019-06-25T00:00:00,20:35:00,SEM VÍTIMA,FINALIZADA,BOA VIAGEM,AV CONSELHEIRO AGUIAR,"","",PADARIA,AV CONSELHEIRO AGUIAR,"",PADARIA,BOA VIAGEM,,CIDADE,COLISÃO TRASEIRA,DOIS AUTO SEM VITIMAS,2,,,,,,,,,0,,"",Bom,Não existe,Perfeito estado,Seca,Perfeito estado,Não existe,Não há placas,"",Única,Faixa seccionada,"",""
5530,2019-06-25T00:00:00,22:16:00,COM VÍTIMA,FINALIZADA,CAXANGÁ,AV CAXANGA,"","",EM FRENTE AO GOLF CLUB OBS: MOTORISTA PRESO NAS FERRAGENS,AV CAXANGA,"",EM FRENTE AO GOLF CLUB OBS: MOTORISTA PRESO NAS FERRAGENS,CAXANGÁ,,SUBURBIO,ABALROAMENTO LONGITUDINAL,HB 20 X SAVERO,2,,,,,,,,,1,,Longo da via,Bom,Não existe,Perfeito estado,Seca,Perfeito estado,Não existe,Não há placas,"",Dupla,Canteiro central,"",""
5531,2019-06-25T00:00:00,22:55:00,COM VÍTIMA,FINALIZADA,BOA VIAGEM,RUA PEDRO PAES DE MENDONCA,120,AV FERNANDO SIMOES BARBOSA,AO LADO DO WALMART,RUA PEDRO PAES DE MENDONCA,120,AO LADO DO WALMART,BOA VIAGEM,,SUBURBIO,COLISÃO TRASEIRA,AUTO E MOTO COM VITIMAS,1,1,,,,,,,,3,,Cruzamento,Bom,Sem defeito,Perfeito estado,Seca,Perfeito estado,Faixa de pedestre,Não há placas,60 km/h,Única,Faixa contínua,Faixa seccionada,""
5532,2019-06-26T00:00:00,04:39:00,SEM VÍTIMA,FINALIZADA,JARDIM SÃO PAULO,AV RECIFE,5635,RUA SENADOR ALBERTO PASQUALINI,"",AV RECIFE,5635,"",JARDIM SÃO PAULO,259,SUBURBIO,ABALROAMENTO LONGITUDINAL,"COLISÃO ENTRE AUTO E CAMINHÃO, S/V",1,,,,,,1,,,0,,Cruzamento,Chuvoso,Sem defeito,Perfeito estado,Molhada,Perfeito estado,Outros,Outras,"",Dupla,Canteiro central,"",""
5533,2019-06-26T00:00:00,05:29:00,COM VÍTIMA,FINALIZADA,TORRE,RUA JOSE BONIFACIO,"",RUA PADRE ANCHIETA,AO LADO DA PADARIA MASSA NOBRE,RUA JOSE BONIFACIO,"",AO LADO DA PADARIA MASSA NOBRE,TORRE,193,CIDADE,ABALROAMENTO TRANSVERSAL,"COLISÃO ENTRE AUTO E MOTO, C/V",1,1,,,,,,,,1,,"",Chuvoso,Sem defeito,Perfeito estado,Molhada,Perfeito estado,Faixa de pedestre,"","",Única,Faixa contínua,"",""
5534,2019-06-26T00:00:00,06:10:00,COM VÍTIMA,FINALIZADA,CASA FORTE,AV DEZESSETE DE AGOSTO,342,"",EM FRENTE A FARMACIA PAGUE MENOS E BURGUER KING,AV DEZESSETE DE AGOSTO,342,EM FRENTE A FARMACIA PAGUE MENOS E BURGUER KING,CASA FORTE,614,CIDADE,COLISÃO TRASEIRA,AUTO E MOTO,1,1,,,,,,,,1,,Longo da via,Chuvoso,Sem defeito,Perfeito estado,Molhada,Perfeito estado,"",R-6a,"",Dupla,Faixa contínua,Faixa seccionada,""
5535,2019-06-26T00:00:00,07:37:00,SEM VÍTIMA,FINALIZADA,BAIRRO DO RECIFE,CAIS DO APOLO,"","",EM FRENTE AO TRF 5º REGIÃO,CAIS DO APOLO,"",EM FRENTE AO TRF 5º REGIÃO,BAIRRO DO RECIFE,,CIDADE,COLISÃO TRASEIRA,CINCO AUTOS,5,,,,,,,,,0,,Longo da via,Chuvoso,Sem defeito,Perfeito estado,Molhada,Perfeito estado,Não existe,Outras,"",Dupla,Canteiro central,"",""
5536,2019-06-26T00:00:00,07:43:00,SEM VÍTIMA,FINALIZADA,IMBIRIBEIRA,AV MARECHAL MASCARENHAS DE MORAES,4561,"",EM FRENTE A TOYOLEX,AV MARECHAL MASCARENHAS DE MORAES,4561,EM FRENTE A TOYOLEX,IMBIRIBEIRA,,CIDADE,COLISÃO TRASEIRA,COLISÃO S/VITIMAS ENTRE TRÊS AUTOS,3,,,,,,,,,0,,Longo da via,Chuvoso,Não existe,Perfeito estado,Molhada,Perfeito estado,Não existe,Outras,60 km/h,Dupla,Faixa seccionada,Canteiro central,""
5537,2019-06-26T00:00:00,07:47:00,SEM VÍTIMA,FINALIZADA,ENCRUZILHADA,RUA ARTUR AZEVEDO,"","",EM FRENTE AO Nº 30 - EDF APOLÔNIA CARMEZITA,RUA ARTUR AZEVEDO,"",EM FRENTE AO Nº 30 - EDF APOLÔNIA CARMEZITA,ENCRUZILHADA,,"",ABALROAMENTO LONGITUDINAL,"",1,,,,,,1,,,0,,Longo da via,Bom,Não existe,Não existente,Seca,Perfeito estado,Não existe,Não há placas,"",Dupla,Não existe,"",""
5538,2019-06-26T00:00:00,07:57:00,SEM VÍTIMA,FINALIZADA,BOA VIAGEM,AV ENGENHEIRO DOMINGOS FERREIRA,"",RUA DR GILSON MACHADO GUIMARAES,EM FRENTE AO EXTRA - PISTA OESTE,AV ENGENHEIRO DOMINGOS FERREIRA,"",EM FRENTE AO EXTRA - PISTA OESTE,BOA VIAGEM,297,SUBURBIO,COLISÃO TRASEIRA,COLISÃO S/VITIMAS ENTRE DOIS AUTOS,2,,,,,,,,,0,,Longo da via,Chuvoso,Sem defeito,Perfeito estado,Molhada,Perfeito estado,Faixa de pedestre,Outras,60 km/h,Única,Canteiro central,"",""
5539,2019-06-26T00:00:00,08:29:00,SEM VÍTIMA,FINALIZADA,IPSEP,AV RECIFE,2447,"",AO LADO DO ATACAMAX,AV RECIFE,2447,AO LADO DO ATACAMAX,IPSEP,,SUBURBIO,COLISÃO TRASEIRA,COLISÃO S/VITIMAS ENTRE DOIS AUTOS,2,,,,,,,,,0,,Longo da via,Chuvoso,Não existe,Perfeito estado,Molhada,Perfeito estado,Não existe,R-32,"",Dupla,Canteiro central,"",""
5540,2019-06-26T00:00:00,08:34:00,SEM VÍTIMA,FINALIZADA,DERBY,RUA JENER DE SOUZA,449,RUA DA BAIXA VERDE,"",RUA JENER DE SOUZA,449,"",DERBY,,"",ABALROAMENTO TRANSVERSAL,SEM VITIMAS,2,,,,,,,,,0,,Cruzamento,Chuvoso,Não existe,Perfeito estado,Molhada,Perfeito estado,Faixa de pedestre,"","",Dupla,"","",""
5541,2019-06-26T00:00:00,09:03:00,SEM VÍTIMA,FINALIZADA,SANTO AMARO,AV CRUZ CABUGA,"",RUA PEDRO AFONSO,"",AV CRUZ CABUGA,"","",SANTO AMARO,,CIDADE,ABALROAMENTO LONGITUDINAL,AUTO E MOTO BATEDOR NO LOCA,1,1,,,,,,,,0,,Cruzamento,Bom,Não existe,Ilegível,Seca,Mal conservada,Não existe,Outras,"",Dupla,Faixa contínua,"",""
5542,2019-06-26T00:00:00,09:11:00,SEM VÍTIMA,FINALIZADA,BOA VIAGEM,RUA RIBEIRO DE BRITO,743,"",EM FRENTE A PADARIA RIO TEJO,RUA RIBEIRO DE BRITO,743,EM FRENTE A PADARIA RIO TEJO,BOA VIAGEM,,SUBURBIO,ABALROAMENTO TRANSVERSAL,COLISÃO S/VITIMAS ENTRE DOIS AUTOS,2,,,,,,,,,0,,Longo da via,Chuvoso,Sem defeito,Perfeito estado,Molhada,Perfeito estado,Agente,Não há placas,"",Única,Faixa seccionada,"",""
5543,2019-06-26T00:00:00,09:31:00,SEM VÍTIMA,FINALIZADA,IMBIRIBEIRA,AV MARECHAL MASCARENHAS DE MORAES,"",RUA OLIVIA MENELAU,LADO OPOSTO A GRILLO FLORES - AREA INTERNA DO POSTO IPIRANGA,AV MARECHAL MASCARENHAS DE MORAES,"",LADO OPOSTO A GRILLO FLORES - AREA INTERNA DO POSTO IPIRANGA,IMBIRIBEIRA,396,SUBURBIO,ABALROAMENTO LONGITUDINAL,COLISÃO SEM VITIMAS,2,,,,,,,,,0,,Longo da via,Chuvoso,Não existe,Incompleta,Molhada,Perfeito estado,Não existe,Não há placas,10 km/h,Dupla,Não existe,"",""
5544,2019-06-26T00:00:00,09:38:00,SEM VÍTIMA,FINALIZADA,CORDEIRO,RUA CLAUDIO BROTHERHOOD,126,RUA CONS SILVEIRA DE SOUZA,"",RUA CLAUDIO BROTHERHOOD,126,"",CORDEIRO,,SUBURBIO,ABALROAMENTO TRANSVERSAL,COLISÃO SEM VITIMAS,2,,,,,,,,,0,,Cruzamento,Chuvoso,Não existe,Não existente,Molhada,Perfeito estado,Não existe,Não há placas,"",Única,Não existe,"",""