_id,DATA,hora,natureza_acidente,situacao,bairro,endereco,numero,detalhe_endereco_acidente,complemento,endereco_cruzamento,numero_cruzamento,referencia_cruzamento,bairro_cruzamento,num_semaforo,sentido_via,tipo,descricao,auto,moto,ciclom,ciclista,pedestre,onibus,caminhao,viatura,outros,vitimas,vitimasfatais,acidente_verificado,tempo_clima,situacao_semaforo,sinalizacao,condicao_via,conservacao_via,ponto_controle,situacao_placa,velocidade_max_via,mao_direcao,divisao_via1,divisao_via2,divisao_via3
5545,2019-06-26T00:00:00,09:46:00,SEM VÍTIMA,FINALIZADA,COELHOS,RUA DOS COELHOS,485,RUA PADRE VENANCIO,"",RUA DOS COELHOS,485,"",COELHOS,,"",ABALROAMENTO TRANSVERSAL,DOIS AUTOS,2,,,,,,,,,0,,"",Chuvoso,Não existe,Incompleta,Seca,Perfeito estado,Não existe,Outras,40 km/h,Dupla,Faixa contínua,"",""
5546,2019-06-26T00:00:00,10:07:00,SEM VÍTIMA,CANCELADA,SÃO JOSÉ,RUA IMPERIAL,1473,VIADUTO CAPITAO TEMUDO,NA DESCIDA DA ALÇA DO VIADUTO PROXIMO A JUCEPE,RUA IMPERIAL,1473,NA DESCIDA DA ALÇA DO VIADUTO PROXIMO A JUCEPE,SÃO JOSÉ,,"",COLISÃO,SEM VITIMAS,2,,,,,,,,,0,,"","","","","","","","","","","","",""
5547,2019-06-26T00:00:00,11:47:00,SEM VÍTIMA,FINALIZADA,TORRE,RUA JOSE BONIFACIO,"",RUA CONDE DE IRAJA,"",RUA JOSE BONIFACIO,"","",TORRE,191,SUBURBIO,ABALROAMENTO LONGITUDINAL,AUTO E MOTO,1,1,,,,,,,,0,,Cruzamento,Bom,Sem defeito,Perfeito estado,Seca,Perfeito estado,Faixa de pedestre,R-6a,40 km/h,Única,Não existe,"",""
5548,2019-06-26T00:00:00,12:02:00,SEM VÍTIMA,FINALIZADA,CABANGA,VIADUTO CAPITAO TEMUDO,"","",LADO OPOSTO AO POSTE B 022971,VIADUTO CAPITAO TEMUDO,"",LADO OPOSTO AO POSTE B 022971,CABANGA,,"",COLISÃO TRASEIRA,COLISÃO SEM VITIMAS,2,,,,,,,,,0,,Longo da via,Chuvoso,Não existe,Perfeito estado,Molhada,Perfeito estado,Não existe,"","",Dupla,"","",""
5549,2019-06-26T00:00:00,12:09:00,SEM VÍTIMA,FINALIZADA,ENCRUZILHADA,AV JOAO DE BARROS,1858,AV NORTE,EM FRENTE A GALERIA ESQUINA NORTE,AV JOAO DE BARROS,1858,EM FRENTE A GALERIA ESQUINA NORTE,ENCRUZILHADA,43,CIDADE,COLISÃO TRASEIRA,COLISÃO S/ VÍTIMA AUTO/MOTO,1,1,,,,,,,,0,,Longo da via,Bom,Sem defeito,Perfeito estado,Seca,Perfeito estado,Agente,Outras,40 km/h,Única,Não existe,"",""
5550,2019-06-26T00:00:00,12:37:00,SEM VÍTIMA,FINALIZADA,CORDEIRO,AV MAURICIO DE NASSAU,"","",EM FRENTE AO CONJUNTO HABITACIONAL DO CORDEIRO,AV MAURICIO DE NASSAU,"",EM FRENTE AO CONJUNTO HABITACIONAL DO CORDEIRO,CORDEIRO,597,CIDADE,ABALROAMENTO LONGITUDINAL,COLISÃO SEM VÍTIMA,3,,,,,,,,,0,,Longo da via,Bom,Sem defeito,Ilegível,Seca,Mal conservada,Não existe,Não há placas,"",Dupla,Não existe,"",""
5551,2019-06-26T00:00:00,12:38:00,COM VÍTIMA,FINALIZADA,SANTO AMARO,AV CRUZ CABUGA,421,"",EM FRENTE AO ARMAZÉM CORAL,AV CRUZ CABUGA,421,EM FRENTE AO ARMAZÉM CORAL,SANTO AMARO,,SUBURBIO,COLISÃO TRASEIRA,COLISÃO ENTRE AUTO E MOTO COM VÍTIMA,1,1,,,,,,,,1,,Longo da via,Bom,Não existe,Perfeito estado,Seca,Perfeito estado,Não existe,Não há placas,"",Dupla,Não existe,"",""
5552,2019-06-26T00:00:00,13:21:00,SEM VÍTIMA,FINALIZADA,BOA VIAGEM,AV ENGENHEIRO DOMINGOS FERREIRA,2238,RUA ARISTIDES MUNIZ,"",AV ENGENHEIRO DOMINGOS FERREIRA,2238,"",BOA VIAGEM,,SUBURBIO,ABALROAMENTO TRANSVERSAL,COLISAO SEM VITIMAS,1,,,,,1,,,,0,,Longo da via,Bom,Não existe,Perfeito estado,Seca,Perfeito estado,"",R-6a,"",Única,Canteiro central,"",""
5553,2019-06-26T00:00:00,14:17:00,SEM VÍTIMA,FINALIZADA,CASA FORTE,RUA AFONSO DE ALBUQUERQUE MELO,"","",POR TRAS DO WALMART,RUA AFONSO DE ALBUQUERQUE MELO,"",POR TRAS DO WALMART,CASA FORTE,,CIDADE,COLISÃO TRASEIRA,ENGAVETAMENTO SEM VITIMA,3,,,,,,,,,0,,Longo da via,Bom,Não existe,Perfeito estado,Seca,Perfeito estado,Não existe,Outras,"",Única,Não existe,"",""
5554,2019-06-26T00:00:00,14:24:00,SEM VÍTIMA,FINALIZADA,TAMARINEIRA,AV NORTE,4221,"",PARADA DE ÔNIBUS DE Nº 110014 / LADO OPOSTO AO NEXOS MOTEL,AV NORTE,4221,PARADA DE ÔNIBUS DE Nº 110014 / LADO OPOSTO AO NEXOS MOTEL,TAMARINEIRA,,CIDADE,COLISÃO TRASEIRA,COLISAO ENTRE DOIS AUTOS S/V,2,,,,,,,,,0,,Longo da via,Bom,"",Perfeito estado,Seca,Perfeito estado,Não existe,R-6a,"",Dupla,Faixa seccionada,Canteiro central,""
5555,2019-06-26T00:00:00,14:55:00,SEM VÍTIMA,FINALIZADA,BOA VIAGEM,AV CONSELHEIRO AGUIAR,3609,"",EM FRENTE A FRUTARIA,AV CONSELHEIRO AGUIAR,3609,EM FRENTE A FRUTARIA,BOA VIAGEM,,CIDADE,ABALROAMENTO LONGITUDINAL,COLISAO ENTRE DOIS AUTOS S/V,2,,,,,,,,,0,,Longo da via,Bom,Não existe,Perfeito estado,Seca,Perfeito estado,Não existe,Outras,60 km/h,Única,Faixa contínua,Faixa seccionada,""
5556,2019-06-26T00:00:00,15:02:00,SEM VÍTIMA,FINALIZADA,IPSEP,AV RECIFE,3096,"","",AV RECIFE,3096,"",IPSEP,,CIDADE,COLISÃO TRASEIRA,COLISAO ENTRE TRES AUTOS S/V,3,,,,,,,,,0,,Longo da via,Bom,Não existe,Perfeito estado,Seca,Perfeito estado,Não existe,Não há placas,"",Dupla,Canteiro central,"",""
5557,2019-06-26T00:00:00,15:10:00,SEM VÍTIMA,FINALIZADA,TAMARINEIRA,RUA RICARDO HARDMAN,68,"",EDIFICIO CASTELO DE FERRARA,RUA RICARDO HARDMAN,68,EDIFICIO CASTELO DE FERRARA,TAMARINEIRA,,SUBURBIO,ABALROAMENTO LONGITUDINAL,COLISÃO SEM VITIMAS,2,,,,,,,,,0,,Longo da via,Bom,Não existe,Perfeito estado,Seca,Perfeito estado,Não existe,Outras,"",Dupla,Não existe,"",""
5558,2019-06-26T00:00:00,15:58:00,SEM VÍTIMA,FINALIZADA,GRAÇAS,RUA DR BANDEIRA FILHO,"","",FARMACIA PAGUE MENOS,RUA DR BANDEIRA FILHO,"",FARMACIA PAGUE MENOS,GRAÇAS,,SUBURBIO,ABALROAMENTO LONGITUDINAL,COLISAO ENTRE ONIBUS E AUTOSA S/V,1,,,,,1,,,,0,,Longo da via,Bom,Não existe,Não existente,Seca,Perfeito estado,Não existe,Não há placas,"",Única,Faixa contínua,"",""
5559,2019-06-26T00:00:00,16:12:00,SEM VÍTIMA,FINALIZADA,ARRUDA,EST VELHA DE AGUA FRIA,"",AV PROFESSOR JOSE DOS ANJOS,"",EST VELHA DE AGUA FRIA,"","",ARRUDA,306,SUBURBIO,ABALROAMENTO LONGITUDINAL,COLISÃO SEM VÍTIMA,1,,,,,,1,,,0,,Cruzamento,Bom,Sem defeito,Perfeito estado,Seca,Perfeito estado,"",Outras,"",Dupla,Canteiro central,"",""
5560,2019-06-28T00:00:00,14:58:00,COM VÍTIMA,FINALIZADA,CORDEIRO,AV ENGENHEIRO ABDIAS DE CARVALHO,1909,"",PROX AO COMPAZ S/T BR NO SEMAFORO 058,AV ENGENHEIRO ABDIAS DE CARVALHO,1909,PROX AO COMPAZ S/T BR NO SEMAFORO 058,CORDEIRO,58,SUBURBIO,ABALROAMENTO LONGITUDINAL,COLISAO ENTRE AUTO E MOTO COM UMA VITIMA,1,1,,,,,,,,1,,Longo da via,Bom,Não existe,Perfeito estado,Seca,Perfeito estado,Não existe,R-6a,"",Dupla,Faixa seccionada,Canteiro central,""
5561,2019-06-26T00:00:00,17:37:00,SEM VÍTIMA,FINALIZADA,IPSEP,AV RECIFE,"","",EM FRENTE AO ATACADÃO MAXX/ SENTIDO AREIAS,AV RECIFE,"",EM FRENTE AO ATACADÃO MAXX/ SENTIDO AREIAS,IPSEP,,"",COLISÃO,COLISÃO SEM VÍTIMA,2,,,,,,,,,0,,"","","","","","","","","","","","",""
5562,2019-06-26T00:00:00,17:46:00,SEM VÍTIMA,FINALIZADA,CORDEIRO,RUA GOMES TABORDA,"","",AO LADO DO POSTO TOTAL,RUA GOMES TABORDA,"",AO LADO DO POSTO TOTAL,CORDEIRO,67,SUBURBIO,COLISÃO TRASEIRA,COLISÃO SEM VÍTIMA,1,,,,,1,,,,0,,Longo da via,Bom,Sem defeito,Perfeito estado,Seca,Perfeito estado,Faixa de pedestre,R-6a,"",Dupla,Faixa contínua,"",""
5563,2019-06-26T00:00:00,18:36:00,SEM VÍTIMA,FINALIZADA,ESPINHEIRO,RUA QUARENTA E OITO,"",RUA DO ESPINHEIRO,"",RUA QUARENTA E OITO,"","",ESPINHEIRO,166,CIDADE,ABALROAMENTO TRANSVERSAL,MOTO X ONIX,1,1,,,,,,,,0,,Cruzamento,Bom,Sem defeito,Perfeito estado,Seca,Perfeito estado,Faixa de pedestre,"","",Única,Faixa contínua,"",""
5564,2019-06-26T00:00:00,18:45:00,SEM VÍTIMA,FINALIZADA,IPSEP,AV DOIS RIOS,"","",POSTO POLICIAL,AV DOIS RIOS,"",POSTO POLICIAL,IPSEP,,CIDADE,ABALROAMENTO LONGITUDINAL,ENTRE CAMINHÃO E AUTO. S/V,1,,,,,,1,,,0,,Longo da via,Bom,Não existe,Não existente,Seca,Perfeito estado,Não existe,Não há placas,"",Única,Faixa seccionada,"",""
5565,2019-06-26T00:00:00,19:51:00,COM VÍTIMA,FINALIZADA,CÓRREGO DO JENIPAPO,AV DA RECUPERACAO,280,"",E/F A OFICINA DEL MOTOS / PRÓX A UPINHA. POSTE DE ILUMINAÇÃO PÚBLICA B088464.,AV DA RECUPERACAO,280,E/F A OFICINA DEL MOTOS / PRÓX A UPINHA. POSTE DE ILUMINAÇÃO PÚBLICA B088464.,CÓRREGO DO JENIPAPO,,SUBURBIO,ABALROAMENTO LONGITUDINAL,ENTRE AUTO E MOTO. C/V,1,1,,,,,,,,2,,Longo da via,Bom,Não existe,Não existente,Seca,Mal iluminada,Não existe,Não há placas,"",Dupla,Não existe,"",""
5566,2019-06-26T00:00:00,20:07:00,SEM VÍTIMA,CANCELADA,VÁRZEA,AV CAXANGA,5775,"",AO LADO DO SUPERCENTRO CAXANGÁ / PRÓX AO POSTO SHEL,AV CAXANGA,5775,AO LADO DO SUPERCENTRO CAXANGÁ / PRÓX AO POSTO SHEL,VÁRZEA,,"",COLISÃO,ENTRE 2 AUTOS. S/V,2,,,,,,,,,0,,"","","","","","","","","","","","",""
5567,2019-06-26T00:00:00,20:51:00,SEM VÍTIMA,CANCELADA,BOA VIAGEM,AV ANTONIO DE GOES,617,"",E/F AO PORTOSEGURO / PRÓX A JCPM E DNIT,AV ANTONIO DE GOES,617,E/F AO PORTOSEGURO / PRÓX A JCPM E DNIT,BOA VIAGEM,,"",COLISÃO,ENTRE 2 AUTOS. S/V,2,,,,,,,,,0,,"","","","","","","","","","","","",""
5568,2019-06-27T00:00:00,00:13:00,SEM VÍTIMA,FINALIZADA,ARRUDA,RUA FARIAS NEVES,"",AV PROFESSOR JOSE DOS ANJOS,"",RUA FARIAS NEVES,"","",ARRUDA,,"",ABALROAMENTO TRANSVERSAL,"COLISÃO ENTRE DOIS AUTOS, SEM VÍTIMAS",2,,,,,,,,,0,,Cruzamento,"",Não existe,Incompleta,Seca,Mal iluminada,Faixa de pedestre,Placas Pare,40 km/h,Única,Não existe,"",""
5569,2019-06-27T00:00:00,04:54:00,SEM VÍTIMA,CANCELADA,BOA VIAGEM,RUA ERNESTO DE PAULA SANTOS,75,RUA DOS NAVEGANTES,AO LADO DO EDF RECIFE PALACE / E/F AO EDF VIANA E CASTELLO,RUA ERNESTO DE PAULA SANTOS,75,AO LADO DO EDF RECIFE PALACE / E/F AO EDF VIANA E CASTELLO,BOA VIAGEM,,"",COLISÃO,ENTRE 2 AUTOS. S/V,,,,,,,,,,0,,"","","","","","","","","","","","",""
5570,2019-06-27T00:00:00,05:28:00,SEM VÍTIMA,FINALIZADA,BEBERIBE,AV BEBERIBE,"",RUA SAO BENTO,"",AV BEBERIBE,"","",BEBERIBE,64,"",ABALROAMENTO TRANSVERSAL,COLISÃO S AUTOS S/VITIMA,2,,,,,,,,,0,,Cruzamento,Chuvoso,Sem defeito,Ilegível,Molhada,Mal iluminada,Faixa de retenção,Não há placas,"",Dupla,Faixa seccionada,"",""
5571,2019-06-27T00:00:00,07:09:00,SEM VÍTIMA,FINALIZADA,CASA AMARELA,RUA PADRE LEMOS,"",EST DO ARRAIAL,SEMÁFORO 404,RUA PADRE LEMOS,"",SEMÁFORO 404,CASA AMARELA,404,SUBURBIO,COLISÃO TRASEIRA,"",1,,,,,,1,,,0,,Cruzamento,Chuvoso,Sem defeito,Perfeito estado,Molhada,Perfeito estado,Faixa de pedestre,"",40 km/h,Dupla,Faixa contínua,"",""
5572,2019-06-27T00:00:00,07:14:00,SEM VÍTIMA,CANCELADA,SANTO AMARO,AV CRUZ CABUGA,"","",EM FRENTE AO HOSPITAL SANTA CASA DA MISERICORDIA,AV CRUZ CABUGA,"",EM FRENTE AO HOSPITAL SANTA CASA DA MISERICORDIA,SANTO AMARO,,"",COLISÃO,DOIS AUTOS,2,,,,,,,,,0,,"","","","","","","","","","","","",""
5573,2019-06-27T00:00:00,07:24:00,SEM VÍTIMA,FINALIZADA,VASCO DA GAMA,RUA PLANALTO,38,"","",RUA PLANALTO,38,"",VASCO DA GAMA,,SUBURBIO,CHOQUE OBJETO FIXO,CAMINHÃO ATRAVESSADO NO MEIO DA LADEIRA NOSSA SENHORA DE FATIMA IMPOSSIBILITANDO O TRAFEGO NO LOCAL SEM VITIMAS,,,,,,,1,,,0,,Longo da via,Chuvoso,Não existe,Não existente,Molhada,Perfeito estado,Não existe,Não há placas,"",Dupla,Não existe,"",""
5574,2019-06-27T00:00:00,08:51:00,SEM VÍTIMA,FINALIZADA,ARRUDA,RUA MARQUES DE BAIPENDI,"","",EM FRENTE A MERCEARIA SANTA RITA,RUA MARQUES DE BAIPENDI,"",EM FRENTE A MERCEARIA SANTA RITA,ARRUDA,,SUBURBIO,COLISÃO TRASEIRA,TRES AUTOS,3,,,,,,,,,0,,Longo da via,Bom,Não existe,Perfeito estado,Seca,Perfeito estado,Não existe,Não há placas,"",Dupla,Não existe,"",""
5575,2019-06-27T00:00:00,08:51:00,COM VÍTIMA,FINALIZADA,BOA VIAGEM,RUA JOSE DOMINGUES DA SILVA,86,RUA PADRE CABRAL,NA RUA DO POSTO DE SAUDE BOA VIAGEM,RUA JOSE DOMINGUES DA SILVA,86,NA RUA DO POSTO DE SAUDE BOA VIAGEM,BOA VIAGEM,,"",ABALROAMENTO TRANSVERSAL,COLISÃO COM VITIMA SOCORRIDA PELO SAMU,1,1,,,,,,,,1,,Cruzamento,Bom,"",Não existente,Seca,"",Não existe,R-6a,"",Dupla,Não existe,"",""
5576,2019-06-27T00:00:00,09:11:00,COM VÍTIMA,FINALIZADA,CASA AMARELA,RUA PADRE LEMOS,716,"","ACIDENTE DE PERCURSO MOTOQUEIRO, PLACA: PEW4504-PE, TRICICLO HONDA",RUA PADRE LEMOS,716,"ACIDENTE DE PERCURSO MOTOQUEIRO, PLACA: PEW4504-PE, TRICICLO HONDA",CASA AMARELA,,SUBURBIO,TOMBAMENTO,"",,1,,,,,,,,1,,Longo da via,Bom,Não existe,Perfeito estado,Seca,Perfeito estado,Não existe,R-6a,"",Dupla,Faixa seccionada,"",""
5577,2019-06-27T00:00:00,09:28:00,SEM VÍTIMA,CANCELADA,SÃO JOSÉ,C SANTA RITA,"","",AO LADO DA AGEMAR LOGISTICA SENT. RECIFE ANTIGO,C SANTA RITA,"",AO LADO DA AGEMAR LOGISTICA SENT. RECIFE ANTIGO,SÃO JOSÉ,,"",COLISÃO,DOIS AUTOS,2,,,,,,,,,0,,"","","","","","","","","","","","",""
5578,2019-06-27T00:00:00,09:53:00,SEM VÍTIMA,FINALIZADA,IPUTINGA,RUA SAO MATEUS,"","",PADARIA MASSA NOSSA,RUA SAO MATEUS,"",PADARIA MASSA NOSSA,IPUTINGA,,SUBURBIO,ABALROAMENTO TRANSVERSAL,COLISÃO SEM VITIMAS,2,,,,,,,,,0,,Cruzamento,Bom,Não existe,Perfeito estado,Seca,Perfeito estado,Outros,Placas Pare,"",Única,Não existe,"",""
5579,2019-06-27T00:00:00,10:06:00,SEM VÍTIMA,FINALIZADA,BARRO,AV DR JOSE RUFINO,2203,"","",AV DR JOSE RUFINO,2203,"",BARRO,,"",ABALROAMENTO LONGITUDINAL,COLISÃO SEM VITIMAS,1,,,,,1,,,,0,,Longo da via,Bom,Não existe,Perfeito estado,Seca,Perfeito estado,Outros,R-6a,"",Dupla,Faixa contínua,"",""
5580,2019-06-27T00:00:00,10:20:00,SEM VÍTIMA,FINALIZADA,IMBIRIBEIRA,AV MARECHAL MASCARENHAS DE MORAES,2931,"",EM FRENTE A UNIVERSO,AV MARECHAL MASCARENHAS DE MORAES,2931,EM FRENTE A UNIVERSO,IMBIRIBEIRA,631,CIDADE,COLISÃO TRASEIRA,DOIS AUTOS,2,,,,,,,,,0,,Longo da via,Bom,Sem defeito,Perfeito estado,Seca,Perfeito estado,Faixa de retenção,Não há placas,60 km/h,Dupla,Faixa seccionada,Canteiro central,""
5581,2019-06-27T00:00:00,10:45:00,SEM VÍTIMA,FINALIZADA,SOLEDADE,RUA DO PRINCIPE,652,"",EM FRENTE A UNIVERSIDADE CATOLICA,RUA DO PRINCIPE,652,EM FRENTE A UNIVERSIDADE CATOLICA,SOLEDADE,,"",COLISÃO,MOTO E AUTO,1,1,,,,,,,,0,,"","","","","","","","","","","","",""
5582,2019-06-27T00:00:00,11:23:00,SEM VÍTIMA,FINALIZADA,ILHA DO LEITE,AV GOVERNADOR AGAMENON MAGALHAES,"","",CAIXA ECONÔMICA,AV GOVERNADOR AGAMENON MAGALHAES,"",CAIXA ECONÔMICA,ILHA DO LEITE,,SUBURBIO,ABALROAMENTO LONGITUDINAL,COLISÃO SEM VITIMAS,2,,,,,,,,,0,,Longo da via,Bom,Não existe,Perfeito estado,Seca,Perfeito estado,Não existe,Outras,60 km/h,Dupla,Canteiro central,"",""
5583,2019-06-27T00:00:00,12:07:00,SEM VÍTIMA,CANCELADA,CORDEIRO,RUA DR JOAO LACERDA,300,"",EM FRENTE AO REI DA CHARQUE NA BRASA,RUA DR JOAO LACERDA,300,EM FRENTE AO REI DA CHARQUE NA BRASA,CORDEIRO,,"",COLISÃO,COLISÃO SEM VÍTIMA,1,,,,,,1,,,0,,"","","","","","","","","","","","",""
5584,2019-06-27T00:00:00,12:40:00,SEM VÍTIMA,FINALIZADA,BOA VIAGEM,RUA CAPITAO ZUZINHA,310,"",UNIDADE VETERINÁRIA,RUA CAPITAO ZUZINHA,310,UNIDADE VETERINÁRIA,BOA VIAGEM,,CIDADE,ABALROAMENTO LONGITUDINAL,COLLISÃO SEM VITIMAS,3,,,,,,,,,0,,Longo da via,Bom,Não existe,Perfeito estado,Seca,Perfeito estado,Não existe,R-6a,"",Única,Faixa seccionada,"",""
5585,2019-06-27T00:00:00,13:02:00,SEM VÍTIMA,FINALIZADA,BOA VIAGEM,RUA AMALIA BERNARDINO DE SOUZA,1326,RUA RIBEIRO DE BRITO,"",RUA AMALIA BERNARDINO DE SOUZA,1326,"",BOA VIAGEM,,SUBURBIO,ABALROAMENTO TRANSVERSAL,COLISAO ENTRE DOIS AUTOS S/V,2,,,,,,,,,0,,Cruzamento,Bom,Não existe,Não existente,Seca,Perfeito estado,Não existe,Não há placas,"",Dupla,Faixa seccionada,"",""
5586,2019-06-27T00:00:00,13:17:00,SEM VÍTIMA,FINALIZADA,CASA AMARELA,RUA PADRE LEMOS,94,"",EM FRENTE AO MERCADO DE CASA AMARELA ANEXO PADRE LEMOS,RUA PADRE LEMOS,94,EM FRENTE AO MERCADO DE CASA AMARELA ANEXO PADRE LEMOS,CASA AMARELA,404,CIDADE,ABALROAMENTO TRANSVERSAL,COLISAO ENTE AUTO E MOTO S/V,1,1,,,,,,,,0,,Longo da via,Bom,Sem defeito,Perfeito estado,Seca,Perfeito estado,Não existe,Não há placas,"",Dupla,Faixa seccionada,"",""
5587,2019-06-27T00:00:00,13:40:00,COM VÍTIMA,FINALIZADA,BAIRRO DO RECIFE,CAIS DO APOLO,"","",PRÓXIMO AO BANCO DO BRASIL,CAIS DO APOLO,"",PRÓXIMO AO BANCO DO BRASIL,BAIRRO DO RECIFE,,SUBURBIO,COLISÃO TRASEIRA,COLISÃO COM VITIMAS,1,1,,,,,,,,1,,Longo da via,Bom,Não existe,Perfeito estado,Seca,Perfeito estado,Não existe,Não há placas,"",Única,Faixa contínua,"",""
5588,2019-06-27T00:00:00,13:40:00,SEM VÍTIMA,FINALIZADA,ESPINHEIRO,RUA SANTO ELIAS,210,"",POSTO PORTELA DDS LTDA ( AO LADO),RUA SANTO ELIAS,210,POSTO PORTELA DDS LTDA ( AO LADO),ESPINHEIRO,,"",ABALROAMENTO TRANSVERSAL,COLISÃO SEM VÍTIMA,2,,,,,,,,,0,,Longo da via,Bom,Não existe,Não existente,Seca,Perfeito estado,Não existe,Não há placas,30 km/h,Dupla,Não existe,"",""
5589,2019-06-27T00:00:00,13:48:00,SEM VÍTIMA,FINALIZADA,BOA VIAGEM,RUA MARQUES DE VALENCA,250,"","",RUA MARQUES DE VALENCA,250,"",BOA VIAGEM,,SUBURBIO,COLISÃO FRONTAL,COLISÃO SEM VITIMAS,1,1,,,,,,,,0,,Longo da via,Bom,Não existe,Perfeito estado,Seca,Perfeito estado,Não existe,Não há placas,"",Dupla,Não existe,"",""
5590,2019-06-27T00:00:00,14:02:00,SEM VÍTIMA,CANCELADA,SÃO JOSÉ,RUA VIDAL DE NEGREIROS,284,"",EM FRENTE AO TRE,RUA VIDAL DE NEGREIROS,284,EM FRENTE AO TRE,SÃO JOSÉ,,"",COLISÃO,COLISÃO SEM VÍTIMA,2,,,,,,,,,0,,"","","","","","","","","","","","",""
5591,2019-06-27T00:00:00,14:15:00,SEM VÍTIMA,FINALIZADA,MACAXEIRA,AV NORTE,"",RUA MARIA CANDIDA,"",AV NORTE,"","",MACAXEIRA,296,SUBURBIO,COLISÃO TRASEIRA,COLISÃO SEM VÍTIMA,2,,,,,,,,,0,,Cruzamento,Bom,Sem defeito,Perfeito estado,Seca,Perfeito estado,Faixa de pedestre,R-6a,"",Dupla,Faixa contínua,Canteiro central,""
5592,2019-06-27T00:00:00,14:25:00,SEM VÍTIMA,DUPLICIDADE,MACAXEIRA,AV NORTE,"",RUA MARIA CANDIDA,PROX A ESCOLA TECNICA S/T SUB NO SEMAFORO 296,AV NORTE,"",PROX A ESCOLA TECNICA S/T SUB NO SEMAFORO 296,MACAXEIRA,,"",COLISÃO,COLISAO ENTRE DOIS AUTOS S/V,2,,,,,,,,,0,,"","","","","","","","","","","","",""
5593,2019-06-27T00:00:00,14:40:00,SEM VÍTIMA,FINALIZADA,CAMPO GRANDE,EST DE BELEM,564,"",EM FRENTE AO EDF SÃO PEDRO,EST DE BELEM,564,EM FRENTE AO EDF SÃO PEDRO,CAMPO GRANDE,,SUBURBIO,ABALROAMENTO LONGITUDINAL,COLISÃO SEM VÍTIMA,1,,,,,1,,,,0,,Longo da via,Bom,Não existe,Perfeito estado,Seca,Perfeito estado,Não existe,R-6a,"",Dupla,Faixa seccionada,"",""
5594,2019-06-27T00:00:00,15:35:00,SEM VÍTIMA,FINALIZADA,CORDEIRO,AV CAXANGA,2889,"",EM FRENTE A LOJA KIPEÇAS,AV CAXANGA,2889,EM FRENTE A LOJA KIPEÇAS,CORDEIRO,,CIDADE,ABALROAMENTO LONGITUDINAL,COLISÃO SEM VÍTIMA,1,2,,,,,,,,0,,Longo da via,Bom,"",Perfeito estado,Seca,Perfeito estado,Não existe,"","",Dupla,Faixa seccionada,"",""
5595,2019-06-27T00:00:00,16:15:00,SEM VÍTIMA,FINALIZADA,IPSEP,RUA JEAN EMILE FAVRE,"",AV DA COSTA E SILVA,"",RUA JEAN EMILE FAVRE,"","",IPSEP,135,"",ABALROAMENTO LONGITUDINAL,COLISÃO SEM VÍTIMA,2,,,,,,,,,0,,Cruzamento,Bom,Sem defeito,Perfeito estado,Seca,Perfeito estado,Faixa de pedestre,Não há placas,40 km/h,Dupla,Faixa contínua,"",""
5596,2019-06-27T00:00:00,16:27:00,SEM VÍTIMA,FINALIZADA,ESPINHEIRO,RUA QUARENTA E OITO,525,"",VÍDEO TECNICA,RUA QUARENTA E OITO,525,VÍDEO TECNICA,ESPINHEIRO,11,CIDADE,COLISÃO TRASEIRA,COLISÃO SEM VÍTIMA,2,,,,,1,,,,0,,Longo da via,Bom,Sem defeito,Perfeito estado,Seca,Perfeito estado,Faixa de pedestre,R-6a,30 km/h,Única,Faixa seccionada,"",""
5597,2019-06-27T00:00:00,18:05:00,COM VÍTIMA,FINALIZADA,AREIAS,AV DR JOSE RUFINO,"","",E/F AO SENAI DE AREIAS S/T CID,AV DR JOSE RUFINO,"",E/F AO SENAI DE AREIAS S/T CID,AREIAS,,CIDADE,COLISÃO COM CICLISTA,COLISAO ENTRE AUTO E CICLISTA S/V,1,,,1,,,,,,1,,Longo da via,Bom,Não existe,Perfeito estado,Seca,Perfeito estado,Não existe,R-6a,50 km/h,Dupla,Faixa contínua,"",""
5598,2019-06-27T00:00:00,18:39:00,SEM VÍTIMA,FINALIZADA,BOA VIAGEM,AV ENGENHEIRO DOMINGOS FERREIRA,"",RUA ANTONIO FALCAO,SEMÁFORO 145,AV ENGENHEIRO DOMINGOS FERREIRA,"",SEMÁFORO 145,BOA VIAGEM,145,SUBURBIO,ABALROAMENTO LONGITUDINAL,COLISAO ENTRE DOIS AUTOS S/V,2,,,,,,,,,0,,Longo da via,Bom,Sem defeito,Perfeito estado,Seca,Perfeito estado,Faixa de pedestre,Não há placas,"",Única,Faixa contínua,Faixa seccionada,Canteiro central
5599,2019-06-27T00:00:00,18:43:00,COM VÍTIMA,FINALIZADA,IPUTINGA,AV CAXANGA,"","",EM FRENTE A ESTAÇÃO DO BRT BR 101,AV CAXANGA,"",EM FRENTE A ESTAÇÃO DO BRT BR 101,IPUTINGA,270,CIDADE,ATROPELAMENTO,ATROPELAMENTO COM UMA VITIMA,1,,,,,,,,,1,,Longo da via,Bom,Sem defeito,"",Seca,Mal conservada,Faixa de pedestre,R-6a,"",Única,Não existe,"",""