_id,DATA,hora,natureza_acidente,situacao,bairro,endereco,numero,detalhe_endereco_acidente,complemento,endereco_cruzamento,numero_cruzamento,referencia_cruzamento,bairro_cruzamento,num_semaforo,sentido_via,tipo,descricao,auto,moto,ciclom,ciclista,pedestre,onibus,caminhao,viatura,outros,vitimas,vitimasfatais,acidente_verificado,tempo_clima,situacao_semaforo,sinalizacao,condicao_via,conservacao_via,ponto_controle,situacao_placa,velocidade_max_via,mao_direcao,divisao_via1,divisao_via2,divisao_via3
5600,2019-06-27T00:00:00,19:03:00,COM VÍTIMA,FINALIZADA,BOA VIAGEM,AV ENGENHEIRO DOMINGOS FERREIRA,1967,"",PET SHOP PETLAND,AV ENGENHEIRO DOMINGOS FERREIRA,1967,PET SHOP PETLAND,BOA VIAGEM,,SUBURBIO,COLISÃO TRASEIRA,COLISAO ENTRE DOIS AUTOS E UMA MOTO S/V,2,1,,,,,,,,1,,Longo da via,Bom,Não existe,Perfeito estado,Seca,Perfeito estado,Não existe,Não há placas,60 km/h,Única,Canteiro central,"",""
5601,2019-06-27T00:00:00,19:26:00,COM VÍTIMA,FINALIZADA,"",RUA VISCONDE DE JEQUITINHONHA,"","","",RUA VISCONDE DE JEQUITINHONHA,"","","",154,"",ABALROAMENTO TRANSVERSAL,COLISAO ENTRE MOTO E CICLISTA COM UMA VITIMA,,1,,1,,,,,,1,,Cruzamento,Bom,Sem defeito,Perfeito estado,Seca,Perfeito estado,Faixa de pedestre,"","",Única,Canteiro central,"",""
5602,2019-06-27T00:00:00,22:15:00,SEM VÍTIMA,FINALIZADA,SAN MARTIN,RUA VINTE E UM DE ABRIL,2110,"",EM FRENTE O Nº 2110,RUA VINTE E UM DE ABRIL,2110,EM FRENTE O Nº 2110,SAN MARTIN,,"",ABALROAMENTO LONGITUDINAL,FAIT X ONIBUS METROPOLITANA,1,,,,,1,,,,0,,Longo da via,Bom,Não existe,Incompleta,Seca,Perfeito estado,Não existe,Não há placas,"",Dupla,Não existe,"",""
5603,2019-06-28T00:00:00,02:09:00,SEM VÍTIMA,FINALIZADA,SANTO AMARO,AV GOVERNADOR AGAMENON MAGALHAES,"","",SEMÁFORO 378,AV GOVERNADOR AGAMENON MAGALHAES,"",SEMÁFORO 378,SANTO AMARO,378,SUBURBIO,CHOQUE OBJETO FIXO,AUTO CHOCOU-SE COM GELO BAIANO S/V,1,,,,,,,,,0,,Longo da via,Chuvoso,Intermitente,Perfeito estado,Molhada,Perfeito estado,Faixa de pedestre,"","",Única,Faixa seccionada,Canteiro central,""
5604,2019-06-28T00:00:00,07:17:00,SEM VÍTIMA,FINALIZADA,BARRO,AV DR JOSE RUFINO,"","",PRÓXIMO A IGREJA DO BARRO,AV DR JOSE RUFINO,"",PRÓXIMO A IGREJA DO BARRO,BARRO,,SUBURBIO,ABALROAMENTO LONGITUDINAL,AUTO E ONIBUS,1,,,,,1,,,,0,,Longo da via,Bom,Sem defeito,Perfeito estado,Seca,Perfeito estado,"",Outras,"",Dupla,Faixa contínua,"",""
5605,2019-06-28T00:00:00,07:36:00,SEM VÍTIMA,FINALIZADA,SANTO AMARO,RUA DOS PALMARES,"","",EM FRENTE AO PROCAPE,RUA DOS PALMARES,"",EM FRENTE AO PROCAPE,SANTO AMARO,,SUBURBIO,ABALROAMENTO LONGITUDINAL,SEM VITIMAS,2,,,,,,,,,0,,Longo da via,Bom,Sem defeito,Perfeito estado,Seca,Perfeito estado,Não existe,Outras,"",Dupla,Canteiro central,"",""
5606,2019-06-28T00:00:00,08:11:00,SEM VÍTIMA,FINALIZADA,CASA FORTE,AV DEZESSETE DE AGOSTO,1316,"",CASA DOS DOCES,AV DEZESSETE DE AGOSTO,1316,CASA DOS DOCES,CASA FORTE,,CIDADE,ABALROAMENTO LONGITUDINAL,AUTO PASSEIO E ONIBUS,1,,,,,1,,,,0,,Cruzamento,Bom,Não existe,Perfeito estado,Seca,Perfeito estado,Outros,Outras,"",Dupla,Faixa contínua,Faixa seccionada,""
5607,2019-06-28T00:00:00,08:13:00,SEM VÍTIMA,FINALIZADA,AFOGADOS,RUA COSME VIANA,156,"","",RUA COSME VIANA,156,"",AFOGADOS,,SUBURBIO,CHOQUE OBJETO FIXO,SEM VITIMAS,,1,,,,,,,,0,,Longo da via,Bom,Não existe,Perfeito estado,Seca,Perfeito estado,Não existe,"","",Única,Faixa contínua,Faixa seccionada,""
5608,2019-06-28T00:00:00,08:25:00,SEM VÍTIMA,FINALIZADA,IBURA,AV DOIS RIOS,"",RUA RIO XINGU,AO LADO DO POSTO BR,AV DOIS RIOS,"",AO LADO DO POSTO BR,IBURA,351,SUBURBIO,ABALROAMENTO LONGITUDINAL,COLISÃO SEM VITIMA,,,,,,,2,,,0,,Longo da via,Bom,Sem defeito,Ilegível,Molhada,Mal conservada,"",Não há placas,"",Dupla,Não existe,"",""
5609,2019-06-28T00:00:00,09:07:00,SEM VÍTIMA,FINALIZADA,SANTO AMARO,RUA DOS PALMARES,547,"",EM FRENTE AO COMANDO DA GUARDA MUNICIPAL,RUA DOS PALMARES,547,EM FRENTE AO COMANDO DA GUARDA MUNICIPAL,SANTO AMARO,,"",COLISÃO,COLISÃO SEM VITIMAS ENTRE DOIS AUTOS,2,,,,,,,,,0,,"","","","","","","","","","","","",""
5610,2019-06-28T00:00:00,12:11:00,SEM VÍTIMA,FINALIZADA,AREIAS,RUA AURORA CACOTE,142,"","",RUA AURORA CACOTE,142,"",AREIAS,,CIDADE,ABALROAMENTO TRANSVERSAL,COLISÃO ENTRE VT-27 CTTU E AUTO PASSEIO,1,,,,,,,1,,0,,Cruzamento,Bom,Não existe,Ilegível,Seca,Perfeito estado,Não existe,Outras,"",Dupla,Não existe,"",""
5611,2019-06-28T00:00:00,12:27:00,SEM VÍTIMA,FINALIZADA,IMBIRIBEIRA,AV MARECHAL MASCARENHAS DE MORAES,1736,"",GERDAL COMERCIAL,AV MARECHAL MASCARENHAS DE MORAES,1736,GERDAL COMERCIAL,IMBIRIBEIRA,,SUBURBIO,COLISÃO TRASEIRA,"",2,,,,,,1,,,0,,Longo da via,Chuvoso,Sem defeito,Perfeito estado,Molhada,Perfeito estado,"",R-6a,"",Dupla,Faixa seccionada,Canteiro central,""
5612,2019-06-28T00:00:00,12:32:00,SEM VÍTIMA,FINALIZADA,BOA VIAGEM,AV CONSELHEIRO AGUIAR,"",RUA RIBEIRO DE BRITO,SOB O SEMÁFORO 147,AV CONSELHEIRO AGUIAR,"",SOB O SEMÁFORO 147,BOA VIAGEM,147,CIDADE,COLISÃO TRASEIRA,COLISÃO SEM VITIMAS,2,,,,,,,,,0,,Longo da via,Bom,Sem defeito,Perfeito estado,Seca,Perfeito estado,"","",60 km/h,Única,Faixa contínua,"",""
5613,2019-06-28T00:00:00,12:35:00,SEM VÍTIMA,DUPLICIDADE,BOA VISTA,RUA GERVASIO PIRES,"",AV CONDE DA BOA VISTA,E/F AO EDF GARAGEM DO SHOPPING BOA VISTA,RUA GERVASIO PIRES,"",E/F AO EDF GARAGEM DO SHOPPING BOA VISTA,BOA VISTA,24,"",COLISÃO,DOIS AUTO SEM VITIMAS / UM DOS AUTO E VT DA CTTU,2,,,,,,,,,0,,"","","","","","","","","","","","",""
5614,2019-06-28T00:00:00,13:32:00,SEM VÍTIMA,FINALIZADA,ILHA DO LEITE,RUA GENERAL JOAQUIM INACIO,465,"","",RUA GENERAL JOAQUIM INACIO,465,"",ILHA DO LEITE,,SUBURBIO,COLISÃO TRASEIRA,"",1,,,,,1,,,,0,,Longo da via,Chuvoso,Sem defeito,Perfeito estado,Molhada,Perfeito estado,Outros,R-6a,"",Única,Faixa seccionada,"",""
5615,2019-06-28T00:00:00,13:35:00,COM VÍTIMA,CANCELADA,JORDÃO,AV MARECHAL MASCARENHAS DE MORAES,"","",EM FRENTE A MARTELINHO DE OURO APOS O MURO DO AEROPORTO,AV MARECHAL MASCARENHAS DE MORAES,"",EM FRENTE A MARTELINHO DE OURO APOS O MURO DO AEROPORTO,JORDÃO,,"",ATROPELAMENTO,MOTOCICLETA ATROPELOU PEDESTRE,,1,,,1,,,,,1,,"","","","","","","","","","","","",""
5616,2019-06-28T00:00:00,14:17:00,SEM VÍTIMA,FINALIZADA,ILHA DO RETIRO,RUA TABAIARES,190,"","",RUA TABAIARES,190,"",ILHA DO RETIRO,,CIDADE,COLISÃO TRASEIRA,"",2,,,,,,,,,0,,Longo da via,Bom,Não existe,Não existente,Seca,Perfeito estado,Não existe,Não há placas,"",Dupla,Não existe,"",""
5617,2019-06-28T00:00:00,14:36:00,COM VÍTIMA,FINALIZADA,DERBY,AV GOVERNADOR AGAMENON MAGALHAES,"","",EM FRENTE A RESTAURAÇÃO,AV GOVERNADOR AGAMENON MAGALHAES,"",EM FRENTE A RESTAURAÇÃO,DERBY,,"",COLISÃO TRASEIRA,COLISÃO COM VÍTIMA,1,1,,,,,,,,1,,Longo da via,Bom,Não existe,Perfeito estado,Seca,"",Outros,Não há placas,60 km/h,Dupla,Canal,"",""
5618,2019-06-28T00:00:00,14:45:00,SEM VÍTIMA,FINALIZADA,PINA,PTE GOVERNADOR PAULO GUERRA,"","",PROX AO ATACADO DA CONSTRUÇÃO,PTE GOVERNADOR PAULO GUERRA,"",PROX AO ATACADO DA CONSTRUÇÃO,PINA,,PINA,COLISÃO,DOIS AUTO SEM VITIMAS,2,,,,,,,,,0,,"","","","","","","","","","","","",""
5619,2019-06-28T00:00:00,15:19:00,SEM VÍTIMA,FINALIZADA,IPSEP,AV RECIFE,2442,"",MARAVILHA MOTOS,AV RECIFE,2442,MARAVILHA MOTOS,IPSEP,,"",COLISÃO TRASEIRA,ENTRE 3 VEICULOS,3,,,,,,,,,0,,Longo da via,Bom,Sem defeito,Perfeito estado,Seca,Perfeito estado,Agente,Não há placas,60 km/h,Única,Canteiro central,"",""
5620,2019-06-28T00:00:00,15:33:00,COM VÍTIMA,FINALIZADA,BOA VIAGEM,AV CONSELHEIRO AGUIAR,1748,"",EM FRENTE KICOS. EM FRENTE AO EMPRESARIAL ITALO BRASIL,AV CONSELHEIRO AGUIAR,1748,EM FRENTE KICOS. EM FRENTE AO EMPRESARIAL ITALO BRASIL,BOA VIAGEM,,CIDADE,ABALROAMENTO TRANSVERSAL,AUTO E MOTO.,1,1,,,,,,,,1,,Longo da via,Bom,Não existe,Perfeito estado,Seca,Perfeito estado,Não existe,Não há placas,"",Única,Faixa seccionada,"",""
5621,2019-06-28T00:00:00,15:57:00,COM VÍTIMA,FINALIZADA,SANTO AMARO,AV GOVERNADOR AGAMENON MAGALHAES,"","",MINISTERIO DO TRABALHO,AV GOVERNADOR AGAMENON MAGALHAES,"",MINISTERIO DO TRABALHO,SANTO AMARO,108,CIDADE,ATROPELAMENTO,ONIBUS E PEDRESTRE,,,,,1,1,,,,1,,Longo da via,Bom,Sem defeito,Perfeito estado,Seca,Perfeito estado,Faixa de pedestre,Não há placas,60 km/h,Dupla,Canteiro central,"",""
5622,2019-06-28T00:00:00,17:06:00,SEM VÍTIMA,FINALIZADA,BOA VIAGEM,RUA PADRE CABRAL,"",RUA JOSE DOMINGUES DA SILVA,"",RUA PADRE CABRAL,"","",BOA VIAGEM,,SUBURBIO,ABALROAMENTO TRANSVERSAL,DOIS AUTO SEM VITIMAS,2,,,,,,,,,0,,Cruzamento,Bom,Não existe,"",Seca,Perfeito estado,Não existe,Não há placas,"",Dupla,Não existe,"",""
5623,2019-06-28T00:00:00,17:47:00,COM VÍTIMA,FINALIZADA,SÃO JOSÉ,AV SUL,67,"",PRÓX A LOTERIA MONTE CARLO,AV SUL,67,PRÓX A LOTERIA MONTE CARLO,SÃO JOSÉ,,"",ABALROAMENTO TRANSVERSAL,COLISÃO COM VÍTIMA,,1,,,,,,,,1,,Longo da via,Bom,Sem defeito,Perfeito estado,Seca,Perfeito estado,Não existe,Não há placas,60 km/h,Dupla,Canteiro central,"",""
5624,2019-06-28T00:00:00,17:41:00,SEM VÍTIMA,CANCELADA,ESTÂNCIA,RUA MORAIS E SILVA,548,"",PROX AO COLEGIO VISÃO,RUA MORAIS E SILVA,548,PROX AO COLEGIO VISÃO,ESTÂNCIA,,"",COLISÃO,AUTO E MOTO SEM VITMAS,1,1,,,,,,,,0,,"","","","","","","","","","","","",""
5625,2019-06-28T00:00:00,17:51:00,SEM VÍTIMA,EQUIPE EM DESLOCAMENTO,TORRE,RUA REAL DA TORRE,XX,"",PRÓX. AO ATACADO DOS PRESENTES,RUA REAL DA TORRE,XX,PRÓX. AO ATACADO DOS PRESENTES,TORRE,,"",COLISÃO,CAMINHÃO E AUTO PASSEIO,1,,,,,,1,,,0,,"","","","","","","","","","","","",""
5626,2019-06-28T00:00:00,18:00:00,SEM VÍTIMA,FINALIZADA,PINA,RUA CAPITAO REBELINHO,"",RUA PEREIRA DA COSTA,"",RUA CAPITAO REBELINHO,"","",PINA,,SUBURBIO,ABALROAMENTO TRANSVERSAL,ENTRE 2 AUTOS. S/V,2,,,,,,,,,0,,Longo da via,Bom,Não existe,Perfeito estado,Seca,Perfeito estado,Não existe,Não há placas,"",Dupla,Não existe,"",""
5627,2019-06-28T00:00:00,18:05:00,COM VÍTIMA,FINALIZADA,AREIAS,AV TAPAJOS,1093,"",RESIDENCIAL IGNEZ ANDREAZZA,AV TAPAJOS,1093,RESIDENCIAL IGNEZ ANDREAZZA,AREIAS,,"",COLISÃO FRONTAL,2 AUTOS. 1 MOTO. C/V,2,1,,,,,,,,1,,"",Bom,Não existe,Perfeito estado,Seca,Perfeito estado,Outros,Não há placas,"",Dupla,Faixa seccionada,"",""
5628,2019-06-28T00:00:00,18:28:00,SEM VÍTIMA,FINALIZADA,APIPUCOS,RUA DOIS IRMAOS,447,"","",RUA DOIS IRMAOS,447,"",APIPUCOS,,"",ABALROAMENTO TRANSVERSAL,ENTRE 2 AUTOS. S/V,2,,,,,,,,,0,,"",Bom,Não existe,"","",Mal iluminada,Não existe,Não há placas,"",Dupla,Faixa seccionada,"",""
5629,2019-06-28T00:00:00,18:34:00,COM VÍTIMA,DUPLICIDADE,AREIAS,AV TAPAJOS,"","",AO LADO DO POSTO PETROBRAS NA ENTRADA DA VILA TAMANDARE,AV TAPAJOS,"",AO LADO DO POSTO PETROBRAS NA ENTRADA DA VILA TAMANDARE,AREIAS,,"",COLISÃO,MOTO X TAXI X HB 20,2,1,,,,,,,,1,,"","","","","","","","","","","","",""
5630,2019-06-28T00:00:00,18:47:00,SEM VÍTIMA,FINALIZADA,IPSEP,AV GENERAL MAC ARTHUR,"",AV MARECHAL MASCARENHAS DE MORAES,BANCO ITAÚ,AV GENERAL MAC ARTHUR,"",BANCO ITAÚ,IPSEP,,SUBURBIO,ABALROAMENTO LONGITUDINAL,ENTRE AUTO E CAMINHÃO. S/V,1,,,,,,1,,,0,,Cruzamento,Bom,Sem defeito,Perfeito estado,Seca,Perfeito estado,Faixa de pedestre,Não há placas,"",Única,Faixa seccionada,"",""
5631,2019-06-28T00:00:00,19:05:00,SEM VÍTIMA,FINALIZADA,PARNAMIRIM,RUA GOMES COUTINHO,"",EST DO ARRAIAL,AO LADO DO Nº 2646 DA ESTRADA DO ARRAIAL,RUA GOMES COUTINHO,"",AO LADO DO Nº 2646 DA ESTRADA DO ARRAIAL,PARNAMIRIM,,SUBURBIO,ABALROAMENTO LONGITUDINAL,"",2,,,,,,,,,0,,"",Bom,Não existe,Perfeito estado,Seca,Perfeito estado,Faixa de retenção,Placas Pare,30 km/h,Única,"","",""
5632,2019-06-28T00:00:00,19:39:00,SEM VÍTIMA,CANCELADA,BOA VIAGEM,RUA JOAO CARDOSO AIRES,396,"",E/F AO EXTRABOM,RUA JOAO CARDOSO AIRES,396,E/F AO EXTRABOM,BOA VIAGEM,,"",COLISÃO,"ENTRE 2 AUTOS, S/V",2,,,,,,,,,0,,"","","","","","","","","","","","",""
5633,2019-06-28T00:00:00,19:48:00,COM VÍTIMA,CANCELADA,GRAÇAS,RUA JOAQUIM NABUCO,330,"",E/F A FARMACIA INDEPENDENTE DA 4 CANTOS,RUA JOAQUIM NABUCO,330,E/F A FARMACIA INDEPENDENTE DA 4 CANTOS,GRAÇAS,,"",COLISÃO,ENTRE AUTO E MOTO. C/V,1,1,,,,,,,,1,,"","","","","","","","","","","","",""
5634,2019-06-28T00:00:00,20:59:00,SEM VÍTIMA,FINALIZADA,VÁRZEA,RUA GASTAO VIDIGAL,788,"","",RUA GASTAO VIDIGAL,788,"",VÁRZEA,,SUBURBIO,ATROPELAMENTO ANIMAL,HB 20 X CAVALO,1,,,,,,,,,0,,Longo da via,Bom,Não existe,Incompleta,Molhada,Mal iluminada,Não existe,Não há placas,"",Dupla,Faixa seccionada,"",""
5635,2019-06-28T00:00:00,20:59:00,SEM VÍTIMA,FINALIZADA,BOA VIAGEM,RUA JOAO CARDOSO AIRES,"",AV MARECHAL JUAREZ TAVORA,SEMÁFORO 478,RUA JOAO CARDOSO AIRES,"",SEMÁFORO 478,BOA VIAGEM,478,"",ABALROAMENTO TRANSVERSAL,ENTRE 2 AUTOS. S/V,2,,,,,,,,,0,,Cruzamento,Bom,Sem defeito,Perfeito estado,Seca,Mal iluminada,Faixa de pedestre,"",40 km/h,Única,"","",""
5636,2019-06-28T00:00:00,21:13:00,SEM VÍTIMA,FINALIZADA,CASA AMARELA,RUA DA HARMONIA,430,"","",RUA DA HARMONIA,430,"",CASA AMARELA,,CIDADE,ABALROAMENTO TRANSVERSAL,MOTO X HB 20,1,1,,,,,,,,0,,Longo da via,Bom,Não existe,Incompleta,Seca,Perfeito estado,Não existe,Não há placas,"",Dupla,Faixa contínua,"",""
5637,2019-06-28T00:00:00,21:54:00,COM VÍTIMA,FINALIZADA,BOA VIAGEM,AV BOA VIAGEM,3628,"",E/F AO EDF D SYLVIA,AV BOA VIAGEM,3628,E/F AO EDF D SYLVIA,BOA VIAGEM,,SUB/CID,ATROPELAMENTO,ENTRE AUTO E PEDESTRE. C/V,1,,,,1,,,,,1,,Longo da via,Chuvoso,Não existe,Perfeito estado,Molhada,Perfeito estado,"",Não há placas,60 km/h,Única,"","",""
5638,2019-06-28T00:00:00,22:11:00,COM VÍTIMA,FINALIZADA,BOMBA DO HEMETÉRIO,RUA BOMBA DO HEMETERIO,46,"","",RUA BOMBA DO HEMETERIO,46,"",BOMBA DO HEMETÉRIO,,SUBURBIO,ABALROAMENTO LONGITUDINAL,ENTRE ÕNIBUS E MOTO. C/V EMP CAXANGÁ,,1,,,,1,,,,1,,Longo da via,Chuvoso,Não existe,Ilegível,Molhada,Mal iluminada,Não existe,Não há placas,"",Dupla,Faixa seccionada,"",""
5639,2019-06-28T00:00:00,22:41:00,SEM VÍTIMA,FINALIZADA,CÓRREGO DO JENIPAPO,RUA ALTO FORMOSO,"","",LADEIRA,RUA ALTO FORMOSO,"",LADEIRA,CÓRREGO DO JENIPAPO,,"",ABALROAMENTO LONGITUDINAL,ENTRE AUTO E ÕNIBUS. S/V,1,,,,,1,,,,0,,Longo da via,Chuvoso,Não existe,Não existente,Molhada,Mal iluminada,Não existe,Não há placas,"",Dupla,Não existe,"",""
5640,2019-06-28T00:00:00,22:43:00,SEM VÍTIMA,FINALIZADA,BAIRRO DO RECIFE,RUA MARIZ E BARROS,"",RUA VIGARIO TENORIO,EXCELSIOR SEGUROS,RUA MARIZ E BARROS,"",EXCELSIOR SEGUROS,BAIRRO DO RECIFE,,"",ABALROAMENTO TRANSVERSAL,PRISMA X S 10,2,,,,,,,,,0,,Cruzamento,Chuvoso,Não existe,"",Molhada,Perfeito estado,Não existe,Placas Pare,"","","","",""
5641,2019-06-28T00:00:00,23:49:00,SEM VÍTIMA,FINALIZADA,ENCRUZILHADA,AV BEBERIBE,433,"","",AV BEBERIBE,433,"",ENCRUZILHADA,,CIDADE,CHOQUE VEÍCULO PARADO,ENTRE AUTO E CAMINHÃO. S/V,1,,,,,,1,,,0,,Longo da via,Chuvoso,Não existe,Ilegível,Molhada,Mal iluminada,Não existe,Não há placas,"",Dupla,Faixa seccionada,"",""
5642,2019-06-29T00:00:00,05:18:00,SEM VÍTIMA,CANCELADA,DERBY,AV GOVERNADOR AGAMENON MAGALHAES,"","",EM FRENTE AO TRIBUNAL REGIONAL ELEITORAL DE PE,AV GOVERNADOR AGAMENON MAGALHAES,"",EM FRENTE AO TRIBUNAL REGIONAL ELEITORAL DE PE,DERBY,,"",COLISÃO,"COLISÃO ENTRE DOIS AUTOS, SEM VÍTIMAS",2,,,,,,,,,0,,"","","","","","","","","","","","",""
5643,2019-06-29T00:00:00,05:20:00,SEM VÍTIMA,FINALIZADA,DOIS IRMÃOS,AV DA RECUPERACAO,"",RUA DOIS IRMAOS,"",AV DA RECUPERACAO,"","",DOIS IRMÃOS,,"",ABALROAMENTO TRANSVERSAL,COLISÃO ENTRE ÔNIBUS E AUTO S/V,1,,,,,1,,,,0,,Cruzamento,Bom,Sem defeito,Ilegível,Molhada,Mal iluminada,Não existe,Não há placas,"",Dupla,Não existe,"",""
5644,2019-06-29T00:00:00,07:52:00,SEM VÍTIMA,CANCELADA,IBURA,AV DOIS RIOS,"","",EM FRENTE A FARMACIA PAGUE MENOS,AV DOIS RIOS,"",EM FRENTE A FARMACIA PAGUE MENOS,IBURA,,"",COLISÃO,COLISÃO SEM VITIMAS,2,,,,,,,,,0,,"","","","","","","","","","","","",""
5645,2019-06-29T00:00:00,08:38:00,SEM VÍTIMA,FINALIZADA,PARNAMIRIM,RUA JOAO TUDE DE MELO,"",RUA VIRGINIA LORETO,"",RUA JOAO TUDE DE MELO,"","",PARNAMIRIM,649,SUBURBIO,ABALROAMENTO LONGITUDINAL,SEM VITIMAS,2,,,,,,,,,0,,Cruzamento,Bom,Sem defeito,Perfeito estado,Seca,Perfeito estado,Faixa de pedestre,R-6a,"",Dupla,Canal,"",""
5646,2019-06-29T00:00:00,09:09:00,SEM VÍTIMA,FINALIZADA,AFOGADOS,AV SUL,2730,"",EM FRENTE AO Nº 2730,AV SUL,2730,EM FRENTE AO Nº 2730,AFOGADOS,,CIDADE,COLISÃO TRASEIRA,SEM VITIMAS,2,,,,,,,,,0,,Longo da via,Bom,Sem defeito,Perfeito estado,Seca,Perfeito estado,Faixa de retenção,Outras,"",Única,Faixa seccionada,"",""
5647,2019-06-29T00:00:00,09:12:00,SEM VÍTIMA,FINALIZADA,ARRUDA,AV PROFESSOR JOSE DOS ANJOS,"","",LADO OPOSTO A VIA SUL,AV PROFESSOR JOSE DOS ANJOS,"",LADO OPOSTO A VIA SUL,ARRUDA,,CIDADE,COLISÃO TRASEIRA,COLISÃO SEM VÍTIMA,2,,,,,,,,,0,,Longo da via,Bom,Não existe,Perfeito estado,Seca,Perfeito estado,Não existe,R-6a,60 km/h,Única,Faixa seccionada,"",""
5648,2019-06-29T00:00:00,11:14:00,SEM VÍTIMA,CANCELADA,AREIAS,RUA BARROS SOBRINHO,242,"",RUA POR TRÁS DO MERCADO PUBLICO DE AREIAS,RUA BARROS SOBRINHO,242,RUA POR TRÁS DO MERCADO PUBLICO DE AREIAS,AREIAS,,"",COLISÃO,SEM VITIMAS,1,,,,,,1,,,0,,"","","","","","","","","","","","",""
5649,2019-06-29T00:00:00,12:25:00,SEM VÍTIMA,FINALIZADA,IPUTINGA,RUA LINDOIA DO NORTE,85,RUA BARAO DE ITAPISSUMA,"",RUA LINDOIA DO NORTE,85,"",IPUTINGA,,SUBURBIO,ABALROAMENTO TRANSVERSAL,COLISÃO S/ VITIMAS ENTRA DOIS AUTOS,2,,,,,,,,,0,,"",Bom,Não existe,Incompleta,Seca,Perfeito estado,Não existe,Não há placas,"",Dupla,Não existe,"",""
5650,2019-06-29T00:00:00,14:16:00,SEM VÍTIMA,FINALIZADA,BOA VISTA,RUA BARAO DE SAO BORJA,"","","",RUA BARAO DE SAO BORJA,"","",BOA VISTA,,SUBURBIO,ABALROAMENTO TRANSVERSAL,DOIS AUTO SEM VITIMAS,2,,,,,,,,,0,,Cruzamento,Bom,Não existe,Perfeito estado,Seca,Perfeito estado,Faixa de retenção,Placas Pare,"",Única,Faixa contínua,Faixa seccionada,""
5651,2019-06-29T00:00:00,14:29:00,COM VÍTIMA,FINALIZADA,PRADO,RUA GOMES TABORDA,1247,"",ARMAZEM PHIEL,RUA GOMES TABORDA,1247,ARMAZEM PHIEL,PRADO,,CIDADE,COLISÃO FRONTAL,COLISÃO S/VITIMAS ENTRE DOIS AUTOS,2,,,,,,,,,1,,Longo da via,Bom,Sem defeito,"",Seca,"",Não existe,Outras,"",Dupla,Faixa seccionada,"",""
5652,2019-06-29T00:00:00,14:33:00,COM VÍTIMA,FINALIZADA,JORDÃO,RUA DR ALVARO FERRAZ,210,"",PRÓX AO TERMINAL DE ÔNIBUS DO JORDÃO,RUA DR ALVARO FERRAZ,210,PRÓX AO TERMINAL DE ÔNIBUS DO JORDÃO,JORDÃO,,CIDADE,ABALROAMENTO LONGITUDINAL,"ENTRE 4 VEÍCULOS ( CAMINHÃO QUE CAUSOU O ENGAVETAMENTO, ACABOU SE EVADINDO DO LOCAL ) C/V",1,2,,,,,,,,1,,Longo da via,Bom,Não existe,Incompleta,Seca,Perfeito estado,"","",30 km/h,Única,"","",""
5653,2019-06-29T00:00:00,15:33:00,SEM VÍTIMA,FINALIZADA,TORREÃO,AV GOVERNADOR AGAMENON MAGALHAES,"","",EM FRENTE AO POSTO BR,AV GOVERNADOR AGAMENON MAGALHAES,"",EM FRENTE AO POSTO BR,TORREÃO,379,"",COLISÃO TRASEIRA,COLISÃO S/VITIMAS ENTRE DOIS AUTOS,2,,,,,,,,,0,,Longo da via,Bom,Sem defeito,Perfeito estado,Seca,Perfeito estado,Faixa de pedestre,R-19,60 km/h,Dupla,Faixa seccionada,Canteiro central,Canal
5654,2019-06-29T00:00:00,15:41:00,SEM VÍTIMA,CANCELADA,DOIS IRMÃOS,RUA MANUEL DE MEDEIROS,501,"",E/F A FABRICA DE RAÇÃO,RUA MANUEL DE MEDEIROS,501,E/F A FABRICA DE RAÇÃO,DOIS IRMÃOS,,"",COLISÃO,AUTO E MOTO SEM VITIMAS,1,1,,,,,,,,0,,"","","","","","","","","","","","",""
5655,2019-06-29T00:00:00,15:53:00,SEM VÍTIMA,FINALIZADA,IBURA,RUA EXP FRANCISCO VITORIANO,"","",OPOSTO A IGREJA PENTENCOSTAL MONTE DAS OLIVEIRAS,RUA EXP FRANCISCO VITORIANO,"",OPOSTO A IGREJA PENTENCOSTAL MONTE DAS OLIVEIRAS,IBURA,,SUBURBIO,ABALROAMENTO LONGITUDINAL,AUTO E MOTO SEM VITIMAS,1,,,,,,,,,0,,Longo da via,Bom,Não existe,Perfeito estado,Seca,Perfeito estado,Não existe,R-6a,"",Dupla,Faixa seccionada,"",""
5656,2019-06-29T00:00:00,19:25:00,SEM VÍTIMA,CANCELADA,ENGENHO DO MEIO,RUA JOSE DOS SANTOS,204,RUA ANTONIO CURADO,E/F AO SUPERMERCADO ENGENHO,RUA JOSE DOS SANTOS,204,E/F AO SUPERMERCADO ENGENHO,ENGENHO DO MEIO,,"",COLISÃO,DOIS AUTO SEM VITIMAS,,,,,,,,,,0,,"","","","","","","","","","","","",""
5657,2019-06-29T00:00:00,19:51:00,SEM VÍTIMA,FINALIZADA,DERBY,RUA JOAQUIM NABUCO,"","",SEMÁFORO 174 ( POSTE B 009601),RUA JOAQUIM NABUCO,"",SEMÁFORO 174 ( POSTE B 009601),DERBY,174,SUBURBIO,ABALROAMENTO LONGITUDINAL,DOIS AUTO SEM VITIMAS,2,,,,,,,,,0,,Longo da via,Bom,Sem defeito,Perfeito estado,Seca,Perfeito estado,Não existe,Não há placas,"",Única,Faixa seccionada,"",""