_id,DATA,hora,natureza_acidente,situacao,bairro,endereco,numero,detalhe_endereco_acidente,complemento,endereco_cruzamento,numero_cruzamento,referencia_cruzamento,bairro_cruzamento,num_semaforo,sentido_via,tipo,descricao,auto,moto,ciclom,ciclista,pedestre,onibus,caminhao,viatura,outros,vitimas,vitimasfatais,acidente_verificado,tempo_clima,situacao_semaforo,sinalizacao,condicao_via,conservacao_via,ponto_controle,situacao_placa,velocidade_max_via,mao_direcao,divisao_via1,divisao_via2,divisao_via3
5658,2019-06-29T00:00:00,19:51:00,SEM VÍTIMA,FINALIZADA,ÁGUA FRIA,AV BEBERIBE,"","",MERCADO PUBLICO DE ÁGUA FRIA,AV BEBERIBE,"",MERCADO PUBLICO DE ÁGUA FRIA,ÁGUA FRIA,,CIDADE,ABALROAMENTO LONGITUDINAL,ENTRE 2 AUTOS. S/V,2,,,,,,,,,0,,Longo da via,Bom,Não existe,Perfeito estado,Seca,Perfeito estado,Não existe,R-6c,30 km/h,Única,Faixa contínua,"",""
5659,2019-06-29T00:00:00,19:54:00,SEM VÍTIMA,CANCELADA,GUABIRABA,AV DA RECUPERACAO,213,"",APOS A COREMAL,AV DA RECUPERACAO,213,APOS A COREMAL,GUABIRABA,,GUABIRABA,COLISÃO,ONIBUS E UMA MOTO SEM VITIMAS,,1,,,,1,,,,0,,"","","","","","","","","","","","",""
5660,2019-06-29T00:00:00,20:46:00,SEM VÍTIMA,FINALIZADA,ALTO SANTA TERESINHA,AV ANIBAL BENEVOLO,1409,"","",AV ANIBAL BENEVOLO,1409,"",ALTO SANTA TERESINHA,,SUBURBIO,ABALROAMENTO LONGITUDINAL,ONBUS E AUTO PASSEIO SEM VITIMAS,1,,,,,1,,,,0,,Longo da via,Bom,Não existe,Perfeito estado,Seca,Perfeito estado,Não existe,R-6a,"",Dupla,Faixa seccionada,"",""
5661,2019-06-29T00:00:00,21:10:00,SEM VÍTIMA,FINALIZADA,CORDEIRO,AV INACIO MONTEIRO,"","",EM FRENTE A ACADEMIA CROSSFIT,AV INACIO MONTEIRO,"",EM FRENTE A ACADEMIA CROSSFIT,CORDEIRO,,"",ABALROAMENTO LONGITUDINAL,DOIS AUTO SEM VITIMAS,2,,,,,,,,,0,,Longo da via,Bom,Não existe,Perfeito estado,Seca,Perfeito estado,Não existe,Não há placas,"",Dupla,Faixa contínua,"",""
5662,2019-06-29T00:00:00,21:39:00,SEM VÍTIMA,FINALIZADA,ROSARINHO,RUA COUTO DE MAGALHAES,"",RUA ENGENHEIRO NESTOR MOREIRA REIS,"",RUA COUTO DE MAGALHAES,"","",ROSARINHO,,CIDADE,ABALROAMENTO TRANSVERSAL,DOIS AUTO SEM VITIMAS,2,,,,,,,,,0,,Cruzamento,Chuvoso,Não existe,Perfeito estado,Molhada,Perfeito estado,Não existe,Não há placas,"",Única,Não existe,"",""
5663,2019-06-29T00:00:00,23:07:00,SEM VÍTIMA,FINALIZADA,JARDIM SÃO PAULO,AV SAO PAULO,"",RUA ANIBAL PORTELA,ASSEMBLEIA DE DEUS JARDIM SÃO PAULO,AV SAO PAULO,"",ASSEMBLEIA DE DEUS JARDIM SÃO PAULO,JARDIM SÃO PAULO,,CIDADE,ABALROAMENTO LONGITUDINAL,CAMINHÃO E UM AUTO PASSEIO SEM VITIMAS,1,,,,,,1,,,0,,"",Chuvoso,Não existe,Não existente,Molhada,Mal iluminada,Não existe,Não há placas,"",Dupla,Não existe,"",""
5664,2019-06-30T00:00:00,03:46:00,SEM VÍTIMA,FINALIZADA,PARNAMIRIM,EST DO ENCANAMENTO,"",RUA DA HARMONIA,"",EST DO ENCANAMENTO,"","",PARNAMIRIM,435,CIDADE,ABALROAMENTO LONGITUDINAL,COLISÃO ENTRE DOIS AUTOS S/V,2,,,,,,,,,0,,Cruzamento,Chuvoso,Intermitente,Perfeito estado,Molhada,Perfeito estado,Faixa de pedestre,Não há placas,"",Única,Faixa contínua,"",""
5665,2019-06-30T00:00:00,04:12:00,SEM VÍTIMA,FINALIZADA,"",AV RECIFE,"","",EM FRENTE AO RESIDENCIAL IGNEZ ANDREAZZA,AV RECIFE,"",EM FRENTE AO RESIDENCIAL IGNEZ ANDREAZZA,"",494,CIDADE,ABALROAMENTO LONGITUDINAL,"COLISÃO ENTRE AUTO E MOTO, COM VÍTIMA.",1,1,,,,,,,,0,,"",Chuvoso,Intermitente,Perfeito estado,Molhada,Perfeito estado,"",Não há placas,"",Dupla,Faixa seccionada,"",""
5666,2019-06-30T00:00:00,07:06:00,COM VÍTIMA,FINALIZADA,IPSEP,AV RECIFE,3081,"",ALINHAUTO,AV RECIFE,3081,ALINHAUTO,IPSEP,,SUBURBIO,CHOQUE OBJETO FIXO,CAMINHÃO CHOCOU-SE COM UMA ÁRVORE E DEPOIS COLIDIU COM CICLISTA.,,,,,,,1,,,3,,Longo da via,Bom,Não existe,Perfeito estado,Seca,Perfeito estado,Não existe,Não há placas,60 km/h,Dupla,Canteiro central,"",""
5667,2019-06-30T00:00:00,11:37:00,SEM VÍTIMA,FINALIZADA,BOA VIAGEM,RUA VISCONDE DE JEQUITINHONHA,138,RUA DONA MAGINA PONTUAL,PONTEIO CHURRASCARIA,RUA VISCONDE DE JEQUITINHONHA,138,PONTEIO CHURRASCARIA,BOA VIAGEM,,SUBURBIO,ABALROAMENTO LONGITUDINAL,SEM VITIMAS,1,,,,,,1,,,0,,"",Bom,Não existe,Perfeito estado,Seca,Perfeito estado,Não existe,R-6a,"",Única,Faixa contínua,"",""
5668,2019-06-30T00:00:00,13:41:00,SEM VÍTIMA,CANCELADA,IPSEP,AV RECIFE,1810,"",E/F A PADARIA VILA DO PAO,AV RECIFE,1810,E/F A PADARIA VILA DO PAO,IPSEP,,AEROPORTO,COLISÃO,DOIS AUTO SEM VITIMAS,2,,,,,,,,,0,,"","","","","","","","","","","","",""
5669,2019-06-30T00:00:00,14:29:00,SEM VÍTIMA,FINALIZADA,CORDEIRO,RUA CLAUDIO BROTHERHOOD,941,RUA NITEROI,"",RUA CLAUDIO BROTHERHOOD,941,"",CORDEIRO,,"",ABALROAMENTO LONGITUDINAL,COLISÃO SEM VÍTIMA,2,,,,,,,,,0,,Longo da via,Bom,Não existe,Perfeito estado,Seca,Perfeito estado,Não existe,Não há placas,"",Dupla,Não existe,"",""
5670,2019-06-30T00:00:00,14:44:00,SEM VÍTIMA,FINALIZADA,MADALENA,RUA REAL DA TORRE,1288,"",EDIFICIO EDEZIO PESSOA,RUA REAL DA TORRE,1288,EDIFICIO EDEZIO PESSOA,MADALENA,106,CIDADE,COLISÃO TRASEIRA,COLISÃO SEM VÍTIMA,2,,,,,,,,,0,,Longo da via,Bom,Sem defeito,Perfeito estado,Seca,Perfeito estado,Não existe,Outras,"",Única,Faixa seccionada,"",""
5671,2019-06-30T00:00:00,14:55:00,SEM VÍTIMA,FINALIZADA,TEJIPIÓ,AV DR JOSE RUFINO,3030,"",EM FRENTE A ESCOLA ALBERTO TORRES,AV DR JOSE RUFINO,3030,EM FRENTE A ESCOLA ALBERTO TORRES,TEJIPIÓ,156,CIDADE,COLISÃO TRASEIRA,DOIS AUTO SEM VITIMAS,2,,,,,,,,,0,,Longo da via,Bom,Sem defeito,Perfeito estado,Seca,Perfeito estado,Faixa de pedestre,R-6a,"",Dupla,Faixa contínua,"",""
5672,2019-06-30T00:00:00,16:22:00,SEM VÍTIMA,FINALIZADA,IPSEP,AV RECIFE,1089,RUA GONCALVES DE MAGALHAES,E/F AO POSTO DE GASOLINA IPIRANGA,AV RECIFE,1089,E/F AO POSTO DE GASOLINA IPIRANGA,IPSEP,393,"",COLISÃO TRASEIRA,QUATRO AUTO SEM VITIMAS,4,,,,,,,,,0,,"",Bom,Sem defeito,Perfeito estado,Seca,Perfeito estado,Faixa de pedestre,Outras,"",Dupla,Canteiro central,"",""
5673,2019-06-30T00:00:00,16:26:00,SEM VÍTIMA,FINALIZADA,IPSEP,AV RECIFE,"",RUA GONCALVES DE MAGALHAES,SEMÁFORO 393,AV RECIFE,"",SEMÁFORO 393,IPSEP,393,CIDADE,ABALROAMENTO LONGITUDINAL,TRES VEIULOS SEM VITIMAS,3,,,,,,,,,0,,Longo da via,Bom,Sem defeito,Perfeito estado,Seca,Perfeito estado,Não existe,Outras,"",Dupla,Canteiro central,"",""
5674,2019-06-30T00:00:00,19:35:00,VÍTIMA FATAL,FINALIZADA,SANTO AMARO,AV GOVERNADOR AGAMENON MAGALHAES,"","",SOB O VIADUTO AV NORTE MIGUEL ARRAES DE ALENCAR,AV GOVERNADOR AGAMENON MAGALHAES,"",SOB O VIADUTO AV NORTE MIGUEL ARRAES DE ALENCAR,SANTO AMARO,,"",COLISÃO COM CICLISTA,ÔNIBUS E CICLISTA. C/VF,,,,1,,1,,,,,1,Longo da via,Bom,Não existe,Perfeito estado,Seca,Perfeito estado,"","",60 km/h,Dupla,Faixa contínua,Canal,""
5675,2019-06-30T00:00:00,20:32:00,SEM VÍTIMA,FINALIZADA,MADALENA,EST DOS REMEDIOS,"","","",EST DOS REMEDIOS,"","",MADALENA,51,CIDADE,COLISÃO TRASEIRA,ENTRE AUTO E ÕNIBUS. S/V,1,,,,,1,,,,0,,Longo da via,Chuvoso,Sem defeito,Perfeito estado,Molhada,Perfeito estado,Outros,Outras,"",Única,Faixa contínua,"",""
5676,2019-06-30T00:00:00,20:49:00,SEM VÍTIMA,FINALIZADA,BONGI,AV MANOEL GONCALVES DA LUZ,45,"",ATACADO DAS MADEIRAS,AV MANOEL GONCALVES DA LUZ,45,ATACADO DAS MADEIRAS,BONGI,,CIDADE,CHOQUE VEÍCULO PARADO,GOL X FORD K OBS: SUSPEITA DE EMBRIAGUEZ,2,,,,,,,,,0,,Longo da via,Chuvoso,Não existe,Incompleta,Molhada,Perfeito estado,"",Não há placas,40 km/h,Dupla,Faixa seccionada,"",""
5677,2019-06-30T00:00:00,23:50:00,SEM VÍTIMA,CANCELADA,BEBERIBE,AV BEBERIBE,"","",PRÓX A PRAÇA DE BEBERIBE E E/F A VIA MOVEIS,AV BEBERIBE,"",PRÓX A PRAÇA DE BEBERIBE E E/F A VIA MOVEIS,BEBERIBE,,"",COLISÃO,MOTO - X MOTO -,2,,,,,,,,,0,,"","","","","","","","","","","","",""
5678,2019-07-01T00:00:00,00:29:00,SEM VÍTIMA,FINALIZADA,ESPINHEIRO,RUA QUARENTA E OITO,"",RUA SAMUEL CAMPELO,GALERIA 48 CENTER,RUA QUARENTA E OITO,"",GALERIA 48 CENTER,ESPINHEIRO,,SUBURBIO,ABALROAMENTO TRANSVERSAL,"COLISÃO ENTRE DOIS AUTOS, SEM VÍTIMAS",2,,,,,,,,,0,,Cruzamento,Chuvoso,"","",Molhada,Perfeito estado,"","","","","","",""
5679,2019-07-01T00:00:00,05:37:00,SEM VÍTIMA,FINALIZADA,GRAÇAS,RUA DAS CREOULAS,"",AV RUI BARBOSA,SEMÁFORO Nº 102,RUA DAS CREOULAS,"",SEMÁFORO Nº 102,GRAÇAS,102,CIDADE,ABALROAMENTO LONGITUDINAL,COLISÃO ENTRE AUTO E ÔNIBUS S/V,1,,,,,1,,,,0,,Cruzamento,Chuvoso,Sem defeito,Perfeito estado,Molhada,Perfeito estado,Faixa de pedestre,R-6a,20 km/h,Única,"","",""
5680,2019-07-01T00:00:00,06:14:00,COM VÍTIMA,FINALIZADA,BOA VIAGEM,AV ENGENHEIRO DOMINGOS FERREIRA,1818,RUA DR GILSON MACHADO GUIMARAES,EM FRENTE AO SUPERMERCADO EXTRA,AV ENGENHEIRO DOMINGOS FERREIRA,1818,EM FRENTE AO SUPERMERCADO EXTRA,BOA VIAGEM,297,SUBURBIO,COLISÃO TRASEIRA,COLISÃO C/ VITIMAS ENTRE DOIS ONIBUS,,,,,,2,,,,2,,Longo da via,Chuvoso,Sem defeito,Perfeito estado,Molhada,Perfeito estado,Não existe,Outras,60 km/h,Única,Canteiro central,"",""
5681,2019-07-01T00:00:00,07:35:00,SEM VÍTIMA,FINALIZADA,BOA VIAGEM,AV CONSELHEIRO AGUIAR,"",RUA RIBEIRO DE BRITO,SOB O SEMÁFORO 147,AV CONSELHEIRO AGUIAR,"",SOB O SEMÁFORO 147,BOA VIAGEM,147,CIDADE,ABALROAMENTO LONGITUDINAL,COLISÃO SEM VITIMAS,2,,,,,,,,,0,,Cruzamento,Chuvoso,Sem defeito,Perfeito estado,Molhada,Perfeito estado,Faixa de pedestre,"",60 km/h,Única,Faixa contínua,"",""
5682,2019-07-01T00:00:00,07:45:00,SEM VÍTIMA,FINALIZADA,"",AV CAXANGA,"",RUA BOM PASTOR,"",AV CAXANGA,"","","",8,CIDADE,ABALROAMENTO LONGITUDINAL,COLISÃO SEM VITIMAS,2,,,,,,,,,0,,Cruzamento,Chuvoso,Sem defeito,Perfeito estado,Molhada,Perfeito estado,Faixa de pedestre,R-5b,50 km/h,Dupla,Canteiro central,"",""
5683,2019-07-01T00:00:00,07:47:00,SEM VÍTIMA,FINALIZADA,TORRE,RUA PROFESSOR TRAJANO DE MENDONCA,"","",APÓS O ATACADO DOS PRESENTES,RUA PROFESSOR TRAJANO DE MENDONCA,"",APÓS O ATACADO DOS PRESENTES,TORRE,,CIDADE,ABALROAMENTO LONGITUDINAL,"",1,,,,,,1,,,0,,Longo da via,Bom,Não existe,Perfeito estado,Seca,Perfeito estado,Não existe,Não há placas,"",Única,Faixa seccionada,"",""
5684,2019-07-01T00:00:00,07:52:00,SEM VÍTIMA,FINALIZADA,SANTO AMARO,AV GOVERNADOR AGAMENON MAGALHAES,2000,"",MINISTÉRIO DO TRABALHO E EMPREGO,AV GOVERNADOR AGAMENON MAGALHAES,2000,MINISTÉRIO DO TRABALHO E EMPREGO,SANTO AMARO,,CIDADE,COLISÃO TRASEIRA,DOIS AUTOS,2,,,,,,,,,0,,Longo da via,Chuvoso,Sem defeito,Perfeito estado,Molhada,Perfeito estado,Não existe,Outras,60 km/h,Única,Faixa seccionada,"",""
5685,2019-07-01T00:00:00,08:02:00,SEM VÍTIMA,FINALIZADA,VÁRZEA,AV CAXANGA,4617,"",FIAT ITALIANA,AV CAXANGA,4617,FIAT ITALIANA,VÁRZEA,608,CIDADE,ABALROAMENTO LONGITUDINAL,DOIS AUTOS,2,,,,,,,,,0,,Longo da via,Chuvoso,Sem defeito,Perfeito estado,Molhada,Perfeito estado,Faixa de pedestre,R-6a,"",Dupla,"","",""
5686,2019-07-01T00:00:00,08:10:00,COM VÍTIMA,FINALIZADA,PINA,AV ANTONIO DE GOES,"","",LADO OPOSTO AO Nº 275,AV ANTONIO DE GOES,"",LADO OPOSTO AO Nº 275,PINA,,CIDADE,COLISÃO TRASEIRA,DOIS ONIBUS PONTO FIXO,,,,,,2,,,,1,,Longo da via,Chuvoso,Não existe,Perfeito estado,Molhada,Perfeito estado,Agente,Outras,60 km/h,Única,Faixa contínua,Faixa seccionada,Canteiro central
5687,2019-07-01T00:00:00,09:15:00,SEM VÍTIMA,FINALIZADA,MADALENA,EST DOS REMEDIOS,"","",LADO OPOSTO HC PNEUS,EST DOS REMEDIOS,"",LADO OPOSTO HC PNEUS,MADALENA,,CIDADE,COLISÃO TRASEIRA,MOTO E AUTO,1,1,,,,,,,,0,,Longo da via,Bom,"",Perfeito estado,Seca,Perfeito estado,Outros,R-6a,"",Única,Faixa seccionada,"",""
5688,2019-07-01T00:00:00,09:42:00,SEM VÍTIMA,FINALIZADA,AFOGADOS,RUA SAO MIGUEL,"",RUA SANTOS ARAUJO,EM FRENTE AO POSTO DE GASOLINA BP,RUA SAO MIGUEL,"",EM FRENTE AO POSTO DE GASOLINA BP,AFOGADOS,,"",COLISÃO,COLISÃO SEM VITIMAS,1,,,,,,1,,,0,,"","","","","","","","","","","","",""
5689,2019-07-01T00:00:00,09:35:00,SEM VÍTIMA,FINALIZADA,CIDADE UNIVERSITÁRIA,RUA GENERAL POLIDORO,"","",EM FRENTE AO RESTAURANTE DRAGÃO CHINES,RUA GENERAL POLIDORO,"",EM FRENTE AO RESTAURANTE DRAGÃO CHINES,CIDADE UNIVERSITÁRIA,,"",CHOQUE OBJETO FIXO,"",,,,,,,1,,,0,,"","","","","","","","","","","","",""
5690,2019-07-01T00:00:00,09:47:00,SEM VÍTIMA,FINALIZADA,SÃO JOSÉ,AV SUL,"","",NA ENTRADA DO CABANGA EM FRENTE A EMPRESA PORTELA,AV SUL,"",NA ENTRADA DO CABANGA EM FRENTE A EMPRESA PORTELA,SÃO JOSÉ,260,CIDADE,COLISÃO,COLISÃO SEM VITIMAS,3,,,,,,,,,0,,"","","","","","","","","","","","",""
5691,2019-07-01T00:00:00,10:53:00,SEM VÍTIMA,FINALIZADA,PRADO,RUA SANTA EDWIRGES,97,RUA PADRE TEOFILO TWORZ,EM FRENTE A IGREJA PRESBITERIANA DO PRADO,RUA SANTA EDWIRGES,97,EM FRENTE A IGREJA PRESBITERIANA DO PRADO,PRADO,,"",COLISÃO,COLISÃO S/VITIMAS ENTRE AUTOS,2,,,,,,,,,0,,"","","","","","","","","","","","",""
5692,2019-07-01T00:00:00,12:13:00,COM VÍTIMA,FINALIZADA,IMBIRIBEIRA,AV PRESIDENTE DUTRA,347,"",ACESSO AO VIADUTO TANCREDO NEVES,AV PRESIDENTE DUTRA,347,ACESSO AO VIADUTO TANCREDO NEVES,IMBIRIBEIRA,,"",CAPOTAMENTO,"",2,,,,,,,,,5,,Longo da via,Bom,Não existe,Perfeito estado,Seca,Perfeito estado,Não existe,Outras,60 km/h,Dupla,Canteiro central,"",""
5693,2019-07-01T00:00:00,12:24:00,SEM VÍTIMA,FINALIZADA,VÁRZEA,AV CAXANGA,"","",PRÓXIMO A UPA DA CAXANGÁ,AV CAXANGA,"",PRÓXIMO A UPA DA CAXANGÁ,VÁRZEA,,SUBURBIO,COLISÃO TRASEIRA,COLISAO ENTRE DOIS AUTOS S/V,2,,,,,,,,,0,,Ponte,Bom,Sem defeito,Perfeito estado,Seca,Perfeito estado,"","","",Dupla,Canteiro central,"",""
5694,2019-07-01T00:00:00,12:30:00,COM VÍTIMA,FINALIZADA,BOA VIAGEM,RUA BALTAZAR PASSOS,515,RUA JOSE HIPOLITO CARDOSO,PROX A PADARIA PAN JOVEM,RUA BALTAZAR PASSOS,515,PROX A PADARIA PAN JOVEM,BOA VIAGEM,,SUL,COLISÃO,COLISAO ENTRE DOIS AUTOS E UM ONIBUS,2,,,,,1,,,,1,,Cruzamento,Bom,Não existe,"","","",Faixa de pedestre,Placas Pare,"",Única,Faixa seccionada,"",""
5695,2019-07-01T00:00:00,12:48:00,SEM VÍTIMA,FINALIZADA,AFOGADOS,RUA COSME VIANA,"","",HOME CENTER TUPAN,RUA COSME VIANA,"",HOME CENTER TUPAN,AFOGADOS,,SUBURBIO,COLISÃO TRASEIRA,ONIBUS E AUTO PASSEIO SEM VITIMAS,1,,,,,1,,,,0,,Longo da via,Bom,Não existe,Perfeito estado,Seca,Perfeito estado,Não existe,Não há placas,"",Única,Faixa contínua,"",""
5696,2019-07-01T00:00:00,13:31:00,COM VÍTIMA,FINALIZADA,SAN MARTIN,AV GENERAL SAN MARTIN,163,"",TERMINAL DE ÔNIBUS SAN MARTIN,AV GENERAL SAN MARTIN,163,TERMINAL DE ÔNIBUS SAN MARTIN,SAN MARTIN,,SUBURBIO,ABALROAMENTO TRANSVERSAL,AUTO E MOTO COM VITIMAS,1,1,,,,,,,,1,,Longo da via,Bom,Não existe,Perfeito estado,Seca,Perfeito estado,Não existe,Placas Dê a preferência,"",Dupla,Canteiro central,"",""
5697,2019-07-01T00:00:00,13:40:00,SEM VÍTIMA,FINALIZADA,BOA VIAGEM,AV FERNANDO SIMOES BARBOSA,702,"","",AV FERNANDO SIMOES BARBOSA,702,"",BOA VIAGEM,,SUBURBIO,ABALROAMENTO LONGITUDINAL,CAMINHÃO E UM AUTO PASSEIO SEM VITIMAS,1,,,,,,1,,,0,,Longo da via,Bom,Não existe,Perfeito estado,Seca,Perfeito estado,Não existe,Não há placas,"",Única,Faixa seccionada,"",""
5698,2019-07-01T00:00:00,13:59:00,SEM VÍTIMA,FINALIZADA,BOA VIAGEM,AV FERNANDO SIMOES BARBOSA,406,"",POSTO DE COMBUSTÍVEL BR,AV FERNANDO SIMOES BARBOSA,406,POSTO DE COMBUSTÍVEL BR,BOA VIAGEM,,SUBURBIO,ABALROAMENTO TRANSVERSAL,COLISÃO SEM VÍTIMA,2,,,,,,,,,0,,"",Bom,Não existe,Não existente,Seca,Perfeito estado,Não existe,Não há placas,"","",Não existe,"",""
5699,2019-07-01T00:00:00,14:01:00,SEM VÍTIMA,FINALIZADA,IMBIRIBEIRA,AV ANTONIO TORRES GALVAO,"","",SOB O SEMÁFORO DE Nº 442,AV ANTONIO TORRES GALVAO,"",SOB O SEMÁFORO DE Nº 442,IMBIRIBEIRA,442,SUBURBIO,ABALROAMENTO LONGITUDINAL,COLISAO ENTRE MOTO E AUTO S/V,1,1,,,,,,,,0,,Cruzamento,Bom,Sem defeito,Ilegível,Seca,Mal conservada,"",Outras,"",Única,Faixa contínua,Faixa seccionada,""
5700,2019-07-01T00:00:00,14:07:00,SEM VÍTIMA,FINALIZADA,SANTO ANTÔNIO,PRC DA REPUBLICA,"","","",PRC DA REPUBLICA,"","",SANTO ANTÔNIO,,SUBURBIO,ABALROAMENTO LONGITUDINAL,COLISÃO SEM VÍTIMA,2,,,,,,,,,0,,Longo da via,Bom,Sem defeito,Perfeito estado,Seca,Perfeito estado,Não existe,Não há placas,"",Única,Faixa contínua,"",""
5701,2019-07-01T00:00:00,14:14:00,COM VÍTIMA,FINALIZADA,BARRO,AV DR JOSE RUFINO,"","",SOBRE O VIADUTO DA BR 101,AV DR JOSE RUFINO,"",SOBRE O VIADUTO DA BR 101,BARRO,,SUBURBIO,ABALROAMENTO LONGITUDINAL,COLISAO ENTRE CAMINHAO E MOTO COM UMA VITIMA,,1,,,,,,,,1,,Cruzamento,Bom,Não existe,Não existente,Seca,Mal conservada,Não existe,Não há placas,"",Dupla,Faixa contínua,"",""
5702,2019-07-01T00:00:00,14:22:00,SEM VÍTIMA,FINALIZADA,BOA VIAGEM,RUA JORNALISTA ADETH LEITE,"",AV ENGENHEIRO DOMINGOS FERREIRA,LADO OPOSTO AO WALMART,RUA JORNALISTA ADETH LEITE,"",LADO OPOSTO AO WALMART,BOA VIAGEM,,SUBURBIO,ABALROAMENTO LONGITUDINAL,COLISAO ENTRE DOIS AUTOS S/V,2,,,,,,,,,0,,Longo da via,Bom,Sem defeito,Perfeito estado,Seca,Perfeito estado,Agente,Não há placas,30 km/h,Única,Faixa seccionada,"",""
5703,2019-07-01T00:00:00,15:42:00,COM VÍTIMA,FINALIZADA,ALTO JOSÉ BONIFÁCIO,RUA ALTO JOSE BONIFACIO,450,"",NA LADEIRA DO BOI,RUA ALTO JOSE BONIFACIO,450,NA LADEIRA DO BOI,ALTO JOSÉ BONIFÁCIO,,"",ABALROAMENTO LONGITUDINAL,COLISAO ENTRE ONIBUS E MOTO COM UMA VITIMA,,1,,,,1,,,,1,,Longo da via,Bom,Não existe,Perfeito estado,Seca,Perfeito estado,Não existe,R-6a,"",Dupla,Faixa seccionada,"",""
5704,2019-07-01T00:00:00,16:16:00,SEM VÍTIMA,FINALIZADA,SANTO AMARO,AV GOVERNADOR AGAMENON MAGALHAES,"","",SOB O SEMÁFORO 049,AV GOVERNADOR AGAMENON MAGALHAES,"",SOB O SEMÁFORO 049,SANTO AMARO,49,"",COLISÃO TRASEIRA,COLISÃO SEM VÍTIMA,2,,,,,,,,,0,,Longo da via,Bom,Sem defeito,Perfeito estado,Seca,Perfeito estado,Faixa de pedestre,Não há placas,60 km/h,Única,Faixa contínua,"",""
5705,2019-07-01T00:00:00,16:36:00,SEM VÍTIMA,FINALIZADA,IPSEP,RUA ITANAGE,69,RUA BLUMENAU,"",RUA ITANAGE,69,"",IPSEP,111,SUBURBIO,COLISÃO TRASEIRA,COLISÃO SEM VÍTIMA,2,,,,,,,,,0,,Longo da via,Bom,Sem defeito,Perfeito estado,Seca,Perfeito estado,Não existe,R-4b,"",Dupla,Não existe,"",""
5706,2019-07-01T00:00:00,16:40:00,COM VÍTIMA,FINALIZADA,BOMBA DO HEMETÉRIO,RUA CORREGO DO EUCLIDES,104,"",NA LADEIRA DO BOI E/F A PANIFICADORA PAN LUNA,RUA CORREGO DO EUCLIDES,104,NA LADEIRA DO BOI E/F A PANIFICADORA PAN LUNA,BOMBA DO HEMETÉRIO,,SUBURBIO,ATROPELAMENTO,MOTO ATROPELOU UM PEDESTRE VT 08 NO LOCAL.,,1,,,1,,,,,1,,Longo da via,Bom,Não existe,Perfeito estado,Seca,Perfeito estado,Não existe,Não há placas,30 km/h,Dupla,Faixa contínua,"",""
5707,2019-07-01T00:00:00,16:45:00,SEM VÍTIMA,FINALIZADA,JORDÃO,RUA BOANERGES PEREIRA,1049,"","",RUA BOANERGES PEREIRA,1049,"",JORDÃO,,"",ABALROAMENTO LONGITUDINAL,COLISÃO SEM VÍTIMA,1,,,,,,1,,,0,,Longo da via,Bom,Não existe,Não existente,Seca,Perfeito estado,Não existe,Não há placas,"",Dupla,Não existe,"",""
5708,2019-07-01T00:00:00,17:47:00,SEM VÍTIMA,CANCELADA,JORDÃO,AV MARIA IRENE,"","",E/F AO POSTO DE GASOLINA IPIRANGA,AV MARIA IRENE,"",E/F AO POSTO DE GASOLINA IPIRANGA,JORDÃO,,"",COLISÃO,MOTO E AUTO SEM VITIMAS,1,1,,,,,,,,0,,"","","","","","","","","","","","",""
5709,2019-07-01T00:00:00,18:10:00,COM VÍTIMA,FINALIZADA,AFOGADOS,AV SUL,"","",ENF AO POSTO DE SAUDE E A ESTAÇAO LARGO DA PAZ,AV SUL,"",ENF AO POSTO DE SAUDE E A ESTAÇAO LARGO DA PAZ,AFOGADOS,,CIDADE,ABALROAMENTO LONGITUDINAL,2 MOTOS,,2,,,,,,,,1,,Longo da via,Bom,Não existe,Perfeito estado,Seca,Perfeito estado,Agente,Não há placas,40 km/h,Única,Faixa seccionada,"",""
5710,2019-07-01T00:00:00,19:00:00,SEM VÍTIMA,FINALIZADA,IMBIRIBEIRA,RUA ARQUITETO LUIZ NUNES,650,"","",RUA ARQUITETO LUIZ NUNES,650,"",IMBIRIBEIRA,,SUBURBIO,COLISÃO TRASEIRA,FIESTA X MOTO,1,1,,,,,,,,0,,Longo da via,Bom,Não existe,Perfeito estado,Seca,Perfeito estado,Não existe,Não há placas,"",Dupla,Faixa contínua,"",""
5711,2019-07-01T00:00:00,19:45:00,COM VÍTIMA,FINALIZADA,BOA VISTA,RUA DO RIACHUELO,"",RUA DO HOSPICIO,EM FRENTE AO EDF GARAGEM DO HMAR,RUA DO RIACHUELO,"",EM FRENTE AO EDF GARAGEM DO HMAR,BOA VISTA,92,SUBURBIO,TOMBAMENTO,MOTOCICLETA,,1,,,,,,,,1,,Cruzamento,Bom,Sem defeito,Perfeito estado,Seca,Perfeito estado,Não existe,Não há placas,40 km/h,Dupla,Canteiro central,"",""
5712,2019-07-01T00:00:00,20:06:00,SEM VÍTIMA,CANCELADA,TOTÓ,AV LIBERDADE,"","",NA FRENTE DO ARMAZEM CORAL,AV LIBERDADE,"",NA FRENTE DO ARMAZEM CORAL,TOTÓ,,"",COLISÃO,COLISÃO SEM VITIMAS,2,,,,,,,,,0,,"","","","","","","","","","","","",""
5713,2019-07-01T00:00:00,20:48:00,COM VÍTIMA,FINALIZADA,ESPINHEIRO,RUA DA HORA,628,RUA AMELIA,"",RUA DA HORA,628,"",ESPINHEIRO,361,CIDADE,CHOQUE OBJETO FIXO,"",1,,,,,,,,,1,,Cruzamento,Bom,Sem defeito,Perfeito estado,Seca,Perfeito estado,Faixa de pedestre,"","",Única,Faixa seccionada,"",""