_id,DATA,hora,natureza_acidente,situacao,bairro,endereco,numero,detalhe_endereco_acidente,complemento,endereco_cruzamento,numero_cruzamento,referencia_cruzamento,bairro_cruzamento,num_semaforo,sentido_via,tipo,descricao,auto,moto,ciclom,ciclista,pedestre,onibus,caminhao,viatura,outros,vitimas,vitimasfatais,acidente_verificado,tempo_clima,situacao_semaforo,sinalizacao,condicao_via,conservacao_via,ponto_controle,situacao_placa,velocidade_max_via,mao_direcao,divisao_via1,divisao_via2,divisao_via3
5714,2019-07-02T00:00:00,00:30:00,COM VÍTIMA,FINALIZADA,ESPINHEIRO,AV JOAO DE BARROS,"",RUA DO ESPINHEIRO,FARMÁCIA PAGUE MENOS,AV JOAO DE BARROS,"",FARMÁCIA PAGUE MENOS,ESPINHEIRO,89,SUBURBIO,ABALROAMENTO TRANSVERSAL,COLISÃO ENTRE DOIS AUTOS C/V,2,,,,,,,,,2,,Cruzamento,Chuvoso,Sem defeito,Perfeito estado,Molhada,Perfeito estado,"",Outras,"",Única,Faixa contínua,"",""
5715,2019-07-02T00:00:00,06:52:00,SEM VÍTIMA,FINALIZADA,VÁRZEA,RUA GENERAL POLIDORO,759,"",ACADEMIA PRIME FIT,RUA GENERAL POLIDORO,759,ACADEMIA PRIME FIT,VÁRZEA,,CIDADE,CHOQUE OBJETO FIXO,"",,,,,,,1,,1,0,,Longo da via,Nublado,Não existe,Incompleta,Seca,Perfeito estado,Outros,Não há placas,"",Dupla,Faixa contínua,"",""
5716,2019-07-02T00:00:00,07:21:00,SEM VÍTIMA,FINALIZADA,CABANGA,AV SUL,"","","",AV SUL,"","",CABANGA,260,CIDADE,COLISÃO TRASEIRA,"",3,,,,,,,,,0,,Cruzamento,Chuvoso,Sem defeito,Incompleta,Molhada,Mal conservada,"",Não há placas,"",Dupla,Faixa seccionada,"",""
5717,2019-07-02T00:00:00,07:23:00,SEM VÍTIMA,CANCELADA,BOA VIAGEM,AVENIDA CELSO FURTADO (VIA MANGUE),"","",PROX AO SUPERMERCADO EXTRA,AVENIDA CELSO FURTADO (VIA MANGUE),"",PROX AO SUPERMERCADO EXTRA,BOA VIAGEM,,CIDADE,COLISÃO,COLISÃO SEM VITIMAS,2,,,,,,,,,0,,"","","","","","","","","","","","",""
5718,2019-07-02T00:00:00,07:50:00,SEM VÍTIMA,CANCELADA,TORRÕES,AV ENGENHEIRO ABDIAS DE CARVALHO,170,"",EM FRENTE A DISQUE PEDRAS,AV ENGENHEIRO ABDIAS DE CARVALHO,170,EM FRENTE A DISQUE PEDRAS,TORRÕES,,CIDADE,COLISÃO,COLISÃO SEM VITIMAS ENTRE DOIS AUTOS,2,,,,,,,,,0,,"","","","","","","","","","","","",""
5719,2019-07-02T00:00:00,08:20:00,SEM VÍTIMA,FINALIZADA,MACAXEIRA,AV NORTE,7574,"",LADO OPOSTO AO PARQUE DA MACAXEIRA,AV NORTE,7574,LADO OPOSTO AO PARQUE DA MACAXEIRA,MACAXEIRA,,SUBURBIO,COLISÃO TRASEIRA,DOIS AUTOS,2,,,,,,,,,0,,Longo da via,Bom,Não existe,Perfeito estado,Seca,Perfeito estado,Não existe,R-6a,"",Dupla,Faixa seccionada,Canteiro central,""
5720,2019-07-02T00:00:00,08:33:00,COM VÍTIMA,FINALIZADA,BOA VIAGEM,RUA JACK AYRES,198,RUA PROFESSOR JULIO FERREIRA DE MELO,EDF SÃO TIAGO,RUA JACK AYRES,198,EDF SÃO TIAGO,BOA VIAGEM,,"",ABALROAMENTO LONGITUDINAL,COLISÃO SEM VITIMAS,1,1,,,,,,,,1,,Cruzamento,Bom,Não existe,Perfeito estado,Seca,Perfeito estado,Faixa de retenção,Placas Pare,"",Única,Não existe,"",""
5721,2019-07-02T00:00:00,08:37:00,SEM VÍTIMA,FINALIZADA,SANTO AMARO,AV JOAO DE BARROS,111,RUA JOAQUIM FELIPE,EM FRENTE A CELPE,AV JOAO DE BARROS,111,EM FRENTE A CELPE,SANTO AMARO,365,CIDADE,ABALROAMENTO LONGITUDINAL,COLISÃO SEM VITIMAS,1,,,,,1,,,,0,,Longo da via,Bom,Sem defeito,Perfeito estado,Seca,"",Faixa de pedestre,Outras,60 km/h,Única,Faixa seccionada,"",""
5722,2019-07-02T00:00:00,08:59:00,COM VÍTIMA,FINALIZADA,SÃO JOSÉ,RUA BARAO DA VITORIA,"",RUA FLORIANO PEIXOTO,"",RUA BARAO DA VITORIA,"","",SÃO JOSÉ,12,SUBURBIO,ABALROAMENTO LONGITUDINAL,COLISÃO COM VITIMA A ESPERA DO SAMU,1,1,,,,,,,,1,,Cruzamento,Bom,Sem defeito,Perfeito estado,Seca,Perfeito estado,Faixa de retenção,Outras,"",Única,Não existe,"",""
5723,2019-07-02T00:00:00,09:31:00,COM VÍTIMA,FINALIZADA,VÁRZEA,RUA AGRICOLANDIA,"",RUA PROFESSOR ANTONIO COELHO,"",RUA AGRICOLANDIA,"","",VÁRZEA,,CIDADE,ABALROAMENTO TRANSVERSAL,COLISÃO COM VITIMA A ESPERA DO SAMU,1,1,,,,,,,,1,,Cruzamento,Bom,Não existe,Não existente,Seca,Perfeito estado,Não existe,Não há placas,"",Dupla,Não existe,"",""
5724,2019-07-02T00:00:00,09:59:00,SEM VÍTIMA,CANCELADA,BOA VIAGEM,RUA CORONEL ANIZIO RODRIGUES COELHO,"",RUA DES JOAO PAES,EM FRENTE AO EDIFICIO MARIA HELOISA,RUA CORONEL ANIZIO RODRIGUES COELHO,"",EM FRENTE AO EDIFICIO MARIA HELOISA,BOA VIAGEM,,"",COLISÃO,COLISÃO S/VITIMAS ENTRE DOIS AUTOS,2,,,,,,,,,0,,"","","","","","","","","","","","",""
5725,2019-07-02T00:00:00,10:04:00,SEM VÍTIMA,FINALIZADA,CASA AMARELA,RUA DA HARMONIA,860,"",EM FRENTE AO POSTE B 005333,RUA DA HARMONIA,860,EM FRENTE AO POSTE B 005333,CASA AMARELA,435,"",COLISÃO TRASEIRA,SEM VITIMAS,2,,,,,,,,,0,,Longo da via,Bom,Sem defeito,Perfeito estado,Seca,Perfeito estado,Faixa de pedestre,R-6a,"",Dupla,Faixa contínua,"",""
5726,2019-07-02T00:00:00,11:56:00,SEM VÍTIMA,FINALIZADA,AFLITOS,AV CONS ROSA E SILVA,1547,"",POSTO DE GASOLINA SHELL,AV CONS ROSA E SILVA,1547,POSTO DE GASOLINA SHELL,AFLITOS,214,SUBURBIO,COLISÃO TRASEIRA,COLISÃO SEM VITIMAS,1,1,,,,,,,,0,,Longo da via,Bom,Sem defeito,Perfeito estado,Seca,"","",Outras,"",Única,Faixa contínua,"",""
5727,2019-07-02T00:00:00,12:14:00,SEM VÍTIMA,FINALIZADA,ESPINHEIRO,AV JOAO DE BARROS,1280,"",EM FRENTE AO Nº 1280,AV JOAO DE BARROS,1280,EM FRENTE AO Nº 1280,ESPINHEIRO,,CIDADE,ABALROAMENTO LONGITUDINAL,COLISAO SEM VITIMAS,1,,,,,1,,,,0,,Longo da via,Bom,Não existe,Incompleta,Seca,Perfeito estado,Não existe,Outras,"",Dupla,Faixa seccionada,"",""
5728,2019-07-02T00:00:00,12:45:00,SEM VÍTIMA,CANCELADA,BOA VIAGEM,AV CONSELHEIRO AGUIAR,3595,"",EM FRENTE AS AMERICANAS EXPRESS,AV CONSELHEIRO AGUIAR,3595,EM FRENTE AS AMERICANAS EXPRESS,BOA VIAGEM,,PINA,COLISÃO,COLISÃO SEM VITIMAS,2,,,,,,,,,0,,"","","","","","","","","","","","",""
5729,2019-07-02T00:00:00,14:22:00,SEM VÍTIMA,FINALIZADA,COQUEIRAL,RUA QUINZE DE NOVEMBRO,"",RUA ARACAJU,"",RUA QUINZE DE NOVEMBRO,"","",COQUEIRAL,,SUBURBIO,COLISÃO TRASEIRA,COLISÃO SEM VITIMAS,2,,,,,,,,,0,,Longo da via,Bom,Não existe,Não existente,Seca,Perfeito estado,Não existe,Não há placas,"",Dupla,Não existe,"",""
5730,2019-07-02T00:00:00,14:42:00,COM VÍTIMA,CANCELADA,AREIAS,AV RECIFE,3856,"",APOS O HOSPITAL GERAL DE AREIAS S/T BOA VIAGEM,AV RECIFE,3856,APOS O HOSPITAL GERAL DE AREIAS S/T BOA VIAGEM,AREIAS,,"",COLISÃO,COLISAO ENTRE AUTO E MOTO SHINERAY COM UMA VITIMA,1,,1,,,,,,,1,,"","","","","","","","","","","","",""
5731,2019-07-02T00:00:00,15:01:00,SEM VÍTIMA,CANCELADA,MACAXEIRA,AV JOSE AMERICO DE ALMEIDA,"","",NA ROTATORIA NA PRAÇA ZUMBI DS PALMARES,AV JOSE AMERICO DE ALMEIDA,"",NA ROTATORIA NA PRAÇA ZUMBI DS PALMARES,MACAXEIRA,,"",COLISÃO,COLISAO ENTRE DOIS AUTOS S/V,2,,,,,,,,,0,,"","","","","","","","","","","","",""
5732,2019-07-02T00:00:00,15:03:00,SEM VÍTIMA,FINALIZADA,BOA VIAGEM,RUA FRANCISCO DA CUNHA,654,RUA PADRE BERNADINO PESSOA,"",RUA FRANCISCO DA CUNHA,654,"",BOA VIAGEM,,"",ABALROAMENTO TRANSVERSAL,COLISAO SEM VITIMAS,2,,,,,,,,,0,,Cruzamento,Bom,Não existe,Perfeito estado,Seca,Perfeito estado,Faixa de pedestre,Placas Pare,"",Única,Não existe,"",""
5733,2019-07-02T00:00:00,15:09:00,SEM VÍTIMA,FINALIZADA,CAXANGÁ,AV JOAQUIM RIBEIRO,"","","",AV JOAQUIM RIBEIRO,"","",CAXANGÁ,281,CIDADE,COLISÃO TRASEIRA,COLISAO ENTRE CAMINHAO E AUTO S/V,1,,,,,,1,,,0,,Longo da via,Bom,Sem defeito,Perfeito estado,Seca,Perfeito estado,Faixa de pedestre,R-6a,"",Única,Faixa contínua,"",""
5734,2019-07-02T00:00:00,15:10:00,SEM VÍTIMA,FINALIZADA,PINA,AV HERCULANO BANDEIRA,785,"",EM FRENTE AO ED GLORIA,AV HERCULANO BANDEIRA,785,EM FRENTE AO ED GLORIA,PINA,,SUBURBIO,COLISÃO TRASEIRA,COLISÃO SEM VÍTIMA,1,,,,,1,,,,0,,Longo da via,Bom,Não existe,Perfeito estado,Seca,Perfeito estado,Não existe,R-6a,"",Única,Faixa contínua,Faixa seccionada,""
5735,2019-07-02T00:00:00,15:37:00,SEM VÍTIMA,FINALIZADA,BOA VIAGEM,RUA LUIZ PIMENTEL,269,"",NA RUA DA IGREJA DOS MORMONS,RUA LUIZ PIMENTEL,269,NA RUA DA IGREJA DOS MORMONS,BOA VIAGEM,,"",COLISÃO,COLISAO ENTRE DOIS AUTOS S/V,2,,,,,,,,,0,,"","","","","","","","","","","","",""
5736,2019-07-02T00:00:00,15:51:00,SEM VÍTIMA,FINALIZADA,BOA VIAGEM,RUA DEZ DE JULHO,"",RUA CAMBOIM,"",RUA DEZ DE JULHO,"","",BOA VIAGEM,,"",ABALROAMENTO TRANSVERSAL,COLISÃO SEM VÍTIMA,2,,,,,,,,,0,,Cruzamento,Bom,Não existe,Perfeito estado,Seca,Perfeito estado,"",Não há placas,40 km/h,Única,Faixa seccionada,"",""
5737,2019-07-02T00:00:00,16:33:00,COM VÍTIMA,FINALIZADA,PAISSANDU,AV GOVERNADOR AGAMENON MAGALHAES,"",RUA PAISSANDU,EM FRENTE AO HOSPITAL PORTUGUÊS,AV GOVERNADOR AGAMENON MAGALHAES,"",EM FRENTE AO HOSPITAL PORTUGUÊS,PAISSANDU,69,CIDADE,ABALROAMENTO TRANSVERSAL,COLISÃO COM VÍTIMA. UM SEGUNDO VEÍCULO EVADIU-SE DO LOCAL DO ACIDENTE.,,1,,,,,,,,1,,Cruzamento,Bom,Sem defeito,Perfeito estado,Seca,Perfeito estado,Faixa de retenção,Não há placas,"",Única,Faixa,"",""
5738,2019-07-02T00:00:00,16:33:00,SEM VÍTIMA,FINALIZADA,MADALENA,AV VISCONDE DE ALBUQUERQUE,401,RUA LOPES DE CARVALHO,E/F MADALENA CENTER,AV VISCONDE DE ALBUQUERQUE,401,E/F MADALENA CENTER,MADALENA,,SUBURBIO,ABALROAMENTO TRANSVERSAL,COLISÃO SEM VITIMAS,2,,,,,,,,,0,,Longo da via,Bom,Não existe,Perfeito estado,Seca,Perfeito estado,Não existe,Outras,60 km/h,Única,Faixa seccionada,"",""
5739,2019-07-02T00:00:00,16:39:00,SEM VÍTIMA,CANCELADA,AFOGADOS,LARGO DA PAZ,"","",EM FRENTE A IGREJA NOSSA SENHORA DA PAZ,LARGO DA PAZ,"",EM FRENTE A IGREJA NOSSA SENHORA DA PAZ,AFOGADOS,,"",COLISÃO,COLISÃO SEM VÍTIMA,1,,,,,1,,,,0,,"","","","","","","","","","","","",""
5740,2019-07-02T00:00:00,17:12:00,SEM VÍTIMA,FINALIZADA,BOA VIAGEM,AV DOM JOAO VI,"","",SOB O SEMÁFORO 543,AV DOM JOAO VI,"",SOB O SEMÁFORO 543,BOA VIAGEM,543,CIDADE,ABALROAMENTO LONGITUDINAL,COLISAO ENTRE CAMINHAO E AUTO S/V,1,,,,,,1,,,0,,Longo da via,Bom,Sem defeito,Perfeito estado,Seca,Perfeito estado,Faixa de pedestre,Não há placas,"",Dupla,Faixa seccionada,Canal,""
5741,2019-07-02T00:00:00,17:17:00,SEM VÍTIMA,FINALIZADA,PINA,AV ANTONIO DE GOES,"","",POSTO BR,AV ANTONIO DE GOES,"",POSTO BR,PINA,103,CIDADE,COLISÃO TRASEIRA,COLISÃO SEM VITIMAS,1,1,,,,,,,,0,,Longo da via,Bom,Sem defeito,Perfeito estado,Seca,Perfeito estado,Faixa de pedestre,R-6a,"",Única,Faixa seccionada,"",""
5742,2019-07-02T00:00:00,17:20:00,SEM VÍTIMA,FINALIZADA,VÁRZEA,"","","",AO LADO DA RUA JACINTO FREIRE DE ANDRADE,"","",AO LADO DA RUA JACINTO FREIRE DE ANDRADE,VÁRZEA,,"",COLISÃO TRASEIRA,COLISÃO SEM VÍTIMA,2,,,,,,,,,0,,Longo da via,Bom,Não existe,Perfeito estado,Seca,Perfeito estado,Não existe,Não há placas,"",Única,Não existe,"",""
5743,2019-07-02T00:00:00,17:23:00,SEM VÍTIMA,DUPLICIDADE,BOA VIAGEM,AV DOM JOAO VI,"","",POR TRAS DO WALMART,AV DOM JOAO VI,"",POR TRAS DO WALMART,BOA VIAGEM,,"",COLISÃO,COLISÃO SEM VITIMAS,1,,,,,,1,,,0,,"","","","","","","","","","","","",""
5744,2019-07-02T00:00:00,17:43:00,SEM VÍTIMA,FINALIZADA,SÃO JOSÉ,RUA IMPERIAL,"","","",RUA IMPERIAL,"","",SÃO JOSÉ,35,CIDADE,ABALROAMENTO LONGITUDINAL,COLISÃO SEM VITIMAS,1,,,,,,1,,,0,,Longo da via,Bom,Sem defeito,Perfeito estado,Seca,Perfeito estado,Faixa de pedestre,R-6a,"",Única,Faixa seccionada,"",""
5745,2019-07-02T00:00:00,17:52:00,SEM VÍTIMA,FINALIZADA,IPUTINGA,AV PROFESSOR MORAES REGO,"",RUA ZEZITO COSTA REGO,E/F AO HOSPITAL HAPVIDA,AV PROFESSOR MORAES REGO,"",E/F AO HOSPITAL HAPVIDA,IPUTINGA,,SUBURBIO,ABALROAMENTO LONGITUDINAL,ENTRE CAMINHÃO E AUTO PASSEIO. S/V,1,,,,,1,,,,0,,Longo da via,Bom,Não existe,Perfeito estado,"","",Não existe,Outras,"",Dupla,Não existe,"",""
5746,2019-07-02T00:00:00,18:09:00,SEM VÍTIMA,FINALIZADA,BOA VIAGEM,AV ENGENHEIRO DOMINGOS FERREIRA,"","",E/F A ESCOLA MUNICIPAL OSWALDO LIMA FILHO,AV ENGENHEIRO DOMINGOS FERREIRA,"",E/F A ESCOLA MUNICIPAL OSWALDO LIMA FILHO,BOA VIAGEM,200,SUBURBIO,COLISÃO TRASEIRA,ENTRE 3 AUTOS. S/V,3,,,,,,,,,0,,Longo da via,Bom,Sem defeito,Perfeito estado,Seca,Perfeito estado,Faixa de pedestre,Não há placas,"",Única,Faixa seccionada,"",""
5747,2019-07-02T00:00:00,18:58:00,COM VÍTIMA,CANCELADA,TAMARINEIRA,AV NORTE,4200,"",PROX AO NEXOS HOTEL // SENTIDO BR,AV NORTE,4200,PROX AO NEXOS HOTEL // SENTIDO BR,TAMARINEIRA,,"",COLISÃO,NISSAN VERSA X MOTO,1,1,,,,,,,,1,,"","","","","","","","","","","","",""
5748,2019-07-02T00:00:00,19:37:00,SEM VÍTIMA,FINALIZADA,TORRE,RUA JOSE BONIFACIO,944,"",ATACADO DOS PRESENTES,RUA JOSE BONIFACIO,944,ATACADO DOS PRESENTES,TORRE,,SUBURBIO,COLISÃO TRASEIRA,ENTRE 2 AUTOS. S/V,2,,,,,,,,,0,,Longo da via,Bom,Não existe,Perfeito estado,Seca,Perfeito estado,"",R-6a,40 km/h,Única,"","",""
5749,2019-07-02T00:00:00,19:55:00,COM VÍTIMA,FINALIZADA,AFOGADOS,RUA SAO MIGUEL,"",RUA PEDRO CABRAL DE OLIVEIRA,"",RUA SAO MIGUEL,"","",AFOGADOS,,SUBURBIO,ATROPELAMENTO,ENTRE AUTO E PEDESTRE ( A VÍTIMA JÁ FOI SOCORRIDA ) C/V,1,,,,1,,,,,1,,Longo da via,Bom,Não existe,Perfeito estado,Seca,Perfeito estado,Não existe,Outras,"",Dupla,Faixa contínua,Faixa seccionada,""
5750,2019-07-02T00:00:00,23:07:00,SEM VÍTIMA,FINALIZADA,MADALENA,AV BEIRA RIO,"",RUA CLOVIS BEVILAQUA,"",AV BEIRA RIO,"","",MADALENA,,CIDADE,ABALROAMENTO TRANSVERSAL,ENTRE 2 AUTOS. S/V,2,,,,,,,,,0,,"",Chuvoso,Não existe,Perfeito estado,Molhada,Perfeito estado,Não existe,Não há placas,40 km/h,Dupla,Faixa seccionada,"",""
5751,2019-07-02T00:00:00,23:15:00,SEM VÍTIMA,CANCELADA,IMBIRIBEIRA,AV MARECHAL MASCARENHAS DE MORAES,4555,"","E/F A TOYOLEX, SNT AEROPORTO",AV MARECHAL MASCARENHAS DE MORAES,4555,"E/F A TOYOLEX, SNT AEROPORTO",IMBIRIBEIRA,,"",COLISÃO,ENTRE AUTO E ÕNIBUS. S/V,,,,,,,,,,0,,"","","","","","","","","","","","",""
5752,2019-07-03T00:00:00,04:14:00,COM VÍTIMA,FINALIZADA,CAMPO GRANDE,EST DE BELEM,1481,"",PRÓX AO ANTIGO TERMINAL DE CAMPO GRANDE // EM FRENTE AO ARMAZEN DE CONSTRUÇÃO MACHADO,EST DE BELEM,1481,PRÓX AO ANTIGO TERMINAL DE CAMPO GRANDE // EM FRENTE AO ARMAZEN DE CONSTRUÇÃO MACHADO,CAMPO GRANDE,,SUBURBIO,COLISÃO FRONTAL,"COLISÃO ENTRE DOIS AUTOS, COM VÍTIMA",2,,,,,,,,,2,,Longo da via,Chuvoso,Sem defeito,Perfeito estado,Molhada,Perfeito estado,Não existe,Outras,"",Dupla,Faixa contínua,"",""
5753,2019-07-03T00:00:00,08:00:00,SEM VÍTIMA,FINALIZADA,IPSEP,AV RECIFE,2959,"",EXATA COR,AV RECIFE,2959,EXATA COR,IPSEP,,CIDADE,ABALROAMENTO LONGITUDINAL,CAMINHÃO E AUTO,1,,,,,,1,,,0,,Longo da via,Chuvoso,Não existe,Perfeito estado,Molhada,Perfeito estado,"",Outras,"",Única,Faixa contínua,Faixa seccionada,Canteiro central
5754,2019-07-03T00:00:00,09:42:00,SEM VÍTIMA,FINALIZADA,IMBIRIBEIRA,AV MARECHAL MASCARENHAS DE MORAES,1482,"","",AV MARECHAL MASCARENHAS DE MORAES,1482,"",IMBIRIBEIRA,,SUBURBIO,COLISÃO TRASEIRA,DOIS AUTOS,2,,,,,,,,,0,,Longo da via,Chuvoso,Sem defeito,Perfeito estado,Molhada,Perfeito estado,Faixa de pedestre,Não há placas,"",Dupla,Canteiro central,"",""
5755,2019-07-03T00:00:00,10:14:00,SEM VÍTIMA,FINALIZADA,CAXANGÁ,AV CAXANGA,4251,"",EM FRENTE A CAXANGA VEÍCULOS,AV CAXANGA,4251,EM FRENTE A CAXANGA VEÍCULOS,CAXANGÁ,,CIDADE,COLISÃO TRASEIRA,"SEM VITIMAS,VT16 VAI FAZER O B.O",3,,,,,,,,,0,,Longo da via,Chuvoso,Não existe,Perfeito estado,Molhada,Perfeito estado,Não existe,R-6a,"",Dupla,Canteiro central,"",""
5756,2019-07-03T00:00:00,11:31:00,SEM VÍTIMA,FINALIZADA,JORDÃO,RUA CRISTALIA,254,RUA PAU BRASIL,"",RUA CRISTALIA,254,"",JORDÃO,,SUBURBIO,CHOQUE VEÍCULO PARADO,COLISÃO SEM VITIMAS,1,,,,,,1,,,0,,Longo da via,"",Não existe,Não existente,Seca,Perfeito estado,Não existe,Não há placas,"",Dupla,Não existe,"",""
5757,2019-07-03T00:00:00,12:05:00,COM VÍTIMA,FINALIZADA,ÁGUA FRIA,EST VELHA DE AGUA FRIA,671,RUA CABO HONORIO,PROXIMO A LOJA ORTOBOM E ESPAÇO TAMARINEIRA.,EST VELHA DE AGUA FRIA,671,PROXIMO A LOJA ORTOBOM E ESPAÇO TAMARINEIRA.,ÁGUA FRIA,,SUBURBIO,ABALROAMENTO TRANSVERSAL,AUTO E MOTO.,1,1,,,,,,,,1,,Cruzamento,Chuvoso,Não existe,Perfeito estado,Molhada,Perfeito estado,Não existe,Outras,"",Dupla,Faixa contínua,"",""
5758,2019-07-03T00:00:00,13:50:00,COM VÍTIMA,FINALIZADA,CORDEIRO,AV CAXANGA,1417,"",AUTOPARTI EQUIPADORA,AV CAXANGA,1417,AUTOPARTI EQUIPADORA,CORDEIRO,,CIDADE,ABALROAMENTO TRANSVERSAL,COLISAO COM VITIMA DADOS PESSOAIS DA VITIMA NOME DA VITIMA,,1,,,,,,,,1,,Longo da via,Chuvoso,Sem defeito,Perfeito estado,Seca,Perfeito estado,Outros,Outras,60 km/h,Única,Faixa contínua,Faixa seccionada,""
5759,2019-07-03T00:00:00,14:18:00,SEM VÍTIMA,CANCELADA,IMBIRIBEIRA,AV MARECHAL MASCARENHAS DE MORAES,2657,"",DE FRENTE A IMBIRIBVEIRA DISEL,AV MARECHAL MASCARENHAS DE MORAES,2657,DE FRENTE A IMBIRIBVEIRA DISEL,IMBIRIBEIRA,,AFOGADOS,COLISÃO,COLISÃO SEM VITIMAS,1,,,,,,1,,,0,,"","","","","","","","","","","","",""
5760,2019-07-03T00:00:00,15:14:00,SEM VÍTIMA,FINALIZADA,BOA VIAGEM,AV CONSELHEIRO AGUIAR,3929,"",EM FRENTE AO BANCO DO BRASIL,AV CONSELHEIRO AGUIAR,3929,EM FRENTE AO BANCO DO BRASIL,BOA VIAGEM,,"",COLISÃO TRASEIRA,COLISAO ENTRE DOIS AUTOS S/V,2,,,,,,,,,0,,Longo da via,Bom,Não existe,Perfeito estado,Seca,Perfeito estado,Não existe,Não há placas,"",Única,Faixa seccionada,"",""
5761,2019-07-03T00:00:00,16:28:00,SEM VÍTIMA,CANCELADA,SAN MARTIN,RUA VINTE E UM DE ABRIL,"","",NO GIRADOURO DE SAN MARTIN/ EM FRENTE A DROGASIL,RUA VINTE E UM DE ABRIL,"",NO GIRADOURO DE SAN MARTIN/ EM FRENTE A DROGASIL,SAN MARTIN,,"",COLISÃO,COLISÃO SEM VÍTIMA,,,,,,,,,,0,,"","","","","","","","","","","","",""
5762,2019-07-03T00:00:00,17:07:00,COM VÍTIMA,FINALIZADA,AFOGADOS,EST DOS REMEDIOS,"","",E/F AO BAR CABOBLINHO. LADO OPOSTO AO POSTO IPIRANGA.,EST DOS REMEDIOS,"",E/F AO BAR CABOBLINHO. LADO OPOSTO AO POSTO IPIRANGA.,AFOGADOS,,SUBURBIO,COLISÃO FRONTAL,COLISAO ENTRE AUTO E CINQUENTINHA COM UMA VITIMA,1,,1,,,,,,,1,,Longo da via,Bom,Não existe,Perfeito estado,Seca,Perfeito estado,Não existe,Outras,"",Única,Faixa seccionada,"",""
5763,2019-07-03T00:00:00,17:27:00,SEM VÍTIMA,CANCELADA,ESTÂNCIA,AV RECIFE,5346,"",EM FRENTE A IVANILDO ESTOFADOS E APÓS O MAKRO/ SENTIDO CEASA,AV RECIFE,5346,EM FRENTE A IVANILDO ESTOFADOS E APÓS O MAKRO/ SENTIDO CEASA,ESTÂNCIA,,"",COLISÃO,COLISÃO SEM VÍTIMA,1,1,,,,,,,,0,,"","","","","","","","","","","","",""
5764,2019-07-03T00:00:00,17:34:00,SEM VÍTIMA,CANCELADA,AFOGADOS,RUA NICOLAU PEREIRA,431,"",E/F AO ARMAZEM CORAL,RUA NICOLAU PEREIRA,431,E/F AO ARMAZEM CORAL,AFOGADOS,,"",COLISÃO,COLISAO ENTRE DOIS AUTOS S/V,2,,,,,,,,,0,,"","","","","","","","","","","","",""
5765,2019-07-03T00:00:00,17:45:00,COM VÍTIMA,FINALIZADA,IMBIRIBEIRA,AV MARECHAL MASCARENHAS DE MORAES,4555,AV RECIFE,OPOSTO A TOYOLEX,AV MARECHAL MASCARENHAS DE MORAES,4555,OPOSTO A TOYOLEX,IMBIRIBEIRA,,SUBURBIO,CAPOTAMENTO,MOTOCICLETA,,1,,,,,,,,1,,"",Bom,Não existe,Perfeito estado,Seca,Perfeito estado,Não existe,R-6a,60 km/h,Dupla,Faixa seccionada,Canteiro central,""
5766,2019-07-03T00:00:00,17:45:00,COM VÍTIMA,DUPLICIDADE,AFOGADOS,EST DOS REMEDIOS,"","",LADO OPOSTO AO POSTO YPIRANGA,EST DOS REMEDIOS,"",LADO OPOSTO AO POSTO YPIRANGA,AFOGADOS,,"",COLISÃO,"O VEÍCULO EVADIU-SE DO LOCAL DO ACIDENTE, RESTANDO O CICLOMOTOR",1,,1,,,,1,,,1,,"","","","","","","","","","","","",""
5767,2019-07-03T00:00:00,17:48:00,SEM VÍTIMA,FINALIZADA,ESPINHEIRO,RUA CORONEL JOSE MARTINS,53,"","",RUA CORONEL JOSE MARTINS,53,"",ESPINHEIRO,,SUBURBIO,ABALROAMENTO LONGITUDINAL,ENTRE 2 AUTOS. S/V,2,,,,,,,,,0,,Longo da via,Bom,Não existe,Perfeito estado,Seca,Perfeito estado,Não existe,Não há placas,30 km/h,Dupla,Não existe,"",""
5768,2019-07-03T00:00:00,18:13:00,COM VÍTIMA,FINALIZADA,BOMBA DO HEMETÉRIO,RUA BOMBA DO HEMETERIO,127,RUA JACOB,PROX A ENTRADA DO GIGANTE DO SAMBA. EM FRENTE AO DEPÓSITO DE BEBIDAS,RUA BOMBA DO HEMETERIO,127,PROX A ENTRADA DO GIGANTE DO SAMBA. EM FRENTE AO DEPÓSITO DE BEBIDAS,BOMBA DO HEMETÉRIO,,CIDADE,ABALROAMENTO TRANSVERSAL,AUTO E CICLOMOTOR.,1,,1,,,,,,,1,,Cruzamento,Bom,Não existe,Perfeito estado,Seca,Perfeito estado,Não existe,Não há placas,"",Dupla,Faixa seccionada,"",""
5769,2019-07-03T00:00:00,18:19:00,SEM VÍTIMA,FINALIZADA,PINA,AV REPUBLICA DO LIBANO,"",RUA BARAO DE SANTO ANGELO,"",AV REPUBLICA DO LIBANO,"","",PINA,,SUBURBIO,COLISÃO TRASEIRA,ENTRE 3 AUTOS. S/V,3,,,,,,,,,0,,Longo da via,Bom,Não existe,Perfeito estado,Seca,Perfeito estado,Não existe,Não há placas,"",Única,Não existe,"",""
5770,2019-07-03T00:00:00,19:54:00,SEM VÍTIMA,CANCELADA,BOA VIAGEM,RUA SIMAO BORBA,20,"",AO LADO DA PIZZARIA CAPITAO GANCHO E CANAL DA CONSTRUÇAO,RUA SIMAO BORBA,20,AO LADO DA PIZZARIA CAPITAO GANCHO E CANAL DA CONSTRUÇAO,BOA VIAGEM,,"",ENGAVETAMENTO,CLIO X SPIN X HR-V X HB 20,4,,,,,,,,,0,,"","","","","","","","","","","","",""