_id,DATA,hora,natureza_acidente,situacao,bairro,endereco,numero,detalhe_endereco_acidente,complemento,endereco_cruzamento,numero_cruzamento,referencia_cruzamento,bairro_cruzamento,num_semaforo,sentido_via,tipo,descricao,auto,moto,ciclom,ciclista,pedestre,onibus,caminhao,viatura,outros,vitimas,vitimasfatais,acidente_verificado,tempo_clima,situacao_semaforo,sinalizacao,condicao_via,conservacao_via,ponto_controle,situacao_placa,velocidade_max_via,mao_direcao,divisao_via1,divisao_via2,divisao_via3
5771,2019-07-03T00:00:00,21:11:00,COM VÍTIMA,FINALIZADA,ALTO DO MANDU,AV DR EURICO CHAVES,270,"",FRENTE A PASADARIA MANDACARU,AV DR EURICO CHAVES,270,FRENTE A PASADARIA MANDACARU,ALTO DO MANDU,,CIDADE,ABALROAMENTO LONGITUDINAL,MOTO X ONIBUS,,1,,,,1,,,,1,,Longo da via,Chuvoso,Não existe,Perfeito estado,Molhada,Perfeito estado,Não existe,R-6a,"",Única,Faixa seccionada,"",""
5772,2019-07-03T00:00:00,22:20:00,SEM VÍTIMA,FINALIZADA,SANTO AMARO,AV CRUZ CABUGA,"","",HOSPITAL DO CÂNCER DE PERNAMBUCO,AV CRUZ CABUGA,"",HOSPITAL DO CÂNCER DE PERNAMBUCO,SANTO AMARO,,SUBURBIO,CHOQUE OBJETO FIXO,ENTRE ÔNIBUS E POSTE. POSTE CAÍDO NA VIA,,,,,,1,,,,0,,Longo da via,Bom,Sem defeito,Perfeito estado,Seca,Perfeito estado,Não existe,Não há placas,60 km/h,Dupla,Faixa contínua,"",""
5773,2019-07-03T00:00:00,22:22:00,SEM VÍTIMA,FINALIZADA,"",AV MARECHAL JUAREZ TAVORA,"","",AO LADO DO MURO DO COLEGIO AMERICANO ( PARTE DE TRAS FUNDO DO COLEGIO),AV MARECHAL JUAREZ TAVORA,"",AO LADO DO MURO DO COLEGIO AMERICANO ( PARTE DE TRAS FUNDO DO COLEGIO),"",,SUBURBIO,CHOQUE VEÍCULO PARADO,GOL X FOX,2,,,,,,,,,0,,Longo da via,Bom,Não existe,Perfeito estado,Seca,Perfeito estado,Não existe,Não há placas,"",Única,Faixa seccionada,Canal,""
5774,2019-07-03T00:00:00,22:32:00,SEM VÍTIMA,FINALIZADA,BOA VIAGEM,AV FERNANDO SIMOES BARBOSA,602,"",ED SAINT THOMAS,AV FERNANDO SIMOES BARBOSA,602,ED SAINT THOMAS,BOA VIAGEM,332,"",ABALROAMENTO LONGITUDINAL,ENTRE AUTO E ÕNIBUS. S/V,1,,,,,1,,,,0,,Longo da via,"",Sem defeito,Perfeito estado,Seca,Perfeito estado,Faixa de pedestre,"","",Dupla,Faixa contínua,Canal,""
5775,2019-07-03T00:00:00,23:00:00,COM VÍTIMA,FINALIZADA,BOA VIAGEM,AV DOM JOAO VI,"",AVENIDA CELSO FURTADO (VIA MANGUE),VIA MANGUE,AV DOM JOAO VI,"",VIA MANGUE,BOA VIAGEM,,SUBURBIO,COLISÃO FRONTAL,MOTO X CICLISTA,,1,,1,,,,,,3,,Longo da via,Bom,Não existe,Perfeito estado,Seca,Perfeito estado,Não existe,Não há placas,"",Única,Faixa seccionada,"",""
5776,2019-07-04T00:00:00,07:12:00,SEM VÍTIMA,FINALIZADA,BOA VIAGEM,RUA BARAO DE SOUZA LEAO,1544,"",FARMAMOBI,RUA BARAO DE SOUZA LEAO,1544,FARMAMOBI,BOA VIAGEM,,"",COLISÃO TRASEIRA,SEM VITIMAS,1,,,,,1,,,,0,,Longo da via,Bom,Não existe,Perfeito estado,Seca,Perfeito estado,Não existe,Não há placas,"",Única,Faixa seccionada,"",""
5777,2019-07-04T00:00:00,07:16:00,SEM VÍTIMA,FINALIZADA,PRADO,RUA SANTA EDWIRGES,"",RUA PADRE TEOFILO TWORZ,AO LADO DO Nº 295,RUA SANTA EDWIRGES,"",AO LADO DO Nº 295,PRADO,,CIDADE,ABALROAMENTO TRANSVERSAL,DOIS AUTOS,2,,,,,,,,,0,,Cruzamento,Bom,Não existe,Incompleta,Seca,Perfeito estado,Não existe,R-6a,"",Única,Não existe,"",""
5778,2019-07-04T00:00:00,07:34:00,COM VÍTIMA,FINALIZADA,ARRUDA,EST VELHA DE AGUA FRIA,"",AV PROFESSOR JOSE DOS ANJOS,"",EST VELHA DE AGUA FRIA,"","",ARRUDA,306,"",COLISÃO TRASEIRA,"AUTO E MOTO ,COM UMA VITIMA AGUARDANDO SAMU",1,1,,,,,,,,1,,Longo da via,Bom,Sem defeito,Perfeito estado,Seca,Perfeito estado,"","","","","","",""
5779,2019-07-04T00:00:00,08:27:00,COM VÍTIMA,FINALIZADA,ESPINHEIRO,AV GOVERNADOR AGAMENON MAGALHAES,"","",EM FRENTE AO CIRCULO MILITAR,AV GOVERNADOR AGAMENON MAGALHAES,"",EM FRENTE AO CIRCULO MILITAR,ESPINHEIRO,,SUBURBIO,CAPOTAMENTO,"",,1,,,,,,,,1,,Viaduto,Bom,Não existe,Perfeito estado,Seca,Mal conservada,Não existe,Outras,60 km/h,Dupla,Faixa contínua,Canteiro central,""
5780,2019-07-04T00:00:00,08:45:00,SEM VÍTIMA,CANCELADA,SANTO AMARO,AV GOVERNADOR AGAMENON MAGALHAES,1114,RUA DR BANDEIRA FILHO,EM FRENTE A EMBRATEL,AV GOVERNADOR AGAMENON MAGALHAES,1114,EM FRENTE A EMBRATEL,SANTO AMARO,,BOA VIAGEM,COLISÃO,SEM VITIMAS,1,,,,,,,1,,0,,"","","","","","","","","","","","",""
5781,2019-07-04T00:00:00,09:02:00,COM VÍTIMA,CANCELADA,BREJO DA GUABIRABA,AV VEREADOR OTACILIO AZEVEDO,4626,"","EM FRENTE A IGREJA TESTEMUNHA DE JEOVA, PROX. A FABRICA DA KINITOS",AV VEREADOR OTACILIO AZEVEDO,4626,"EM FRENTE A IGREJA TESTEMUNHA DE JEOVA, PROX. A FABRICA DA KINITOS",BREJO DA GUABIRABA,,"",COLISÃO,AUTO E MOTO,1,1,,,,,,,,1,,"","","","","","","","","","","","",""
5782,2019-07-04T00:00:00,09:07:00,SEM VÍTIMA,CANCELADA,SÃO JOSÉ,C SANTA RITA,494,"",EM FRENTE AO ESTACIONAMENTO LEVE MOBILI,C SANTA RITA,494,EM FRENTE AO ESTACIONAMENTO LEVE MOBILI,SÃO JOSÉ,,"",COLISÃO,COLISÃO S/VITIMAS ENTRE DOIS AUTOS,2,,,,,,,,,0,,"","","","","","","","","","","","",""
5783,2019-07-04T00:00:00,09:23:00,SEM VÍTIMA,FINALIZADA,BOA VIAGEM,AV CONSELHEIRO AGUIAR,1896,"",EM FRENTE AO POSTO POLICIAL 1º COMPANHIA PMPE 19ª BATALHÃO,AV CONSELHEIRO AGUIAR,1896,EM FRENTE AO POSTO POLICIAL 1º COMPANHIA PMPE 19ª BATALHÃO,BOA VIAGEM,,SUBURBIO,COLISÃO TRASEIRA,DOIS AUTOS PASSEIO E UM CAMINHAO,1,,,,,,1,,,0,,Longo da via,Bom,Não existe,Perfeito estado,Seca,Perfeito estado,Não existe,R-6a,60 km/h,Única,Faixa contínua,Faixa seccionada,""
5784,2019-07-04T00:00:00,09:44:00,COM VÍTIMA,FINALIZADA,IBURA,AV DOIS RIOS,866,"",SERRALHARIA MARIA ANTONIA,AV DOIS RIOS,866,SERRALHARIA MARIA ANTONIA,IBURA,475,SUBURBIO,ABALROAMENTO LONGITUDINAL,AUTO E MOTO,1,1,,,,,,,,1,,Longo da via,Bom,Sem defeito,Perfeito estado,Seca,Perfeito estado,"",R-6a,30 km/h,Dupla,Faixa contínua,"",""
5785,2019-07-04T00:00:00,10:06:00,SEM VÍTIMA,CANCELADA,AFOGADOS,RUA NICOLAU PEREIRA,"",RUA DA PAZ,EM FRENTE A CLECIO ESCAPAMENTO,RUA NICOLAU PEREIRA,"",EM FRENTE A CLECIO ESCAPAMENTO,AFOGADOS,73,"",COLISÃO,COLISÃO S/VITIMAS ENTRE DOIS AUTOS,2,,,,,,,,,0,,"","","","","","","","","","","","",""
5786,2019-07-04T00:00:00,10:24:00,SEM VÍTIMA,FINALIZADA,BOA VIAGEM,AV CONSELHEIRO AGUIAR,"",RUA TOME GIBSON,EM FRENTE AO GALETO PEKIN,AV CONSELHEIRO AGUIAR,"",EM FRENTE AO GALETO PEKIN,BOA VIAGEM,2,CIDADE,COLISÃO TRASEIRA,DOIS AUTOS BATEDORES NO LOCAL,2,,,,,,,,,0,,Longo da via,Bom,Sem defeito,Perfeito estado,Seca,Perfeito estado,Faixa de pedestre,R-6a,60 km/h,Única,Faixa contínua,"",""
5787,2019-07-04T00:00:00,10:30:00,SEM VÍTIMA,FINALIZADA,IMBIRIBEIRA,AV MARECHAL MASCARENHAS DE MORAES,"","",EM FRENTE A FIAT ITALIANA,AV MARECHAL MASCARENHAS DE MORAES,"",EM FRENTE A FIAT ITALIANA,IMBIRIBEIRA,502,SUBURBIO,COLISÃO TRASEIRA,SEM VITIMAS,2,,,,,,,,,0,,Longo da via,Bom,Sem defeito,Perfeito estado,Seca,Perfeito estado,Faixa de pedestre,Não há placas,60 km/h,Dupla,Canteiro central,"",""
5788,2019-07-04T00:00:00,10:34:00,SEM VÍTIMA,FINALIZADA,TEJIPIÓ,RUA FALCAO DE LACERDA,457,"",AO LADO DA ASA MOTOS,RUA FALCAO DE LACERDA,457,AO LADO DA ASA MOTOS,TEJIPIÓ,285,SUBURBIO,ABALROAMENTO LONGITUDINAL,COLISÃO S/VITIMAS ENTRE UMA CARRETA E UM AUTO,1,,,,,,1,,,0,,Longo da via,Bom,Sem defeito,Perfeito estado,Seca,Perfeito estado,Outros,Outras,40 km/h,Dupla,Faixa contínua,"",""
5789,2019-07-04T00:00:00,10:43:00,SEM VÍTIMA,CANCELADA,TEJIPIÓ,AV DR JOSE RUFINO,5735,"",EM FRENTE AO POSTO PETROBRAS,AV DR JOSE RUFINO,5735,EM FRENTE AO POSTO PETROBRAS,TEJIPIÓ,,"",COLISÃO,COLISÃO S/VITIMAS ENTRE UMA MOTO E UM AUTO,1,1,,,,,,,,0,,"","","","","","","","","","","","",""
5790,2019-07-04T00:00:00,11:16:00,SEM VÍTIMA,CANCELADA,BOA VISTA,AV MANOEL BORBA,1000,RUA DOM BOSCO,EM FRENTE AO EDF DOM BOSCO,AV MANOEL BORBA,1000,EM FRENTE AO EDF DOM BOSCO,BOA VISTA,,"",COLISÃO,SEM VITIMA,2,,,,,,,,,0,,"","","","","","","","","","","","",""
5791,2019-07-04T00:00:00,11:34:00,SEM VÍTIMA,FINALIZADA,BOA VIAGEM,RUA MARQUES DE VALENCA,"",RUA AMALIA BERNARDINO DE SOUZA,POR TRAS DA ESCOLA SANTOS DUMONT,RUA MARQUES DE VALENCA,"",POR TRAS DA ESCOLA SANTOS DUMONT,BOA VIAGEM,,"",ABALROAMENTO LONGITUDINAL,COLISÃO S/VITIMAS ENTRE UM CAMINHÃO E UM AUTO,1,,,,,,1,,,0,,Longo da via,Bom,Não existe,Não existente,Seca,"",Não existe,Não há placas,20 km/h,Dupla,Não existe,"",""
5792,2019-07-04T00:00:00,11:38:00,SEM VÍTIMA,CANCELADA,PASSARINHO,EST DE PASSARINHO,1180,"",PROXIMO A SUPERGÁS,EST DE PASSARINHO,1180,PROXIMO A SUPERGÁS,PASSARINHO,,"",COLISÃO,COLISÃO S/VITIMAS ENTRE UMA MOTO E UM AUTO,1,1,,,,,,,,0,,"","","","","","","","","","","","",""
5793,2019-07-04T00:00:00,12:07:00,SEM VÍTIMA,FINALIZADA,BOA VIAGEM,RUA PADRE CARAPUCEIRO,"",AV FERNANDO SIMOES BARBOSA,"",RUA PADRE CARAPUCEIRO,"","",BOA VIAGEM,321,CIDADE,ABALROAMENTO LONGITUDINAL,DOIS AUTO SEM VITIMAS,2,,,,,,,,,0,,Cruzamento,Bom,Sem defeito,Perfeito estado,Seca,Perfeito estado,Faixa de pedestre,Outras,"",Dupla,Canteiro central,"",""
5794,2019-07-04T00:00:00,12:14:00,SEM VÍTIMA,FINALIZADA,DERBY,RUA AMARO BEZERRA,419,RUA JORNALISTA PAULO BITTENCOURT,EM FRENTE A DROGASIL,RUA AMARO BEZERRA,419,EM FRENTE A DROGASIL,DERBY,,SUBURBIO,ABALROAMENTO TRANSVERSAL,DOIS AUTO SEM VITIMAS ( UM DOS AUTO E DA 2ª SEÇÃO DA POLICIA),1,,,,,,,1,,0,,"",Bom,Sem defeito,Perfeito estado,Seca,Perfeito estado,Não existe,Outras,"",Única,Não existe,"",""
5795,2019-07-04T00:00:00,12:38:00,SEM VÍTIMA,CANCELADA,BOA VISTA,AV CONDE DA BOA VISTA,"","",E/F A LOJA MARISA S/T DERBY,AV CONDE DA BOA VISTA,"",E/F A LOJA MARISA S/T DERBY,BOA VISTA,,"",COLISÃO,COLISAO ENTRE ONIBUS E AUTO S/V,1,,,,,1,,,,0,,"","","","","","","","","","","","",""
5796,2019-07-04T00:00:00,13:15:00,SEM VÍTIMA,FINALIZADA,SAN MARTIN,RUA VINTE E UM DE ABRIL,2857,"",EM FRENTE AO EDUCANDÁRIO PEQUENO PRINCIPE,RUA VINTE E UM DE ABRIL,2857,EM FRENTE AO EDUCANDÁRIO PEQUENO PRINCIPE,SAN MARTIN,,SUBURBIO,CHOQUE VEÍCULO PARADO,COLISÃO SEM VITIMAS,2,,,,,,,,,0,,Longo da via,Bom,Não existe,Perfeito estado,Seca,Perfeito estado,Não existe,Não há placas,40 km/h,Dupla,Faixa contínua,"",""
5797,2019-07-04T00:00:00,13:28:00,SEM VÍTIMA,FINALIZADA,BOA VIAGEM,RUA GENERAL AMERICANO FREIRE,"","",EM FRENTE AO Nº 326,RUA GENERAL AMERICANO FREIRE,"",EM FRENTE AO Nº 326,BOA VIAGEM,,SUBURBIO,ABALROAMENTO TRANSVERSAL,COLISAO ENTRE DOIS AUTOS,2,,,,,,,,,0,,Longo da via,Bom,Não existe,Perfeito estado,Seca,Perfeito estado,Não existe,Não há placas,"",Única,Não existe,"",""
5798,2019-07-04T00:00:00,13:33:00,SEM VÍTIMA,FINALIZADA,ESPINHEIRO,RUA DO ESPINHEIRO,"",AV JOAO DE BARROS,"",RUA DO ESPINHEIRO,"","",ESPINHEIRO,89,"",COLISÃO TRASEIRA,COLISAO ENTRE DOIS AUTOS S/V,2,,,,,,,,,0,,Longo da via,Bom,Sem defeito,Perfeito estado,Seca,Perfeito estado,Faixa de pedestre,R-6a,"",Única,"","",""
5799,2019-07-04T00:00:00,13:38:00,SEM VÍTIMA,FINALIZADA,ROSARINHO,AV NORTE,"","",EM FRENTE AO Nº 409,AV NORTE,"",EM FRENTE AO Nº 409,ROSARINHO,,CIDADE,COLISÃO TRASEIRA,COLISAO ENTRE MOTO E AUTO S/V,1,1,,,,,,,,0,,Longo da via,Bom,Não existe,Perfeito estado,Seca,Perfeito estado,Não existe,Outras,"",Dupla,Canteiro central,"",""
5800,2019-07-04T00:00:00,14:18:00,SEM VÍTIMA,CANCELADA,ILHA DO RETIRO,RUA BENFICA,"","",AO LADO DO ESTADIO SPORT PROX AO TUNEL,RUA BENFICA,"",AO LADO DO ESTADIO SPORT PROX AO TUNEL,ILHA DO RETIRO,,"",COLISÃO,DOIS AUTO SEM VITIMAS,2,,,,,,,,,0,,"","","","","","","","","","","","",""
5801,2019-07-04T00:00:00,14:40:00,SEM VÍTIMA,CANCELADA,SAN MARTIN,AV ENGENHEIRO ABDIAS DE CARVALHO,"","",AO LADO DO POSTO BR APOS A FACULDADE ESTACIO,AV ENGENHEIRO ABDIAS DE CARVALHO,"",AO LADO DO POSTO BR APOS A FACULDADE ESTACIO,SAN MARTIN,,"",COLISÃO,COLISAO ENTRE DOIS AUTOS S/V,2,,,,,,,,,0,,"","","","","","","","","","","","",""
5802,2019-07-04T00:00:00,15:03:00,SEM VÍTIMA,FINALIZADA,SÃO JOSÉ,RUA VIDAL DE NEGREIROS,370,"",IGREJA MATRIZ DO BAIRRO DE SÃO JOSÉ,RUA VIDAL DE NEGREIROS,370,IGREJA MATRIZ DO BAIRRO DE SÃO JOSÉ,SÃO JOSÉ,207,SUBURBIO,ABALROAMENTO LONGITUDINAL,COLISAO ENTRE AUTO E CARRTA S/V,1,,,,,,1,,1,0,,Longo da via,Bom,Sem defeito,Perfeito estado,Seca,Mal conservada,"",Outras,"",Única,Não existe,"",""
5803,2019-07-04T00:00:00,15:13:00,SEM VÍTIMA,FINALIZADA,TORRE,RUA MARCOS ANDRE,21,"",AO LADO DO SALÃO L'ARMEE,RUA MARCOS ANDRE,21,AO LADO DO SALÃO L'ARMEE,TORRE,,SUBURBIO,COLISÃO TRASEIRA,TRES AUTO SEM VITIMAS,3,,,,,,,,,0,,Longo da via,Bom,Não existe,Perfeito estado,Seca,Perfeito estado,Não existe,Outras,40 km/h,Dupla,Faixa seccionada,"",""
5804,2019-07-04T00:00:00,15:18:00,SEM VÍTIMA,FINALIZADA,BOA VIAGEM,AV CHARLES DARWIN,51,"","",AV CHARLES DARWIN,51,"",BOA VIAGEM,,SUBURBIO,ABALROAMENTO TRANSVERSAL,COLISÃO SEM VITIMAS,2,,,,,,,,,0,,Longo da via,Bom,Não existe,Perfeito estado,Seca,Perfeito estado,Não existe,Não há placas,"",Dupla,Faixa seccionada,"",""
5805,2019-07-04T00:00:00,16:00:00,SEM VÍTIMA,FINALIZADA,TORRE,RUA DOM MANOEL DA COSTA,40,"","",RUA DOM MANOEL DA COSTA,40,"",TORRE,192,CIDADE,COLISÃO TRASEIRA,DOIS AUTO SEM VITIMAS,2,,,,,,,,,0,,Longo da via,Bom,Sem defeito,Perfeito estado,Seca,Perfeito estado,Faixa de pedestre,R-6a,"",Única,Faixa seccionada,"",""
5806,2019-07-04T00:00:00,16:37:00,SEM VÍTIMA,FINALIZADA,"",RUA SA E SOUZA,"",RUA CAPITAO ZUZINHA,"",RUA SA E SOUZA,"","","",420,CIDADE,ABALROAMENTO LONGITUDINAL,COLISAO ENTRE ONIBUS E AUTOS S/V,1,,,,,1,,,,0,,Cruzamento,Bom,Sem defeito,Perfeito estado,Seca,Perfeito estado,Faixa de pedestre,Não há placas,"",Única,Faixa seccionada,"",""
5807,2019-07-04T00:00:00,17:21:00,SEM VÍTIMA,FINALIZADA,CASA AMARELA,AV NORTE,"","",EM FRENTE A PARADA DE ÔNIBUS DE Nº 110044,AV NORTE,"",EM FRENTE A PARADA DE ÔNIBUS DE Nº 110044,CASA AMARELA,,SUBURBIO,COLISÃO TRASEIRA,COLISAÕ SEM VITIMAS,2,,,,,,,,,0,,Longo da via,Bom,"",Perfeito estado,Seca,Perfeito estado,Não existe,R-6a,"",Dupla,Canteiro central,"",""
5808,2019-07-04T00:00:00,17:24:00,SEM VÍTIMA,FINALIZADA,ESPINHEIRO,RUA AMELIA,293,"","",RUA AMELIA,293,"",ESPINHEIRO,,SUBURBIO,ABALROAMENTO LONGITUDINAL,ONIBUS E AUTO PASSEIO SEM VITIMAS,1,,,,,1,,,,0,,Longo da via,Bom,Não existe,Perfeito estado,Seca,Perfeito estado,Outros,Outras,"",Única,Faixa seccionada,"",""
5809,2019-07-04T00:00:00,17:27:00,COM VÍTIMA,FINALIZADA,JAQUEIRA,AV RUI BARBOSA,"","",PARQUE DA JAQUEIRA (CAPELA),AV RUI BARBOSA,"",PARQUE DA JAQUEIRA (CAPELA),JAQUEIRA,,"",COLISÃO TRASEIRA,COLISÃO COM VÍTIMA,1,,,1,1,,,,,1,,Longo da via,Bom,Não existe,Perfeito estado,Seca,Perfeito estado,Não existe,Outras,50 km/h,Única,Não existe,"",""
5810,2019-07-04T00:00:00,17:53:00,SEM VÍTIMA,FINALIZADA,AFOGADOS,EST DOS REMEDIOS,1341,"","",EST DOS REMEDIOS,1341,"",AFOGADOS,,CIDADE,ABALROAMENTO LONGITUDINAL,DOIS AUTO SEM VITIMAS,2,,,,,,,,,0,,Longo da via,Bom,Não existe,Perfeito estado,Seca,Perfeito estado,Não existe,R-6a,"",Única,Faixa seccionada,"",""
5811,2019-07-04T00:00:00,18:24:00,SEM VÍTIMA,FINALIZADA,CAXANGÁ,AV CAXANGA,"","",E/F A ASSEMBLEIA DE DEUS,AV CAXANGA,"",E/F A ASSEMBLEIA DE DEUS,CAXANGÁ,,CIDADE,ABALROAMENTO LONGITUDINAL,ENTRE AUTO E CAMINHÃO. S/V,1,,,,,,1,,,0,,Longo da via,Bom,Não existe,Perfeito estado,Seca,Perfeito estado,Não existe,Não há placas,"",Dupla,Canteiro central,"",""
5812,2019-07-04T00:00:00,18:50:00,SEM VÍTIMA,FINALIZADA,TORRE,RUA VITORIANO PALHARES,250,"",PRÓX AO ATACADO DOS PRESENTES E POSTO SHELL,RUA VITORIANO PALHARES,250,PRÓX AO ATACADO DOS PRESENTES E POSTO SHELL,TORRE,,"",COLISÃO,ENTRE 2 AUTOS. S/V,2,,,,,,,,,0,,"","","","","","","","","","","","",""
5813,2019-07-04T00:00:00,21:13:00,SEM VÍTIMA,FINALIZADA,APIPUCOS,RUA DOIS IRMAOS,"","",EM FRENTE AO INSTITUTO DE DOCUMENTAÇÃO,RUA DOIS IRMAOS,"",EM FRENTE AO INSTITUTO DE DOCUMENTAÇÃO,APIPUCOS,,SUBURBIO,ABALROAMENTO LONGITUDINAL,HB 20 X LANDER MOTO,1,1,,,,,,,,0,,Longo da via,Bom,Não existe,Perfeito estado,Seca,Perfeito estado,Não existe,Não há placas,60 km/h,Dupla,Faixa contínua,"",""
5814,2019-07-04T00:00:00,22:02:00,SEM VÍTIMA,CANCELADA,PINA,AV ANTONIO DE GOES,"","",POR CIMA DA PONTE DO PINA / PRÓX AO RESTAURANTE BARGAFO,AV ANTONIO DE GOES,"",POR CIMA DA PONTE DO PINA / PRÓX AO RESTAURANTE BARGAFO,PINA,,"",ENGAVETAMENTO,ENTRE 2 AUTOS E MOTO. S/V,2,1,,,,,,,,0,,"","","","","","","","","","","","",""
5815,2019-07-04T00:00:00,23:11:00,COM VÍTIMA,FINALIZADA,BARRO,AV DR JOSE RUFINO,"","","",AV DR JOSE RUFINO,"","",BARRO,,SUBURBIO,ABALROAMENTO TRANSVERSAL,ENTRE AUTO E MOTO. C/V,1,1,,,,,,,,1,,Cruzamento,Bom,Não existe,Ilegível,Molhada,Mal iluminada,Não existe,Não há placas,"",Dupla,Faixa seccionada,"",""
5816,2019-07-05T00:00:00,05:35:00,SEM VÍTIMA,FINALIZADA,MANGABEIRA,AV NORTE,"",AV PROFESSOR JOSE DOS ANJOS,"",AV NORTE,"","",MANGABEIRA,364,SUBURBIO,COLISÃO FRONTAL,COLISÃO ENTRE AUTO E ÔNIBUS S/V,1,,,,,1,,,,0,,Cruzamento,Bom,Sem defeito,Perfeito estado,Seca,Perfeito estado,Outros,Outras,"",Dupla,Faixa contínua,"",""
5817,2019-07-05T00:00:00,07:07:00,COM VÍTIMA,FINALIZADA,IPUTINGA,AV CAXANGA,"",EST DO BARBALHO,SOB O SEMÁFORO 533,AV CAXANGA,"",SOB O SEMÁFORO 533,IPUTINGA,533,CIDADE,ABALROAMENTO LONGITUDINAL,COLISÃO COM VITIMAS ,,1,,,,1,,,,2,,Cruzamento,Bom,Sem defeito,Perfeito estado,Seca,Perfeito estado,Faixa de pedestre,Outras,"",Única,Canteiro central,"",""
5818,2019-07-05T00:00:00,08:26:00,SEM VÍTIMA,CANCELADA,PINA,RUA SAO LUIZ,"","",EM FRENTE AO MERCADINHO M GRAÇAS,RUA SAO LUIZ,"",EM FRENTE AO MERCADINHO M GRAÇAS,PINA,,"",COLISÃO,ONIBUS E AUTO,1,,,,,1,,,,0,,"","","","","","","","","","","","",""
5819,2019-07-05T00:00:00,09:27:00,SEM VÍTIMA,FINALIZADA,ILHA DO LEITE,AV GOVERNADOR AGAMENON MAGALHAES,"","",EM FRENTE AO SEMÁFORO Nº 350- REAL HOSPITAL PORTUGUÊS,AV GOVERNADOR AGAMENON MAGALHAES,"",EM FRENTE AO SEMÁFORO Nº 350- REAL HOSPITAL PORTUGUÊS,ILHA DO LEITE,350,SUBURBIO,ABALROAMENTO LONGITUDINAL,ONIBUS E AUTO PASSEIO,1,,,,,1,,,,0,,Longo da via,Bom,Sem defeito,Perfeito estado,Seca,Perfeito estado,"",Outras,"",Dupla,Canteiro central,"",""
5820,2019-07-05T00:00:00,09:35:00,SEM VÍTIMA,FINALIZADA,VÁRZEA,RUA PROFESSOR ANTONIO COELHO,171,RUA AGRICOLANDIA,EDF TAPAJÓS,RUA PROFESSOR ANTONIO COELHO,171,EDF TAPAJÓS,VÁRZEA,,CIDADE,ABALROAMENTO TRANSVERSAL,CAMINHAO E AUTO PASSEIO,1,,,,,,1,,,0,,Cruzamento,Bom,Não existe,Não existente,Seca,Perfeito estado,Não existe,Não há placas,"",Única,Não existe,"",""
5821,2019-07-05T00:00:00,09:44:00,SEM VÍTIMA,FINALIZADA,IMBIRIBEIRA,AV MARECHAL MASCARENHAS DE MORAES,"","",EM FRENTE AO GERALDÃO,AV MARECHAL MASCARENHAS DE MORAES,"",EM FRENTE AO GERALDÃO,IMBIRIBEIRA,,AEROPORTO,COLISÃO,SEM VITIMAS,2,,,,,,,,,0,,"","","","","","","","","","","","",""
5822,2019-07-05T00:00:00,10:01:00,SEM VÍTIMA,FINALIZADA,BOA VIAGEM,AV ARMINDO MOURA,"","",EM FRENTE AO COMAR,AV ARMINDO MOURA,"",EM FRENTE AO COMAR,BOA VIAGEM,,SUBURBIO,COLISÃO TRASEIRA,SEM VITIMAS,2,,,,,,,,,0,,Longo da via,Bom,Não existe,Perfeito estado,Seca,Perfeito estado,Não existe,Outras,40 km/h,Dupla,Faixa seccionada,"",""
5823,2019-07-05T00:00:00,10:25:00,SEM VÍTIMA,FINALIZADA,IPUTINGA,RUA LEAL DE BARROS,15,RUA PEREIRA COUTINHO FILHO,POSTE BO37608,RUA LEAL DE BARROS,15,POSTE BO37608,IPUTINGA,,"",ABALROAMENTO TRANSVERSAL,SEM VITIMAS,1,1,,,,,,,,0,,Cruzamento,Bom,Não existe,Não existente,Seca,Perfeito estado,Outros,Outras,"",Dupla,Não existe,"",""
5824,2019-07-05T00:00:00,11:03:00,SEM VÍTIMA,FINALIZADA,BOA VIAGEM,RUA BALTAZAR PASSOS,"",RUA SA E SOUZA,PROX. A MAISON SETUBAL RECEPÇÕES,RUA BALTAZAR PASSOS,"",PROX. A MAISON SETUBAL RECEPÇÕES,BOA VIAGEM,,"",COLISÃO,DOIS AUTOS,2,,,,,,,,,0,,"","","","","","","","","","","","",""
5825,2019-07-05T00:00:00,11:21:00,COM VÍTIMA,FINALIZADA,GUABIRABA,AV DA RECUPERACAO,"","",EM FRENTE AO Nº 81-B,AV DA RECUPERACAO,"",EM FRENTE AO Nº 81-B,GUABIRABA,,"",COLISÃO TRASEIRA,ACIDENTE DE PERCUSO,1,1,,,,,,,,1,,Longo da via,Bom,Não existe,Não existente,Seca,Perfeito estado,"",Não há placas,"",Dupla,Faixa seccionada,"",""
5826,2019-07-05T00:00:00,12:07:00,SEM VÍTIMA,FINALIZADA,VÁRZEA,RUA ACADEMICO HELIO RAMOS,134,"","",RUA ACADEMICO HELIO RAMOS,134,"",VÁRZEA,,CIDADE,ABALROAMENTO LONGITUDINAL,COLISÃO SEM VÍTIMA,1,,,,,1,,,,0,,Longo da via,Bom,"",Perfeito estado,Seca,Perfeito estado,Não existe,Não há placas,"",Dupla,Faixa seccionada,"",""
5827,2019-07-05T00:00:00,12:53:00,SEM VÍTIMA,FINALIZADA,MACAXEIRA,AV NORTE,"","",EM FRENTE A PARADA DE ÔNIBUS Nº 110004,AV NORTE,"",EM FRENTE A PARADA DE ÔNIBUS Nº 110004,MACAXEIRA,,CIDADE,COLISÃO TRASEIRA,COLISÃO SEM VÍTIMA ENTRE ONIBUS E UM AUTO,1,,,,,1,,,,0,,Longo da via,Bom,Não existe,Perfeito estado,Seca,Perfeito estado,Não existe,R-6a,60 km/h,Dupla,Canteiro central,"",""