_id,DATA,hora,natureza_acidente,situacao,bairro,endereco,numero,detalhe_endereco_acidente,complemento,endereco_cruzamento,numero_cruzamento,referencia_cruzamento,bairro_cruzamento,num_semaforo,sentido_via,tipo,descricao,auto,moto,ciclom,ciclista,pedestre,onibus,caminhao,viatura,outros,vitimas,vitimasfatais,acidente_verificado,tempo_clima,situacao_semaforo,sinalizacao,condicao_via,conservacao_via,ponto_controle,situacao_placa,velocidade_max_via,mao_direcao,divisao_via1,divisao_via2,divisao_via3
5828,2019-07-05T00:00:00,13:11:00,SEM VÍTIMA,FINALIZADA,JOANA BEZERRA,AV BEIRA RIO,"","",AO LADO DA ACADEMIA DA CIDADE,AV BEIRA RIO,"",AO LADO DA ACADEMIA DA CIDADE,JOANA BEZERRA,,SUBURBIO,ABALROAMENTO TRANSVERSAL,COLISAO ENTRE DOIS AUTOS S/V,2,,,,,,,,,0,,"",Bom,Não existe,Perfeito estado,Seca,Perfeito estado,"",Placas Pare,"",Dupla,Faixa contínua,Faixa seccionada,Canteiro central
5829,2019-07-05T00:00:00,13:16:00,COM VÍTIMA,FINALIZADA,BOA VISTA,AV GOVERNADOR CARLOS DE LIMA CAVALCANTI,"","",EM FRENTE AO SEMÁFORO 027,AV GOVERNADOR CARLOS DE LIMA CAVALCANTI,"",EM FRENTE AO SEMÁFORO 027,BOA VISTA,,SUB/CID,COLISÃO TRASEIRA,COLISÃO C/VITIMA ENTRE DUAS MOTOS,,2,,,,,,,,1,,Longo da via,Bom,Sem defeito,Perfeito estado,Seca,Perfeito estado,Faixa de pedestre,Não há placas,40 km/h,Dupla,Canteiro central,"",""
5830,2019-07-05T00:00:00,14:21:00,SEM VÍTIMA,FINALIZADA,ILHA DO RETIRO,RUA SPORT CLUBE DO RECIFE,"","",EM FRENTE AO SPORT CLUBE DO RECIFE,RUA SPORT CLUBE DO RECIFE,"",EM FRENTE AO SPORT CLUBE DO RECIFE,ILHA DO RETIRO,481,CIDADE,ABALROAMENTO LONGITUDINAL,COLISÃO SEM VITIMAS,1,1,,,,,,,,0,,Longo da via,Bom,Sem defeito,Perfeito estado,Seca,Perfeito estado,Faixa de pedestre,R-6a,"",Dupla,Canteiro central,"",""
5831,2019-07-05T00:00:00,14:36:00,SEM VÍTIMA,FINALIZADA,APIPUCOS,RUA DOM MALAN,50,AV DEZESSETE DE AGOSTO,EDF ALAMEDA IMPERIAL,RUA DOM MALAN,50,EDF ALAMEDA IMPERIAL,APIPUCOS,,SUBURBIO,CHOQUE VEÍCULO PARADO,COLISAO ENTRE AUTO E MOTO S/V,1,1,,,,,,,,0,,"",Bom,Não existe,Perfeito estado,Seca,Perfeito estado,Não existe,Placas Pare,"",Dupla,Não existe,"",""
5832,2019-07-05T00:00:00,14:45:00,SEM VÍTIMA,FINALIZADA,PAISSANDU,AV GOVERNADOR AGAMENON MAGALHAES,"",RUA GENERAL JOAQUIM INACIO,EM FRENTE AO SEMÁFORO Nº 069,AV GOVERNADOR AGAMENON MAGALHAES,"",EM FRENTE AO SEMÁFORO Nº 069,PAISSANDU,,69,COLISÃO TRASEIRA,COLISAO ENTRE DOIS AUTOS S/V,2,,,,,,,,,0,,Longo da via,Bom,Sem defeito,Perfeito estado,Seca,Perfeito estado,Faixa de pedestre,"",60 km/h,Dupla,Canal,"",""
5833,2019-07-05T00:00:00,14:45:00,COM VÍTIMA,FINALIZADA,VÁRZEA,RUA PROFESSOR ANTONIO COELHO,50,RUA EMILIANO BRAGA,COLEGIO DESAFIO,RUA PROFESSOR ANTONIO COELHO,50,COLEGIO DESAFIO,VÁRZEA,,"",ABALROAMENTO TRANSVERSAL,COLISÃO SEM VÍTIMA,2,,,,,,,,,1,,Cruzamento,Bom,Não existe,Perfeito estado,Seca,Perfeito estado,Não existe,Placas Pare,"",Dupla,Faixa seccionada,"",""
5834,2019-07-05T00:00:00,15:03:00,SEM VÍTIMA,FINALIZADA,SAN MARTIN,RUA VINTE E UM DE ABRIL,2190,"",E/F AO TERMINAL DO ÔNIBUS DA MUSTARDINHA,RUA VINTE E UM DE ABRIL,2190,E/F AO TERMINAL DO ÔNIBUS DA MUSTARDINHA,SAN MARTIN,,CIDADE,COLISÃO TRASEIRA,COLISAO ENTRE DOIS AUTOS S/V,2,,,,,,,,,0,,Longo da via,Bom,Não existe,Incompleta,Seca,Perfeito estado,Não existe,Não há placas,"",Dupla,Não existe,"",""
5835,2019-07-05T00:00:00,16:06:00,SEM VÍTIMA,FINALIZADA,IMBIRIBEIRA,AV MARECHAL MASCARENHAS DE MORAES,"","",LADO OPOSTO AO N 7935-A,AV MARECHAL MASCARENHAS DE MORAES,"",LADO OPOSTO AO N 7935-A,IMBIRIBEIRA,,SUBURBIO,ABALROAMENTO LONGITUDINAL,COLISÃO SEM VÍTIMA,1,,,,,,1,,,0,,Longo da via,Bom,Sem defeito,Incompleta,Seca,Perfeito estado,Não existe,Não há placas,"",Dupla,Canteiro central,"",""
5836,2019-07-05T00:00:00,16:09:00,SEM VÍTIMA,FINALIZADA,SÃO JOSÉ,PRC DAS CINCO PONTAS,"","",NA FRENTE DO TRE,PRC DAS CINCO PONTAS,"",NA FRENTE DO TRE,SÃO JOSÉ,,"",COLISÃO,COLISÃO SEM VITIMAS,1,,,,,1,,,,0,,"","","","","","","","","","","","",""
5837,2019-07-05T00:00:00,17:56:00,SEM VÍTIMA,FINALIZADA,SANTO AMARO,AV GOVERNADOR AGAMENON MAGALHAES,"","",PROXIMO A ACADEMIA DA CIDADE,AV GOVERNADOR AGAMENON MAGALHAES,"",PROXIMO A ACADEMIA DA CIDADE,SANTO AMARO,,"",COLISÃO TRASEIRA,COLISÃO SEM VITIMAS,2,,,,,,,,,0,,Longo da via,Bom,Não existe,Não existente,Seca,Perfeito estado,Não existe,Não há placas,"",Dupla,Canteiro central,"",""
5838,2019-07-05T00:00:00,18:45:00,SEM VÍTIMA,FINALIZADA,BEBERIBE,PRC DA CONVENCAO,"","",IGREJA NOSSA SENHORA DA CONCEINÇAO,PRC DA CONVENCAO,"",IGREJA NOSSA SENHORA DA CONCEINÇAO,BEBERIBE,,SUBURBIO,ABALROAMENTO LONGITUDINAL,COLISÃO SEM VITIMAS,1,,,,,1,,,,0,,Longo da via,Bom,Não existe,Perfeito estado,Seca,Perfeito estado,"","","","","","",""
5839,2019-07-05T00:00:00,18:55:00,SEM VÍTIMA,FINALIZADA,TORRE,RUA VITORIANO PALHARES,"","",ESTACIONAMENTO EXTERNO DO ATACADO DOS PRESENTES,RUA VITORIANO PALHARES,"",ESTACIONAMENTO EXTERNO DO ATACADO DOS PRESENTES,TORRE,,SUBURBIO,COLISÃO TRASEIRA,COLISÃO SEM VITIMAS,2,,,,,,,,,0,,Longo da via,Bom,Sem defeito,Perfeito estado,Seca,Perfeito estado,"",R-6a,"",Única,Não existe,"",""
5840,2019-07-05T00:00:00,19:26:00,SEM VÍTIMA,FINALIZADA,PRADO,AV ENGENHEIRO ABDIAS DE CARVALHO,"","",FACULDADE ESTÁCIO,AV ENGENHEIRO ABDIAS DE CARVALHO,"",FACULDADE ESTÁCIO,PRADO,,SUBURBIO,COLISÃO TRASEIRA,"ENTRE 2 AUTOS,. S/V",2,,,,,,,,,0,,Longo da via,Bom,"",Perfeito estado,Seca,Perfeito estado,"","","",Dupla,Canteiro central,"",""
5841,2019-07-05T00:00:00,19:30:00,SEM VÍTIMA,FINALIZADA,TORRE,RUA REAL DA TORRE,"",RUA PADRE ANCHIETA,SEMÁFORO 192,RUA REAL DA TORRE,"",SEMÁFORO 192,TORRE,192,SUBURBIO,ABALROAMENTO LONGITUDINAL,COLISÃO SEM VITIMAS,2,,,,,,,,,0,,Cruzamento,Bom,Sem defeito,Perfeito estado,Seca,Perfeito estado,Faixa de pedestre,Não há placas,"",Única,Faixa seccionada,"",""
5842,2019-07-05T00:00:00,19:48:00,SEM VÍTIMA,CANCELADA,SANTO AMARO,AV GOVERNADOR AGAMENON MAGALHAES,"","",NA FRENTE DA CAIXA ECONOMICA FEDERAL,AV GOVERNADOR AGAMENON MAGALHAES,"",NA FRENTE DA CAIXA ECONOMICA FEDERAL,SANTO AMARO,,"",COLISÃO,COLISÃO SEM VITIMAS,2,,,,,,,,,0,,"","","","","","","","","","","","",""
5843,2019-07-05T00:00:00,21:11:00,SEM VÍTIMA,FINALIZADA,CAMPINA DO BARRETO,RUA DA REGENERACAO,1012,"",LADO OPOSTO AO Nº 1012,RUA DA REGENERACAO,1012,LADO OPOSTO AO Nº 1012,CAMPINA DO BARRETO,,SUBURBIO,COLISÃO TRASEIRA,ENTRE 3 AUTOS. S/V,3,,,,,,,,,0,,Longo da via,Bom,Não existe,Perfeito estado,Seca,Perfeito estado,"","","",Dupla,"","",""
5844,2019-07-05T00:00:00,21:15:00,COM VÍTIMA,FINALIZADA,"",RUA VISCONDE DE JEQUITINHONHA,1378,"",APÓS O PARQUE DONA LINDU,RUA VISCONDE DE JEQUITINHONHA,1378,APÓS O PARQUE DONA LINDU,"",,SUBURBIO,COLISÃO TRASEIRA,COLISÃO SEM VITIMAS,1,,,,,,1,,,1,,Longo da via,Bom,Não existe,Perfeito estado,Seca,Perfeito estado,Não existe,R-6a,60 km/h,Única,Canteiro central,"",""
5845,2019-07-05T00:00:00,22:35:00,SEM VÍTIMA,FINALIZADA,BOA VISTA,AV CONDE DA BOA VISTA,1410,"","",AV CONDE DA BOA VISTA,1410,"",BOA VISTA,,SUBURBIO,COLISÃO TRASEIRA,ENTRE AUTO E MOTO. S/V,1,1,,,,,,,,0,,Longo da via,Bom,Sem defeito,Perfeito estado,Seca,Perfeito estado,Não existe,Não há placas,"",Dupla,Canteiro central,"",""
5846,2019-07-05T00:00:00,23:23:00,SEM VÍTIMA,FINALIZADA,BOA VIAGEM,RUA DR VICENTE GOMES,"",RUA SETUBAL,"",RUA DR VICENTE GOMES,"","",BOA VIAGEM,60,CIDADE,ABALROAMENTO LONGITUDINAL,ENTRE ÕNIBUS E AUTO. S/V,1,,,,,1,,,,0,,Cruzamento,Bom,Sem defeito,Perfeito estado,Seca,Perfeito estado,Faixa de retenção,Outras,"",Única,Faixa contínua,"",""
5847,2019-07-05T00:00:00,23:31:00,COM VÍTIMA,FINALIZADA,JOANA BEZERRA,PTE JOSE DE BARROS LIMA,"","",SOB A PASSARELA DE PEDESTRE DO FÓRUM DE JOANA BEZERRA,PTE JOSE DE BARROS LIMA,"",SOB A PASSARELA DE PEDESTRE DO FÓRUM DE JOANA BEZERRA,JOANA BEZERRA,,CIDADE,COLISÃO TRASEIRA,ENTRE AUTO E MOTO. C/V,1,1,,,,,,,,1,,Longo da via,Bom,Não existe,Perfeito estado,Seca,Perfeito estado,Não existe,Não há placas,60 km/h,Dupla,Canteiro central,"",""
5848,2019-07-06T00:00:00,07:37:00,SEM VÍTIMA,CANCELADA,SANTO AMARO,RUA FREI CASSIMIRO,"",AV CRUZ CABUGA,AO LADO CASA DA INDUSTRIA,RUA FREI CASSIMIRO,"",AO LADO CASA DA INDUSTRIA,SANTO AMARO,,"",COLISÃO,DOIS AUTOS,2,,,,,,,,,0,,"","","","","","","","","","","","",""
5849,2019-07-06T00:00:00,09:04:00,COM VÍTIMA,CANCELADA,VÁRZEA,RUA ESTEVAO DE SA,221,RUA JOAO SALES MENEZES,POR TRÁS DA ITALIANA,RUA ESTEVAO DE SA,221,POR TRÁS DA ITALIANA,VÁRZEA,,"",COLISÃO,COLISÃO C/VITIMAS ENTRE UM AUTO E MOTO,1,1,,,,,,,,1,,"","","","","","","","","","","","",""
5850,2019-07-06T00:00:00,09:45:00,SEM VÍTIMA,FINALIZADA,TEJIPIÓ,AV DR JOSE RUFINO,"","",DENTRO DO POSTO DE COMBUSTÍVEL IPIRANGA,AV DR JOSE RUFINO,"",DENTRO DO POSTO DE COMBUSTÍVEL IPIRANGA,TEJIPIÓ,434,SUBURBIO,ABALROAMENTO TRANSVERSAL,SEM VITIMAS,2,,,,,,,,,0,,Outros,Bom,Sem defeito,Perfeito estado,Seca,Perfeito estado,"",Outras,"",Dupla,Faixa contínua,"",""
5851,2019-07-06T00:00:00,10:59:00,SEM VÍTIMA,CANCELADA,SANTO AMARO,RUA TREZE DE MAIO,"","",EM FRENTE A PRAÇA DO CEMITERIO DE SANTO AMARO,RUA TREZE DE MAIO,"",EM FRENTE A PRAÇA DO CEMITERIO DE SANTO AMARO,SANTO AMARO,428,"",COLISÃO,COLISÃO SEM VITIMAS,2,,,,,,,,,0,,"","","","","","","","","","","","",""
5852,2019-07-06T00:00:00,11:38:00,SEM VÍTIMA,CANCELADA,IPSEP,AV RECIFE,"","",EM FRENTE AO POSTO FEDERAL,AV RECIFE,"",EM FRENTE AO POSTO FEDERAL,IPSEP,,BOA VIAGEM,COLISÃO,SEM VITIMAS,3,,,,,,,,,0,,"","","","","","","","","","","","",""
5853,2019-07-06T00:00:00,11:39:00,SEM VÍTIMA,FINALIZADA,BOA VIAGEM,RUA BARAO DE SOUZA LEAO,1092,"",Nº 1092,RUA BARAO DE SOUZA LEAO,1092,Nº 1092,BOA VIAGEM,,"",ABALROAMENTO LONGITUDINAL,COLISÃO SEM VITIMAS,1,,,,,1,,,,0,,Longo da via,Bom,"",Perfeito estado,Seca,Perfeito estado,Não existe,R-6a,60 km/h,Única,Faixa seccionada,"",""
5854,2019-07-06T00:00:00,12:41:00,SEM VÍTIMA,FINALIZADA,PINA,AV BOA VIAGEM,100,"","",AV BOA VIAGEM,100,"",PINA,104,CIDADE,COLISÃO TRASEIRA,COLISÃO SEM VÍTIMA,3,,,,,,,,,0,,Longo da via,Bom,Sem defeito,Perfeito estado,Seca,Perfeito estado,Faixa de pedestre,Outras,60 km/h,Única,Faixa contínua,Faixa seccionada,Canteiro central
5855,2019-07-06T00:00:00,12:43:00,SEM VÍTIMA,CANCELADA,PINA,AV HERCULANO BANDEIRA,383,"",E/F A DELL ANNO,AV HERCULANO BANDEIRA,383,E/F A DELL ANNO,PINA,,BOA VIAGEM,COLISÃO,DOIS AUTO SEM VITIMAS,2,,,,,,,,,0,,"","","","","","","","","","","","",""
5856,2019-07-06T00:00:00,12:45:00,SEM VÍTIMA,FINALIZADA,BOA VIAGEM,RUA GENERAL AMERICANO FREIRE,562,RUA DES JOAO PAES,E/F AO EDF CAPIBA,RUA GENERAL AMERICANO FREIRE,562,E/F AO EDF CAPIBA,BOA VIAGEM,,SUBURBIO,ABALROAMENTO LONGITUDINAL,COLISAO ENTRE DOIS AUTOS S/V,3,,,,,,,,,0,,Longo da via,Bom,Não existe,Perfeito estado,Seca,Perfeito estado,Não existe,Outras,40 km/h,Única,Não existe,"",""
5857,2019-07-06T00:00:00,13:14:00,SEM VÍTIMA,FINALIZADA,ROSARINHO,AV SANTOS DUMONT,458,RUA TELES JUNIOR,EXTRA FARMA,AV SANTOS DUMONT,458,EXTRA FARMA,ROSARINHO,,SUBURBIO,ABALROAMENTO LONGITUDINAL,AUTO E MOTO SEM VITIMAS,1,1,,,,,,,,0,,Longo da via,Bom,Não existe,Perfeito estado,Seca,Perfeito estado,Não existe,Outras,"",Única,Não existe,"",""
5858,2019-07-06T00:00:00,13:45:00,SEM VÍTIMA,FINALIZADA,AREIAS,AV RECIFE,581,"",SEMÁFORO 620,AV RECIFE,581,SEMÁFORO 620,AREIAS,620,CIDADE,ABALROAMENTO LONGITUDINAL,COLISAO ENTRE CAMINHAO E AUTO S/V,1,,,,,,1,,1,0,,Longo da via,Bom,Sem defeito,Perfeito estado,Seca,Perfeito estado,"",Outras,"",Única,Faixa seccionada,Canteiro central,""
5859,2019-07-06T00:00:00,16:37:00,SEM VÍTIMA,FINALIZADA,JORDÃO,AV GOVERNADOR ROBERTO SILVEIRA,10,AV GOVERNADOR TORRES GALVAO,EM FRENTE A ESCOLA MUNICIPAL JORDÃO BAIXO,AV GOVERNADOR ROBERTO SILVEIRA,10,EM FRENTE A ESCOLA MUNICIPAL JORDÃO BAIXO,JORDÃO,,"",ABALROAMENTO LONGITUDINAL,COLISAO ENTRE ONIBUS E AUTOS /V,1,,,,,1,,,,0,,Cruzamento,Bom,Não existe,Não existente,Seca,Perfeito estado,Não existe,Não há placas,"",Dupla,Não existe,"",""
5860,2019-07-06T00:00:00,16:44:00,SEM VÍTIMA,FINALIZADA,AREIAS,RUA PARENTE VIANA,113,"","",RUA PARENTE VIANA,113,"",AREIAS,,SUBURBIO,ABALROAMENTO LONGITUDINAL,DOIS AUTO SEM VITIMAS,2,,,,,,,,,0,,Longo da via,Bom,Não existe,Não existente,Seca,Mal conservada,Não existe,Não há placas,"",Dupla,Não existe,"",""
5861,2019-07-06T00:00:00,16:49:00,SEM VÍTIMA,FINALIZADA,CAMPINA DO BARRETO,RUA DAS MOCAS,"",RUA MARCILIO DIAS,"",RUA DAS MOCAS,"","",CAMPINA DO BARRETO,,SUBURBIO,ABALROAMENTO LONGITUDINAL,COLISÃO SEM VÍTIMA,1,,,,,1,,,,0,,Cruzamento,Bom,Não existe,Incompleta,Seca,Perfeito estado,Não existe,Não há placas,"",Dupla,Faixa seccionada,"",""
5862,2019-07-06T00:00:00,19:01:00,SEM VÍTIMA,FINALIZADA,JARDIM SÃO PAULO,AV RECIFE,"","",APÓS TRIBUNAL DE JUSTIÇA FEDERAL,AV RECIFE,"",APÓS TRIBUNAL DE JUSTIÇA FEDERAL,JARDIM SÃO PAULO,,SUBURBIO,CHOQUE OBJETO FIXO,"VT SE CHOCA CONTRA UM FERRO LARGADO NA VIA, SOLICITA A CTTU NO LOCAL. S/V",,,,,,,,1,,0,,Longo da via,Bom,Não existe,Perfeito estado,Seca,Perfeito estado,Outros,Outras,"",Única,Faixa seccionada,"",""
5863,2019-07-06T00:00:00,19:14:00,SEM VÍTIMA,FINALIZADA,ENCRUZILHADA,AV NORTE,2829,"",EM FRENTE AO HOSPITAL INFANTIL JORGE DE MEDEIROS,AV NORTE,2829,EM FRENTE AO HOSPITAL INFANTIL JORGE DE MEDEIROS,ENCRUZILHADA,,CIDADE,ABALROAMENTO LONGITUDINAL,ENTRE 2 AUTOS. S/V,2,,,,,,,,,0,,Longo da via,Bom,Não existe,Ilegível,Seca,Mal iluminada,Não existe,Não há placas,"",Dupla,Canteiro central,"",""
5864,2019-07-06T00:00:00,19:33:00,SEM VÍTIMA,CANCELADA,BOA VIAGEM,RUA FRANCISCO DA CUNHA,"",RUA PROFESSOR JOSE BRANDAO,ESQUINA COM O RESTAURANTE AMADEUS,RUA FRANCISCO DA CUNHA,"",ESQUINA COM O RESTAURANTE AMADEUS,BOA VIAGEM,,"",COLISÃO,ENTRE 2 AUTOS. S/V,2,,,,,,,,,0,,"","","","","","","","","","","","",""
5865,2019-07-06T00:00:00,20:27:00,SEM VÍTIMA,FINALIZADA,IBURA,AV DOIS RIOS,"","",SEMAFORO 594 - IGREJA BATISTA VALE DOS RIOS,AV DOIS RIOS,"",SEMAFORO 594 - IGREJA BATISTA VALE DOS RIOS,IBURA,,CIDADE,COLISÃO TRASEIRA,FIAT X KOMBI,2,,,,,,,,,0,,Longo da via,Bom,Sem defeito,Perfeito estado,Seca,Perfeito estado,Faixa de pedestre,"","",Dupla,Faixa contínua,"",""
5866,2019-07-06T00:00:00,20:56:00,SEM VÍTIMA,FINALIZADA,MANGABEIRA,AV PROFESSOR JOSE DOS ANJOS,364,AV NORTE,"",AV PROFESSOR JOSE DOS ANJOS,364,"",MANGABEIRA,,CIDADE,ABALROAMENTO LONGITUDINAL,"ENTRE 3 AUTOS, S/V",2,,,,,,,,,0,,Cruzamento,Bom,Sem defeito,Ilegível,Seca,Mal iluminada,Faixa de pedestre,Não há placas,"",Única,Faixa seccionada,"",""
5867,2019-07-06T00:00:00,21:20:00,SEM VÍTIMA,FINALIZADA,CIDADE UNIVERSITÁRIA,RUA GENERAL POLIDORO,192,RUA JOAO SALES MENEZES,CASA DE Nº 192,RUA GENERAL POLIDORO,192,CASA DE Nº 192,CIDADE UNIVERSITÁRIA,,SUBURBIO,COLISÃO TRASEIRA,CAMINHAO DE LIXO X ONIX,1,,,,,,1,,,0,,Cruzamento,Bom,Não existe,Não existente,Seca,Perfeito estado,Não existe,Placas Pare,"",Dupla,Faixa contínua,"",""
5868,2019-07-06T00:00:00,22:32:00,SEM VÍTIMA,FINALIZADA,BONGI,AV ENGENHEIRO ABDIAS DE CARVALHO,618,"",HELENO SUSPENSÃO,AV ENGENHEIRO ABDIAS DE CARVALHO,618,HELENO SUSPENSÃO,BONGI,,CIDADE,COLISÃO TRASEIRA,"ENTRE 3 AUTOS, S/V",3,,,,,,,,,0,,Longo da via,Bom,Não existe,Incompleta,Seca,Mal iluminada,"","",60 km/h,Dupla,Canteiro central,"",""
5869,2019-07-06T00:00:00,22:57:00,COM VÍTIMA,FINALIZADA,TORRE,RUA MARQUES DE MARICA,483,RUA SOUZA BANDEIRA,SEMAFORO 317,RUA MARQUES DE MARICA,483,SEMAFORO 317,TORRE,,"",ABALROAMENTO LONGITUDINAL,MOTO X PRISMA,1,1,,,,,,,,1,,Cruzamento,Bom,Sem defeito,Perfeito estado,Seca,Perfeito estado,Faixa de pedestre,Não há placas,"",Dupla,Faixa contínua,"",""
5870,2019-07-06T00:00:00,23:19:00,COM VÍTIMA,FINALIZADA,TORRÕES,AV ENGENHEIRO ABDIAS DE CARVALHO,618,"",HELENO SUSPENSÃO,AV ENGENHEIRO ABDIAS DE CARVALHO,618,HELENO SUSPENSÃO,TORRÕES,,CIDADE,ATROPELAMENTO,UNO X PEDESTRE OBS. VT 20 DA CTTU ESTA NO LOCAL,1,,,,1,,,,,1,,Longo da via,Bom,Não existe,Perfeito estado,Seca,Perfeito estado,Não existe,"",60 km/h,Dupla,Canteiro central,"",""
5871,2019-07-07T00:00:00,00:32:00,SEM VÍTIMA,FINALIZADA,JARDIM SÃO PAULO,EST DO CURADO,138,RUA MAMANGUAPE,"",EST DO CURADO,138,"",JARDIM SÃO PAULO,,SUBURBIO,CHOQUE OBJETO FIXO,VT DA RADIO PATRULHA X BARRA DE FERRO DE CALÇADA,,,,,,,,1,,0,,Cruzamento,Bom,Não existe,Perfeito estado,Seca,Perfeito estado,Não existe,Não há placas,"",Dupla,Não existe,"",""
5872,2019-07-07T00:00:00,11:06:00,COM VÍTIMA,FINALIZADA,MADALENA,RUA JOSE OSORIO,401,"",RM EXPRESS,RUA JOSE OSORIO,401,RM EXPRESS,MADALENA,,SUBURBIO,ABALROAMENTO LONGITUDINAL,AUTO E MOTO,,,1,,,,,,1,1,,Longo da via,Bom,Sem defeito,Perfeito estado,Seca,Perfeito estado,"",Outras,"",Única,Faixa seccionada,"",""
5873,2019-07-07T00:00:00,12:02:00,SEM VÍTIMA,FINALIZADA,VASCO DA GAMA,RUA ALTO NOVO MUNDO,5917,"","",RUA ALTO NOVO MUNDO,5917,"",VASCO DA GAMA,,SUBURBIO,CHOQUE VEÍCULO PARADO,COLISÃO SEM VÍTIMA,3,,,,,,,,1,0,,Longo da via,Bom,Não existe,Não existente,Seca,Perfeito estado,Não existe,Não há placas,"",Dupla,Não existe,"",""
5874,2019-07-07T00:00:00,12:24:00,COM VÍTIMA,FINALIZADA,VÁRZEA,AV CAXANGA,"",RUA RIBEIRO PESSOA,"",AV CAXANGA,"","",VÁRZEA,281,SUBURBIO,ABALROAMENTO TRANSVERSAL,COLISÃO COM VÍTIMA,1,1,,,,,,,,1,,Cruzamento,Bom,Sem defeito,Perfeito estado,Seca,Perfeito estado,Faixa de pedestre,"","",Dupla,Canteiro central,"",""
5875,2019-07-07T00:00:00,12:35:00,SEM VÍTIMA,FINALIZADA,AFOGADOS,EST DOS REMEDIOS,1232,EST DO BONGI,EM FRENTE AO POSTO BR,EST DOS REMEDIOS,1232,EM FRENTE AO POSTO BR,AFOGADOS,,"",COLISÃO,COLISÃO SEM VÍTIMA,2,,,,,,,,,0,,"","","","","","","","","","","","",""
5876,2019-07-07T00:00:00,12:50:00,SEM VÍTIMA,FINALIZADA,BEBERIBE,PRC DA CONVENCAO,"","",E/F AO MERCADO STIYLLO,PRC DA CONVENCAO,"",E/F AO MERCADO STIYLLO,BEBERIBE,,"",ENGAVETAMENTO,TRES AUTO SEM VITIMAS,3,,,,,,,,,0,,"","","","","","","","","","","","",""
5877,2019-07-07T00:00:00,13:48:00,SEM VÍTIMA,FINALIZADA,BOA VIAGEM,AV CONSELHEIRO AGUIAR,"",RUA ERNESTO DE PAULA SANTOS,"",AV CONSELHEIRO AGUIAR,"","",BOA VIAGEM,127,"",ABALROAMENTO LONGITUDINAL,COLISÃO SEM VÍTIMA,1,,,,,1,,,,0,,Cruzamento,Bom,Sem defeito,Perfeito estado,Seca,Perfeito estado,Faixa de pedestre,R-6a,"",Única,Não existe,"",""
5878,2019-07-07T00:00:00,14:26:00,SEM VÍTIMA,FINALIZADA,MADALENA,RUA BENFICA,"","",INTERNACIONAL CLUB,RUA BENFICA,"",INTERNACIONAL CLUB,MADALENA,,CIDADE,ABALROAMENTO LONGITUDINAL,COLISÃO SEM VÍTIMA,2,,,,,,,,,0,,Longo da via,Bom,Sem defeito,Perfeito estado,Seca,Perfeito estado,Não existe,R-6a,"",Única,Faixa contínua,Faixa seccionada,""
5879,2019-07-07T00:00:00,16:03:00,SEM VÍTIMA,FINALIZADA,SANTO ANTÔNIO,PTE BUARQUE DE MACEDO,"",AV MARTINS DE BARROS,PRAÇA DA REPÚBLICA,PTE BUARQUE DE MACEDO,"",PRAÇA DA REPÚBLICA,SANTO ANTÔNIO,164,"",ABALROAMENTO LONGITUDINAL,COLISÃO SEM VÍTIMA,1,,,,,1,,,,0,,Ponte,Bom,Sem defeito,Perfeito estado,Seca,Perfeito estado,Faixa de pedestre,Não há placas,"",Única,Faixa seccionada,"",""
5880,2019-07-07T00:00:00,16:25:00,SEM VÍTIMA,FINALIZADA,CAXANGÁ,AV CAXANGA,5504,"",COXINHA DE BATATA,AV CAXANGA,5504,COXINHA DE BATATA,CAXANGÁ,,SUBURBIO,COLISÃO TRASEIRA,DOIS AUTO SEM VITIMAS,2,,,,,,,,,0,,Longo da via,Bom,"",Perfeito estado,Seca,Perfeito estado,Não existe,R-6a,"",Dupla,Canteiro central,"",""
5881,2019-07-07T00:00:00,16:35:00,SEM VÍTIMA,FINALIZADA,MADALENA,RUA DEMOCRITO DE SOUZA FILHO,478,RUA BARTOLOMEU DE GUSMAO,"GARDEN ( BELEZA, CAFÉ, MODA)",RUA DEMOCRITO DE SOUZA FILHO,478,"GARDEN ( BELEZA, CAFÉ, MODA)",MADALENA,,CIDADE,ABALROAMENTO TRANSVERSAL,COLISÃO SEM VÍTIMA,1,1,,,,,,,,0,,Cruzamento,Bom,Não existe,Incompleta,Seca,Perfeito estado,Faixa de retenção,Placas Pare,"",Única,Não existe,"",""
5882,2019-07-07T00:00:00,17:58:00,SEM VÍTIMA,CANCELADA,BAIRRO DO RECIFE,AV MARTINS DE BARROS,"",RUA DA MOEDA,E/F A ESTATUA DE CHICO SCIENCE PROX A RUA DA MOEDA,AV MARTINS DE BARROS,"",E/F A ESTATUA DE CHICO SCIENCE PROX A RUA DA MOEDA,BAIRRO DO RECIFE,,"",COLISÃO,DOIS AUTO SEM VITIMAS,2,,,,,,,,,0,,"","","","","","","","","","","","",""
5883,2019-07-07T00:00:00,19:29:00,SEM VÍTIMA,FINALIZADA,AFOGADOS,RUA SAO MIGUEL,"",RUA OLIMPIO CHACON,"",RUA SAO MIGUEL,"","",AFOGADOS,,SUBURBIO,COLISÃO TRASEIRA,DOIS AUTO SEM VITMAS,2,,,,,,,,,0,,"",Bom,Não existe,Perfeito estado,Seca,Perfeito estado,Não existe,Não há placas,"",Dupla,Faixa contínua,"",""