_id,DATA,hora,natureza_acidente,situacao,bairro,endereco,numero,detalhe_endereco_acidente,complemento,endereco_cruzamento,numero_cruzamento,referencia_cruzamento,bairro_cruzamento,num_semaforo,sentido_via,tipo,descricao,auto,moto,ciclom,ciclista,pedestre,onibus,caminhao,viatura,outros,vitimas,vitimasfatais,acidente_verificado,tempo_clima,situacao_semaforo,sinalizacao,condicao_via,conservacao_via,ponto_controle,situacao_placa,velocidade_max_via,mao_direcao,divisao_via1,divisao_via2,divisao_via3
5884,2019-07-07T00:00:00,21:09:00,COM VÍTIMA,FINALIZADA,MANGABEIRA,AV NORTE,"",AV PROFESSOR JOSE DOS ANJOS,"",AV NORTE,"","",MANGABEIRA,364,SUBURBIO,ABALROAMENTO TRANSVERSAL,TAXI X MOTO,1,1,,,,,,,,1,,Cruzamento,Bom,Sem defeito,Perfeito estado,Seca,Perfeito estado,Faixa de pedestre,Não há placas,60 km/h,Dupla,Canteiro central,"",""
5885,2019-07-07T00:00:00,22:34:00,SEM VÍTIMA,FINALIZADA,TORRE,RUA CONS THEODORO,"","","",RUA CONS THEODORO,"","",TORRE,513,SUBURBIO,CHOQUE VEÍCULO PARADO,ONIX X CELTA,1,,,,,,,,,0,,Longo da via,Bom,Sem defeito,Perfeito estado,Seca,Perfeito estado,"",R-6a,"",Dupla,Não existe,"",""
5886,2019-07-07T00:00:00,22:46:00,COM VÍTIMA,CANCELADA,SAN MARTIN,AV CONSUL VILARES FRAGOSO,"",AV GENERAL SAN MARTIN,AO LADO DA CAVALARIA DE SAN MARTINS,AV CONSUL VILARES FRAGOSO,"",AO LADO DA CAVALARIA DE SAN MARTINS,SAN MARTIN,,"",COLISÃO,MOTO X ECOSPORT,1,1,,,,,,,,1,,"","","","","","","","","","","","",""
5887,2019-07-07T00:00:00,22:52:00,SEM VÍTIMA,FINALIZADA,TAMARINEIRA,AV PROFESSOR JOSE DOS ANJOS,"",AV NORTE,"",AV PROFESSOR JOSE DOS ANJOS,"","",TAMARINEIRA,364,"",COLISÃO TRASEIRA,DOIS AUTOS,1,,,,,,,,1,0,,"",Bom,Sem defeito,Perfeito estado,Seca,Perfeito estado,Faixa de pedestre,Placas Pare,60 km/h,Dupla,Canteiro central,"",""
5888,2019-07-08T00:00:00,02:02:00,SEM VÍTIMA,FINALIZADA,AFOGADOS,RUA VINTE E UM DE ABRIL,271,"",EM FRENTE RESIDENCIA DE Nº 271,RUA VINTE E UM DE ABRIL,271,EM FRENTE RESIDENCIA DE Nº 271,AFOGADOS,,CIDADE,CHOQUE OBJETO FIXO,VEÍCULO CHOCOU-SE CONTRA UM POSTE,1,,,,,,,,,0,,Longo da via,Bom,Intermitente,Incompleta,Seca,Perfeito estado,Não existe,Outras,"",Dupla,Não existe,"",""
5889,2019-07-08T00:00:00,08:00:00,SEM VÍTIMA,FINALIZADA,PINA,AV ANTONIO DE GOES,"","",FRENTE AO Nº 298,AV ANTONIO DE GOES,"",FRENTE AO Nº 298,PINA,538,CIDADE,COLISÃO TRASEIRA,MOTO E DOIS AUTOS,2,1,,,,,,,,0,,Longo da via,Chuvoso,Sem defeito,Perfeito estado,Molhada,Perfeito estado,Agente,Outras,60 km/h,Única,Faixa contínua,Faixa seccionada,Canteiro central
5890,2019-07-08T00:00:00,08:11:00,COM VÍTIMA,FINALIZADA,AFOGADOS,RUA SAO MIGUEL,1630,"",AO LADO DA CHURRASCARIA CHARQUE NA BRASA REAL,RUA SAO MIGUEL,1630,AO LADO DA CHURRASCARIA CHARQUE NA BRASA REAL,AFOGADOS,,CIDADE,COLISÃO TRASEIRA,COLISÃO COM VITIMA A ESPERA DO SAMU,,1,,,,1,,,,1,,Longo da via,Bom,Não existe,Perfeito estado,Seca,Perfeito estado,Não existe,Não há placas,60 km/h,Dupla,Faixa contínua,"",""
5891,2019-07-08T00:00:00,08:12:00,COM VÍTIMA,FINALIZADA,ÁGUA FRIA,RUA DA REGENERACAO,345,"",INNOVANET SOLUÇÕES,RUA DA REGENERACAO,345,INNOVANET SOLUÇÕES,ÁGUA FRIA,,SUBURBIO,COLISÃO FRONTAL,"BOMBEIROS NO LOCAL,DUAS VITIMAS",1,1,,,,,,,,2,,Longo da via,Bom,Não existe,Perfeito estado,Seca,Perfeito estado,Não existe,Outras,"",Dupla,Não existe,"",""
5892,2019-07-08T00:00:00,08:16:00,SEM VÍTIMA,CANCELADA,TORRE,RUA REAL DA TORRE,1645,"",EM FRENTE A ESCOLA DESPERTAR,RUA REAL DA TORRE,1645,EM FRENTE A ESCOLA DESPERTAR,TORRE,,"",COLISÃO,DOIS AUTOS,2,,,,,,,,,0,,"","","","","","","","","","","","",""
5893,2019-07-08T00:00:00,08:17:00,SEM VÍTIMA,CANCELADA,MADALENA,AV CAXANGA,"","",EM FRENTE A CELPE,AV CAXANGA,"",EM FRENTE A CELPE,MADALENA,,SUBURBIO CIDADE,COLISÃO,COLISÃO SEM VITIMAS,2,,,,,,,,,0,,"","","","","","","","","","","","",""
5894,2019-07-08T00:00:00,09:16:00,SEM VÍTIMA,FINALIZADA,BOA VIAGEM,RUA PROFESSOR MARIO CASTRO,"",RUA ANTONIO PASSOS,"",RUA PROFESSOR MARIO CASTRO,"","",BOA VIAGEM,,"",ABALROAMENTO TRANSVERSAL,SEM VITIMAS,2,,,,,,,,,0,,Cruzamento,Bom,Não existe,Perfeito estado,Seca,Perfeito estado,Outros,Não há placas,"",Dupla,Não existe,"",""
5895,2019-07-08T00:00:00,10:10:00,SEM VÍTIMA,CANCELADA,IPUTINGA,AV CAXANGA,"","","EM FRENTE AO WALMART, SENT. SUB/CID",AV CAXANGA,"","EM FRENTE AO WALMART, SENT. SUB/CID",IPUTINGA,,"",COLISÃO,DOIS AUTOS,1,,,,,1,,,,0,,"","","","","","","","","","","","",""
5896,2019-07-08T00:00:00,11:23:00,COM VÍTIMA,FINALIZADA,VÁRZEA,RUA MARECHAL MANOEL LUIS OSORIO,"",RUA PROFESSOR ANTONIO COELHO,AO LADO DO COLÉGIO PONTUAL,RUA MARECHAL MANOEL LUIS OSORIO,"",AO LADO DO COLÉGIO PONTUAL,VÁRZEA,,SUBURBIO,ABALROAMENTO TRANSVERSAL,COLISÃO ENTRE ÔNIBUS E AUTO SEM VÍTIMAS,1,,,,,1,,,,1,,Cruzamento,Bom,Não existe,Não existente,Seca,Perfeito estado,Não existe,Não há placas,"",Dupla,Não existe,"",""
5897,2019-07-08T00:00:00,11:44:00,SEM VÍTIMA,FINALIZADA,BOA VIAGEM,RUA ANTONIO FALCAO,"",AV ENGENHEIRO DOMINGOS FERREIRA,AO LADO DO BANCO DO NORDESTE,RUA ANTONIO FALCAO,"",AO LADO DO BANCO DO NORDESTE,BOA VIAGEM,145,SUBURBIO,ABALROAMENTO LONGITUDINAL,COLISÃO S/VITIMAS ENTRE DOIS CARROS,2,1,,,,,,,,0,,Longo da via,Bom,Sem defeito,Perfeito estado,Seca,Perfeito estado,Faixa de pedestre,Não há placas,"",Única,Não existe,"",""
5898,2019-07-08T00:00:00,12:53:00,SEM VÍTIMA,FINALIZADA,ILHA DO LEITE,PRC MIGUEL DE CERVANTES,190,"","",PRC MIGUEL DE CERVANTES,190,"",ILHA DO LEITE,,SUBURBIO,ABALROAMENTO TRANSVERSAL,COLISÃO SEM VITIMAS,2,,,,,,,,,0,,Longo da via,Bom,Não existe,Perfeito estado,Seca,Perfeito estado,Não existe,Não há placas,"",Única,Não existe,"",""
5899,2019-07-08T00:00:00,12:55:00,SEM VÍTIMA,FINALIZADA,IMBIRIBEIRA,AV MARECHAL MASCARENHAS DE MORAES,"",RUA NAPOLIS,FIAT ITALIANA,AV MARECHAL MASCARENHAS DE MORAES,"",FIAT ITALIANA,IMBIRIBEIRA,,SUBURBIO,ABALROAMENTO LONGITUDINAL,COLISAO ENTRE DOIS AUTOS S/V,2,,,,,,,,,0,,"",Bom,Não existe,Perfeito estado,Seca,Perfeito estado,Outros,Outras,60 km/h,Dupla,Canteiro central,"",""
5900,2019-07-08T00:00:00,12:59:00,SEM VÍTIMA,FINALIZADA,CAXANGÁ,AV CAXANGA,"","",EM FRENTE WALMART,AV CAXANGA,"",EM FRENTE WALMART,CAXANGÁ,,SUBURBIO,ABALROAMENTO LONGITUDINAL,COLISÃO SEM VITIMAS,2,,,,,,,,,0,,Longo da via,Bom,Sem defeito,Perfeito estado,Seca,Perfeito estado,Agente,"","",Única,Faixa seccionada,"",""
5901,2019-07-08T00:00:00,13:30:00,SEM VÍTIMA,FINALIZADA,CAXANGÁ,AV CAXANGA,2379,"",AO LADO DA PIAUTO VEÍCULOS,AV CAXANGA,2379,AO LADO DA PIAUTO VEÍCULOS,CAXANGÁ,,"",COLISÃO TRASEIRA,COLISÃO SEM VITIMAS,2,,,,,,,,,0,,Longo da via,Bom,Sem defeito,Perfeito estado,Seca,Perfeito estado,Não existe,Outras,"",Dupla,Canteiro central,"",""
5902,2019-07-08T00:00:00,14:59:00,SEM VÍTIMA,FINALIZADA,BOA VISTA,RUA JOSE DE ALENCAR,522,RUA VISCONDE DE GOIANA,"",RUA JOSE DE ALENCAR,522,"",BOA VISTA,,"",ABALROAMENTO TRANSVERSAL,COLISÃO SEM VÍTIMA,2,,,,,,,,,0,,Cruzamento,Bom,Não existe,Perfeito estado,Seca,Perfeito estado,Faixa de retenção,Placas Pare,"",Única,Não existe,"",""
5903,2019-07-08T00:00:00,15:05:00,SEM VÍTIMA,FINALIZADA,BOA VIAGEM,RUA JOSE MARIA DE MIRANDA,"",AV ENGENHEIRO DOMINGOS FERREIRA,SOB O SEMÁFORO Nº 484,RUA JOSE MARIA DE MIRANDA,"",SOB O SEMÁFORO Nº 484,BOA VIAGEM,484,"",ABALROAMENTO LONGITUDINAL,COLISÃO SEM VÍTIMA,2,,,,,,,,,0,,"",Bom,Sem defeito,Incompleta,Seca,Mal conservada,"",Outras,"",Única,Não existe,"",""
5904,2019-07-08T00:00:00,15:20:00,COM VÍTIMA,FINALIZADA,CASA AMARELA,RUA XAVANTES,150,RUA OSCAR DE BARROS,"",RUA XAVANTES,150,"",CASA AMARELA,,SUBURBIO,ABALROAMENTO TRANSVERSAL,COLISÃO COM VITIMAS,2,1,,,,,,,,1,,Cruzamento,Bom,Não existe,Perfeito estado,Seca,Perfeito estado,Não existe,Placas Pare,40 km/h,Dupla,Faixa seccionada,"",""
5905,2019-07-08T00:00:00,15:59:00,SEM VÍTIMA,FINALIZADA,TAMARINEIRA,AV NORTE,"",RUA GOMES COUTINHO,SEMÁFORO 643,AV NORTE,"",SEMÁFORO 643,TAMARINEIRA,,"",ABALROAMENTO TRANSVERSAL,COLISÃO SEM VITIMAS,1,,,,,,,1,,0,,Cruzamento,Bom,Sem defeito,Perfeito estado,Seca,Perfeito estado,Faixa de pedestre,"","",Dupla,Canteiro central,"",""
5906,2019-07-08T00:00:00,16:06:00,SEM VÍTIMA,FINALIZADA,BOA VIAGEM,RUA VISCONDE DE JEQUITINHONHA,"",RUA VERDES MARES,AO LADO DO POSTE DE ILUMINAÇÃO Nº B 007419,RUA VISCONDE DE JEQUITINHONHA,"",AO LADO DO POSTE DE ILUMINAÇÃO Nº B 007419,BOA VIAGEM,,SUBURBIO,ABALROAMENTO LONGITUDINAL,COLISAO ENTRE AUTO E MOTO S/V,1,1,,,,,,,,0,,Longo da via,Bom,Não existe,Perfeito estado,Seca,Perfeito estado,Não existe,Não há placas,"",Única,Faixa seccionada,Canteiro central,Canal
5907,2019-07-08T00:00:00,16:25:00,SEM VÍTIMA,FINALIZADA,AREIAS,AV RECIFE,5008,"",LADO OPOSTO AO SUPERMERCADO MAKRO,AV RECIFE,5008,LADO OPOSTO AO SUPERMERCADO MAKRO,AREIAS,621,"",COLISÃO TRASEIRA,COLISAO ENTRE DOIS AUTOS S/V,2,,,,,,,,,0,,Longo da via,Bom,Sem defeito,Perfeito estado,Seca,Perfeito estado,"",Outras,"",Dupla,Canteiro central,"",""
5908,2019-07-08T00:00:00,16:43:00,SEM VÍTIMA,FINALIZADA,IMBIRIBEIRA,RUA CONDE PEREIRA CARNEIRO,2613,"",AO LADO DA TROLLER,RUA CONDE PEREIRA CARNEIRO,2613,AO LADO DA TROLLER,IMBIRIBEIRA,,CIDADE,ABALROAMENTO LONGITUDINAL,COLISAO SEM VITIMAS,2,,,,,,,,,0,,Longo da via,Bom,Não existe,Ilegível,Seca,Mal conservada,Não existe,Não há placas,"",Dupla,Não existe,"",""
5909,2019-07-08T00:00:00,17:00:00,COM VÍTIMA,FINALIZADA,AREIAS,RUA IPOJUCA,273,RUA CARUARU,EM FRENTE A ESCOLA MUNICIPAL DE AREIAS,RUA IPOJUCA,273,EM FRENTE A ESCOLA MUNICIPAL DE AREIAS,AREIAS,,SUBURBIO,ABALROAMENTO TRANSVERSAL,COLISÃO COM VITIMAS,1,1,,,,,,,,2,,Cruzamento,Bom,Não existe,Não existente,Seca,Perfeito estado,Não existe,Não há placas,"",Dupla,Não existe,"",""
5910,2019-07-08T00:00:00,18:17:00,SEM VÍTIMA,FINALIZADA,CORDEIRO,AV CAXANGA,2351,"",EM FRENTE A AUTOSPORT,"",2351,EM FRENTE A AUTOSPORT,CORDEIRO,235,CIDADE,COLISÃO TRASEIRA,ENTRE AUTO E MOTO. S/V,1,1,,,,,,,,0,,Longo da via,Bom,Sem defeito,Perfeito estado,Seca,Perfeito estado,Faixa de pedestre,Outras,60 km/h,Dupla,Canteiro central,"",""
5911,2019-07-08T00:00:00,19:34:00,SEM VÍTIMA,CANCELADA,BOA VIAGEM,AV CONSELHEIRO AGUIAR,"","",EM FRENTE AO EDIFICIL HOLIDAY,AV CONSELHEIRO AGUIAR,"",EM FRENTE AO EDIFICIL HOLIDAY,BOA VIAGEM,,"",COLISÃO,COLISÃO ENTRE DOIS AUTOS S/V,2,,,,,,,,,0,,"","","","","","","","","","","","",""
5912,2019-07-09T00:00:00,06:49:00,SEM VÍTIMA,FINALIZADA,SÃO JOSÉ,C SANTA RITA,"","",APÓS O SEMÁFORO 76,C SANTA RITA,"",APÓS O SEMÁFORO 76,SÃO JOSÉ,76,CIDADE,CHOQUE OBJETO FIXO,"SEM VITIMAS,VEICULO SE CHOCOU COM A MURETA DOS GALPÕES",1,,,,,,,,,0,,Longo da via,Chuvoso,Sem defeito,Perfeito estado,Molhada,Perfeito estado,Não existe,Outras,"",Dupla,Faixa seccionada,Canteiro central,""
5913,2019-07-09T00:00:00,08:07:00,SEM VÍTIMA,FINALIZADA,TORRÕES,EST DO FORTE DO ARRAIAL N. DO B. JESUS,"",RUA ONZE DE FEVEREIRO,"",EST DO FORTE DO ARRAIAL N. DO B. JESUS,"","",TORRÕES,,SUBURBIO,ABALROAMENTO TRANSVERSAL,COLISÃO SEM VITIMAS,1,,,,,,1,,,0,,Cruzamento,Bom,Não existe,Perfeito estado,Seca,Mal conservada,Outros,Placas Pare,"",Única,Faixa contínua,"",""
5914,2019-07-09T00:00:00,08:11:00,SEM VÍTIMA,FINALIZADA,IMBIRIBEIRA,AV MARECHAL MASCARENHAS DE MORAES,4896,"",LADO OPOSTO AO Nº 4896,AV MARECHAL MASCARENHAS DE MORAES,4896,LADO OPOSTO AO Nº 4896,IMBIRIBEIRA,,CIDADE,COLISÃO TRASEIRA,TRES AUTOS,3,,,,,,,,,0,,Longo da via,Bom,Não existe,Perfeito estado,Seca,Perfeito estado,Não existe,Outras,"",Dupla,Canteiro central,"",""
5915,2019-07-09T00:00:00,08:22:00,SEM VÍTIMA,FINALIZADA,IMBIRIBEIRA,AV MARECHAL MASCARENHAS DE MORAES,2156,"",FIAT ITALIANA,AV MARECHAL MASCARENHAS DE MORAES,2156,FIAT ITALIANA,IMBIRIBEIRA,501,SUBURBIO,COLISÃO TRASEIRA,COLISÃO SEM VITIMAS,2,,,,,,,,,0,,Longo da via,Bom,Sem defeito,Perfeito estado,Seca,Perfeito estado,Faixa de pedestre,Não há placas,60 km/h,Dupla,Canteiro central,"",""
5916,2019-07-09T00:00:00,08:48:00,SEM VÍTIMA,FINALIZADA,MADALENA,AV ENGENHEIRO ABDIAS DE CARVALHO,"","",LADO OPOSTO AO MUTIRIM Nº 480,AV ENGENHEIRO ABDIAS DE CARVALHO,"",LADO OPOSTO AO MUTIRIM Nº 480,MADALENA,,CIDADE,ABALROAMENTO LONGITUDINAL,AUTO,1,,,,,,,,,0,,Longo da via,Bom,Sem defeito,Perfeito estado,Seca,Perfeito estado,Faixa de pedestre,Outras,60 km/h,Única,Faixa seccionada,Canteiro central,""
5917,2019-07-09T00:00:00,08:59:00,SEM VÍTIMA,CANCELADA,CAXANGÁ,AV CAXANGA,2766,"",EN FRENTE A PARATI AUTOMOVEIS,AV CAXANGA,2766,EN FRENTE A PARATI AUTOMOVEIS,CAXANGÁ,,SUBURBIO,COLISÃO,MOTO E AUTO,1,1,,,,,,,,0,,"","","","","","","","","","","","",""
5918,2019-07-09T00:00:00,10:07:00,SEM VÍTIMA,FINALIZADA,ROSARINHO,AV NORTE,"","",EM FRENTE AO Nº 3080,AV NORTE,"",EM FRENTE AO Nº 3080,ROSARINHO,,SUBURBIO,ABALROAMENTO LONGITUDINAL,SEM VITIMAS,2,,,,,,,,,0,,Longo da via,Chuvoso,Sem defeito,Perfeito estado,Molhada,Perfeito estado,Faixa de pedestre,R-6a,"",Dupla,Canteiro central,"",""
5919,2019-07-09T00:00:00,10:38:00,SEM VÍTIMA,FINALIZADA,COELHOS,RUA DOS COELHOS,361,"",LADO OPOSTO DO IMIP,RUA DOS COELHOS,361,LADO OPOSTO DO IMIP,COELHOS,359,SUBURBIO,CHOQUE VEÍCULO PARADO,AUTO E ONIBUS,1,,,,,1,,,,0,,Longo da via,Bom,Sem defeito,Perfeito estado,Seca,Mal conservada,Não existe,Outras,"",Dupla,Faixa contínua,"",""
5920,2019-07-09T00:00:00,11:09:00,SEM VÍTIMA,FINALIZADA,IMBIRIBEIRA,VIADUTO TANCREDO NEVES,"","","",VIADUTO TANCREDO NEVES,"","",IMBIRIBEIRA,,CIDADE,ABALROAMENTO LONGITUDINAL,SEM VITIMAS/VT 24 VAI FAZER B.O,1,,,,,1,,,,0,,Viaduto,Bom,Não existe,Incompleta,Seca,Perfeito estado,Não existe,Não há placas,"",Dupla,Faixa seccionada,"",""
5921,2019-07-09T00:00:00,11:26:00,SEM VÍTIMA,CANCELADA,JIQUIÁ,RUA SAO MIGUEL,2072,"",EM FRENTE AO POSTO DE GASOLINA IPIRANGA,RUA SAO MIGUEL,2072,EM FRENTE AO POSTO DE GASOLINA IPIRANGA,JIQUIÁ,,AREIAS,COLISÃO,COLISAO SEM VITIMAS,1,,,,,,1,,,0,,"","","","","","","","","","","","",""
5922,2019-07-09T00:00:00,11:39:00,SEM VÍTIMA,FINALIZADA,ARRUDA,AV BEBERIBE,"",RUA JOSE AUSTREGESILO,"",AV BEBERIBE,"","",ARRUDA,492,SUBURBIO,ABALROAMENTO LONGITUDINAL,COLISÃO SEM VITIMAS,2,,,,,,,,,0,,Cruzamento,Bom,Sem defeito,Perfeito estado,Seca,Perfeito estado,Faixa de pedestre,R-6a,"",Dupla,Faixa contínua,"",""
5923,2019-07-09T00:00:00,11:41:00,COM VÍTIMA,FINALIZADA,CAXANGÁ,RUA RIBEIRO PESSOA,501,"",SENTIDO UNIVERSIDADE RURAL DE PERNAMBUCO,RUA RIBEIRO PESSOA,501,SENTIDO UNIVERSIDADE RURAL DE PERNAMBUCO,CAXANGÁ,,SUBURBIO,ABALROAMENTO TRANSVERSAL,MOTO E AUTO,1,1,,,,,,,,1,,Cruzamento,Bom,Não existe,Incompleta,Seca,Mal conservada,Não existe,Não há placas,"",Dupla,Faixa seccionada,"",""
5924,2019-07-09T00:00:00,13:43:00,SEM VÍTIMA,FINALIZADA,BOA VIAGEM,AV BOA VIAGEM,2554,"",EM FRENTE AO COLÉGIO LUIZ IGNÁCIO,AV BOA VIAGEM,2554,EM FRENTE AO COLÉGIO LUIZ IGNÁCIO,BOA VIAGEM,,CIDADE,CHOQUE VEÍCULO PARADO,04 VÉICULOS,4,,,,,,,,,0,,Longo da via,Bom,Não existe,Perfeito estado,Seca,Perfeito estado,Não existe,Não há placas,60 km/h,Única,Faixa seccionada,"",""
5925,2019-07-09T00:00:00,14:10:00,SEM VÍTIMA,FINALIZADA,DERBY,RUA JOAQUIM NABUCO,92,"",AO LADO DO HOSPITAL DA RESTAURAÇÃO,RUA JOAQUIM NABUCO,92,AO LADO DO HOSPITAL DA RESTAURAÇÃO,DERBY,,SUBURBIO,ABALROAMENTO LONGITUDINAL,COLISÃO SEM VÍTIMA,2,,,,,,,,,0,,Longo da via,Bom,Sem defeito,Perfeito estado,Seca,Perfeito estado,Não existe,Não há placas,"",Única,Não existe,"",""
5926,2019-07-09T00:00:00,14:13:00,SEM VÍTIMA,FINALIZADA,BARRO,AV DR JOSE RUFINO,"","",IGREJA MUNDIAL DE JESUS CRISTO,AV DR JOSE RUFINO,"",IGREJA MUNDIAL DE JESUS CRISTO,BARRO,,SUBURBIO,ABALROAMENTO TRANSVERSAL,COLISAO ENTRE AUTO E MOTO S/V,1,1,,,,,,,,0,,Longo da via,Bom,Sem defeito,Perfeito estado,Seca,Perfeito estado,Outros,Outras,60 km/h,Dupla,Faixa contínua,"",""
5927,2019-07-09T00:00:00,14:29:00,SEM VÍTIMA,FINALIZADA,TAMARINEIRA,AV NORTE,42,"",AO LADO DO SEMÁFORO 643,AV NORTE,42,AO LADO DO SEMÁFORO 643,TAMARINEIRA,,CIDADE,COLISÃO TRASEIRA,COLISAO ENTRE DOIS AUTOS S/V,2,,,,,,,,,0,,Longo da via,Bom,Sem defeito,Perfeito estado,Seca,Perfeito estado,Faixa de pedestre,R-6a,"",Dupla,Faixa contínua,Faixa seccionada,Canteiro central
5928,2019-07-09T00:00:00,14:54:00,SEM VÍTIMA,FINALIZADA,ILHA DO RETIRO,RUA BENFICA,98,"",EM FRENTE AO CRED GESTANTE,RUA BENFICA,98,EM FRENTE AO CRED GESTANTE,ILHA DO RETIRO,,SUBURBIO,ABALROAMENTO LONGITUDINAL,COLISÃO SEM VÍTIMA,1,,,,,,1,,,0,,Longo da via,Bom,Não existe,Perfeito estado,Seca,Perfeito estado,Não existe,Outras,"",Única,Faixa seccionada,"",""
5929,2019-07-09T00:00:00,15:20:00,SEM VÍTIMA,CANCELADA,SÃO JOSÉ,RUA VELHA,80,RUA DA SANTA CRUZ,AO LADO DA IGREJA CATOLICA,RUA VELHA,80,AO LADO DA IGREJA CATOLICA,SÃO JOSÉ,,"",COLISÃO,COLISÃO SEM VITIMAS,2,,,,,,,,,0,,"","","","","","","","","","","","",""
5930,2019-07-09T00:00:00,15:55:00,SEM VÍTIMA,CANCELADA,DERBY,RUA LUIZ BARBALHO,279,AV GOVERNADOR AGAMENON MAGALHAES,AO LADO DO CLUBE SAUDE GM NO LOCAL,RUA LUIZ BARBALHO,279,AO LADO DO CLUBE SAUDE GM NO LOCAL,DERBY,,"",COLISÃO,COLISAO ENTRE DOIS AUTOS S/V,2,,,,,,,,,0,,"","","","","","","","","","","","",""
5931,2019-07-09T00:00:00,15:56:00,SEM VÍTIMA,FINALIZADA,CORDEIRO,AV CAXANGA,"","",EM FRENTE A ESTAÇÃO BRT GETÚLIO VARGAS,AV CAXANGA,"",EM FRENTE A ESTAÇÃO BRT GETÚLIO VARGAS,CORDEIRO,,CIDADE,COLISÃO TRASEIRA,COLISÃO SEM VÍTIMA,2,,,,,,,,,0,,Longo da via,Bom,Sem defeito,Perfeito estado,Seca,Perfeito estado,"","","",Dupla,Canteiro central,"",""
5932,2019-07-09T00:00:00,16:32:00,SEM VÍTIMA,FINALIZADA,CORDEIRO,AV CAXANGA,"",RUA ELIZEU CAVALCANTE,AO LADO DA ESTAÇÃO GETÚLIO VARGAS,AV CAXANGA,"",AO LADO DA ESTAÇÃO GETÚLIO VARGAS,CORDEIRO,265,SUBURBIO,ABALROAMENTO LONGITUDINAL,COLISAO ENTRE AUTO E BRT S/V,1,,,,,1,,,,0,,"",Bom,Sem defeito,Perfeito estado,Seca,Perfeito estado,Faixa de pedestre,R-6a,"",Dupla,Canteiro central,"",""
5933,2019-07-09T00:00:00,19:41:00,COM VÍTIMA,FINALIZADA,TAMARINEIRA,RUA JOAO TUDE DE MELO,"",AV PARNAMIRIM,"",RUA JOAO TUDE DE MELO,"","",TAMARINEIRA,10,SUBURBIO,ABALROAMENTO LONGITUDINAL,MOTO X PRISMA,1,1,,,,,,,,1,,Cruzamento,Bom,Sem defeito,Perfeito estado,Seca,Perfeito estado,"",R-6a,"",Dupla,Canal,"",""
5934,2019-07-09T00:00:00,21:16:00,SEM VÍTIMA,FINALIZADA,BOA VIAGEM,AV ENGENHEIRO DOMINGOS FERREIRA,2700,RUA TENENTE JOAO CICERO,FARMACIA DROGASIL,AV ENGENHEIRO DOMINGOS FERREIRA,2700,FARMACIA DROGASIL,BOA VIAGEM,,SUBURBIO,CHOQUE VEÍCULO PARADO,ENTRE 3 AUTOS. S/V,3,,,,,,,,,0,,Longo da via,Bom,Não existe,Perfeito estado,Seca,Perfeito estado,Não existe,Não há placas,"",Única,Faixa seccionada,Canteiro central,""
5935,2019-07-09T00:00:00,21:28:00,SEM VÍTIMA,FINALIZADA,AREIAS,RUA AURORA CACOTE,"","",PROX A LINHA DO TREM E MERCADINHO BOI QUENTE,RUA AURORA CACOTE,"",PROX A LINHA DO TREM E MERCADINHO BOI QUENTE,AREIAS,,"",COLISÃO,DOIS TAXI,2,,,,,,,,,0,,"","","","","","","","","","","","",""
5936,2019-07-10T00:00:00,05:44:00,SEM VÍTIMA,FINALIZADA,CAXANGÁ,RUA EMILIANO BRAGA,"",RUA PROFESSOR ANTONIO COELHO,"",RUA EMILIANO BRAGA,"","",CAXANGÁ,,"",COLISÃO FRONTAL,"COLISÃO ENTRE DOIS AUTOS, SEM VÍTIMAS",2,,,,,,,,,0,,Cruzamento,Bom,Não existe,Perfeito estado,Seca,Perfeito estado,Não existe,Placas Pare,30 km/h,Única,Não existe,"",""
5937,2019-07-10T00:00:00,06:22:00,COM VÍTIMA,FINALIZADA,BOA VIAGEM,RUA ERNESTO DE PAULA SANTOS,"","",RUA PROFESSOR JOÃO MEDEIROS,RUA ERNESTO DE PAULA SANTOS,"",RUA PROFESSOR JOÃO MEDEIROS,BOA VIAGEM,329,"",ABALROAMENTO LONGITUDINAL,"COLISÃO C/VITIMAS ENTRE DOIS AUTOS, SEGUIDO DE CAPOTAMENTO.",2,,,,,,,,,1,,Cruzamento,Bom,Sem defeito,Incompleta,Seca,Perfeito estado,Faixa de pedestre,R-6a,"",Única,Não existe,"",""
5938,2019-07-10T00:00:00,06:46:00,SEM VÍTIMA,FINALIZADA,AFOGADOS,LARGO DA PAZ,388,"",EM FRENTE AO BANCO ITAU,LARGO DA PAZ,388,EM FRENTE AO BANCO ITAU,AFOGADOS,53,SUBURBIO,ABALROAMENTO LONGITUDINAL,SEM VITIMAS,2,,,,,,,,,0,,Longo da via,Bom,Sem defeito,Perfeito estado,Seca,Perfeito estado,Outros,Outras,"",Única,Outros,"",""
5939,2019-07-10T00:00:00,07:20:00,COM VÍTIMA,FINALIZADA,PAISSANDU,AV GOVERNADOR AGAMENON MAGALHAES,"","",SOB O SEMÁFORO 069,AV GOVERNADOR AGAMENON MAGALHAES,"",SOB O SEMÁFORO 069,PAISSANDU,,"",COLISÃO TRASEIRA,COLISÃO C/VITIMAS ENTRE UMA MOTO E AUTO.,1,1,,,,,,,,1,,Longo da via,Bom,Sem defeito,Perfeito estado,Seca,Perfeito estado,Faixa de pedestre,"",60 km/h,Dupla,Canteiro central,"",""