_id,DATA,hora,natureza_acidente,situacao,bairro,endereco,numero,detalhe_endereco_acidente,complemento,endereco_cruzamento,numero_cruzamento,referencia_cruzamento,bairro_cruzamento,num_semaforo,sentido_via,tipo,descricao,auto,moto,ciclom,ciclista,pedestre,onibus,caminhao,viatura,outros,vitimas,vitimasfatais,acidente_verificado,tempo_clima,situacao_semaforo,sinalizacao,condicao_via,conservacao_via,ponto_controle,situacao_placa,velocidade_max_via,mao_direcao,divisao_via1,divisao_via2,divisao_via3
5940,2019-07-10T00:00:00,08:33:00,SEM VÍTIMA,FINALIZADA,BOA VISTA,AV CONDE DA BOA VISTA,921,"",EM FRENTE AO COLÉGIO DE SÃO JOSÉ,AV CONDE DA BOA VISTA,921,EM FRENTE AO COLÉGIO DE SÃO JOSÉ,BOA VISTA,,CIDADE,ABALROAMENTO LONGITUDINAL,COLISÃO S/VITIMAS ENTRE UMA MOTO E UM AUTO,1,1,,,,,,,,0,,Longo da via,Bom,Não existe,Incompleta,Seca,Mal conservada,Não existe,Outras,"",Dupla,Faixa contínua,Faixa seccionada,""
5941,2019-07-10T00:00:00,08:33:00,SEM VÍTIMA,CANCELADA,MADALENA,RUA REAL DA TORRE,191,"",EM FRENTE A ESCOLA JOAQUIM TAVORA,RUA REAL DA TORRE,191,EM FRENTE A ESCOLA JOAQUIM TAVORA,MADALENA,,"",COLISÃO,CAMINHAO E AUTO PASSEIO,1,,,,,,1,,,0,,"","","","","","","","","","","","",""
5942,2019-07-10T00:00:00,08:51:00,SEM VÍTIMA,FINALIZADA,BREJO DA GUABIRABA,AV VEREADOR OTACILIO AZEVEDO,4500,"",EM FRENTE AO Nº 4500,AV VEREADOR OTACILIO AZEVEDO,4500,EM FRENTE AO Nº 4500,BREJO DA GUABIRABA,,SUBURBIO,ABALROAMENTO LONGITUDINAL,COLISÃO S/VITIMAS ENTRE UM MICROONIBUS E UM CAMINHÃO,,,,,,1,1,,,0,,Longo da via,Bom,Não existe,Não existente,Seca,Perfeito estado,Não existe,Não há placas,"",Dupla,Não existe,"",""
5943,2019-07-10T00:00:00,09:44:00,SEM VÍTIMA,FINALIZADA,IMBIRIBEIRA,RUA ALFREDO MARCONDES,"","","",RUA ALFREDO MARCONDES,"","",IMBIRIBEIRA,442,CIDADE,ABALROAMENTO LONGITUDINAL,DOIS AUTOS,2,,,,,,,,,0,,Longo da via,Bom,Sem defeito,Perfeito estado,Seca,Perfeito estado,Faixa de pedestre,Não há placas,"",Única,Faixa seccionada,"",""
5944,2019-07-10T00:00:00,09:47:00,COM VÍTIMA,FINALIZADA,PINA,AV HERCULANO BANDEIRA,"","",EM FRENTE AO Nº 276,AV HERCULANO BANDEIRA,"",EM FRENTE AO Nº 276,PINA,,SUBURBIO,ATROPELAMENTO,"",,1,,,,,,,,1,,Longo da via,Bom,Sem defeito,Perfeito estado,Seca,Perfeito estado,Faixa de pedestre,Outras,60 km/h,Única,Faixa seccionada,Canteiro central,""
5945,2019-07-10T00:00:00,10:15:00,SEM VÍTIMA,FINALIZADA,BOA VISTA,AV CONDE DA BOA VISTA,"",RUA GERVASIO PIRES,FARMACIA DROGASIL,AV CONDE DA BOA VISTA,"",FARMACIA DROGASIL,BOA VISTA,24,CIDADE,ABALROAMENTO LONGITUDINAL,VIATURA PM E AUTO,1,,,,,,,1,,0,,Cruzamento,Bom,Sem defeito,Perfeito estado,Seca,Perfeito estado,Faixa de pedestre,R-6a,40 km/h,Dupla,Faixa contínua,"",""
5946,2019-07-10T00:00:00,10:15:00,SEM VÍTIMA,FINALIZADA,GRAÇAS,AV RUI BARBOSA,960,"",EM FRENTE A CHEVROLET PEDRAGON,AV RUI BARBOSA,960,EM FRENTE A CHEVROLET PEDRAGON,GRAÇAS,,CIDADE,ABALROAMENTO LONGITUDINAL,COLISÃO S/VITIMAS ENTRE DOIS AUTOS,2,,,,,,,,,0,,Longo da via,Bom,Não existe,Perfeito estado,Seca,Perfeito estado,Não existe,"","",Única,Faixa seccionada,"",""
5947,2019-07-10T00:00:00,10:40:00,SEM VÍTIMA,FINALIZADA,CAXANGÁ,AV CAXANGA,"","","",AV CAXANGA,"","",CAXANGÁ,533,CIDADE,ABALROAMENTO LONGITUDINAL,COLISÃO S/VITIMAS ENTRE UM ONIBUS E UM AUTO,1,,,,,1,,,,0,,Longo da via,Bom,Sem defeito,Perfeito estado,Seca,Perfeito estado,Faixa de pedestre,R-6a,"",Dupla,Canteiro central,"",""
5948,2019-07-10T00:00:00,12:10:00,SEM VÍTIMA,CANCELADA,BOA VIAGEM,AV ENGENHEIRO DOMINGOS FERREIRA,"",RUA CORONEL BENEDITO CHAVES,E/F AO MUNDO DO CABELEIREIRO,AV ENGENHEIRO DOMINGOS FERREIRA,"",E/F AO MUNDO DO CABELEIREIRO,BOA VIAGEM,128,"",COLISÃO,COLISÃO SEM VITIMAS,1,1,,,,,,,,0,,"","","","","","","","","","","","",""
5949,2019-07-10T00:00:00,12:18:00,SEM VÍTIMA,FINALIZADA,DERBY,AV GOVERNADOR AGAMENON MAGALHAES,"",RUA CARLOS PORTO CARREIRO,"",AV GOVERNADOR AGAMENON MAGALHAES,"","",DERBY,,"",COLISÃO TRASEIRA,COLISAO ENTRE DOIS AUTOS S/V,2,,,,,,,,,0,,Longo da via,Bom,Sem defeito,Perfeito estado,Seca,Perfeito estado,"",R-6a,60 km/h,Única,Faixa seccionada,"",""
5950,2019-07-10T00:00:00,14:00:00,COM VÍTIMA,FINALIZADA,JARDIM SÃO PAULO,AV SAO PAULO,"",RUA APENINOS,"",AV SAO PAULO,"","",JARDIM SÃO PAULO,141,SUBURBIO,COLISÃO TRASEIRA,COLISAO COM VITIMAS,1,,1,,,,,,,1,,Longo da via,Bom,Não existe,Perfeito estado,Seca,Perfeito estado,Não existe,R-6a,"",Dupla,Não existe,"",""
5951,2019-07-10T00:00:00,14:09:00,COM VÍTIMA,FINALIZADA,PRADO,RUA GOMES TABORDA,15,"","",RUA GOMES TABORDA,15,"",PRADO,,SUBURBIO,ABALROAMENTO TRANSVERSAL,COLISAO ENTRE AUTO E MOTO COM UMA VITIMA,1,1,,,,,,,,1,,Longo da via,Bom,Não existe,Perfeito estado,Seca,Perfeito estado,Não existe,Não há placas,30 km/h,Dupla,Faixa seccionada,"",""
5952,2019-07-10T00:00:00,14:21:00,SEM VÍTIMA,CANCELADA,SAN MARTIN,RUA DUARTE FILHO,460,RUA COMENDADOR FRANCO FERREIRA,"",RUA DUARTE FILHO,460,"",SAN MARTIN,,"",COLISÃO,COLISAO ENTRE DOIS CARROS,2,,,,,,,,,0,,"","","","","","","","","","","","",""
5953,2019-07-10T00:00:00,14:23:00,SEM VÍTIMA,FINALIZADA,SÃO JOSÉ,AV DANTAS BARRETO,"",RUA IMPERIAL,"",AV DANTAS BARRETO,"","",SÃO JOSÉ,35,SUBURBIO,ABALROAMENTO LONGITUDINAL,COLISÃO SEM VITIMAS,,1,,,,1,,,,0,,Cruzamento,Bom,Sem defeito,Perfeito estado,Seca,Perfeito estado,Faixa de pedestre,"","",Dupla,Faixa contínua,"",""
5954,2019-07-10T00:00:00,14:41:00,SEM VÍTIMA,FINALIZADA,"",AV GOVERNADOR AGAMENON MAGALHAES,"",RUA JOAO FERNANDES VIEIRA,"",AV GOVERNADOR AGAMENON MAGALHAES,"","","",37,SUBURBIO,COLISÃO,COLISÃO SEM VITIMAS,1,1,,,,,,,,0,,"",Bom,Sem defeito,Perfeito estado,Seca,Perfeito estado,Faixa de pedestre,Não há placas,60 km/h,Dupla,Canal,"",""
5955,2019-07-10T00:00:00,14:47:00,SEM VÍTIMA,CANCELADA,SANTO AMARO,AV GOVERNADOR AGAMENON MAGALHAES,"","",EM FRENTE AO SHOPPING TACARUNA - SUBIDA DO VIADUTO,AV GOVERNADOR AGAMENON MAGALHAES,"",EM FRENTE AO SHOPPING TACARUNA - SUBIDA DO VIADUTO,SANTO AMARO,,OLINDA,ENGAVETAMENTO,"COLISAO ENTRE TRES AUTOMOVEIS, SEM VITIMAS",3,,,,,,,,,0,,"","","","","","","","","","","","",""
5956,2019-07-10T00:00:00,14:47:00,SEM VÍTIMA,FINALIZADA,COELHOS,RUA DOS COELHOS,300,"",IMIP,RUA DOS COELHOS,300,IMIP,COELHOS,,SUBURBIO,ABALROAMENTO LONGITUDINAL,COLISAO ENTRE DOIS AUTOS S/V,2,,,,,,,,,0,,Longo da via,Bom,Não existe,Perfeito estado,Seca,Perfeito estado,Não existe,Outras,"",Dupla,Faixa seccionada,"",""
5957,2019-07-10T00:00:00,15:32:00,SEM VÍTIMA,FINALIZADA,PINA,AV ANTONIO DE GOES,"","",SEMÁFORO 619,AV ANTONIO DE GOES,"",SEMÁFORO 619,PINA,619,CIDADE,COLISÃO TRASEIRA,COLISAO ENTRE DOIS AUTOS S/V,2,,,,,,,,,0,,Longo da via,Bom,Sem defeito,Perfeito estado,Seca,Perfeito estado,Faixa de pedestre,R-6a,60 km/h,Única,Canteiro central,"",""
5958,2019-07-10T00:00:00,15:35:00,SEM VÍTIMA,FINALIZADA,CASA FORTE,AV DEZESSETE DE AGOSTO,1820,"",EM FRENTE AO Nº 1820,AV DEZESSETE DE AGOSTO,1820,EM FRENTE AO Nº 1820,CASA FORTE,,CIDADE,CHOQUE OBJETO FIXO,APOIO AO AGENTE COELHO,1,,,,,,,,,0,,Longo da via,Chuvoso,Não existe,Perfeito estado,Molhada,Perfeito estado,Não existe,R-6a,"",Dupla,Faixa contínua,"",""
5959,2019-07-10T00:00:00,15:37:00,SEM VÍTIMA,FINALIZADA,BOA VIAGEM,AV CONSELHEIRO AGUIAR,3197,RUA MAMANGUAPE,"",AV CONSELHEIRO AGUIAR,3197,"",BOA VIAGEM,,CIDADE,ABALROAMENTO TRANSVERSAL,"",1,,,,,1,,,,0,,Cruzamento,Bom,Não existe,Perfeito estado,Seca,Perfeito estado,Não existe,Placas Pare,"",Única,Faixa seccionada,"",""
5960,2019-07-10T00:00:00,15:42:00,COM VÍTIMA,FINALIZADA,MADALENA,RUA BENFICA,"","",LADO OPOSTO AO MUSEU DA ABOLIÇÃO,RUA BENFICA,"",LADO OPOSTO AO MUSEU DA ABOLIÇÃO,MADALENA,257,SUBURBIO,COLISÃO COM CICLISTA,COM VÍTIMA,,1,,1,,,,,,1,,Longo da via,Bom,Sem defeito,Perfeito estado,Seca,Perfeito estado,Não existe,Não há placas,"",Dupla,Faixa contínua,"",""
5961,2019-07-10T00:00:00,15:46:00,COM VÍTIMA,FINALIZADA,MADALENA,RUA JOSE OSORIO,"","",EM FRENTE AO Nº 88,RUA JOSE OSORIO,"",EM FRENTE AO Nº 88,MADALENA,,CID/SUB,ABALROAMENTO LONGITUDINAL,COM VÍTIMA,1,1,,,,,,,,1,,Longo da via,Bom,Não existe,Perfeito estado,Seca,Perfeito estado,"",R-6a,50 km/h,Única,"","",""
5962,2019-07-10T00:00:00,15:56:00,SEM VÍTIMA,FINALIZADA,PRADO,AV ENGENHEIRO ABDIAS DE CARVALHO,"",EST DOS REMEDIOS,EM FRENTE A TRUS VIGILANCIA,AV ENGENHEIRO ABDIAS DE CARVALHO,"",EM FRENTE A TRUS VIGILANCIA,PRADO,52,CIDADE,COLISÃO TRASEIRA,COLISÃO SEM VITIMAS,2,,,,,,1,,,0,,Longo da via,Bom,Sem defeito,Perfeito estado,Seca,Perfeito estado,Outros,Outras,"",Dupla,Canteiro central,"",""
5963,2019-07-10T00:00:00,16:20:00,SEM VÍTIMA,FINALIZADA,PRADO,AV ENGENHEIRO ABDIAS DE CARVALHO,"",RUA JOAO IVO DA SILVA,"",AV ENGENHEIRO ABDIAS DE CARVALHO,"","",PRADO,132,"",ABALROAMENTO LONGITUDINAL,COLISÃO SEM VITIMAS,2,,,,,,2,,,0,,Cruzamento,Bom,Sem defeito,Perfeito estado,Seca,Perfeito estado,Faixa de pedestre,R-6a,"",Dupla,Canteiro central,"",""
5964,2019-07-10T00:00:00,16:27:00,SEM VÍTIMA,FINALIZADA,TORRE,RUA REAL DA TORRE,"",RUA CONDE DE IRAJA,AO LADO DO EXTRABOM,RUA REAL DA TORRE,"",AO LADO DO EXTRABOM,TORRE,106,SUBURBIO,ABALROAMENTO LONGITUDINAL,COLISAO ENTRE CAMINHAO E AUTO S/V,1,,,,,,1,,,0,,Longo da via,Bom,Sem defeito,Perfeito estado,Seca,Perfeito estado,Faixa de pedestre,R-6a,"",Única,Faixa contínua,"",""
5965,2019-07-10T00:00:00,17:32:00,SEM VÍTIMA,FINALIZADA,ESPINHEIRO,AV GOVERNADOR AGAMENON MAGALHAES,2764,"",EM FRENTE AO BANCO DO NORDESTE,AV GOVERNADOR AGAMENON MAGALHAES,2764,EM FRENTE AO BANCO DO NORDESTE,ESPINHEIRO,,SUBURBIO,ABALROAMENTO LONGITUDINAL,COLISAO ENTRE AUTO E ONIBUS S/V,1,,,,,1,,,,0,,Longo da via,Bom,Sem defeito,Perfeito estado,Seca,Perfeito estado,Faixa de pedestre,Outras,60 km/h,Dupla,Canal,"",""
5966,2019-07-10T00:00:00,17:50:00,SEM VÍTIMA,FINALIZADA,NOVA DESCOBERTA,RUA NOVA DESCOBERTA,268,"","",RUA NOVA DESCOBERTA,268,"",NOVA DESCOBERTA,,SUBURBIO,CHOQUE VEÍCULO PARADO,COLISÃO SEM VITIMAS,1,,,,,1,,,,0,,Longo da via,Bom,Não existe,Incompleta,Seca,Perfeito estado,Não existe,Outras,30 km/h,Dupla,Não existe,"",""
5967,2019-07-10T00:00:00,17:58:00,SEM VÍTIMA,FINALIZADA,CASA AMARELA,RUA DONA ROSA DA FONSECA,"",RUA DA HARMONIA,"",RUA DONA ROSA DA FONSECA,"","",CASA AMARELA,,SUBURBIO,ABALROAMENTO LONGITUDINAL,ENTRE 2 AUTOS. S/V,2,,,,,,,,,0,,"",Bom,Não existe,Perfeito estado,Seca,Perfeito estado,Não existe,R-6a,"",Dupla,Não existe,"",""
5968,2019-07-10T00:00:00,18:12:00,SEM VÍTIMA,FINALIZADA,TORRÕES,AV ENGENHEIRO ABDIAS DE CARVALHO,"","",SEMÁFORO 271,AV ENGENHEIRO ABDIAS DE CARVALHO,"",SEMÁFORO 271,TORRÕES,271,SUBURBIO,COLISÃO TRASEIRA,ENTRE 2 AUTOS. S/V,2,,,,,,,,,0,,Longo da via,Chuvoso,Sem defeito,Perfeito estado,Molhada,Perfeito estado,Faixa de pedestre,R-6a,60 km/h,Dupla,Canteiro central,"",""
5969,2019-07-10T00:00:00,18:18:00,SEM VÍTIMA,FINALIZADA,PRADO,AV ENGENHEIRO ABDIAS DE CARVALHO,"","",EM FRENTE A FACULDADE ESTÁCIO,AV ENGENHEIRO ABDIAS DE CARVALHO,"",EM FRENTE A FACULDADE ESTÁCIO,PRADO,,SUBURBIO,COLISÃO TRASEIRA,GOL X FIAT TORO,2,,,,,,,,,0,,Longo da via,Bom,Não existe,Ilegível,Seca,Mal iluminada,Não existe,Não há placas,60 km/h,Dupla,Canteiro central,"",""
5970,2019-07-10T00:00:00,21:45:00,SEM VÍTIMA,FINALIZADA,MADALENA,AV BEIRA RIO,591,"",EF SOBRADO DO CAPIBARIBE,AV BEIRA RIO,591,EF SOBRADO DO CAPIBARIBE,MADALENA,,CIDADE,COLISÃO TRASEIRA,ENTRE 2 AUTOS. S/V,2,,,,,,,,,0,,Longo da via,Chuvoso,Não existe,Perfeito estado,Molhada,Perfeito estado,"",R-6a,40 km/h,Dupla,Faixa contínua,"",""
5971,2019-07-10T00:00:00,22:39:00,SEM VÍTIMA,FINALIZADA,SANTO AMARO,AV GOVERNADOR AGAMENON MAGALHAES,"","",BRADESCO SEGURO,AV GOVERNADOR AGAMENON MAGALHAES,"",BRADESCO SEGURO,SANTO AMARO,,SUBURBIO,COLISÃO TRASEIRA,SIENA X ONIBUS,1,,,,,1,,,,0,,Longo da via,Chuvoso,Sem defeito,Perfeito estado,Molhada,Perfeito estado,Outros,Outras,"",Dupla,Canteiro central,"",""
5972,2019-07-10T00:00:00,22:59:00,SEM VÍTIMA,CANCELADA,TAMARINEIRA,RUA PADRE ROMA,191,RUA DO FUTURO,E/F A POLICLÍNICA ALBERT SABIN,RUA PADRE ROMA,191,E/F A POLICLÍNICA ALBERT SABIN,TAMARINEIRA,,"",COLISÃO,ENTRE 2 AUTOS. S/V,2,,,,,,,,,0,,"","","","","","","","","","","","",""
5973,2019-07-11T00:00:00,02:07:00,SEM VÍTIMA,FINALIZADA,BOA VIAGEM,RUA VISCONDE DE JEQUITINHONHA,1866,"","",RUA VISCONDE DE JEQUITINHONHA,1866,"",BOA VIAGEM,,SUBURBIO,CHOQUE VEÍCULO PARADO,COLISÃO ENTRE TRÊS AUTOS S/V,3,,,,,,,,,0,,Longo da via,Chuvoso,Não existe,Perfeito estado,Molhada,Perfeito estado,Outros,Outras,"",Única,Faixa contínua,"",""
5974,2019-07-11T00:00:00,07:01:00,SEM VÍTIMA,FINALIZADA,SANTO AMARO,RUA COELHO LEITE,135,"AV DA SAUDADE,",POR TRÁS DA IGREJA ASSEMBLEIA DE DEUS,RUA COELHO LEITE,135,POR TRÁS DA IGREJA ASSEMBLEIA DE DEUS,SANTO AMARO,,CIDADE,ABALROAMENTO LONGITUDINAL,DOIS AUTOS,2,,,,,,,,,0,,Cruzamento,Bom,Não existe,Incompleta,Seca,Mal conservada,Não existe,Placas Pare,"",Dupla,Faixa seccionada,"",""
5975,2019-07-11T00:00:00,07:12:00,COM VÍTIMA,FINALIZADA,MADALENA,RUA JOAO IVO DA SILVA,1117,"",AO LADO DO POSTO PETROVIA,RUA JOAO IVO DA SILVA,1117,AO LADO DO POSTO PETROVIA,MADALENA,,SUBURBIO,COLISÃO TRASEIRA,AUTO E MOTO,2,,,,,,,,,1,,Longo da via,Bom,Não existe,Perfeito estado,Seca,Perfeito estado,Não existe,Não há placas,30 km/h,Única,Faixa seccionada,"",""
5976,2019-07-11T00:00:00,07:15:00,COM VÍTIMA,FINALIZADA,ENCRUZILHADA,RUA FERNANDO CESAR,"",RUA AMARO COUTINHO,"",RUA FERNANDO CESAR,"","",ENCRUZILHADA,,"",ABALROAMENTO LONGITUDINAL,COLISÃO COM VITIMA,2,,,,,,,,,1,,Cruzamento,Bom,Não existe,Perfeito estado,Seca,Perfeito estado,"",Placas Pare,"",Única,Faixa seccionada,"",""
5977,2019-07-11T00:00:00,07:26:00,SEM VÍTIMA,FINALIZADA,MADALENA,AV VISCONDE DE ALBUQUERQUE,205,RUA ARNALDO BASTOS,"",AV VISCONDE DE ALBUQUERQUE,205,"",MADALENA,,SUBURBIO,CHOQUE OBJETO FIXO,VEICULO CHOCOU-SE COM POSTE,1,,,,,,,,,0,,"",Bom,Não existe,Perfeito estado,Molhada,Perfeito estado,"",R-6a,"",Dupla,Não existe,"",""
5978,2019-07-11T00:00:00,08:05:00,SEM VÍTIMA,FINALIZADA,IPUTINGA,RUA SAO MATEUS,1160,"",EDF FLORENTINA,RUA SAO MATEUS,1160,EDF FLORENTINA,IPUTINGA,,"",ABALROAMENTO TRANSVERSAL,COLISÃO SEM VITIMAS,1,,,,,1,,,,0,,Cruzamento,Bom,Não existe,Perfeito estado,Seca,Perfeito estado,Não existe,"","",Dupla,Não existe,"",""
5979,2019-07-11T00:00:00,08:16:00,COM VÍTIMA,FINALIZADA,BOA VIAGEM,RUA DOM JOSE LOPES,871,RUA CORONEL ANIZIO RODRIGUES COELHO,EM FRENTE AO COLEGIO E CURSO VENCER,RUA DOM JOSE LOPES,871,EM FRENTE AO COLEGIO E CURSO VENCER,BOA VIAGEM,,SUBURBIO,ABALROAMENTO TRANSVERSAL,AUTO E MOTO,1,1,,,,,,,,1,,Cruzamento,Bom,Não existe,Perfeito estado,Seca,Perfeito estado,Faixa de pedestre,Placas Pare,30 km/h,Única,Não existe,"",""
5980,2019-07-11T00:00:00,09:16:00,SEM VÍTIMA,CANCELADA,IMBIRIBEIRA,AV MARECHAL MASCARENHAS DE MORAES,4561,"","EM FRENTE A TOYOLEX, SENT. AFOGADOS",AV MARECHAL MASCARENHAS DE MORAES,4561,"EM FRENTE A TOYOLEX, SENT. AFOGADOS",IMBIRIBEIRA,,"",COLISÃO,DOIS CAMINHÕES,,,,,,,2,,,0,,"","","","","","","","","","","","",""
5981,2019-07-11T00:00:00,09:29:00,SEM VÍTIMA,FINALIZADA,BOA VISTA,RUA GERVASIO PIRES,"",AV CONDE DA BOA VISTA,"",RUA GERVASIO PIRES,"","",BOA VISTA,24,"",COLISÃO TRASEIRA,SEM VITIMAS,2,,,,,,,,,0,,Cruzamento,Bom,Sem defeito,Ilegível,Seca,Mal conservada,Agente,Não há placas,"",Única,Não existe,"",""
5982,2019-07-11T00:00:00,09:42:00,SEM VÍTIMA,FINALIZADA,NOVA DESCOBERTA,RUA CORREGO DA AREIA,569,"","",RUA CORREGO DA AREIA,569,"",NOVA DESCOBERTA,,SUBURBIO,CHOQUE VEÍCULO PARADO,SEM VITIMAS,,1,,,,1,,,,0,,Longo da via,Bom,Não existe,Não existente,Seca,Mal conservada,Não existe,Não há placas,"",Dupla,Não existe,"",""
5983,2019-07-11T00:00:00,09:46:00,SEM VÍTIMA,FINALIZADA,CASA AMARELA,AV NORTE,6004,"",EM FRENTE A OFICINA NORTE GÁS,AV NORTE,6004,EM FRENTE A OFICINA NORTE GÁS,CASA AMARELA,,SUBURBIO,COLISÃO TRASEIRA,TRES AUTOS,2,,,,,,,,,0,,Longo da via,Bom,Não existe,Perfeito estado,Seca,Perfeito estado,Não existe,Não há placas,"",Dupla,Canteiro central,"",""
5984,2019-07-11T00:00:00,09:51:00,SEM VÍTIMA,FINALIZADA,CASA AMARELA,AV NORTE,6659,"",ESPAÇO CAR - AUTO CENTRO,AV NORTE,6659,ESPAÇO CAR - AUTO CENTRO,CASA AMARELA,,CIDADE,ABALROAMENTO TRANSVERSAL,DOIS AUTOS,2,,,,,,,,,0,,"",Bom,Não existe,Perfeito estado,Seca,Perfeito estado,Faixa de retenção,R-6a,"",Dupla,Canteiro central,"",""
5985,2019-07-11T00:00:00,09:54:00,COM VÍTIMA,FINALIZADA,TORRÕES,AV BICENTENARIO DA REVOLUCAO FRANCESA,101,RUA ZUMBI DOS PALMARES,"",AV BICENTENARIO DA REVOLUCAO FRANCESA,101,"",TORRÕES,,"",ABALROAMENTO LONGITUDINAL,COLISÃO COM VITIMA SOCORRIDA PELA SAMU,2,,,,,,,,,1,,Cruzamento,Chuvoso,Não existe,Perfeito estado,Molhada,Perfeito estado,Não existe,Placas Pare,"",Dupla,Não existe,"",""
5986,2019-07-11T00:00:00,09:56:00,SEM VÍTIMA,FINALIZADA,TAMARINEIRA,RUA SILVEIRA DE CARVALHO,"","",EM FRENTE AO Nº 703,RUA SILVEIRA DE CARVALHO,"",EM FRENTE AO Nº 703,TAMARINEIRA,,SUBURBIO,ABALROAMENTO LONGITUDINAL,SEM VITIMAS,2,,,,,,,,,0,,Longo da via,Bom,Não existe,Não existente,Seca,Perfeito estado,"",Não há placas,"",Dupla,"","",""
5987,2019-07-11T00:00:00,10:11:00,SEM VÍTIMA,FINALIZADA,BOA VISTA,RUA DOM BOSCO,"","",LADO OPOSTO AO COLEGIO AMERICANO BATISTA,RUA DOM BOSCO,"",LADO OPOSTO AO COLEGIO AMERICANO BATISTA,BOA VISTA,174,SUBURBIO,ABALROAMENTO LONGITUDINAL,COLISÃO SEM VITIMAS,,,,,,1,1,,,0,,Longo da via,Chuvoso,Sem defeito,Perfeito estado,Molhada,Perfeito estado,Faixa de pedestre,Outras,"",Única,Faixa seccionada,"",""
5988,2019-07-11T00:00:00,10:25:00,COM VÍTIMA,FINALIZADA,IMBIRIBEIRA,AV PRESIDENTE DUTRA,"","",SOBRE O VIADUTO TANCREDO NEVES,AV PRESIDENTE DUTRA,"",SOBRE O VIADUTO TANCREDO NEVES,IMBIRIBEIRA,,SUBURBIO,COLISÃO TRASEIRA,MOTO E AUTO,1,1,,,,,,,,1,,Viaduto,Bom,Não existe,Perfeito estado,Seca,Perfeito estado,Não existe,Não há placas,60 km/h,Dupla,Canteiro central,"",""
5989,2019-07-11T00:00:00,10:59:00,SEM VÍTIMA,CANCELADA,SANTO ANTÔNIO,RUA DO SOL,"","",EM FRENTE AO LICEU DE ARTES DE PE,RUA DO SOL,"",EM FRENTE AO LICEU DE ARTES DE PE,SANTO ANTÔNIO,197,METRO,COLISÃO,SEM VITIMAS,1,,,,,1,,,,0,,"","","","","","","","","","","","",""
5990,2019-07-11T00:00:00,12:24:00,SEM VÍTIMA,FINALIZADA,BOA VIAGEM,AV VINTE DE JANEIRO,1033,RUA JOAO CARDOSO AIRES,"",AV VINTE DE JANEIRO,1033,"",BOA VIAGEM,,CIDADE,ABALROAMENTO LONGITUDINAL,COLISÃO SEM VÍTIMA,1,,,,,1,,,,0,,Cruzamento,Bom,Não existe,Não existente,Seca,Perfeito estado,Não existe,Não há placas,"",Dupla,Não existe,"",""
5991,2019-07-11T00:00:00,12:48:00,COM VÍTIMA,FINALIZADA,SANTO AMARO,RUA DO POMBAL,"",RUA TUPINAMBAS,"",RUA DO POMBAL,"","",SANTO AMARO,,SUBURBIO,ABALROAMENTO TRANSVERSAL,COLISÃO COM VÍTIMA,1,1,,,,,,,,1,,Cruzamento,Bom,Não existe,Incompleta,Seca,Perfeito estado,Faixa de retenção,"","",Dupla,Faixa seccionada,"",""
5992,2019-07-11T00:00:00,13:19:00,SEM VÍTIMA,FINALIZADA,SÃO JOSÉ,AV SUL,1115,"","",AV SUL,1115,"",SÃO JOSÉ,,CIDADE,COLISÃO TRASEIRA,COLISAÕ SEM VITIMAS,4,,,,,,,,,0,,Longo da via,Bom,Não existe,Perfeito estado,Seca,Perfeito estado,Não existe,Não há placas,"",Dupla,Canteiro central,"",""
5993,2019-07-11T00:00:00,14:04:00,SEM VÍTIMA,FINALIZADA,AFOGADOS,RUA NICOLAU PEREIRA,"",RUA DO ACRE,AO LADO DO MERCADO PÚBLICO DE AFOGADOS,RUA NICOLAU PEREIRA,"",AO LADO DO MERCADO PÚBLICO DE AFOGADOS,AFOGADOS,,SUBURBIO,ABALROAMENTO TRANSVERSAL,COLISÃO S/VITIMAS ENTRE UMA VIATURA E UM CAMINHÃ HR,,,,,,,1,1,,0,,Cruzamento,Bom,Não existe,Perfeito estado,Seca,Perfeito estado,Faixa de retenção,Outras,"",Única,Faixa seccionada,"",""
5994,2019-07-11T00:00:00,14:04:00,COM VÍTIMA,FINALIZADA,IPSEP,AV RECIFE,337,"",SOB O SEMÁFORO 337,AV RECIFE,337,SOB O SEMÁFORO 337,IPSEP,337,"",ABALROAMENTO LONGITUDINAL,COLISÃO SEM VÍTIMA,1,1,,,,,,,,1,,Longo da via,Bom,Sem defeito,Perfeito estado,Seca,Perfeito estado,Faixa de pedestre,Outras,"",Única,Faixa seccionada,"",""
5995,2019-07-11T00:00:00,14:23:00,COM VÍTIMA,FINALIZADA,MADALENA,RUA JOSE OSORIO,919,"",IPANEMA VEÍCULOS,RUA JOSE OSORIO,919,IPANEMA VEÍCULOS,MADALENA,,SUBURBIO,ABALROAMENTO TRANSVERSAL,COLISÃO COM VITIMAS,1,1,,,,,,,,1,,Longo da via,Bom,Não existe,Perfeito estado,Seca,Perfeito estado,Não existe,Outras,"",Dupla,Faixa contínua,"",""
5996,2019-07-11T00:00:00,15:40:00,SEM VÍTIMA,FINALIZADA,AFOGADOS,RUA SAO MIGUEL,"","",LADO OPOSTO AO 14º BATALHÃO LOGÍSTICO,RUA SAO MIGUEL,"",LADO OPOSTO AO 14º BATALHÃO LOGÍSTICO,AFOGADOS,423,CIDADE,COLISÃO TRASEIRA,COLISÃO SEM VITIMAS,2,,,,,,,,,0,,Longo da via,Bom,Sem defeito,Perfeito estado,Seca,Perfeito estado,Faixa de pedestre,R-6a,"",Dupla,Faixa contínua,"",""