_id,DATA,hora,natureza_acidente,situacao,bairro,endereco,numero,detalhe_endereco_acidente,complemento,endereco_cruzamento,numero_cruzamento,referencia_cruzamento,bairro_cruzamento,num_semaforo,sentido_via,tipo,descricao,auto,moto,ciclom,ciclista,pedestre,onibus,caminhao,viatura,outros,vitimas,vitimasfatais,acidente_verificado,tempo_clima,situacao_semaforo,sinalizacao,condicao_via,conservacao_via,ponto_controle,situacao_placa,velocidade_max_via,mao_direcao,divisao_via1,divisao_via2,divisao_via3
5997,2019-07-11T00:00:00,16:07:00,SEM VÍTIMA,CANCELADA,CASA AMARELA,RUA PADRE LEMOS,"","",NA FRENTE DA IGREJA UNIVERSAL,RUA PADRE LEMOS,"",NA FRENTE DA IGREJA UNIVERSAL,CASA AMARELA,,"",COLISÃO,COLISÃO SEM VITIMAS,1,,,,,1,,,,0,,"","","","","","","","","","","","",""
5998,2019-07-11T00:00:00,16:23:00,SEM VÍTIMA,FINALIZADA,CORDEIRO,RUA CONS SILVEIRA DE SOUZA,515,"",EM FRENTE AO Nº 515,RUA CONS SILVEIRA DE SOUZA,515,EM FRENTE AO Nº 515,CORDEIRO,,CIDADE,COLISÃO TRASEIRA,COLISÃO S/ VITIMAS ENTRE DOIS AUTOS,2,,,,,,,,,0,,Longo da via,Bom,Não existe,Perfeito estado,Seca,Perfeito estado,Não existe,Outras,"",Única,Não existe,"",""
5999,2019-07-11T00:00:00,17:04:00,SEM VÍTIMA,FINALIZADA,ESTÂNCIA,AV DR JOSE RUFINO,392,"",COLÉGIO ESPAÇO ABERTO,AV DR JOSE RUFINO,392,COLÉGIO ESPAÇO ABERTO,ESTÂNCIA,,SUBURBIO,ABALROAMENTO LONGITUDINAL,COLISÃO SEM VÍTIMA,1,,,,,,1,,,0,,Longo da via,Bom,Não existe,Perfeito estado,Seca,Perfeito estado,Não existe,Não há placas,"",Dupla,Faixa contínua,"",""
6000,2019-07-11T00:00:00,18:02:00,SEM VÍTIMA,FINALIZADA,JIQUIÁ,AV DR JOSE RUFINO,98,"",PERNAMBUCO DISTRIBUIDORA,AV DR JOSE RUFINO,98,PERNAMBUCO DISTRIBUIDORA,JIQUIÁ,,SUBURBIO,COLISÃO TRASEIRA,COLISÃO ENTRE QUATRO AUTOMOVEIS,4,,,,,,,,,0,,Longo da via,Bom,Não existe,Perfeito estado,Seca,Perfeito estado,Não existe,Outras,60 km/h,Dupla,Faixa contínua,"",""
6001,2019-07-11T00:00:00,18:11:00,SEM VÍTIMA,FINALIZADA,AFLITOS,AV CONS ROSA E SILVA,"","",CLUBE NAUTICO CAPIBARIBE,AV CONS ROSA E SILVA,"",CLUBE NAUTICO CAPIBARIBE,AFLITOS,,SUBURBIO,ABALROAMENTO LONGITUDINAL,COLISAO ENTRE UM CARRO E UM ONIBUS,1,,,,,1,,,,0,,Longo da via,Bom,Não existe,Perfeito estado,Seca,Perfeito estado,Não existe,R-6a,"",Única,Faixa seccionada,"",""
6002,2019-07-11T00:00:00,18:22:00,SEM VÍTIMA,FINALIZADA,IMBIRIBEIRA,AV MARECHAL MASCARENHAS DE MORAES,"",RUA CORONEL FABRICIANO,ESQUINA COM ATACADO DOS PRESENTES,AV MARECHAL MASCARENHAS DE MORAES,"",ESQUINA COM ATACADO DOS PRESENTES,IMBIRIBEIRA,310,CIDADE,ABALROAMENTO LONGITUDINAL,ENTRE 2 AUTOS. S/V,2,,,,,,,,,0,,"",Bom,Sem defeito,Perfeito estado,Seca,Perfeito estado,Faixa de retenção,Outras,60 km/h,Dupla,Faixa contínua,Faixa seccionada,Canteiro central
6003,2019-07-11T00:00:00,18:32:00,SEM VÍTIMA,FINALIZADA,ROSARINHO,AV NORTE,3300,"","",AV NORTE,3300,"",ROSARINHO,,SUBURBIO,COLISÃO TRASEIRA,COLISAO ENTRE UM AUTO E UMA MOTO,1,1,,,,,,,,0,,Longo da via,Bom,Não existe,Perfeito estado,Seca,Perfeito estado,Faixa de pedestre,R-6a,"",Única,Faixa seccionada,Canteiro central,""
6004,2019-07-11T00:00:00,19:03:00,SEM VÍTIMA,FINALIZADA,GRAÇAS,AV RUI BARBOSA,715,RUA TENENTE ANTONIO JOAO,"",AV RUI BARBOSA,715,"",GRAÇAS,,"",ABALROAMENTO LONGITUDINAL,ENTRE ÕNIBUS E AUTO PASSEIO. S/V,1,,,,,1,,,,0,,Longo da via,Bom,Não existe,Perfeito estado,Seca,Mal iluminada,"","","",Única,Faixa contínua,"",""
6005,2019-07-11T00:00:00,19:10:00,SEM VÍTIMA,FINALIZADA,PINA,RUA MANOEL DE BRITO,"","",EM FRENTE AO 19º BATALHAO DA POLICIA MILITAR,RUA MANOEL DE BRITO,"",EM FRENTE AO 19º BATALHAO DA POLICIA MILITAR,PINA,,CIDADE,ABALROAMENTO LONGITUDINAL,ENTRE ONIBUS E AUTO PASSEIO S/V,1,,,,,1,,,,0,,Longo da via,Bom,Não existe,Perfeito estado,Seca,Perfeito estado,Faixa de pedestre,Outras,"",Única,Não existe,"",""
6006,2019-07-11T00:00:00,19:51:00,SEM VÍTIMA,FINALIZADA,BARRO,RUA AMADOR ARAUJO,"",RUA ESPERANCA,ESQUINA COM O Nº 525,RUA AMADOR ARAUJO,"",ESQUINA COM O Nº 525,BARRO,,CIDADE,ABALROAMENTO TRANSVERSAL,ENTRE DOIS AUTO S/V,2,,,,,,,,,0,,Cruzamento,Bom,Não existe,Perfeito estado,Seca,Perfeito estado,Não existe,Placas Pare,"",Dupla,Não existe,"",""
6007,2019-07-11T00:00:00,20:04:00,SEM VÍTIMA,CANCELADA,AFOGADOS,EST DOS REMEDIOS,498,"",EM FRENTE CARUARU BATERIAS,EST DOS REMEDIOS,498,EM FRENTE CARUARU BATERIAS,AFOGADOS,,"",COLISÃO,ENTRE DOIS AUTO S/V,2,,,,,,,,,0,,"","","","","","","","","","","","",""
6008,2019-07-11T00:00:00,20:35:00,SEM VÍTIMA,FINALIZADA,"",RUA JOAO CARDOSO AIRES,628,RUA WALDEMAR NERY CARNEIRO MONTEIRO,RESTAURANTE E PIZZARIA DONA GULA,RUA JOAO CARDOSO AIRES,628,RESTAURANTE E PIZZARIA DONA GULA,"",,SUBURBIO,ABALROAMENTO LONGITUDINAL,ENTRE 2 AUTOS. S/V,2,,,,,,,,,0,,Cruzamento,Bom,Não existe,Perfeito estado,Seca,Perfeito estado,Faixa de retenção,Placas Pare,"",Dupla,Não existe,"",""
6009,2019-07-11T00:00:00,22:57:00,SEM VÍTIMA,FINALIZADA,ALTO JOSÉ BONIFÁCIO,RUA SAO DOMINGOS SAVIO,322,"",PRÓXIMO A SUBIDA DO ALTO JOSE BONIFÁCIO,RUA SAO DOMINGOS SAVIO,322,PRÓXIMO A SUBIDA DO ALTO JOSE BONIFÁCIO,ALTO JOSÉ BONIFÁCIO,,"",CHOQUE VEÍCULO PARADO,CAMINHAO DE LIXO E AUTO S/V,1,,,,,,1,,,0,,Longo da via,Bom,Não existe,Ilegível,Seca,Mal iluminada,Não existe,Não há placas,10 km/h,Dupla,Não existe,"",""
6010,2019-07-12T00:00:00,00:24:00,SEM VÍTIMA,FINALIZADA,JARDIM SÃO PAULO,AV SAO PAULO,"","",EMBAIXO DO PONTILHÃO DO METRÔ,AV SAO PAULO,"",EMBAIXO DO PONTILHÃO DO METRÔ,JARDIM SÃO PAULO,,SUBURBIO,COLISÃO TRASEIRA,COLISÃO ENTRE DOIS AUTOS S/V,2,,,,,,,,,0,,Longo da via,Bom,Não existe,Perfeito estado,Seca,Perfeito estado,"","","",Dupla,"","",""
6011,2019-07-12T00:00:00,07:01:00,SEM VÍTIMA,FINALIZADA,ESTÂNCIA,AV DR JOSE RUFINO,"","",LADO OPOSTO A PERNAMBUCO DISTRIBUIDORA,AV DR JOSE RUFINO,"",LADO OPOSTO A PERNAMBUCO DISTRIBUIDORA,ESTÂNCIA,,CIDADE,COLISÃO TRASEIRA,COLISÃO S/VITIMAS ENTRE TRES AUTOS,3,,,,,,,,,0,,"","","","","","","","","","","","",""
6012,2019-07-12T00:00:00,07:26:00,SEM VÍTIMA,FINALIZADA,TORREÃO,1PR DIAS COELHO,430,"","",1PR DIAS COELHO,430,"",TORREÃO,,SUBURBIO,CHOQUE OBJETO FIXO,"",1,,,,,,,,,0,,Longo da via,Bom,Não existe,Perfeito estado,Seca,Perfeito estado,Não existe,Não há placas,"",Dupla,Faixa seccionada,"",""
6013,2019-07-12T00:00:00,07:27:00,SEM VÍTIMA,FINALIZADA,COHAB,AV SAO PAULO,183,RUA IBIRA,EM FRENTE AO SUPERVAREJÃO / TRÊS CARNEIROS,AV SAO PAULO,183,EM FRENTE AO SUPERVAREJÃO / TRÊS CARNEIROS,COHAB,,SUBURBIO,CHOQUE VEÍCULO PARADO,SEM VITIMAS/,1,,,,,1,,,,0,,Longo da via,Bom,Não existe,Incompleta,Seca,Perfeito estado,Não existe,Não há placas,"",Dupla,Não existe,"",""
6014,2019-07-12T00:00:00,08:22:00,SEM VÍTIMA,FINALIZADA,PINA,AV ANTONIO DE GOES,"","",SEMÁFORO Nº 277,AV ANTONIO DE GOES,"",SEMÁFORO Nº 277,PINA,277,CIDADE,COLISÃO TRASEIRA,COLISÃO SEM VÍTIMA,1,,,,,,,,1,0,,Longo da via,Bom,Sem defeito,Perfeito estado,Seca,Perfeito estado,Agente,Outras,60 km/h,Única,Faixa contínua,Faixa seccionada,Canteiro central
6015,2019-07-12T00:00:00,09:30:00,SEM VÍTIMA,FINALIZADA,BOA VIAGEM,RUA TENENTE JOAO CICERO,717,"",EDF GOLDEN HOME,RUA TENENTE JOAO CICERO,717,EDF GOLDEN HOME,BOA VIAGEM,,SUBURBIO,ABALROAMENTO LONGITUDINAL,COLISÃO S/VITIMAS ENTRE DOIS AUTOS,2,,,,,,,,,0,,Longo da via,Bom,Não existe,Não existente,Seca,Perfeito estado,Não existe,Não há placas,"",Única,Não existe,"",""
6016,2019-07-12T00:00:00,09:57:00,SEM VÍTIMA,CANCELADA,BOA VIAGEM,AV HELIO FALCAO,447,RUA DES JOAO PAES,EM FRENTE AO EDIFICIO CASTELO QUELUZ,AV HELIO FALCAO,447,EM FRENTE AO EDIFICIO CASTELO QUELUZ,BOA VIAGEM,,"",CHOQUE OBJETO FIXO,CHOQUE EM OBJETO FIXO SOBRE CALÇADA,1,,,,,,,,,0,,"","","","","","","","","","","","",""
6017,2019-07-12T00:00:00,10:28:00,SEM VÍTIMA,FINALIZADA,ENGENHO DO MEIO,RUA GOVERNADOR LOPO GARRO,"",RUA MANOEL CORTE REAL,AO LADO DO REGIS SUSPENSÃO,RUA GOVERNADOR LOPO GARRO,"",AO LADO DO REGIS SUSPENSÃO,ENGENHO DO MEIO,,SUBURBIO,ABALROAMENTO TRANSVERSAL,COLISÃO S/ VITIMAS ENTRE DOIS AUTOS,2,,,,,,,,,0,,Cruzamento,Bom,Não existe,Não existente,Seca,Perfeito estado,Não existe,Não há placas,40 km/h,Dupla,Não existe,"",""
6018,2019-07-12T00:00:00,10:24:00,COM VÍTIMA,FINALIZADA,BOA VISTA,AV CONDE DA BOA VISTA,"","",EM FRENTE A FARMACIA PAGUE MENOS,AV CONDE DA BOA VISTA,"",EM FRENTE A FARMACIA PAGUE MENOS,BOA VISTA,,SUBURBIO,ATROPELAMENTO,VITIMA A ESPERADO DO SAMU ,1,,,,1,,,,,1,,Longo da via,Bom,Não existe,Incompleta,Seca,Perfeito estado,Faixa de pedestre,R-6c,"",Dupla,"","",""
6019,2019-07-12T00:00:00,10:31:00,SEM VÍTIMA,FINALIZADA,BOA VIAGEM,RUA ERNESTO DE PAULA SANTOS,620,"","",RUA ERNESTO DE PAULA SANTOS,620,"",BOA VIAGEM,,"",ABALROAMENTO LONGITUDINAL,COLISÃO SEM VITIMAS,2,,,,,,,,,0,,Longo da via,Bom,Não existe,Perfeito estado,Seca,Perfeito estado,"",Outras,"",Única,"","",""
6020,2019-07-12T00:00:00,11:48:00,SEM VÍTIMA,FINALIZADA,BAIRRO DO RECIFE,RUA BIONE,"",CAIS DO APOLO,PRAÇA TIRADENTES,RUA BIONE,"",PRAÇA TIRADENTES,BAIRRO DO RECIFE,,SUBURBIO,COLISÃO TRASEIRA,COLISÃO S/VITIMAS ENTRE DOIS AUTOS,2,,,,,,,,,0,,Cruzamento,Bom,Não existe,Ilegível,Seca,Perfeito estado,Não existe,Outras,"",Única,Não existe,"",""
6021,2019-07-12T00:00:00,13:52:00,SEM VÍTIMA,FINALIZADA,MADALENA,RUA BENFICA,"","",APÓS O TÚNEL CHICO SCIENCE,RUA BENFICA,"",APÓS O TÚNEL CHICO SCIENCE,MADALENA,,SUBURBIO,ABALROAMENTO LONGITUDINAL,COLISAO ENTRE DOIS AUTOS S/V,2,,,,,,,,,0,,Longo da via,Bom,Não existe,Perfeito estado,Seca,Perfeito estado,Não existe,Não há placas,"",Única,Não existe,"",""
6022,2019-07-12T00:00:00,14:20:00,SEM VÍTIMA,FINALIZADA,ROSARINHO,AV NORTE,3538,"",VISTORICAR,AV NORTE,3538,VISTORICAR,ROSARINHO,,SUBURBIO,COLISÃO TRASEIRA,COLISÃO SEM VÍTIMA,2,,,,,,,,,0,,Longo da via,Bom,Não existe,Perfeito estado,Seca,Perfeito estado,Não existe,Outras,"",Dupla,Canteiro central,"",""
6023,2019-07-12T00:00:00,15:04:00,SEM VÍTIMA,FINALIZADA,ILHA DO LEITE,AV GOVERNADOR AGAMENON MAGALHAES,4318,"",EM FRENTE AO EMPRESATIAL RENATO DIAS,AV GOVERNADOR AGAMENON MAGALHAES,4318,EM FRENTE AO EMPRESATIAL RENATO DIAS,ILHA DO LEITE,,"",ABALROAMENTO LONGITUDINAL,COLISAO ENTRE ONIBUS E AUTO S/V,1,,,,,1,,,,0,,Longo da via,Bom,Não existe,Perfeito estado,Seca,Perfeito estado,Não existe,Outras,60 km/h,Dupla,Canal,"",""
6024,2019-07-12T00:00:00,15:27:00,SEM VÍTIMA,FINALIZADA,PINA,AV ANTONIO DE GOES,222,"",LUCILO AVILA DIAGNOSTICOS,AV ANTONIO DE GOES,222,LUCILO AVILA DIAGNOSTICOS,PINA,,CIDADE,COLISÃO TRASEIRA,ENTRE DOIS AUTO S/V,2,,,,,,,,,0,,Longo da via,Bom,Não existe,Perfeito estado,Seca,Perfeito estado,Não existe,Não há placas,60 km/h,Única,Canteiro central,"",""
6025,2019-07-12T00:00:00,16:33:00,SEM VÍTIMA,FINALIZADA,CABANGA,RUA CAPITAO TEMUDO,"","",EM FRENTE AO Nº 234,RUA CAPITAO TEMUDO,"",EM FRENTE AO Nº 234,CABANGA,,SUBURBIO,ABALROAMENTO LONGITUDINAL,SEM VÍTIMA,2,,,,,,,,,0,,Longo da via,Bom,Não existe,Perfeito estado,Seca,Perfeito estado,Não existe,Não há placas,"",Única,Não existe,"",""
6026,2019-07-12T00:00:00,16:35:00,SEM VÍTIMA,FINALIZADA,ENGENHO DO MEIO,RUA MANOEL CORTE REAL,375,RUA GOVERNADOR LOPO GARRO,"",RUA MANOEL CORTE REAL,375,"",ENGENHO DO MEIO,,"",ABALROAMENTO TRANSVERSAL,COLISÃO SEM VÍTIMA,2,,,,,,,,,0,,Cruzamento,Bom,Não existe,Não existente,Seca,Mal conservada,Não existe,Não há placas,"",Dupla,Não existe,"",""
6027,2019-07-12T00:00:00,16:52:00,SEM VÍTIMA,FINALIZADA,ENGENHO DO MEIO,RUA CARNEIRO DE MARIZ,1001,"","",RUA CARNEIRO DE MARIZ,1001,"",ENGENHO DO MEIO,,SUBURBIO,COLISÃO TRASEIRA,COLISÃO SEM VÍTIMA,2,,,,,,,,,0,,Longo da via,Bom,Não existe,Não existente,Seca,Perfeito estado,Não existe,Não há placas,30 km/h,Dupla,Não existe,"",""
6028,2019-07-12T00:00:00,17:11:00,SEM VÍTIMA,FINALIZADA,IPSEP,AV RECIFE,"",AV DOM HELDER CAMARA,EXTRAFARMA,AV RECIFE,"",EXTRAFARMA,IPSEP,55,"",COLISÃO TRASEIRA,COLISAO ENTRE DOIS AUTOS S/V,2,,,,,,,,,0,,Cruzamento,Bom,Sem defeito,Perfeito estado,Seca,Perfeito estado,Faixa de pedestre,"","",Dupla,Canteiro central,"",""
6029,2019-07-12T00:00:00,17:16:00,SEM VÍTIMA,FINALIZADA,PINA,RUA CAPITAO REBELINHO,"",RUA ATLANTICO,"",RUA CAPITAO REBELINHO,"","",PINA,,SUBURBIO,ABALROAMENTO LONGITUDINAL,COLISÃO SEM VÍTIMA,3,,,,,,,,,0,,Longo da via,Bom,Não existe,Perfeito estado,Seca,Perfeito estado,Não existe,Outras,"",Única,"","",""
6030,2019-07-12T00:00:00,17:32:00,SEM VÍTIMA,FINALIZADA,"",RUA TOBIAS BARRETO,409,"","",RUA TOBIAS BARRETO,409,"","",,SUBURBIO,ABALROAMENTO LONGITUDINAL,CHOQUE EM VEICULO PARADO,2,,,,,,,,,0,,Longo da via,Bom,Não existe,Perfeito estado,Seca,Perfeito estado,Não existe,Não há placas,"",Única,"","",""
6031,2019-07-12T00:00:00,17:35:00,SEM VÍTIMA,FINALIZADA,BOA VIAGEM,RUA PADRE CARAPUCEIRO,501,RUA FRANCISCO DA CUNHA,"",RUA PADRE CARAPUCEIRO,501,"",BOA VIAGEM,,"",ABALROAMENTO TRANSVERSAL,COLISÃO SEM VÍTIMA,1,,,,,1,,,,0,,Cruzamento,Bom,Sem defeito,Perfeito estado,Seca,Perfeito estado,Não existe,Não há placas,"",Única,Faixa seccionada,"",""
6032,2019-07-12T00:00:00,17:42:00,SEM VÍTIMA,FINALIZADA,CABANGA,AV SATURNINO DE BRITO,401,"",EM FRENTE AO Nº 401,AV SATURNINO DE BRITO,401,EM FRENTE AO Nº 401,CABANGA,661,SUBURBIO,COLISÃO TRASEIRA,COLISAO ENTRE DOIS AUTOS S/V,2,,,,,,,,,0,,Longo da via,Bom,Sem defeito,Perfeito estado,Seca,Perfeito estado,Faixa de pedestre,R-6a,"",Única,Faixa contínua,"",""
6033,2019-07-12T00:00:00,18:06:00,SEM VÍTIMA,FINALIZADA,ARRUDA,AV PROFESSOR JOSE DOS ANJOS,"",RUA JUTAI,"",AV PROFESSOR JOSE DOS ANJOS,"","",ARRUDA,,"",ABALROAMENTO TRANSVERSAL,COLISÃO SEM VITIMAS,1,1,,,,,,,,0,,"",Bom,Não existe,Perfeito estado,Seca,Perfeito estado,Não existe,Não há placas,"",Dupla,Canal,"",""
6034,2019-07-12T00:00:00,18:17:00,SEM VÍTIMA,FINALIZADA,DERBY,AV GOVERNADOR AGAMENON MAGALHAES,"",RUA LUIZ BARBALHO,EM FRENTE AO Nº 73,AV GOVERNADOR AGAMENON MAGALHAES,"",EM FRENTE AO Nº 73,DERBY,,SUBURBIO,ABALROAMENTO LONGITUDINAL,COLISÃO SEM VITIMAS,1,,,,,1,,,,0,,Longo da via,Bom,Sem defeito,Perfeito estado,Seca,Perfeito estado,Não existe,Não há placas,60 km/h,Dupla,Canal,"",""
6035,2019-07-12T00:00:00,18:25:00,SEM VÍTIMA,CANCELADA,VASCO DA GAMA,RUA VASCO DA GAMA,781,"",AO LADO DO MERCADINHO RENDE MAIS,RUA VASCO DA GAMA,781,AO LADO DO MERCADINHO RENDE MAIS,VASCO DA GAMA,,"",COLISÃO,COLISAO SEM VITIMAS,,2,,,,,,,,0,,"","","","","","","","","","","","",""
6036,2019-07-12T00:00:00,19:08:00,SEM VÍTIMA,FINALIZADA,"",RUA BENFICA,"",AV VISCONDE DE ALBUQUERQUE,"",RUA BENFICA,"","","",,CIDADE,ABALROAMENTO LONGITUDINAL,COLISAÕ SEM VITIMAS,2,,,,,,,,,0,,Longo da via,Bom,Sem defeito,Ilegível,Seca,Mal iluminada,Não existe,Não há placas,"",Dupla,Não existe,"",""
6037,2019-07-12T00:00:00,20:03:00,SEM VÍTIMA,FINALIZADA,DERBY,AV GOVERNADOR AGAMENON MAGALHAES,"","",AO LADO DA FARMÁCIA DROGASIL,AV GOVERNADOR AGAMENON MAGALHAES,"",AO LADO DA FARMÁCIA DROGASIL,DERBY,,SUBURBIO,COLISÃO TRASEIRA,COLISAO SEM VITIMAS,2,,,,,,,,,0,,"",Bom,Sem defeito,Perfeito estado,Seca,Perfeito estado,Não existe,"",60 km/h,Dupla,Canal,"",""
6038,2019-07-12T00:00:00,20:29:00,SEM VÍTIMA,FINALIZADA,CASA AMARELA,AV NORTE,"",AV PROFESSOR JOSE DOS ANJOS,ENF AO SESC DE CASA AMARELA,AV NORTE,"",ENF AO SESC DE CASA AMARELA,CASA AMARELA,,"",COLISÃO,VOYAGE X RENAULT CLIO,2,,,,,,,,,0,,"","","","","","","","","","","","",""
6039,2019-07-12T00:00:00,20:42:00,SEM VÍTIMA,FINALIZADA,MADALENA,RUA DEMOCRITO DE SOUZA FILHO,"","",E/F AO RESTAURANTE JIM SAN,RUA DEMOCRITO DE SOUZA FILHO,"",E/F AO RESTAURANTE JIM SAN,MADALENA,,CIDADE,COLISÃO TRASEIRA,COLISAO SEM VITIMAS,2,,,,,,,,,0,,Longo da via,Bom,Não existe,Incompleta,Seca,Perfeito estado,Não existe,"","",Única,Não existe,"",""
6040,2019-07-12T00:00:00,22:26:00,SEM VÍTIMA,FINALIZADA,ARRUDA,AV BEBERIBE,"","",POSTO PETROBRAS BR,AV BEBERIBE,"",POSTO PETROBRAS BR,ARRUDA,,"",ABALROAMENTO LONGITUDINAL,COLISAO SEM VITIMAS,2,,,,,,,,,0,,Longo da via,Bom,Sem defeito,Perfeito estado,Seca,Perfeito estado,"",Outras,60 km/h,Dupla,Faixa contínua,Faixa seccionada,""
6041,2019-07-12T00:00:00,22:36:00,SEM VÍTIMA,FINALIZADA,TEJIPIÓ,RUA FALCAO DE LACERDA,"","",AO LADO DA PRAÇA DO PACHECO,RUA FALCAO DE LACERDA,"",AO LADO DA PRAÇA DO PACHECO,TEJIPIÓ,,CIDADE,ABALROAMENTO LONGITUDINAL,COLISÃO SEM VITIMAS,1,,,,,1,,,,0,,Longo da via,Bom,Não existe,Ilegível,Seca,Mal iluminada,Não existe,Não há placas,"",Dupla,Faixa seccionada,"",""
6042,2019-07-13T00:00:00,01:47:00,COM VÍTIMA,FINALIZADA,BOA VIAGEM,AV ENGENHEIRO DOMINGOS FERREIRA,"",RUA PADRE CARAPUCEIRO,SEMÁFORO Nº 216,AV ENGENHEIRO DOMINGOS FERREIRA,"",SEMÁFORO Nº 216,BOA VIAGEM,,CID/SUB,ABALROAMENTO TRANSVERSAL,COLISÃO ENTRE DOIS AUTOS S/V,2,,,,,,,,,1,,Cruzamento,Bom,Sem defeito,Perfeito estado,Seca,Perfeito estado,Faixa de pedestre,"",60 km/h,Única,Canteiro central,"",""
6043,2019-07-13T00:00:00,02:37:00,SEM VÍTIMA,FINALIZADA,BOA VIAGEM,AV ANTONIO DE GOES,"","",EM FRENTE AO JCPM,AV ANTONIO DE GOES,"",EM FRENTE AO JCPM,BOA VIAGEM,,CIDADE,CHOQUE OBJETO FIXO,VEÍCULO CHOCOU-SE CONTRA UMA ÁRVORE,1,,,,,,,,,0,,Longo da via,Chuvoso,Não existe,Perfeito estado,Molhada,Perfeito estado,Não existe,"","",Única,Canteiro central,"",""
6044,2019-07-13T00:00:00,04:06:00,SEM VÍTIMA,FINALIZADA,IPSEP,RUA JEAN EMILE FAVRE,"",RUA BLUMENAU,SEMÁFORO 101,RUA JEAN EMILE FAVRE,"",SEMÁFORO 101,IPSEP,101,SUBURBIO,ABALROAMENTO LONGITUDINAL,COLISÃO ENTRE DOIS AUTOS S/V,2,,,,,,,,,0,,Cruzamento,Chuvoso,Intermitente,Perfeito estado,Molhada,Perfeito estado,Agente,R-6a,40 km/h,Dupla,Faixa contínua,"",""
6045,2019-07-13T00:00:00,09:15:00,SEM VÍTIMA,FINALIZADA,JAQUEIRA,RUA DO FUTURO,"",RUA DEPUTADO PEDRO PIRES FERREIRA,EM FRENTE A JAQUEIRA PARK CENTER,RUA DO FUTURO,"",EM FRENTE A JAQUEIRA PARK CENTER,JAQUEIRA,,CIDADE,ABALROAMENTO TRANSVERSAL,COLISÃO SEM VITIMAS,2,,,,,,,,,0,,Longo da via,Chuvoso,Não existe,Perfeito estado,Molhada,Perfeito estado,"",Placas Pare,40 km/h,Única,"","",""
6046,2019-07-13T00:00:00,11:02:00,SEM VÍTIMA,DUPLICIDADE,SANTO AMARO,AV NORTE,1153,"","",AV NORTE,1153,"",SANTO AMARO,,"",COLISÃO,DOIS AUTOMÓVEIS,2,,,,,,,,,0,,"","","","","","","","","","","","",""
6047,2019-07-13T00:00:00,11:06:00,SEM VÍTIMA,FINALIZADA,SANTO AMARO,AV NORTE,1173,"",IGREJA DE SÃO SEBASTIÃO,AV NORTE,1173,IGREJA DE SÃO SEBASTIÃO,SANTO AMARO,97,CIDADE,COLISÃO TRASEIRA,DOIS AUTOS,2,,,,,,,,,0,,Longo da via,Chuvoso,Sem defeito,Perfeito estado,Molhada,Perfeito estado,Faixa de pedestre,Não há placas,"",Dupla,Canteiro central,"",""
6048,2019-07-13T00:00:00,11:32:00,COM VÍTIMA,FINALIZADA,CIDADE UNIVERSITÁRIA,RUA AGRICOLANDIA,"",RUA PROFESSOR ANTONIO COELHO,"",RUA AGRICOLANDIA,"","",CIDADE UNIVERSITÁRIA,,"",ABALROAMENTO LONGITUDINAL,COLISÃO COM VITIMA A ESPERA DO SAMU,1,,,,,,1,,,1,,Cruzamento,Chuvoso,Não existe,Não existente,Seca,Perfeito estado,"",Não há placas,"",Dupla,"","",""
6049,2019-07-13T00:00:00,11:44:00,SEM VÍTIMA,FINALIZADA,SAN MARTIN,RUA DELMIRO GOUVEIA,"","",CHESF,RUA DELMIRO GOUVEIA,"",CHESF,SAN MARTIN,,CIDADE,ABALROAMENTO LONGITUDINAL,COLISÃO S/ VITIMAS ENTRE UM CAMINHÃO E AUTO,1,,,,,,1,,1,0,,Longo da via,Bom,Não existe,Não existente,Seca,Perfeito estado,Não existe,Não há placas,"",Única,"","",""
6050,2019-07-13T00:00:00,12:47:00,COM VÍTIMA,FINALIZADA,ROSARINHO,RUA DES MARTINS PEREIRA,"",RUA TELES JUNIOR,"",RUA DES MARTINS PEREIRA,"","",ROSARINHO,,SUBURBIO,ABALROAMENTO TRANSVERSAL,COLISAO ENTRE AUTO E MOTO COM UMA VITIMA,1,1,,,,,,,,1,,Cruzamento,Bom,Não existe,Perfeito estado,Seca,Perfeito estado,Faixa de pedestre,Placas Pare,"",Única,Não existe,"",""
6051,2019-07-13T00:00:00,12:56:00,COM VÍTIMA,CANCELADA,CIDADE UNIVERSITÁRIA,RUA AGRICOLANDIA,"",RUA PROFESSOR ANTONIO COELHO,EM FRENTE AO EDIFICIO TAPAJOS,RUA AGRICOLANDIA,"",EM FRENTE AO EDIFICIO TAPAJOS,CIDADE UNIVERSITÁRIA,,"",COLISÃO,COLISÃO COM VITIMA A ESPERA DO SAMU,1,,,,,,1,,,1,,"","","","","","","","","","","","",""
6052,2019-07-13T00:00:00,14:01:00,SEM VÍTIMA,CANCELADA,SANCHO,AV LIBERDADE,"","",POS O CEMITERIO PARQUE DAS FLORES E/F A ULTRA GÁS,AV LIBERDADE,"",POS O CEMITERIO PARQUE DAS FLORES E/F A ULTRA GÁS,SANCHO,,"",COLISÃO,COLISAO ENTRE MICRO ONIBUS E AUTO S/V,1,,,,,1,,,,0,,"","","","","","","","","","","","",""