_id,DATA,hora,natureza_acidente,situacao,bairro,endereco,numero,detalhe_endereco_acidente,complemento,endereco_cruzamento,numero_cruzamento,referencia_cruzamento,bairro_cruzamento,num_semaforo,sentido_via,tipo,descricao,auto,moto,ciclom,ciclista,pedestre,onibus,caminhao,viatura,outros,vitimas,vitimasfatais,acidente_verificado,tempo_clima,situacao_semaforo,sinalizacao,condicao_via,conservacao_via,ponto_controle,situacao_placa,velocidade_max_via,mao_direcao,divisao_via1,divisao_via2,divisao_via3
6053,2019-07-13T00:00:00,14:15:00,SEM VÍTIMA,FINALIZADA,MADALENA,RUA REAL DA TORRE,"","",EM FRENTE A ESCOLA JOAQUIM TAVORA,RUA REAL DA TORRE,"",EM FRENTE A ESCOLA JOAQUIM TAVORA,MADALENA,,SUBURBIO,ABALROAMENTO LONGITUDINAL,COLISÃO SEM VÍTIMA,1,,,,,,1,,,0,,Longo da via,Bom,Sem defeito,Perfeito estado,Seca,Perfeito estado,Faixa de pedestre,R-6a,"",Única,"","",""
6054,2019-07-13T00:00:00,14:43:00,SEM VÍTIMA,FINALIZADA,ENCRUZILHADA,AV BEBERIBE,66,"",E/F A LOJA ORTOBOM,AV BEBERIBE,66,E/F A LOJA ORTOBOM,ENCRUZILHADA,186,SUBURBIO,COLISÃO TRASEIRA,COLISAO ENTRE DOIS AUTOS S/V,3,,,,,,,,,0,,Longo da via,Bom,Sem defeito,Perfeito estado,Seca,Perfeito estado,Faixa de pedestre,R-6a,"",Dupla,Faixa contínua,Canteiro central,""
6055,2019-07-13T00:00:00,16:15:00,SEM VÍTIMA,FINALIZADA,PRADO,RUA GOMES TABORDA,1100,"",EM FRENTE AO Nº 1100,RUA GOMES TABORDA,1100,EM FRENTE AO Nº 1100,PRADO,,SUBURBIO,ABALROAMENTO TRANSVERSAL,COLISÃO SEM VÍTIMA,1,1,,,,,,,,0,,Longo da via,Bom,Não existe,Perfeito estado,Seca,Perfeito estado,Não existe,Outras,"",Dupla,Faixa seccionada,"",""
6056,2019-07-13T00:00:00,16:31:00,COM VÍTIMA,FINALIZADA,IPUTINGA,AV CAXANGA,4251,"",CHEVROLET CAXANGÁ,AV CAXANGA,4251,CHEVROLET CAXANGÁ,IPUTINGA,,CIDADE,ABALROAMENTO LONGITUDINAL,COLISAO ENTRE ONIBUS DO BRT AUTO E MOTO COM UMA VITIMA,1,,1,,,1,,,,1,,Longo da via,Bom,Sem defeito,Perfeito estado,Seca,Perfeito estado,Não existe,Outras,"",Dupla,Faixa contínua,Faixa seccionada,Canteiro central
6057,2019-07-13T00:00:00,16:49:00,SEM VÍTIMA,FINALIZADA,SANTO AMARO,AV GOVERNADOR AGAMENON MAGALHAES,"","",UNIVERSIDADE DE PERNAMBUCO,AV GOVERNADOR AGAMENON MAGALHAES,"",UNIVERSIDADE DE PERNAMBUCO,SANTO AMARO,465,SUBURBIO,COLISÃO TRASEIRA,COLISÃO SEM VÍTIMA,3,,,,,,,,,0,,Viaduto,Nublado,Sem defeito,Perfeito estado,Seca,Perfeito estado,Faixa de pedestre,Outras,"",Dupla,Canteiro central,"",""
6058,2019-07-13T00:00:00,17:42:00,SEM VÍTIMA,FINALIZADA,BOA VISTA,RUA SAO GONCALO,142,"",LADO OPOSTO AO Nº 142,RUA SAO GONCALO,142,LADO OPOSTO AO Nº 142,BOA VISTA,,"",CHOQUE VEÍCULO PARADO,COLISAO ENTRE TRES VEICULOS,3,,,,,,,,,0,,Longo da via,Chuvoso,Não existe,Perfeito estado,Molhada,Perfeito estado,Não existe,R-19,40 km/h,Única,Faixa seccionada,"",""
6059,2019-07-13T00:00:00,17:54:00,SEM VÍTIMA,FINALIZADA,SANTO AMARO,AV GOVERNADOR AGAMENON MAGALHAES,"","",EM FRENTE A ANTIGA FABRICA TACARUNA,AV GOVERNADOR AGAMENON MAGALHAES,"",EM FRENTE A ANTIGA FABRICA TACARUNA,SANTO AMARO,,CIDADE,COLISÃO TRASEIRA,COLISAO SEM VITIMAS,2,1,,,,,,,,0,,Longo da via,Bom,Não existe,Perfeito estado,Seca,Perfeito estado,Não existe,Não há placas,"",Dupla,Faixa seccionada,"",""
6060,2019-07-13T00:00:00,19:28:00,COM VÍTIMA,CANCELADA,TAMARINEIRA,AV NORTE,"",EST VELHA DE AGUA FRIA,PROX A FERREIRA COSTA,AV NORTE,"",PROX A FERREIRA COSTA,TAMARINEIRA,,SUBURBIO,COLISÃO,AUTO E MOTO,1,1,,,,,,,,2,,"","","","","","","","","","","","",""
6061,2019-07-13T00:00:00,20:01:00,COM VÍTIMA,FINALIZADA,VASCO DA GAMA,AV NORTE,"",RUA PADRE LEMOS,POSTO BR,AV NORTE,"",POSTO BR,VASCO DA GAMA,66,CIDADE,ATROPELAMENTO,ONIBUS X PEDESTRE,,,,,1,1,,,,1,,Cruzamento,Chuvoso,Sem defeito,Perfeito estado,Molhada,Perfeito estado,Faixa de pedestre,"",60 km/h,Dupla,Canteiro central,"",""
6062,2019-07-13T00:00:00,20:11:00,SEM VÍTIMA,FINALIZADA,IPUTINGA,AV CAXANGA,"","",EM FRENTE AO HOSPITAL BARAO DE LUCENA,AV CAXANGA,"",EM FRENTE AO HOSPITAL BARAO DE LUCENA,IPUTINGA,,SUBURBIO,COLISÃO TRASEIRA,"COLISAO S/V ENTRE TRES AUTO, MAS UM NÃO FICOU NO LOCAL",2,,,,,,,,,0,,Longo da via,Chuvoso,Não existe,Perfeito estado,Molhada,Perfeito estado,Não existe,R-6a,"",Dupla,Canteiro central,"",""
6063,2019-07-13T00:00:00,20:39:00,SEM VÍTIMA,FINALIZADA,BOA VIAGEM,AV ENGENHEIRO DOMINGOS FERREIRA,"",RUA PADRE BERNADINO PESSOA,"",AV ENGENHEIRO DOMINGOS FERREIRA,"","",BOA VIAGEM,,"",ABALROAMENTO LONGITUDINAL,DOIS AUTO,2,,,,,,,,,0,,Cruzamento,Bom,Sem defeito,Perfeito estado,Seca,Perfeito estado,Faixa de pedestre,"","",Única,Canteiro central,"",""
6064,2019-07-13T00:00:00,20:54:00,SEM VÍTIMA,FINALIZADA,BOA VIAGEM,RUA RIBEIRO DE BRITO,"","",SUBIDA DO VIADUTO TANCREDO NEVES,RUA RIBEIRO DE BRITO,"",SUBIDA DO VIADUTO TANCREDO NEVES,BOA VIAGEM,,"",COLISÃO TRASEIRA,TRES AUTOS,3,,,,,,,,,0,,Viaduto,Chuvoso,Não existe,Perfeito estado,Molhada,Perfeito estado,Não existe,Não há placas,"",Única,Faixa seccionada,"",""
6065,2019-07-13T00:00:00,21:15:00,SEM VÍTIMA,FINALIZADA,"",RUA VISCONDE DE JEQUITINHONHA,"",RUA BALTAZAR PASSOS,SEMAFORO 154,RUA VISCONDE DE JEQUITINHONHA,"",SEMAFORO 154,"",154,SUBURBIO,ABALROAMENTO LONGITUDINAL,DOIS AUTO,2,,,,,,,,,0,,Cruzamento,Chuvoso,Sem defeito,Perfeito estado,Molhada,Perfeito estado,Faixa de pedestre,Outras,"",Dupla,Canal,"",""
6066,2019-07-13T00:00:00,21:44:00,SEM VÍTIMA,FINALIZADA,IMBIRIBEIRA,RUA IZABEL DE SOUZA,"",RUA PAMPULHA,"",RUA IZABEL DE SOUZA,"","",IMBIRIBEIRA,450,CIDADE,ABALROAMENTO TRANSVERSAL,ENTRE DOIS AUTO S/V,2,,,,,,,,,0,,Cruzamento,Chuvoso,Sem defeito,Perfeito estado,Molhada,Perfeito estado,Faixa de pedestre,Não há placas,"",Única,Faixa contínua,"",""
6067,2019-07-13T00:00:00,22:24:00,SEM VÍTIMA,FINALIZADA,AREIAS,RUA IPOJUCA,273,"",ESCOLA MUNICIPAL DE AREIAS,RUA IPOJUCA,273,ESCOLA MUNICIPAL DE AREIAS,AREIAS,,SUBURBIO,COLISÃO FRONTAL,SIENA X AUTO,2,,,,,,,,,0,,Longo da via,Chuvoso,Não existe,Não existente,Molhada,"",Não existe,Não há placas,"",Dupla,Não existe,"",""
6068,2019-07-13T00:00:00,23:55:00,COM VÍTIMA,FINALIZADA,TORRÕES,AV ENGENHEIRO ABDIAS DE CARVALHO,326,"","",AV ENGENHEIRO ABDIAS DE CARVALHO,326,"",TORRÕES,,CIDADE,COLISÃO TRASEIRA,COLISÃO ENTRE AUTO E MOTO C/V,1,1,,,,,,,,1,,Longo da via,Chuvoso,Não existe,Perfeito estado,Molhada,Perfeito estado,Não existe,Não há placas,"",Dupla,Canteiro central,"",""
6069,2019-07-14T00:00:00,00:42:00,SEM VÍTIMA,FINALIZADA,CORDEIRO,AV CAXANGA,4302,"","",AV CAXANGA,4302,"",CORDEIRO,,"",ABALROAMENTO LONGITUDINAL,COLISÃO ENTRE AUTO E MOTO S/V,1,1,,,,,,,,0,,Longo da via,Chuvoso,Sem defeito,Perfeito estado,Molhada,Perfeito estado,"",R-6a,60 km/h,Dupla,Canteiro central,"",""
6070,2019-07-14T00:00:00,01:55:00,SEM VÍTIMA,FINALIZADA,ALTO DO MANDU,RUA TRAMANDAI,"","",ASSEMBLEIA DE DEUS,RUA TRAMANDAI,"",ASSEMBLEIA DE DEUS,ALTO DO MANDU,,"",CHOQUE VEÍCULO PARADO,VIATURA DO GATE E AUTO S/V,2,,,,,,,,,0,,Longo da via,Chuvoso,Não existe,Não existente,Molhada,Mal conservada,Não existe,Não há placas,"","",Não existe,"",""
6071,2019-07-14T00:00:00,02:08:00,SEM VÍTIMA,FINALIZADA,IPUTINGA,AV PROFESSOR MORAES REGO,"","","",AV PROFESSOR MORAES REGO,"","",IPUTINGA,,CIDADE,ABALROAMENTO LONGITUDINAL,COLISÃO ENTRE DOIS AUTOS S/V,2,,,,,,,,,0,,Longo da via,Chuvoso,Não existe,Incompleta,Molhada,Mal iluminada,Não existe,Não há placas,"",Única,Não existe,"",""
6072,2019-07-14T00:00:00,02:48:00,SEM VÍTIMA,FINALIZADA,AREIAS,AV RECIFE,"",RUA CAPITAO JACINTO DA CRUZ,EM FRENTE A FARMACIA PAGUE MENOS,AV RECIFE,"",EM FRENTE A FARMACIA PAGUE MENOS,AREIAS,,SUBURBIO,ABALROAMENTO TRANSVERSAL,COLISÃO ENTRE DOIS AUTOS S/V,2,,,,,,,,,0,,Cruzamento,Chuvoso,Sem defeito,Perfeito estado,Molhada,Perfeito estado,Faixa de retenção,Não há placas,"",Dupla,Canteiro central,"",""
6073,2019-07-14T00:00:00,06:02:00,COM VÍTIMA,FINALIZADA,CASA FORTE,AV DEZESSETE DE AGOSTO,1094,"",PROXIMO A EXTRAFAMA,AV DEZESSETE DE AGOSTO,1094,PROXIMO A EXTRAFAMA,CASA FORTE,,"",CHOQUE OBJETO FIXO,CHOCOU-SE EM ÁRVORE,,,,,1,,,,,1,,"","","","","","","","","","","","",""
6074,2019-07-14T00:00:00,07:17:00,SEM VÍTIMA,FINALIZADA,SANTO AMARO,AV GOVERNADOR AGAMENON MAGALHAES,"","",AO LADO DA ACADEMIA DA CIDADE,AV GOVERNADOR AGAMENON MAGALHAES,"",AO LADO DA ACADEMIA DA CIDADE,SANTO AMARO,465,"",COLISÃO TRASEIRA,COLISÃO S/ VITIMAS ENTRE DOIS AUTOS E UMA MOTO,2,,,,,,,,,0,,Cruzamento,Chuvoso,Não existe,Perfeito estado,Molhada,Perfeito estado,"",Outras,60 km/h,Dupla,Canal,"",""
6075,2019-07-14T00:00:00,07:48:00,SEM VÍTIMA,FINALIZADA,PINA,AV HERCULANO BANDEIRA,949,RUA ARQUITETO AUGUSTO REINALDO,SEMÁFORO 660,AV HERCULANO BANDEIRA,949,SEMÁFORO 660,PINA,660,SUBURBIO,ABALROAMENTO LONGITUDINAL,SEM VITIMAS,2,,,,,,,,,0,,Cruzamento,Chuvoso,Desligado,Perfeito estado,Molhada,Perfeito estado,Faixa de pedestre,Outras,"",Única,Faixa seccionada,"",""
6076,2019-07-14T00:00:00,11:15:00,SEM VÍTIMA,FINALIZADA,ENGENHO DO MEIO,RUA ANTONIO CURADO,200,RUA DOM JOAO MOURA,"",RUA ANTONIO CURADO,200,"",ENGENHO DO MEIO,,CIDADE,ABALROAMENTO LONGITUDINAL,SEM VITIMAS,1,,,,,1,,,,0,,Longo da via,Chuvoso,Não existe,Não existente,Molhada,Perfeito estado,Não existe,Não há placas,"",Dupla,Faixa seccionada,"",""
6077,2019-07-14T00:00:00,11:17:00,SEM VÍTIMA,CANCELADA,BOA VIAGEM,RUA PADRE CARAPUCEIRO,1847,RUA DOS NAVEGANTES,EM FRENTE AO EDIFICIO STUDIO PORTO NAVEGANTES,RUA PADRE CARAPUCEIRO,1847,EM FRENTE AO EDIFICIO STUDIO PORTO NAVEGANTES,BOA VIAGEM,,"",COLISÃO,COLISÃO S/VITIMAS ENTRE DOIS AUTOS,2,,,,,,,,,0,,"","","","","","","","","","","","",""
6078,2019-07-14T00:00:00,12:26:00,SEM VÍTIMA,FINALIZADA,AREIAS,AV RECIFE,620,AV TAPAJOS,BR MUNCK CAMINHÕES,AV RECIFE,620,BR MUNCK CAMINHÕES,AREIAS,620,SUBURBIO,COLISÃO TRASEIRA,COLISÃO SEM VÍTIMA,2,,,,,,,,,0,,Longo da via,Chuvoso,Sem defeito,Perfeito estado,Molhada,Perfeito estado,Faixa de pedestre,Outras,"",Dupla,Canteiro central,"",""
6079,2019-07-14T00:00:00,12:52:00,SEM VÍTIMA,FINALIZADA,MADALENA,AV VISCONDE DE ALBUQUERQUE,836,"",EM FRENTE A PÇ EÇA DE QUEIROZ,AV VISCONDE DE ALBUQUERQUE,836,EM FRENTE A PÇ EÇA DE QUEIROZ,MADALENA,,SUBURBIO,CHOQUE OBJETO FIXO,"AUTO CHOCOU-SE CONTRA A ÁRVORE NO LOCAL, PORÉM NÃO CAUSOU A QUEDA DA MESMA. S/V",1,,,,,,,,,0,,Longo da via,Chuvoso,Não existe,Perfeito estado,Seca,Perfeito estado,Não existe,Não há placas,"",Única,Faixa seccionada,"",""
6080,2019-07-14T00:00:00,14:01:00,SEM VÍTIMA,FINALIZADA,BOA VIAGEM,RUA RIBEIRO DE BRITO,"",RUA AMALIA BERNARDINO DE SOUZA,UNINASSAU,RUA RIBEIRO DE BRITO,"",UNINASSAU,BOA VIAGEM,,SUBURBIO,ABALROAMENTO TRANSVERSAL,ENTRE 2 AUTOS. S/V,2,,,,,,,,,0,,Cruzamento,Chuvoso,Não existe,Incompleta,Seca,Perfeito estado,"",Não há placas,"",Única,Faixa seccionada,"",""
6081,2019-07-14T00:00:00,15:21:00,SEM VÍTIMA,FINALIZADA,MADALENA,RUA BENFICA,1008,"","",RUA BENFICA,1008,"",MADALENA,,CIDADE,ABALROAMENTO LONGITUDINAL,COLISÃO SEM VÍTIMA,2,,,,,,,,,0,,Longo da via,Chuvoso,Não existe,Perfeito estado,Molhada,Mal conservada,Não existe,R-6a,40 km/h,Dupla,Não existe,"",""
6082,2019-07-14T00:00:00,16:53:00,SEM VÍTIMA,FINALIZADA,VÁRZEA,RUA MARQUES DE MARIALVA,222,"",PRÓXIMO A ESTAÇÃO COSME E DAMIÃO,RUA MARQUES DE MARIALVA,222,PRÓXIMO A ESTAÇÃO COSME E DAMIÃO,VÁRZEA,,SUBURBIO,ABALROAMENTO LONGITUDINAL,COLISÃO SEM VÍTIMA,1,,,,,1,,,,0,,Longo da via,Chuvoso,Não existe,Perfeito estado,Molhada,Perfeito estado,Não existe,Outras,30 km/h,Dupla,Outros,"",""
6083,2019-07-14T00:00:00,17:58:00,COM VÍTIMA,FINALIZADA,IMBIRIBEIRA,RUA ARQUITETO LUIZ NUNES,931,"",E/F A PADARIA MAGIA PÃES,RUA ARQUITETO LUIZ NUNES,931,E/F A PADARIA MAGIA PÃES,IMBIRIBEIRA,,SUBURBIO,ABALROAMENTO TRANSVERSAL,ENTRE AUTO E MOTO. C/V,1,,,,,,,,1,1,,Longo da via,Chuvoso,Não existe,Perfeito estado,Molhada,Perfeito estado,Não existe,Não há placas,"",Dupla,Faixa contínua,"",""
6084,2019-07-14T00:00:00,18:23:00,SEM VÍTIMA,FINALIZADA,AFOGADOS,RUA VISCONDE DE PELOTAS,18,RUA VINTE E UM DE ABRIL,SEMÁFORO 334,RUA VISCONDE DE PELOTAS,18,SEMÁFORO 334,AFOGADOS,334,SUBURBIO,CHOQUE VEÍCULO PARADO,"",1,1,,,,,,,,0,,Longo da via,Chuvoso,Sem defeito,Perfeito estado,Molhada,Perfeito estado,Faixa de pedestre,Placas Pare,40 km/h,Única,Faixa contínua,"",""
6085,2019-07-14T00:00:00,21:55:00,COM VÍTIMA,FINALIZADA,IBURA,RUA PADRE CICERO,280,"","",RUA PADRE CICERO,280,"",IBURA,,"",CHOQUE VEÍCULO PARADO,VEICULO ATROPELOU A VITIMA E DEPOIS CHOCOU-SE COM OUTRO VEICULO PARADO,2,,,,,,,,,1,,Longo da via,Bom,Não existe,Não existente,Seca,Mal iluminada,Não existe,Não há placas,"",Dupla,Não existe,"",""
6086,2019-07-14T00:00:00,21:51:00,SEM VÍTIMA,FINALIZADA,ALTO JOSÉ DO PINHO,RUA HORACIO SILVA,200,"",EM FRENTE AO IMÓVEL 200,RUA HORACIO SILVA,200,EM FRENTE AO IMÓVEL 200,ALTO JOSÉ DO PINHO,,SUBURBIO,COLISÃO FRONTAL,SIENA X RENAULT SANDERO OBS: SUSPEITA DE EMBRIAGUEZ,2,,,,,,,,,0,,Cruzamento,Chuvoso,Não existe,Perfeito estado,Molhada,Perfeito estado,"",R-6c,30 km/h,Dupla,Não existe,"",""
6087,2019-07-14T00:00:00,22:31:00,SEM VÍTIMA,FINALIZADA,BOA VIAGEM,RUA DEZ DE JULHO,"",RUA CAMBOIM,"",RUA DEZ DE JULHO,"","",BOA VIAGEM,,"",ABALROAMENTO LONGITUDINAL,ENTRE 2 AUTOS. S/V,2,,,,,,,,,0,,Cruzamento,Bom,Não existe,Perfeito estado,Seca,Perfeito estado,Não existe,Placas Pare,"",Única,Faixa seccionada,"",""
6088,2019-07-14T00:00:00,23:49:00,SEM VÍTIMA,CANCELADA,DERBY,AV GOVERNADOR AGAMENON MAGALHAES,174,"",EM FRENTE O HOSPITAL DA RESTAURAÇÃO,AV GOVERNADOR AGAMENON MAGALHAES,174,EM FRENTE O HOSPITAL DA RESTAURAÇÃO,DERBY,,SUBURBIO,COLISÃO,ENTRE UM ONIBUS E UM AUTO,1,,,,,1,,,,0,,"","","","","","","","","","","","",""
6089,2019-07-14T00:00:00,23:54:00,SEM VÍTIMA,FINALIZADA,CORDEIRO,AV PROFESSOR ESTEVAO FRANCISCO DA COSTA,"",RUA DIANOPOLIS,"",AV PROFESSOR ESTEVAO FRANCISCO DA COSTA,"","",CORDEIRO,589,SUBURBIO,ABALROAMENTO LONGITUDINAL,ENTRE DOIS AUTO S/V,2,,,,,,,,,0,,Cruzamento,Bom,Sem defeito,Ilegível,Molhada,Mal iluminada,Faixa de pedestre,Não há placas,"",Única,Faixa seccionada,"",""
6090,2019-07-15T00:00:00,06:13:00,SEM VÍTIMA,FINALIZADA,CASA FORTE,EST DO ENCANAMENTO,"","",SEMÁFORO Nº 462,EST DO ENCANAMENTO,"",SEMÁFORO Nº 462,CASA FORTE,462,CIDADE,COLISÃO TRASEIRA,SEM VITIMAS,2,,,,,,,,,0,,Cruzamento,Bom,Sem defeito,Perfeito estado,Molhada,Perfeito estado,Faixa de pedestre,"",40 km/h,Única,"","",""
6091,2019-07-15T00:00:00,06:43:00,SEM VÍTIMA,FINALIZADA,BAIRRO DO RECIFE,AV GOVERNADOR AGAMENON MAGALHAES,1318,"","",AV GOVERNADOR AGAMENON MAGALHAES,1318,"",BAIRRO DO RECIFE,173,SUBURBIO,COLISÃO TRASEIRA,SEM VITIMAS,2,,,,,,,,,0,,Longo da via,Bom,Sem defeito,Perfeito estado,Seca,Perfeito estado,Não existe,R-6a,"",Dupla,Faixa seccionada,"",""
6092,2019-07-15T00:00:00,08:03:00,SEM VÍTIMA,CANCELADA,JARDIM SÃO PAULO,AV RECIFE,"","","EM FRENTE A GARAGEM DA RCR, SENT. CIDADE",AV RECIFE,"","EM FRENTE A GARAGEM DA RCR, SENT. CIDADE",JARDIM SÃO PAULO,,"",COLISÃO,CAMINHÃO E AUTO,1,,,,,,1,,,0,,"","","","","","","","","","","","",""
6093,2019-07-15T00:00:00,08:18:00,SEM VÍTIMA,FINALIZADA,JOANA BEZERRA,VIADUTO CAPITAO TEMUDO,"","",AO LADO DA ESTAÇÃO JOANA BEZERRA,VIADUTO CAPITAO TEMUDO,"",AO LADO DA ESTAÇÃO JOANA BEZERRA,JOANA BEZERRA,,"",COLISÃO TRASEIRA,DOIS AUTOS,2,,,,,,,,,0,,Viaduto,Bom,Não existe,Perfeito estado,Seca,Perfeito estado,Não existe,Outras,"",Única,Faixa seccionada,"",""
6094,2019-07-15T00:00:00,08:19:00,SEM VÍTIMA,FINALIZADA,PINA,RUA PROFESSOR JOSUE DE CASTRO,"",RUA ANTONIO DE CASTRO,SEMÁFORO 103,RUA PROFESSOR JOSUE DE CASTRO,"",SEMÁFORO 103,PINA,,"",ABALROAMENTO LONGITUDINAL,SEM VITIMAS,2,,,,,,,,,0,,"",Bom,Sem defeito,Perfeito estado,Seca,Perfeito estado,Faixa de pedestre,R-6a,"",Única,Faixa seccionada,"",""
6095,2019-07-15T00:00:00,09:37:00,COM VÍTIMA,FINALIZADA,BOA VIAGEM,RUA DEZ DE JULHO,417,"",EM FRENTE A LOJA MENINA DOS OLHOS,RUA DEZ DE JULHO,417,EM FRENTE A LOJA MENINA DOS OLHOS,BOA VIAGEM,,CIDADE,ABALROAMENTO LONGITUDINAL,COM UMA VITIMA AGUARDANDO SAMU,1,1,,,,,,,,1,,Longo da via,Bom,Não existe,Perfeito estado,Seca,Perfeito estado,Não existe,Não há placas,40 km/h,Única,Faixa seccionada,"",""
6096,2019-07-15T00:00:00,10:11:00,SEM VÍTIMA,FINALIZADA,IBURA,AV DOIS RIOS,13 B,"",GRANJA DOIS RIOS,AV DOIS RIOS,13 B,GRANJA DOIS RIOS,IBURA,561,CIDADE,ABALROAMENTO LONGITUDINAL,ONIBUS E AUTO,1,,,,,1,,,,0,,Longo da via,Bom,Sem defeito,Perfeito estado,Seca,Perfeito estado,Faixa de pedestre,Outras,"",Dupla,Faixa contínua,"",""
6097,2019-07-15T00:00:00,10:35:00,SEM VÍTIMA,CANCELADA,BAIRRO DO RECIFE,TRV TIRADENTES,"",RUA DO BRUM,EM FRENTE A PRAÇA TIRADENTES,TRV TIRADENTES,"",EM FRENTE A PRAÇA TIRADENTES,BAIRRO DO RECIFE,,"",COLISÃO,COLISÃO COM VITIMA A ESPERA DA SAMU,1,1,,,,,,,,0,,"","","","","","","","","","","","",""
6098,2019-07-15T00:00:00,10:49:00,SEM VÍTIMA,FINALIZADA,BOA VIAGEM,RUA DEZ DE JULHO,401,"","",RUA DEZ DE JULHO,401,"",BOA VIAGEM,,SUBURBIO,COLISÃO TRASEIRA,COLISÃO SEM VITIMAS,2,,,,,,,,,0,,Longo da via,Bom,Não existe,Perfeito estado,Seca,Perfeito estado,Agente,Outras,40 km/h,Única,Faixa seccionada,"",""
6099,2019-07-15T00:00:00,10:50:00,SEM VÍTIMA,FINALIZADA,AREIAS,AV DR JOSE RUFINO,"","",APÓS O SEMÁFORO 506 / FRENTE TODO DIA,AV DR JOSE RUFINO,"",APÓS O SEMÁFORO 506 / FRENTE TODO DIA,AREIAS,506,SUBURBIO,ABALROAMENTO LONGITUDINAL,SEM VITIMAS,1,,,,,,1,,,0,,Longo da via,Bom,Sem defeito,Perfeito estado,Seca,Perfeito estado,Faixa de pedestre,Outras,60 km/h,Dupla,Faixa contínua,"",""
6100,2019-07-15T00:00:00,12:58:00,SEM VÍTIMA,FINALIZADA,BOA VISTA,RUA DO PRINCIPE,"","",FRENTE AO HOSPITAL GERAL DO EXERCITO,RUA DO PRINCIPE,"",FRENTE AO HOSPITAL GERAL DO EXERCITO,BOA VISTA,,"",COLISÃO TRASEIRA,COLISAO ENTRE DOIS AUTOS S/V,2,,,,,,,,,0,,Longo da via,Bom,Não existe,Perfeito estado,Seca,Perfeito estado,Não existe,R-6a,"",Única,"","",""
6101,2019-07-15T00:00:00,13:01:00,SEM VÍTIMA,CANCELADA,VÁRZEA,RUA RIBEIRO PESSOA,"",AV CAXANGA,EM FRENTE AO POSTO SHEL ( AO LADO DA UPA),RUA RIBEIRO PESSOA,"",EM FRENTE AO POSTO SHEL ( AO LADO DA UPA),VÁRZEA,,"",COLISÃO,COLISAO SEM VITIMAS,1,,,,,1,,,,0,,"","","","","","","","","","","","",""
6102,2019-07-15T00:00:00,13:45:00,SEM VÍTIMA,FINALIZADA,SANTO AMARO,RUA CAPITAO LIMA,"",RUA DA FUNDICAO,"",RUA CAPITAO LIMA,"","",SANTO AMARO,,"",ABALROAMENTO TRANSVERSAL,COLISAO SEM VITIMAS,2,,,,,,,,,0,,Cruzamento,Bom,Não existe,Incompleta,Seca,"",Não existe,Não há placas,"",Dupla,Não existe,"",""
6103,2019-07-15T00:00:00,14:17:00,SEM VÍTIMA,FINALIZADA,VÁRZEA,AV CAXANGA,4617,"",FIAT ITALIANA JEEP,AV CAXANGA,4617,FIAT ITALIANA JEEP,VÁRZEA,608,CIDADE,COLISÃO TRASEIRA,COLISAO SEM VITIMAS DE 4 AUTO PASSEIO,4,,,,,,,,,0,,Longo da via,Bom,Sem defeito,Perfeito estado,Seca,Perfeito estado,Faixa de pedestre,R-6a,"",Dupla,Canteiro central,"",""
6104,2019-07-15T00:00:00,14:54:00,SEM VÍTIMA,FINALIZADA,IMBIRIBEIRA,AV MARECHAL MASCARENHAS DE MORAES,"","",LADO OPOSTO A ANAC / SOB O SEMÁFORO 625,AV MARECHAL MASCARENHAS DE MORAES,"",LADO OPOSTO A ANAC / SOB O SEMÁFORO 625,IMBIRIBEIRA,625,SUBURBIO,COLISÃO TRASEIRA,COLISAO SEM VITIMAS,3,,,,,,,,,0,,Longo da via,Bom,Sem defeito,Perfeito estado,Seca,Perfeito estado,Faixa de pedestre,Não há placas,60 km/h,Única,Faixa seccionada,"",""
6105,2019-07-15T00:00:00,15:10:00,SEM VÍTIMA,FINALIZADA,SANTO AMARO,RUA CAPITAO LIMA,439,AV CRUZ CABUGA,E/F A UBER,RUA CAPITAO LIMA,439,E/F A UBER,SANTO AMARO,,"",ABALROAMENTO LONGITUDINAL,COLISAO ENTRE DOIS AUTOS S/V,2,,,,,,,,,0,,Longo da via,Bom,Não existe,Perfeito estado,Seca,Perfeito estado,Não existe,Não há placas,40 km/h,Dupla,Faixa seccionada,"",""
6106,2019-07-15T00:00:00,15:13:00,SEM VÍTIMA,FINALIZADA,DERBY,AV GOVERNADOR AGAMENON MAGALHAES,190,"",AO LADO DA MAC DONALDS,AV GOVERNADOR AGAMENON MAGALHAES,190,AO LADO DA MAC DONALDS,DERBY,,SUBURBIO,ABALROAMENTO LONGITUDINAL,COLISAO ENTRE DOIS AUTOS S/V,2,,,,,,,,,0,,Longo da via,Bom,Não existe,Perfeito estado,Seca,Perfeito estado,Agente,Não há placas,60 km/h,Única,Faixa seccionada,"",""
6107,2019-07-15T00:00:00,15:15:00,SEM VÍTIMA,FINALIZADA,MADALENA,RUA BENFICA,140,"",SAÍDA DO TÚNEL,RUA BENFICA,140,SAÍDA DO TÚNEL,MADALENA,,CIDADE,TOMBAMENTO,COLISÃO COM VÍTIMA,1,,1,,,,,,,0,,"",Bom,Não existe,Perfeito estado,Seca,Perfeito estado,Não existe,Não há placas,"",Única,Faixa seccionada,"",""
6108,2019-07-15T00:00:00,15:29:00,SEM VÍTIMA,FINALIZADA,SAN MARTIN,AV GENERAL SAN MARTIN,"","",LADO OPOSTO AO 2300,AV GENERAL SAN MARTIN,"",LADO OPOSTO AO 2300,SAN MARTIN,,CIDADE,COLISÃO TRASEIRA,COLISAO SEM VITIMAS,2,,,,,,,,,0,,Longo da via,Bom,Sem defeito,Perfeito estado,Seca,Perfeito estado,Faixa de pedestre,"","",Dupla,Faixa contínua,"",""