_id,DATA,hora,natureza_acidente,situacao,bairro,endereco,numero,detalhe_endereco_acidente,complemento,endereco_cruzamento,numero_cruzamento,referencia_cruzamento,bairro_cruzamento,num_semaforo,sentido_via,tipo,descricao,auto,moto,ciclom,ciclista,pedestre,onibus,caminhao,viatura,outros,vitimas,vitimasfatais,acidente_verificado,tempo_clima,situacao_semaforo,sinalizacao,condicao_via,conservacao_via,ponto_controle,situacao_placa,velocidade_max_via,mao_direcao,divisao_via1,divisao_via2,divisao_via3
6109,2019-07-15T00:00:00,15:54:00,SEM VÍTIMA,FINALIZADA,BOA VIAGEM,AV BOA VIAGEM,3520,RUA PADRE CARAPUCEIRO,EDF VILA DO CONDE,AV BOA VIAGEM,3520,EDF VILA DO CONDE,BOA VIAGEM,,CIDADE,COLISÃO TRASEIRA,COLISÃO SEM VÍTIMA,2,,,,,,,,,0,,Longo da via,Bom,Sem defeito,Perfeito estado,Seca,Perfeito estado,Faixa de pedestre,Não há placas,"",Única,Faixa seccionada,"",""
6110,2019-07-15T00:00:00,16:02:00,SEM VÍTIMA,FINALIZADA,TAMARINEIRA,EST DO ARRAIAL,"",RUA DES GOIS CAVALCANTE,LADO OPOSTO AO COLEGIO SANTA CATARINA,EST DO ARRAIAL,"",LADO OPOSTO AO COLEGIO SANTA CATARINA,TAMARINEIRA,295,"",ABALROAMENTO LONGITUDINAL,COLISÃO SEM VÍTIMA,1,,,,,1,,,,0,,"",Bom,"",Perfeito estado,Seca,Perfeito estado,Faixa de pedestre,R-6a,"",Única,Faixa contínua,Faixa seccionada,""
6111,2019-07-15T00:00:00,16:24:00,SEM VÍTIMA,CANCELADA,AFLITOS,AV CONS ROSA E SILVA,1206,"",EM FRENTE AO EMPRESARIAL CASA GRANDE ROSA E SILVA,AV CONS ROSA E SILVA,1206,EM FRENTE AO EMPRESARIAL CASA GRANDE ROSA E SILVA,AFLITOS,,"",COLISÃO,COLISÃO SEM VÍTIMA,2,,,,,,,,,0,,"","","","","","","","","","","","",""
6112,2019-07-15T00:00:00,16:40:00,COM VÍTIMA,CANCELADA,SANTO AMARO,AV CRUZ CABUGA,"","",E/F ESCOLA DE APRENDIZ DE MARINHEIRO,AV CRUZ CABUGA,"",E/F ESCOLA DE APRENDIZ DE MARINHEIRO,SANTO AMARO,,OLINDA,COLISÃO,COLISAÕ SE UMA MOTOCICLETA E UMA BICICLETA,,1,,1,,,,,,2,,"","","","","","","","","","","","",""
6113,2019-07-15T00:00:00,16:59:00,SEM VÍTIMA,FINALIZADA,AFOGADOS,RUA COSME VIANA,24,"",EM FRENTE A LOJA AR PARA AUTO,RUA COSME VIANA,24,EM FRENTE A LOJA AR PARA AUTO,AFOGADOS,,"",COLISÃO TRASEIRA,COLISÃO SEM VÍTIMA,2,,,,,,,,,0,,Longo da via,Bom,Não existe,Perfeito estado,Seca,Perfeito estado,Outros,Outras,40 km/h,Única,Faixa seccionada,"",""
6114,2019-07-15T00:00:00,17:17:00,SEM VÍTIMA,CANCELADA,AFOGADOS,RUA NICOLAU PEREIRA,"","",EM BAIXO DO PONTILHAO DO METRO E/F A ESTAÇAO,RUA NICOLAU PEREIRA,"",EM BAIXO DO PONTILHAO DO METRO E/F A ESTAÇAO,AFOGADOS,,"",COLISÃO,COLISAO ENTRE DOIS AUTOS S/V,2,,,,,,,,,0,,"","","","","","","","","","","","",""
6115,2019-07-15T00:00:00,18:21:00,COM VÍTIMA,FINALIZADA,SANTO AMARO,AV GOVERNADOR AGAMENON MAGALHAES,"","",LADO OPOSTO AO SHOPPING TACARUNA,AV GOVERNADOR AGAMENON MAGALHAES,"",LADO OPOSTO AO SHOPPING TACARUNA,SANTO AMARO,,CIDADE,COLISÃO COM CICLISTA,MOTOCICLETA E BICICLETA,,1,,1,,,,,,1,,Longo da via,Bom,Não existe,Perfeito estado,Seca,Perfeito estado,Não existe,Não há placas,60 km/h,Única,Faixa seccionada,"",""
6116,2019-07-15T00:00:00,18:40:00,SEM VÍTIMA,CANCELADA,CAXANGÁ,AV JOAQUIM RIBEIRO,1096,"","",AV JOAQUIM RIBEIRO,1096,"",CAXANGÁ,,"",COLISÃO,DOIS AUTOS,2,,,,,,,,,0,,"","","","","","","","","","","","",""
6117,2019-07-15T00:00:00,18:57:00,SEM VÍTIMA,FINALIZADA,ILHA DO LEITE,AV FREI MATIAS TEVES,"",RUA JORNALISTA TRAJANO CHACON,"",AV FREI MATIAS TEVES,"","",ILHA DO LEITE,,SUBURBIO,ABALROAMENTO TRANSVERSAL,ENTRE 2 AUTOS. S/V,2,,,,,,,,,0,,Cruzamento,Bom,Não existe,Perfeito estado,Seca,Perfeito estado,Não existe,Não há placas,"",Única,Faixa seccionada,"",""
6118,2019-07-15T00:00:00,19:38:00,SEM VÍTIMA,CANCELADA,AFOGADOS,EST DOS REMEDIOS,1030,RUA PROFESSOR FREDERICO CURIO,SEMAFORO 524 PROX A LOJA JOKAUTO E FARMA PAULA,EST DOS REMEDIOS,1030,SEMAFORO 524 PROX A LOJA JOKAUTO E FARMA PAULA,AFOGADOS,524,"",CHOQUE,VT DA PM EM PERSEGUIÇAO A UM VEICULO QUE SE CHOCOU-SE COM POSTE,1,,,,,,,,1,0,,"","","","","","","","","","","","",""
6119,2019-07-15T00:00:00,20:30:00,SEM VÍTIMA,FINALIZADA,IBURA,RUA RIO PAJEU,45,"","",RUA RIO PAJEU,45,"",IBURA,,SUBURBIO,ABALROAMENTO LONGITUDINAL,MOTO X AUTO,1,,,,,,,,,0,,Longo da via,Bom,Não existe,Não existente,Seca,"",Não existe,Não há placas,"",Dupla,Não existe,"",""
6120,2019-07-15T00:00:00,22:30:00,SEM VÍTIMA,FINALIZADA,IMBIRIBEIRA,AV MARECHAL MASCARENHAS DE MORAES,"","",AEROPORTO INTERNACIONAL DO RECIFE GUARARAPES GILBERTO FREYRE,AV MARECHAL MASCARENHAS DE MORAES,"",AEROPORTO INTERNACIONAL DO RECIFE GUARARAPES GILBERTO FREYRE,IMBIRIBEIRA,,"",CHOQUE VEÍCULO PARADO,CORSA X FIAT MOBI,2,,,,,,,,,0,,Longo da via,Bom,Não existe,Perfeito estado,Seca,Perfeito estado,Não existe,Não há placas,20 km/h,Única,Faixa seccionada,"",""
6121,2019-07-15T00:00:00,23:00:00,SEM VÍTIMA,FINALIZADA,DOIS IRMÃOS,RUA MANUEL DE MEDEIROS,"","",SEMÁFORO 224,RUA MANUEL DE MEDEIROS,"",SEMÁFORO 224,DOIS IRMÃOS,,"",ABALROAMENTO LONGITUDINAL,ENTRE AUTO E ÕNIBUS. S/V,1,,,,,1,,,,0,,Cruzamento,Bom,Sem defeito,"",Seca,Perfeito estado,Não existe,Não há placas,"",Dupla,"","",""
6122,2019-07-16T00:00:00,01:21:00,SEM VÍTIMA,CANCELADA,BOA VIAGEM,RUA VISCONDE DE JEQUITINHONHA,1294,"",PRÓX AO RECIFE FLAT // PROX A ÁGUA LINDA PISCINAS,RUA VISCONDE DE JEQUITINHONHA,1294,PRÓX AO RECIFE FLAT // PROX A ÁGUA LINDA PISCINAS,BOA VIAGEM,,"",CHOQUE VEÍCULO PARADO,VEÍCULO CHOSOU-SE CONTRA UM AUTO E UM CAMINHÃO ESTACIONADO,2,,,,,,1,,,0,,"","","","","","","","","","","","",""
6123,2019-07-16T00:00:00,09:27:00,SEM VÍTIMA,FINALIZADA,IMBIRIBEIRA,AV MARECHAL MASCARENHAS DE MORAES,"","",DENTRO DO AEROPORTO,AV MARECHAL MASCARENHAS DE MORAES,"",DENTRO DO AEROPORTO,IMBIRIBEIRA,,"",ABALROAMENTO LONGITUDINAL,DOIS AUTOS,2,,,,,,,,,0,,Longo da via,Bom,Não existe,Perfeito estado,Seca,Perfeito estado,Faixa de pedestre,R-6a,20 km/h,Única,Faixa contínua,"",""
6124,2019-07-16T00:00:00,10:53:00,SEM VÍTIMA,CANCELADA,DERBY,AV GOVERNADOR AGAMENON MAGALHAES,183,"",EM FRENTE AO ITAU PERSONNALITÉ,AV GOVERNADOR AGAMENON MAGALHAES,183,EM FRENTE AO ITAU PERSONNALITÉ,DERBY,,"",COLISÃO,COLISÃO S/VITIMAS ENTRE DOIS AUTOS,2,,,,,,,,,0,,"","","","","","","","","","","","",""
6125,2019-07-16T00:00:00,12:27:00,COM VÍTIMA,FINALIZADA,SAN MARTIN,RUA VINTE E UM DE ABRIL,2287,"",G-LINK,RUA VINTE E UM DE ABRIL,2287,G-LINK,SAN MARTIN,,SUBURBIO,ATROPELAMENTO,ATROPELAMENTO DE MOTO E PEDESTRE COM UMA VITIMA,,1,,,1,,,,,1,,Longo da via,Bom,Não existe,Não existente,Seca,Perfeito estado,Não existe,Outras,"",Dupla,Não existe,"",""
6126,2019-07-16T00:00:00,12:31:00,COM VÍTIMA,FINALIZADA,AFOGADOS,AV SUL,"","",E/F A POLICLINICA DE AFOGADOS,AV SUL,"",E/F A POLICLINICA DE AFOGADOS,AFOGADOS,,CIDADE,ABALROAMENTO LONGITUDINAL,COLISAO ENTRE AUTO E MOTO COM DUAS VITIMAS,1,1,,,,,,,,2,,Longo da via,Bom,Não existe,Perfeito estado,Seca,Perfeito estado,Não existe,Não há placas,40 km/h,Única,Faixa seccionada,"",""
6127,2019-07-16T00:00:00,14:02:00,SEM VÍTIMA,FINALIZADA,AFOGADOS,RUA SAO MIGUEL,"","",BANCO DO BRASIL,RUA SAO MIGUEL,"",BANCO DO BRASIL,AFOGADOS,333,CIDADE,ABALROAMENTO TRANSVERSAL,ENTRE UMA MOTO E ONIBUS,,1,,,,1,,,,0,,Cruzamento,Bom,Sem defeito,Perfeito estado,Seca,Perfeito estado,Faixa de retenção,Não há placas,40 km/h,Dupla,Faixa contínua,"",""
6128,2019-07-16T00:00:00,14:55:00,SEM VÍTIMA,FINALIZADA,ALTO JOSÉ DO PINHO,AV NORTE,"","",E/F A ESCOLA DE ENFERMAGEM ISRAEL,AV NORTE,"",E/F A ESCOLA DE ENFERMAGEM ISRAEL,ALTO JOSÉ DO PINHO,,SUBURBIO,COLISÃO TRASEIRA,COLISAO ENTRE AUTO E MOTO,1,1,,,,,,,,0,,Longo da via,Bom,Não existe,Perfeito estado,Seca,Perfeito estado,Não existe,Não há placas,60 km/h,Dupla,Canteiro central,"",""
6129,2019-07-16T00:00:00,15:30:00,SEM VÍTIMA,FINALIZADA,DERBY,AV GOVERNADOR AGAMENON MAGALHAES,2291,"",EM FRENTE AO MEMORIAL SÃO JOSÉ,AV GOVERNADOR AGAMENON MAGALHAES,2291,EM FRENTE AO MEMORIAL SÃO JOSÉ,DERBY,68,SUBURBIO,COLISÃO TRASEIRA,COLISAO ENTRE SEIS VEICULOS,5,,,,,,,,,0,,Longo da via,Bom,Sem defeito,Perfeito estado,Seca,Perfeito estado,Não existe,Outras,60 km/h,Dupla,Canteiro central,"",""
6130,2019-07-16T00:00:00,16:04:00,SEM VÍTIMA,FINALIZADA,TORRE,RUA MARQUES DE MARICA,483,RUA DIANOPOLIS,PRÓXIMO A IGREJA ASSEMBLEIA DE DEUS,RUA MARQUES DE MARICA,483,PRÓXIMO A IGREJA ASSEMBLEIA DE DEUS,TORRE,317,SUBURBIO,ABALROAMENTO TRANSVERSAL,ENTRE AUTO E MOTO S/V,1,1,,,,,,,,0,,Cruzamento,Bom,Sem defeito,Perfeito estado,Seca,Perfeito estado,Outros,Outras,40 km/h,Dupla,Faixa contínua,"",""
6131,2019-07-16T00:00:00,16:55:00,SEM VÍTIMA,FINALIZADA,BOA VIAGEM,AV ENGENHEIRO DOMINGOS FERREIRA,"","",EM FRENTE AO WALMART,AV ENGENHEIRO DOMINGOS FERREIRA,"",EM FRENTE AO WALMART,BOA VIAGEM,303,SUBURBIO,COLISÃO TRASEIRA,COLISAO SEM VITIMAS,2,,,,,,,,,0,,Longo da via,Bom,Sem defeito,Perfeito estado,Seca,Perfeito estado,Faixa de pedestre,Não há placas,"",Única,Faixa seccionada,"",""
6132,2019-07-16T00:00:00,21:23:00,SEM VÍTIMA,FINALIZADA,SÃO JOSÉ,VDO DAS CINCO PONTAS,"","","",VDO DAS CINCO PONTAS,"","",SÃO JOSÉ,,CIDADE,CHOQUE VEÍCULO PARADO,VT DA PM X PRISMA,1,,,,,,,1,,0,,Viaduto,Bom,Não existe,Ilegível,Seca,Mal iluminada,Não existe,Não há placas,"",Dupla,Canteiro central,"",""
6133,2019-07-16T00:00:00,22:59:00,SEM VÍTIMA,FINALIZADA,ILHA DO RETIRO,AV ENGENHEIRO ABDIAS DE CARVALHO,"",EST DOS REMEDIOS,BOBS,AV ENGENHEIRO ABDIAS DE CARVALHO,"",BOBS,ILHA DO RETIRO,52,CIDADE,COLISÃO TRASEIRA,ENTRE 2 AUTOS. S/V,2,,,,,,,,,0,,Longo da via,Bom,Sem defeito,Perfeito estado,Seca,Perfeito estado,Faixa de retenção,Outras,60 km/h,Única,Faixa contínua,"",""
6134,2019-07-16T00:00:00,23:14:00,COM VÍTIMA,FINALIZADA,IMBIRIBEIRA,RUA JOAQUIM BANDEIRA,268,AV SUL,MICHELLY PEDROSA ADVOGADOS ASSOCIADOS,RUA JOAQUIM BANDEIRA,268,MICHELLY PEDROSA ADVOGADOS ASSOCIADOS,IMBIRIBEIRA,,SUBURBIO,ABALROAMENTO TRANSVERSAL,MOTO X TOYOTA,1,1,,,,,,,,1,,Cruzamento,Bom,Não existe,Incompleta,Seca,Perfeito estado,Não existe,Não há placas,"",Única,Faixa seccionada,"",""
6135,2019-07-17T00:00:00,06:29:00,COM VÍTIMA,FINALIZADA,JIQUIÁ,AV DR JOSE RUFINO,301,"",AUTO ESCOLA MAP,AV DR JOSE RUFINO,301,AUTO ESCOLA MAP,JIQUIÁ,82,CIDADE,COLISÃO TRASEIRA,MOTO E AUTO,1,1,,,,,,,,1,,Longo da via,Bom,Sem defeito,Perfeito estado,Seca,Perfeito estado,Não existe,Outras,60 km/h,Dupla,Faixa contínua,"",""
6136,2019-07-17T00:00:00,07:13:00,SEM VÍTIMA,FINALIZADA,PAISSANDU,PTE JOSE DE BARROS LIMA,"",AV GOVERNADOR AGAMENON MAGALHAES,SOB O SEMÁFORO 069,PTE JOSE DE BARROS LIMA,"",SOB O SEMÁFORO 069,PAISSANDU,69,"",ABALROAMENTO LONGITUDINAL,COLISÃO SEM VITIMAS,1,,,,,,1,,,0,,Ponte,Bom,Sem defeito,Perfeito estado,Seca,Perfeito estado,Agente,"",60 km/h,Única,"","",""
6137,2019-07-17T00:00:00,08:12:00,SEM VÍTIMA,FINALIZADA,ENGENHO DO MEIO,AV MARIO ALVARES PEREIRA DE LYRA,323,AV CAMARAO,POSTO MÉDICO CELESTE AEDAS CHAVES,AV MARIO ALVARES PEREIRA DE LYRA,323,POSTO MÉDICO CELESTE AEDAS CHAVES,ENGENHO DO MEIO,,CIDADE,ABALROAMENTO LONGITUDINAL,DOIS AUTOS,2,,,,,,,,,0,,Cruzamento,Bom,Não existe,Não existente,Seca,Perfeito estado,Faixa de pedestre,Não há placas,"",Dupla,Não existe,"",""
6138,2019-07-17T00:00:00,08:23:00,SEM VÍTIMA,FINALIZADA,IMBIRIBEIRA,AV GENERAL MAC ARTHUR,285,"",EM FRENTE AO CONDOMINIO LE PARC,AV GENERAL MAC ARTHUR,285,EM FRENTE AO CONDOMINIO LE PARC,IMBIRIBEIRA,,SUBURBIO,COLISÃO TRASEIRA,SEM VITIMAS,2,,,,,,,,,0,,Longo da via,Bom,Não existe,Perfeito estado,Seca,Perfeito estado,Não existe,Não há placas,40 km/h,Única,Faixa seccionada,"",""
6139,2019-07-17T00:00:00,08:35:00,COM VÍTIMA,FINALIZADA,PINA,AV ANTONIO DE GOES,"","",EM FRENTE AO CLUBE LÍBANO BRASILEIRO / PONTE DO PINA,AV ANTONIO DE GOES,"",EM FRENTE AO CLUBE LÍBANO BRASILEIRO / PONTE DO PINA,PINA,,CIDADE,COLISÃO TRASEIRA,COLISÃO SEM VITIMAS,4,,,,,,,,,1,,Longo da via,Bom,Não existe,Perfeito estado,Seca,Perfeito estado,Não existe,Não há placas,60 km/h,Única,Faixa seccionada,Canteiro central,""
6140,2019-07-17T00:00:00,08:57:00,SEM VÍTIMA,CANCELADA,AFOGADOS,EST DOS REMEDIOS,1939,RUA DONA MARIA VIEIRA,EM FRENTE A AGATA VEÍCULOS,EST DOS REMEDIOS,1939,EM FRENTE A AGATA VEÍCULOS,AFOGADOS,,"",COLISÃO,SEM VITIMAS,2,,,,,,,,,0,,"","","","","","","","","","","","",""
6141,2019-07-17T00:00:00,09:19:00,COM VÍTIMA,FINALIZADA,DERBY,AV GOVERNADOR AGAMENON MAGALHAES,"","",EM FRENTE A ODONTOCAPE - VIA PRINCIPAL,AV GOVERNADOR AGAMENON MAGALHAES,"",EM FRENTE A ODONTOCAPE - VIA PRINCIPAL,DERBY,,CID/SUB,ABALROAMENTO TRANSVERSAL,AUTO E MOTO,1,1,,,,,,,,2,,"",Bom,Sem defeito,Perfeito estado,Seca,Perfeito estado,"",Não há placas,60 km/h,Dupla,Faixa,Canteiro central,Blocos
6142,2019-07-17T00:00:00,09:21:00,SEM VÍTIMA,FINALIZADA,CORDEIRO,AV CAXANGA,"","",EM FRENTE AO SEMÁFORO Nº 080,AV CAXANGA,"",EM FRENTE AO SEMÁFORO Nº 080,CORDEIRO,80,CIDADE,ABALROAMENTO LONGITUDINAL,COLISÃO SEM VITIMAS,1,1,,,,,,,,0,,Longo da via,Bom,Sem defeito,Perfeito estado,Seca,Perfeito estado,Faixa de pedestre,Outras,"",Única,Faixa seccionada,"",""
6143,2019-07-17T00:00:00,09:43:00,SEM VÍTIMA,FINALIZADA,FUNDÃO,AV BEBERIBE,"",RUA CORONEL URBANO RIBEIRO DE SENA,NÓS EQUIPADORA,AV BEBERIBE,"",NÓS EQUIPADORA,FUNDÃO,307,CIDADE,COLISÃO TRASEIRA,COLISÃO SEM VITIMAS,1,1,,,,,,,,0,,Cruzamento,Bom,Sem defeito,Perfeito estado,Seca,Perfeito estado,Faixa de pedestre,Outras,60 km/h,Dupla,Faixa seccionada,"",""
6144,2019-07-17T00:00:00,10:09:00,SEM VÍTIMA,FINALIZADA,TEJIPIÓ,AV DR JOSE RUFINO,2835,"","",AV DR JOSE RUFINO,2835,"",TEJIPIÓ,,"",COLISÃO TRASEIRA,DOIS AUTOS,2,,,,,,,,,0,,Cruzamento,Bom,Não existe,Incompleta,Seca,Perfeito estado,Não existe,Outras,"",Dupla,Faixa seccionada,"",""
6145,2019-07-17T00:00:00,10:25:00,SEM VÍTIMA,FINALIZADA,AREIAS,AV DR JOSE RUFINO,1418B,"",AO LADO SUZY BOLOS,AV DR JOSE RUFINO,1418B,AO LADO SUZY BOLOS,AREIAS,,SUBURBIO,ABALROAMENTO LONGITUDINAL,COLISÃO SEM VITIMAS,,,,,,1,1,,,0,,Longo da via,Bom,Sem defeito,Perfeito estado,Seca,Perfeito estado,Faixa de pedestre,Outras,"",Dupla,Faixa seccionada,"",""
6146,2019-07-17T00:00:00,10:33:00,COM VÍTIMA,FINALIZADA,BOA VIAGEM,AV ENGENHEIRO DOMINGOS FERREIRA,1450,"",GALERIA TRADE CENTER,AV ENGENHEIRO DOMINGOS FERREIRA,1450,GALERIA TRADE CENTER,BOA VIAGEM,,SUBURBIO,COLISÃO TRASEIRA,MOTO E AUTO,1,1,,,,,,,,1,,Longo da via,Bom,Não existe,Perfeito estado,Seca,Perfeito estado,Não existe,Não há placas,60 km/h,Única,Faixa seccionada,"",""
6147,2019-07-17T00:00:00,10:44:00,SEM VÍTIMA,CANCELADA,MADALENA,AV ENGENHEIRO ABDIAS DE CARVALHO,1771,"","PROX. A FACULDADE ESTACIO, SENT. BOA VISTA",AV ENGENHEIRO ABDIAS DE CARVALHO,1771,"PROX. A FACULDADE ESTACIO, SENT. BOA VISTA",MADALENA,,"",COLISÃO,DOIS AUTOS,2,,,,,,,,,0,,"","","","","","","","","","","","",""
6148,2019-07-17T00:00:00,11:24:00,COM VÍTIMA,FINALIZADA,DERBY,AV GOVERNADOR AGAMENON MAGALHAES,"","",EM FRENTE A ODONTO CAP,AV GOVERNADOR AGAMENON MAGALHAES,"",EM FRENTE A ODONTO CAP,DERBY,,"",COLISÃO,AUTO E MOTO,1,1,,,,,,,,2,,"","","","","","","","","","","","",""
6149,2019-07-17T00:00:00,12:26:00,COM VÍTIMA,FINALIZADA,BOA VIAGEM,RUA TENENTE JOAO CICERO,638,RUA MINISTRO NELSON HUNGRIA,CORPO LIVRE,RUA TENENTE JOAO CICERO,638,CORPO LIVRE,BOA VIAGEM,,"",ABALROAMENTO TRANSVERSAL,COLISÃO COM VÍTIMA,2,,,,,,,,,1,,Longo da via,Bom,Não existe,Perfeito estado,Seca,Perfeito estado,Faixa de pedestre,"","",Única,"","",""
6150,2019-07-17T00:00:00,12:39:00,COM VÍTIMA,FINALIZADA,IMBIRIBEIRA,AV PRESIDENTE DUTRA,"","",SOBRE O VIADUTO TANCREDO NEVES,AV PRESIDENTE DUTRA,"",SOBRE O VIADUTO TANCREDO NEVES,IMBIRIBEIRA,,"",COLISÃO COM CICLISTA,COLISAO ENTRE AUTO E CICLISTA,1,,,1,,,,,,1,,Viaduto,Bom,Não existe,Perfeito estado,Seca,Perfeito estado,Não existe,Não há placas,"",Única,"","",""
6151,2019-07-17T00:00:00,12:55:00,SEM VÍTIMA,FINALIZADA,BOA VIAGEM,RUA DOS NAVEGANTES,2277,RUA PROFESSOR JOSE BRANDAO,RESTAURANTE GIRO PRAIA,RUA DOS NAVEGANTES,2277,RESTAURANTE GIRO PRAIA,BOA VIAGEM,,"",ABALROAMENTO TRANSVERSAL,COLISAO ENTRE DOIS AUTOS S/V,2,,,,,,,,,0,,Cruzamento,Bom,Não existe,Perfeito estado,Seca,Perfeito estado,Faixa de retenção,Placas Pare,"",Única,Não existe,"",""
6152,2019-07-17T00:00:00,13:07:00,COM VÍTIMA,FINALIZADA,PINA,AV ENGENHEIRO DOMINGOS FERREIRA,636,"",EM FRENTE AO CLINICAL CENTER,AV ENGENHEIRO DOMINGOS FERREIRA,636,EM FRENTE AO CLINICAL CENTER,PINA,,SUBURBIO,ATROPELAMENTO,VEICULO ATROPELOU UM PEDESTRE,1,,,,1,,,,,1,,Longo da via,Bom,Não existe,Perfeito estado,Seca,Perfeito estado,Não existe,R-6a,60 km/h,Dupla,Canteiro central,"",""
6153,2019-07-17T00:00:00,13:48:00,SEM VÍTIMA,FINALIZADA,AFOGADOS,RUA COSME VIANA,"","",EM FRENTE A TUPAN,RUA COSME VIANA,"",EM FRENTE A TUPAN,AFOGADOS,,SUBURBIO,COLISÃO TRASEIRA,COLISAO SEM VITIMAS,2,1,,,,,,,,0,,Longo da via,Bom,Não existe,Perfeito estado,Seca,Perfeito estado,Não existe,Não há placas,"",Única,Faixa contínua,"",""
6154,2019-07-17T00:00:00,13:56:00,SEM VÍTIMA,FINALIZADA,AFOGADOS,EST DOS REMEDIOS,1462,"",ARMAZEM TUPAN,EST DOS REMEDIOS,1462,ARMAZEM TUPAN,AFOGADOS,,"",COLISÃO TRASEIRA,COLISAO COM VITIMAS,1,,,,,1,,,,0,,Longo da via,Bom,Não existe,Perfeito estado,Seca,Perfeito estado,Não existe,Outras,"",Única,Faixa contínua,Faixa seccionada,""
6155,2019-07-17T00:00:00,13:59:00,SEM VÍTIMA,FINALIZADA,TAMARINEIRA,RUA PADRE ROMA,"","","LADO OPOSTO AO GOLDEN HOME SENADOR ANTONIO FARIAS, Nº 34",RUA PADRE ROMA,"","LADO OPOSTO AO GOLDEN HOME SENADOR ANTONIO FARIAS, Nº 34",TAMARINEIRA,61,CIDADE,COLISÃO TRASEIRA,COLISAO ENTRE CAMINHAO E AUTO S/V,1,,,,,,1,,,0,,Longo da via,Bom,Sem defeito,Perfeito estado,Seca,Perfeito estado,Faixa de pedestre,R-6a,50 km/h,Dupla,Canteiro central,"",""
6156,2019-07-17T00:00:00,14:05:00,SEM VÍTIMA,FINALIZADA,BOA VIAGEM,RUA RIBEIRO DE BRITO,"",RUA DR JOAO GUILHERME DE P SOBRINHO,"",RUA RIBEIRO DE BRITO,"","",BOA VIAGEM,,SUBURBIO,ABALROAMENTO LONGITUDINAL,COLISAO ENTRE DOIS VEICULOS,1,1,,,,,,,,0,,Longo da via,Bom,Não existe,Perfeito estado,Seca,Perfeito estado,Não existe,Não há placas,"",Única,Não existe,"",""
6157,2019-07-17T00:00:00,14:14:00,SEM VÍTIMA,FINALIZADA,JAQUEIRA,AV RUI BARBOSA,1654,"",PRÓXIMO AO COLÉGIO DAMAS,AV RUI BARBOSA,1654,PRÓXIMO AO COLÉGIO DAMAS,JAQUEIRA,,CIDADE,ABALROAMENTO LONGITUDINAL,COLISAO SEM VITIMAS,1,1,,,,,,,,0,,Longo da via,Bom,Não existe,Perfeito estado,Seca,Perfeito estado,Não existe,Não há placas,60 km/h,Única,Faixa seccionada,"",""
6158,2019-07-17T00:00:00,14:43:00,SEM VÍTIMA,CANCELADA,IMBIRIBEIRA,RUA ITACARI,57,"",AO LADO DA SEMINOVOS MOVIDA,RUA ITACARI,57,AO LADO DA SEMINOVOS MOVIDA,IMBIRIBEIRA,,"",COLISÃO,COLISÃO SEM VÍTIMA,2,,,,,,,,,0,,"","","","","","","","","","","","",""
6159,2019-07-17T00:00:00,15:11:00,SEM VÍTIMA,FINALIZADA,TAMARINEIRA,EST DO ARRAIAL,2466,"","",EST DO ARRAIAL,2466,"",TAMARINEIRA,,SUBURBIO,COLISÃO TRASEIRA,COLISÃO S/VITIMAS ENTRE TRES AUTOS,3,,,,,,,,,0,,Longo da via,Bom,Não existe,Perfeito estado,Seca,Perfeito estado,Não existe,R-6a,"",Única,Faixa seccionada,"",""
6160,2019-07-17T00:00:00,15:23:00,SEM VÍTIMA,FINALIZADA,IMBIRIBEIRA,RUA JOAQUIM BANDEIRA,"",AV SUL,"",RUA JOAQUIM BANDEIRA,"","",IMBIRIBEIRA,,CIDADE,ABALROAMENTO LONGITUDINAL,COLISÃO S/VITIMAS ENTRE CAMINHÃO E AUTO,1,,,,,,1,,,0,,Cruzamento,Bom,Não existe,Não existente,Seca,Perfeito estado,Não existe,Não há placas,"",Única,Faixa seccionada,"",""
6161,2019-07-17T00:00:00,15:52:00,SEM VÍTIMA,FINALIZADA,CASA AMARELA,EST DO ARRAIAL,3087,RUA ARNOLDO MAGALHAES,AMERICA FUTEBOL CLUBE,EST DO ARRAIAL,3087,AMERICA FUTEBOL CLUBE,CASA AMARELA,,SUBURBIO,ABALROAMENTO LONGITUDINAL,COLISÃO SEM VÍTIMA,2,,,,,,,,,0,,Longo da via,Bom,Não existe,Perfeito estado,Seca,Perfeito estado,Não existe,Placas Pare,40 km/h,Única,Faixa seccionada,"",""
6162,2019-07-17T00:00:00,16:05:00,SEM VÍTIMA,FINALIZADA,IMBIRIBEIRA,RUA SARGENTO SILVINO DE MACEDO,273,RUA JOSE DA SILVA LUCENA,LACOMEX,RUA SARGENTO SILVINO DE MACEDO,273,LACOMEX,IMBIRIBEIRA,,"",ABALROAMENTO TRANSVERSAL,"",2,,,,,,,,,0,,Cruzamento,Bom,Não existe,Perfeito estado,Seca,Perfeito estado,Não existe,Placas Pare,"",Dupla,Não existe,"",""
6163,2019-07-17T00:00:00,17:40:00,SEM VÍTIMA,EQUIPE EM DESLOCAMENTO,SANTO AMARO,AV GOVERNADOR AGAMENON MAGALHAES,"","","APÓS O VIADUTO DA AV NORTE, SNT TACARUNA / AO LADO DA PRAÇA",AV GOVERNADOR AGAMENON MAGALHAES,"","APÓS O VIADUTO DA AV NORTE, SNT TACARUNA / AO LADO DA PRAÇA",SANTO AMARO,,"",COLISÃO,ENTRE AUTO E ÕNIBUS. S/V,1,,,,,1,,,,0,,"","","","","","","","","","","","",""