_id,DATA,hora,natureza_acidente,situacao,bairro,endereco,numero,detalhe_endereco_acidente,complemento,endereco_cruzamento,numero_cruzamento,referencia_cruzamento,bairro_cruzamento,num_semaforo,sentido_via,tipo,descricao,auto,moto,ciclom,ciclista,pedestre,onibus,caminhao,viatura,outros,vitimas,vitimasfatais,acidente_verificado,tempo_clima,situacao_semaforo,sinalizacao,condicao_via,conservacao_via,ponto_controle,situacao_placa,velocidade_max_via,mao_direcao,divisao_via1,divisao_via2,divisao_via3
6164,2019-07-17T00:00:00,17:52:00,SEM VÍTIMA,FINALIZADA,SÃO JOSÉ,AV MARTINS DE BARROS,"","",EM FRENTE AO POSTO IPIRANGA,AV MARTINS DE BARROS,"",EM FRENTE AO POSTO IPIRANGA,SÃO JOSÉ,,CIDADE,ABALROAMENTO LONGITUDINAL,ENTRE DOIS AUTO S/V,2,,,,,,,,,0,,Longo da via,Bom,Não existe,Perfeito estado,Seca,Mal iluminada,Não existe,Outras,"",Dupla,Canteiro central,"",""
6165,2019-07-17T00:00:00,18:35:00,COM VÍTIMA,FINALIZADA,BAIRRO DO RECIFE,PTE GIRATORIA,"","",SOBRE A PONTE GIRATÓRIA,PTE GIRATORIA,"",SOBRE A PONTE GIRATÓRIA,BAIRRO DO RECIFE,,SUBURBIO,COLISÃO TRASEIRA,ENTRE AUTO E MOTO. C/V,1,1,,,,,,,,1,,Viaduto,Bom,Não existe,Perfeito estado,Seca,Perfeito estado,Não existe,Não há placas,"",Dupla,Faixa seccionada,Canteiro central,""
6166,2019-07-17T00:00:00,18:38:00,SEM VÍTIMA,FINALIZADA,CASA AMARELA,AV NORTE,5010,"","",AV NORTE,5010,"",CASA AMARELA,,SUBURBIO,COLISÃO TRASEIRA,ENTRE DOIS AUTO S/V,2,,,,,,,,,0,,Longo da via,Bom,Não existe,Perfeito estado,Seca,Perfeito estado,Não existe,Não há placas,"",Dupla,Canteiro central,"",""
6167,2019-07-17T00:00:00,18:46:00,SEM VÍTIMA,FINALIZADA,AREIAS,AV RECIFE,220,"","",AV RECIFE,220,"",AREIAS,,"",ABALROAMENTO LONGITUDINAL,"",1,,,,,,1,,,0,,Longo da via,Bom,Não existe,Perfeito estado,Seca,Perfeito estado,Não existe,Não há placas,"",Dupla,Canteiro central,"",""
6168,2019-07-17T00:00:00,19:17:00,SEM VÍTIMA,FINALIZADA,ÁGUA FRIA,RUA DR EUDES COSTA,"",RUA BELO JARDIM,"",RUA DR EUDES COSTA,"","",ÁGUA FRIA,,CIDADE,ABALROAMENTO TRANSVERSAL,ENTRE UM AUTO E ONIBUS S/V,1,,,,,1,,,,0,,Cruzamento,Bom,Não existe,Perfeito estado,Seca,Perfeito estado,Faixa de retenção,Placas Pare,"",Dupla,Faixa seccionada,"",""
6169,2019-07-17T00:00:00,19:26:00,SEM VÍTIMA,FINALIZADA,BOA VIAGEM,RUA ERNESTO DE PAULA SANTOS,"",RUA DOS NAVEGANTES,POSTE Nº E009090,RUA ERNESTO DE PAULA SANTOS,"",POSTE Nº E009090,BOA VIAGEM,,SUBURBIO,ABALROAMENTO TRANSVERSAL,ENTRE 2 AUTOS. S/V,2,,,,,,,,,0,,Cruzamento,Bom,Não existe,Perfeito estado,Seca,Perfeito estado,Faixa de pedestre,Placas Pare,"",Única,Faixa seccionada,"",""
6170,2019-07-17T00:00:00,20:12:00,SEM VÍTIMA,FINALIZADA,JORDÃO,AV GOVERNADOR TORRES GALVAO,64,"",R. LIMA CAMPOS,AV GOVERNADOR TORRES GALVAO,64,R. LIMA CAMPOS,JORDÃO,,SUBURBIO,CHOQUE VEÍCULO PARADO,ENTRE UM AUTO E ONIBUS S/V,,,,,,1,,,,0,,Cruzamento,Chuvoso,Não existe,Perfeito estado,Molhada,Mal conservada,Não existe,Placas Pare,40 km/h,"",Não existe,"",""
6171,2019-07-17T00:00:00,20:52:00,COM VÍTIMA,FINALIZADA,SANTO AMARO,AV MARIO MELO,"",AV CRUZ CABUGA,SEMÁFORO 171,AV MARIO MELO,"",SEMÁFORO 171,SANTO AMARO,171,SUBURBIO,ABALROAMENTO TRANSVERSAL,ENTRE AUTO E MOTO. C/V,1,1,,,,,,,,1,,Cruzamento,Bom,Sem defeito,Perfeito estado,Seca,Perfeito estado,Faixa de pedestre,Não há placas,"",Dupla,Canteiro central,"",""
6172,2019-07-17T00:00:00,21:00:00,SEM VÍTIMA,FINALIZADA,MUSTARDINHA,RUA JOSE BEZERRA CAVALCANTE,2078,"","",RUA JOSE BEZERRA CAVALCANTE,2078,"",MUSTARDINHA,,SUBURBIO,CHOQUE VEÍCULO PARADO,ENTRE VT DA POLÍCIA COM CAMINHÃO DO GUINCHO. S/V,1,,,,,,,,,0,,Longo da via,Bom,Não existe,Não existente,Seca,Perfeito estado,Não existe,Não há placas,"",Dupla,Não existe,"",""
6173,2019-07-17T00:00:00,21:41:00,SEM VÍTIMA,FINALIZADA,BOMBA DO HEMETÉRIO,EST VELHA DE AGUA FRIA,343,"",POSTO NORTE BRAZ,EST VELHA DE AGUA FRIA,343,POSTO NORTE BRAZ,BOMBA DO HEMETÉRIO,,SUBURBIO,COLISÃO TRASEIRA,ENTRE DOIS AUTO S/V,2,,,,,,,,,0,,Longo da via,Chuvoso,Não existe,Não existente,Molhada,Perfeito estado,Não existe,Não há placas,60 km/h,Única,Faixa contínua,"",""
6174,2019-07-17T00:00:00,21:43:00,COM VÍTIMA,FINALIZADA,ILHA DO RETIRO,AV BEIRA RIO,400,"","",AV BEIRA RIO,400,"",ILHA DO RETIRO,,CIDADE,ABALROAMENTO LONGITUDINAL,ENTRE AUTO E MOTO. C/V,1,1,,,,,,,,1,,Longo da via,Bom,Não existe,Perfeito estado,Seca,Perfeito estado,Não existe,Não há placas,"",Dupla,Faixa seccionada,"",""
6175,2019-07-17T00:00:00,21:56:00,COM VÍTIMA,FINALIZADA,ÁGUA FRIA,EST VELHA DE AGUA FRIA,1311,"",EM FRENTE AO Nº 1311,EST VELHA DE AGUA FRIA,1311,EM FRENTE AO Nº 1311,ÁGUA FRIA,,"",COLISÃO TRASEIRA,CAMINHÃO E CICLISTA. C/V,,,,1,,,1,,,1,,Longo da via,Chuvoso,Não existe,Incompleta,Molhada,Mal conservada,Não existe,Não há placas,"",Única,Faixa seccionada,"",""
6176,2019-07-18T00:00:00,00:51:00,SEM VÍTIMA,FINALIZADA,SANTO AMARO,RUA DO SOSSEGO,"","",PRÓXIMO AO CRUZAMENTO DA AV DA SAUDADE,RUA DO SOSSEGO,"",PRÓXIMO AO CRUZAMENTO DA AV DA SAUDADE,SANTO AMARO,,CIDADE,CHOQUE VEÍCULO PARADO,COLISÃO ENTRE DOIS AUTOS S/V,2,,,,,,,,,0,,Longo da via,Bom,Não existe,Não existente,Seca,Mal conservada,Não existe,Não há placas,"",Dupla,Não existe,"",""
6177,2019-07-18T00:00:00,02:30:00,SEM VÍTIMA,FINALIZADA,IMBIRIBEIRA,AV MARECHAL MASCARENHAS DE MORAES,"",AV GENERAL MAC ARTHUR,"",AV MARECHAL MASCARENHAS DE MORAES,"","",IMBIRIBEIRA,225,CIDADE,ABALROAMENTO TRANSVERSAL,COLISÃO ENTRE AUTO E CAMINHÃO S/V,1,,,,,,1,,,0,,"",Chuvoso,Sem defeito,Perfeito estado,Molhada,Perfeito estado,Faixa de pedestre,Não há placas,"",Dupla,Faixa contínua,Canteiro central,""
6178,2019-07-18T00:00:00,07:33:00,SEM VÍTIMA,FINALIZADA,MADALENA,RUA BENFICA,352,"","",RUA BENFICA,352,"",MADALENA,,CIDADE,ABALROAMENTO LONGITUDINAL,COLISÃO SEM VITIMAS,1,,,,,,,,,0,,Longo da via,Bom,Não existe,Perfeito estado,Seca,Perfeito estado,Faixa de pedestre,R-6a,"",Única,Faixa seccionada,"",""
6179,2019-07-18T00:00:00,07:42:00,COM VÍTIMA,FINALIZADA,DOIS IRMÃOS,RUA MANUEL DE MEDEIROS,71A,"",APÓS O SEMÁFORO DE Nº 224 / PORTARIA DA REITORIA DA UFRPE,RUA MANUEL DE MEDEIROS,71A,APÓS O SEMÁFORO DE Nº 224 / PORTARIA DA REITORIA DA UFRPE,DOIS IRMÃOS,224,"",ABALROAMENTO LONGITUDINAL,COLISÃO COM VITIMA A ESPERA DO SAMU,1,1,,,,,,,,1,,Longo da via,Bom,Sem defeito,Perfeito estado,Seca,Perfeito estado,Não existe,Não há placas,"",Dupla,Não existe,"",""
6180,2019-07-18T00:00:00,08:21:00,SEM VÍTIMA,FINALIZADA,CAMPO GRANDE,RUA ODORICO MENDES,542,"",EM FRENTE AO Nº 542,RUA ODORICO MENDES,542,EM FRENTE AO Nº 542,CAMPO GRANDE,,CIDADE,ABALROAMENTO LONGITUDINAL,COLISÃO S/VITIMAS ENTRE UM AUTO E UMA MOTO,1,1,,,,,,,,0,,Longo da via,Bom,Não existe,Perfeito estado,Seca,Perfeito estado,Não existe,"","",Dupla,Faixa seccionada,"",""
6181,2019-07-18T00:00:00,08:58:00,SEM VÍTIMA,FINALIZADA,POÇO DA PANELA,AV DEZESSETE DE AGOSTO,"",RUA MARECHAL RONDON,LABORATORIO MARCELO MAGALHÃES,AV DEZESSETE DE AGOSTO,"",LABORATORIO MARCELO MAGALHÃES,POÇO DA PANELA,,SUBURBIO,ABALROAMENTO TRANSVERSAL,COLISÃO SEM VÍTIMA,2,,,,,,,,,0,,Longo da via,Bom,Não existe,Perfeito estado,Seca,Perfeito estado,Não existe,Não há placas,40 km/h,Dupla,Faixa contínua,"",""
6182,2019-07-18T00:00:00,09:21:00,COM VÍTIMA,FINALIZADA,TOTÓ,AV LIBERDADE,1223,"",EM FRENTE A PLANALTO PEÇAS,AV LIBERDADE,1223,EM FRENTE A PLANALTO PEÇAS,TOTÓ,,SUBURBIO,ABALROAMENTO TRANSVERSAL,COM UMA VITIMA AGUARDANDO SAMU,1,1,,,,,,,,1,,Longo da via,Bom,Não existe,Perfeito estado,Seca,Perfeito estado,Não existe,Outras,40 km/h,Dupla,Faixa contínua,"",""
6183,2019-07-18T00:00:00,09:43:00,COM VÍTIMA,FINALIZADA,ÁGUA FRIA,AV BEBERIBE,"",RUA SAO BENTO,SEMÁFORO 064,AV BEBERIBE,"",SEMÁFORO 064,ÁGUA FRIA,64,CIDADE,ABALROAMENTO TRANSVERSAL,COLISÃO ENVOLVENDO UMA MOTOCICLETA E UMA BICICLETA,,1,,1,,,,,,2,,Cruzamento,Bom,Sem defeito,Perfeito estado,Seca,Perfeito estado,Faixa de pedestre,"","",Dupla,Faixa contínua,"",""
6184,2019-07-18T00:00:00,09:54:00,COM VÍTIMA,FINALIZADA,BOA VIAGEM,AV ENGENHEIRO DOMINGOS FERREIRA,1761,"",SUPERMERCADO EXTRA,AV ENGENHEIRO DOMINGOS FERREIRA,1761,SUPERMERCADO EXTRA,BOA VIAGEM,,SUBURBIO,COLISÃO TRASEIRA,COLISÃO COM VÍTIMA,1,1,,,,,,,,2,,Longo da via,Bom,Não existe,Perfeito estado,Seca,Perfeito estado,Não existe,Não há placas,60 km/h,Única,Faixa seccionada,Canteiro central,""
6185,2019-07-18T00:00:00,09:56:00,SEM VÍTIMA,FINALIZADA,IMBIRIBEIRA,AV MARECHAL MASCARENHAS DE MORAES,"","",AO LADO DO DESEMBARQUE A1 DO AEROPORTO INTERNACIONAL DO RECIFE GUARARAPES GILBERTO FREYRE,AV MARECHAL MASCARENHAS DE MORAES,"",AO LADO DO DESEMBARQUE A1 DO AEROPORTO INTERNACIONAL DO RECIFE GUARARAPES GILBERTO FREYRE,IMBIRIBEIRA,,"",ABALROAMENTO LONGITUDINAL,COLISÃO SEM VITIMAS,1,,,,,1,,,,0,,Longo da via,Bom,Não existe,Perfeito estado,Seca,Perfeito estado,Não existe,Não há placas,20 km/h,Única,Não existe,"",""
6186,2019-07-18T00:00:00,10:02:00,SEM VÍTIMA,FINALIZADA,ESTÂNCIA,AV DR JOSE RUFINO,374,"",LADO OPOSTO AO COLÉGIO DECISÃO,AV DR JOSE RUFINO,374,LADO OPOSTO AO COLÉGIO DECISÃO,ESTÂNCIA,,SUBURBIO,ABALROAMENTO LONGITUDINAL,COLISÃO SEM VÍTIMA,1,,,,,,1,,,0,,Longo da via,Bom,Não existe,Perfeito estado,Seca,Perfeito estado,Não existe,Não há placas,"",Dupla,Faixa contínua,"",""
6187,2019-07-18T00:00:00,10:35:00,SEM VÍTIMA,FINALIZADA,SÃO JOSÉ,AV SUL,"",RUA BOM SUCESSO,EM FRENTE AO GALPÃO DO GALO,AV SUL,"",EM FRENTE AO GALPÃO DO GALO,SÃO JOSÉ,,CIDADE,ABALROAMENTO TRANSVERSAL,COLISÃO SEM VÍTIMA,2,,,,,,,,,0,,"",Bom,Não existe,Não existente,Seca,Perfeito estado,Não existe,Não há placas,"",Dupla,Faixa seccionada,Canteiro central,""
6188,2019-07-18T00:00:00,11:12:00,SEM VÍTIMA,FINALIZADA,CASA FORTE,AV DEZESSETE DE AGOSTO,892,"",EDF CASA GRANDE SANTANA,AV DEZESSETE DE AGOSTO,892,EDF CASA GRANDE SANTANA,CASA FORTE,,"",ABALROAMENTO TRANSVERSAL,SEM VITIMAS,2,,,,,,,,,0,,Longo da via,Bom,Não existe,Perfeito estado,Seca,Perfeito estado,Não existe,Outras,"",Dupla,Faixa contínua,"",""
6189,2019-07-18T00:00:00,11:34:00,SEM VÍTIMA,FINALIZADA,BOA VISTA,AV CONDE DA BOA VISTA,"","",LADO OPOSTO A FACULDADE SÃO MIGUEL,AV CONDE DA BOA VISTA,"",LADO OPOSTO A FACULDADE SÃO MIGUEL,BOA VISTA,,CIDADE,COLISÃO TRASEIRA,COLISÃO SEM VÍTIMA ENTRE UM AUTO E MOTO,1,1,,,,,,,,0,,Longo da via,Bom,Não existe,Incompleta,Seca,Perfeito estado,Não existe,Outras,"",Dupla,Faixa contínua,"",""
6190,2019-07-18T00:00:00,11:40:00,SEM VÍTIMA,FINALIZADA,BOA VIAGEM,AV ENGENHEIRO DOMINGOS FERREIRA,3904,"",EM FRENTE AO EDF VALÊNCIA,AV ENGENHEIRO DOMINGOS FERREIRA,3904,EM FRENTE AO EDF VALÊNCIA,BOA VIAGEM,,SUBURBIO,COLISÃO TRASEIRA,COLISÃO SEM VITIMAS,1,,,,,1,,,,0,,Longo da via,Bom,Não existe,Perfeito estado,Seca,Perfeito estado,Não existe,Não há placas,60 km/h,Única,Canteiro central,"",""
6191,2019-07-18T00:00:00,11:57:00,SEM VÍTIMA,CANCELADA,JARDIM SÃO PAULO,RUA PAJUSSARA,42,"",PROX. AO RESIDENCIAL VILLA JARDIM,RUA PAJUSSARA,42,PROX. AO RESIDENCIAL VILLA JARDIM,JARDIM SÃO PAULO,,"",COLISÃO,COLISÃO S/VITIMAS ENTRE DOIS AUTOS,2,,,,,,,,,0,,"","","","","","","","","","","","",""
6192,2019-07-18T00:00:00,12:08:00,SEM VÍTIMA,CANCELADA,CORDEIRO,AV CAXANGA,"","",EM FRENTE A AGENCIA DA CAIXA,AV CAXANGA,"",EM FRENTE A AGENCIA DA CAIXA,CORDEIRO,,SUBURBIO,ENGAVETAMENTO,ENTRE TRES AUTO S/V,3,,,,,,,,,0,,"","","","","","","","","","","","",""
6193,2019-07-18T00:00:00,12:10:00,SEM VÍTIMA,FINALIZADA,AFOGADOS,RUA AUGUSTO CALHEIROS,"","",GREMURB,RUA AUGUSTO CALHEIROS,"",GREMURB,AFOGADOS,,SUBURBIO,ABALROAMENTO LONGITUDINAL,CAMINHAO E AUTO,1,,,,,,1,,,0,,Longo da via,Bom,Não existe,Perfeito estado,Seca,Perfeito estado,Não existe,Outras,40 km/h,Única,Não existe,"",""
6194,2019-07-18T00:00:00,12:13:00,SEM VÍTIMA,FINALIZADA,GRAÇAS,RUA XAVIER MARQUES,275,"",EDF SAINT ANTORNE,RUA XAVIER MARQUES,275,EDF SAINT ANTORNE,GRAÇAS,,CIDADE,ABALROAMENTO TRANSVERSAL,CAMINHAO E AUTO,1,,,,,,1,,,0,,Longo da via,Bom,Não existe,Não existente,Seca,Perfeito estado,Não existe,Não há placas,"",Única,Não existe,"",""
6195,2019-07-18T00:00:00,13:08:00,SEM VÍTIMA,FINALIZADA,TORRÕES,AV ENGENHEIRO ABDIAS DE CARVALHO,"","",PRÓXIMO A UPA,AV ENGENHEIRO ABDIAS DE CARVALHO,"",PRÓXIMO A UPA,TORRÕES,271,CIDADE,COLISÃO TRASEIRA,ENTRE DOIS AUTO S/V,2,,,,,,,,,0,,Longo da via,Bom,Sem defeito,Perfeito estado,Seca,Perfeito estado,Não existe,Outras,60 km/h,Dupla,Outros,"",""
6196,2019-07-18T00:00:00,13:48:00,COM VÍTIMA,FINALIZADA,POÇO DA PANELA,RUA DOS ARCOS,202,RUA PAULO INOJOSA,PRÓXIMO AO ARCOS DO POÇO CORPORATE,RUA DOS ARCOS,202,PRÓXIMO AO ARCOS DO POÇO CORPORATE,POÇO DA PANELA,,"",COLISÃO COM CICLISTA,ENTRE UM AUTO E BICICLETA,1,,,1,,,,,,2,,Longo da via,Bom,Não existe,Não existente,Seca,Perfeito estado,Não existe,Placas Pare,"",Única,Não existe,"",""
6197,2019-07-18T00:00:00,14:48:00,SEM VÍTIMA,FINALIZADA,IPSEP,AV RECIFE,"","",POSTO IPIRANGA,AV RECIFE,"",POSTO IPIRANGA,IPSEP,,CIDADE,COLISÃO TRASEIRA,MOTO E AUTO,1,1,,,,,,,,0,,Longo da via,Bom,Não existe,Perfeito estado,Seca,Perfeito estado,Não existe,Não há placas,"",Dupla,Canteiro central,"",""
6198,2019-07-18T00:00:00,14:52:00,COM VÍTIMA,FINALIZADA,CASA AMARELA,AV NORTE,"","",LADO OPOSTO A AGÊNCIA DE EMPREGO DO RECIFE,AV NORTE,"",LADO OPOSTO A AGÊNCIA DE EMPREGO DO RECIFE,CASA AMARELA,,CIDADE,COLISÃO TRASEIRA,AUTO E MOTO COM UMA VITIMA,1,1,,,,,,,,1,,Longo da via,Bom,Não existe,Perfeito estado,Seca,Perfeito estado,Não existe,Não há placas,60 km/h,Dupla,Canteiro central,"",""
6199,2019-07-18T00:00:00,15:49:00,SEM VÍTIMA,FINALIZADA,BARRO,AV DR JOSE RUFINO,1851,"",LADO OPOSTO A CRECHE ESCOLAR RECIFE PRESIDENTE TANCREDO NEVES,AV DR JOSE RUFINO,1851,LADO OPOSTO A CRECHE ESCOLAR RECIFE PRESIDENTE TANCREDO NEVES,BARRO,,CIDADE,ABALROAMENTO LONGITUDINAL,CAMINHAO E AUTO,1,,,,,,1,,,0,,Longo da via,Bom,Não existe,Perfeito estado,Seca,Perfeito estado,Faixa de pedestre,Não há placas,60 km/h,Dupla,Faixa contínua,"",""
6200,2019-07-18T00:00:00,15:53:00,SEM VÍTIMA,CANCELADA,TORRÕES,AV ENGENHEIRO ABDIAS DE CARVALHO,"","",EM FRENTE A UPA DA ABDIAS DE CARVALHO,AV ENGENHEIRO ABDIAS DE CARVALHO,"",EM FRENTE A UPA DA ABDIAS DE CARVALHO,TORRÕES,,"",COLISÃO,ENTRE DOIS AUTO S/V,2,,,,,,,,,0,,"","","","","","","","","","","","",""
6201,2019-07-18T00:00:00,16:03:00,SEM VÍTIMA,FINALIZADA,CORDEIRO,RUA MANOEL DE ARRUDA CAMARA,375,RUA CARLOS GOMES,"",RUA MANOEL DE ARRUDA CAMARA,375,"",CORDEIRO,348,SUBURBIO,ABALROAMENTO LONGITUDINAL,MICROONIBUS E AUTO PASSEIO,1,,,,,1,,,,0,,Cruzamento,Bom,Sem defeito,Perfeito estado,Seca,Perfeito estado,Faixa de pedestre,Não há placas,"",Única,Não existe,"",""
6202,2019-07-18T00:00:00,16:05:00,SEM VÍTIMA,CANCELADA,BOA VIAGEM,RUA FELIX DE BRITO E MELO,"","",AO LADO DO WALMART,RUA FELIX DE BRITO E MELO,"",AO LADO DO WALMART,BOA VIAGEM,,"",COLISÃO,ENTRE DOIS AUTO S/V,2,,,,,,,,,0,,"","","","","","","","","","","","",""
6203,2019-07-18T00:00:00,16:10:00,SEM VÍTIMA,CANCELADA,PINA,AV ANTONIO DE GOES,"","",E/F AO JCPM NO SEMAFORO 019,AV ANTONIO DE GOES,"",E/F AO JCPM NO SEMAFORO 019,PINA,,"",COLISÃO,COLISAO ENTRE ONIBUS E AUTO S/V,1,,,,,1,,,,0,,"","","","","","","","","","","","",""
6204,2019-07-18T00:00:00,17:15:00,SEM VÍTIMA,CANCELADA,MADALENA,AV ENGENHEIRO ABDIAS DE CARVALHO,"",RUA JOAO IVO DA SILVA,PROX A HABIB´S,AV ENGENHEIRO ABDIAS DE CARVALHO,"",PROX A HABIB´S,MADALENA,132,"",COLISÃO,VAN E AUTO,2,,,,,,,,,0,,"","","","","","","","","","","","",""
6205,2019-07-18T00:00:00,18:19:00,SEM VÍTIMA,FINALIZADA,TORRE,RUA JORNALISTA LUIZ TEIXEIRA,10,"",BETTY LANCHES,RUA JORNALISTA LUIZ TEIXEIRA,10,BETTY LANCHES,TORRE,,SUBURBIO,ABALROAMENTO LONGITUDINAL,ENTRE 2 AUTOS. S/V,2,,,,,,,,,0,,Longo da via,Bom,Não existe,Não existente,Seca,Mal conservada,Não existe,Não há placas,"",Dupla,Não existe,"",""
6206,2019-07-18T00:00:00,18:47:00,SEM VÍTIMA,FINALIZADA,TORRÕES,AV BICENTENARIO DA REVOLUCAO FRANCESA,185,"","",AV BICENTENARIO DA REVOLUCAO FRANCESA,185,"",TORRÕES,,SUBURBIO,ABALROAMENTO LONGITUDINAL,ENTRE ÕNIBUS E AUTO PASSEIO. S/V,1,,,,,1,,,,0,,Longo da via,Bom,Não existe,Ilegível,Seca,Mal iluminada,Não existe,Não há placas,"",Dupla,Não existe,"",""
6207,2019-07-18T00:00:00,19:10:00,SEM VÍTIMA,FINALIZADA,JOANA BEZERRA,VIADUTO CAPITAO TEMUDO,"","",SOB O VIADUTO,VIADUTO CAPITAO TEMUDO,"",SOB O VIADUTO,JOANA BEZERRA,,SUBURBIO,COLISÃO TRASEIRA,AUDI X FOX,2,,,,,,,,,0,,Viaduto,Bom,Não existe,Perfeito estado,Seca,Perfeito estado,Outros,Outras,"",Única,Faixa contínua,"",""
6208,2019-07-18T00:00:00,19:39:00,SEM VÍTIMA,FINALIZADA,GRAÇAS,AV RUI BARBOSA,579,"","",AV RUI BARBOSA,579,"",GRAÇAS,,CIDADE,ABALROAMENTO LONGITUDINAL,ENTRE 2 AUTOS. S/V,2,,,,,,,,,0,,Longo da via,Bom,Não existe,Perfeito estado,Seca,Perfeito estado,"",Outras,"",Única,Faixa seccionada,"",""
6209,2019-07-18T00:00:00,20:57:00,SEM VÍTIMA,CANCELADA,BOA VIAGEM,RUA VISCONDE DE JEQUITINHONHA,"",RUA BALTAZAR PASSOS,SEMÁFORO 154,RUA VISCONDE DE JEQUITINHONHA,"",SEMÁFORO 154,BOA VIAGEM,,"",COLISÃO,ENTRE 2 AUTOS. S/V,2,,,,,,,,,0,,"","","","","","","","","","","","",""
6210,2019-07-18T00:00:00,21:42:00,COM VÍTIMA,FINALIZADA,ROSARINHO,RUA DR JOSE MARIA,"",RUA GENERAL ABREU E LIMA,EM FRENTE A PRAÇA NOSSA SENHORA DE FÁTIMA,RUA DR JOSE MARIA,"",EM FRENTE A PRAÇA NOSSA SENHORA DE FÁTIMA,ROSARINHO,,"",ABALROAMENTO LONGITUDINAL,ENTRE TÁXI E MOTO. C/V,1,1,,,,,,,,1,,Cruzamento,Bom,Não existe,Ilegível,Molhada,Mal iluminada,Não existe,Placas Pare,"",Dupla,Faixa seccionada,"",""
6211,2019-07-19T00:00:00,07:39:00,COM VÍTIMA,FINALIZADA,CASA AMARELA,AV NORTE,5071,"",LADO OPOSTO AO REI DA PICANHA,AV NORTE,5071,LADO OPOSTO AO REI DA PICANHA,CASA AMARELA,,CIDADE,ABALROAMENTO LONGITUDINAL,COLISÃO C/VITIMAS ENTRE AUTO E MOTO,1,1,,,,,,,,1,,Longo da via,Bom,Sem defeito,Perfeito estado,Seca,Perfeito estado,Faixa de pedestre,"","",Dupla,Faixa seccionada,Canteiro central,""
6212,2019-07-19T00:00:00,08:11:00,SEM VÍTIMA,FINALIZADA,BOA VISTA,AV CONDE DA BOA VISTA,1583,"",MICROLINS,AV CONDE DA BOA VISTA,1583,MICROLINS,BOA VISTA,,CIDADE,COLISÃO TRASEIRA,COLISÃO S/VITIMAS ENTRE UMA MOTO E AUTO,1,1,,,,,,,,0,,Longo da via,Chuvoso,Não existe,Ilegível,Molhada,Perfeito estado,Faixa de retenção,R-6c,"",Dupla,Faixa contínua,Canteiro central,""
6213,2019-07-19T00:00:00,08:39:00,SEM VÍTIMA,FINALIZADA,CASA AMARELA,AV NORTE,6120,"",LADO OPOSTO AO DESKONTÃO,AV NORTE,6120,LADO OPOSTO AO DESKONTÃO,CASA AMARELA,,SUBURBIO,COLISÃO TRASEIRA,COLISÃO SEM VITIMAS,3,,,,,,,,,0,,Longo da via,Bom,Não existe,Perfeito estado,Seca,Perfeito estado,Faixa de pedestre,R-6a,60 km/h,Única,Faixa seccionada,"",""
6214,2019-07-19T00:00:00,09:01:00,SEM VÍTIMA,FINALIZADA,ILHA DO LEITE,AV FREI MATIAS TEVES,224,"","",AV FREI MATIAS TEVES,224,"",ILHA DO LEITE,,CIDADE,ABALROAMENTO TRANSVERSAL,DOIS AUTOS,2,,,,,,,,,0,,Longo da via,Bom,Não existe,Perfeito estado,Seca,Perfeito estado,Não existe,Placas Pare,30 km/h,Única,Não existe,"",""
6215,2019-07-19T00:00:00,09:18:00,SEM VÍTIMA,FINALIZADA,AFOGADOS,RUA SAO MIGUEL,709,"","",RUA SAO MIGUEL,709,"",AFOGADOS,,CIDADE,ABALROAMENTO LONGITUDINAL,COLISÃO SEM VITIMAS,1,,,,,,1,,1,0,,Longo da via,Bom,Não existe,Incompleta,Seca,Perfeito estado,Não existe,Não há placas,"",Dupla,Faixa contínua,"",""
6216,2019-07-19T00:00:00,09:35:00,SEM VÍTIMA,FINALIZADA,AREIAS,AV RECIFE,1590,"",CONJUNTO INEZ ANDREAZZA,AV RECIFE,1590,CONJUNTO INEZ ANDREAZZA,AREIAS,599,"",COLISÃO TRASEIRA,DOIS AUTOS,2,,,,,,,,,0,,Longo da via,Chuvoso,Sem defeito,Perfeito estado,Molhada,Perfeito estado,Faixa de pedestre,Não há placas,60 km/h,Dupla,Canteiro central,"",""
6217,2019-07-19T00:00:00,09:41:00,SEM VÍTIMA,CANCELADA,PINA,RUA PEREIRA DA COSTA,576,AV CONSELHEIRO AGUIAR,AO LADO DA BANI ART,RUA PEREIRA DA COSTA,576,AO LADO DA BANI ART,PINA,,"",COLISÃO,DOIS AUTOS,2,,,,,,,,,0,,"","","","","","","","","","","","",""
6218,2019-07-19T00:00:00,09:52:00,COM VÍTIMA,FINALIZADA,IPUTINGA,AV MAURICIO DE NASSAU,268,RUA ENGENHEIRO MOACYR PARAHYBA,EQUIPADORA AUTO FILME,AV MAURICIO DE NASSAU,268,EQUIPADORA AUTO FILME,IPUTINGA,,CIDADE,COLISÃO FRONTAL,COLISÃO COM VITIMA SOCORRIDO PELO SAMU,,1,,,,1,,,,1,,Cruzamento,Chuvoso,Não existe,"",Molhada,"",Não existe,Não há placas,"",Dupla,Faixa contínua,"",""