_id,DATA,hora,natureza_acidente,situacao,bairro,endereco,numero,detalhe_endereco_acidente,complemento,endereco_cruzamento,numero_cruzamento,referencia_cruzamento,bairro_cruzamento,num_semaforo,sentido_via,tipo,descricao,auto,moto,ciclom,ciclista,pedestre,onibus,caminhao,viatura,outros,vitimas,vitimasfatais,acidente_verificado,tempo_clima,situacao_semaforo,sinalizacao,condicao_via,conservacao_via,ponto_controle,situacao_placa,velocidade_max_via,mao_direcao,divisao_via1,divisao_via2,divisao_via3
6219,2019-07-19T00:00:00,10:23:00,SEM VÍTIMA,FINALIZADA,SANTO AMARO,AV CRUZ CABUGA,2160,"",EM FRENTE AO CLUBE DO CISNES,AV CRUZ CABUGA,2160,EM FRENTE AO CLUBE DO CISNES,SANTO AMARO,,SUBURBIO,CHOQUE OBJETO FIXO,CHOCOU-SE COM O PRISMA,1,,,,,,,,,0,,Longo da via,Chuvoso,Sem defeito,Não existente,Seca,Outros,Não existe,Outras,"",Dupla,Blocos,"",""
6220,2019-07-19T00:00:00,10:51:00,SEM VÍTIMA,FINALIZADA,IBURA,AV DOZE DE JUNHO,1010,RUA DA VITORIA,PRÓXIMO AO CRUZAMENTO DO LARGO,AV DOZE DE JUNHO,1010,PRÓXIMO AO CRUZAMENTO DO LARGO,IBURA,,"",ABALROAMENTO TRANSVERSAL,AUTO PASSEIO E VIATURA DA PM,1,,,,,,,1,,0,,Longo da via,Bom,Sem defeito,Incompleta,Seca,Mal conservada,Não existe,Não há placas,"",Dupla,Não existe,"",""
6221,2019-07-19T00:00:00,11:50:00,SEM VÍTIMA,FINALIZADA,IMBIRIBEIRA,AV MARECHAL MASCARENHAS DE MORAES,"","",POSTO DE COMBUSTÍVEL IPIRANGA,AV MARECHAL MASCARENHAS DE MORAES,"",POSTO DE COMBUSTÍVEL IPIRANGA,IMBIRIBEIRA,,SUBURBIO,ABALROAMENTO LONGITUDINAL,DOIS AUTOS,2,,,,,,,,,0,,Longo da via,Chuvoso,Não existe,Perfeito estado,Molhada,Perfeito estado,Não existe,Outras,"",Dupla,Canteiro central,"",""
6222,2019-07-19T00:00:00,11:52:00,SEM VÍTIMA,FINALIZADA,GRAÇAS,AV GOVERNADOR AGAMENON MAGALHAES,"",RUA JOAQUIM NABUCO,SEMÁFORO 174,AV GOVERNADOR AGAMENON MAGALHAES,"",SEMÁFORO 174,GRAÇAS,174,SUBURBIO,ABALROAMENTO TRANSVERSAL,DOIS AUTOS,2,,,,,,,,,0,,"",Nublado,Sem defeito,Perfeito estado,Molhada,Perfeito estado,Agente,Outras,60 km/h,Dupla,Faixa seccionada,Canteiro central,Canal
6223,2019-07-19T00:00:00,12:04:00,SEM VÍTIMA,FINALIZADA,ILHA DO LEITE,RUA ANTONIO GOMES DE FREITAS,"","",PRALA MIGUEL DE SERVANTE,RUA ANTONIO GOMES DE FREITAS,"",PRALA MIGUEL DE SERVANTE,ILHA DO LEITE,,SUBURBIO,ABALROAMENTO LONGITUDINAL,COLISAO ENTRE DOIS AUTOS S/V,2,,,,,,,,,0,,Cruzamento,Bom,Não existe,Perfeito estado,Seca,Perfeito estado,Não existe,Placas Pare,40 km/h,Única,Faixa seccionada,"",""
6224,2019-07-19T00:00:00,12:23:00,SEM VÍTIMA,FINALIZADA,APIPUCOS,"",581,RUA DOIS IRMAOS,MOTEL SENZALA,"",581,MOTEL SENZALA,APIPUCOS,,"",COLISÃO TRASEIRA,COLISÃO SEM VÍTIMA,2,,,,,,,,,0,,"",Chuvoso,Não existe,Perfeito estado,Molhada,Perfeito estado,Não existe,R-28,30 km/h,Dupla,Não existe,"",""
6225,2019-07-19T00:00:00,12:36:00,SEM VÍTIMA,FINALIZADA,IMBIRIBEIRA,AV MARECHAL MASCARENHAS DE MORAES,4896,"",TOLENTINO ENGENHARIA,AV MARECHAL MASCARENHAS DE MORAES,4896,TOLENTINO ENGENHARIA,IMBIRIBEIRA,,SUBURBIO,CHOQUE VEÍCULO PARADO,COLISAO ENTRE CAMINHAO E AUTO S/V,1,,,,,,1,,,0,,Longo da via,Bom,Não existe,Perfeito estado,Molhada,Perfeito estado,Não existe,Não há placas,60 km/h,Dupla,Canteiro central,"",""
6226,2019-07-19T00:00:00,12:38:00,SEM VÍTIMA,FINALIZADA,IMBIRIBEIRA,AV GENERAL MAC ARTHUR,"","",AV MAR MASCARENHAS DE MORAIS,AV GENERAL MAC ARTHUR,"",AV MAR MASCARENHAS DE MORAIS,IMBIRIBEIRA,225,CIDADE,ABALROAMENTO TRANSVERSAL,COLISÃO SEM VÍTIMA,2,,,,,,,,,0,,Cruzamento,Chuvoso,Sem defeito,"","","","","","","","","",""
6227,2019-07-19T00:00:00,13:01:00,SEM VÍTIMA,FINALIZADA,ENCRUZILHADA,RUA INACIO GALVAO DOS SANTOS,104,"",POR TRAS DO MERCADO DA ENCRUZILHADA NA PRAÇA DOS CAMINHONEIROS,RUA INACIO GALVAO DOS SANTOS,104,POR TRAS DO MERCADO DA ENCRUZILHADA NA PRAÇA DOS CAMINHONEIROS,ENCRUZILHADA,,"",COLISÃO,COLISAO ENTRE DOIS AUTOS S/V,2,,,,,,,,,0,,"","","","","","","","","","","","",""
6228,2019-07-19T00:00:00,13:18:00,SEM VÍTIMA,FINALIZADA,SANTO AMARO,RUA SAO GERALDO,"",AV MARIO MELO,LADO OPOSTO A ESCOLA ESTADUAL SILVIO RABELO,RUA SAO GERALDO,"",LADO OPOSTO A ESCOLA ESTADUAL SILVIO RABELO,SANTO AMARO,,"",ABALROAMENTO TRANSVERSAL,COLISÃO SEM VITIMAS,2,,,,,,,,,0,,Cruzamento,Chuvoso,Não existe,Não existente,Molhada,Mal conservada,Não existe,R-6a,"",Dupla,Canteiro central,"",""
6229,2019-07-19T00:00:00,15:40:00,SEM VÍTIMA,FINALIZADA,DERBY,AV GOVERNADOR AGAMENON MAGALHAES,1160,"",TRIBUNAL REGIONAL ELEITORAL DE PE,AV GOVERNADOR AGAMENON MAGALHAES,1160,TRIBUNAL REGIONAL ELEITORAL DE PE,DERBY,,SUBURBIO,ABALROAMENTO LONGITUDINAL,"",2,,,,,,,,,0,,Longo da via,Bom,Não existe,Perfeito estado,Seca,Perfeito estado,Não existe,Outras,60 km/h,Dupla,Canteiro central,"",""
6230,2019-07-19T00:00:00,15:49:00,SEM VÍTIMA,FINALIZADA,BOA VISTA,RUA GERVASIO PIRES,332,AV CONDE DA BOA VISTA,AO LADO DO SHOPPING BOA VISTA,RUA GERVASIO PIRES,332,AO LADO DO SHOPPING BOA VISTA,BOA VISTA,24,SUBURBIO,ABALROAMENTO LONGITUDINAL,COLISAO ENTRE DOIS AUTOS S/V,2,,,,,,,,,0,,Cruzamento,Bom,Sem defeito,Incompleta,Seca,Perfeito estado,Agente,Não há placas,40 km/h,Única,Faixa seccionada,"",""
6231,2019-07-19T00:00:00,16:03:00,SEM VÍTIMA,FINALIZADA,SANTO AMARO,AV DR JAYME DA FONTE,"",AV CRUZ CABUGA,"",AV DR JAYME DA FONTE,"","",SANTO AMARO,,SUBURBIO,COLISÃO TRASEIRA,COLISAO ENTRE TRES AUTOS S/V,3,,,,,,,,,0,,Longo da via,Bom,Sem defeito,Perfeito estado,Seca,Perfeito estado,Não existe,Não há placas,"",Dupla,Canteiro central,"",""
6232,2019-07-19T00:00:00,16:04:00,SEM VÍTIMA,FINALIZADA,IMBIRIBEIRA,AV MARECHAL MASCARENHAS DE MORAES,2682,"","",AV MARECHAL MASCARENHAS DE MORAES,2682,"",IMBIRIBEIRA,,CIDADE,ABALROAMENTO LONGITUDINAL,COLISÃO SEM VÍTIMA,2,,,,,,,,1,0,,Longo da via,Bom,Sem defeito,Perfeito estado,Seca,Perfeito estado,Faixa de pedestre,Não há placas,60 km/h,Dupla,Canteiro central,"",""
6233,2019-07-19T00:00:00,16:13:00,SEM VÍTIMA,FINALIZADA,SÃO JOSÉ,AV SUL,"","",EM FRENTE AS TORRES GÊMEAS,AV SUL,"",EM FRENTE AS TORRES GÊMEAS,SÃO JOSÉ,583,CIDADE,ABALROAMENTO LONGITUDINAL,COLISÃO SEM VÍTIMA,1,,,,,,1,,,0,,Longo da via,Bom,Sem defeito,Perfeito estado,Seca,Perfeito estado,Faixa de pedestre,Outras,"",Dupla,Canteiro central,"",""
6234,2019-07-19T00:00:00,16:52:00,SEM VÍTIMA,FINALIZADA,VÁRZEA,RUA ACADEMICO HELIO RAMOS,500,"",E/F A GRE METRO SUL,RUA ACADEMICO HELIO RAMOS,500,E/F A GRE METRO SUL,VÁRZEA,,"",COLISÃO,CLISAO ENTRE ONIBUS E AUTO S/V,1,,,,,1,,,,0,,Longo da via,Bom,Não existe,Perfeito estado,Seca,Perfeito estado,Faixa de pedestre,R-6a,"",Dupla,Faixa contínua,"",""
6235,2019-07-19T00:00:00,16:58:00,SEM VÍTIMA,FINALIZADA,TORRE,RUA REAL DA TORRE,1166,"",SUPERMERCADO EXTRA,RUA REAL DA TORRE,1166,SUPERMERCADO EXTRA,TORRE,,SUBURBIO,COLISÃO TRASEIRA,COLISÃO SEM VITIMAS,3,,,,,,,,,0,,Longo da via,Bom,Não existe,Perfeito estado,Seca,Perfeito estado,Não existe,Não há placas,"",Única,Faixa seccionada,"",""
6236,2019-07-19T00:00:00,17:40:00,SEM VÍTIMA,FINALIZADA,PRADO,RUA FIDELIS MOLITERNO,"",RUA DR CARLOS ALVES,"",RUA FIDELIS MOLITERNO,"","",PRADO,,SUBURBIO,ABALROAMENTO LONGITUDINAL,COLISÃO SEM VITIMAS,2,,,,,,,,,0,,Cruzamento,Chuvoso,Não existe,"",Molhada,Perfeito estado,Não existe,Não há placas,"",Dupla,Não existe,"",""
6237,2019-07-19T00:00:00,17:55:00,SEM VÍTIMA,FINALIZADA,SÃO JOSÉ,PRC DAS CINCO PONTAS,280,"",LADO OPOSTO A SÃO JOSÉ ATACADO E VAREJO,PRC DAS CINCO PONTAS,280,LADO OPOSTO A SÃO JOSÉ ATACADO E VAREJO,SÃO JOSÉ,,SUBURBIO,ABALROAMENTO LONGITUDINAL,COLISÃO SEM VITIMAS,1,1,,,,,,,,0,,Longo da via,Bom,Não existe,Não existente,Seca,Perfeito estado,Não existe,Outras,"",Dupla,Blocos,"",""
6238,2019-07-19T00:00:00,18:10:00,SEM VÍTIMA,FINALIZADA,IPSEP,RUA JEAN EMILE FAVRE,"",RUA BLUMENAU,"",RUA JEAN EMILE FAVRE,"","",IPSEP,101,SUBURBIO,ABALROAMENTO LONGITUDINAL,CIVIC X ONIBUS,1,,,,,1,,,,0,,Longo da via,Bom,Sem defeito,Perfeito estado,Seca,Perfeito estado,Faixa de pedestre,R-6a,60 km/h,Dupla,Faixa seccionada,"",""
6239,2019-07-19T00:00:00,18:24:00,COM VÍTIMA,FINALIZADA,BOA VIAGEM,AV DOM JOAO VI,"",AV ANTONIO TORRES GALVAO,WALMART,AV DOM JOAO VI,"",WALMART,BOA VIAGEM,543,SUBURBIO,ABALROAMENTO LONGITUDINAL,HONDA CIVIC X MOTO,1,1,,,,,,,,1,,Cruzamento,Bom,Sem defeito,Perfeito estado,Seca,Perfeito estado,Faixa de pedestre,Não há placas,"",Dupla,Canteiro central,"",""
6240,2019-07-19T00:00:00,18:49:00,COM VÍTIMA,FINALIZADA,CASA AMARELA,AV NORTE,"",AV PEDRO ALLAIN,"",AV NORTE,"","",CASA AMARELA,95,SUBURBIO,ABALROAMENTO TRANSVERSAL,MOTO E PRISMA,1,1,,,,,,,,2,,Cruzamento,Bom,Sem defeito,Perfeito estado,Seca,Perfeito estado,Faixa de pedestre,"","",Dupla,Canteiro central,"",""
6241,2019-07-19T00:00:00,19:00:00,SEM VÍTIMA,FINALIZADA,CORDEIRO,RUA DR MIGUEL VIEIRA FERREIRA,115,"",EM FRENTE AO Nº 115,RUA DR MIGUEL VIEIRA FERREIRA,115,EM FRENTE AO Nº 115,CORDEIRO,,CIDADE,COLISÃO TRASEIRA,ENTRE DOIS CARROS E UMA KOMBI,3,,,,,,,,,0,,Longo da via,Bom,Não existe,Incompleta,Seca,Perfeito estado,Não existe,R-6a,"",Dupla,Faixa seccionada,"",""
6242,2019-07-19T00:00:00,19:15:00,SEM VÍTIMA,FINALIZADA,BOA VIAGEM,AV ENGENHEIRO DOMINGOS FERREIRA,"","","",AV ENGENHEIRO DOMINGOS FERREIRA,"","",BOA VIAGEM,297,SUBURBIO,COLISÃO TRASEIRA,ENTRE DOIS AUTO S/V,2,,,,,,,,,0,,Longo da via,Bom,Sem defeito,Perfeito estado,Seca,Perfeito estado,"",R-6a,"",Dupla,Canteiro central,"",""
6243,2019-07-19T00:00:00,19:31:00,SEM VÍTIMA,FINALIZADA,BOA VIAGEM,RUA BARAO DE SOUZA LEAO,5313,"",EM FRENTE AO IBIS HOTEL,RUA BARAO DE SOUZA LEAO,5313,EM FRENTE AO IBIS HOTEL,BOA VIAGEM,,SUBURBIO,ABALROAMENTO LONGITUDINAL,ENTRE AUTO PASSEIO E ONIBUS,1,,,,,1,,,,0,,Longo da via,Bom,Não existe,Perfeito estado,Seca,Perfeito estado,Não existe,Não há placas,"",Única,Não existe,"",""
6244,2019-07-19T00:00:00,21:28:00,SEM VÍTIMA,CANCELADA,JAQUEIRA,RUA PADRE ROMA,"",RUA DO FUTURO,DE ESQUINA COM ALBERT SABIN,RUA PADRE ROMA,"",DE ESQUINA COM ALBERT SABIN,JAQUEIRA,,"",COLISÃO,AUTO X ONIBUS,1,,,,,1,,,,0,,"","","","","","","","","","","","",""
6245,2019-07-20T00:00:00,04:18:00,SEM VÍTIMA,CANCELADA,SÃO JOSÉ,AV DANTAS BARRETO,"","","NA PISTA LOCAL, PRÓX AO BRADESCO",AV DANTAS BARRETO,"","NA PISTA LOCAL, PRÓX AO BRADESCO",SÃO JOSÉ,,"",COLISÃO,"COLISÃO ENTRE DOIS ÔNIBUS, SEM VÍTIMAS",,,,,,2,,,,0,,"","","","","","","","","","","","",""
6246,2019-07-20T00:00:00,09:06:00,SEM VÍTIMA,FINALIZADA,IMBIRIBEIRA,AV MARECHAL MASCARENHAS DE MORAES,3468,"",EM FRENTE AO SAM'S CLUB E POSTO DE COBUSTÍVEL BR,AV MARECHAL MASCARENHAS DE MORAES,3468,EM FRENTE AO SAM'S CLUB E POSTO DE COBUSTÍVEL BR,IMBIRIBEIRA,289,SUBURBIO,COLISÃO TRASEIRA,TRES AUTOS,3,,,,,,,,,0,,Longo da via,Chuvoso,Sem defeito,Perfeito estado,Molhada,Perfeito estado,Faixa de pedestre,Outras,"",Dupla,Faixa contínua,Faixa seccionada,Canteiro central
6247,2019-07-20T00:00:00,09:07:00,SEM VÍTIMA,FINALIZADA,ALTO DO MANDU,RUA QUATRO DE MARCO,"","",CENTRO DE SAUDE JOAQUIM DA COSTA CARVALHO,RUA QUATRO DE MARCO,"",CENTRO DE SAUDE JOAQUIM DA COSTA CARVALHO,ALTO DO MANDU,,SUBURBIO,ABALROAMENTO LONGITUDINAL,SEM VITIMAS,1,,,,,,1,,,0,,Longo da via,Chuvoso,Não existe,Não existente,Molhada,Perfeito estado,Não existe,Não há placas,"",Dupla,Não existe,"",""
6248,2019-07-20T00:00:00,10:38:00,COM VÍTIMA,FINALIZADA,IBURA,AV SANTOS,160 - A,AV SANTOS,NA CURVA ACENTUADA A ESQUERDA,AV SANTOS,160 - A,NA CURVA ACENTUADA A ESQUERDA,IBURA,,SUBURBIO,ABALROAMENTO TRANSVERSAL,COLISÃO C/VITIMAS ENTRE DUAS MOTOS,,2,,,,,,,,1,,Cruzamento,Chuvoso,Não existe,Incompleta,Molhada,Mal iluminada,Outros,Placas Pare,"",Dupla,Faixa seccionada,"",""
6249,2019-07-20T00:00:00,10:58:00,SEM VÍTIMA,FINALIZADA,NOVA DESCOBERTA,AV VEREADOR OTACILIO AZEVEDO,1076,"",LADO OPOSTO AO Nº 1076,AV VEREADOR OTACILIO AZEVEDO,1076,LADO OPOSTO AO Nº 1076,NOVA DESCOBERTA,,SUBURBIO,COLISÃO TRASEIRA,SEM VITIMAS,2,,,,,,,,,0,,Longo da via,Chuvoso,Não existe,Perfeito estado,Molhada,Perfeito estado,Não existe,R-6a,"",Dupla,Faixa seccionada,"",""
6250,2019-07-20T00:00:00,11:44:00,SEM VÍTIMA,FINALIZADA,VÁRZEA,AV CAXANGA,"","",GOLF CLUBE,AV CAXANGA,"",GOLF CLUBE,VÁRZEA,,CIDADE,COLISÃO TRASEIRA,SEM VITIMAS,3,,,,,,,,,0,,Longo da via,Chuvoso,Não existe,Perfeito estado,Molhada,Perfeito estado,Não existe,Outras,60 km/h,Dupla,Canteiro central,"",""
6251,2019-07-20T00:00:00,12:32:00,SEM VÍTIMA,FINALIZADA,ESTÂNCIA,AV DR JOSE RUFINO,58,"",AO LADO DA COLÉGIO VISÃO,AV DR JOSE RUFINO,58,AO LADO DA COLÉGIO VISÃO,ESTÂNCIA,,SUBURBIO,ABALROAMENTO LONGITUDINAL,COLISAO ENTRE DOIS AUTOS S/V,2,,,,,,,,,0,,Longo da via,Chuvoso,Não existe,Incompleta,Molhada,Mal conservada,Não existe,Não há placas,60 km/h,Dupla,Faixa contínua,"",""
6252,2019-07-20T00:00:00,12:57:00,SEM VÍTIMA,FINALIZADA,IMBIRIBEIRA,AV MARECHAL MASCARENHAS DE MORAES,"",AV LUXEMBURGO,AO LADO DA FIAT ITALIANA,AV MARECHAL MASCARENHAS DE MORAES,"",AO LADO DA FIAT ITALIANA,IMBIRIBEIRA,,SUBURBIO,ABALROAMENTO LONGITUDINAL,SEM VITIMAS,1,,,,,1,,,,0,,Longo da via,Chuvoso,Sem defeito,Perfeito estado,Molhada,Perfeito estado,"","","",Única,Faixa seccionada,"",""
6253,2019-07-20T00:00:00,14:40:00,SEM VÍTIMA,FINALIZADA,AREIAS,RUA AIRES BELO,46,"","",RUA AIRES BELO,46,"",AREIAS,,SUBURBIO,COLISÃO FRONTAL,SEM VITIMAS,2,,,,,,,,,0,,Longo da via,Chuvoso,Não existe,Perfeito estado,Molhada,Perfeito estado,Não existe,Não há placas,30 km/h,Dupla,Faixa contínua,"",""
6254,2019-07-20T00:00:00,16:16:00,SEM VÍTIMA,FINALIZADA,ALTO JOSÉ BONIFÁCIO,RUA CORREGO DO EUCLIDES,"","",NA ROTATÓRIA EM FRENTE AO TERMINAL,RUA CORREGO DO EUCLIDES,"",NA ROTATÓRIA EM FRENTE AO TERMINAL,ALTO JOSÉ BONIFÁCIO,,CIDADE,COLISÃO TRASEIRA,COLISÃO C/VITIMAS ENTRE DOIS AUTOS,1,,,,,1,,,,0,,"",Chuvoso,Não existe,Perfeito estado,Molhada,Perfeito estado,Não existe,Não há placas,40 km/h,Dupla,Faixa seccionada,"",""
6255,2019-07-20T00:00:00,17:03:00,SEM VÍTIMA,FINALIZADA,BOA VISTA,AV GOVERNADOR AGAMENON MAGALHAES,"",RUA JOAO FERNANDES VIEIRA,EM FRENTE AO COLÉGIO AMERICANO BATISTA,AV GOVERNADOR AGAMENON MAGALHAES,"",EM FRENTE AO COLÉGIO AMERICANO BATISTA,BOA VISTA,37,SUBURBIO,ABALROAMENTO LONGITUDINAL,COLISÃO ENTRE DOIS AUTOS SEM VÍTIMA,2,,,,,,,,,0,,Cruzamento,Chuvoso,Sem defeito,Perfeito estado,Molhada,Perfeito estado,Faixa de pedestre,"",60 km/h,Dupla,Canteiro central,"",""
6256,2019-07-20T00:00:00,19:13:00,SEM VÍTIMA,FINALIZADA,BOA VIAGEM,RUA CORONEL SERGIO HENRIQUE CARDIM,115,"",RESTAURANTE CHICA PITANGA,RUA CORONEL SERGIO HENRIQUE CARDIM,115,RESTAURANTE CHICA PITANGA,BOA VIAGEM,,"",CHOQUE VEÍCULO PARADO,COROLA X FIAT ARGO,2,,,,,,,,,0,,Longo da via,Chuvoso,Não existe,"",Seca,Perfeito estado,Não existe,Outras,"",Única,Não existe,"",""
6257,2019-07-20T00:00:00,19:50:00,SEM VÍTIMA,FINALIZADA,HIPÓDROMO,RUA NOGUEIRA LIMA,"",RUA FONSECA OLIVEIRA,"",RUA NOGUEIRA LIMA,"","",HIPÓDROMO,,SUBURBIO,ABALROAMENTO TRANSVERSAL,ENTRE 2 AUTOS. S/V,2,,,,,,,,,0,,Cruzamento,Chuvoso,Não existe,"",Molhada,Perfeito estado,Outros,Outras,"",Dupla,Faixa seccionada,"",""
6258,2019-07-20T00:00:00,22:00:00,SEM VÍTIMA,FINALIZADA,DERBY,AV GOVERNADOR AGAMENON MAGALHAES,"","",HOSPITAL DA RESTAURAÇÃO,AV GOVERNADOR AGAMENON MAGALHAES,"",HOSPITAL DA RESTAURAÇÃO,DERBY,,SUBURBIO,ABALROAMENTO LONGITUDINAL,ENTRE AUTO E CAMINHÃO. S/V,1,,,,,,1,,,0,,Longo da via,Chuvoso,Sem defeito,Perfeito estado,Molhada,Perfeito estado,Outros,Não há placas,"",Única,Faixa seccionada,"",""
6259,2019-07-20T00:00:00,22:19:00,COM VÍTIMA,FINALIZADA,IBURA,AV DOIS RIOS,"","",LADEIRA DA COHAB,AV DOIS RIOS,"",LADEIRA DA COHAB,IBURA,,SUBURBIO,ABALROAMENTO TRANSVERSAL,KOMBI X MOTO,1,1,,,,,,,,1,,Longo da via,Chuvoso,Não existe,Perfeito estado,Molhada,Perfeito estado,Não existe,Não há placas,"",Dupla,Faixa contínua,Faixa seccionada,""
6260,2019-07-20T00:00:00,22:37:00,SEM VÍTIMA,FINALIZADA,CASA FORTE,AV DEZESSETE DE AGOSTO,"","",ENF QUARTEL DO EXERCITO E FARMACIA PAGUEMENOS,AV DEZESSETE DE AGOSTO,"",ENF QUARTEL DO EXERCITO E FARMACIA PAGUEMENOS,CASA FORTE,,"",COLISÃO,FOX X PALIO OBS: SUSPEITA DE EMBRIAGUEZ,2,,,,,,,,,0,,"","","","","","","","","","","","",""
6261,2019-07-20T00:00:00,22:41:00,SEM VÍTIMA,FINALIZADA,BOA VIAGEM,AVENIDA CELSO FURTADO (VIA MANGUE),"","",NA DESCIDA DO HIPER,AVENIDA CELSO FURTADO (VIA MANGUE),"",NA DESCIDA DO HIPER,BOA VIAGEM,,SUBURBIO,ABALROAMENTO LONGITUDINAL,ENTRE 2 AUTOS. S/V,2,,,,,,,,,0,,Longo da via,Chuvoso,Não existe,Não existente,Molhada,Perfeito estado,Não existe,Não há placas,"",Única,Faixa seccionada,"",""
6262,2019-07-20T00:00:00,23:47:00,SEM VÍTIMA,FINALIZADA,"",RUA ALTO DO EUCALIPTO,711,"",PROXIMO AO TERMINAL,RUA ALTO DO EUCALIPTO,711,PROXIMO AO TERMINAL,"",,SUBURBIO,CHOQUE OBJETO FIXO,ENTRE DOIS AUTO S/V ( MOTORISTA EMBREAGADO CAUSOU A COLISAO),2,,,,,,,,,0,,Longo da via,Chuvoso,Não existe,Perfeito estado,Molhada,Perfeito estado,Outros,Outras,"",Dupla,Faixa seccionada,"",""
6263,2019-07-20T00:00:00,23:54:00,COM VÍTIMA,FINALIZADA,IPSEP,AV RECIFE,"",RUA SAO NICOLAU,CASA DA BATERIA,AV RECIFE,"",CASA DA BATERIA,IPSEP,16,SUBURBIO,ABALROAMENTO TRANSVERSAL,ENTRE UM AUTO PASSEIO E MOTO COM VITIMA,1,1,,,,,,,,2,,Cruzamento,Chuvoso,Sem defeito,Perfeito estado,Molhada,Perfeito estado,Faixa de pedestre,"","",Dupla,Canteiro central,"",""
6264,2019-07-21T00:00:00,01:58:00,SEM VÍTIMA,FINALIZADA,BOA VIAGEM,RUA DOS NAVEGANTES,"",RUA ERNESTO DE PAULA SANTOS,"",RUA DOS NAVEGANTES,"","",BOA VIAGEM,,"",ABALROAMENTO TRANSVERSAL,ENTRE DOIS AUTO S/V,2,,,,,,,,,0,,Cruzamento,Bom,Não existe,Incompleta,Seca,Mal iluminada,Faixa de pedestre,Placas Pare,"",Dupla,Faixa seccionada,"",""
6265,2019-07-21T00:00:00,06:27:00,SEM VÍTIMA,FINALIZADA,VASCO DA GAMA,RUA ALTO DO EUCALIPTO,816,"","",RUA ALTO DO EUCALIPTO,816,"",VASCO DA GAMA,,SUBURBIO,CHOQUE VEÍCULO PARADO,COLISÃO SEM VITIMAS,2,1,,,,,,,,0,,Longo da via,Chuvoso,Não existe,Incompleta,Molhada,"",Não existe,Não há placas,30 km/h,Dupla,Não existe,"",""
6266,2019-07-21T00:00:00,07:43:00,SEM VÍTIMA,FINALIZADA,IMBIRIBEIRA,AV MARECHAL MASCARENHAS DE MORAES,1482,"","EM FRENTE A ENCRUZILHADA PNEUS, SENT. CIDADE",AV MARECHAL MASCARENHAS DE MORAES,1482,"EM FRENTE A ENCRUZILHADA PNEUS, SENT. CIDADE",IMBIRIBEIRA,,"",COLISÃO,DOIS AUTOS,2,,,,,,,,,0,,"","","","","","","","","","","","",""
6267,2019-07-21T00:00:00,10:15:00,COM VÍTIMA,FINALIZADA,PINA,AV HERCULANO BANDEIRA,825,"",SENTIDO DOMINGOS FERREIRA,AV HERCULANO BANDEIRA,825,SENTIDO DOMINGOS FERREIRA,PINA,,SUBURBIO,ABALROAMENTO TRANSVERSAL,AUTO E MOTO,1,1,,,,,,,,1,,Longo da via,Bom,Sem defeito,Perfeito estado,Seca,Perfeito estado,Outros,Outras,60 km/h,Única,Faixa seccionada,"",""
6268,2019-07-21T00:00:00,10:35:00,COM VÍTIMA,FINALIZADA,IMBIRIBEIRA,AV MARECHAL MASCARENHAS DE MORAES,"","",LADO OPOSTO AO AEROPORTO,AV MARECHAL MASCARENHAS DE MORAES,"",LADO OPOSTO AO AEROPORTO,IMBIRIBEIRA,,CID/SUB,ABALROAMENTO LONGITUDINAL,COM DUAS VITIMAS CTTU NO LOCAL/VT28,1,1,,,,,,,,2,,Longo da via,Bom,Não existe,Perfeito estado,Seca,Perfeito estado,Não existe,Não há placas,60 km/h,Única,"","",""
6269,2019-07-21T00:00:00,12:11:00,SEM VÍTIMA,FINALIZADA,BOA VIAGEM,RUA BALTAZAR PASSOS,"",RUA COSMORAMA,"",RUA BALTAZAR PASSOS,"","",BOA VIAGEM,556,SUBURBIO,ABALROAMENTO TRANSVERSAL,COLISÃO SEM VITIMA,2,,,,,,,,,0,,Cruzamento,Bom,Sem defeito,Perfeito estado,Seca,Perfeito estado,Faixa de retenção,"","",Única,Faixa seccionada,"",""
6270,2019-07-21T00:00:00,14:01:00,SEM VÍTIMA,FINALIZADA,BOA VIAGEM,AV CONSELHEIRO AGUIAR,2775,"",LAVANDERIA VIVAZ,AV CONSELHEIRO AGUIAR,2775,LAVANDERIA VIVAZ,BOA VIAGEM,,CIDADE,ABALROAMENTO TRANSVERSAL,COLISÃO SEM VÍTIMA,1,,,,,1,,,,0,,Longo da via,Bom,Não existe,Perfeito estado,Seca,Perfeito estado,Agente,R-6a,60 km/h,Única,Faixa contínua,"",""
6271,2019-07-21T00:00:00,14:13:00,SEM VÍTIMA,FINALIZADA,IMBIRIBEIRA,AV MARECHAL MASCARENHAS DE MORAES,1482,"",EM FRENTE A ENCRUZILHADA PNEUS,AV MARECHAL MASCARENHAS DE MORAES,1482,EM FRENTE A ENCRUZILHADA PNEUS,IMBIRIBEIRA,287,"",COLISÃO TRASEIRA,COLISÃO SEM VÍTIMA,2,,,,,,,,,0,,Longo da via,Bom,Sem defeito,Perfeito estado,Seca,Perfeito estado,Faixa de pedestre,Não há placas,"",Dupla,Faixa contínua,"",""
6272,2019-07-21T00:00:00,15:14:00,SEM VÍTIMA,CANCELADA,CASA AMARELA,COR DO BARTOLOMEU,61,"",PROXIMO AO BAR DO CHUVEIRÃO,COR DO BARTOLOMEU,61,PROXIMO AO BAR DO CHUVEIRÃO,CASA AMARELA,,"",COLISÃO,COLISÃO SEM VÍTIMA,2,,,,,,,,,0,,"","","","","","","","","","","","",""