_id,DATA,hora,natureza_acidente,situacao,bairro,endereco,numero,detalhe_endereco_acidente,complemento,endereco_cruzamento,numero_cruzamento,referencia_cruzamento,bairro_cruzamento,num_semaforo,sentido_via,tipo,descricao,auto,moto,ciclom,ciclista,pedestre,onibus,caminhao,viatura,outros,vitimas,vitimasfatais,acidente_verificado,tempo_clima,situacao_semaforo,sinalizacao,condicao_via,conservacao_via,ponto_controle,situacao_placa,velocidade_max_via,mao_direcao,divisao_via1,divisao_via2,divisao_via3
6273,2019-07-21T00:00:00,16:15:00,COM VÍTIMA,FINALIZADA,CAMPO GRANDE,RUA DONA ELVIRA,194,RUA FREDERICO,"",RUA DONA ELVIRA,194,"",CAMPO GRANDE,,SUBURBIO,ABALROAMENTO TRANSVERSAL,COLISÃO SEM VÍTIMA,1,1,,,,,,,,2,,Cruzamento,Bom,Não existe,Incompleta,Seca,Mal conservada,Não existe,Placas Pare,"",Dupla,Não existe,"",""
6274,2019-07-21T00:00:00,16:58:00,SEM VÍTIMA,FINALIZADA,DERBY,PRC DO DERBY,"","",EM FRENTE AO BANCO BRADESCO,PRC DO DERBY,"",EM FRENTE AO BANCO BRADESCO,DERBY,,SUBURBIO,ABALROAMENTO LONGITUDINAL,COLISÃO SEM VÍTIMA,2,,,,,,,,,0,,Longo da via,Bom,Sem defeito,Perfeito estado,Seca,Perfeito estado,Não existe,Outras,60 km/h,Única,Faixa seccionada,"",""
6275,2019-07-21T00:00:00,17:25:00,COM VÍTIMA,FINALIZADA,VÁRZEA,AV AFONSO OLINDENSE,"","",APÓS A LOMBADA ELETRÔNICA,AV AFONSO OLINDENSE,"",APÓS A LOMBADA ELETRÔNICA,VÁRZEA,,SUBURBIO,ABALROAMENTO TRANSVERSAL,01 AUTO E 01 MOTOCICLETA,1,,1,,,,,,,1,,Longo da via,Bom,Não existe,Perfeito estado,Seca,Perfeito estado,Não existe,Não há placas,"",Dupla,Faixa seccionada,"",""
6276,2019-07-21T00:00:00,19:01:00,SEM VÍTIMA,FINALIZADA,PINA,AV ANTONIO DE GOES,"","",TROCAO,AV ANTONIO DE GOES,"",TROCAO,PINA,,CIDADE,CHOQUE OBJETO FIXO,HONDA CIVIC OBS: VEICULO SE CHOCA-SE COM POSTE E MOTORISTA SE EVADIU DO LOCAL DEIXANDO O VEICULO NO MEIO DA VIA,1,,,,,,,,,0,,Longo da via,Bom,Não existe,Perfeito estado,Seca,Perfeito estado,Não existe,Não há placas,"",Única,Canteiro central,"",""
6277,2019-07-21T00:00:00,20:35:00,COM VÍTIMA,FINALIZADA,BOA VIAGEM,RUA PROFESSOR JOAO MEDEIROS,457,RUA RIBEIRO DE BRITO,NA ESQUINA DA LOJA TIDELLI E LOJA HONDA BEIRA CANAL,RUA PROFESSOR JOAO MEDEIROS,457,NA ESQUINA DA LOJA TIDELLI E LOJA HONDA BEIRA CANAL,BOA VIAGEM,332,CIDADE,COLISÃO COM CICLISTA,AUTO X CICLISTA,1,,,1,,,,,,1,,Cruzamento,Bom,Sem defeito,Perfeito estado,Seca,Perfeito estado,Faixa de pedestre,Não há placas,"",Única,Faixa seccionada,Canteiro central,Blocos
6278,2019-07-21T00:00:00,20:54:00,COM VÍTIMA,FINALIZADA,IMBIRIBEIRA,AV MARECHAL MASCARENHAS DE MORAES,"","",SEMAFORO 626,AV MARECHAL MASCARENHAS DE MORAES,"",SEMAFORO 626,IMBIRIBEIRA,,CIDADE,COLISÃO TRASEIRA,AUTO X MOTO OBS: SUSPEITA DE EMBRIAGUEZ,1,1,,,,,,,,1,,Longo da via,Bom,Sem defeito,Perfeito estado,Seca,"",Faixa de pedestre,"","",Dupla,Canteiro central,"",""
6279,2019-07-22T00:00:00,00:36:00,SEM VÍTIMA,FINALIZADA,BREJO DE BEBERIBE,AV VEREADOR OTACILIO AZEVEDO,961,RUA TUPIRACABA,LADO OPOSTO AO Nº 961,AV VEREADOR OTACILIO AZEVEDO,961,LADO OPOSTO AO Nº 961,BREJO DE BEBERIBE,,SUBURBIO,COLISÃO FRONTAL,"COLISÃO ENTRE DOIS AUTOS, S/V",2,,,,,,,,,0,,Longo da via,Chuvoso,Não existe,Perfeito estado,Molhada,Perfeito estado,Não existe,Não há placas,"",Dupla,Faixa seccionada,"",""
6280,2019-07-22T00:00:00,00:37:00,SEM VÍTIMA,FINALIZADA,BOA VIAGEM,RUA RIBEIRO DE BRITO,1009,RUA TENENTE DOMINGOS DE BRITO,FARMÁCIA DROGASIL,RUA RIBEIRO DE BRITO,1009,FARMÁCIA DROGASIL,BOA VIAGEM,331,SUBURBIO,ABALROAMENTO TRANSVERSAL,"COLISÃO ENTRE DOIS AUTOS, SEM VÍTIMAS.",2,,,,,,,,,0,,Cruzamento,Chuvoso,Intermitente,Perfeito estado,Molhada,Perfeito estado,Faixa de pedestre,Outras,"",Única,Faixa seccionada,"",""
6281,2019-07-22T00:00:00,06:38:00,SEM VÍTIMA,FINALIZADA,BOA VIAGEM,AV BOA VIAGEM,110,"",EDF. MAR AZUL,AV BOA VIAGEM,110,EDF. MAR AZUL,BOA VIAGEM,,SUBURBIO,ABALROAMENTO LONGITUDINAL,TRES AUTOS,3,,,,,,,,,0,,Longo da via,Chuvoso,Não existe,Perfeito estado,Molhada,Perfeito estado,Não existe,Não há placas,"",Única,Faixa seccionada,"",""
6282,2019-07-22T00:00:00,07:02:00,SEM VÍTIMA,CANCELADA,DERBY,RUA JENER DE SOUZA,"","",PRAÇA DO DERBY,RUA JENER DE SOUZA,"",PRAÇA DO DERBY,DERBY,418,"",COLISÃO,SEM VITIMAS/CTTU NO LOCAL/BATEDOR N VT MOTO31,1,,,,,1,,,,0,,"","","","","","","","","","","","",""
6283,2019-07-22T00:00:00,07:37:00,SEM VÍTIMA,FINALIZADA,BOA VISTA,AV GOVERNADOR AGAMENON MAGALHAES,"",PRC PARQUE AMORIM,"",AV GOVERNADOR AGAMENON MAGALHAES,"","",BOA VISTA,173,"",COLISÃO TRASEIRA,COLISÃO S/VITIMAS ENTRE DOIS UM ONIBUS E AUTO,1,,,,,1,,,,0,,Cruzamento,Chuvoso,Sem defeito,Perfeito estado,Seca,Perfeito estado,Faixa de pedestre,Outras,"",Dupla,Canteiro central,"",""
6284,2019-07-22T00:00:00,07:44:00,SEM VÍTIMA,FINALIZADA,IPSEP,AV RECIFE,"",RUA JEAN EMILE FAVRE,SOB SEM 130,AV RECIFE,"",SOB SEM 130,IPSEP,130,SUBURBIO,COLISÃO TRASEIRA,TRES AUTOS,3,,,,,,,,,0,,Longo da via,Chuvoso,"","","","",Faixa de pedestre,R-6a,"",Dupla,"","",""
6285,2019-07-22T00:00:00,07:45:00,COM VÍTIMA,FINALIZADA,TEJIPIÓ,RUA APRIGIO GUIMARAES,585,"",EM FRENTE AO HOSPITAL OTAVIO DE FREITAS,RUA APRIGIO GUIMARAES,585,EM FRENTE AO HOSPITAL OTAVIO DE FREITAS,TEJIPIÓ,,SUBURBIO,COLISÃO TRASEIRA,AUTO E MOTO C/V LOCAL DESCARACTERIZADO,1,1,,,,,,,,1,,Longo da via,Chuvoso,Não existe,Não existente,Molhada,Perfeito estado,Não existe,Não há placas,40 km/h,Dupla,Não existe,"",""
6286,2019-07-22T00:00:00,07:48:00,COM VÍTIMA,FINALIZADA,MADALENA,AV VISCONDE DE ALBUQUERQUE,474,"",EM FRENTE A LOJA PROJETOS MOVEIS PLANEJADOS. LADO OPOSTO AO PET SHOT KERO KOLO.,AV VISCONDE DE ALBUQUERQUE,474,EM FRENTE A LOJA PROJETOS MOVEIS PLANEJADOS. LADO OPOSTO AO PET SHOT KERO KOLO.,MADALENA,,SUBURBIO,ABALROAMENTO LONGITUDINAL,COLISÃO COM UMA VITIMA AGUARDANDO SOCORRO,1,1,,,,,,,,1,,Longo da via,Chuvoso,Não existe,Perfeito estado,Molhada,Perfeito estado,Não existe,Não há placas,"",Única,Faixa seccionada,"",""
6287,2019-07-22T00:00:00,08:20:00,SEM VÍTIMA,FINALIZADA,GRAÇAS,RUA AMELIA,"","",POSTO DE COMBUSTÍVEL SHELL,RUA AMELIA,"",POSTO DE COMBUSTÍVEL SHELL,GRAÇAS,,CIDADE,COLISÃO TRASEIRA,SEM VITIMAS,3,1,,,,,,,,0,,Longo da via,Chuvoso,Não existe,Perfeito estado,Molhada,Perfeito estado,Não existe,Outras,40 km/h,Única,Não existe,"",""
6288,2019-07-22T00:00:00,09:11:00,SEM VÍTIMA,FINALIZADA,BOA VIAGEM,AV CONSELHEIRO AGUIAR,2394,"",EM FRENTE A LOJA PRATA DA CASA,AV CONSELHEIRO AGUIAR,2394,EM FRENTE A LOJA PRATA DA CASA,BOA VIAGEM,,SUBURBIO,COLISÃO TRASEIRA,SEM VITIMAS,2,,,,,,,,,0,,Longo da via,Chuvoso,Não existe,"",Molhada,Perfeito estado,Não existe,R-6a,60 km/h,Única,Faixa seccionada,"",""
6289,2019-07-22T00:00:00,09:43:00,SEM VÍTIMA,CANCELADA,CASA AMARELA,AV NORTE,6318,RUA VASCO DA GAMA,EM FRENTE A MULTI PEÇAS,AV NORTE,6318,EM FRENTE A MULTI PEÇAS,CASA AMARELA,66,"",ACID. DE PERCURSO,SEM VITIMAS,,1,,,,,,,,0,,"","","","","","","","","","","","",""
6290,2019-07-22T00:00:00,10:09:00,SEM VÍTIMA,FINALIZADA,CORDEIRO,AV GENERAL SAN MARTIN,1083,"",EM FRENTE AOS CORREIOS,AV GENERAL SAN MARTIN,1083,EM FRENTE AOS CORREIOS,CORDEIRO,,"",ABALROAMENTO LONGITUDINAL,SEM VITIMAS CTTU NO LOCAL,2,,,,,,,,,0,,Longo da via,Chuvoso,Não existe,Perfeito estado,Molhada,Perfeito estado,Não existe,R-6a,"",Dupla,Faixa contínua,"",""
6291,2019-07-22T00:00:00,10:30:00,SEM VÍTIMA,FINALIZADA,IPUTINGA,AV CAXANGA,4038,EST DO BARBALHO,EM FRENTE AO WALMART,AV CAXANGA,4038,EM FRENTE AO WALMART,IPUTINGA,533,SUBURBIO,COLISÃO TRASEIRA,COLISÃO S/VITIMAS ENTRE DOS AUTOS,2,,,,,,,,,0,,Cruzamento,Bom,Sem defeito,Perfeito estado,Molhada,Perfeito estado,Faixa de pedestre,Não há placas,60 km/h,Dupla,Canteiro central,"",""
6292,2019-07-22T00:00:00,10:51:00,SEM VÍTIMA,CANCELADA,SÃO JOSÉ,RUA SANTA RITA,675,"",RUA AO LADO DO GRANDE RECIFE,RUA SANTA RITA,675,RUA AO LADO DO GRANDE RECIFE,SÃO JOSÉ,,"",COLISÃO,DOIS AUTOS,2,,,,,,,,,0,,"","","","","","","","","","","","",""
6293,2019-07-22T00:00:00,10:54:00,SEM VÍTIMA,FINALIZADA,AFOGADOS,EST DOS REMEDIOS,65,"","",EST DOS REMEDIOS,65,"",AFOGADOS,,CIDADE,ABALROAMENTO LONGITUDINAL,SEM VITIMAWS,1,,,,,1,,,,0,,Longo da via,Chuvoso,Não existe,Perfeito estado,Molhada,Perfeito estado,Não existe,R-6a,"",Dupla,Faixa contínua,"",""
6294,2019-07-22T00:00:00,11:13:00,SEM VÍTIMA,FINALIZADA,SANTO AMARO,RUA DA SAUDADE,"","",SEMÁFORO 168,RUA DA SAUDADE,"",SEMÁFORO 168,SANTO AMARO,168,CIDADE,ABALROAMENTO LONGITUDINAL,"COLISÃO ENTRE UM CARRO-FORTE E UM AUTO, SEM VÍTIMAS.",1,,,,,,1,,,0,,Longo da via,Chuvoso,Sem defeito,Perfeito estado,Molhada,Perfeito estado,Faixa de pedestre,R-6a,"",Única,Faixa seccionada,"",""
6295,2019-07-22T00:00:00,11:36:00,SEM VÍTIMA,CANCELADA,SANTO AMARO,AV CRUZ CABUGA,"","",EM FRENTE A ASSEMBLEIA DE DEUS,AV CRUZ CABUGA,"",EM FRENTE A ASSEMBLEIA DE DEUS,SANTO AMARO,,CIDADE,COLISÃO,COLISÃO S/VITIMAS ENTRE DOIS AUTOS,2,,,,,,,,,0,,"","","","","","","","","","","","",""
6296,2019-07-22T00:00:00,12:20:00,SEM VÍTIMA,FINALIZADA,VÁRZEA,AV AFONSO OLINDENSE,"",RUA AZEREDO COUTINHO,AO LADO DA PRAÇA DA VARZEA,AV AFONSO OLINDENSE,"",AO LADO DA PRAÇA DA VARZEA,VÁRZEA,,SUBURBIO,ABALROAMENTO TRANSVERSAL,COLISAO ENTRE DOIS AUTOS S/V,2,,,,,,,,,0,,Cruzamento,Chuvoso,Não existe,Incompleta,Molhada,Perfeito estado,Não existe,Não há placas,"",Única,Não existe,"",""
6297,2019-07-22T00:00:00,12:22:00,SEM VÍTIMA,FINALIZADA,IMBIRIBEIRA,"","","",EM FRENTE A LOJA GRILO,"","",EM FRENTE A LOJA GRILO,IMBIRIBEIRA,,SUBURBIO,COLISÃO,ENTRE UM AUTO PASSEIO E ONIBUS S/V,1,,,,,1,,,,0,,"","","","","","","","","","","","",""
6298,2019-07-22T00:00:00,12:53:00,SEM VÍTIMA,FINALIZADA,BOA VIAGEM,AV DOM JOAO VI,"",AV ANTONIO TORRES GALVAO,LADO OPOSTO AO RESTAURANTE HORA CERTA,AV DOM JOAO VI,"",LADO OPOSTO AO RESTAURANTE HORA CERTA,BOA VIAGEM,543,SUBURBIO,COLISÃO TRASEIRA,SEM VITIMAS,2,,,,,,,,,0,,Cruzamento,Chuvoso,Sem defeito,Perfeito estado,Molhada,Perfeito estado,Outros,Outras,60 km/h,Dupla,Blocos,"",""
6299,2019-07-22T00:00:00,13:51:00,SEM VÍTIMA,CANCELADA,CAXANGÁ,RUA EMILIANO BRAGA,485,"",POR TRAS DA INTEGRAÇÃO DA CAXANGA,RUA EMILIANO BRAGA,485,POR TRAS DA INTEGRAÇÃO DA CAXANGA,CAXANGÁ,,"",COLISÃO,ENTRE DOIS AUTO S/V,2,,,,,,,,,0,,"","","","","","","","","","","","",""
6300,2019-07-22T00:00:00,17:08:00,SEM VÍTIMA,FINALIZADA,IMBIRIBEIRA,AV MARECHAL MASCARENHAS DE MORAES,4555,"",EM FRENTE A TOYOLEX,AV MARECHAL MASCARENHAS DE MORAES,4555,EM FRENTE A TOYOLEX,IMBIRIBEIRA,,CIDADE,ABALROAMENTO LONGITUDINAL,COLISAO ENTRE AUTO E MOTO S/V,1,1,,,,,,,,0,,Longo da via,Chuvoso,Não existe,Perfeito estado,Molhada,Perfeito estado,Não existe,Não há placas,"",Dupla,Faixa seccionada,Canteiro central,""
6301,2019-07-22T00:00:00,17:48:00,SEM VÍTIMA,CANCELADA,CAXANGÁ,RUA RIBEIRO PESSOA,"","",EM FRENTE DA UPA DA CAXANGA,RUA RIBEIRO PESSOA,"",EM FRENTE DA UPA DA CAXANGA,CAXANGÁ,,"",COLISÃO,SEM VITIMA,1,,,,,,1,,,0,,"","","","","","","","","","","","",""
6302,2019-07-22T00:00:00,18:10:00,COM VÍTIMA,FINALIZADA,ARRUDA,RUA DO MACHADO,886,RUA MANOEL SILVA,E/F AO BAR SANTO DOM,RUA DO MACHADO,886,E/F AO BAR SANTO DOM,ARRUDA,,SUBURBIO,ABALROAMENTO TRANSVERSAL,ENTRE AUTO E MOTO. C/V,1,1,,,,,,,,1,,Cruzamento,Chuvoso,Não existe,Perfeito estado,Molhada,Perfeito estado,Faixa de pedestre,Placas Pare,"",Dupla,Faixa contínua,"",""
6303,2019-07-22T00:00:00,18:25:00,SEM VÍTIMA,FINALIZADA,ESPINHEIRO,RUA MARQUES DO PARANA,320,RUA GOMES PACHECO,PRÓXIMO DOM HÉLDER CAMARA,RUA MARQUES DO PARANA,320,PRÓXIMO DOM HÉLDER CAMARA,ESPINHEIRO,,SUBURBIO,CHOQUE,VEÍCULO CAÍDO EM UM BURACO DE OBRA. CONDUTORA SOLICITA O APOIO DA CTTU NO LOCAL,1,,,,,,,,,0,,Cruzamento,Chuvoso,"",Perfeito estado,Seca,Mal conservada,Não existe,Não há placas,"",Única,Faixa seccionada,"",""
6304,2019-07-22T00:00:00,18:50:00,SEM VÍTIMA,FINALIZADA,SANTO AMARO,AV CRUZ CABUGA,"","",ENF AO MERCADO MUNICIPAL DE SANTO AMARO,AV CRUZ CABUGA,"",ENF AO MERCADO MUNICIPAL DE SANTO AMARO,SANTO AMARO,,CIDADE,COLISÃO TRASEIRA,ONIBUS CIDADE ALTA X FORD KA,1,,,,,1,,,,0,,Longo da via,Chuvoso,Não existe,Ilegível,Molhada,Mal iluminada,Não existe,Não há placas,"",Dupla,Não existe,"",""
6305,2019-07-22T00:00:00,19:35:00,SEM VÍTIMA,FINALIZADA,BOA VIAGEM,"","",AV FERNANDO SIMOES BARBOSA,"","","","",BOA VIAGEM,183,CIDADE,ABALROAMENTO LONGITUDINAL,ENTRE 2 AUTOS. S/V,2,,,,,,,,,0,,Longo da via,Chuvoso,Não existe,Perfeito estado,Molhada,Perfeito estado,Faixa de pedestre,Não há placas,"",Única,"","",""
6306,2019-07-22T00:00:00,19:56:00,SEM VÍTIMA,FINALIZADA,MADALENA,RUA JOSE OSORIO,417,"","",RUA JOSE OSORIO,417,"",MADALENA,,SUBURBIO,COLISÃO TRASEIRA,FAIT X LOGAN VT DA CTTU 06 NO LOCAL,2,,,,,,,,,0,,Longo da via,Bom,Não existe,Ilegível,Molhada,Mal iluminada,Não existe,Não há placas,"",Única,Faixa seccionada,"",""
6307,2019-07-22T00:00:00,20:12:00,SEM VÍTIMA,FINALIZADA,IMBIRIBEIRA,AV SUL,"","","",AV SUL,"","",IMBIRIBEIRA,,CIDADE,COLISÃO TRASEIRA,ENTRE 2 AUTOS. S/V,2,,,,,,,,,0,,Longo da via,Chuvoso,Não existe,Não existente,Molhada,Mal iluminada,Não existe,Não há placas,"",Dupla,Não existe,"",""
6308,2019-07-22T00:00:00,20:20:00,SEM VÍTIMA,FINALIZADA,SAN MARTIN,RUA ITAPEMIRIM,"",AV CONSUL VILARES FRAGOSO,"",RUA ITAPEMIRIM,"","",SAN MARTIN,,"",ABALROAMENTO LONGITUDINAL,UNO X MOTO,1,1,,,,,,,,0,,Cruzamento,Chuvoso,Não existe,Ilegível,Molhada,Mal iluminada,Não existe,Não há placas,"",Dupla,Não existe,"",""
6309,2019-07-22T00:00:00,21:04:00,COM VÍTIMA,FINALIZADA,TORRE,RUA JOSE BONIFACIO,"",RUA REAL DA TORRE,POR TRÁS DO ATACADO DOS PRESENTES / E/F A DROGASIL,RUA JOSE BONIFACIO,"",POR TRÁS DO ATACADO DOS PRESENTES / E/F A DROGASIL,TORRE,,SUBURBIO,COLISÃO TRASEIRA,AUTO E MOTO.,1,1,,,,,,,,2,,Outros,Chuvoso,Não existe,Perfeito estado,Molhada,Perfeito estado,"",R-6a,40 km/h,Única,"","",""
6310,2019-07-22T00:00:00,21:21:00,SEM VÍTIMA,CANCELADA,BOA VIAGEM,VIADUTO TANCREDO NEVES,"","",ENCIMA DO VIADUTO SENTIDO AV RECIFE NO COMEÇO DO VIADUTO,VIADUTO TANCREDO NEVES,"",ENCIMA DO VIADUTO SENTIDO AV RECIFE NO COMEÇO DO VIADUTO,BOA VIAGEM,,"",ENGAVETAMENTO,PRISMA X AUTO X PALIO,3,,,,,,,,,0,,"","","","","","","","","","","","",""
6311,2019-07-22T00:00:00,21:51:00,COM VÍTIMA,FINALIZADA,IBURA,AV DOIS RIOS,"","",PROX A POLICLINICA NA LADEIRA DA COHAB / GIRADOR HOTEL.,AV DOIS RIOS,"",PROX A POLICLINICA NA LADEIRA DA COHAB / GIRADOR HOTEL.,IBURA,,SUBURBIO,COLISÃO FRONTAL,MOTO X AUTO,1,1,,,,,,,,1,,Longo da via,Chuvoso,Não existe,Não existente,Molhada,Mal iluminada,Não existe,Não há placas,40 km/h,Dupla,Faixa contínua,"",""
6312,2019-07-23T00:00:00,02:21:00,SEM VÍTIMA,FINALIZADA,BOA VIAGEM,RUA ERNESTO DE PAULA SANTOS,"",RUA VISCONDE DE JEQUITINHONHA,SUPERMERCADO SOBERANO,RUA ERNESTO DE PAULA SANTOS,"",SUPERMERCADO SOBERANO,BOA VIAGEM,304,"",ABALROAMENTO TRANSVERSAL,"COLISÃO ENTRE DOIS AUTOS, SEM VÍTIMAS",2,,,,,,,,,0,,Cruzamento,Chuvoso,Sem defeito,Perfeito estado,Molhada,Perfeito estado,"","","",Única,Faixa seccionada,"",""
6313,2019-07-23T00:00:00,06:02:00,COM VÍTIMA,FINALIZADA,APIPUCOS,RUA CORONEL JOAO BATISTA DO REGO BARROS,"",AV NORTE,SEMAFORO Nº 671,RUA CORONEL JOAO BATISTA DO REGO BARROS,"",SEMAFORO Nº 671,APIPUCOS,,CIDADE,CHOQUE OBJETO FIXO,CHOQUE AUTO PASSEIO E PRISMA E O SEMAFORO Nº671,1,,,,,,,,,1,,Longo da via,Chuvoso,Desligado,Perfeito estado,Molhada,Perfeito estado,"",Outras,"",Dupla,Canteiro central,"",""
6314,2019-07-23T00:00:00,07:27:00,SEM VÍTIMA,CANCELADA,BAIRRO DO RECIFE,CAIS DO APOLO,"","",EM FRENTE A PREFEITURA DO RECIFE,CAIS DO APOLO,"",EM FRENTE A PREFEITURA DO RECIFE,BAIRRO DO RECIFE,,"",COLISÃO,COLISÃO SEM VITIMAS,1,1,,,,,,,,0,,"","","","","","","","","","","","",""
6315,2019-07-23T00:00:00,07:35:00,SEM VÍTIMA,FINALIZADA,PINA,RUA MANOEL DE BRITO,"","",EM FRENTE AO 19º BPM,RUA MANOEL DE BRITO,"",EM FRENTE AO 19º BPM,PINA,,CIDADE,COLISÃO TRASEIRA,SEM VITIMAS,,,,1,,,,1,,0,,Longo da via,Chuvoso,Não existe,Perfeito estado,Molhada,Perfeito estado,Faixa de retenção,Outras,"",Única,Não existe,"",""
6316,2019-07-23T00:00:00,07:56:00,SEM VÍTIMA,FINALIZADA,PINA,AV ANTONIO DE GOES,"","",EM FRENTE AO POSTO PETROBRAS,AV ANTONIO DE GOES,"",EM FRENTE AO POSTO PETROBRAS,PINA,,CIDADE,COLISÃO TRASEIRA,SEM VITIMAS CTTU NO LOCAL SUB INSP NATALICIO VAI FAZER O B.O,2,,,,,,,,,0,,Longo da via,Chuvoso,Não existe,Perfeito estado,Molhada,Perfeito estado,Não existe,Não há placas,60 km/h,Única,Faixa seccionada,Canteiro central,""
6317,2019-07-23T00:00:00,08:16:00,COM VÍTIMA,FINALIZADA,DERBY,AV GOVERNADOR AGAMENON MAGALHAES,3849,"",EM FRENTE AO MC DONALDS,AV GOVERNADOR AGAMENON MAGALHAES,3849,EM FRENTE AO MC DONALDS,DERBY,,OLINDA,ABALROAMENTO LONGITUDINAL,COM UMA VITIMA. CTTU NO LOCAL,1,1,,,,,,,,2,,Longo da via,Chuvoso,Sem defeito,Perfeito estado,Molhada,Perfeito estado,Faixa de pedestre,Outras,60 km/h,Dupla,Canteiro central,"",""
6318,2019-07-23T00:00:00,09:15:00,SEM VÍTIMA,CANCELADA,BOA VIAGEM,AV ENGENHEIRO DOMINGOS FERREIRA,2200,"","EM FRENTE A IMOBILIARIA PULO MIRANDA, NO POSTO DE GASOLINA BR",AV ENGENHEIRO DOMINGOS FERREIRA,2200,"EM FRENTE A IMOBILIARIA PULO MIRANDA, NO POSTO DE GASOLINA BR",BOA VIAGEM,,"",COLISÃO,DOIS AUTOS,2,,,,,,,,,0,,"","","","","","","","","","","","",""
6319,2019-07-23T00:00:00,09:15:00,SEM VÍTIMA,CANCELADA,MADALENA,RUA PESSOA DE MELO,199,RUA DOM JOAO DE SOUZA,RUA DA IGREJA CATOLICA DA MADALENA,RUA PESSOA DE MELO,199,RUA DA IGREJA CATOLICA DA MADALENA,MADALENA,,"",COLISÃO,SEM VITIMAS,2,,,,,,,,,0,,"","","","","","","","","","","","",""
6320,2019-07-23T00:00:00,09:16:00,SEM VÍTIMA,FINALIZADA,BOA VIAGEM,RUA JOAO CARDOSO AIRES,"",RUA JOSE HIPOLITO CARDOSO,"",RUA JOAO CARDOSO AIRES,"","",BOA VIAGEM,,SUBURBIO,ABALROAMENTO TRANSVERSAL,COLISAO SEM VITIMAS,2,,,,,,,,,0,,Cruzamento,Chuvoso,Não existe,Perfeito estado,Molhada,Perfeito estado,Faixa de retenção,Placas Pare,40 km/h,Única,Faixa contínua,"",""
6321,2019-07-23T00:00:00,09:26:00,SEM VÍTIMA,CANCELADA,ESPINHEIRO,RUA QUARENTA E OITO,"",RUA CONS PORTELA,ENFRENTE A PAGUE MENOS,RUA QUARENTA E OITO,"",ENFRENTE A PAGUE MENOS,ESPINHEIRO,,"",COLISÃO,COLISAO SEM VITIMAS,1,1,,,,,,,,0,,"","","","","","","","","","","","",""
6322,2019-07-23T00:00:00,09:31:00,SEM VÍTIMA,FINALIZADA,ARRUDA,AV PROFESSOR JOSE DOS ANJOS,"","",IGREJA ASSEMBLEIA DE DEUS,AV PROFESSOR JOSE DOS ANJOS,"",IGREJA ASSEMBLEIA DE DEUS,ARRUDA,642,SUBURBIO,COLISÃO TRASEIRA,DOIS AUTOS,2,,,,,,,,,0,,Longo da via,Bom,Sem defeito,Perfeito estado,Molhada,Perfeito estado,Faixa de pedestre,Não há placas,60 km/h,Única,Faixa contínua,"",""
6323,2019-07-23T00:00:00,09:56:00,SEM VÍTIMA,FINALIZADA,IMBIRIBEIRA,AV MARECHAL MASCARENHAS DE MORAES,6133,"",LADO OPOSTO A FOCO ALUGUEL DE VEICULOS,AV MARECHAL MASCARENHAS DE MORAES,6133,LADO OPOSTO A FOCO ALUGUEL DE VEICULOS,IMBIRIBEIRA,,SUBURBIO,ABALROAMENTO LONGITUDINAL,SEM VITIMAS,1,,,,,,1,,1,0,,Longo da via,Chuvoso,Não existe,Perfeito estado,Molhada,Perfeito estado,Não existe,Não há placas,60 km/h,Dupla,Faixa seccionada,Canteiro central,""
6324,2019-07-23T00:00:00,10:11:00,SEM VÍTIMA,FINALIZADA,BOA VIAGEM,AV ENGENHEIRO DOMINGOS FERREIRA,1761,"",LADO OPOSTO AO N 1761 / DENTAL SORRISO,AV ENGENHEIRO DOMINGOS FERREIRA,1761,LADO OPOSTO AO N 1761 / DENTAL SORRISO,BOA VIAGEM,,SUBURBIO,COLISÃO TRASEIRA,4 AUTOS,4,,,,,,,,,0,,Longo da via,Bom,Não existe,Perfeito estado,Seca,Perfeito estado,Não existe,Outras,"",Única,Canteiro central,"",""
6325,2019-07-23T00:00:00,10:38:00,SEM VÍTIMA,FINALIZADA,SANTO AMARO,AV GOVERNADOR AGAMENON MAGALHAES,2615,"",EMPRESARIAL BARLE MARY,AV GOVERNADOR AGAMENON MAGALHAES,2615,EMPRESARIAL BARLE MARY,SANTO AMARO,,SUBURBIO,COLISÃO TRASEIRA,COLISAO SEM VITMAS,2,,,,,,,,,0,,Longo da via,Chuvoso,Não existe,Perfeito estado,Molhada,Perfeito estado,Não existe,Não há placas,60 km/h,Única,Canteiro central,"",""
6326,2019-07-23T00:00:00,14:12:00,COM VÍTIMA,CANCELADA,IBURA,TRV JOAO RIO BRANCO DE LIMA,"",RUA FRANCISCO MIRANDA,EM FRENTE AO POSTO DE SAÚDE UR12,TRV JOAO RIO BRANCO DE LIMA,"",EM FRENTE AO POSTO DE SAÚDE UR12,IBURA,,"",COLISÃO,PALIO X MOTOQ,1,1,,,,,,,,1,,"","","","","","","","","","","","",""
6327,2019-07-23T00:00:00,14:19:00,SEM VÍTIMA,CANCELADA,AREIAS,AV DR JOSE RUFINO,"","",E/F PADARIA CIPIENSE APÓS O COLÉGIO VISÃO -,AV DR JOSE RUFINO,"",E/F PADARIA CIPIENSE APÓS O COLÉGIO VISÃO -,AREIAS,,AFOGADOS,COLISÃO,GOL X STRADA,2,,,,,,,,,0,,"","","","","","","","","","","","",""