_id,DATA,hora,natureza_acidente,situacao,bairro,endereco,numero,detalhe_endereco_acidente,complemento,endereco_cruzamento,numero_cruzamento,referencia_cruzamento,bairro_cruzamento,num_semaforo,sentido_via,tipo,descricao,auto,moto,ciclom,ciclista,pedestre,onibus,caminhao,viatura,outros,vitimas,vitimasfatais,acidente_verificado,tempo_clima,situacao_semaforo,sinalizacao,condicao_via,conservacao_via,ponto_controle,situacao_placa,velocidade_max_via,mao_direcao,divisao_via1,divisao_via2,divisao_via3
6439,2019-07-27T00:00:00,15:51:00,SEM VÍTIMA,FINALIZADA,ESTÂNCIA,AV RECIFE,5635,"","",AV RECIFE,5635,"",ESTÂNCIA,259,"",COLISÃO TRASEIRA,COLISÃO SEM VÍTIMA,2,,,,,,,,,0,,Longo da via,Chuvoso,Sem defeito,Perfeito estado,Molhada,Perfeito estado,Faixa de pedestre,Não há placas,50 km/h,Dupla,Canteiro central,"",""
6440,2019-07-27T00:00:00,17:06:00,COM VÍTIMA,FINALIZADA,MANGABEIRA,AV NORTE,"","",ENTRADA DA MANGABEIRA,AV NORTE,"",ENTRADA DA MANGABEIRA,MANGABEIRA,96,SUBURBIO,COLISÃO TRASEIRA,COLISÃO COM VÍTIMA,1,1,,,,,,,,1,,Longo da via,Chuvoso,Sem defeito,Perfeito estado,Molhada,Perfeito estado,Faixa de pedestre,Outras,"",Dupla,Canteiro central,"",""
6441,2019-07-27T00:00:00,21:21:00,SEM VÍTIMA,FINALIZADA,"",AV JOSE GONCALVES DE MEDEIROS,"","",LADO OPOSTO A LANCHONETE MAC DONALDS,AV JOSE GONCALVES DE MEDEIROS,"",LADO OPOSTO A LANCHONETE MAC DONALDS,"",,SUBURBIO,COLISÃO TRASEIRA,ENTRE AUTO E MOTO. S/V,1,1,,,,,,,,0,,Longo da via,Bom,Não existe,Perfeito estado,Seca,Perfeito estado,Não existe,Não há placas,"",Dupla,Não existe,"",""
6442,2019-07-27T00:00:00,21:51:00,SEM VÍTIMA,FINALIZADA,PARNAMIRIM,AV FLOR DE SANTANA,"","",EM FRENTE AO Nº 224 EDF LAJE DE PEDRA,AV FLOR DE SANTANA,"",EM FRENTE AO Nº 224 EDF LAJE DE PEDRA,PARNAMIRIM,,CIDADE,ABALROAMENTO LONGITUDINAL,DOIS AUTOS,2,,,,,,,,,0,,Longo da via,Chuvoso,Não existe,Perfeito estado,Molhada,Perfeito estado,Não existe,Outras,"",Dupla,Não existe,"",""
6443,2019-07-28T00:00:00,02:57:00,COM VÍTIMA,FINALIZADA,LINHA DO TIRO,RUA URIEL DE HOLANDA,"","",EM FRENTE O Nº 614,RUA URIEL DE HOLANDA,"",EM FRENTE O Nº 614,LINHA DO TIRO,,"",CHOQUE OBJETO FIXO,VEÍCULO CHOCOU-SE EM UMA ÁRVORE,1,,,,,,,,,2,,Longo da via,Chuvoso,Não existe,Incompleta,Molhada,Perfeito estado,Não existe,Outras,"",Dupla,Não existe,"",""
6444,2019-07-28T00:00:00,03:44:00,SEM VÍTIMA,FINALIZADA,BOA VIAGEM,RUA CAPITAO ZUZINHA,"","",AO LADO OPOSTO DO Nº 500,RUA CAPITAO ZUZINHA,"",AO LADO OPOSTO DO Nº 500,BOA VIAGEM,,SUBURBIO,CHOQUE VEÍCULO PARADO,AUTO CHOCOU-SE EM TRÊS VEÍCULOS QUE ESTAVAM ESTACIONADOS (CONDUTOR APRESENTA SINAIS DE EMBRIAGUEZ) S/V,4,,,,,,,,,0,,Longo da via,Bom,Não existe,Perfeito estado,Seca,Perfeito estado,Não existe,Não há placas,"",Única,Faixa seccionada,"",""
6445,2019-07-28T00:00:00,08:43:00,SEM VÍTIMA,FINALIZADA,BOA VIAGEM,RUA FELIX DE BRITO E MELO,346,"","",RUA FELIX DE BRITO E MELO,346,"",BOA VIAGEM,545,"",COLISÃO TRASEIRA,COLISÃO S/ VITIMAS ENTRE DOIS AUTOS,2,,,,,,,,,0,,Longo da via,Chuvoso,Sem defeito,Perfeito estado,Molhada,Perfeito estado,Faixa de retenção,Não há placas,"",Única,Faixa seccionada,"",""
6446,2019-07-28T00:00:00,11:11:00,SEM VÍTIMA,FINALIZADA,AREIAS,AV RECIFE,"","",GALETUS,AV RECIFE,"",GALETUS,AREIAS,,SUBURBIO,CHOQUE OBJETO FIXO,VEICULO CHOCOU-SE COM ARVORE,1,,,,,,,,,0,,Longo da via,Bom,Não existe,Perfeito estado,Seca,Perfeito estado,Não existe,Outras,60 km/h,Dupla,Canteiro central,"",""
6447,2019-07-28T00:00:00,11:45:00,SEM VÍTIMA,FINALIZADA,NOVA DESCOBERTA,RUA DANTAS,89,"","PADARIA E MERCADINHO ESPERANÇA, NA SUBIDA DA LADEIRA",RUA DANTAS,89,"PADARIA E MERCADINHO ESPERANÇA, NA SUBIDA DA LADEIRA",NOVA DESCOBERTA,,"",CHOQUE,APARENTEMENTE O CONDUTOR TERIA PERDIDO O CONTROLE DO VEICULO INDO DE ENCONTRO COM O MURO DA CASA E CAIDO SOBRE A MESMA .,1,,,,,,,,,0,,"","","","","","","","","","","","",""
6448,2019-07-28T00:00:00,11:55:00,SEM VÍTIMA,FINALIZADA,GUABIRABA,EST DOS MACACOS,138,"","",EST DOS MACACOS,138,"",GUABIRABA,,"",ABALROAMENTO TRANSVERSAL,COLISÃO S/ VITIMAS ENTRE DOIS AUTOS,2,,,,,,,,,0,,Longo da via,Chuvoso,Não existe,Não existente,Molhada,Perfeito estado,Não existe,Outras,"",Dupla,Não existe,"",""
6449,2019-07-28T00:00:00,12:41:00,SEM VÍTIMA,FINALIZADA,TORRE,RUA SOUZA BANDEIRA,"",RUA MARQUES DE MARICA,"",RUA SOUZA BANDEIRA,"","",TORRE,317,SUBURBIO,COLISÃO FRONTAL,COLISAO ENTRE DOIS AUTOS,2,,,,,,,,,0,,Cruzamento,Bom,Sem defeito,Incompleta,Seca,Perfeito estado,Não existe,R-6a,40 km/h,Dupla,Não existe,"",""
6450,2019-07-28T00:00:00,13:31:00,SEM VÍTIMA,CANCELADA,GRAÇAS,PRC DO ENTRONCAMENTO,"","",AO LADO DA PRAÇA DO ENTRONCAMENTO,PRC DO ENTRONCAMENTO,"",AO LADO DA PRAÇA DO ENTRONCAMENTO,GRAÇAS,,"",COLISÃO,ENTRE DOIS AUO S/V,2,,,,,,,,,0,,"","","","","","","","","","","","",""
6451,2019-07-28T00:00:00,14:03:00,SEM VÍTIMA,FINALIZADA,BOA VISTA,RUA JOSE DE ALENCAR,"","",AO LADO DO SHOPPING BOA VISTA,RUA JOSE DE ALENCAR,"",AO LADO DO SHOPPING BOA VISTA,BOA VISTA,,SUBURBIO,CHOQUE VEÍCULO PARADO,COLISAO SEM VITIMAS,2,,,,,,,,,0,,Longo da via,Bom,Não existe,Perfeito estado,Seca,Perfeito estado,"",R-6a,"",Única,Não existe,"",""
6452,2019-07-28T00:00:00,14:16:00,COM VÍTIMA,FINALIZADA,CORDEIRO,AV CAXANGA,"",AV GENERAL SAN MARTIN,EM FRENTE A INTEGRAÇÃO DE GETULIO VARGAS,AV CAXANGA,"",EM FRENTE A INTEGRAÇÃO DE GETULIO VARGAS,CORDEIRO,80,"",ABALROAMENTO LONGITUDINAL,AUTO E MOTO.,1,1,,,,,,,,1,,Cruzamento,Bom,Sem defeito,Perfeito estado,Seca,Perfeito estado,Não existe,R-6a,"",Dupla,Canteiro central,"",""
6453,2019-07-28T00:00:00,19:13:00,COM VÍTIMA,FINALIZADA,VÁRZEA,AV PROFESSOR LUIZ FREIRE,"",RUA ACADEMICO HELIO RAMOS,PROX A IFPE (INSTITUTO FEDERAL DE PERNAMBUCO) E RICARDO BRENNAND,AV PROFESSOR LUIZ FREIRE,"",PROX A IFPE (INSTITUTO FEDERAL DE PERNAMBUCO) E RICARDO BRENNAND,VÁRZEA,,SUBURBIO,ABALROAMENTO TRANSVERSAL,MOTO X PALIO,1,1,,,,,,,,1,,Esquina,Bom,Não existe,Perfeito estado,Seca,Perfeito estado,"","","",Dupla,"","",""
6454,2019-07-28T00:00:00,20:22:00,SEM VÍTIMA,CANCELADA,TAMARINEIRA,RUA CONEGO BARATA,"",EST VELHA DE AGUA FRIA,ENF AO DENOC,RUA CONEGO BARATA,"",ENF AO DENOC,TAMARINEIRA,,"",COLISÃO,ONIBUS CAXANGA X GOL,1,,,,,1,,,,0,,"","","","","","","","","","","","",""
6455,2019-07-28T00:00:00,20:59:00,COM VÍTIMA,FINALIZADA,VÁRZEA,RUA ACADEMICO HELIO RAMOS,336,RUA AMARO GOMES POROCA,ENF AO COLEGIO DE APLICAÇAO UFPE,RUA ACADEMICO HELIO RAMOS,336,ENF AO COLEGIO DE APLICAÇAO UFPE,VÁRZEA,520,BR 101,ABALROAMENTO TRANSVERSAL,MOTO X GOL,1,1,,,,,,,,1,,Cruzamento,Chuvoso,Com defeito,Perfeito estado,Molhada,Perfeito estado,Faixa de pedestre,R-19,30 km/h,Dupla,Faixa seccionada,"",""
6456,2019-07-28T00:00:00,21:38:00,SEM VÍTIMA,FINALIZADA,PINA,AV REPUBLICA DO LIBANO,"","","",AV REPUBLICA DO LIBANO,"","",PINA,,SUBURBIO,COLISÃO TRASEIRA,ENTRE 2 AUTOS. S/V,2,,,,,,,,,0,,Longo da via,Bom,Não existe,Perfeito estado,Seca,Perfeito estado,Não existe,Outras,60 km/h,Única,Faixa seccionada,"",""
6457,2019-07-28T00:00:00,22:51:00,COM VÍTIMA,FINALIZADA,MUSTARDINHA,PRC A B C,"",AV MANOEL GONCALVES DA LUZ,E/F A ACADEMIA DA CIDADE,PRC A B C,"",E/F A ACADEMIA DA CIDADE,MUSTARDINHA,,SUBURBIO,COLISÃO COM CICLISTA,ENTRE AUTO E CICLISTA. C/V,1,,,1,,,,,,1,,Longo da via,Chuvoso,Não existe,Perfeito estado,Molhada,Perfeito estado,Faixa de pedestre,R-6a,30 km/h,Dupla,Faixa seccionada,"",""
6458,2019-07-28T00:00:00,23:04:00,SEM VÍTIMA,FINALIZADA,SANTO AMARO,AV CRUZ CABUGA,"",RUA ALEXANDRE MOURA,EM FRENTE AO HOSPITAL NAVAL DO RECIFE,AV CRUZ CABUGA,"",EM FRENTE AO HOSPITAL NAVAL DO RECIFE,SANTO AMARO,,"",ABALROAMENTO TRANSVERSAL,ENTRE AUTO E ÔNIBUS. S/V,1,,,,,1,,,,0,,"",Bom,Não existe,Perfeito estado,Seca,Perfeito estado,Faixa de pedestre,Placas Pare,"",Dupla,"","",""
6459,2019-07-29T00:00:00,06:05:00,COM VÍTIMA,FINALIZADA,MACAXEIRA,AV NORTE,7696,"",EM FRENTE AO PARQUE DA MACAXEIRA E ESCOLA MUNICIPAL DIÁCONO ABEL,AV NORTE,7696,EM FRENTE AO PARQUE DA MACAXEIRA E ESCOLA MUNICIPAL DIÁCONO ABEL,MACAXEIRA,,SUBURBIO,CHOQUE OBJETO FIXO,VEÍCULO CHOCOU-SE CONTRA UM POSTE.,1,,,,,,,,,1,,Longo da via,Chuvoso,Não existe,Perfeito estado,Molhada,Perfeito estado,Não existe,Outras,"",Dupla,Canteiro central,"",""
6460,2019-07-29T00:00:00,06:57:00,COM VÍTIMA,FINALIZADA,IBURA,AV PERNAMBUCO,348,"",EM FRENTE A PRAÇA DA UR-01,AV PERNAMBUCO,348,EM FRENTE A PRAÇA DA UR-01,IBURA,,CIDADE,ABALROAMENTO LONGITUDINAL,"ONIBUS, AUTO E MOTO",1,1,,,,1,,,,2,,Longo da via,Bom,Não existe,Perfeito estado,Seca,Perfeito estado,Não existe,R-6a,"",Dupla,Faixa seccionada,"",""
6461,2019-07-29T00:00:00,07:41:00,SEM VÍTIMA,FINALIZADA,CABANGA,VIADUTO CAPITAO TEMUDO,"","",FÓRUM DO RECIFE,VIADUTO CAPITAO TEMUDO,"",FÓRUM DO RECIFE,CABANGA,,CIDADE,COLISÃO TRASEIRA,"",2,,,,,,,,,0,,Longo da via,Bom,Não existe,Perfeito estado,Seca,Perfeito estado,Não existe,Não há placas,60 km/h,Dupla,Canteiro central,"",""
6462,2019-07-29T00:00:00,08:30:00,SEM VÍTIMA,CANCELADA,BEBERIBE,AV BEBERIBE,3607,"",EM FRENTE AO RESIDENSIAL BEBERIBE,AV BEBERIBE,3607,EM FRENTE AO RESIDENSIAL BEBERIBE,BEBERIBE,,CIDADE,COLISÃO,AUTO E ONIBUS,1,,,,,1,,,,0,,"","","","","","","","","","","","",""
6463,2019-07-29T00:00:00,09:12:00,SEM VÍTIMA,FINALIZADA,BOA VISTA,RUA VELHA,"","",NA SUBIDA DA PONTE VELHA,RUA VELHA,"",NA SUBIDA DA PONTE VELHA,BOA VISTA,,"",COLISÃO,COLISÃO SEM VITIMAS,2,,,,,,,,,0,,"","","","","","","","","","","","",""
6464,2019-07-29T00:00:00,09:27:00,SEM VÍTIMA,CANCELADA,BOA VISTA,RUA DOM BOSCO,"","",AO LADO DO POSTO DE GASOLINA IPIRANGA,RUA DOM BOSCO,"",AO LADO DO POSTO DE GASOLINA IPIRANGA,BOA VISTA,27,"",COLISÃO,COLISÃO SEM VITIMAS,2,,,,,,,,,0,,"","","","","","","","","","","","",""
6465,2019-07-29T00:00:00,09:36:00,SEM VÍTIMA,FINALIZADA,BOA VISTA,RUA DA SOLEDADE,"","",EM FRENTE AO SEMÁFORO 025,RUA DA SOLEDADE,"",EM FRENTE AO SEMÁFORO 025,BOA VISTA,25,SUBURBIO,COLISÃO TRASEIRA,AUTO E MOTO,1,1,,,,,,,,0,,Longo da via,Bom,Sem defeito,Perfeito estado,Seca,Perfeito estado,Faixa de pedestre,R-6a,"",Única,Faixa seccionada,"",""
6466,2019-07-29T00:00:00,09:39:00,SEM VÍTIMA,FINALIZADA,BOA VIAGEM,RUA FELIX DE BRITO E MELO,572,"",EM FRENTE AO EDIFICIO SAM MIGUEL,RUA FELIX DE BRITO E MELO,572,EM FRENTE AO EDIFICIO SAM MIGUEL,BOA VIAGEM,,"",COLISÃO,COLISÃO SEM VITIMAS,1,,,,,,1,,,0,,"","","","","","","","","","","","",""
6467,2019-07-29T00:00:00,09:59:00,SEM VÍTIMA,FINALIZADA,AREIAS,AV RECIFE,"","",MAKRO,AV RECIFE,"",MAKRO,AREIAS,461,CIDADE,ABALROAMENTO LONGITUDINAL,AUTO E MOTO,1,1,,,,,,,,0,,Longo da via,Bom,Sem defeito,Perfeito estado,Seca,Perfeito estado,Faixa de pedestre,Outras,"",Dupla,Canteiro central,"",""
6468,2019-07-29T00:00:00,10:11:00,COM VÍTIMA,FINALIZADA,MUSTARDINHA,RUA VINTE E UM DE ABRIL,2141,"","PROX. AO COLEGIO ANTONIO FARIAS, PRÓXIMO AO TERMINAL DE MUSTARDINHA.",RUA VINTE E UM DE ABRIL,2141,"PROX. AO COLEGIO ANTONIO FARIAS, PRÓXIMO AO TERMINAL DE MUSTARDINHA.",MUSTARDINHA,,SAN MARTNI,ATROPELAMENTO,AUTO E PEDESTRE,1,,,,1,,,,,1,,Longo da via,Bom,Não existe,Incompleta,Seca,Perfeito estado,Não existe,Não há placas,"",Dupla,Não existe,"",""
6469,2019-07-29T00:00:00,10:16:00,SEM VÍTIMA,FINALIZADA,ILHA DO RETIRO,RUA TABAIARES,400,"",AO LADO DO CLUBE SPORT DO RECIFE,RUA TABAIARES,400,AO LADO DO CLUBE SPORT DO RECIFE,ILHA DO RETIRO,,SUBURBIO,COLISÃO FRONTAL,COLISÃO S/VITIMAS ENTRE DOIS AUTOS,2,,,,,,,,,0,,Longo da via,Bom,Não existe,Perfeito estado,Seca,Perfeito estado,Não existe,Não há placas,"",Dupla,Não existe,"",""
6470,2019-07-29T00:00:00,10:35:00,SEM VÍTIMA,FINALIZADA,ESPINHEIRO,RUA DA HORA,367,RUA SANTO ELIAS,EM FRENTE A GALERIA Nº 367,RUA DA HORA,367,EM FRENTE A GALERIA Nº 367,ESPINHEIRO,,CIDADE,ABALROAMENTO TRANSVERSAL,COLISÃO S/VITIMAS ENTRE DOIS AUTOS,2,,,,,,,,,0,,Cruzamento,Bom,Não existe,Perfeito estado,Seca,Perfeito estado,Faixa de pedestre,Placas Pare,"",Única,Faixa contínua,"",""
6471,2019-07-29T00:00:00,10:43:00,SEM VÍTIMA,FINALIZADA,AFOGADOS,RUA COSME VIANA,"","",LADO OPOSTO AO Nº 79,RUA COSME VIANA,"",LADO OPOSTO AO Nº 79,AFOGADOS,,"",ABALROAMENTO LONGITUDINAL,COLISÃO S/VITIMAS ENTRE DOIS AUTOS,2,,,,,,,,,0,,Longo da via,Bom,Sem defeito,Perfeito estado,Seca,Perfeito estado,Faixa de pedestre,Não há placas,"",Única,Faixa seccionada,"",""
6472,2019-07-29T00:00:00,10:47:00,SEM VÍTIMA,FINALIZADA,DERBY,AV GOVERNADOR AGAMENON MAGALHAES,"","",EM FRENTE A FACE IMAGEM,AV GOVERNADOR AGAMENON MAGALHAES,"",EM FRENTE A FACE IMAGEM,DERBY,,SUBURBIO,ABALROAMENTO LONGITUDINAL,COLISÃO S/VITIMAS ENTRE UM AUTO E CAMINHÃO,1,,,,,,1,,,0,,Longo da via,Bom,Não existe,Perfeito estado,Seca,Perfeito estado,Não existe,Não há placas,60 km/h,Dupla,Canal,"",""
6473,2019-07-29T00:00:00,11:18:00,SEM VÍTIMA,FINALIZADA,CASA AMARELA,RUA MAJOR NEREU GUERRA,281,"",BIBLIOTECA POPULAR DE CASA AMARELA,RUA MAJOR NEREU GUERRA,281,BIBLIOTECA POPULAR DE CASA AMARELA,CASA AMARELA,136,CIDADE,COLISÃO TRASEIRA,COLISÃO SEM VITIMAS,1,,,,,1,,,,0,,Longo da via,Bom,Sem defeito,Perfeito estado,Seca,Perfeito estado,Faixa de pedestre,Não há placas,"",Única,Faixa seccionada,"",""
6474,2019-07-29T00:00:00,11:55:00,COM VÍTIMA,FINALIZADA,BOA VIAGEM,AV ENGENHEIRO DOMINGOS FERREIRA,2886,"",E/F AO REI DOS GALETOS,AV ENGENHEIRO DOMINGOS FERREIRA,2886,E/F AO REI DOS GALETOS,BOA VIAGEM,,SUBURBIO,ABALROAMENTO TRANSVERSAL,COLISAO ENTRE AUTO E ONIBUS C/V,1,,,,,1,,,,1,,Longo da via,Bom,Sem defeito,Perfeito estado,Seca,Perfeito estado,Não existe,Não há placas,"",Única,Faixa seccionada,"",""
6475,2019-07-29T00:00:00,12:28:00,COM VÍTIMA,FINALIZADA,CAXANGÁ,AV CAXANGA,"",EST DO BARBALHO,NO SEMAFORO 533,AV CAXANGA,"",NO SEMAFORO 533,CAXANGÁ,533,SUBURBIO,ATROPELAMENTO,ATROPELAMENTO COM UMA VITIMA.,,,,,1,1,,,,1,,Longo da via,Bom,Sem defeito,Perfeito estado,Seca,Perfeito estado,Agente,Outras,"",Única,Faixa seccionada,"",""
6476,2019-07-29T00:00:00,12:30:00,SEM VÍTIMA,CANCELADA,ESPINHEIRO,AV GOVERNADOR AGAMENON MAGALHAES,"","",EM FRENTE AO POSTO BR E A JEEP/ SENTIDO BOA VIAGEM,AV GOVERNADOR AGAMENON MAGALHAES,"",EM FRENTE AO POSTO BR E A JEEP/ SENTIDO BOA VIAGEM,ESPINHEIRO,,"",COLISÃO,COLISÃO SEM VÍTIMA,2,,,,,,,,,0,,"","","","","","","","","","","","",""
6477,2019-07-29T00:00:00,12:31:00,SEM VÍTIMA,FINALIZADA,MADALENA,RUA REAL DA TORRE,"",RUA JOSE OSORIO,"",RUA REAL DA TORRE,"","",MADALENA,179,SUBURBIO,ABALROAMENTO LONGITUDINAL,COLISAO ENTRE ONIBUS E AUTO S/V,1,,,,,1,,,,0,,Cruzamento,Chuvoso,Sem defeito,Perfeito estado,Molhada,Perfeito estado,Faixa de pedestre,"","",Única,Faixa seccionada,"",""
6478,2019-07-29T00:00:00,13:17:00,SEM VÍTIMA,FINALIZADA,IMBIRIBEIRA,AV MARECHAL MASCARENHAS DE MORAES,"","",EM FRENTE AO VENEZA MATERIAL DE CONSTRUÇÃO,AV MARECHAL MASCARENHAS DE MORAES,"",EM FRENTE AO VENEZA MATERIAL DE CONSTRUÇÃO,IMBIRIBEIRA,310,SUBURBIO,ABALROAMENTO LONGITUDINAL,COLISÃO SEM VITIMA,1,1,,,,,,,,0,,Longo da via,Bom,Sem defeito,Perfeito estado,Seca,Perfeito estado,Faixa de retenção,Não há placas,"",Dupla,Canteiro central,"",""
6479,2019-07-29T00:00:00,14:45:00,SEM VÍTIMA,FINALIZADA,SAN MARTIN,AV ENGENHEIRO ABDIAS DE CARVALHO,"","",LADO OPOSTO AO COMPAZ,AV ENGENHEIRO ABDIAS DE CARVALHO,"",LADO OPOSTO AO COMPAZ,SAN MARTIN,58,CIDADE,ABALROAMENTO LONGITUDINAL,COLISAO SEM VITIMAS,1,,,,,,1,,,0,,Longo da via,Bom,Sem defeito,Perfeito estado,Seca,Perfeito estado,Agente,R-6a,"",Dupla,Faixa seccionada,Canteiro central,""
6480,2019-07-29T00:00:00,15:12:00,SEM VÍTIMA,FINALIZADA,PINA,AV ANTONIO DE GOES,"","",E/F AO RESTAURANTE BARGAÇO,AV ANTONIO DE GOES,"",E/F AO RESTAURANTE BARGAÇO,PINA,,CIDADE,COLISÃO TRASEIRA,COLISAO ENTRE DOIS AUTOS S/V,2,,,,,,,,,0,,Longo da via,Bom,Não existe,Perfeito estado,Seca,Perfeito estado,Não existe,Placas Pare,"",Única,Canteiro central,"",""
6481,2019-07-29T00:00:00,15:49:00,SEM VÍTIMA,FINALIZADA,SANTO ANTÔNIO,RUA SIQUEIRA CAMPOS,108,"",EM FRENTE AO BANCO DAYCOVAL,RUA SIQUEIRA CAMPOS,108,EM FRENTE AO BANCO DAYCOVAL,SANTO ANTÔNIO,,SUBURBIO,ABALROAMENTO TRANSVERSAL,COLISÃO SEM VÍTIMA,1,,,,,1,,,,0,,Longo da via,Bom,Sem defeito,Perfeito estado,Seca,Perfeito estado,"",Outras,40 km/h,Única,Faixa seccionada,"",""
6482,2019-07-29T00:00:00,15:59:00,SEM VÍTIMA,FINALIZADA,CAJUEIRO,AV CIDADE DE MONTEIRO,380,"",ARMAZÉM CORAL,AV CIDADE DE MONTEIRO,380,ARMAZÉM CORAL,CAJUEIRO,,CIDADE,ABALROAMENTO TRANSVERSAL,COLISÃO SEM VÍTIMA,,,,,,1,1,,,0,,Longo da via,Bom,Não existe,Incompleta,Seca,Mal conservada,Não existe,Não há placas,"",Dupla,Faixa contínua,"",""
6483,2019-07-29T00:00:00,16:27:00,SEM VÍTIMA,CANCELADA,BOA VIAGEM,RUA ALFREDO MARCONDES,"",RUA ANTONIO FALCAO,"AO LADO DA IGREJA EPISCOPAL , CATEDRAL DA RECONCILIAÇÃO",RUA ALFREDO MARCONDES,"","AO LADO DA IGREJA EPISCOPAL , CATEDRAL DA RECONCILIAÇÃO",BOA VIAGEM,,"",COLISÃO,COLISÃO SEM VÍTIMA,3,,,,,,,,,0,,"","","","","","","","","","","","",""
6484,2019-07-29T00:00:00,17:18:00,SEM VÍTIMA,FINALIZADA,CORDEIRO,AV INACIO MONTEIRO,"","",EM FRENTE AO HARAI CROSSFIT,AV INACIO MONTEIRO,"",EM FRENTE AO HARAI CROSSFIT,CORDEIRO,,CIDADE,ABALROAMENTO LONGITUDINAL,COLISAO SEM VITIMAS,1,1,,,,,,,,0,,Longo da via,Bom,Não existe,Perfeito estado,Seca,Perfeito estado,Não existe,Não há placas,"",Dupla,Faixa seccionada,"",""
6485,2019-07-29T00:00:00,17:57:00,SEM VÍTIMA,FINALIZADA,BOA VIAGEM,AV DES JOSE NEVES,"","",E/F AO BAR E RESTAURANTE CANGAÇO,AV DES JOSE NEVES,"",E/F AO BAR E RESTAURANTE CANGAÇO,BOA VIAGEM,567,CIDADE,ABALROAMENTO LONGITUDINAL,ENTRE 2 AUTOS. S/V,2,,,,,,,,,0,,Longo da via,Bom,Sem defeito,Perfeito estado,Seca,Perfeito estado,Faixa de pedestre,Outras,"",Dupla,Faixa seccionada,Canal,""
6486,2019-07-29T00:00:00,23:57:00,SEM VÍTIMA,FINALIZADA,ARRUDA,AV PROFESSOR JOSE DOS ANJOS,35,"","",AV PROFESSOR JOSE DOS ANJOS,35,"",ARRUDA,,CIDADE,CHOQUE VEÍCULO PARADO,"VEÍCULO CHOCOU-SE CONTRA O MURO DA RESIDÊNCIA, CAUSANDO O CAPOTAMENDO DO MESMO.",2,,,,,,,,,0,,Longo da via,Bom,Não existe,Perfeito estado,Seca,Perfeito estado,Não existe,Outras,40 km/h,Dupla,Canal,"",""
6487,2019-07-30T00:00:00,08:06:00,SEM VÍTIMA,FINALIZADA,ESPINHEIRO,AV GOVERNADOR AGAMENON MAGALHAES,"","",EM FRENTE A LOJA DA FIORI JEEP,AV GOVERNADOR AGAMENON MAGALHAES,"",EM FRENTE A LOJA DA FIORI JEEP,ESPINHEIRO,108,CIDADE,COLISÃO TRASEIRA,CAMINHAO E AUTO,1,,,,,,1,,,0,,Longo da via,Bom,Sem defeito,Perfeito estado,Seca,Perfeito estado,Outros,Outras,60 km/h,Dupla,Canteiro central,"",""
6488,2019-07-30T00:00:00,08:14:00,SEM VÍTIMA,FINALIZADA,IPSEP,AV RECIFE,2220,"",MUNDO DA IMPERMEABILIZAÇÃO,AV RECIFE,2220,MUNDO DA IMPERMEABILIZAÇÃO,IPSEP,,CIDADE,COLISÃO TRASEIRA,COLISÃO S/VITIMAS ENTRE QUATRO VEÍCULOS,4,,,,,,,,,0,,Longo da via,Chuvoso,Não existe,Perfeito estado,Molhada,Perfeito estado,Não existe,Não há placas,60 km/h,Única,Faixa seccionada,"",""
6489,2019-07-30T00:00:00,08:20:00,SEM VÍTIMA,FINALIZADA,POÇO DA PANELA,RUA OLIVEIRA GOES,"","",COLEGIO ETHOS,RUA OLIVEIRA GOES,"",COLEGIO ETHOS,POÇO DA PANELA,,SUBURBIO,COLISÃO FRONTAL,COLISÃO SEM VITIMAS,2,,,,,,,,,0,,Longo da via,Bom,Não existe,Incompleta,Seca,Perfeito estado,Não existe,Placas Pare,20 km/h,Dupla,Não existe,"",""
6490,2019-07-30T00:00:00,08:40:00,COM VÍTIMA,FINALIZADA,ESPINHEIRO,AV GOVERNADOR AGAMENON MAGALHAES,3158,RUA SAO SALVADOR,EM FRENTE A UNIMED RECIFE (URGÊNCIA PEDIÁTRICA) / (SENTIDO BOA VIAGEM),AV GOVERNADOR AGAMENON MAGALHAES,3158,EM FRENTE A UNIMED RECIFE (URGÊNCIA PEDIÁTRICA) / (SENTIDO BOA VIAGEM),ESPINHEIRO,,SUBURBIO,ENGAVETAMENTO,COLISÃO C/VITIMAS ENTRE DOIS AUTOS E DUAS MOTOS,2,2,,,,,,,,2,,Longo da via,Bom,Sem defeito,Perfeito estado,Seca,Perfeito estado,Outros,Outras,"",Única,Faixa seccionada,"",""
6491,2019-07-30T00:00:00,09:21:00,SEM VÍTIMA,FINALIZADA,BOA VIAGEM,AV BOA VIAGEM,5450,RUA PROFESSOR MARIO CASTRO,EM FRENTE AO EDIFICIO PRINCIPE DE MARSALA,AV BOA VIAGEM,5450,EM FRENTE AO EDIFICIO PRINCIPE DE MARSALA,BOA VIAGEM,,CIDADE,COLISÃO TRASEIRA,COLISÃO SEM VITIMAS,3,,,,,,,,,0,,Longo da via,Bom,Sem defeito,Perfeito estado,Seca,Perfeito estado,Não existe,Não há placas,60 km/h,Única,Faixa seccionada,"",""
6492,2019-07-30T00:00:00,09:24:00,SEM VÍTIMA,CANCELADA,PAISSANDU,RUA VIS DO LIVRAMENTO,"",AV GOVERNADOR AGAMENON MAGALHAES,EM FRENTE AO BANCO BRADESCO,RUA VIS DO LIVRAMENTO,"",EM FRENTE AO BANCO BRADESCO,PAISSANDU,,"",COLISÃO,COLISÃO SEM VITIMAS,2,,,,,,,,,0,,"","","","","","","","","","","","",""