_id,DATA,hora,natureza_acidente,situacao,bairro,endereco,numero,detalhe_endereco_acidente,complemento,endereco_cruzamento,numero_cruzamento,referencia_cruzamento,bairro_cruzamento,num_semaforo,sentido_via,tipo,descricao,auto,moto,ciclom,ciclista,pedestre,onibus,caminhao,viatura,outros,vitimas,vitimasfatais,acidente_verificado,tempo_clima,situacao_semaforo,sinalizacao,condicao_via,conservacao_via,ponto_controle,situacao_placa,velocidade_max_via,mao_direcao,divisao_via1,divisao_via2,divisao_via3
6493,2019-07-30T00:00:00,09:43:00,SEM VÍTIMA,CANCELADA,BOA VIAGEM,AV FERNANDO SIMOES BARBOSA,"","",NA SAIDA DO POSTO SHEL,AV FERNANDO SIMOES BARBOSA,"",NA SAIDA DO POSTO SHEL,BOA VIAGEM,,"",COLISÃO,COLISAO SEM VITIMAS,1,,,,,,1,,,0,,"","","","","","","","","","","","",""
6494,2019-07-30T00:00:00,09:59:00,SEM VÍTIMA,FINALIZADA,BOA VIAGEM,RUA DOS NAVEGANTES,1979,RUA MARIA CAROLINA,EDF LUIZ DE CAMÕES,RUA DOS NAVEGANTES,1979,EDF LUIZ DE CAMÕES,BOA VIAGEM,,SUBURBIO,ABALROAMENTO LONGITUDINAL,MOTO E AUTO,1,1,,,,,,,,0,,Longo da via,Bom,Não existe,Perfeito estado,Seca,Perfeito estado,Não existe,Não há placas,"",Única,Não existe,"",""
6495,2019-07-30T00:00:00,10:34:00,SEM VÍTIMA,FINALIZADA,CASA FORTE,AV DEZESSETE DE AGOSTO,"","",PRAÇA DE CASA FORTE,AV DEZESSETE DE AGOSTO,"",PRAÇA DE CASA FORTE,CASA FORTE,372,SUBURBIO,COLISÃO TRASEIRA,COLISÃO SEM VITIMAS,2,,,,,,,,,0,,"",Chuvoso,Sem defeito,Perfeito estado,Molhada,Perfeito estado,"",Outras,"",Dupla,Faixa contínua,"",""
6496,2019-07-30T00:00:00,12:33:00,SEM VÍTIMA,CANCELADA,BOA VIAGEM,RUA BALTAZAR PASSOS,"",RUA SA E SOUZA,E/F A CULTURA INGLESA,RUA BALTAZAR PASSOS,"",E/F A CULTURA INGLESA,BOA VIAGEM,,"",COLISÃO,COLISAO SEM VITIMAS,2,,,,,,,,,0,,"","","","","","","","","","","","",""
6497,2019-07-30T00:00:00,13:01:00,SEM VÍTIMA,FINALIZADA,DERBY,AV GOVERNADOR AGAMENON MAGALHAES,"","",EM FRENTE AO Nº 241,AV GOVERNADOR AGAMENON MAGALHAES,"",EM FRENTE AO Nº 241,DERBY,,"",COLISÃO TRASEIRA,COLISAO SEM VITIMAS,2,,,,,,,,,0,,Longo da via,Bom,Sem defeito,Perfeito estado,Seca,Perfeito estado,"","",60 km/h,Dupla,Canteiro central,"",""
6498,2019-07-30T00:00:00,13:19:00,SEM VÍTIMA,CANCELADA,GRAÇAS,AV RUI BARBOSA,"","",EM FRENTE A CASA DOS FRIOS,AV RUI BARBOSA,"",EM FRENTE A CASA DOS FRIOS,GRAÇAS,,"",COLISÃO,COLISÃO SEM VÍTIMA,2,,,,,,,,,0,,"","","","","","","","","","","","",""
6499,2019-07-30T00:00:00,13:24:00,SEM VÍTIMA,CANCELADA,PINA,AV ANTONIO DE GOES,"","",NO COMEÇO DA PONTE SENTINDO OLINDA,AV ANTONIO DE GOES,"",NO COMEÇO DA PONTE SENTINDO OLINDA,PINA,,OLINDA,COLISÃO,COLISAO SEM VITIMAS,3,,,,,,,,,0,,"","","","","","","","","","","","",""
6500,2019-07-30T00:00:00,13:59:00,COM VÍTIMA,FINALIZADA,DERBY,RUA DR SEVERINO PINHEIRO,"","",LADO OPOSTO AO QUARTEL DO DERBY.,RUA DR SEVERINO PINHEIRO,"",LADO OPOSTO AO QUARTEL DO DERBY.,DERBY,,CIDADE,COLISÃO COM CICLISTA,"COLISÃO COM VÍTIMA, ENTRE AUTO E BICICLETA.",1,,,1,,,,,,1,,Longo da via,Bom,Não existe,Perfeito estado,Seca,Perfeito estado,Não existe,R-6a,"",Única,Faixa seccionada,"",""
6501,2019-07-30T00:00:00,14:26:00,SEM VÍTIMA,FINALIZADA,BOA VIAGEM,AV ENGENHEIRO DOMINGOS FERREIRA,"",RUA FELIX DE BRITO E MELO,"",AV ENGENHEIRO DOMINGOS FERREIRA,"","",BOA VIAGEM,545,SUBURBIO,ABALROAMENTO LONGITUDINAL,COLISÃO SEM VÍTIMA,1,1,,,,,,,,0,,Cruzamento,Bom,Sem defeito,Perfeito estado,Seca,Perfeito estado,Faixa de retenção,"",60 km/h,Única,Canteiro central,"",""
6502,2019-07-30T00:00:00,15:11:00,SEM VÍTIMA,CANCELADA,ILHA DO LEITE,RUA DOS COELHOS,"","",E/F AO IMIP,RUA DOS COELHOS,"",E/F AO IMIP,ILHA DO LEITE,,"",COLISÃO,COLISAO SEM VITIMAS,2,,,,,,,,,0,,"","","","","","","","","","","","",""
6503,2019-07-30T00:00:00,15:29:00,SEM VÍTIMA,FINALIZADA,IMBIRIBEIRA,AV MARECHAL MASCARENHAS DE MORAES,"","","",AV MARECHAL MASCARENHAS DE MORAES,"","",IMBIRIBEIRA,288,CIDADE,COLISÃO TRASEIRA,COLISÃO SEM VÍTIMA,2,,,,,,,,,0,,Longo da via,Chuvoso,Sem defeito,Perfeito estado,Seca,Perfeito estado,Faixa de pedestre,Outras,60 km/h,Dupla,Canteiro central,"",""
6504,2019-07-30T00:00:00,15:42:00,SEM VÍTIMA,FINALIZADA,TORRE,RUA MARQUES DE MARICA,"","",PRAÇA PROFESSOR BARRETO CAMPELO,RUA MARQUES DE MARICA,"",PRAÇA PROFESSOR BARRETO CAMPELO,TORRE,,"",ABALROAMENTO TRANSVERSAL,COLISAO SEM VITIMAS,1,1,,,,,,,,0,,Cruzamento,Chuvoso,Não existe,Perfeito estado,Molhada,Perfeito estado,Não existe,Placas Pare,"",Dupla,Faixa seccionada,"",""
6505,2019-07-30T00:00:00,16:02:00,SEM VÍTIMA,FINALIZADA,PARNAMIRIM,EST DO ENCANAMENTO,"","EST DAS UBAIAS,","",EST DO ENCANAMENTO,"","",PARNAMIRIM,593,CIDADE,COLISÃO TRASEIRA,COLISAO ENTRE DOIS AUTOS S/V,2,,,,,,,,,0,,Longo da via,Chuvoso,Sem defeito,Perfeito estado,Molhada,Perfeito estado,Faixa de pedestre,Outras,40 km/h,Única,Não existe,"",""
6506,2019-07-30T00:00:00,16:02:00,SEM VÍTIMA,FINALIZADA,TEJIPIÓ,AV DR JOSE RUFINO,3470,"",EM FRENTE AO ARMAZEM CORAL DE TEJIPIÓ,AV DR JOSE RUFINO,3470,EM FRENTE AO ARMAZEM CORAL DE TEJIPIÓ,TEJIPIÓ,,CIDADE,ABALROAMENTO TRANSVERSAL,COLISÃO SEM VÍTIMA,2,,,,,,,,,0,,Longo da via,Chuvoso,Não existe,Perfeito estado,Molhada,Perfeito estado,Não existe,Não há placas,"",Dupla,Faixa contínua,"",""
6507,2019-07-30T00:00:00,16:11:00,SEM VÍTIMA,FINALIZADA,TORRE,RUA PIO NONO,435,"","",RUA PIO NONO,435,"",TORRE,,SUBURBIO,COLISÃO TRASEIRA,COLISAO ENTRE AUTO E CAMINHAO S/V,1,,,,,,,,1,0,,Longo da via,Bom,Não existe,Perfeito estado,Seca,Perfeito estado,"",Outras,"",Dupla,Não existe,"",""
6508,2019-07-30T00:00:00,16:44:00,SEM VÍTIMA,FINALIZADA,ESPINHEIRO,RUA DO ESPINHEIRO,478,RUA SANTO ELIAS,POSTO DE COMBUSTÍVEL IPIRANGA,RUA DO ESPINHEIRO,478,POSTO DE COMBUSTÍVEL IPIRANGA,ESPINHEIRO,,CIDADE,ABALROAMENTO TRANSVERSAL,COLISAO SEM VITIMA,2,,,,,,,,,0,,Cruzamento,Chuvoso,Não existe,Perfeito estado,Molhada,Perfeito estado,Faixa de pedestre,Placas Pare,"",Única,"","",""
6509,2019-07-30T00:00:00,17:13:00,SEM VÍTIMA,CANCELADA,PASSARINHO,EST DE PASSARINHO,"","",PROXIMO AO TERMINAL DE ONIBUS (DOIS UNIDOS/TORRE COMPLEMENTAR),EST DE PASSARINHO,"",PROXIMO AO TERMINAL DE ONIBUS (DOIS UNIDOS/TORRE COMPLEMENTAR),PASSARINHO,,"",COLISÃO,COLISAO SEM VITIMAS,2,,,,,,,,,0,,"","","","","","","","","","","","",""
6510,2019-07-30T00:00:00,17:30:00,SEM VÍTIMA,FINALIZADA,ROSARINHO,AV NORTE,"","",E/F A PADARIA ROSARINHO,AV NORTE,"",E/F A PADARIA ROSARINHO,ROSARINHO,81,CIDADE,COLISÃO TRASEIRA,COLISAO ENTRE DOIS AUTOS S/V,2,,,,,,,,,0,,Longo da via,Chuvoso,Sem defeito,Perfeito estado,Molhada,Perfeito estado,Faixa de pedestre,Não há placas,60 km/h,Dupla,Canteiro central,"",""
6511,2019-07-30T00:00:00,17:13:00,SEM VÍTIMA,FINALIZADA,IMBIRIBEIRA,AV MARECHAL MASCARENHAS DE MORAES,"","",EM FRENTE AO ATACADO DOS PRESENTES,AV MARECHAL MASCARENHAS DE MORAES,"",EM FRENTE AO ATACADO DOS PRESENTES,IMBIRIBEIRA,,CIDADE,COLISÃO TRASEIRA,COLISÃO SEM VÍTIMA,2,,,,,,,,,0,,Longo da via,Chuvoso,Sem defeito,Perfeito estado,Molhada,Perfeito estado,"","","",Única,Faixa seccionada,"",""
6512,2019-07-30T00:00:00,17:47:00,SEM VÍTIMA,FINALIZADA,SANTO AMARO,AV NORTE,"","",EM FRENTE AO Nº 1651,AV NORTE,"",EM FRENTE AO Nº 1651,SANTO AMARO,,"",COLISÃO TRASEIRA,COLISAO SEM VITIMAS,4,,,,,,,,,0,,Longo da via,Chuvoso,Não existe,Incompleta,Molhada,Mal iluminada,Não existe,Outras,"","",Canteiro central,"",""
6513,2019-07-30T00:00:00,18:07:00,COM VÍTIMA,FINALIZADA,BAIRRO DO RECIFE,RUA DO APOLO,235,"",AO LADO DA TORRE MALAKOFF. PRÓXIMO AO MARCO ZERO.,RUA DO APOLO,235,AO LADO DA TORRE MALAKOFF. PRÓXIMO AO MARCO ZERO.,BAIRRO DO RECIFE,,CIDADE,ATROPELAMENTO,VEICULO ATROPELOU UM PEDESTRE,1,,,,1,,,,,1,,Longo da via,Bom,Não existe,Perfeito estado,Seca,Perfeito estado,Não existe,Não há placas,"",Dupla,Não existe,"",""
6514,2019-07-30T00:00:00,18:28:00,SEM VÍTIMA,FINALIZADA,IMBIRIBEIRA,AV MARECHAL MASCARENHAS DE MORAES,"","","",AV MARECHAL MASCARENHAS DE MORAES,"","",IMBIRIBEIRA,,CIDADE,COLISÃO TRASEIRA,DOIS AUTOS S/V,2,,,,,,,,,0,,Longo da via,Chuvoso,Não existe,Perfeito estado,Seca,Perfeito estado,Não existe,Não há placas,"",Dupla,Faixa seccionada,Canteiro central,""
6515,2019-07-30T00:00:00,19:22:00,SEM VÍTIMA,FINALIZADA,ÁGUA FRIA,AV BEBERIBE,2131,"",AQUI FARMA,AV BEBERIBE,2131,AQUI FARMA,ÁGUA FRIA,,"",ABALROAMENTO TRANSVERSAL,DOIS AUTOS S/V,2,,,,,,,,,0,,Longo da via,Chuvoso,Não existe,"",Molhada,Perfeito estado,Não existe,Outras,"",Dupla,Faixa seccionada,"",""
6516,2019-07-30T00:00:00,19:33:00,COM VÍTIMA,CANCELADA,VÁRZEA,RUA BARAO DE CERRO LARGO,"","",PROXIMO AO COLEGIO LIPO NETO,RUA BARAO DE CERRO LARGO,"",PROXIMO AO COLEGIO LIPO NETO,VÁRZEA,,"",COLISÃO,ENTRE AUTO E MOTO COM VITIMA,1,1,,,,,,,,1,,"","","","","","","","","","","","",""
6517,2019-07-30T00:00:00,19:46:00,SEM VÍTIMA,FINALIZADA,PAISSANDU,RUA GENERAL JOAQUIM INACIO,"",AV GOVERNADOR AGAMENON MAGALHAES,"",RUA GENERAL JOAQUIM INACIO,"","",PAISSANDU,69,CIDADE,ABALROAMENTO LONGITUDINAL,HONDA CITY X FORD KA,2,,,,,,,,,0,,Cruzamento,Chuvoso,Sem defeito,Perfeito estado,Molhada,Perfeito estado,Faixa de pedestre,"",60 km/h,Única,Faixa seccionada,"",""
6518,2019-07-30T00:00:00,19:57:00,SEM VÍTIMA,CANCELADA,ESTÂNCIA,RUA ORLEANS,76,"",PROX A PIZZARIA FORNO E MASA ONDE ERA O ANTIGO BODE DO NO,RUA ORLEANS,76,PROX A PIZZARIA FORNO E MASA ONDE ERA O ANTIGO BODE DO NO,ESTÂNCIA,,"",CHOQUE,VEICULO SE CHOCOU-SE COM MURO DA RESIDENCIA,1,,,,,,,,1,0,,"","","","","","","","","","","","",""
6519,2019-07-30T00:00:00,20:14:00,SEM VÍTIMA,CANCELADA,BOA VIAGEM,AV FERNANDO SIMOES BARBOSA,"",RUA ERNESTO DE PAULA SANTOS,AO LADO DO POSTO SHELL SENTIDO PIEDADE,AV FERNANDO SIMOES BARBOSA,"",AO LADO DO POSTO SHELL SENTIDO PIEDADE,BOA VIAGEM,,"",COLISÃO,LOGAN X ETIOS,2,,,,,,,,,0,,"","","","","","","","","","","","",""
6520,2019-07-30T00:00:00,20:37:00,COM VÍTIMA,FINALIZADA,BARRO,AV CENTRAL,"","",DENTRO DA INTEGRAÇAO DA ESTAÇAO DO BARRO,AV CENTRAL,"",DENTRO DA INTEGRAÇAO DA ESTAÇAO DO BARRO,BARRO,,SUBURBIO,ATROPELAMENTO,ONIBUS,,,,,1,1,,,,1,,Longo da via,Chuvoso,Não existe,"",Molhada,Perfeito estado,Outros,Outras,"",Única,Faixa seccionada,"",""
6521,2019-07-30T00:00:00,20:58:00,SEM VÍTIMA,FINALIZADA,BOA VIAGEM,AV CONSELHEIRO AGUIAR,"","",EM FRENTE A CAIXA ECONÔMICA FEDERAL,AV CONSELHEIRO AGUIAR,"",EM FRENTE A CAIXA ECONÔMICA FEDERAL,BOA VIAGEM,,"",COLISÃO TRASEIRA,PARATI X HB 20,2,,,,,,,,,0,,Longo da via,Chuvoso,Não existe,Perfeito estado,Molhada,"",Não existe,R-6a,60 km/h,Única,Não existe,"",""
6522,2019-07-31T00:00:00,09:05:00,SEM VÍTIMA,FINALIZADA,ENCRUZILHADA,AV BEBERIBE,415,"",AO LADO DO BANCO DO BRASIL,AV BEBERIBE,415,AO LADO DO BANCO DO BRASIL,ENCRUZILHADA,,CIDADE,ABALROAMENTO LONGITUDINAL,ONIBUS E AUTO,1,,,,,1,,,,0,,Longo da via,Chuvoso,Não existe,Perfeito estado,Molhada,Perfeito estado,Não existe,R-6a,60 km/h,Dupla,Faixa seccionada,"",""
6523,2019-07-31T00:00:00,09:33:00,SEM VÍTIMA,FINALIZADA,DERBY,RUA JENER DE SOUZA,635,"",LADO OPOSTO AO QUARTEL DO DERBY,RUA JENER DE SOUZA,635,LADO OPOSTO AO QUARTEL DO DERBY,DERBY,,CIDADE,ABALROAMENTO LONGITUDINAL,ONIBUS E AUTO,1,,,,,1,,,,0,,Longo da via,Chuvoso,Não existe,Incompleta,Molhada,Perfeito estado,Não existe,Não há placas,"",Dupla,Canteiro central,"",""
6524,2019-07-31T00:00:00,09:38:00,SEM VÍTIMA,FINALIZADA,MACAXEIRA,AV NORTE,"","",ROTATORIA DA MACAXEIRA,AV NORTE,"",ROTATORIA DA MACAXEIRA,MACAXEIRA,,CIDADE,ABALROAMENTO LONGITUDINAL,TOMBAMENTO SEM VITIMAS,,,,,,,1,,,0,,"",Chuvoso,Não existe,Perfeito estado,Molhada,Perfeito estado,Não existe,Não há placas,"",Dupla,Não existe,"",""
6525,2019-07-31T00:00:00,09:59:00,SEM VÍTIMA,FINALIZADA,BOA VISTA,RUA GERVASIO PIRES,179,RUA DO GIRIQUITI,EM FRENTE A OTICA SÃO MARCOS,RUA GERVASIO PIRES,179,EM FRENTE A OTICA SÃO MARCOS,BOA VISTA,169,"",COLISÃO,COLISÃO S/VITIMAS ENTRE TRES AUTOS E UM REBOQUE,3,,,,,,1,,,0,,"","","","","","","","","","","","",""
6526,2019-07-31T00:00:00,10:05:00,SEM VÍTIMA,FINALIZADA,MADALENA,EST DOS REMEDIOS,"",AV ENGENHEIRO ABDIAS DE CARVALHO,"",EST DOS REMEDIOS,"","",MADALENA,52,"",ABALROAMENTO LONGITUDINAL,"",2,,,,,,,,,0,,Cruzamento,Bom,Sem defeito,Perfeito estado,Seca,Perfeito estado,Faixa de pedestre,Outras,"",Única,Faixa contínua,"",""
6527,2019-07-31T00:00:00,10:32:00,SEM VÍTIMA,FINALIZADA,ESPINHEIRO,RUA CONS PORTELA,678,AV JOAO DE BARROS,"",RUA CONS PORTELA,678,"",ESPINHEIRO,,"",ABALROAMENTO LONGITUDINAL,COLISÃO S/VITIMAS ENTRE UM AUTO E UM ONIBUS,1,,,,,1,,,,0,,Longo da via,Bom,Não existe,Perfeito estado,Seca,Perfeito estado,Faixa de pedestre,R-6a,"",Única,Faixa seccionada,"",""
6528,2019-07-31T00:00:00,10:42:00,SEM VÍTIMA,FINALIZADA,TORRE,RUA ANA NERY,23,"","PRÓXIMO A RUA MARCOS ANDRÉ, AO LADO DO MAX LAVA JATO",RUA ANA NERY,23,"PRÓXIMO A RUA MARCOS ANDRÉ, AO LADO DO MAX LAVA JATO",TORRE,,SUBURBIO,ABALROAMENTO LONGITUDINAL,COLISÃO S/VITIMAS ENTRE DOIS AUTO,2,,,,,,,,,0,,Longo da via,Bom,Não existe,Perfeito estado,Seca,Perfeito estado,Não existe,Não há placas,"",Dupla,Faixa seccionada,"",""
6529,2019-07-31T00:00:00,10:53:00,SEM VÍTIMA,FINALIZADA,BOA VIAGEM,RUA ERNESTO DE PAULA SANTOS,"",RUA JONATHAS DE VASCONCELOS,"",RUA ERNESTO DE PAULA SANTOS,"","",BOA VIAGEM,,SUBURBIO,COLISÃO FRONTAL,COLISÃO S/ VITIMAS ENTRE DOIS AUTOS,2,,,,,,,,,0,,Cruzamento,Chuvoso,Não existe,Não existente,Seca,Perfeito estado,Não existe,Não há placas,"",Única,Não existe,"",""
6530,2019-07-31T00:00:00,11:33:00,SEM VÍTIMA,FINALIZADA,ENCRUZILHADA,RUA INACIO GALVAO DOS SANTOS,290,"","",RUA INACIO GALVAO DOS SANTOS,290,"",ENCRUZILHADA,,SUBURBIO,CHOQUE VEÍCULO PARADO,DOIS AUTOS,1,,,,,,,,,0,,Longo da via,Bom,Não existe,Perfeito estado,Seca,Perfeito estado,Não existe,Placas Pare,"",Dupla,Não existe,"",""
6531,2019-07-31T00:00:00,11:38:00,SEM VÍTIMA,FINALIZADA,BARRO,AV DR JOSE RUFINO,2955,"",EM FRENTE ESCOLA ESTADUAL CASTELLO BRANCO,AV DR JOSE RUFINO,2955,EM FRENTE ESCOLA ESTADUAL CASTELLO BRANCO,BARRO,,CIDADE,COLISÃO TRASEIRA,COLISÃO S/VITIMAS ENTRE UM AUTO E MOTO,1,1,,,,,,,,0,,Longo da via,Chuvoso,Sem defeito,Perfeito estado,Seca,Perfeito estado,Faixa de pedestre,Outras,"",Única,Faixa seccionada,"",""
6532,2019-07-31T00:00:00,11:41:00,SEM VÍTIMA,FINALIZADA,VÁRZEA,RUA PROFESSOR ANTONIO COELHO,"",RUA MARECHAL MANOEL LUIS OSORIO,COLEGIO PONTUAL,RUA PROFESSOR ANTONIO COELHO,"",COLEGIO PONTUAL,VÁRZEA,,SUBURBIO,ABALROAMENTO TRANSVERSAL,DOIS AUTOS,2,,,,,,,,,0,,Cruzamento,Bom,Não existe,Perfeito estado,Seca,Perfeito estado,Faixa de pedestre,Placas Pare,"",Dupla,Faixa contínua,"",""
6533,2019-07-31T00:00:00,11:51:00,SEM VÍTIMA,FINALIZADA,IMBIRIBEIRA,AV MARECHAL MASCARENHAS DE MORAES,4080,RUA CORONEL FABRICIANO,ATACADO DOS PRESENTES,AV MARECHAL MASCARENHAS DE MORAES,4080,ATACADO DOS PRESENTES,IMBIRIBEIRA,310,CIDADE,ABALROAMENTO LONGITUDINAL,CAMINHA X AUTO S/V,1,,,,,,1,,,0,,Longo da via,Bom,Sem defeito,Perfeito estado,Seca,"",Faixa de pedestre,Não há placas,60 km/h,Dupla,Canteiro central,"",""
6534,2019-07-31T00:00:00,11:54:00,COM VÍTIMA,FINALIZADA,GRAÇAS,RUA JOAO RAMOS,260,RUA DONA ANUNCIADA,PROX A PIZZARIA ATLANTICO,RUA JOAO RAMOS,260,PROX A PIZZARIA ATLANTICO,GRAÇAS,,SUBURBIO,ABALROAMENTO TRANSVERSAL,COLISAO ENTRE AUTO E MOTO COM UMA VITIMA,1,1,,,,,,,,1,,Cruzamento,Bom,Não existe,Perfeito estado,Seca,Perfeito estado,Outros,Placas Pare,"",Única,"","",""
6535,2019-07-31T00:00:00,12:09:00,SEM VÍTIMA,FINALIZADA,LINHA DO TIRO,RUA URIEL DE HOLANDA,1650,"",EM FRENTE AO BAR DO INDIO,RUA URIEL DE HOLANDA,1650,EM FRENTE AO BAR DO INDIO,LINHA DO TIRO,,"",COLISÃO,COLISAO SEM VITIMA,1,,,,,1,,,,0,,"","","","","","","","","","","","",""
6536,2019-07-31T00:00:00,12:12:00,SEM VÍTIMA,FINALIZADA,ÁGUA FRIA,RUA ALEGRE,267,"","",RUA ALEGRE,267,"",ÁGUA FRIA,,SUBURBIO,COLISÃO TRASEIRA,COLISAO ENTRE CAMINHAO E ONIBUS S/V,,,,,,1,1,,,0,,Longo da via,Bom,Não existe,Perfeito estado,Seca,Perfeito estado,Não existe,Não há placas,50 km/h,Única,Faixa seccionada,"",""
6537,2019-07-31T00:00:00,13:55:00,SEM VÍTIMA,FINALIZADA,"",RUA ANTONIO VICENTE,546,"","",RUA ANTONIO VICENTE,546,"","",,"",CHOQUE VEÍCULO PARADO,COLISAO SEM VITIMA,2,,,,,,,,,0,,Longo da via,Chuvoso,Não existe,Incompleta,Seca,Perfeito estado,Não existe,Não há placas,"",Dupla,Não existe,"",""
6538,2019-07-31T00:00:00,15:10:00,COM VÍTIMA,FINALIZADA,AREIAS,AV TENENTE FELIPE BANDEIRA DE MELO,97,"",PROXIMO A WALMART,AV TENENTE FELIPE BANDEIRA DE MELO,97,PROXIMO A WALMART,AREIAS,,"",ATROPELAMENTO,ATROPELAMENTO COM VITIMA,1,,,,1,,,,,1,,Longo da via,Bom,Não existe,"",Seca,Perfeito estado,Outros,Não há placas,"",Dupla,Não existe,"",""
6539,2019-07-31T00:00:00,15:11:00,SEM VÍTIMA,FINALIZADA,CORDEIRO,AV CAXANGA,"","",LADO OPOSTO AO Nº 1814,AV CAXANGA,"",LADO OPOSTO AO Nº 1814,CORDEIRO,,CIDADE,ABALROAMENTO LONGITUDINAL,COLISAO ENTRE AUTO E DUAS MOTO S/V,1,2,,,,,,,,0,,Longo da via,Bom,"",Perfeito estado,Seca,Perfeito estado,Não existe,R-6a,"",Dupla,Canteiro central,"",""
6540,2019-07-31T00:00:00,15:27:00,SEM VÍTIMA,FINALIZADA,BOA VIAGEM,AV CONSELHEIRO AGUIAR,1415,"",EM FRENTE A BCANI,AV CONSELHEIRO AGUIAR,1415,EM FRENTE A BCANI,BOA VIAGEM,,SUBURBIO,ABALROAMENTO TRANSVERSAL,COLISÃO SEM VÍTIMA,1,,,,,1,,,,0,,Longo da via,Bom,Sem defeito,Perfeito estado,Seca,Perfeito estado,Não existe,Não há placas,"",Única,Faixa seccionada,"",""
6541,2019-07-31T00:00:00,15:40:00,SEM VÍTIMA,FINALIZADA,DERBY,RUA BENFICA,"","",EDF TRÊS MARIAS,RUA BENFICA,"",EDF TRÊS MARIAS,DERBY,,CIDADE,COLISÃO TRASEIRA,COLISÃO SEM VÍTIMA,1,,,,,1,,,,0,,Longo da via,Bom,Não existe,Perfeito estado,Seca,Perfeito estado,Não existe,Outras,"",Dupla,Faixa contínua,"",""
6542,2019-07-31T00:00:00,15:44:00,COM VÍTIMA,FINALIZADA,IPUTINGA,AV MAURICIO DE NASSAU,29,"","EM FRENTE A ASINHA MASTER, PRÓXIMO A LOMBADA ELETRÔNICA",AV MAURICIO DE NASSAU,29,"EM FRENTE A ASINHA MASTER, PRÓXIMO A LOMBADA ELETRÔNICA",IPUTINGA,,SUBURBIO,COLISÃO COM CICLISTA,COLISÃO COM VÍTIMA,1,,,1,,,,,,1,,Longo da via,Bom,Não existe,Perfeito estado,Seca,Perfeito estado,Não existe,Não há placas,"",Dupla,Faixa seccionada,"",""
6543,2019-07-31T00:00:00,15:46:00,SEM VÍTIMA,FINALIZADA,ESPINHEIRO,RUA MARQUES DO PARANA,396,RUA GOMES PACHECO,"",RUA MARQUES DO PARANA,396,"",ESPINHEIRO,,"",ABALROAMENTO LONGITUDINAL,COLISAO SEM VITIMA,2,,,,,,,,,0,,Longo da via,Bom,Não existe,Perfeito estado,Seca,Perfeito estado,Não existe,Placas Pare,"",Única,Faixa seccionada,"",""
6544,2019-07-31T00:00:00,15:58:00,SEM VÍTIMA,DUPLICIDADE,DERBY,RUA BENFICA,"","",AO LADO CLUBE INTERNACIONAL,RUA BENFICA,"",AO LADO CLUBE INTERNACIONAL,DERBY,,CIDADE,COLISÃO,COLISAO SEM VITIMA,1,,,,,1,,,,0,,"","","","","","","","","","","","",""
6545,2019-07-31T00:00:00,16:30:00,SEM VÍTIMA,FINALIZADA,TORRE,RUA DOM MANOEL DA COSTA,270,"",LOCAL SEM ESTABELECIMENTOS COMO REFERENCIAS RUA RESIDENCIAL,RUA DOM MANOEL DA COSTA,270,LOCAL SEM ESTABELECIMENTOS COMO REFERENCIAS RUA RESIDENCIAL,TORRE,,"",COLISÃO,COLISÃO SEM VÍTIMA,3,,,,,,,,,0,,"","","","","","","","","","","","",""
6546,2019-07-31T00:00:00,16:36:00,SEM VÍTIMA,FINALIZADA,DERBY,AV GOVERNADOR AGAMENON MAGALHAES,"","",SENTIOD OLINDA,AV GOVERNADOR AGAMENON MAGALHAES,"",SENTIOD OLINDA,DERBY,,SUBURBIO,COLISÃO,"ENTRE TRÊS AUTO, DOIS SE ENCONTRAM NO LOCAL",2,,,,,,,,,0,,"","","","","","","","","","","","",""
6547,2019-07-31T00:00:00,16:37:00,SEM VÍTIMA,FINALIZADA,GUABIRABA,AV DA RECUPERACAO,3255,"",ÁREA DE CIRCULAÇÃO DO POSTO DE GASOLINA SERRA II,AV DA RECUPERACAO,3255,ÁREA DE CIRCULAÇÃO DO POSTO DE GASOLINA SERRA II,GUABIRABA,,SUBURBIO,COLISÃO FRONTAL,MOTO X AUTO PASSEIO,1,1,,,,,,,,0,,"",Bom,Não existe,Não existente,Seca,Perfeito estado,Não existe,Não há placas,"",Única,Não existe,"",""
6548,2019-07-31T00:00:00,16:48:00,SEM VÍTIMA,FINALIZADA,BOA VISTA,AV GOVERNADOR AGAMENON MAGALHAES,4481,"",EM FRENTE AO BRADESCO,AV GOVERNADOR AGAMENON MAGALHAES,4481,EM FRENTE AO BRADESCO,BOA VISTA,,"",COLISÃO TRASEIRA,"ENTRE TRÊS AUTO, DOIS SE ENCONTRAM NO LOCAL",2,,,,,,,,,0,,Longo da via,Chuvoso,Não existe,Perfeito estado,Seca,Perfeito estado,Não existe,Não há placas,60 km/h,Dupla,Canal,"",""
6549,2019-07-31T00:00:00,16:57:00,SEM VÍTIMA,FINALIZADA,ESTÂNCIA,AV DR JOSE RUFINO,"","",EM FRENTE AO SEMÁFORO 491,AV DR JOSE RUFINO,"",EM FRENTE AO SEMÁFORO 491,ESTÂNCIA,491,SUBURBIO,ABALROAMENTO LONGITUDINAL,COLISAO ENTRE DOIS ONIBUS S/V,,,,,,2,,,,0,,Longo da via,Chuvoso,Sem defeito,Perfeito estado,Molhada,Perfeito estado,Faixa de pedestre,Outras,60 km/h,Única,Faixa seccionada,"",""