_id,DATA,hora,natureza_acidente,situacao,bairro,endereco,numero,detalhe_endereco_acidente,complemento,endereco_cruzamento,numero_cruzamento,referencia_cruzamento,bairro_cruzamento,num_semaforo,sentido_via,tipo,descricao,auto,moto,ciclom,ciclista,pedestre,onibus,caminhao,viatura,outros,vitimas,vitimasfatais,acidente_verificado,tempo_clima,situacao_semaforo,sinalizacao,condicao_via,conservacao_via,ponto_controle,situacao_placa,velocidade_max_via,mao_direcao,divisao_via1,divisao_via2,divisao_via3
6607,2019-08-02T00:00:00,10:11:00,SEM VÍTIMA,FINALIZADA,DERBY,AV GOVERNADOR AGAMENON MAGALHAES,"","",EM FRENTE AO BANCO BRADESCO,AV GOVERNADOR AGAMENON MAGALHAES,"",EM FRENTE AO BANCO BRADESCO,DERBY,,"",COLISÃO TRASEIRA,COLISAO SEM VITIMAS,2,,,,,,,,,0,,Longo da via,Bom,Não existe,Perfeito estado,Seca,Perfeito estado,Não existe,R-6a,60 km/h,Dupla,Faixa seccionada,"",""
6608,2019-08-02T00:00:00,10:39:00,SEM VÍTIMA,FINALIZADA,FUNDÃO,AV BEBERIBE,"",RUA CAPITAO SALGUEIRO,SEMÁFORO 388,AV BEBERIBE,"",SEMÁFORO 388,FUNDÃO,388,CIDADE,COLISÃO TRASEIRA,COLISÃO S/VITIMAS ENTRE DOIS AUTOS E UM ONIBUS (SENT. RECIFE),2,,,,,1,,,,0,,"",Chuvoso,Sem defeito,Perfeito estado,Molhada,Perfeito estado,Faixa de pedestre,R-6a,"",Dupla,Faixa seccionada,"",""
6609,2019-08-02T00:00:00,10:40:00,COM VÍTIMA,FINALIZADA,IMBIRIBEIRA,AV MARECHAL MASCARENHAS DE MORAES,"","",EM FRENTE A LOJA GRILLO,AV MARECHAL MASCARENHAS DE MORAES,"",EM FRENTE A LOJA GRILLO,IMBIRIBEIRA,,CIDADE,ATROPELAMENTO,ONIBUS / PEDESTRE,,,,,1,1,,,,1,,Longo da via,Chuvoso,Sem defeito,Perfeito estado,Molhada,Perfeito estado,Não existe,Não há placas,60 km/h,Dupla,Faixa contínua,Faixa seccionada,Canteiro central
6610,2019-08-02T00:00:00,11:01:00,SEM VÍTIMA,FINALIZADA,BOA VISTA,RUA GERVASIO PIRES,356,"",ESTACIONAMENTO EDF GARAGEM,RUA GERVASIO PIRES,356,ESTACIONAMENTO EDF GARAGEM,BOA VISTA,,SUBURBIO,ABALROAMENTO LONGITUDINAL,COLISAO SEM VITIMAS,,,,,,,2,,,0,,Longo da via,Bom,Não existe,Perfeito estado,Seca,Perfeito estado,Não existe,Outras,"",Única,Faixa seccionada,"",""
6611,2019-08-02T00:00:00,11:08:00,SEM VÍTIMA,FINALIZADA,CASA AMARELA,RUA CONS PERETTI,115,RUA OSCAR DE BARROS,"",RUA CONS PERETTI,115,"",CASA AMARELA,,SUBURBIO,ABALROAMENTO TRANSVERSAL,COLISÃO S/VITIMAS ENTRE DOIS AUTOS,2,,,,,,,,,0,,Cruzamento,Bom,Não existe,Perfeito estado,Seca,Perfeito estado,Não existe,R-6a,"",Dupla,Não existe,"",""
6612,2019-08-02T00:00:00,11:10:00,SEM VÍTIMA,FINALIZADA,AREIAS,AV DR JOSE RUFINO,1807,RUA PADRE NOBREGA,"",AV DR JOSE RUFINO,1807,"",AREIAS,,"",ABALROAMENTO LONGITUDINAL,AUTO E CAMINHÃO,1,,,,,,1,,,0,,"",Bom,Não existe,Perfeito estado,Seca,Perfeito estado,Não existe,R-6a,60 km/h,Dupla,Faixa contínua,"",""
6613,2019-08-02T00:00:00,11:13:00,SEM VÍTIMA,CANCELADA,BOA VIAGEM,AV ENGENHEIRO DOMINGOS FERREIRA,2279,"",E/F FARMACIA PAGUE MENOS,AV ENGENHEIRO DOMINGOS FERREIRA,2279,E/F FARMACIA PAGUE MENOS,BOA VIAGEM,,"",ENGAVETAMENTO,COLISAO SEM VITIMAS,3,,,,,,,,,0,,"","","","","","","","","","","","",""
6614,2019-08-02T00:00:00,12:32:00,SEM VÍTIMA,FINALIZADA,PAISSANDU,AV GOVERNADOR AGAMENON MAGALHAES,"","",APÓS O SEMÁFORO 69,AV GOVERNADOR AGAMENON MAGALHAES,"",APÓS O SEMÁFORO 69,PAISSANDU,,"",COLISÃO TRASEIRA,COLISAO SEM VITIMAS,1,1,,,,,,,,0,,Longo da via,Bom,Sem defeito,Perfeito estado,Seca,Perfeito estado,Outros,Outras,60 km/h,Dupla,Canteiro central,"",""
6615,2019-08-02T00:00:00,12:32:00,SEM VÍTIMA,CANCELADA,AFOGADOS,RUA SAO MIGUEL,"","","PROX. DO BANCO DO BRASIL, SENTIDO SUBURBIO",RUA SAO MIGUEL,"","PROX. DO BANCO DO BRASIL, SENTIDO SUBURBIO",AFOGADOS,,"",COLISÃO,COLISÃO SEM VITIMA,1,1,,,,,,,,0,,"","","","","","","","","","","","",""
6616,2019-08-02T00:00:00,12:39:00,SEM VÍTIMA,FINALIZADA,BOA VIAGEM,RUA PROFESSOR JOAO MEDEIROS,"","",PROXIMO AO SHOPING RECIFE,RUA PROFESSOR JOAO MEDEIROS,"",PROXIMO AO SHOPING RECIFE,BOA VIAGEM,,"",COLISÃO,COLISAO SEM VITIMAS,2,,,,,,,,,0,,"","","","","","","","","","","","",""
6617,2019-08-02T00:00:00,13:01:00,COM VÍTIMA,FINALIZADA,ARRUDA,AV BEBERIBE,433,"",EM FRENTE AO BAR DO DRAGÃO,AV BEBERIBE,433,EM FRENTE AO BAR DO DRAGÃO,ARRUDA,,"",COLISÃO TRASEIRA,COLISÃO COM VÍTIMA,1,1,,,,,,,,1,,Longo da via,Bom,Sem defeito,Perfeito estado,Seca,Perfeito estado,Não existe,Não há placas,"",Única,Faixa seccionada,"",""
6618,2019-08-02T00:00:00,14:21:00,COM VÍTIMA,FINALIZADA,ESPINHEIRO,RUA DO ESPINHEIRO,468,AV CONS ROSA E SILVA,AO LADO DO HOSPTAL DO SERVIDOR,RUA DO ESPINHEIRO,468,AO LADO DO HOSPTAL DO SERVIDOR,ESPINHEIRO,,CID/SUB,ATROPELAMENTO,ONIBUS ATROPELOU UMA VITIMA,,,,,1,1,,,,1,,Longo da via,Nublado,Não existe,"",Seca,"",Faixa de pedestre,Outras,"",Única,Faixa seccionada,"",""
6619,2019-08-02T00:00:00,14:33:00,SEM VÍTIMA,FINALIZADA,ENCRUZILHADA,EST DE BELEM,30,RUA LARGA DO FEITOZA,"",EST DE BELEM,30,"",ENCRUZILHADA,,SUBURBIO,COLISÃO TRASEIRA,COLISAO SEM VITIMA,2,,,,,,,,,0,,Longo da via,Bom,Não existe,Perfeito estado,Seca,Perfeito estado,Outros,R-6a,"",Dupla,Faixa contínua,Faixa seccionada,""
6620,2019-08-02T00:00:00,14:46:00,SEM VÍTIMA,FINALIZADA,IMBIRIBEIRA,AV MARECHAL MASCARENHAS DE MORAES,"","",TAMBAI,AV MARECHAL MASCARENHAS DE MORAES,"",TAMBAI,IMBIRIBEIRA,439,CIDADE,ABALROAMENTO LONGITUDINAL,COLISAO ENTRE ONIBUS E AUTO S/V,1,,,,,1,,,,0,,Longo da via,Bom,Sem defeito,Perfeito estado,Seca,Perfeito estado,Não existe,Outras,60 km/h,Dupla,Canteiro central,"",""
6621,2019-08-02T00:00:00,15:09:00,SEM VÍTIMA,FINALIZADA,BOA VIAGEM,RUA PROFESSOR EDUARDO WANDERLEY FILHO,"",RUA ANTONIO DE SA LEITAO,EDF MARIA SATYE,RUA PROFESSOR EDUARDO WANDERLEY FILHO,"",EDF MARIA SATYE,BOA VIAGEM,,CIDADE,ABALROAMENTO LONGITUDINAL,COLISAO ENTRE DOIS AUTOS S/V,2,,,,,,,,,0,,Longo da via,Bom,Não existe,Incompleta,Seca,Perfeito estado,Não existe,Outras,"",Dupla,Não existe,"",""
6622,2019-08-02T00:00:00,15:20:00,SEM VÍTIMA,FINALIZADA,SÃO JOSÉ,RUA VIDAL DE NEGREIROS,318,"",EDF SÃO JOSÉ,RUA VIDAL DE NEGREIROS,318,EDF SÃO JOSÉ,SÃO JOSÉ,,SUBURBIO,ABALROAMENTO LONGITUDINAL,COLISAO SEM VITIMA,2,,,,,,,,,0,,Longo da via,Bom,Sem defeito,Perfeito estado,Seca,Mal conservada,Não existe,Não há placas,"",Única,"","",""
6623,2019-08-02T00:00:00,15:20:00,SEM VÍTIMA,FINALIZADA,BAIRRO DO RECIFE,CAIS DO APOLO,"",RUA MADRE DEUS,APÓS PONTE BUARQUE DE MACEDO,CAIS DO APOLO,"",APÓS PONTE BUARQUE DE MACEDO,BAIRRO DO RECIFE,19,SUBURBIO,ABALROAMENTO LONGITUDINAL,COLISÃO SEM VÍTIMA,2,,,,,,,,,0,,"",Bom,Sem defeito,Perfeito estado,Seca,Perfeito estado,Não existe,R-6a,30 km/h,Única,Faixa seccionada,"",""
6624,2019-08-02T00:00:00,15:20:00,SEM VÍTIMA,FINALIZADA,ILHA DO RETIRO,AV ENGENHEIRO ABDIAS DE CARVALHO,"",RUA SENADOR FABIO DE BARROS,POSTO DE COMBUSTÍVEL EXTRA,AV ENGENHEIRO ABDIAS DE CARVALHO,"",POSTO DE COMBUSTÍVEL EXTRA,ILHA DO RETIRO,,SUBURBIO,ABALROAMENTO LONGITUDINAL,COLISAO ENTRE DOIS AUTOS S/V,2,,,,,,,,,0,,Longo da via,Bom,Não existe,Perfeito estado,Seca,Perfeito estado,Não existe,R-6a,"",Dupla,Canteiro central,"",""
6625,2019-08-02T00:00:00,15:33:00,SEM VÍTIMA,FINALIZADA,IMBIRIBEIRA,AV MARECHAL MASCARENHAS DE MORAES,2309,RUA JOSE DA SILVA LUCENA,"",AV MARECHAL MASCARENHAS DE MORAES,2309,"",IMBIRIBEIRA,,CIDADE,ABALROAMENTO LONGITUDINAL,COLISÃO SEM VITIMA,2,,,,,,,,,0,,"",Bom,Não existe,Perfeito estado,Seca,Perfeito estado,Não existe,Não há placas,60 km/h,Dupla,Canteiro central,"",""
6626,2019-08-02T00:00:00,15:35:00,SEM VÍTIMA,FINALIZADA,BOA VIAGEM,AV DES JOSE NEVES,31,"",EM FRENTE AO MARTELINHO DE OURO,AV DES JOSE NEVES,31,EM FRENTE AO MARTELINHO DE OURO,BOA VIAGEM,,CIDADE,ABALROAMENTO LONGITUDINAL,"",3,,,,,,,,,0,,Longo da via,Bom,Não existe,Perfeito estado,Seca,Perfeito estado,Não existe,Outras,60 km/h,Dupla,Canteiro central,"",""
6627,2019-08-02T00:00:00,15:39:00,COM VÍTIMA,FINALIZADA,JIQUIÁ,AV DR JOSE RUFINO,"","",EM FRENTE AO POSTE Nº B 065273,AV DR JOSE RUFINO,"",EM FRENTE AO POSTE Nº B 065273,JIQUIÁ,,SUB/CID,ABALROAMENTO TRANSVERSAL,COM VÍTIMA,1,1,,,,,,,,1,,Longo da via,Bom,Não existe,Perfeito estado,Seca,Perfeito estado,"",Outras,60 km/h,Dupla,Faixa,"",""
6628,2019-08-02T00:00:00,16:02:00,SEM VÍTIMA,FINALIZADA,ESPINHEIRO,AV CONS ROSA E SILVA,327,"",HOSPITAL DO SERVIDOR,AV CONS ROSA E SILVA,327,HOSPITAL DO SERVIDOR,ESPINHEIRO,309,SUBURBIO,ABALROAMENTO LONGITUDINAL,COLISÃO SEM VÍTIMA,2,,,,,,,,,0,,Longo da via,Nublado,Sem defeito,Perfeito estado,Seca,"",Faixa de pedestre,Outras,"",Única,Faixa seccionada,"",""
6629,2019-08-02T00:00:00,16:23:00,COM VÍTIMA,FINALIZADA,SANTO AMARO,RUA DO HOSPICIO,"","",EM FRENTE A CÂMARA MUNICIPAL DO RECIFE,RUA DO HOSPICIO,"",EM FRENTE A CÂMARA MUNICIPAL DO RECIFE,SANTO AMARO,,CIDADE,ABALROAMENTO LONGITUDINAL,COLISÃO COM VÍTIMA,1,1,,,,,,,,2,,Longo da via,Bom,Sem defeito,Perfeito estado,Seca,Perfeito estado,Faixa de pedestre,Não há placas,"",Dupla,Blocos,"",""
6630,2019-08-02T00:00:00,17:41:00,SEM VÍTIMA,FINALIZADA,CAXANGÁ,AV CAXANGA,4355,"",EM FRENTE AO POSTO DE COMBUSTÍVEL DISLUB,AV CAXANGA,4355,EM FRENTE AO POSTO DE COMBUSTÍVEL DISLUB,CAXANGÁ,,CIDADE,ABALROAMENTO LONGITUDINAL,COLISÃO SEM VÍTIMA,1,1,,,,,,,,0,,Longo da via,Bom,Não existe,Perfeito estado,Seca,Perfeito estado,Não existe,R-6a,"",Dupla,Canteiro central,"",""
6631,2019-08-02T00:00:00,17:53:00,COM VÍTIMA,FINALIZADA,AREIAS,AV RECIFE,810,"",HOSPITAL GERAL DE AREIAS,AV RECIFE,810,HOSPITAL GERAL DE AREIAS,AREIAS,,CIDADE,ATROPELAMENTO,MOTO E PEDESTRE,,1,,,1,,,,,1,,Longo da via,Bom,Sem defeito,Perfeito estado,Seca,Perfeito estado,Não existe,Outras,60 km/h,Dupla,Blocos,"",""
6632,2019-08-02T00:00:00,18:40:00,SEM VÍTIMA,FINALIZADA,CASA FORTE,AV DEZESSETE DE AGOSTO,735,"",EM FRENTE AO HOTEL POUSADA CASA FORTE,AV DEZESSETE DE AGOSTO,735,EM FRENTE AO HOTEL POUSADA CASA FORTE,CASA FORTE,,CIDADE,COLISÃO TRASEIRA,SEM VÍTIMA,2,,,,,,,,,0,,Longo da via,Bom,Não existe,Perfeito estado,Seca,Perfeito estado,Não existe,R-6a,"",Dupla,Faixa contínua,"",""
6633,2019-08-02T00:00:00,19:21:00,COM VÍTIMA,CANCELADA,TORRÕES,AV RECIFE,"","",PRÓX AO VIADUTO DA CEASA E HOSPITAL DA MULHER,AV RECIFE,"",PRÓX AO VIADUTO DA CEASA E HOSPITAL DA MULHER,TORRÕES,,"",COLISÃO,ENTRE ÕNIBUS E A CARROÇA. C/V,,,,,,1,,,,1,,"","","","","","","","","","","","",""
6634,2019-08-02T00:00:00,20:05:00,COM VÍTIMA,FINALIZADA,IBURA,AV DOIS RIOS,"","","",AV DOIS RIOS,"","",IBURA,,CIDADE,COLISÃO TRASEIRA,ENTRE AUTO E MOTO. C/V,1,1,,,,,,,,1,,Longo da via,Bom,Não existe,Perfeito estado,Seca,Perfeito estado,Outros,Não há placas,"",Dupla,Faixa contínua,"",""
6635,2019-08-02T00:00:00,20:20:00,SEM VÍTIMA,FINALIZADA,IMBIRIBEIRA,AV MARECHAL MASCARENHAS DE MORAES,"",RUA CORONEL FABRICIANO,SEMÁFORO 310,AV MARECHAL MASCARENHAS DE MORAES,"",SEMÁFORO 310,IMBIRIBEIRA,310,CIDADE,ABALROAMENTO TRANSVERSAL,"ENTRE 2 AUTOS, S/V",2,,,,,,,,,0,,"",Bom,Sem defeito,Perfeito estado,Seca,Perfeito estado,Faixa de retenção,Não há placas,"",Dupla,Canteiro central,"",""
6636,2019-08-02T00:00:00,20:31:00,SEM VÍTIMA,CANCELADA,BOA VISTA,AV GOVERNADOR AGAMENON MAGALHAES,"","",E/F AO CÍRCULO MILITAR,AV GOVERNADOR AGAMENON MAGALHAES,"",E/F AO CÍRCULO MILITAR,BOA VISTA,,"",COLISÃO,ENTRE CAMINHÃO E AUTO PASSEIO. S/V,1,,,,,,1,,,0,,"","","","","","","","","","","","",""
6637,2019-08-02T00:00:00,21:04:00,SEM VÍTIMA,FINALIZADA,AFLITOS,RUA QUARENTA E OITO,942,RUA SAMUEL CAMPELO,E/F A GALERIA 48 CENTER,RUA QUARENTA E OITO,942,E/F A GALERIA 48 CENTER,AFLITOS,,CIDADE,ABALROAMENTO LONGITUDINAL,"ENTRE 2 AUTOS, S/V",2,,,,,,,,,0,,Cruzamento,Bom,Não existe,Perfeito estado,Seca,Perfeito estado,Não existe,Não há placas,"",Única,Faixa seccionada,"",""
6638,2019-08-02T00:00:00,21:43:00,SEM VÍTIMA,FINALIZADA,TOTÓ,RUA PAULINO DE FARIAS,"","",EM FRENTE AO Nº 525,RUA PAULINO DE FARIAS,"",EM FRENTE AO Nº 525,TOTÓ,,SUBURBIO,ABALROAMENTO LONGITUDINAL,ONIBUS BORBOREMA X HONDA CIVIC,1,,,,,1,,,,0,,Longo da via,Bom,Não existe,Incompleta,Seca,Perfeito estado,Não existe,Outras,"",Dupla,Não existe,"",""
6639,2019-08-02T00:00:00,21:56:00,COM VÍTIMA,FINALIZADA,"",AV VISCONDE DE ALBUQUERQUE,58,"",LADO OPOSTO AO BOMPREÇO,AV VISCONDE DE ALBUQUERQUE,58,LADO OPOSTO AO BOMPREÇO,"",,SUBURBIO,ATROPELAMENTO,MOTO,,1,,,1,,,,,1,,Longo da via,Bom,Não existe,Perfeito estado,Seca,Perfeito estado,Não existe,R-6a,"",Única,Faixa seccionada,"",""
6640,2019-08-03T00:00:00,08:23:00,SEM VÍTIMA,FINALIZADA,BOA VIAGEM,RUA VISCONDE DE JEQUITINHONHA,"",RUA BALTAZAR PASSOS,"",RUA VISCONDE DE JEQUITINHONHA,"","",BOA VIAGEM,154,SUBURBIO,ABALROAMENTO TRANSVERSAL,COLISÃO SEM VITIMAS,2,,,,,,,,,0,,Cruzamento,Bom,Desligado,Perfeito estado,Seca,Perfeito estado,Faixa de pedestre,Outras,"",Dupla,Canteiro central,"",""
6641,2019-08-03T00:00:00,08:41:00,SEM VÍTIMA,CANCELADA,BEBERIBE,AV BEBERIBE,4050,"",EM FRENTE A PIZZARIA RUSH,AV BEBERIBE,4050,EM FRENTE A PIZZARIA RUSH,BEBERIBE,,"",COLISÃO,AUTO E MOTO,1,1,,,,,,,,0,,"","","","","","","","","","","","",""
6642,2019-08-03T00:00:00,08:49:00,SEM VÍTIMA,FINALIZADA,JAQUEIRA,RUA HOEL SETTE,"","",EM FRENTE AO Nº S/N PADARIA JAQUEIRA,RUA HOEL SETTE,"",EM FRENTE AO Nº S/N PADARIA JAQUEIRA,JAQUEIRA,,"",CHOQUE VEÍCULO PARADO,COLISÃO SEM VITIMAS,2,,,,,,,,,0,,"",Bom,Não existe,Perfeito estado,Seca,Perfeito estado,Não existe,Não há placas,"","","","",""
6643,2019-08-03T00:00:00,08:59:00,SEM VÍTIMA,CANCELADA,AFOGADOS,LARGO DA PAZ,"","",EM FRENTE A OTICA DINIZ,LARGO DA PAZ,"",EM FRENTE A OTICA DINIZ,AFOGADOS,53,"",COLISÃO,CINQUENTINHA E AUTO,1,1,,,,,,,,0,,"","","","","","","","","","","","",""
6644,2019-08-03T00:00:00,10:29:00,SEM VÍTIMA,FINALIZADA,CAXANGÁ,AV CAXANGA,"",AV GENERAL SAN MARTIN,"",AV CAXANGA,"","",CAXANGÁ,80,SUBURBIO,COLISÃO TRASEIRA,VT- 03 NO LOCAL,2,,,,,,,,,0,,Cruzamento,Bom,Sem defeito,Perfeito estado,Seca,Perfeito estado,Faixa de pedestre,R-6a,"",Dupla,Canteiro central,"",""
6645,2019-08-03T00:00:00,10:31:00,SEM VÍTIMA,FINALIZADA,TORRE,RUA JOSE BONIFACIO,"","",LADO OPOSTO AO CARREFOUR,RUA JOSE BONIFACIO,"",LADO OPOSTO AO CARREFOUR,TORRE,,"",COLISÃO TRASEIRA,COLISÃO SEM VITIMAS,4,,,,,,,,,0,,Longo da via,Bom,Não existe,Perfeito estado,Seca,Perfeito estado,Não existe,R-6a,"",Dupla,Faixa seccionada,Canteiro central,""
6646,2019-08-03T00:00:00,10:54:00,SEM VÍTIMA,FINALIZADA,CAJUEIRO,RUA COUTO SOARES,628,RUA MARIA CRISTINA TASSO DE SOUZA,"",RUA COUTO SOARES,628,"",CAJUEIRO,,SUBURBIO,ABALROAMENTO LONGITUDINAL,COLISÃO SEM VITIMAS,1,,,,,,1,,,0,,Cruzamento,Bom,Não existe,Perfeito estado,Seca,Perfeito estado,Faixa de pedestre,Placas Pare,"",Única,Não existe,"",""
6647,2019-08-03T00:00:00,10:57:00,SEM VÍTIMA,FINALIZADA,BOA VIAGEM,RUA FELIX DE BRITO E MELO,282,"","",RUA FELIX DE BRITO E MELO,282,"",BOA VIAGEM,545,SUBURBIO,COLISÃO TRASEIRA,COLISÃO SEM VITIMAS,2,,,,,,,,,0,,Longo da via,Bom,Sem defeito,Perfeito estado,Seca,Perfeito estado,Outros,Outras,"",Única,Faixa seccionada,"",""
6648,2019-08-03T00:00:00,11:02:00,SEM VÍTIMA,FINALIZADA,ILHA DO RETIRO,RUA TABAIARES,110,"",AO LADO DA HYUNDAI,RUA TABAIARES,110,AO LADO DA HYUNDAI,ILHA DO RETIRO,,CIDADE,ABALROAMENTO LONGITUDINAL,DOIS AUTOS,2,,,,,,,,,0,,Longo da via,Bom,Não existe,Incompleta,Seca,Perfeito estado,Não existe,R-6a,"",Dupla,Não existe,"",""
6649,2019-08-03T00:00:00,12:17:00,SEM VÍTIMA,FINALIZADA,IMBIRIBEIRA,AV MARECHAL MASCARENHAS DE MORAES,1148,RUA ENGENHEIRO JOSE BRANDAO CAVALCANTE,LADO OPOSTO A MEIRA LINS,AV MARECHAL MASCARENHAS DE MORAES,1148,LADO OPOSTO A MEIRA LINS,IMBIRIBEIRA,,SUBURBIO,COLISÃO TRASEIRA,ENTRE DOIS AUTO S/V,2,,,,,,,,,0,,Longo da via,Bom,Não existe,Perfeito estado,Seca,Perfeito estado,Não existe,Outras,"",Dupla,Canteiro central,"",""
6650,2019-08-03T00:00:00,13:01:00,SEM VÍTIMA,FINALIZADA,SÃO JOSÉ,C SANTA RITA,220,RUA DO PORAO,"",C SANTA RITA,220,"",SÃO JOSÉ,,CIDADE,ABALROAMENTO LONGITUDINAL,COLISÃO SEM VITIMAS,2,,,,,,,,,0,,Longo da via,Bom,Não existe,Incompleta,Seca,Perfeito estado,Não existe,R-4a,"",Única,Não existe,"",""
6651,2019-08-03T00:00:00,13:06:00,SEM VÍTIMA,CANCELADA,IPSEP,AV RECIFE,912,RUA CAPITAO JACINTO DA CRUZ,"EM FRENTE A PREVIDENCIA SOCIAL, SENTIDO CEASA",AV RECIFE,912,"EM FRENTE A PREVIDENCIA SOCIAL, SENTIDO CEASA",IPSEP,,"",COLISÃO,COLISÃO SEM VITIMAS,2,,,,,,,,,0,,"","","","","","","","","","","","",""
6652,2019-08-03T00:00:00,13:18:00,SEM VÍTIMA,FINALIZADA,ENCRUZILHADA,RUA FERNANDO CESAR,"",RUA AMARO COUTINHO,CRUZAMENTO,RUA FERNANDO CESAR,"",CRUZAMENTO,ENCRUZILHADA,,SUBURBIO,ABALROAMENTO TRANSVERSAL,COLISÃO SEM VITIMAS,2,,,,,,,,,0,,Cruzamento,Bom,Não existe,Perfeito estado,Seca,Perfeito estado,"",Placas Pare,"",Única,Não existe,"",""
6653,2019-08-03T00:00:00,13:50:00,SEM VÍTIMA,FINALIZADA,BEBERIBE,AV BEBERIBE,"","",APOS A AUTO ESCOLA PILOTO,AV BEBERIBE,"",APOS A AUTO ESCOLA PILOTO,BEBERIBE,,SUBURBIO,ENGAVETAMENTO,TRES AUTO S/V,3,,,,,,,,,0,,"","","","","","","","","","","","",""
6654,2019-08-03T00:00:00,14:48:00,SEM VÍTIMA,CANCELADA,CAMPINA DO BARRETO,RUA IGUATU,"","",E/F A POLICLINICA,RUA IGUATU,"",E/F A POLICLINICA,CAMPINA DO BARRETO,,"",ATROPELAMENTO ANIMAL,SEM VITIMAS,1,,,,,,,,,0,,"","","","","","","","","","","","",""
6655,2019-08-03T00:00:00,14:50:00,SEM VÍTIMA,FINALIZADA,BOA VIAGEM,RUA ENGENHEIRO ZAEL DIOGENES,"",RUA SETUBAL,"",RUA ENGENHEIRO ZAEL DIOGENES,"","",BOA VIAGEM,,CIDADE,ABALROAMENTO TRANSVERSAL,ENTRE DOIS S/V,2,,,,,,,,,0,,Longo da via,Bom,Não existe,Perfeito estado,Seca,Perfeito estado,Faixa de retenção,Outras,"",Dupla,Faixa seccionada,"",""
6656,2019-08-03T00:00:00,15:28:00,SEM VÍTIMA,CANCELADA,AFOGADOS,EST DOS REMEDIOS,716,"",VALENÇA QUIMICA,EST DOS REMEDIOS,716,VALENÇA QUIMICA,AFOGADOS,,"",COLISÃO,COLISÃO SEM VITIMAS,2,,,,,,,,,0,,"","","","","","","","","","","","",""
6657,2019-08-03T00:00:00,15:56:00,SEM VÍTIMA,FINALIZADA,AFOGADOS,RUA CRISTOVAO COLOMBO,"","",POR TRAS DO MERCADINHO TODO DIA,RUA CRISTOVAO COLOMBO,"",POR TRAS DO MERCADINHO TODO DIA,AFOGADOS,,"",COLISÃO,COLISAO SEM VITIMAS,2,,,,,,,,,0,,"","","","","","","","","","","","",""
6658,2019-08-03T00:00:00,16:18:00,SEM VÍTIMA,CANCELADA,VASCO DA GAMA,RUA VASCO DA GAMA,1020,"",PROX. AO BAR DO BIGODE E A PADARIA SABOR DO TRIGO,RUA VASCO DA GAMA,1020,PROX. AO BAR DO BIGODE E A PADARIA SABOR DO TRIGO,VASCO DA GAMA,,"",COLISÃO,COLISÃO SEM VITIMAS,1,,,,,1,,,,0,,"","","","","","","","","","","","",""
6659,2019-08-03T00:00:00,16:57:00,SEM VÍTIMA,CANCELADA,CASA FORTE,EST DO ENCANAMENTO,585,"",EM FRENTE DO HOSP. HARMONIA,EST DO ENCANAMENTO,585,EM FRENTE DO HOSP. HARMONIA,CASA FORTE,435,"",COLISÃO,COLISÃO SEM VITIMA,1,,,,,1,,,,0,,"","","","","","","","","","","","",""
6660,2019-08-03T00:00:00,17:36:00,SEM VÍTIMA,FINALIZADA,MADALENA,RUA DOM MANOEL DA COSTA,305,"","",RUA DOM MANOEL DA COSTA,305,"",MADALENA,,SUBURBIO,ABALROAMENTO LONGITUDINAL,COLISÃO SEM VITIMA,2,,,,,,,,,0,,Longo da via,Bom,Não existe,Perfeito estado,Seca,Perfeito estado,Não existe,R-6a,40 km/h,Única,Não existe,"",""
6661,2019-08-03T00:00:00,17:58:00,SEM VÍTIMA,FINALIZADA,PRADO,AV ENGENHEIRO ABDIAS DE CARVALHO,"",RUA OSCAR BRANDAO,ENF FACULDADE ESTACIO // SENTIDO BR,AV ENGENHEIRO ABDIAS DE CARVALHO,"",ENF FACULDADE ESTACIO // SENTIDO BR,PRADO,,"",COLISÃO,JACK X CAMINHAO DO EXERCITO,1,,,,,,,1,,0,,"","","","","","","","","","","","",""
6662,2019-08-03T00:00:00,18:45:00,SEM VÍTIMA,CANCELADA,IPUTINGA,RUA LEAL DE BARROS,320,"",E/F A PADARIA MASSA PURA,RUA LEAL DE BARROS,320,E/F A PADARIA MASSA PURA,IPUTINGA,,"",COLISÃO,ENTRE 2 AUTOS. S/V,2,,,,,,,,,0,,"","","","","","","","","","","","",""
6663,2019-08-03T00:00:00,20:33:00,SEM VÍTIMA,FINALIZADA,"",AV MARECHAL JUAREZ TAVORA,"",RUA JOAO CARDOSO AIRES,EM FRENTE AO CANAL,AV MARECHAL JUAREZ TAVORA,"",EM FRENTE AO CANAL,"",478,"",COLISÃO TRASEIRA,CELTA X PARATI,2,,,,,,,,,0,,Longo da via,Bom,Sem defeito,Incompleta,Seca,Mal iluminada,Faixa de pedestre,Não há placas,"",Única,Faixa seccionada,"",""
6664,2019-08-03T00:00:00,20:57:00,SEM VÍTIMA,CANCELADA,SANTO AMARO,AV GOVERNADOR AGAMENON MAGALHAES,"","",NA ENTRADA DO SHOPPING TACARUNA,AV GOVERNADOR AGAMENON MAGALHAES,"",NA ENTRADA DO SHOPPING TACARUNA,SANTO AMARO,,"",COLISÃO,ENTRE AUTO E MOTO. S/V,1,,1,,,,,,,0,,"","","","","","","","","","","","",""
6665,2019-08-03T00:00:00,22:48:00,COM VÍTIMA,FINALIZADA,BEBERIBE,AV BEBERIBE,"",RUA ARAPARI,"",AV BEBERIBE,"","",BEBERIBE,,"",ABALROAMENTO TRANSVERSAL,CLASSIC X MOTO OBS: SUSPEITA DE EMBRIAGUEZ,1,1,,,,,,,,1,,"",Bom,Não existe,Incompleta,Seca,Perfeito estado,Não existe,"","",Dupla,Faixa contínua,Faixa seccionada,""