_id,DATA,hora,natureza_acidente,situacao,bairro,endereco,numero,detalhe_endereco_acidente,complemento,endereco_cruzamento,numero_cruzamento,referencia_cruzamento,bairro_cruzamento,num_semaforo,sentido_via,tipo,descricao,auto,moto,ciclom,ciclista,pedestre,onibus,caminhao,viatura,outros,vitimas,vitimasfatais,acidente_verificado,tempo_clima,situacao_semaforo,sinalizacao,condicao_via,conservacao_via,ponto_controle,situacao_placa,velocidade_max_via,mao_direcao,divisao_via1,divisao_via2,divisao_via3
6886,2019-08-10T00:00:00,11:56:00,COM VÍTIMA,FINALIZADA,IMBIRIBEIRA,AV MARECHAL MASCARENHAS DE MORAES,2778,"",EM FRENTE A VENEZA MÁQUINAS. LADO OPOSTO AO GERALDÃO.,AV MARECHAL MASCARENHAS DE MORAES,2778,EM FRENTE A VENEZA MÁQUINAS. LADO OPOSTO AO GERALDÃO.,IMBIRIBEIRA,290,SUBURBIO,COLISÃO TRASEIRA,COLISÃO C/ CAMINHÃO E UM AUTO,1,,,,,,1,,,2,,Longo da via,Bom,Sem defeito,Perfeito estado,Seca,Perfeito estado,Faixa de retenção,R-6a,60 km/h,Única,Faixa contínua,"",""
6887,2019-08-10T00:00:00,12:04:00,SEM VÍTIMA,FINALIZADA,IMBIRIBEIRA,AV MARECHAL MASCARENHAS DE MORAES,"","",LOJAS PIRELLE,AV MARECHAL MASCARENHAS DE MORAES,"",LOJAS PIRELLE,IMBIRIBEIRA,161,SUBURBIO,ABALROAMENTO LONGITUDINAL,COLISÃO S/VITIMAS ENTRE DOIS AUTOS,2,,,,,,,,,0,,Longo da via,Bom,Sem defeito,Perfeito estado,Seca,Perfeito estado,Faixa de pedestre,Não há placas,"",Única,Faixa contínua,Faixa seccionada,""
6888,2019-08-10T00:00:00,12:09:00,SEM VÍTIMA,CANCELADA,ROSARINHO,RUA REGUEIRA COSTA,364,"",EM FRENTE A CASA DE SHOW SEU REGUEIRA,RUA REGUEIRA COSTA,364,EM FRENTE A CASA DE SHOW SEU REGUEIRA,ROSARINHO,,"",COLISÃO,AUTO E MOTO,1,1,,,,,,,,0,,"","","","","","","","","","","","",""
6889,2019-08-10T00:00:00,12:40:00,SEM VÍTIMA,FINALIZADA,SANTO AMARO,AV CRUZ CABUGA,"","",EM FRENTE AO SEMAFORO 523...ASSEMBLEIA DE DEUS,AV CRUZ CABUGA,"",EM FRENTE AO SEMAFORO 523...ASSEMBLEIA DE DEUS,SANTO AMARO,523,"",COLISÃO,COLISÃO SEM VITIMA,1,1,,,,,,,,0,,"","","","","","","","","","","","",""
6890,2019-08-10T00:00:00,13:01:00,SEM VÍTIMA,CANCELADA,VÁRZEA,AV CAXANGA,5775,"",JUNTO AO POSTO SHELL...SUPER CENTER CAXANGA,AV CAXANGA,5775,JUNTO AO POSTO SHELL...SUPER CENTER CAXANGA,VÁRZEA,,"",COLISÃO,COLISÃO SEM VITIMA,2,,,,,,,,,0,,"","","","","","","","","","","","",""
6891,2019-08-10T00:00:00,13:43:00,SEM VÍTIMA,FINALIZADA,CORDEIRO,RUA DR JOAO LACERDA,46,"","",RUA DR JOAO LACERDA,46,"",CORDEIRO,,SUBURBIO,COLISÃO TRASEIRA,COLISÃO S/VITIMAS ENTRES TRES AUTOS,3,,,,,,,,,0,,Longo da via,Bom,Não existe,Perfeito estado,Seca,Perfeito estado,Não existe,Outras,40 km/h,Dupla,Faixa seccionada,"",""
6892,2019-08-10T00:00:00,15:02:00,SEM VÍTIMA,FINALIZADA,IMBIRIBEIRA,AV MARECHAL MASCARENHAS DE MORAES,"","",FRENTE AO GINÁSIO GERALDÃO,AV MARECHAL MASCARENHAS DE MORAES,"",FRENTE AO GINÁSIO GERALDÃO,IMBIRIBEIRA,290,CIDADE,ABALROAMENTO LONGITUDINAL,DOIS AUTOS,2,,,,,,,,,0,,Longo da via,Nublado,Sem defeito,"",Seca,"",Faixa de pedestre,Outras,"",Única,Faixa seccionada,Canteiro central,""
6893,2019-08-10T00:00:00,15:34:00,SEM VÍTIMA,FINALIZADA,IPSEP,RUA PINTOR ANTONIO ALBUQUERQUE,170,"",IGREJA ADVENTISTA DO SÉTIMO DIA,RUA PINTOR ANTONIO ALBUQUERQUE,170,IGREJA ADVENTISTA DO SÉTIMO DIA,IPSEP,,CIDADE,COLISÃO TRASEIRA,COLISAO SEM VITIMAS,2,,,,,,,,,0,,Longo da via,Bom,Não existe,Não existente,Seca,Mal conservada,Não existe,Não há placas,"",Única,Não existe,"",""
6894,2019-08-10T00:00:00,16:19:00,SEM VÍTIMA,FINALIZADA,IMBIRIBEIRA,AV MARECHAL MASCARENHAS DE MORAES,"",RUA OLIVIA MENELAU,POSTO IPIRANGA,AV MARECHAL MASCARENHAS DE MORAES,"",POSTO IPIRANGA,IMBIRIBEIRA,396,SUBURBIO,COLISÃO TRASEIRA,COLISAO SEM VITIMAS,1,,,,,,1,,,0,,Cruzamento,Bom,Sem defeito,Perfeito estado,Seca,Perfeito estado,Faixa de pedestre,R-6a,60 km/h,Única,Faixa contínua,"",""
6895,2019-08-10T00:00:00,17:10:00,SEM VÍTIMA,FINALIZADA,BOA VIAGEM,RUA ERNESTO DE PAULA SANTOS,1172,RUA AGENOR LOPES,EMP. NESTOR ROCHA,RUA ERNESTO DE PAULA SANTOS,1172,EMP. NESTOR ROCHA,BOA VIAGEM,,CIDADE,ABALROAMENTO LONGITUDINAL,COLISAO SEM VITIMAS,2,,,,,,,,,0,,Longo da via,Bom,Não existe,Perfeito estado,Seca,Perfeito estado,Não existe,Não há placas,"",Única,Faixa seccionada,"",""
6896,2019-08-10T00:00:00,17:33:00,COM VÍTIMA,FINALIZADA,AREIAS,AV RECIFE,"","",EM FRENTE AO WALMART,AV RECIFE,"",EM FRENTE AO WALMART,AREIAS,,BOA VIAGEM,COLISÃO TRASEIRA,COLISAO COM VITIMAS.,1,1,,,,,,,,2,,Longo da via,Bom,Sem defeito,Perfeito estado,Seca,Perfeito estado,Não existe,Não há placas,60 km/h,Dupla,Canteiro central,"",""
6897,2019-08-10T00:00:00,20:04:00,SEM VÍTIMA,CANCELADA,BOA VISTA,RUA DA CONCEICAO,"","",EM FRENTE AO COLEGIO BANDEIRA/ POR TRÁS DO ATACADO DOS PRESENTES,RUA DA CONCEICAO,"",EM FRENTE AO COLEGIO BANDEIRA/ POR TRÁS DO ATACADO DOS PRESENTES,BOA VISTA,,"",COLISÃO,ENTRE DOIS AUTO S/V,2,,,,,,,,,0,,"","","","","","","","","","","","",""
6898,2019-08-10T00:00:00,21:47:00,COM VÍTIMA,FINALIZADA,SAN MARTIN,RUA COMENDADOR FRANCO FERREIRA,"","",EM FRENTE A FARMACIA DROGASIL/ PRC SAN MARTIN,RUA COMENDADOR FRANCO FERREIRA,"",EM FRENTE A FARMACIA DROGASIL/ PRC SAN MARTIN,SAN MARTIN,,SUBURBIO,COLISÃO COM CICLISTA,AUTO E BICICLETA.,1,,,1,,,,,,1,,Longo da via,Bom,Não existe,Perfeito estado,Seca,Perfeito estado,Não existe,Outras,"",Única,Não existe,"",""
6899,2019-08-10T00:00:00,21:56:00,SEM VÍTIMA,FINALIZADA,CORDEIRO,AV MAURICIO DE NASSAU,"","",EM FRENTE AO Nº 502,AV MAURICIO DE NASSAU,"",EM FRENTE AO Nº 502,CORDEIRO,,SUBURBIO,CHOQUE VEÍCULO PARADO,ENTRE 2 AUTOS. S/V,2,,,,,,,,,0,,Longo da via,Bom,Não existe,Perfeito estado,Seca,Perfeito estado,Não existe,Não há placas,"",Dupla,Faixa seccionada,"",""
6900,2019-08-10T00:00:00,22:34:00,SEM VÍTIMA,FINALIZADA,IPUTINGA,AV MAURICIO DE NASSAU,"",RUA SAO MATEUS,"",AV MAURICIO DE NASSAU,"","",IPUTINGA,239,CIDADE,ABALROAMENTO LONGITUDINAL,ENTRE DOIS AUTO S/V,2,,,,,,,,,0,,Longo da via,Bom,Sem defeito,Perfeito estado,Seca,Perfeito estado,Não existe,Não há placas,"",Dupla,Não existe,"",""
6901,2019-08-10T00:00:00,22:39:00,SEM VÍTIMA,FINALIZADA,CASA FORTE,AV DEZESSETE DE AGOSTO,"","",SOB O SEMÁFORO 345,AV DEZESSETE DE AGOSTO,"",SOB O SEMÁFORO 345,CASA FORTE,345,CIDADE,ABALROAMENTO LONGITUDINAL,ENTRE 2 AUTOS. S/V,2,,,,,,,,,0,,Longo da via,Bom,Sem defeito,Perfeito estado,Seca,Perfeito estado,Faixa de pedestre,Outras,"",Dupla,"","",""
6902,2019-08-11T00:00:00,04:53:00,COM VÍTIMA,FINALIZADA,COQUEIRAL,RUA DA CUSTODIA,293,"",PRÓX AO HOSPITAL OTÁVIO DE FREITAS / EM FRENTE AO MERCADINHO CUSTÓDIA,RUA DA CUSTODIA,293,PRÓX AO HOSPITAL OTÁVIO DE FREITAS / EM FRENTE AO MERCADINHO CUSTÓDIA,COQUEIRAL,157,SUBURBIO,ATROPELAMENTO,ATROPELAMENTO DE PEDESTRE.,1,,,,1,,,,,1,,Longo da via,Bom,Não existe,Não existente,Seca,Perfeito estado,Não existe,Não há placas,"",Única,Não existe,"",""
6903,2019-08-11T00:00:00,06:16:00,SEM VÍTIMA,CANCELADA,CORDEIRO,AV CAXANGA,3094,"",100 METROS ANTES DA MOVIDA ALUGUEL DE CARROS,AV CAXANGA,3094,100 METROS ANTES DA MOVIDA ALUGUEL DE CARROS,CORDEIRO,607,SUBURBIO,COLISÃO,COLISÃO S/ VITIMAS ENTRE DOIS AUTOS,2,,,,,,,,,0,,"","","","","","","","","","","","",""
6904,2019-08-11T00:00:00,08:04:00,SEM VÍTIMA,FINALIZADA,JAQUEIRA,AV CONS ROSA E SILVA,"",RUA ANTENOR NAVARRO,"",AV CONS ROSA E SILVA,"","",JAQUEIRA,522,SUBURBIO,ABALROAMENTO TRANSVERSAL,COLISÃO ENVOLVENDO DOIS AUTOS.,2,,,,,,,,,0,,Cruzamento,Bom,Sem defeito,Perfeito estado,Seca,Perfeito estado,Faixa de pedestre,Outras,40 km/h,Única,Não existe,"",""
6905,2019-08-11T00:00:00,08:34:00,SEM VÍTIMA,FINALIZADA,BOA VIAGEM,RUA DOS NAVEGANTES,"",RUA FELIX DE BRITO E MELO,"",RUA DOS NAVEGANTES,"","",BOA VIAGEM,,SUBURBIO,ABALROAMENTO TRANSVERSAL,COLISÃO S/VITIMAS ENTRE DOIS AUTOS,2,,,,,,,,,0,,Cruzamento,Bom,Não existe,Perfeito estado,Seca,Perfeito estado,Não existe,Outras,"",Única,Faixa seccionada,"",""
6906,2019-08-11T00:00:00,08:42:00,SEM VÍTIMA,FINALIZADA,IPSEP,RUA JEAN EMILE FAVRE,1001,"",EM FRENTE AO SUPERMERCADO QUALIPREÇO,RUA JEAN EMILE FAVRE,1001,EM FRENTE AO SUPERMERCADO QUALIPREÇO,IPSEP,,SUBURBIO,ABALROAMENTO LONGITUDINAL,COLISÃO SEM VITIMAS,2,,,,,,,,,0,,Longo da via,Bom,Não existe,Incompleta,Seca,Perfeito estado,Não existe,R-6a,"",Dupla,Faixa contínua,"",""
6907,2019-08-11T00:00:00,09:31:00,SEM VÍTIMA,FINALIZADA,SANTO AMARO,AV GOVERNADOR AGAMENON MAGALHAES,"","",EM FRENTE A FÁBRICA TACARUNA,AV GOVERNADOR AGAMENON MAGALHAES,"",EM FRENTE A FÁBRICA TACARUNA,SANTO AMARO,,"",COLISÃO TRASEIRA,DOIS AUTOS,2,,,,,,,,,0,,Longo da via,Bom,Sem defeito,Perfeito estado,Seca,Perfeito estado,Faixa de pedestre,"","",Dupla,Faixa seccionada,Canteiro central,Canal
6908,2019-08-11T00:00:00,12:21:00,SEM VÍTIMA,CANCELADA,VÁRZEA,PRC PINTO DAMASO,"","",EM FRENTE A PRAÇA,PRC PINTO DAMASO,"",EM FRENTE A PRAÇA,VÁRZEA,,"",COLISÃO,COLISÃO SEM VÍTIMA,2,,,,,,,,,0,,"","","","","","","","","","","","",""
6909,2019-08-11T00:00:00,13:33:00,SEM VÍTIMA,FINALIZADA,SANTO AMARO,AV DR JAYME DA FONTE,46,"",SUPERMERCADO MAIS VOCÊ,AV DR JAYME DA FONTE,46,SUPERMERCADO MAIS VOCÊ,SANTO AMARO,,SUBURBIO,COLISÃO TRASEIRA,COLISÃO SEM VÍTIMA,2,,,,,,,,,0,,Longo da via,Bom,Não existe,Perfeito estado,Seca,Perfeito estado,Não existe,R-5a,"",Única,Canteiro central,"",""
6910,2019-08-11T00:00:00,13:41:00,COM VÍTIMA,FINALIZADA,CASA FORTE,AV DEZESSETE DE AGOSTO,"","",EM FRENTE AO CPOR,AV DEZESSETE DE AGOSTO,"",EM FRENTE AO CPOR,CASA FORTE,389,CIDADE,COLISÃO TRASEIRA,MOTO X AUTO PASSEIO,1,1,,,,,,,,1,,Longo da via,Bom,Sem defeito,Perfeito estado,Seca,Perfeito estado,Faixa de pedestre,R-6a,"",Dupla,Faixa contínua,"",""
6911,2019-08-11T00:00:00,13:56:00,SEM VÍTIMA,FINALIZADA,IMBIRIBEIRA,RUA DR TAVARES CORREIA,105,"",EM FRENTE AO Nº 105,RUA DR TAVARES CORREIA,105,EM FRENTE AO Nº 105,IMBIRIBEIRA,,SUBURBIO,ABALROAMENTO LONGITUDINAL,ENTRE DOIS AUTO S/V,2,,,,,,,,,0,,Longo da via,Bom,Não existe,Não existente,Seca,Perfeito estado,Não existe,Não há placas,"",Única,Não existe,"",""
6912,2019-08-11T00:00:00,14:15:00,SEM VÍTIMA,DUPLICIDADE,IMBIRIBEIRA,RUA DR TAVARES CORREIA,120,"",PROXIMO AO POSTO BR,RUA DR TAVARES CORREIA,120,PROXIMO AO POSTO BR,IMBIRIBEIRA,,"",COLISÃO,COLISÃO SEM VÍTIMA,2,,,,,,,,,0,,"","","","","","","","","","","","",""
6913,2019-08-11T00:00:00,14:51:00,SEM VÍTIMA,FINALIZADA,CORDEIRO,AV ENGENHEIRO ABDIAS DE CARVALHO,"","",FUNASE,AV ENGENHEIRO ABDIAS DE CARVALHO,"",FUNASE,CORDEIRO,,"",CHOQUE VEÍCULO PARADO,ENTRE DOIS AUTO S/V,2,,,,,,,,,0,,Longo da via,Bom,Não existe,Perfeito estado,Seca,Perfeito estado,Não existe,Outras,60 km/h,Dupla,Canteiro central,"",""
6914,2019-08-11T00:00:00,15:14:00,COM VÍTIMA,CANCELADA,VÁRZEA,RUA MARIO CAMPELO,201,"",EM FRENTE AO CONDOMINIO MORADA VERDE,RUA MARIO CAMPELO,201,EM FRENTE AO CONDOMINIO MORADA VERDE,VÁRZEA,,"",COLISÃO,COLISÃO COM VÍTIMA,1,1,,,,,,,,1,,"","","","","","","","","","","","",""
6915,2019-08-11T00:00:00,16:09:00,SEM VÍTIMA,CANCELADA,IBURA,AV DOIS RIOS,"","",EM FRENTE A IGREJA PAZ E VIDA E AO CONSULTORIOS MEDICOS DO IBURA/ SENTIDO AV RECIFE,AV DOIS RIOS,"",EM FRENTE A IGREJA PAZ E VIDA E AO CONSULTORIOS MEDICOS DO IBURA/ SENTIDO AV RECIFE,IBURA,,"",COLISÃO,COLISÃO SEM VÍTIMA,2,,,,,,,,,0,,"","","","","","","","","","","","",""
6916,2019-08-11T00:00:00,16:54:00,SEM VÍTIMA,FINALIZADA,IPUTINGA,AV LUIZ DE LACERDA,55,RUA PROFESSOR MUSSA HAZIN,EM FRENTE A GRAN VIA,AV LUIZ DE LACERDA,55,EM FRENTE A GRAN VIA,IPUTINGA,,SUBURBIO,ABALROAMENTO TRANSVERSAL,COLISÃO SEM VÍTIMA E UMA DAS PARTES SE EVADIU POREM TEM AGENTES NO LOCAL E IRÃO FAZER A OCORRENCIA,1,,,,,,,,,0,,Cruzamento,Bom,Não existe,Perfeito estado,Seca,Perfeito estado,Não existe,Placas Pare,"",Única,Faixa seccionada,"",""
6917,2019-08-11T00:00:00,17:31:00,SEM VÍTIMA,FINALIZADA,ILHA DO RETIRO,RUA SPORT CLUBE DO RECIFE,"","",SEDE DO SPORT,RUA SPORT CLUBE DO RECIFE,"",SEDE DO SPORT,ILHA DO RETIRO,,SUBURBIO,ABALROAMENTO LONGITUDINAL,ENTRE 2 AUTOS. S/V,2,,,,,,,,,0,,Longo da via,Bom,Não existe,Perfeito estado,Seca,Perfeito estado,Não existe,Outras,60 km/h,Dupla,Canteiro central,"",""
6918,2019-08-11T00:00:00,21:08:00,COM VÍTIMA,FINALIZADA,BOA VIAGEM,AV CONSELHEIRO AGUIAR,"",RUA PEREIRA DA COSTA,SEMÁFORO 140,AV CONSELHEIRO AGUIAR,"",SEMÁFORO 140,BOA VIAGEM,140,CIDADE,ABALROAMENTO TRANSVERSAL,ENTRE AUTO E MOTO. C/V,1,1,,,,,,,,1,,Cruzamento,Bom,Sem defeito,Perfeito estado,Seca,Perfeito estado,"",Outras,"",Única,Faixa seccionada,"",""
6919,2019-08-11T00:00:00,21:55:00,SEM VÍTIMA,FINALIZADA,CAXANGÁ,AV JOAQUIM RIBEIRO,"",RUA GASTAO VIDIGAL,UPA CAXANGÁ,AV JOAQUIM RIBEIRO,"",UPA CAXANGÁ,CAXANGÁ,281,SUBURBIO,COLISÃO TRASEIRA,ENTRE AUTO E MOTO. S/V,1,1,,,,,,,,0,,Longo da via,Bom,Sem defeito,Perfeito estado,Seca,Perfeito estado,Faixa de pedestre,"","",Dupla,Canteiro central,"",""
6920,2019-08-12T00:00:00,00:41:00,COM VÍTIMA,FINALIZADA,COHAB,RUA VALE DO ITAJAI,1,"",AO LADO DA UPA DE LAGOA ENCANTADA E GM CONFECÇÕES.,RUA VALE DO ITAJAI,1,AO LADO DA UPA DE LAGOA ENCANTADA E GM CONFECÇÕES.,COHAB,,"",COLISÃO FRONTAL,"COLISÃO ENTRE DOIS AUTOS, COM VÍTIMAS",2,,,,,,,,,3,,Longo da via,Bom,Não existe,Não existente,Seca,Mal iluminada,Não existe,Não há placas,"",Dupla,Não existe,"",""
6921,2019-08-12T00:00:00,01:21:00,SEM VÍTIMA,CANCELADA,IBURA,RUA SAO MIGUEL,"",RUA SAO MARCOS,PROX DA IGREJA EVANGÉLICA PENTECOSTAL BETEL // PRÓX A QUADRA DO UR-1 // PRÓX A ACADEMIA DA CIDADE,RUA SAO MIGUEL,"",PROX DA IGREJA EVANGÉLICA PENTECOSTAL BETEL // PRÓX A QUADRA DO UR-1 // PRÓX A ACADEMIA DA CIDADE,IBURA,,"",CHOQUE,VIATURA DA POLICIA MILITAR CHOCOU-SE CONTRA UM MURO E QUEBROU O PARABRISA TRASEIRO,1,,,,,,,,,0,,"","","","","","","","","","","","",""
6922,2019-08-12T00:00:00,08:20:00,COM VÍTIMA,FINALIZADA,BOA VIAGEM,RUA CAMBOIM,210,RUA DEZ DE JULHO,EM FRENTE A MAISON CHRISTAL,RUA CAMBOIM,210,EM FRENTE A MAISON CHRISTAL,BOA VIAGEM,,CIDADE,ABALROAMENTO TRANSVERSAL,COLISÃO COM VÍTIMA,2,,,,,,,,,1,,Cruzamento,Chuvoso,Não existe,Perfeito estado,Seca,Perfeito estado,Não existe,Placas Pare,"",Única,Faixa seccionada,"",""
6923,2019-08-12T00:00:00,09:02:00,SEM VÍTIMA,FINALIZADA,SÃO JOSÉ,C SANTA RITA,675,"",EM FRENTE AS TORRES GEMEAS,C SANTA RITA,675,EM FRENTE AS TORRES GEMEAS,SÃO JOSÉ,,CIDADE,ABALROAMENTO LONGITUDINAL,COLISÃO SEM VÍTIMA,1,,,,,,1,,,0,,Longo da via,Chuvoso,Não existe,Perfeito estado,Molhada,Perfeito estado,Agente,Não há placas,40 km/h,Dupla,Canteiro central,"",""
6924,2019-08-12T00:00:00,09:24:00,SEM VÍTIMA,FINALIZADA,BOA VIAGEM,AV CONSELHEIRO AGUIAR,3068,RUA ANTONIO FALCAO,"",AV CONSELHEIRO AGUIAR,3068,"",BOA VIAGEM,6,SUBURBIO,ABALROAMENTO LONGITUDINAL,COLISÃO SEM VÍTIMA,2,,,,,,,,,0,,Cruzamento,Chuvoso,Sem defeito,Perfeito estado,Molhada,Perfeito estado,Faixa de pedestre,Não há placas,"",Única,Faixa contínua,"",""
6925,2019-08-12T00:00:00,10:39:00,SEM VÍTIMA,FINALIZADA,IMBIRIBEIRA,AV MARECHAL MASCARENHAS DE MORAES,"","","",AV MARECHAL MASCARENHAS DE MORAES,"","",IMBIRIBEIRA,290,SUBURBIO,COLISÃO TRASEIRA,COLISÃO S/VITIMAS ENTRE UMA MOTO E UM AUTO,1,1,,,,,,,,0,,Cruzamento,Chuvoso,Sem defeito,Perfeito estado,Molhada,Perfeito estado,"",Não há placas,"",Dupla,Canteiro central,"",""
6926,2019-08-12T00:00:00,10:59:00,COM VÍTIMA,FINALIZADA,ILHA DO LEITE,RUA SENADOR JOSE HENRIQUE,53,RUA ESTADO DE ISRAEL,EM FRENTE A CLINICA DO TRABALHADOR,RUA SENADOR JOSE HENRIQUE,53,EM FRENTE A CLINICA DO TRABALHADOR,ILHA DO LEITE,,CIDADE,ABALROAMENTO LONGITUDINAL,COLISÃO C/VITIMAS ENTRE UMA MOTO E UM AUTO,1,1,,,,,,,,1,,Cruzamento,Bom,Não existe,Ilegível,Seca,Perfeito estado,Outros,Outras,"",Única,Faixa seccionada,"",""
6927,2019-08-12T00:00:00,11:28:00,COM VÍTIMA,FINALIZADA,IBURA,AV DOIS RIOS,S/N,LAD DA COHAB,200 METROS APOS O MALICE HOTEL. PRÓXIMO AO PONTILHÃO DO IBURA,AV DOIS RIOS,S/N,200 METROS APOS O MALICE HOTEL. PRÓXIMO AO PONTILHÃO DO IBURA,IBURA,,SUBURBIO,ABALROAMENTO LONGITUDINAL,COLISÃO C/VITIMAS ENTRE UMA MOTO E UM AUTO,1,1,,,,,,,,1,,Longo da via,Chuvoso,Não existe,Incompleta,Molhada,Mal conservada,Não existe,Não há placas,"",Dupla,Faixa contínua,"",""
6928,2019-08-12T00:00:00,11:54:00,SEM VÍTIMA,FINALIZADA,IPUTINGA,RUA PADRE DEHON,285,"",ANTIGO POSTO DE GASOLINA FEDERAL,RUA PADRE DEHON,285,ANTIGO POSTO DE GASOLINA FEDERAL,IPUTINGA,,"",ABALROAMENTO LONGITUDINAL,COLISÃO SEM VÍTIMA,,,,,,,1,1,1,0,,Cruzamento,Bom,Não existe,Incompleta,Seca,Perfeito estado,Não existe,Não há placas,"",Dupla,Não existe,"",""
6929,2019-08-12T00:00:00,12:07:00,SEM VÍTIMA,FINALIZADA,BOA VIAGEM,AV ENGENHEIRO DOMINGOS FERREIRA,"","",AO LADO DO EXTRA,AV ENGENHEIRO DOMINGOS FERREIRA,"",AO LADO DO EXTRA,BOA VIAGEM,380,SUBURBIO,COLISÃO TRASEIRA,COLISÃO SEM VITIMA,2,,,,,,,,,0,,Longo da via,Chuvoso,Sem defeito,Perfeito estado,Molhada,Perfeito estado,Outros,Outras,60 km/h,Única,Canteiro central,"",""
6930,2019-08-12T00:00:00,12:42:00,COM VÍTIMA,FINALIZADA,SANTO ANTÔNIO,PRC DA REPUBLICA,"","","EM FRENTE AO PALACIO DO CAMPO DAS PRINCESAS, PALACIO DO GOVERNO",PRC DA REPUBLICA,"","EM FRENTE AO PALACIO DO CAMPO DAS PRINCESAS, PALACIO DO GOVERNO",SANTO ANTÔNIO,,SUBURBIO,COLISÃO TRASEIRA,"COLISAO COM VITIMA ,SEGUNDO A INFORMACAO DO USUARIO QUE LIGOU PARA FAZER A OCORRENCIA,A MOTO FOI ATINGIDA POR UMA VIATURA DA POLICIA DA PM QUE SE EVADIU.",1,1,,,,,,,,1,,Longo da via,Chuvoso,Não existe,Perfeito estado,Seca,Perfeito estado,"",Não há placas,"",Única,"","",""
6931,2019-08-12T00:00:00,13:06:00,COM VÍTIMA,CANCELADA,CASA FORTE,AV DEZESSETE DE AGOSTO,312,"",EM FRENTE A LOJA QUARTO CRESCENTE,AV DEZESSETE DE AGOSTO,312,EM FRENTE A LOJA QUARTO CRESCENTE,CASA FORTE,,"",COLISÃO,COLISAO COM VITIMA,1,1,,,,,,,,1,,"","","","","","","","","","","","",""
6932,2019-08-12T00:00:00,13:55:00,SEM VÍTIMA,CANCELADA,BOA VISTA,RUA DAS NINFAS,75,"",PROXIMO A BOATE METROPOLES,RUA DAS NINFAS,75,PROXIMO A BOATE METROPOLES,BOA VISTA,,"",COLISÃO,COLISAO SEM VITIMA,2,,,,,,,,,0,,"","","","","","","","","","","","",""
6933,2019-08-12T00:00:00,14:21:00,SEM VÍTIMA,FINALIZADA,BOA VIAGEM,RUA PROFESSOR JOAO MEDEIROS,"","",LADO OPOSTO AO Nº 110,RUA PROFESSOR JOAO MEDEIROS,"",LADO OPOSTO AO Nº 110,BOA VIAGEM,,CIDADE,COLISÃO TRASEIRA,COLISÃO SEM VÍTIMA,2,,,,,,,,,0,,Longo da via,Bom,Não existe,Perfeito estado,Seca,Perfeito estado,Não existe,Não há placas,"",Única,Não existe,"",""
6934,2019-08-12T00:00:00,14:42:00,COM VÍTIMA,FINALIZADA,CASA AMARELA,AV NORTE,"",COR DO BARTOLOMEU,"",AV NORTE,"","",CASA AMARELA,79,SUBURBIO,TOMBAMENTO,"ACIDENTE DE PERCURSO - 02 VÍTIMAS - NOME: -, IDADE 21 ANOS / -, IDADE 30 ANOS",,1,,,,,,,,2,,Esquina,Chuvoso,Sem defeito,Perfeito estado,Molhada,"",Faixa de pedestre,Outras,"",Dupla,Canteiro central,"",""
6935,2019-08-12T00:00:00,14:53:00,SEM VÍTIMA,FINALIZADA,ILHA DO LEITE,RUA ESTADO DE ISRAEL,30,"",PRÓXIMO AO COLÉGIO POETA MANOEL BANDEIRA,RUA ESTADO DE ISRAEL,30,PRÓXIMO AO COLÉGIO POETA MANOEL BANDEIRA,ILHA DO LEITE,,SUBURBIO,ABALROAMENTO LONGITUDINAL,COLISAO SEM VITIMA,2,,,,,,,,,0,,Cruzamento,Chuvoso,Não existe,Incompleta,Seca,Perfeito estado,Não existe,R-4a,"",Única,Não existe,"",""
6936,2019-08-12T00:00:00,15:14:00,SEM VÍTIMA,FINALIZADA,BOA VIAGEM,AV CONSELHEIRO AGUIAR,"",RUA PADRE CARAPUCEIRO,SOB O SEMÁFORO Nº 115,AV CONSELHEIRO AGUIAR,"",SOB O SEMÁFORO Nº 115,BOA VIAGEM,115,CIDADE,COLISÃO TRASEIRA,COLISÃO SEM VÍTIMA,2,,,,,,,,,0,,Longo da via,Bom,Sem defeito,Perfeito estado,Seca,Perfeito estado,Não existe,Outras,"",Única,Faixa seccionada,"",""
6937,2019-08-12T00:00:00,15:32:00,SEM VÍTIMA,FINALIZADA,SANTO AMARO,RUA DO POMBAL,831,RUA TUPINAMBAS,"",RUA DO POMBAL,831,"",SANTO AMARO,,CIDADE,ABALROAMENTO TRANSVERSAL,COLISÃO SEM VITIMA,2,,,,,,,,,0,,Cruzamento,Bom,Não existe,Não existente,Seca,Perfeito estado,Não existe,Não há placas,"",Dupla,Faixa seccionada,"",""
6938,2019-08-12T00:00:00,17:59:00,COM VÍTIMA,FINALIZADA,IPSEP,AV RECIFE,2739,"",EM FRENTE A PIZZARIA ATLANTICO SENTIDO BOA VIAGEM E LADO OPOSTO AO NÚMERO INFORMADO.,AV RECIFE,2739,EM FRENTE A PIZZARIA ATLANTICO SENTIDO BOA VIAGEM E LADO OPOSTO AO NÚMERO INFORMADO.,IPSEP,,AEROPORTO,COLISÃO TRASEIRA,COLISAO ENVOLVENDO AUTO E MOTO COM VITIMA,1,1,,,,,,,,1,,Longo da via,Bom,Não existe,Perfeito estado,Seca,Perfeito estado,"",R-6a,60 km/h,Dupla,Canteiro central,Faixa contínua,Faixa seccionada