_id,DATA,hora,natureza_acidente,situacao,bairro,endereco,numero,detalhe_endereco_acidente,complemento,endereco_cruzamento,numero_cruzamento,referencia_cruzamento,bairro_cruzamento,num_semaforo,sentido_via,tipo,descricao,auto,moto,ciclom,ciclista,pedestre,onibus,caminhao,viatura,outros,vitimas,vitimasfatais,acidente_verificado,tempo_clima,situacao_semaforo,sinalizacao,condicao_via,conservacao_via,ponto_controle,situacao_placa,velocidade_max_via,mao_direcao,divisao_via1,divisao_via2,divisao_via3
6939,2019-08-12T00:00:00,18:00:00,SEM VÍTIMA,FINALIZADA,IPUTINGA,AV CAXANGA,"","",EM FRENTE BOI BRASA CHURRASCARIA,AV CAXANGA,"",EM FRENTE BOI BRASA CHURRASCARIA,IPUTINGA,230,CIDADE,COLISÃO TRASEIRA,ENTRE DOIS AUTO S/V,2,,,,,,,,,0,,Longo da via,Bom,Sem defeito,Perfeito estado,Seca,Perfeito estado,Faixa de pedestre,Outras,60 km/h,Dupla,Canteiro central,"",""
6940,2019-08-12T00:00:00,18:09:00,SEM VÍTIMA,FINALIZADA,CORDEIRO,AV MAURICIO DE NASSAU,156,"","",AV MAURICIO DE NASSAU,156,"",CORDEIRO,,"",ABALROAMENTO LONGITUDINAL,CAMINHAO (BOLEIA ) X LOGAN,1,,,,,,1,,,0,,Longo da via,Bom,Não existe,Não existente,Seca,Perfeito estado,Não existe,Não há placas,"",Dupla,Não existe,"",""
6941,2019-08-12T00:00:00,18:34:00,COM VÍTIMA,FINALIZADA,BRASÍLIA TEIMOSA,RUA MEDUSA,695,RUA CARAPEBA,ANTIGA RUA C E A PRIMEIRA IGREJA BATISTA,RUA MEDUSA,695,ANTIGA RUA C E A PRIMEIRA IGREJA BATISTA,BRASÍLIA TEIMOSA,,SUBURBIO,TOMBAMENTO,VT DA PM X MOTO,,1,,,,,,1,,1,,Longo da via,Bom,Não existe,Não existente,Seca,Mal conservada,Não existe,Não há placas,"",Dupla,Não existe,"",""
6942,2019-08-12T00:00:00,18:58:00,SEM VÍTIMA,FINALIZADA,SANTO AMARO,RUA AURORA,"","",ASSEMBLEIA LEGISLATIVA,RUA AURORA,"",ASSEMBLEIA LEGISLATIVA,SANTO AMARO,429,SUBURBIO,COLISÃO TRASEIRA,"",3,,,,,,,,,0,,Longo da via,Bom,Sem defeito,Perfeito estado,Seca,Perfeito estado,"","","",Única,Canteiro central,"",""
6943,2019-08-12T00:00:00,20:04:00,SEM VÍTIMA,CANCELADA,CAMPO GRANDE,RUA ODORICO MENDES,"",RUA PROFESSOR FRANCISCO DA TRINDADE,PROX A ACADEMIA GRAU FITNESS,RUA ODORICO MENDES,"",PROX A ACADEMIA GRAU FITNESS,CAMPO GRANDE,,"",COLISÃO,MOTO X AUTO PASSEIO S/V,1,1,,,,,,,,0,,"","","","","","","","","","","","",""
6944,2019-08-12T00:00:00,20:28:00,SEM VÍTIMA,FINALIZADA,ILHA DO LEITE,RUA FRANCISCO ALVES,"","",EM FRENTE AO POSTE B 020342 AO LADO DO ESTACIONAMENTO EMPRESARIAL CHARLES DOWN,RUA FRANCISCO ALVES,"",EM FRENTE AO POSTE B 020342 AO LADO DO ESTACIONAMENTO EMPRESARIAL CHARLES DOWN,ILHA DO LEITE,,CIDADE,ABALROAMENTO LONGITUDINAL,ENTRE DOIS AUTO S/V,2,,,,,,,,,0,,Longo da via,Bom,Não existe,Perfeito estado,Seca,Perfeito estado,Não existe,Não há placas,"",Única,Faixa seccionada,"",""
6945,2019-08-12T00:00:00,22:23:00,SEM VÍTIMA,FINALIZADA,TAMARINEIRA,EST DO ARRAIAL,2885,"",EDF INOCENCIO RODRIGUES,EST DO ARRAIAL,2885,EDF INOCENCIO RODRIGUES,TAMARINEIRA,,SUBURBIO,COLISÃO TRASEIRA,JEEP X FORD KA,2,,,,,,,,,0,,Longo da via,Bom,Não existe,Perfeito estado,Seca,Perfeito estado,Não existe,Não há placas,"",Única,Faixa contínua,Faixa seccionada,Blocos
6946,2019-08-13T00:00:00,06:56:00,SEM VÍTIMA,FINALIZADA,VÁRZEA,AV AFONSO OLINDENSE,1553,"",MAZZARELLO,AV AFONSO OLINDENSE,1553,MAZZARELLO,VÁRZEA,,CIDADE,ABALROAMENTO LONGITUDINAL,AUTO E MOTO,1,1,,,,,,,,0,,Longo da via,Bom,Não existe,Perfeito estado,Seca,Perfeito estado,Faixa de pedestre,Outras,"",Dupla,Faixa contínua,"",""
6947,2019-08-13T00:00:00,07:16:00,SEM VÍTIMA,FINALIZADA,MADALENA,RUA BENFICA,"","",SEMÁFORO 515 ( CLUBE INTERNACIONAL),RUA BENFICA,"",SEMÁFORO 515 ( CLUBE INTERNACIONAL),MADALENA,515,CIDADE,ABALROAMENTO LONGITUDINAL,COLISÃO SEM VITIMAS,2,,,,,,,,,0,,Longo da via,Bom,Sem defeito,Perfeito estado,Seca,Perfeito estado,Não existe,Não há placas,"",Única,Não existe,"",""
6948,2019-08-13T00:00:00,08:09:00,SEM VÍTIMA,FINALIZADA,GUABIRABA,RUA DAS FLORES,"","",TERMINAL DO ÔNIBUS DA GUABIRABA,RUA DAS FLORES,"",TERMINAL DO ÔNIBUS DA GUABIRABA,GUABIRABA,,CIDADE,ABALROAMENTO LONGITUDINAL,COLISÃO SEM VITIMAS,1,,,,,1,,,,0,,Longo da via,Bom,Não existe,Perfeito estado,Seca,Perfeito estado,Não existe,Outras,"",Dupla,Não existe,"",""
6949,2019-08-13T00:00:00,08:11:00,COM VÍTIMA,FINALIZADA,BOA VISTA,AV CONDE DA BOA VISTA,225,RUA AURORA,"",AV CONDE DA BOA VISTA,225,"",BOA VISTA,162,SUBURBIO,COLISÃO TRASEIRA,MOTO X CARROÇA,,1,,,,,,,1,1,,Cruzamento,Bom,Sem defeito,Incompleta,Seca,Mal conservada,Agente,"","",Única,Não existe,"",""
6950,2019-08-13T00:00:00,08:25:00,SEM VÍTIMA,FINALIZADA,MADALENA,RUA ENGENHEIRO LEONARDO ARCOVERDE,247,"",EM FRENTE AO ED JARDINS DA HOLANDA,RUA ENGENHEIRO LEONARDO ARCOVERDE,247,EM FRENTE AO ED JARDINS DA HOLANDA,MADALENA,,SUBURBIO,COLISÃO TRASEIRA,COLISÃO SEM VITIMAS,2,,,,,,,,,0,,Longo da via,Bom,Não existe,Perfeito estado,Seca,Perfeito estado,Não existe,Não há placas,"",Única,Outros,"",""
6951,2019-08-13T00:00:00,08:30:00,SEM VÍTIMA,FINALIZADA,ROSARINHO,RUA COUTO MAGALHAES,516,"","",RUA COUTO MAGALHAES,516,"",ROSARINHO,,"",COLISÃO TRASEIRA,COLISÃO SEM VITIMAS,1,,,,,1,,,,0,,Longo da via,Bom,Não existe,Perfeito estado,Seca,Perfeito estado,Não existe,R-6a,"",Única,Não existe,"",""
6952,2019-08-13T00:00:00,08:32:00,SEM VÍTIMA,FINALIZADA,DOIS IRMÃOS,RUA DOIS IRMAOS,"","","",RUA DOIS IRMAOS,"","",DOIS IRMÃOS,416,SUBURBIO,ABALROAMENTO LONGITUDINAL,COLISÃO SEM VITIMAS ENTRE AUTO E ONIBUS,1,,,,,1,,,,0,,Longo da via,Bom,Sem defeito,Incompleta,Seca,Perfeito estado,Faixa de retenção,Outras,60 km/h,Dupla,Faixa contínua,"",""
6953,2019-08-13T00:00:00,08:46:00,SEM VÍTIMA,FINALIZADA,BOA VISTA,RUA AURORA,"",PTE BUARQUE DE MACEDO,"",RUA AURORA,"","",BOA VISTA,162,SUBURBIO,ABALROAMENTO LONGITUDINAL,COLISAO SEM VITIMAS,1,,,,,1,,,,0,,Longo da via,Bom,Sem defeito,Ilegível,Seca,Perfeito estado,Agente,Outras,"",Única,Não existe,"",""
6954,2019-08-13T00:00:00,08:53:00,SEM VÍTIMA,FINALIZADA,CAXANGÁ,AV CAXANGA,"","","",AV CAXANGA,"","",CAXANGÁ,,CIDADE,ABALROAMENTO LONGITUDINAL,COLISÃO S/ VITIMAS ENTRE UM ONIBUS E UM AUTO,1,,,,,1,,,,0,,Longo da via,Bom,Sem defeito,Perfeito estado,Seca,Perfeito estado,Faixa de pedestre,Outras,"",Dupla,"","",""
6955,2019-08-13T00:00:00,09:43:00,SEM VÍTIMA,FINALIZADA,CASA AMARELA,AV NORTE,5400,"",EM FRENTE AO Nº 5400,AV NORTE,5400,EM FRENTE AO Nº 5400,CASA AMARELA,,SUBURBIO,CHOQUE OBJETO FIXO,MADEIRA ARREMESSADA SOBRE VEICULO,1,,,,,,1,,1,0,,Longo da via,Bom,Não existe,Perfeito estado,Seca,Mal conservada,Não existe,"","",Dupla,Canteiro central,"",""
6956,2019-08-13T00:00:00,10:17:00,SEM VÍTIMA,CANCELADA,BOA VIAGEM,RUA RIBEIRO DE BRITO,3962,"",EM FRENTE AO EDIFICIO QUEEN MARY,RUA RIBEIRO DE BRITO,3962,EM FRENTE AO EDIFICIO QUEEN MARY,BOA VIAGEM,,"",COLISÃO,COLISÃO SEM VITIMAS,1,1,,,,,,,,0,,"","","","","","","","","","","","",""
6957,2019-08-13T00:00:00,11:30:00,SEM VÍTIMA,FINALIZADA,DOIS IRMÃOS,RUA MANUEL DE MEDEIROS,"","",CLÍNICA VETERINÁRIA Z-2A,RUA MANUEL DE MEDEIROS,"",CLÍNICA VETERINÁRIA Z-2A,DOIS IRMÃOS,,CIDADE,ABALROAMENTO TRANSVERSAL,COLISÃO SEM VITIMAS,1,1,,,,,,,,0,,Longo da via,Bom,Não existe,Perfeito estado,Seca,Perfeito estado,Não existe,"","",Dupla,Faixa contínua,"",""
6958,2019-08-13T00:00:00,11:30:00,SEM VÍTIMA,FINALIZADA,IMBIRIBEIRA,AV MARECHAL MASCARENHAS DE MORAES,"","",TEND TUDO,AV MARECHAL MASCARENHAS DE MORAES,"",TEND TUDO,IMBIRIBEIRA,,CIDADE,ABALROAMENTO LONGITUDINAL,COLISÃO S/VITIMAS ENTRE DOIS AUTOS,2,,,,,,,,,0,,Longo da via,Bom,Não existe,Perfeito estado,Seca,Perfeito estado,Não existe,Não há placas,"",Dupla,Canteiro central,"",""
6959,2019-08-13T00:00:00,11:31:00,SEM VÍTIMA,FINALIZADA,PINA,AV ENCANTA MOCA,1011,"",PROX. A CENTRAL DA PICANHA,AV ENCANTA MOCA,1011,PROX. A CENTRAL DA PICANHA,PINA,,CIDADE,ABALROAMENTO TRANSVERSAL,DOIS AUTOS,2,,,,,,,,,0,,Longo da via,Bom,Não existe,Perfeito estado,Seca,Perfeito estado,"",Não há placas,"",Dupla,Não existe,"",""
6960,2019-08-13T00:00:00,11:35:00,COM VÍTIMA,FINALIZADA,SÃO JOSÉ,RUA PRINCESA IZABEL,"",RUA DO HOSPICIO,EM FRENTE AO HGR HOSPITAL EXERCITO,RUA PRINCESA IZABEL,"",EM FRENTE AO HGR HOSPITAL EXERCITO,SÃO JOSÉ,,CIDADE,ABALROAMENTO TRANSVERSAL,COLISÃO COM VÍTIMAS,,2,,,,,,,,1,,Cruzamento,Bom,Sem defeito,Perfeito estado,Seca,Perfeito estado,Faixa de pedestre,"","","","","",""
6961,2019-08-13T00:00:00,12:28:00,SEM VÍTIMA,FINALIZADA,CAXANGÁ,RUA RIBEIRO PESSOA,"","",EM FRENTE À UPA DA CAXANGA,RUA RIBEIRO PESSOA,"",EM FRENTE À UPA DA CAXANGA,CAXANGÁ,,SUBURBIO,ABALROAMENTO TRANSVERSAL,COLISÃO ENTRE AUTO E MOTO SEM VÍTIMAS,1,1,,,,,,,,0,,Longo da via,Bom,Sem defeito,Incompleta,Seca,Mal conservada,Não existe,Outras,"",Dupla,Não existe,"",""
6962,2019-08-13T00:00:00,12:51:00,SEM VÍTIMA,FINALIZADA,IPSEP,AV RECIFE,"",RUA PINTOR LULA CARDOSO AYRES,SOB O SEMAFORO Nº 319,AV RECIFE,"",SOB O SEMAFORO Nº 319,IPSEP,319,CIDADE,COLISÃO TRASEIRA,COLISÃO ENTRE TRÊS AUTOS SEM VÍTIMAS,3,,,,,,,,,0,,Cruzamento,Bom,Sem defeito,Incompleta,Seca,Perfeito estado,Não existe,Outras,"",Única,Canteiro central,"",""
6963,2019-08-13T00:00:00,13:13:00,SEM VÍTIMA,FINALIZADA,AREIAS,AV DR JOSE RUFINO,2033,"",PROXIMO AO COLEGIO IMACULADA,AV DR JOSE RUFINO,2033,PROXIMO AO COLEGIO IMACULADA,AREIAS,,"",COLISÃO,DOIS AUTOS SEM VÍTIMAS,2,,,,,,,,,0,,"","","","","","","","","","","","",""
6964,2019-08-13T00:00:00,13:15:00,SEM VÍTIMA,FINALIZADA,BOA VISTA,RUA MARQUES AMORIM,"",RUA BARAO DE SAO BORJA,"",RUA MARQUES AMORIM,"","",BOA VISTA,,"",ABALROAMENTO LONGITUDINAL,DOIS AUTOS SEM VÍTIMAS,2,,,,,,,,,0,,"",Bom,Não existe,Ilegível,Seca,Perfeito estado,Não existe,Outras,"",Única,Não existe,"",""
6965,2019-08-13T00:00:00,13:23:00,SEM VÍTIMA,FINALIZADA,BOA VIAGEM,RUA PADRE CARAPUCEIRO,501,RUA FRANCISCO DA CUNHA,"",RUA PADRE CARAPUCEIRO,501,"",BOA VIAGEM,,SUBURBIO,ABALROAMENTO TRANSVERSAL,AUTO X MOTO SEM VÍTIMAS,1,1,,,,,,,,0,,Longo da via,Bom,Não existe,Não existente,Seca,Perfeito estado,Não existe,Não há placas,"",Única,Faixa seccionada,"",""
6966,2019-08-13T00:00:00,13:56:00,COM VÍTIMA,FINALIZADA,BOA VIAGEM,RUA DR LUIZ CORREA DE OLIVEIRA,215,"",QUADRA SQUASH E TÊNNIS,RUA DR LUIZ CORREA DE OLIVEIRA,215,QUADRA SQUASH E TÊNNIS,BOA VIAGEM,,"",COLISÃO COM CICLISTA,COLISÃO ENTRE AUTO E CICLISTA,1,,,1,,,,,,1,,Longo da via,Bom,Não existe,Não existente,Seca,Perfeito estado,Não existe,Não há placas,"",Dupla,Não existe,"",""
6967,2019-08-13T00:00:00,14:05:00,SEM VÍTIMA,FINALIZADA,SANTO AMARO,RUA DO POMBAL,"",RUA PEDRO AFONSO,PRÓXIMO AO IML,RUA DO POMBAL,"",PRÓXIMO AO IML,SANTO AMARO,,CIDADE,ABALROAMENTO TRANSVERSAL,COLISÃO ENTRE DOIS AUTOS,2,,,,,,,,,0,,Cruzamento,Bom,Não existe,Perfeito estado,Seca,Perfeito estado,Não existe,Placas Pare,"",Dupla,Não existe,"",""
6968,2019-08-13T00:00:00,14:28:00,SEM VÍTIMA,FINALIZADA,MANGABEIRA,EST VELHA DE AGUA FRIA,1000,"","",EST VELHA DE AGUA FRIA,1000,"",MANGABEIRA,,SUBURBIO,COLISÃO TRASEIRA,COLISÃO ENTRE DOIS AUTOS SEM VÍTIMA,2,,,,,,,,,0,,Longo da via,Bom,Não existe,Perfeito estado,Seca,Perfeito estado,Não existe,Outras,40 km/h,Dupla,Canteiro central,"",""
6969,2019-08-13T00:00:00,14:51:00,SEM VÍTIMA,FINALIZADA,DERBY,AV GOVERNADOR AGAMENON MAGALHAES,"","",EM FRENTE AO HR,AV GOVERNADOR AGAMENON MAGALHAES,"",EM FRENTE AO HR,DERBY,,"",COLISÃO TRASEIRA,COLISÃO ENTRE DOIS AUTOS SEM VÍTIMAS,2,,,,,,,,,0,,Longo da via,Bom,Não existe,Perfeito estado,Seca,Perfeito estado,"",Não há placas,60 km/h,Dupla,Canal,"",""
6970,2019-08-13T00:00:00,14:55:00,COM VÍTIMA,FINALIZADA,GUABIRABA,AV VEREADOR OTACILIO AZEVEDO,2011,RUA SENHOR DO BONFIM,"EMFRENTE AO ARMAZÉM ENILDO,POR TRÁS DA EMPRESA GLOBO",AV VEREADOR OTACILIO AZEVEDO,2011,"EMFRENTE AO ARMAZÉM ENILDO,POR TRÁS DA EMPRESA GLOBO",GUABIRABA,,SUBURBIO,ABALROAMENTO TRANSVERSAL,COLISÃO ENTRE DUAS MOTOCICLETAS COM 2 VÍTIMAS,,2,,,,,,,,1,,Esquina,Bom,Não existe,Perfeito estado,Seca,Perfeito estado,Não existe,Placas Pare,"",Dupla,Não existe,"",""
6971,2019-08-13T00:00:00,15:17:00,SEM VÍTIMA,FINALIZADA,VÁRZEA,AV PROFESSOR ARTUR DE SA,"","",EM FRENTE AO POSTO PETROBRAS,AV PROFESSOR ARTUR DE SA,"",EM FRENTE AO POSTO PETROBRAS,VÁRZEA,,SUBURBIO,COLISÃO TRASEIRA,COLISÃO SEM VITIMAS,1,2,,,,,,,,0,,Longo da via,Bom,Não existe,Perfeito estado,Seca,Perfeito estado,Não existe,Outras,"",Dupla,Não existe,"",""
6972,2019-08-13T00:00:00,15:20:00,COM VÍTIMA,FINALIZADA,JARDIM SÃO PAULO,RUA LEANDRO BARRETO,"","",EM FRENTE AO POSTO DA LAROQUE / SENTIDO AFOGADOS,RUA LEANDRO BARRETO,"",EM FRENTE AO POSTO DA LAROQUE / SENTIDO AFOGADOS,JARDIM SÃO PAULO,,CIDADE,ABALROAMENTO TRANSVERSAL,COLISÃO COM VÍTIMA,1,1,,,,,,1,,1,,Longo da via,Bom,Não existe,Perfeito estado,Seca,Perfeito estado,"",Outras,"",Dupla,"",Não existe,""
6973,2019-08-13T00:00:00,17:04:00,SEM VÍTIMA,FINALIZADA,IMBIRIBEIRA,RUA GUADALAJARA,201,"","",RUA GUADALAJARA,201,"",IMBIRIBEIRA,,CIDADE,ABALROAMENTO TRANSVERSAL,COLISAO SEM VITIMA,2,,,,,,,,,0,,Longo da via,Bom,Sem defeito,Perfeito estado,Seca,Perfeito estado,Não existe,Não há placas,"",Única,Não existe,"",""
6974,2019-08-13T00:00:00,18:11:00,SEM VÍTIMA,FINALIZADA,BOA VIAGEM,RUA BRUNO VELOSO,"","",EM FRENTE ACADEMIA R2,RUA BRUNO VELOSO,"",EM FRENTE ACADEMIA R2,BOA VIAGEM,,CIDADE,COLISÃO TRASEIRA,ENTRE AUTO E ÕNIBUS. S/V,1,,,,,1,,,,0,,Longo da via,Bom,Sem defeito,Perfeito estado,Seca,Perfeito estado,Não existe,Não há placas,"",Única,Não existe,"",""
6975,2019-08-13T00:00:00,18:27:00,SEM VÍTIMA,FINALIZADA,"",AV GOVERNADOR CARLOS DE LIMA CAVALCANTI,"",AV RUI BARBOSA,SEMÁFORO 037,AV GOVERNADOR CARLOS DE LIMA CAVALCANTI,"",SEMÁFORO 037,"",37,"",COLISÃO TRASEIRA,ENTRE 2 AUTOS. S/V,2,,,,,,,,,0,,Cruzamento,Bom,Sem defeito,Perfeito estado,Seca,Perfeito estado,"",Não há placas,60 km/h,Dupla,Canal,"",""
6976,2019-08-13T00:00:00,18:33:00,SEM VÍTIMA,FINALIZADA,SANTO AMARO,AV CRUZ CABUGA,29,"","",AV CRUZ CABUGA,29,"",SANTO AMARO,,CIDADE,ABALROAMENTO LONGITUDINAL,ENTRE 2 AUTOS. S/V,2,,,,,,,,,0,,Longo da via,Bom,Sem defeito,Perfeito estado,Seca,Perfeito estado,Não existe,"","",Dupla,Faixa contínua,"",""
6977,2019-08-13T00:00:00,18:51:00,SEM VÍTIMA,CANCELADA,MADALENA,AV VISCONDE DE ALBUQUERQUE,474,RUA JOSE OSORIO,ENF A FARMACIA INDEPENDENTE,AV VISCONDE DE ALBUQUERQUE,474,ENF A FARMACIA INDEPENDENTE,MADALENA,,"",COLISÃO,HONDA CIVIC X CELTA,2,,,,,,,,,0,,"","","","","","","","","","","","",""
6978,2019-08-13T00:00:00,18:59:00,SEM VÍTIMA,CANCELADA,ESPINHEIRO,AV CONS ROSA E SILVA,"",AV DR MALAQUIAS,ESQUINA COM O POSTO SHELL,AV CONS ROSA E SILVA,"",ESQUINA COM O POSTO SHELL,ESPINHEIRO,,"",COLISÃO,ENTRE 2 AUTOS. S/V,2,,,,,,,,,0,,"","","","","","","","","","","","",""
6979,2019-08-13T00:00:00,22:18:00,COM VÍTIMA,FINALIZADA,TEJIPIÓ,RUA FALCAO DE LACERDA,"",AV QUINZE DE NOVEMBRO,SEMÁFORO 285,RUA FALCAO DE LACERDA,"",SEMÁFORO 285,TEJIPIÓ,285,SUBURBIO,COLISÃO FRONTAL,COLISÃO ENTRE AUTO E MOTO COM VÍTIMAS.,1,1,,,,,,,,1,,Outros,Bom,Sem defeito,Perfeito estado,Seca,Perfeito estado,Faixa de pedestre,Não há placas,"",Dupla,Faixa seccionada,"",""
6980,2019-08-14T00:00:00,00:48:00,COM VÍTIMA,FINALIZADA,AREIAS,AV RECIFE,996,"",EM FRENTE A CHURRASCARIA PAJUÇARA E LADO OPOSTO AO BOX DE CROSSFIT UP_BOX.,AV RECIFE,996,EM FRENTE A CHURRASCARIA PAJUÇARA E LADO OPOSTO AO BOX DE CROSSFIT UP_BOX.,AREIAS,,SUBURBIO,ABALROAMENTO LONGITUDINAL,MOTO X PEDESTRE (CARROÇEIRO),,1,,,1,,,,1,2,,Longo da via,Chuvoso,Sem defeito,Perfeito estado,Molhada,Perfeito estado,Não existe,Outras,"",Única,Faixa seccionada,"",""
6981,2019-08-14T00:00:00,03:38:00,COM VÍTIMA,FINALIZADA,DERBY,AV GOVERNADOR AGAMENON MAGALHAES,"",RUA JOAQUIM NABUCO,"EM FRENTE AO HOSPITAL DA RESTAURAÇÃO, SENTIDO BOA VIAGEM",AV GOVERNADOR AGAMENON MAGALHAES,"","EM FRENTE AO HOSPITAL DA RESTAURAÇÃO, SENTIDO BOA VIAGEM",DERBY,174,"",ABALROAMENTO TRANSVERSAL,"COLISÃO ENTRE DOIS AUTOS, COM VÍTIMA.",2,,,,,,,,,1,,Cruzamento,Chuvoso,Sem defeito,Perfeito estado,Molhada,Perfeito estado,Faixa de pedestre,Outras,"",Dupla,Faixa seccionada,Canteiro central,Canal
6982,2019-08-14T00:00:00,06:57:00,SEM VÍTIMA,FINALIZADA,BOA VIAGEM,AV MARECHAL JUAREZ TAVORA,420,"",HOTEL ENSEADA,AV MARECHAL JUAREZ TAVORA,420,HOTEL ENSEADA,BOA VIAGEM,,SUBURBIO,CHOQUE OBJETO FIXO,"VEICULO CHOCOU-SE COM POSTE, VEICULO ATRAVESSADO NA VIA",1,,,,,,,,,0,,Longo da via,Chuvoso,Não existe,Perfeito estado,Molhada,Perfeito estado,Não existe,Não há placas,"",Dupla,Canal,"",""
6983,2019-08-14T00:00:00,07:09:00,SEM VÍTIMA,FINALIZADA,BOA VIAGEM,AV DES JOSE NEVES,235,"","",AV DES JOSE NEVES,235,"",BOA VIAGEM,567,SUBURBIO,COLISÃO TRASEIRA,TRES AUTOS,3,,,,,,,,,0,,Longo da via,Chuvoso,Sem defeito,Perfeito estado,Molhada,Perfeito estado,Não existe,"","",Dupla,Canal,"",""
6984,2019-08-14T00:00:00,07:11:00,SEM VÍTIMA,FINALIZADA,BOA VIAGEM,AV CONSELHEIRO AGUIAR,2707,"",E/F CLINICA ARMINDO MOURA NETO,AV CONSELHEIRO AGUIAR,2707,E/F CLINICA ARMINDO MOURA NETO,BOA VIAGEM,,"",COLISÃO,COLISAO SEM VITIMAS,2,,,,,,,,,0,,"","","","","","","","","","","","",""
6985,2019-08-14T00:00:00,07:43:00,SEM VÍTIMA,FINALIZADA,PRADO,RUA ANTONIO DE SA,29,"",EM FRENTE A SERRALHARIA,RUA ANTONIO DE SA,29,EM FRENTE A SERRALHARIA,PRADO,,CIDADE,ABALROAMENTO LONGITUDINAL,COLISAO SEM VITIMAS,2,,,,,,,,,0,,Longo da via,Chuvoso,Não existe,Incompleta,Molhada,Perfeito estado,Não existe,Outras,20 km/h,Única,Canteiro central,"",""
6986,2019-08-14T00:00:00,07:47:00,SEM VÍTIMA,FINALIZADA,MADALENA,AV JOSE GONCALVES DE MEDEIROS,107,"",EM FRENTE A SEGURADORA PORTO SEGURO,AV JOSE GONCALVES DE MEDEIROS,107,EM FRENTE A SEGURADORA PORTO SEGURO,MADALENA,,CIDADE,ABALROAMENTO LONGITUDINAL,DOIS AUTOS,2,,,,,,,,,0,,Longo da via,Bom,Não existe,Perfeito estado,Seca,Perfeito estado,Não existe,R-6a,"",Dupla,Faixa seccionada,"",""
6987,2019-08-14T00:00:00,07:53:00,SEM VÍTIMA,DUPLICIDADE,PRADO,RUA VIRGINIO CAMPELLO,127,"",EM FRENTE A BANCA ALIANÇA,RUA VIRGINIO CAMPELLO,127,EM FRENTE A BANCA ALIANÇA,PRADO,,"",COLISÃO,COLISÃO SEM VITIMAS,2,,,,,,,,,0,,"","","","","","","","","","","","",""
6988,2019-08-14T00:00:00,08:29:00,SEM VÍTIMA,FINALIZADA,BOA VISTA,RUA JOAO FERNANDES VIEIRA,"",RUA PADRE INGLES,"",RUA JOAO FERNANDES VIEIRA,"","",BOA VISTA,,CIDADE,ABALROAMENTO LONGITUDINAL,DOIS AUTOS,2,,,,,,,,,0,,"",Chuvoso,Não existe,Perfeito estado,Molhada,Mal conservada,Não existe,Não há placas,"",Única,Faixa seccionada,"",""
6989,2019-08-14T00:00:00,09:50:00,SEM VÍTIMA,FINALIZADA,BOA VISTA,RUA DO HOSPICIO,"","",AO LADO DA CÂMARA DOS VEREADORES,RUA DO HOSPICIO,"",AO LADO DA CÂMARA DOS VEREADORES,BOA VISTA,31,CIDADE,COLISÃO TRASEIRA,"",2,,,,,,,,,0,,Longo da via,Chuvoso,Sem defeito,Perfeito estado,Molhada,Perfeito estado,Faixa de pedestre,"","","","","",""
6990,2019-08-14T00:00:00,09:57:00,SEM VÍTIMA,FINALIZADA,CORDEIRO,AV CAXANGA,"","",SOB O SEMÁFORO 236,AV CAXANGA,"",SOB O SEMÁFORO 236,CORDEIRO,236,CIDADE,ABALROAMENTO LONGITUDINAL,MOTO X BRT,,1,,,,1,,,,0,,Longo da via,Bom,Sem defeito,Perfeito estado,Seca,Perfeito estado,Faixa de pedestre,Outras,"",Única,Faixa seccionada,Canteiro central,""
6991,2019-08-14T00:00:00,10:04:00,SEM VÍTIMA,FINALIZADA,CAXANGÁ,AV CAXANGA,"",RUA DONA INES CORREA DE ARAUJO,AO LADO DA ASSEMBLEIA DE DEUS,AV CAXANGA,"",AO LADO DA ASSEMBLEIA DE DEUS,CAXANGÁ,232,SUBURBIO,ABALROAMENTO TRANSVERSAL,AUTO E MOTO,1,1,,,,,,,,0,,Cruzamento,Bom,Sem defeito,Perfeito estado,Seca,Perfeito estado,Outros,Outras,60 km/h,Única,Canteiro central,"",""
6992,2019-08-14T00:00:00,10:29:00,SEM VÍTIMA,FINALIZADA,MADALENA,AV JOSE GONCALVES DE MEDEIROS,997,"",MAX TROC,AV JOSE GONCALVES DE MEDEIROS,997,MAX TROC,MADALENA,,CIDADE,ABALROAMENTO LONGITUDINAL,COLISÃO SEM VITIMAS,2,,,,,,,,,0,,Longo da via,Bom,Não existe,Incompleta,Seca,Mal conservada,Não existe,Não há placas,"",Única,Não existe,"",""
6993,2019-08-14T00:00:00,10:55:00,SEM VÍTIMA,FINALIZADA,GRAÇAS,PRC DO ENTRONCAMENTO,104,"",BANCO ITAU,PRC DO ENTRONCAMENTO,104,BANCO ITAU,GRAÇAS,,CIDADE,ABALROAMENTO LONGITUDINAL,COLISÃO SEM VITIMAS,2,,,,,,,,,0,,Longo da via,Chuvoso,Sem defeito,Perfeito estado,Molhada,"",Faixa de pedestre,Outras,"",Única,Não existe,"",""
6994,2019-08-14T00:00:00,11:00:00,COM VÍTIMA,FINALIZADA,CASA AMARELA,EST DO ARRAIAL,4660,"",RESIDENCIA EM FRENTE AO RESTAURANTE ENCANTO NORDESTINO,EST DO ARRAIAL,4660,RESIDENCIA EM FRENTE AO RESTAURANTE ENCANTO NORDESTINO,CASA AMARELA,,SUBURBIO,ABALROAMENTO LONGITUDINAL,COLISÃO COM VITIMA,1,1,,,,,,,,1,,Longo da via,Chuvoso,Não existe,Perfeito estado,Molhada,Perfeito estado,Não existe,Não há placas,40 km/h,Única,Faixa seccionada,"",""