_id,DATA,hora,natureza_acidente,situacao,bairro,endereco,numero,detalhe_endereco_acidente,complemento,endereco_cruzamento,numero_cruzamento,referencia_cruzamento,bairro_cruzamento,num_semaforo,sentido_via,tipo,descricao,auto,moto,ciclom,ciclista,pedestre,onibus,caminhao,viatura,outros,vitimas,vitimasfatais,acidente_verificado,tempo_clima,situacao_semaforo,sinalizacao,condicao_via,conservacao_via,ponto_controle,situacao_placa,velocidade_max_via,mao_direcao,divisao_via1,divisao_via2,divisao_via3
6995,2019-08-14T00:00:00,11:44:00,SEM VÍTIMA,FINALIZADA,IMBIRIBEIRA,AV MARECHAL MASCARENHAS DE MORAES,"","",LADO OPOSTO AO GERALDÃO,AV MARECHAL MASCARENHAS DE MORAES,"",LADO OPOSTO AO GERALDÃO,IMBIRIBEIRA,,"",ABALROAMENTO LONGITUDINAL,COLISÃO SEM VITIMAS,2,,,,,,,,,0,,Longo da via,Chuvoso,Não existe,Perfeito estado,Seca,Perfeito estado,Não existe,Outras,60 km/h,Dupla,Canteiro central,"",""
6996,2019-08-14T00:00:00,12:17:00,COM VÍTIMA,FINALIZADA,IMBIRIBEIRA,AV MARECHAL MASCARENHAS DE MORAES,"","",LADO OPOSTO AO GERALDÃO,AV MARECHAL MASCARENHAS DE MORAES,"",LADO OPOSTO AO GERALDÃO,IMBIRIBEIRA,,SUBURBIO,TOMBAMENTO,TOMBAMENTO ENVOLVENDO UMA MOTOCICLETA.,,1,,,,,,,,1,,Longo da via,Chuvoso,Não existe,Perfeito estado,Molhada,Mal conservada,Não existe,Não há placas,60 km/h,Dupla,Faixa seccionada,"",""
6997,2019-08-14T00:00:00,12:27:00,SEM VÍTIMA,CANCELADA,DERBY,PRC DO DERBY,"","",E/F A PARADA DO BRT S/T BOA VISTA,PRC DO DERBY,"",E/F A PARADA DO BRT S/T BOA VISTA,DERBY,,"",COLISÃO,COLISAO ENTRE AUTO E ONIBUS S/V,1,,,,,1,,,,0,,"","","","","","","","","","","","",""
6998,2019-08-14T00:00:00,12:37:00,SEM VÍTIMA,FINALIZADA,SÃO JOSÉ,AV SUL,"","",PROXIMO AO POSTO BR E A SEDE DO GALO/ SENTIDO CIDADE,AV SUL,"",PROXIMO AO POSTO BR E A SEDE DO GALO/ SENTIDO CIDADE,SÃO JOSÉ,,"",COLISÃO,COLISÃO SEM VÍTIMA,1,,,,,,1,,,0,,"","","","","","","","","","","","",""
6999,2019-08-14T00:00:00,12:43:00,SEM VÍTIMA,FINALIZADA,CORDEIRO,RUA PADRE ANTONIO FERNANDES,85,"",LADO OPOSTO AO COLÉGIO EXATO,RUA PADRE ANTONIO FERNANDES,85,LADO OPOSTO AO COLÉGIO EXATO,CORDEIRO,,CIDADE,CHOQUE VEÍCULO PARADO,"",1,,,,,,1,,,0,,Longo da via,Chuvoso,Não existe,Não existente,Molhada,Mal conservada,Não existe,Não há placas,"",Dupla,Não existe,"",""
7000,2019-08-14T00:00:00,12:49:00,SEM VÍTIMA,FINALIZADA,CORDEIRO,AV CAXANGA,853,"",PONTUAL MED,AV CAXANGA,853,PONTUAL MED,CORDEIRO,,SUBURBIO,COLISÃO TRASEIRA,COLISÃO SEM VITIMA,2,,,,,,,,,0,,Longo da via,Chuvoso,Sem defeito,Perfeito estado,Seca,Perfeito estado,Faixa de pedestre,Não há placas,"",Dupla,Canteiro central,"",""
7001,2019-08-14T00:00:00,13:21:00,SEM VÍTIMA,FINALIZADA,ESTÂNCIA,AV DR JOSE RUFINO,321,"",COLEGIO DECISÃO,AV DR JOSE RUFINO,321,COLEGIO DECISÃO,ESTÂNCIA,,SUBURBIO,ABALROAMENTO LONGITUDINAL,COLISAO SEM VITIMA,1,1,,,,,,,,0,,Longo da via,Chuvoso,"",Perfeito estado,Seca,Perfeito estado,"",Não há placas,60 km/h,Dupla,Faixa contínua,"",""
7002,2019-08-14T00:00:00,14:34:00,SEM VÍTIMA,FINALIZADA,CASA AMARELA,AV NORTE,5229,"",AO LADO SUZY BIKE,AV NORTE,5229,AO LADO SUZY BIKE,CASA AMARELA,,CIDADE,COLISÃO TRASEIRA,COLISAO SEM VITIMA,2,,,,,,,,,0,,Longo da via,Chuvoso,Sem defeito,Perfeito estado,Molhada,Perfeito estado,Faixa de pedestre,R-6a,"",Dupla,Faixa contínua,Faixa seccionada,Canteiro central
7003,2019-08-14T00:00:00,15:04:00,COM VÍTIMA,FINALIZADA,ILHA DO RETIRO,AV ENGENHEIRO ABDIAS DE CARVALHO,"","",EMPRESARIAL ABDIAS DE CARVALHO E PRÓXIMO AO BOBS.,AV ENGENHEIRO ABDIAS DE CARVALHO,"",EMPRESARIAL ABDIAS DE CARVALHO E PRÓXIMO AO BOBS.,ILHA DO RETIRO,52,CIDADE,ABALROAMENTO LONGITUDINAL,COLISÃO COM VÍTIMA,2,1,,,,,,,,1,,Longo da via,Bom,Não existe,Perfeito estado,Seca,Mal iluminada,Não existe,Não há placas,"",Dupla,Canteiro central,"",""
7004,2019-08-14T00:00:00,15:11:00,SEM VÍTIMA,FINALIZADA,IMBIRIBEIRA,AV MARECHAL MASCARENHAS DE MORAES,2716,"","",AV MARECHAL MASCARENHAS DE MORAES,2716,"",IMBIRIBEIRA,,SUBURBIO,ABALROAMENTO LONGITUDINAL,COLIOSÃOS SEM VITIMA,1,,,,,,1,,1,0,,Longo da via,Bom,Sem defeito,Perfeito estado,Seca,Perfeito estado,Não existe,Não há placas,60 km/h,Dupla,Canteiro central,"",""
7005,2019-08-14T00:00:00,15:30:00,SEM VÍTIMA,FINALIZADA,IPUTINGA,RUA OSVALDO GUIMARAES,66,"","",RUA OSVALDO GUIMARAES,66,"",IPUTINGA,,CIDADE,ABALROAMENTO TRANSVERSAL,COLISAO ENTRE DOIS AUTOS S/V,2,,,,,,,,,0,,Longo da via,Bom,Não existe,Incompleta,Seca,Perfeito estado,Não existe,R-6a,"",Dupla,Não existe,"",""
7006,2019-08-14T00:00:00,15:39:00,SEM VÍTIMA,FINALIZADA,GRAÇAS,AV CONS ROSA E SILVA,215,"",TABELIONATO,AV CONS ROSA E SILVA,215,TABELIONATO,GRAÇAS,,SUBURBIO,ABALROAMENTO LONGITUDINAL,COLISAO ENTRE DOIS AUTOS S/V VT 02 NO LOCAL,1,,,,,1,,,,0,,Longo da via,Bom,Não existe,Perfeito estado,Seca,Perfeito estado,Não existe,R-6a,"",Única,Faixa seccionada,"",""
7007,2019-08-14T00:00:00,15:52:00,SEM VÍTIMA,CANCELADA,CAXANGÁ,RUA CLAUDIO BROTHERHOOD,"","",E/F A ESCOLA LUZ DO AMANHECER,RUA CLAUDIO BROTHERHOOD,"",E/F A ESCOLA LUZ DO AMANHECER,CAXANGÁ,,"",COLISÃO,COLISAO ENTRE DOIS AUTOS S/V,2,,,,,,,,,0,,"","","","","","","","","","","","",""
7008,2019-08-14T00:00:00,15:47:00,SEM VÍTIMA,FINALIZADA,TAMARINEIRA,AV NORTE,"",RUA IAPU,"",AV NORTE,"","",TAMARINEIRA,,SUBURBIO,ABALROAMENTO LONGITUDINAL,COLISÃO SEM VITIMA,2,,,,,,,,,0,,Longo da via,Chuvoso,Não existe,Perfeito estado,Molhada,Perfeito estado,Não existe,Outras,"",Dupla,Canteiro central,"",""
7009,2019-08-14T00:00:00,16:11:00,SEM VÍTIMA,FINALIZADA,MADALENA,RUA BENFICA,"","",HIPER BOMPREÇO LADO OPOSTO,RUA BENFICA,"",HIPER BOMPREÇO LADO OPOSTO,MADALENA,,CIDADE,ABALROAMENTO LONGITUDINAL,COLISÃO SERM VITIMA,1,,,,,,1,,,0,,Longo da via,Chuvoso,Sem defeito,Perfeito estado,Molhada,Perfeito estado,Outros,Outras,"",Única,Não existe,"",""
7010,2019-08-14T00:00:00,16:15:00,SEM VÍTIMA,FINALIZADA,AFOGADOS,RUA JOAO CARLOS GUIMARAES,"","",BRADESCO,RUA JOAO CARLOS GUIMARAES,"",BRADESCO,AFOGADOS,,"",ABALROAMENTO LONGITUDINAL,COLISAO SEM VITIMA,1,,,,,,,,,0,,Longo da via,Chuvoso,Não existe,Ilegível,Molhada,Mal conservada,Não existe,"","",Única,Não existe,"",""
7011,2019-08-14T00:00:00,16:53:00,COM VÍTIMA,FINALIZADA,BOA VIAGEM,RUA BARAO DE SOUZA LEAO,1000,"",ESQUINA DA LAVANDERIA NAPOLITANA,RUA BARAO DE SOUZA LEAO,1000,ESQUINA DA LAVANDERIA NAPOLITANA,BOA VIAGEM,,CIDADE,ABALROAMENTO LONGITUDINAL,COLISAO COM VITIMA,1,1,,,,,,,,1,,Longo da via,Chuvoso,Não existe,Perfeito estado,Molhada,Perfeito estado,Não existe,Não há placas,"",Única,Faixa seccionada,"",""
7012,2019-08-14T00:00:00,17:10:00,SEM VÍTIMA,FINALIZADA,SANTO AMARO,RUA DO POMBAL,695,RUA BARROS BARRETO,EM FRENTE A ESCOLA ESTADUAL ESTACIO COIMBRA,RUA DO POMBAL,695,EM FRENTE A ESCOLA ESTADUAL ESTACIO COIMBRA,SANTO AMARO,,SUBURBIO,ABALROAMENTO TRANSVERSAL,COLISÃO SEM VÍTIMA,2,,,,,,,,,0,,Cruzamento,Chuvoso,Não existe,Não existente,Molhada,Perfeito estado,Não existe,Placas Pare,"",Dupla,Faixa seccionada,"",""
7013,2019-08-14T00:00:00,17:47:00,SEM VÍTIMA,FINALIZADA,IMBIRIBEIRA,AV MARECHAL MASCARENHAS DE MORAES,"","",E/F A TROLLER,AV MARECHAL MASCARENHAS DE MORAES,"",E/F A TROLLER,IMBIRIBEIRA,,CIDADE,ABALROAMENTO TRANSVERSAL,ENTRE ONIBUS E AUTO PASSEIO. S/V,1,,,,,1,,,,0,,Longo da via,Chuvoso,Não existe,Perfeito estado,Molhada,Perfeito estado,Não existe,"","",Única,Não existe,"",""
7014,2019-08-14T00:00:00,18:36:00,SEM VÍTIMA,FINALIZADA,AREIAS,AV DR JOSE RUFINO,"","",EM FRENTE AO BANCO BRADESCO,AV DR JOSE RUFINO,"",EM FRENTE AO BANCO BRADESCO,AREIAS,,SUBURBIO,ABALROAMENTO LONGITUDINAL,ENTRE ONIBUS E AUTO PASSEIO. S/V,1,,,,,1,,,,0,,Longo da via,Bom,Não existe,Perfeito estado,Seca,Perfeito estado,Não existe,R-6a,"",Dupla,Faixa contínua,"",""
7015,2019-08-14T00:00:00,18:47:00,COM VÍTIMA,FINALIZADA,SANTO AMARO,RUA AURORA,"",PTE DO LIMOEIRO,"",RUA AURORA,"","",SANTO AMARO,243,SUBURBIO,COLISÃO TRASEIRA,ENTRE AUTO E MOTO. C/V,1,1,,,,,,,,1,,Cruzamento,Chuvoso,Sem defeito,Perfeito estado,Molhada,Perfeito estado,Agente,Não há placas,60 km/h,Dupla,Canteiro central,"",""
7016,2019-08-14T00:00:00,18:53:00,SEM VÍTIMA,FINALIZADA,SÃO JOSÉ,AV SUL,"","",LADO OPOSTO AO Nº 695 ( CLUBE DA PESCA),AV SUL,"",LADO OPOSTO AO Nº 695 ( CLUBE DA PESCA),SÃO JOSÉ,,SUBURBIO,COLISÃO TRASEIRA,ENTRE 4 AUTOS. S/V,4,,,,,,,,,0,,Longo da via,Bom,Sem defeito,Perfeito estado,Seca,Perfeito estado,"",Não há placas,"",Dupla,Canteiro central,"",""
7017,2019-08-14T00:00:00,19:17:00,SEM VÍTIMA,CANCELADA,ESPINHEIRO,AV GOVERNADOR AGAMENON MAGALHAES,"",RUA SAO SALVADOR,PROX A UNIMEDE PORTUGUES VIA LOCAL SENTIDO BOA VIAGEM,AV GOVERNADOR AGAMENON MAGALHAES,"",PROX A UNIMEDE PORTUGUES VIA LOCAL SENTIDO BOA VIAGEM,ESPINHEIRO,,"",COLISÃO,FIAT STRADA X,2,,,,,,,,,0,,"","","","","","","","","","","","",""
7018,2019-08-14T00:00:00,20:22:00,SEM VÍTIMA,FINALIZADA,ESPINHEIRO,RUA DR FERNANDO ALLAIN,"",RUA MARQUES DO PARANA,"",RUA DR FERNANDO ALLAIN,"","",ESPINHEIRO,,CIDADE,ABALROAMENTO LONGITUDINAL,HONDA FIT X PEUGEOT,2,,,,,,,,,0,,Cruzamento,Chuvoso,Não existe,Incompleta,Molhada,Perfeito estado,Faixa de retenção,Placas Pare,"",Única,Não existe,"",""
7019,2019-08-14T00:00:00,20:45:00,COM VÍTIMA,FINALIZADA,ENCRUZILHADA,AV BEBERIBE,205,RUA OLIMPIO DE ARROUXELAS GALVAO,AUTO ESCOLA BELÉM,AV BEBERIBE,205,AUTO ESCOLA BELÉM,ENCRUZILHADA,,SUBURBIO,ABALROAMENTO LONGITUDINAL,TOYOTA X MOTO,1,1,,,,,,,,1,,Longo da via,Chuvoso,Não existe,Perfeito estado,Molhada,Perfeito estado,Não existe,Não há placas,"",Dupla,Faixa contínua,Faixa seccionada,""
7020,2019-08-14T00:00:00,21:08:00,SEM VÍTIMA,CANCELADA,BOA VIAGEM,AV BOA VIAGEM,5740,RUA ENGENHEIRO ZAEL DIOGENES,ENF AO EDF MANOEL DE BRITTO,AV BOA VIAGEM,5740,ENF AO EDF MANOEL DE BRITTO,BOA VIAGEM,445,"",COLISÃO,VOYAGE X RENAULT,2,,,,,,,,,0,,"","","","","","","","","","","","",""
7021,2019-08-14T00:00:00,22:35:00,SEM VÍTIMA,FINALIZADA,PINA,RUA CONSUL JOSEPH NOUJAIM,"",RUA NOGUEIRA DE SOUZA,"",RUA CONSUL JOSEPH NOUJAIM,"","",PINA,658,CIDADE,ABALROAMENTO TRANSVERSAL,FAIT X PALIO X SAVERO,2,,,,,,,,1,0,,Cruzamento,Chuvoso,Sem defeito,Perfeito estado,Molhada,Perfeito estado,"",R-6a,"",Única,Faixa seccionada,"",""
7022,2019-08-14T00:00:00,23:27:00,COM VÍTIMA,FINALIZADA,CASA AMARELA,RUA CONS PERETTI,162,RUA OSCAR DE BARROS,PROX AO LABORATORIO GILSON CIDRIN,RUA CONS PERETTI,162,PROX AO LABORATORIO GILSON CIDRIN,CASA AMARELA,,SUBURBIO,ABALROAMENTO TRANSVERSAL,ONIBUS GLOBO X MOTO,1,1,,,,,,,,1,,Cruzamento,Chuvoso,Não existe,Perfeito estado,Molhada,Perfeito estado,Não existe,Outras,"",Única,Não existe,"",""
7023,2019-08-15T00:00:00,05:34:00,SEM VÍTIMA,FINALIZADA,MADALENA,RUA BENFICA,"","",RESIDÊNCIA DE Nº 931,RUA BENFICA,"",RESIDÊNCIA DE Nº 931,MADALENA,51,CIDADE,ABALROAMENTO LONGITUDINAL,"COLISÃO ENTRE AUTO E VAN DA PREFEITURA, SEM VÍTIMAS.",1,,,,,1,,,,0,,Longo da via,Chuvoso,Sem defeito,Perfeito estado,Molhada,Perfeito estado,Faixa de pedestre,Outras,"",Única,Não existe,"",""
7024,2019-08-15T00:00:00,07:45:00,SEM VÍTIMA,FINALIZADA,DERBY,AV GOVERNADOR AGAMENON MAGALHAES,"","",SOB O SEMÁFORO 075,AV GOVERNADOR AGAMENON MAGALHAES,"",SOB O SEMÁFORO 075,DERBY,75,SUBURBIO,COLISÃO TRASEIRA,DOIS AUTOS ,2,,,,,,,,,0,,Longo da via,Chuvoso,Sem defeito,Perfeito estado,Molhada,Perfeito estado,Faixa de pedestre,Outras,60 km/h,Dupla,Faixa seccionada,"",""
7025,2019-08-15T00:00:00,08:16:00,COM VÍTIMA,FINALIZADA,CORDEIRO,AV GENERAL SAN MARTIN,559,"",PROX. AO HOSPITAL GETULIO VARGAS,AV GENERAL SAN MARTIN,559,PROX. AO HOSPITAL GETULIO VARGAS,CORDEIRO,,SUBURBIO,COLISÃO COM CICLISTA,MOTO E CICLISTA,,1,,1,,,,,,1,,Longo da via,Bom,Não existe,Perfeito estado,Seca,Perfeito estado,Não existe,R-6a,"",Dupla,Faixa contínua,"",""
7026,2019-08-15T00:00:00,08:21:00,SEM VÍTIMA,FINALIZADA,AFOGADOS,RUA DO ACRE,"","",AO LADO DO SUPERMERCADO TODO DIA,RUA DO ACRE,"",AO LADO DO SUPERMERCADO TODO DIA,AFOGADOS,,SUBURBIO,ABALROAMENTO LONGITUDINAL,ONIBUS E TAXI,1,,,,,1,,,,0,,Longo da via,Bom,Não existe,"",Seca,Perfeito estado,Não existe,R-6a,"",Única,Outros,"",""
7027,2019-08-15T00:00:00,08:39:00,SEM VÍTIMA,FINALIZADA,IMBIRIBEIRA,AV PRESIDENTE DUTRA,"",AV MARECHAL MASCARENHAS DE MORAES,"",AV PRESIDENTE DUTRA,"","",IMBIRIBEIRA,,SUBURBIO,ABALROAMENTO LONGITUDINAL,CAMINHÃO E AUTO,1,,,,,,,,1,0,,Cruzamento,Nublado,Não existe,Perfeito estado,Seca,Perfeito estado,Não existe,Não há placas,"",Única,Faixa seccionada,"",""
7028,2019-08-15T00:00:00,09:09:00,SEM VÍTIMA,FINALIZADA,MADALENA,RUA BENFICA,"",RUA SPORT CLUBE DO RECIFE,"",RUA BENFICA,"","",MADALENA,,SUBURBIO,ABALROAMENTO LONGITUDINAL,AUTO E ONIBUS,1,,,,,1,,,,0,,"",Bom,Não existe,Perfeito estado,Seca,Perfeito estado,Não existe,Não há placas,40 km/h,Única,Não existe,"",""
7029,2019-08-15T00:00:00,09:35:00,COM VÍTIMA,FINALIZADA,ARRUDA,RUA DO MACHADO,"",RUA ZEFERINO AGRA,EM FRENTE A SANTO ANTONIO,RUA DO MACHADO,"",EM FRENTE A SANTO ANTONIO,ARRUDA,,SUBURBIO,ABALROAMENTO TRANSVERSAL,MOTO E AUTO,1,1,,,,,,,,1,,Cruzamento,Bom,Não existe,Ilegível,Seca,Perfeito estado,Faixa de retenção,Placas Pare,30 km/h,Dupla,Faixa seccionada,"",""
7030,2019-08-15T00:00:00,09:37:00,SEM VÍTIMA,FINALIZADA,ENCRUZILHADA,RUA RODOLFO DE HOLANDA,105,RUA ENGENHO MAJESTOSO,"",RUA RODOLFO DE HOLANDA,105,"",ENCRUZILHADA,,CIDADE,ABALROAMENTO LONGITUDINAL,COLISÃO S/VITIMAS ENTRE DOIS AUTOS,2,,,,,,,,,0,,Cruzamento,Bom,Não existe,Perfeito estado,Seca,Perfeito estado,Não existe,Não há placas,"",Dupla,Não existe,"",""
7031,2019-08-15T00:00:00,10:18:00,COM VÍTIMA,FINALIZADA,GRAÇAS,RUA DA AMIZADE,180,RUA GERVASIO FIORAVANTE,EM FRENTE A MF CABELELEIRO,RUA DA AMIZADE,180,EM FRENTE A MF CABELELEIRO,GRAÇAS,,CIDADE,COLISÃO FRONTAL,AUTO E MOTO,1,1,,,,,,,,2,,Esquina,Bom,Não existe,Perfeito estado,Seca,Perfeito estado,Não existe,"","",Única,"","",""
7032,2019-08-15T00:00:00,10:23:00,SEM VÍTIMA,FINALIZADA,BOA VIAGEM,AV ENGENHEIRO DOMINGOS FERREIRA,11,"",EM FRENTE A CELPE ( PISTA LESTE),AV ENGENHEIRO DOMINGOS FERREIRA,11,EM FRENTE A CELPE ( PISTA LESTE),BOA VIAGEM,,SUBURBIO,COLISÃO TRASEIRA,COLISAO SEM VITIMAS,1,1,,,,,,,,0,,Longo da via,Bom,Não existe,Perfeito estado,Seca,Perfeito estado,Não existe,R-6a,"",Dupla,Canteiro central,"",""
7033,2019-08-15T00:00:00,10:39:00,SEM VÍTIMA,FINALIZADA,CAXANGÁ,AV CAXANGA,"","",EM FRENTE AO BIG BOMPREÇO,AV CAXANGA,"",EM FRENTE AO BIG BOMPREÇO,CAXANGÁ,,SUBURBIO,ABALROAMENTO LONGITUDINAL,COLISAO SEM VITIMAS,2,,,,,,,,,0,,Longo da via,Bom,Não existe,Perfeito estado,Seca,Perfeito estado,Não existe,R-6a,"",Dupla,Canteiro central,"",""
7034,2019-08-15T00:00:00,10:45:00,SEM VÍTIMA,FINALIZADA,BOA VISTA,RUA DO PROGRESSO,317,"",EM FRENTE AO EDF BEETHOVEN,RUA DO PROGRESSO,317,EM FRENTE AO EDF BEETHOVEN,BOA VISTA,,CIDADE,CHOQUE VEÍCULO PARADO,COLISÃO S/ VITIMAS ENTRE DOIS AUTOS,2,,,,,,,,,0,,Longo da via,Bom,Não existe,Não existente,Seca,Perfeito estado,Não existe,Não há placas,"",Única,Não existe,"",""
7035,2019-08-15T00:00:00,11:03:00,SEM VÍTIMA,FINALIZADA,ESTÂNCIA,RUA ROCHA POMBO,464,"",PROX A ESTAÇAO SANTA LUZIA,RUA ROCHA POMBO,464,PROX A ESTAÇAO SANTA LUZIA,ESTÂNCIA,,SUBURBIO,ABALROAMENTO TRANSVERSAL,DOIS AUTOS,2,,,,,,,,,0,,Longo da via,Bom,Não existe,Perfeito estado,Seca,Perfeito estado,Não existe,R-6a,30 km/h,Dupla,Não existe,"",""
7036,2019-08-15T00:00:00,12:14:00,COM VÍTIMA,FINALIZADA,PINA,AVENIDA CELSO FURTADO (VIA MANGUE),"","",1º LOMBADA STD PINA POR TRÁS DO EXTRA.,AVENIDA CELSO FURTADO (VIA MANGUE),"",1º LOMBADA STD PINA POR TRÁS DO EXTRA.,PINA,,CIDADE,COLISÃO TRASEIRA,AUTO X MOTO COM VITIMA,1,1,,,,,,,,1,,Longo da via,Bom,Não existe,Perfeito estado,Seca,Perfeito estado,Outros,"",60 km/h,Dupla,Canteiro central,"",""
7037,2019-08-15T00:00:00,12:33:00,SEM VÍTIMA,FINALIZADA,TORRÕES,AV ENGENHEIRO ABDIAS DE CARVALHO,"","",EM FRENTE AO POSTO PETROCAL TORRÕES,AV ENGENHEIRO ABDIAS DE CARVALHO,"",EM FRENTE AO POSTO PETROCAL TORRÕES,TORRÕES,,SUBURBIO,ABALROAMENTO LONGITUDINAL,COLISAO SEM VITIMA,2,,,,,,,,,0,,Longo da via,Bom,Não existe,Perfeito estado,Seca,Perfeito estado,Não existe,R-6a,"",Dupla,Canteiro central,"",""
7038,2019-08-15T00:00:00,13:15:00,SEM VÍTIMA,CANCELADA,CIDADE UNIVERSITÁRIA,AV PROFESSOR MORAES REGO,"","",GIRADOR DA CIDADE UNIVERSITÁRIO,AV PROFESSOR MORAES REGO,"",GIRADOR DA CIDADE UNIVERSITÁRIO,CIDADE UNIVERSITÁRIA,,"",COLISÃO,ENTRE AUTO S/V,2,,,,,,,,,0,,"","","","","","","","","","","","",""
7039,2019-08-15T00:00:00,13:27:00,COM VÍTIMA,FINALIZADA,BOA VISTA,RUA QUARENTA E OITO,"",AV GOVERNADOR AGAMENON MAGALHAES,POSTO BR JOÃO DE BARROS,RUA QUARENTA E OITO,"",POSTO BR JOÃO DE BARROS,BOA VISTA,,CIDADE,COLISÃO TRASEIRA,AUTO PASSEIO X MOTO COM VÍTIMA,1,1,,,,,,,,1,,Longo da via,Bom,Não existe,Perfeito estado,Seca,Mal conservada,Não existe,R-6a,"",Única,Faixa seccionada,"",""
7040,2019-08-15T00:00:00,13:33:00,SEM VÍTIMA,FINALIZADA,AREIAS,AV DR JOSE RUFINO,1552,"",AO LADO DA 2º IGREJA BATISTA DE AREIAS,AV DR JOSE RUFINO,1552,AO LADO DA 2º IGREJA BATISTA DE AREIAS,AREIAS,44,CIDADE,ABALROAMENTO TRANSVERSAL,SEM VITIMA,1,1,,,,,,,,0,,Longo da via,Bom,Sem defeito,Perfeito estado,Seca,Perfeito estado,Não existe,R-6a,60 km/h,Dupla,Faixa contínua,"",""
7041,2019-08-15T00:00:00,13:35:00,SEM VÍTIMA,FINALIZADA,ILHA DO RETIRO,RUA SPORT CLUBE DO RECIFE,"","",EM FRENTE AO SPORT CLUBE DO RECIFE,RUA SPORT CLUBE DO RECIFE,"",EM FRENTE AO SPORT CLUBE DO RECIFE,ILHA DO RETIRO,,CIDADE,ABALROAMENTO LONGITUDINAL,COLISAO ENTRE DOIS AUTOS S/V,2,,,,,,,,,0,,Longo da via,Bom,Sem defeito,Perfeito estado,Seca,Perfeito estado,Não existe,Não há placas,"",Dupla,Não existe,"",""
7042,2019-08-15T00:00:00,13:52:00,SEM VÍTIMA,FINALIZADA,BOA VIAGEM,AV CONSELHEIRO AGUIAR,"",RUA PADRE CARAPUCEIRO,"",AV CONSELHEIRO AGUIAR,"","",BOA VIAGEM,115,CIDADE,ABALROAMENTO LONGITUDINAL,COLISAO SEM VITIMA,1,,,,,1,,,,0,,Cruzamento,Bom,Sem defeito,Perfeito estado,Seca,Perfeito estado,Faixa de pedestre,Outras,"",Única,Faixa contínua,"",""
7043,2019-08-15T00:00:00,13:43:00,SEM VÍTIMA,DUPLICIDADE,AREIAS,AV DR JOSE RUFINO,"","",EM FRENTE AO POSTO SHELL/ COLEGIO INCENTIVO,AV DR JOSE RUFINO,"",EM FRENTE AO POSTO SHELL/ COLEGIO INCENTIVO,AREIAS,,"",COLISÃO,AUTO X MOTO S/V,1,1,,,,,,,,0,,"","","","","","","","","","","","",""
7044,2019-08-15T00:00:00,14:05:00,COM VÍTIMA,FINALIZADA,ILHA DO RETIRO,AV BEIRA RIO,230,"",SPORT CLUB DO RECIFE / CONDOMÍNIO EDIFÍCIO PORTAL DO CAPIBARIBE.,AV BEIRA RIO,230,SPORT CLUB DO RECIFE / CONDOMÍNIO EDIFÍCIO PORTAL DO CAPIBARIBE.,ILHA DO RETIRO,,CIDADE,COLISÃO TRASEIRA,AUTO PASSEIO X MOTO S/V,1,1,,,,,,,,1,,Longo da via,Bom,Não existe,Perfeito estado,Seca,Perfeito estado,Não existe,Não há placas,"",Dupla,Faixa seccionada,"",""
7045,2019-08-15T00:00:00,14:43:00,SEM VÍTIMA,FINALIZADA,PINA,AV HERCULANO BANDEIRA,563,"",CARTORIO TABELIONATO FIGUEIREDO,AV HERCULANO BANDEIRA,563,CARTORIO TABELIONATO FIGUEIREDO,PINA,,SUBURBIO,ABALROAMENTO LONGITUDINAL,COLISÃO SEM VITIMA,1,,,,,1,,,,0,,Longo da via,Bom,Não existe,Perfeito estado,Seca,Perfeito estado,Não existe,Não há placas,"",Única,Faixa seccionada,"",""
7046,2019-08-15T00:00:00,15:20:00,SEM VÍTIMA,FINALIZADA,AFLITOS,AV CONS ROSA E SILVA,756,RUA VIGARIO BARRETO,EM FRENTE AO CONSULTÓRIO 756,AV CONS ROSA E SILVA,756,EM FRENTE AO CONSULTÓRIO 756,AFLITOS,,SUBURBIO,ABALROAMENTO LONGITUDINAL,COLISAO ENTRE AUTO E CARRO FORTE,1,,,,,,1,,,0,,"",Bom,Não existe,Perfeito estado,Seca,Perfeito estado,Não existe,Outras,"",Única,Faixa seccionada,"",""
7047,2019-08-15T00:00:00,16:49:00,SEM VÍTIMA,FINALIZADA,"",RUA CORREGO DO EUCLIDES,649,"","",RUA CORREGO DO EUCLIDES,649,"","",,SUBURBIO,ABALROAMENTO LONGITUDINAL,COLISAO ENTRE ONIBUS E AUTO S/V,1,,,,,1,,,,0,,Longo da via,Bom,Não existe,Incompleta,Seca,Perfeito estado,Não existe,Outras,40 km/h,Dupla,Faixa seccionada,"",""
7048,2019-08-15T00:00:00,17:04:00,COM VÍTIMA,FINALIZADA,CORDEIRO,EST DO FORTE DO ARRAIAL N. DO B. JESUS,895,"",POR TRÁS DO CAMPO DO 15,EST DO FORTE DO ARRAIAL N. DO B. JESUS,895,POR TRÁS DO CAMPO DO 15,CORDEIRO,,CIDADE,ABALROAMENTO LONGITUDINAL,AUTO E MOTO,1,1,,,,,,,,1,,Longo da via,Bom,Não existe,Incompleta,Seca,Perfeito estado,Não existe,R-6a,"",Dupla,Faixa contínua,"",""
7049,2019-08-15T00:00:00,17:25:00,COM VÍTIMA,CANCELADA,MUSTARDINHA,AV MANOEL GONCALVES DA LUZ,"","",EM FRENTE A PRACA DO ABC,AV MANOEL GONCALVES DA LUZ,"",EM FRENTE A PRACA DO ABC,MUSTARDINHA,,"",ATROPELAMENTO,MOTO ATROPELOU UMA CRIANCA,,1,,,1,,,,,1,,"","","","","","","","","","","","",""