_id,DATA,hora,natureza_acidente,situacao,bairro,endereco,numero,detalhe_endereco_acidente,complemento,endereco_cruzamento,numero_cruzamento,referencia_cruzamento,bairro_cruzamento,num_semaforo,sentido_via,tipo,descricao,auto,moto,ciclom,ciclista,pedestre,onibus,caminhao,viatura,outros,vitimas,vitimasfatais,acidente_verificado,tempo_clima,situacao_semaforo,sinalizacao,condicao_via,conservacao_via,ponto_controle,situacao_placa,velocidade_max_via,mao_direcao,divisao_via1,divisao_via2,divisao_via3
7215,2019-08-20T00:00:00,20:37:00,SEM VÍTIMA,FINALIZADA,SANTO AMARO,AV CRUZ CABUGA,"","",E/F AO CEMITERIO DOS INGLESES,AV CRUZ CABUGA,"",E/F AO CEMITERIO DOS INGLESES,SANTO AMARO,,SUBURBIO,ABALROAMENTO LONGITUDINAL,ENTRE AUTO E ÕNIBUS. S/V,1,,,,,1,,,,0,,Longo da via,Bom,Não existe,Perfeito estado,Seca,Perfeito estado,Não existe,Não há placas,"",Dupla,Faixa contínua,Canteiro central,""
7216,2019-08-20T00:00:00,20:37:00,SEM VÍTIMA,FINALIZADA,BOA VIAGEM,RUA PROFESSOR JOAO MEDEIROS,"",RUA JACK AYRES,SEMÁFORO 183,RUA PROFESSOR JOAO MEDEIROS,"",SEMÁFORO 183,BOA VIAGEM,183,CIDADE,COLISÃO COM CICLISTA,ETIOS X CICLISTA,1,,,1,,,,,,0,,Cruzamento,Bom,Sem defeito,Perfeito estado,Seca,Perfeito estado,Faixa de pedestre,"","",Única,Faixa seccionada,"",""
7217,2019-08-20T00:00:00,21:33:00,COM VÍTIMA,FINALIZADA,MADALENA,RUA DEMOCRITO DE SOUZA FILHO,"",RUA PROFESSOR JOSE TORRES PIRES,BELEZA CAFÉ MODA & BARBEARIA,RUA DEMOCRITO DE SOUZA FILHO,"",BELEZA CAFÉ MODA & BARBEARIA,MADALENA,,CIDADE,ABALROAMENTO LONGITUDINAL,AUTO E MOTO,1,1,,,,,,,,1,,Cruzamento,Bom,Não existe,Perfeito estado,Seca,Perfeito estado,Faixa de retenção,Placas Pare,"",Única,Não existe,"",""
7218,2019-08-20T00:00:00,22:02:00,SEM VÍTIMA,CANCELADA,IMBIRIBEIRA,RUA GENERAL GOES MONTEIRO,"",RUA CONEGO LIRA,POR TRÁS DA MOURA BATERIAS,RUA GENERAL GOES MONTEIRO,"",POR TRÁS DA MOURA BATERIAS,IMBIRIBEIRA,,"",COLISÃO,ENTRE 2 AUTOS. S/V,2,,,,,,,,,0,,"","","","","","","","","","","","",""
7219,2019-08-20T00:00:00,22:23:00,SEM VÍTIMA,FINALIZADA,IPSEP,AV RECIFE,"","",PRÓXIMO SEMÁFORO 319,AV RECIFE,"",PRÓXIMO SEMÁFORO 319,IPSEP,,"",COLISÃO TRASEIRA,ONIBUS BORBOREMA X PALIO,1,,,,,1,,,,0,,Longo da via,Bom,Sem defeito,Perfeito estado,Seca,Perfeito estado,"","","",Dupla,"","",""
7220,2019-08-21T00:00:00,06:18:00,COM VÍTIMA,FINALIZADA,CORDEIRO,AV CAXANGA,2191,"",EM FRENTE A EXPOSIÇÃO DE ANIMAIS,AV CAXANGA,2191,EM FRENTE A EXPOSIÇÃO DE ANIMAIS,CORDEIRO,,CIDADE,ABALROAMENTO LONGITUDINAL,AUTO E MOTO,1,1,,,,,,,,2,,Longo da via,Bom,Não existe,Perfeito estado,Molhada,Perfeito estado,Não existe,Outras,"",Dupla,Canteiro central,"",""
7221,2019-08-21T00:00:00,06:57:00,COM VÍTIMA,FINALIZADA,ILHA DO RETIRO,RUA SPORT CLUBE DO RECIFE,"",RUA BENFICA,SEDE DO SPORT CLUBE DO RECIFE,RUA SPORT CLUBE DO RECIFE,"",SEDE DO SPORT CLUBE DO RECIFE,ILHA DO RETIRO,,CIDADE,ABALROAMENTO LONGITUDINAL,AUTO E MOTO,1,1,,,,,,,,1,,Longo da via,Bom,Não existe,Perfeito estado,Seca,Perfeito estado,Não existe,Não há placas,60 km/h,Dupla,Faixa contínua,"",""
7222,2019-08-21T00:00:00,07:27:00,SEM VÍTIMA,CANCELADA,BOA VIAGEM,AV MARECHAL JUAREZ TAVORA,"","","POR TRAS DA ESCOLA AMERICANA, AO LADO DO CANAL",AV MARECHAL JUAREZ TAVORA,"","POR TRAS DA ESCOLA AMERICANA, AO LADO DO CANAL",BOA VIAGEM,,"",COLISÃO,DOIS AUTOS,2,,,,,,,,,0,,"","","","","","","","","","","","",""
7223,2019-08-21T00:00:00,07:45:00,COM VÍTIMA,FINALIZADA,SAN MARTIN,RUA GEOLANDIA,"","",PRÓXIMO AO BOPE,RUA GEOLANDIA,"",PRÓXIMO AO BOPE,SAN MARTIN,,SUBURBIO,COLISÃO TRASEIRA,COLISÃO ENTRE AUTO E MOTO COM VÍTIMA,1,1,,,,,,,,1,,Longo da via,Bom,Não existe,Não existente,Seca,Perfeito estado,Não existe,Não há placas,"",Dupla,Não existe,"",""
7224,2019-08-21T00:00:00,07:52:00,SEM VÍTIMA,FINALIZADA,BOA VIAGEM,RUA SA E SOUZA,263,RUA CAPITAO ZUZINHA,"",RUA SA E SOUZA,263,"",BOA VIAGEM,420,SUBURBIO,ABALROAMENTO LONGITUDINAL,COLISAO SEM VITIMAS,1,,,,,1,,,,0,,Cruzamento,Bom,Sem defeito,Perfeito estado,Seca,Perfeito estado,Faixa de pedestre,Outras,"",Dupla,Faixa contínua,"",""
7225,2019-08-21T00:00:00,07:52:00,SEM VÍTIMA,FINALIZADA,BOA VIAGEM,AV DES JOSE NEVES,"","",AO LADO DO RESTAURANTE CANGAÇO,AV DES JOSE NEVES,"",AO LADO DO RESTAURANTE CANGAÇO,BOA VIAGEM,,CIDADE,COLISÃO TRASEIRA,DOIS AUTOS,2,,,,,,,,,0,,Longo da via,Bom,Não existe,Perfeito estado,Seca,Perfeito estado,Não existe,Não há placas,60 km/h,Dupla,Canteiro central,"",""
7226,2019-08-21T00:00:00,09:04:00,COM VÍTIMA,FINALIZADA,IPUTINGA,AV CAXANGA,2925,RUA CAPITAO ARAUJO MIRANDA,LADO OPOSTO AO EXTRA,AV CAXANGA,2925,LADO OPOSTO AO EXTRA,IPUTINGA,,SUBURBIO,ATROPELAMENTO,AUTO E PEDESTRE,1,,,,1,,,,,1,,Longo da via,Bom,Sem defeito,Perfeito estado,Seca,Perfeito estado,Outros,R-6a,"",Dupla,Faixa seccionada,Canteiro central,""
7227,2019-08-21T00:00:00,09:43:00,SEM VÍTIMA,FINALIZADA,BOA VISTA,TRV CORREIA NETO,573,"",AO LADO DA ASSEMBLEIA LEGISLATIVA,TRV CORREIA NETO,573,AO LADO DA ASSEMBLEIA LEGISLATIVA,BOA VISTA,,SUBURBIO,COLISÃO TRASEIRA,COLISÃO S/VITIMAS ENTRE DOIS AUTOS,2,,,,,,,,,0,,Longo da via,Bom,Não existe,Perfeito estado,Seca,Perfeito estado,Não existe,Não há placas,"",Única,Não existe,"",""
7228,2019-08-21T00:00:00,09:58:00,COM VÍTIMA,FINALIZADA,CASA AMARELA,RUA PAULA BATISTA,517,"",AO LADO DO BANCO BRADESCO,RUA PAULA BATISTA,517,AO LADO DO BANCO BRADESCO,CASA AMARELA,,SUBURBIO,ABALROAMENTO LONGITUDINAL,AUTO E MOTO,1,1,,,,,,,,1,,Longo da via,Bom,Não existe,Perfeito estado,Seca,Perfeito estado,Não existe,Outras,40 km/h,Única,Não existe,"",""
7229,2019-08-21T00:00:00,10:50:00,SEM VÍTIMA,FINALIZADA,PRADO,AV ENGENHEIRO ABDIAS DE CARVALHO,"","",PRÓXIMO A LANCHONETE BOB'S BURGUER,AV ENGENHEIRO ABDIAS DE CARVALHO,"",PRÓXIMO A LANCHONETE BOB'S BURGUER,PRADO,,SUBURBIO,ABALROAMENTO LONGITUDINAL,MOTO E AUTO,1,1,,,,,,,,0,,Longo da via,Bom,Sem defeito,Perfeito estado,Seca,Perfeito estado,"",Outras,"",Dupla,Canteiro central,"",""
7230,2019-08-21T00:00:00,11:30:00,SEM VÍTIMA,FINALIZADA,BOMBA DO HEMETÉRIO,RUA PADRE OLIVEIRA,278,"",EM FRENTE AO Nº 278,RUA PADRE OLIVEIRA,278,EM FRENTE AO Nº 278,BOMBA DO HEMETÉRIO,,SUBURBIO,CHOQUE VEÍCULO PARADO,COLISÃO S/VITIMAS ENTRE UM AUTO E UM ONIBUS,1,,,,,1,,,,0,,Longo da via,Bom,Não existe,Incompleta,Seca,Perfeito estado,Não existe,Não há placas,"",Dupla,Não existe,"",""
7231,2019-08-21T00:00:00,11:38:00,SEM VÍTIMA,FINALIZADA,VÁRZEA,AV PROFESSOR MORAES REGO,"","",PRAÇA MALEMBAR,AV PROFESSOR MORAES REGO,"",PRAÇA MALEMBAR,VÁRZEA,,CIDADE,ABALROAMENTO LONGITUDINAL,AUTO E CAMINHÃO,1,,,,,,1,,,0,,Longo da via,Bom,Não existe,Perfeito estado,Seca,Perfeito estado,Não existe,Placas Pare,"",Única,Não existe,"",""
7232,2019-08-21T00:00:00,12:36:00,SEM VÍTIMA,PENDENTE,JOANA BEZERRA,AV DES GUERRA BARRETO,"","",E/F AO FORUM JONA BEZERRA,AV DES GUERRA BARRETO,"",E/F AO FORUM JONA BEZERRA,JOANA BEZERRA,,"",COLISÃO,COLISAO ENTRE DOIS AUTOS S/V,2,,,,,,,,,0,,"","","","","","","","","","","","",""
7233,2019-08-21T00:00:00,12:37:00,SEM VÍTIMA,FINALIZADA,BOA VIAGEM,RUA ANTONIO FALCAO,729,"",EM FRENTE AO Nº 729,RUA ANTONIO FALCAO,729,EM FRENTE AO Nº 729,BOA VIAGEM,,"",ABALROAMENTO TRANSVERSAL,COLISÃO SEM VITIMA,2,,,,,,,,,0,,Longo da via,Bom,Sem defeito,Perfeito estado,Seca,Perfeito estado,Não existe,Não há placas,"",Única,Faixa seccionada,"",""
7234,2019-08-21T00:00:00,12:50:00,SEM VÍTIMA,CANCELADA,SANTO AMARO,AV JOAO DE BARROS,923,"","PROX. AO CORPO DE BOMBEIROS, EM FRENTE AO EDIF. BOSQUE DE VERSAILLES",AV JOAO DE BARROS,923,"PROX. AO CORPO DE BOMBEIROS, EM FRENTE AO EDIF. BOSQUE DE VERSAILLES",SANTO AMARO,,"",COLISÃO,COLISÃO SEM VITIMA,2,,,,,,,,,0,,"","","","","","","","","","","","",""
7235,2019-08-21T00:00:00,14:21:00,COM VÍTIMA,FINALIZADA,DERBY,AV GOVERNADOR AGAMENON MAGALHAES,"",PRC DO DERBY,CRUZAMENTO COM PRC DERBY,AV GOVERNADOR AGAMENON MAGALHAES,"",CRUZAMENTO COM PRC DERBY,DERBY,75,SUBURBIO,ATROPELAMENTO,MOTO X PEDESTRE,,1,,,1,,,,,1,,Cruzamento,Bom,Sem defeito,Perfeito estado,Seca,Perfeito estado,Faixa de pedestre,"",60 km/h,Única,Canal,"",""
7236,2019-08-21T00:00:00,14:29:00,SEM VÍTIMA,FINALIZADA,BOA VISTA,AV MONTEVIDEU,644,RUA JOAO FERNANDES VIEIRA,EM FRENTE AO HOSPITAL DE FRATURAS,AV MONTEVIDEU,644,EM FRENTE AO HOSPITAL DE FRATURAS,BOA VISTA,,CIDADE,ABALROAMENTO LONGITUDINAL,ENTRE DOIS AUTO S/V,2,,,,,,,,,0,,Longo da via,Bom,Não existe,Perfeito estado,Seca,Perfeito estado,Faixa de pedestre,Outras,"",Única,Faixa seccionada,"",""
7237,2019-08-21T00:00:00,14:47:00,SEM VÍTIMA,FINALIZADA,BARRO,AV DR JOSE RUFINO,2116,"","",AV DR JOSE RUFINO,2116,"",BARRO,,SUBURBIO,COLISÃO TRASEIRA,COLISAO ENTRE DOIS AUTOS S/V,1,,,,,,,,1,0,,Longo da via,Bom,Não existe,Perfeito estado,Seca,Perfeito estado,Não existe,R-6a,40 km/h,Dupla,Faixa seccionada,"",""
7238,2019-08-21T00:00:00,15:13:00,SEM VÍTIMA,FINALIZADA,CASA FORTE,RUA LEONARDO BEZERRA CAVALCANTE,698,"",BIG BOMPREÇO,RUA LEONARDO BEZERRA CAVALCANTE,698,BIG BOMPREÇO,CASA FORTE,,SUBURBIO,COLISÃO TRASEIRA,COLISAO ENTRE MOTO E AUTO S/V,1,1,,,,,,,,0,,Longo da via,Bom,Não existe,Perfeito estado,Seca,Perfeito estado,Faixa de pedestre,Outras,"",Única,Faixa seccionada,"",""
7239,2019-08-21T00:00:00,15:44:00,SEM VÍTIMA,FINALIZADA,SANTO AMARO,AV GOVERNADOR AGAMENON MAGALHAES,"","",EM CIMA DO VIADUTO JOÃO DE BARROS,AV GOVERNADOR AGAMENON MAGALHAES,"",EM CIMA DO VIADUTO JOÃO DE BARROS,SANTO AMARO,,SUBURBIO,COLISÃO TRASEIRA,COLISÃO SEM VITIMA,2,,,,,,,,,0,,"",Bom,Não existe,Perfeito estado,Seca,Perfeito estado,Não existe,Não há placas,60 km/h,Única,Faixa contínua,"",""
7240,2019-08-21T00:00:00,16:23:00,COM VÍTIMA,FINALIZADA,CASA FORTE,AV DEZESSETE DE AGOSTO,"","",EM FRENTE AO Nº 1316,AV DEZESSETE DE AGOSTO,"",EM FRENTE AO Nº 1316,CASA FORTE,,CIDADE,ABALROAMENTO LONGITUDINAL,COLISÃO COM VITIMA/ os veiculos foram removidos do local,1,1,,,,,,,,2,,Longo da via,Bom,Sem defeito,Perfeito estado,Seca,Perfeito estado,Não existe,Não há placas,"",Dupla,Faixa contínua,"",""
7241,2019-08-21T00:00:00,17:12:00,SEM VÍTIMA,FINALIZADA,IPUTINGA,AV LUIZ DE LACERDA,260,"",COLÉGIO DESAFIO,AV LUIZ DE LACERDA,260,COLÉGIO DESAFIO,IPUTINGA,,SUBURBIO,ABALROAMENTO LONGITUDINAL,COLISÃO SEM VITIMA,1,,,,,1,,,,0,,Longo da via,Bom,Não existe,Perfeito estado,Seca,Perfeito estado,Não existe,Placas Pare,"",Única,Não existe,"",""
7242,2019-08-21T00:00:00,17:31:00,SEM VÍTIMA,FINALIZADA,TAMARINEIRA,EST DO ARRAIAL,2646,RUA GOMES COUTINHO,"",EST DO ARRAIAL,2646,"",TAMARINEIRA,,SUBURBIO,ABALROAMENTO LONGITUDINAL,ENTRE DOIS AUTO S/V,1,,,,,,1,,,0,,"",Bom,Não existe,Perfeito estado,Seca,Perfeito estado,Não existe,Placas Pare,"",Única,Faixa seccionada,"",""
7243,2019-08-21T00:00:00,17:55:00,SEM VÍTIMA,FINALIZADA,TAMARINEIRA,RUA CONEGO BARATA,"","",E/F A FERREIRA COSTA,RUA CONEGO BARATA,"",E/F A FERREIRA COSTA,TAMARINEIRA,,SUBURBIO,ABALROAMENTO LONGITUDINAL,ENTRE 2 AUTOS. S/V,2,,,,,,,,,0,,Longo da via,Bom,Não existe,Perfeito estado,Seca,Perfeito estado,Não existe,Outras,"",Única,Faixa seccionada,"",""
7244,2019-08-21T00:00:00,18:13:00,SEM VÍTIMA,FINALIZADA,SAN MARTIN,AV GENERAL SAN MARTIN,"","",EM FRENTE AO Nº 723,AV GENERAL SAN MARTIN,"",EM FRENTE AO Nº 723,SAN MARTIN,,SUBURBIO,COLISÃO TRASEIRA,ENTRE 3 AUTOS. S/V,3,,,,,,,,,0,,Longo da via,Bom,Sem defeito,Perfeito estado,Seca,Perfeito estado,Não existe,Não há placas,"",Dupla,Não existe,"",""
7245,2019-08-21T00:00:00,18:28:00,SEM VÍTIMA,FINALIZADA,PARNAMIRIM,AV PARNAMIRIM,"","","",AV PARNAMIRIM,"","",PARNAMIRIM,10,SUBURBIO,ABALROAMENTO LONGITUDINAL,SANDERO X LIFAN,2,,,,,,,,,0,,Longo da via,Bom,Sem defeito,Perfeito estado,Seca,Perfeito estado,Faixa de pedestre,Não há placas,40 km/h,Única,Faixa contínua,"",""
7246,2019-08-21T00:00:00,18:46:00,SEM VÍTIMA,CANCELADA,ESPINHEIRO,AV JOAO DE BARROS,1622,"",ENF A FEDERAÇAO ESPIRATA DO ESPINHEIRO E BANCO ITAU,AV JOAO DE BARROS,1622,ENF A FEDERAÇAO ESPIRATA DO ESPINHEIRO E BANCO ITAU,ESPINHEIRO,,"",COLISÃO,ONIBUS CAXANGA X HB 20,1,,,,,1,,,,0,,"","","","","","","","","","","","",""
7247,2019-08-21T00:00:00,19:41:00,COM VÍTIMA,FINALIZADA,BOA VISTA,RUA JOSE DE ALENCAR,"",RUA BARAO DE SAO BORJA,PROX AO HOTEL BOA VISTA,RUA JOSE DE ALENCAR,"",PROX AO HOTEL BOA VISTA,BOA VISTA,,CIDADE,ABALROAMENTO TRANSVERSAL,AUTO E MOTO,1,1,,,,,,,,1,,Cruzamento,Bom,Não existe,Perfeito estado,Seca,Perfeito estado,Faixa de retenção,Placas Pare,30 km/h,Única,"","",""
7248,2019-08-21T00:00:00,20:05:00,COM VÍTIMA,FINALIZADA,AFOGADOS,AV SUL,"","",E/F A ESTAÇÃO DO METRÔ LARGO DA PAZ E POLICLINICA DE AFOGADOS,AV SUL,"",E/F A ESTAÇÃO DO METRÔ LARGO DA PAZ E POLICLINICA DE AFOGADOS,AFOGADOS,,CIDADE,ABALROAMENTO TRANSVERSAL,AUTO E ÔNIBUS,1,,,,,1,,,,2,,Longo da via,Bom,Não existe,Perfeito estado,Seca,Perfeito estado,Não existe,Não há placas,60 km/h,Única,Faixa seccionada,"",""
7249,2019-08-21T00:00:00,20:08:00,SEM VÍTIMA,CANCELADA,IPSEP,RUA JEAN EMILE FAVRE,303,"","DE LADO DA UNIF BV, SNT IMBIRIBEIRA",RUA JEAN EMILE FAVRE,303,"DE LADO DA UNIF BV, SNT IMBIRIBEIRA",IPSEP,,"",COLISÃO COM CICLISTA,MOTO X CICLISTA. S/V,,1,,1,,,,,,0,,"","","","","","","","","","","","",""
7250,2019-08-21T00:00:00,20:56:00,SEM VÍTIMA,FINALIZADA,ARRUDA,AV BEBERIBE,1408,"",CASA DE SAMBA,AV BEBERIBE,1408,CASA DE SAMBA,ARRUDA,,"",ABALROAMENTO LONGITUDINAL,ÕNIBUS X AUTO. S/V,1,,,,,1,,,,0,,Longo da via,Bom,Não existe,Perfeito estado,Seca,Perfeito estado,"",Não há placas,40 km/h,Dupla,Faixa contínua,"",""
7251,2019-08-22T00:00:00,00:48:00,SEM VÍTIMA,FINALIZADA,HIPÓDROMO,RUA MEM DE SA,"",RUA PROFESSOR JERONIMO GUEIROS,"",RUA MEM DE SA,"","",HIPÓDROMO,495,"",ABALROAMENTO TRANSVERSAL,COLISÃO ENTRE DOIS AUTOS S/V,2,,,,,,,,,0,,Cruzamento,Bom,Sem defeito,Ilegível,Seca,Mal iluminada,Não existe,Não há placas,"",Dupla,Canteiro central,"",""
7252,2019-08-22T00:00:00,04:09:00,SEM VÍTIMA,FINALIZADA,SÃO JOSÉ,AV SUL,"","",EDF PESQUEIRA BLOCO D,AV SUL,"",EDF PESQUEIRA BLOCO D,SÃO JOSÉ,502,CIDADE,CHOQUE VEÍCULO PARADO,"VEÍCULO CHOCOU-SE CONTRA OUTRO VEÍCULO ESTAIONADO., SEM VÍTIMAS.",2,,,,,,,,,0,,Cruzamento,Bom,Não existe,Não existente,Seca,Perfeito estado,"",Não há placas,"",Dupla,Canteiro central,"",""
7253,2019-08-22T00:00:00,06:39:00,SEM VÍTIMA,FINALIZADA,SANCHO,RUA APRIGIO GUIMARAES,230,"",SALÃO DO REINO DAS TESTEMUNHAS DE JEOVÁ,RUA APRIGIO GUIMARAES,230,SALÃO DO REINO DAS TESTEMUNHAS DE JEOVÁ,SANCHO,,SUBURBIO,ABALROAMENTO LONGITUDINAL,ONIBUS E AUTO,1,,,,,1,,,,0,,Longo da via,Nublado,Não existe,Não existente,Seca,Perfeito estado,Não existe,Não há placas,"",Dupla,Não existe,"",""
7254,2019-08-22T00:00:00,07:39:00,COM VÍTIMA,FINALIZADA,DOIS IRMÃOS,RUA MANUEL DE MEDEIROS,"","","EM FRENTE A ZOOTECNIA DA UFRPE, SENT. CAMARAGIBE",RUA MANUEL DE MEDEIROS,"","EM FRENTE A ZOOTECNIA DA UFRPE, SENT. CAMARAGIBE",DOIS IRMÃOS,,SUBURBIO,ABALROAMENTO LONGITUDINAL,DOIS AUTOS E UMA MOTO,2,1,,,,,,,,1,,Longo da via,Chuvoso,Não existe,Incompleta,Seca,Outros,Não existe,Outras,"",Dupla,Faixa seccionada,"",""
7255,2019-08-22T00:00:00,07:51:00,SEM VÍTIMA,FINALIZADA,ILHA DO RETIRO,RUA ABDIAS CABRAL DE MOURA,"","",EM FRENTE AO POSTO DE GASOLINA IPIRANGA SENT. CIDADE,RUA ABDIAS CABRAL DE MOURA,"",EM FRENTE AO POSTO DE GASOLINA IPIRANGA SENT. CIDADE,ILHA DO RETIRO,,"",COLISÃO,COLISÃO SEM VITIMAS,2,,,,,,,,,0,,"","","","","","","","","","","","",""
7256,2019-08-22T00:00:00,07:58:00,SEM VÍTIMA,CANCELADA,PINA,AV REPUBLICA DO LIBANO,"","",NA ENTRADA DO SHOPPING RIO MAR,AV REPUBLICA DO LIBANO,"",NA ENTRADA DO SHOPPING RIO MAR,PINA,,"",COLISÃO,COLISÃO SEM VITIMAS,1,,,1,,,,,,0,,"","","","","","","","","","","","",""
7257,2019-08-22T00:00:00,08:07:00,SEM VÍTIMA,FINALIZADA,BOA VIAGEM,AV. DES. JOSE NEVES,164,"",EM FRENTE AO BAR DO BIO,"",164,EM FRENTE AO BAR DO BIO,BOA VIAGEM,,CIDADE,COLISÃO TRASEIRA,COLISÃO SEM VITIMAS,1,1,,,,,,,,0,,Longo da via,Bom,Não existe,Perfeito estado,Seca,Perfeito estado,Não existe,R-6a,"",Dupla,Canteiro central,Canal,""
7258,2019-08-22T00:00:00,08:31:00,SEM VÍTIMA,FINALIZADA,TORRE,RUA REAL DA TORRE,"",RUA JOSE DE HOLANDA,"",RUA REAL DA TORRE,"","",TORRE,,CIDADE,ABALROAMENTO TRANSVERSAL,COLISÃO S/VITIMAS ENTRE DOIS AUTOS,2,,,,,,,,,0,,Outros,Bom,Não existe,Não existente,Seca,Perfeito estado,Não existe,Não há placas,"",Dupla,Não existe,"",""
7259,2019-08-22T00:00:00,08:52:00,SEM VÍTIMA,FINALIZADA,TEJIPIÓ,AV DR JOSE RUFINO,3190,"",LADO OPOSTO AO 4º BCOM,AV DR JOSE RUFINO,3190,LADO OPOSTO AO 4º BCOM,TEJIPIÓ,,SUBURBIO,ABALROAMENTO LONGITUDINAL,COLISÃO SEM VITIMAS,2,,,,,,,,,0,,Longo da via,Bom,Não existe,Perfeito estado,Seca,Perfeito estado,Não existe,R-6a,"",Dupla,Faixa contínua,"",""
7260,2019-08-22T00:00:00,08:53:00,SEM VÍTIMA,FINALIZADA,BOA VIAGEM,AVENIDA CELSO FURTADO (VIA MANGUE),"","",ALÇA DO VIADUTO DOM JOÃO VI,AVENIDA CELSO FURTADO (VIA MANGUE),"",ALÇA DO VIADUTO DOM JOÃO VI,BOA VIAGEM,,SUBURBIO,ABALROAMENTO LONGITUDINAL,DOIS AUTOS,2,,,,,,,,,0,,Longo da via,Bom,Não existe,Perfeito estado,Seca,Perfeito estado,Não existe,Não há placas,"",Dupla,Canteiro central,"",""
7261,2019-08-22T00:00:00,09:33:00,SEM VÍTIMA,CANCELADA,VÁRZEA,RUA AMARO GOMES POROCA,"","",EM FRENTE AO RESTAURANTE BRAZZETTUS,RUA AMARO GOMES POROCA,"",EM FRENTE AO RESTAURANTE BRAZZETTUS,VÁRZEA,,"",COLISÃO,COLISÃO SEM VITIMAS,1,1,,,,,,,,0,,"","","","","","","","","","","","",""
7262,2019-08-22T00:00:00,09:49:00,SEM VÍTIMA,FINALIZADA,ARRUDA,AV PROFESSOR JOSE DOS ANJOS,"","",OPOSTO FIAT VIA SUL,AV PROFESSOR JOSE DOS ANJOS,"",OPOSTO FIAT VIA SUL,ARRUDA,,SUBURBIO,COLISÃO TRASEIRA,"",2,,,,,,,,,0,,Longo da via,Bom,Não existe,Perfeito estado,Seca,Perfeito estado,Outros,Placas Pare,"",Dupla,Faixa seccionada,Canteiro central,Canal
7263,2019-08-22T00:00:00,09:56:00,SEM VÍTIMA,FINALIZADA,BOA VISTA,RUA DOM BOSCO,"","",EM FRENTE AO COLEGIO AMERICANO BATISTA,RUA DOM BOSCO,"",EM FRENTE AO COLEGIO AMERICANO BATISTA,BOA VISTA,,SUBURBIO,COLISÃO TRASEIRA,COLISÃO SEM VITIMAS,1,,,,,1,,,,0,,Longo da via,Bom,Não existe,"",Seca,Perfeito estado,Outros,Outras,"",Única,Faixa seccionada,"",""
7264,2019-08-22T00:00:00,10:52:00,SEM VÍTIMA,FINALIZADA,"",RUA MARIANO CARNEIRO DA CUNHA,"","",EM FRENTE AO POSTE Nº B 028992,RUA MARIANO CARNEIRO DA CUNHA,"",EM FRENTE AO POSTE Nº B 028992,"",,SUBURBIO,CHOQUE OBJETO FIXO,CHOQUE DE CAMINHÃO,,,,,,,1,,,0,,Longo da via,Bom,Não existe,Não existente,Seca,Perfeito estado,Não existe,Não há placas,"",Dupla,Não existe,"",""
7265,2019-08-22T00:00:00,11:06:00,SEM VÍTIMA,FINALIZADA,"",RUA BALTAZAR PASSOS,"",RUA SA E SOUZA,"",RUA BALTAZAR PASSOS,"","","",,CIDADE,ABALROAMENTO TRANSVERSAL,DOIS AUTOS,2,,,,,,,,,0,,Cruzamento,Bom,Não existe,Ilegível,Seca,Perfeito estado,Não existe,Placas Pare,"",Dupla,Faixa contínua,"",""
7266,2019-08-22T00:00:00,11:45:00,SEM VÍTIMA,FINALIZADA,SANTO AMARO,RUA DOS PALMARES,"","",PREVIDÊNCIA SOCIAL,RUA DOS PALMARES,"",PREVIDÊNCIA SOCIAL,SANTO AMARO,30,CIDADE,COLISÃO TRASEIRA,COLISAO SEM VITIMAS ENTRE DOIS AUTOS,2,,,,,,,,,0,,Longo da via,Bom,Sem defeito,Perfeito estado,Seca,Perfeito estado,Faixa de pedestre,Não há placas,"",Dupla,Canteiro central,"",""
7267,2019-08-22T00:00:00,12:02:00,SEM VÍTIMA,FINALIZADA,TEJIPIÓ,RUA FALCAO DE LACERDA,387,"",AQUI DOUTOR CLÍNICA,RUA FALCAO DE LACERDA,387,AQUI DOUTOR CLÍNICA,TEJIPIÓ,,"",COLISÃO TRASEIRA,COLISÃO SEM VÍTIMA,1,,,,,,1,,,0,,Longo da via,Bom,Sem defeito,Perfeito estado,Seca,Perfeito estado,Faixa de pedestre,Outras,40 km/h,Única,Faixa seccionada,"",""
7268,2019-08-22T00:00:00,12:14:00,SEM VÍTIMA,FINALIZADA,SANTO AMARO,AV JOAO DE BARROS,694,RUA MAJOR CODECEIRA,OPOSTO 7º INSPETORIA DE CONTABILIDADE E FINANÇAS DO EXERCÍTO,AV JOAO DE BARROS,694,OPOSTO 7º INSPETORIA DE CONTABILIDADE E FINANÇAS DO EXERCÍTO,SANTO AMARO,,CIDADE,ABALROAMENTO LONGITUDINAL,COLISÃO SEM VÍTIMA,2,,,,,,,,,0,,Longo da via,Bom,Não existe,Perfeito estado,Seca,Perfeito estado,Outros,R-6a,"",Única,Faixa seccionada,"",""
7269,2019-08-22T00:00:00,12:48:00,SEM VÍTIMA,FINALIZADA,BOA VIAGEM,AV ENGENHEIRO DOMINGOS FERREIRA,"","",LAÇA BURGUER,AV ENGENHEIRO DOMINGOS FERREIRA,"",LAÇA BURGUER,BOA VIAGEM,,SUBURBIO,COLISÃO TRASEIRA,"COLISÃO SEM VÍTIMA, VT 01, APOIO NA ÁREA 04 EM VIRTUDE DA FALTA DE EFETIVO NA ÁREA 04.",3,,,,,,,,,0,,Longo da via,Nublado,Não existe,Perfeito estado,Seca,Perfeito estado,Não existe,"",60 km/h,Única,Faixa contínua,Faixa seccionada,""