_id,DATA,hora,natureza_acidente,situacao,bairro,endereco,numero,detalhe_endereco_acidente,complemento,endereco_cruzamento,numero_cruzamento,referencia_cruzamento,bairro_cruzamento,num_semaforo,sentido_via,tipo,descricao,auto,moto,ciclom,ciclista,pedestre,onibus,caminhao,viatura,outros,vitimas,vitimasfatais,acidente_verificado,tempo_clima,situacao_semaforo,sinalizacao,condicao_via,conservacao_via,ponto_controle,situacao_placa,velocidade_max_via,mao_direcao,divisao_via1,divisao_via2,divisao_via3
7270,2019-08-22T00:00:00,12:56:00,SEM VÍTIMA,FINALIZADA,DERBY,AV ENGENHEIRO AGAMENON DE MAGALHAES MELO,"",RUA HENRIQUE DIAS,PRÓXIMO A FARMACIA PAGUE MENOS,AV ENGENHEIRO AGAMENON DE MAGALHAES MELO,"",PRÓXIMO A FARMACIA PAGUE MENOS,DERBY,68,"",COLISÃO TRASEIRA,COLISÃO SEM VÍTIMA,2,,,,,,,,,0,,Cruzamento,Bom,Sem defeito,Perfeito estado,Seca,Perfeito estado,Agente,"",60 km/h,Dupla,Canal,"",""
7271,2019-08-22T00:00:00,13:05:00,SEM VÍTIMA,FINALIZADA,BOA VIAGEM,AV ENGENHEIRO DOMINGOS FERREIRA,"","",E/F AO CLINICAL CENTER S/T PIEDADE,AV ENGENHEIRO DOMINGOS FERREIRA,"",E/F AO CLINICAL CENTER S/T PIEDADE,BOA VIAGEM,,"",COLISÃO,COLISAO ENTRE ONIBUS E AUTO S/V,1,,,,,1,,,,0,,"","","","","","","","","","","","",""
7272,2019-08-22T00:00:00,13:07:00,SEM VÍTIMA,FINALIZADA,SANTO AMARO,AV GOVERNADOR AGAMENON MAGALHAES,"",RUA ODORICO MENDES,APÓS O SEMÁFORO,AV GOVERNADOR AGAMENON MAGALHAES,"",APÓS O SEMÁFORO,SANTO AMARO,49,CIDADE,ABALROAMENTO LONGITUDINAL,COLISÃO SEM VÍTIMA,1,1,,,,,,,,0,,Longo da via,Bom,Sem defeito,Perfeito estado,Seca,Perfeito estado,Faixa de pedestre,Outras,60 km/h,Dupla,Canal,"",""
7273,2019-08-22T00:00:00,13:36:00,SEM VÍTIMA,FINALIZADA,ESPINHEIRO,RUA BARAO DE ITAMARACA,27,"",AO LADO DO SUPERMECADO SOBERANDO,RUA BARAO DE ITAMARACA,27,AO LADO DO SUPERMECADO SOBERANDO,ESPINHEIRO,464,"",ABALROAMENTO LONGITUDINAL,COLISAO SEM VITIMAS,2,,,,,,,,,0,,Longo da via,Bom,Sem defeito,Perfeito estado,Seca,Perfeito estado,Faixa de pedestre,R-6a,"",Dupla,Faixa contínua,Faixa seccionada,""
7274,2019-08-22T00:00:00,15:09:00,SEM VÍTIMA,FINALIZADA,BOA VIAGEM,AV CONSELHEIRO AGUIAR,"","",PROXIMO AO GALETO DO PEQUIN,AV CONSELHEIRO AGUIAR,"",PROXIMO AO GALETO DO PEQUIN,BOA VIAGEM,2,"",COLISÃO,COLISAO SEM VITIMAS,1,,,,,1,,,,0,,"","","","","","","","","","","","",""
7275,2019-08-22T00:00:00,15:09:00,SEM VÍTIMA,FINALIZADA,ILHA DO LEITE,RUA MARQUES AMORIM,"",RUA ESPERANTO,"",RUA MARQUES AMORIM,"","",ILHA DO LEITE,,CIDADE,ABALROAMENTO LONGITUDINAL,COLISÃO SEM VÍTIMA,3,,,,,,,,,0,,Cruzamento,Bom,Não existe,Não existente,Seca,Mal conservada,Não existe,Não há placas,"",Única,Não existe,"",""
7276,2019-08-22T00:00:00,15:12:00,SEM VÍTIMA,FINALIZADA,DERBY,AV GOVERNADOR AGAMENON MAGALHAES,"","",EM FRENTE A PRAÇA DO DERBY/ SENTIDO BOA VIAGEM,AV GOVERNADOR AGAMENON MAGALHAES,"",EM FRENTE A PRAÇA DO DERBY/ SENTIDO BOA VIAGEM,DERBY,75,"",COLISÃO TRASEIRA,COLISÃO SEM VÍTIMA,2,,,,,,,,,0,,Longo da via,Bom,Sem defeito,Perfeito estado,Seca,Perfeito estado,Faixa de pedestre,Outras,60 km/h,Dupla,Não existe,"",""
7277,2019-08-22T00:00:00,15:39:00,SEM VÍTIMA,FINALIZADA,ILHA DO RETIRO,RUA TABAIARES,260,"",AO LADO DO SEBRAE,RUA TABAIARES,260,AO LADO DO SEBRAE,ILHA DO RETIRO,,CIDADE,ABALROAMENTO LONGITUDINAL,COLISAO ENTRE DOIS AUTOS S/V,1,,,,,,,,1,0,,Longo da via,Bom,Não existe,Perfeito estado,Seca,Perfeito estado,Faixa de pedestre,Outras,"",Única,Faixa seccionada,"",""
7278,2019-08-22T00:00:00,16:10:00,SEM VÍTIMA,FINALIZADA,BOA VIAGEM,AV DES JOSE NEVES,"","","",AV DES JOSE NEVES,"","",BOA VIAGEM,,SUBURBIO,COLISÃO TRASEIRA,"COLISÃO SEM VITIMA...O VEICULO PEGOU FOGO DENTRO DO TUNEL, A EQUIPE DE BOMBEIROS FOI ACIONADA",2,,,,,,,,,0,,Longo da via,Bom,Não existe,Perfeito estado,Seca,Perfeito estado,Não existe,Não há placas,"",Única,Não existe,"",""
7279,2019-08-22T00:00:00,17:34:00,SEM VÍTIMA,FINALIZADA,SANTO AMARO,AV NORTE,"",AV CRUZ CABUGA,AO LADO DA CASA DA INDÚSTRIA,AV NORTE,"",AO LADO DA CASA DA INDÚSTRIA,SANTO AMARO,,"",CHOQUE OBJETO FIXO,CAMINHÃO X ÁRVORE - NÃO HOUVE DANOS NO CAMINHÃO E O MESMO SE EVADIU DO LOCAL.,,,,,,,,,,0,,"","","","","","","","","","","","",""
7280,2019-08-22T00:00:00,17:37:00,COM VÍTIMA,FINALIZADA,ESPINHEIRO,RUA ALBERTO PAIVA,213,"",BOUTIQUE. mind senglish school,RUA ALBERTO PAIVA,213,BOUTIQUE. mind senglish school,ESPINHEIRO,360,SUBURBIO,COLISÃO TRASEIRA,COLISÃO COM VITIMA,1,1,,,,,,,,1,,Longo da via,Bom,Sem defeito,Perfeito estado,"",Mal conservada,Faixa de pedestre,Outras,"",Única,Faixa contínua,"",""
7281,2019-08-22T00:00:00,18:05:00,SEM VÍTIMA,FINALIZADA,SANTO AMARO,AV GOVERNADOR AGAMENON MAGALHAES,"","",SEMÁFORO 379,AV GOVERNADOR AGAMENON MAGALHAES,"",SEMÁFORO 379,SANTO AMARO,379,"",COLISÃO TRASEIRA,ENTRE 2 AUTOS. S/V,2,,,,,,,,,0,,Longo da via,Bom,Sem defeito,Perfeito estado,Seca,Perfeito estado,Faixa de pedestre,R-6a,60 km/h,Dupla,Canteiro central,"",""
7282,2019-08-22T00:00:00,18:21:00,SEM VÍTIMA,CANCELADA,ESPINHEIRO,AV CONS ROSA E SILVA,327,"",E/F A DROGASIL,AV CONS ROSA E SILVA,327,E/F A DROGASIL,ESPINHEIRO,,"",COLISÃO,ENTRE 2 AUTOS. S/V,,,,,,,,,,0,,"","","","","","","","","","","","",""
7283,2019-08-22T00:00:00,18:27:00,SEM VÍTIMA,FINALIZADA,IMBIRIBEIRA,RUA ITACARI,"",RUA IZABEL DE SOUZA,"",RUA ITACARI,"","",IMBIRIBEIRA,,SUBURBIO,COLISÃO TRASEIRA,AUTO PASSEIO X MOTO S/V,1,1,,,,,,,,0,,Cruzamento,Bom,Não existe,Perfeito estado,Seca,Perfeito estado,Não existe,Não há placas,"",Única,Faixa seccionada,"",""
7284,2019-08-22T00:00:00,18:53:00,SEM VÍTIMA,FINALIZADA,SANTO ANTÔNIO,AV MARTINS DE BARROS,"",RUA SIQUEIRA CAMPOS,POSTE ILUMINAÇÃO PÚBLICA Nº B012228,AV MARTINS DE BARROS,"",POSTE ILUMINAÇÃO PÚBLICA Nº B012228,SANTO ANTÔNIO,,SUBURBIO,ABALROAMENTO TRANSVERSAL,ENTRE DOIS AUTO S/V,2,,,,,,,,,0,,"",Chuvoso,Não existe,Perfeito estado,Molhada,Perfeito estado,Não existe,Não há placas,"",Única,Faixa seccionada,"",""
7285,2019-08-22T00:00:00,19:11:00,SEM VÍTIMA,FINALIZADA,PRADO,AV ENGENHEIRO ABDIAS DE CARVALHO,"","",E/F A MCDONALDS,AV ENGENHEIRO ABDIAS DE CARVALHO,"",E/F A MCDONALDS,PRADO,,SUBURBIO,COLISÃO TRASEIRA,ENTRE 2 AUTOS. S/V,2,,,,,,,,,0,,Longo da via,Chuvoso,Sem defeito,Perfeito estado,Molhada,Perfeito estado,Não existe,Outras,"",Dupla,Canteiro central,"",""
7286,2019-08-22T00:00:00,19:35:00,SEM VÍTIMA,CANCELADA,IMBIRIBEIRA,AV MARECHAL MASCARENHAS DE MORAES,"","",EM FRENTE AO CLUBE DOS RODOVIARIOS,AV MARECHAL MASCARENHAS DE MORAES,"",EM FRENTE AO CLUBE DOS RODOVIARIOS,IMBIRIBEIRA,,CIDADE,COLISÃO,AUTO PASSEIO X CAMINHÃO S/V,1,,,,,,1,,,0,,"","","","","","","","","","","","",""
7287,2019-08-22T00:00:00,19:56:00,SEM VÍTIMA,CANCELADA,PINA,VIADUTO CAPITAO TEMUDO,"","",ACIDENTE NA PONTE QUE DAR ACESSO AO PINA E AO SHOPPING RIOMAR,VIADUTO CAPITAO TEMUDO,"",ACIDENTE NA PONTE QUE DAR ACESSO AO PINA E AO SHOPPING RIOMAR,PINA,,SUBURBIO,COLISÃO,DOIS AUTOS,2,,,,,,,,,0,,"","","","","","","","","","","","",""
7288,2019-08-22T00:00:00,20:48:00,SEM VÍTIMA,FINALIZADA,CABANGA,PTE GOVERNADOR PAULO GUERRA,"","",DE FRONTE A COMPESA,PTE GOVERNADOR PAULO GUERRA,"",DE FRONTE A COMPESA,CABANGA,662,SUBURBIO,COLISÃO TRASEIRA,ENTRE 2 AUTOS. S/V,1,,,,,,,,,0,,Longo da via,Bom,Sem defeito,Perfeito estado,Seca,Perfeito estado,Não existe,Não há placas,"",Única,Faixa contínua,"",""
7289,2019-08-22T00:00:00,21:34:00,SEM VÍTIMA,CANCELADA,APIPUCOS,RUA DE APIPUCOS,"","",EM FRENTE A CAMATEX,RUA DE APIPUCOS,"",EM FRENTE A CAMATEX,APIPUCOS,,"",CHOQUE OBJETO FIXO,VEICULO COLIDE COM POSTE,1,,,,,,,,,0,,"","","","","","","","","","","","",""
7290,2019-08-22T00:00:00,23:16:00,SEM VÍTIMA,CANCELADA,SÃO JOSÉ,RUA RIO CAPIBARIBE,"","",LATERAL DA CASA DA CULTURA,RUA RIO CAPIBARIBE,"",LATERAL DA CASA DA CULTURA,SÃO JOSÉ,,"",COLISÃO,ENTRE 2 AUTOS. S/V,2,,,,,,,,,0,,"","","","","","","","","","","","",""
7291,2019-08-22T00:00:00,23:47:00,SEM VÍTIMA,FINALIZADA,IMBIRIBEIRA,AV MARECHAL MASCARENHAS DE MORAES,4900,"",EM FRENTE 4900 ( POSTO SHELL),AV MARECHAL MASCARENHAS DE MORAES,4900,EM FRENTE 4900 ( POSTO SHELL),IMBIRIBEIRA,,SUBURBIO,ABALROAMENTO LONGITUDINAL,ENTRE 2 AUTOS. S/V,2,,,,,,,,,0,,Longo da via,Chuvoso,Não existe,Perfeito estado,Molhada,Perfeito estado,Não existe,Outras,"",Dupla,Canteiro central,"",""
7292,2019-08-23T00:00:00,00:27:00,SEM VÍTIMA,FINALIZADA,CURADO,RUA MINISTRO MARIO ANDREAZZA,"",AV PREFEITO ANTONIO PEREIRA,"",RUA MINISTRO MARIO ANDREAZZA,"","",CURADO,,SUBURBIO,ABALROAMENTO TRANSVERSAL,COLISÃO ENTRE DOIS ÔNIBUS,,,,,,2,,,,0,,"",Chuvoso,Não existe,Perfeito estado,Molhada,Perfeito estado,"","","",Dupla,Canteiro central,"",""
7293,2019-08-23T00:00:00,00:49:00,SEM VÍTIMA,FINALIZADA,MADALENA,RUA BENFICA,"",RUA DR SEVERINO PINHEIRO,"",RUA BENFICA,"","",MADALENA,590,CIDADE,ABALROAMENTO TRANSVERSAL,COLISÃO ENTRE DOIS AUTOS S/V,2,,,,,,,,,0,,Cruzamento,Chuvoso,Sem defeito,Perfeito estado,Molhada,Perfeito estado,Faixa de pedestre,Não há placas,"",Única,Faixa seccionada,"",""
7294,2019-08-23T00:00:00,01:28:00,SEM VÍTIMA,FINALIZADA,PINA,AV ENGENHEIRO DOMINGOS FERREIRA,"",RUA PEREIRA DA COSTA,"",AV ENGENHEIRO DOMINGOS FERREIRA,"","",PINA,142,SUBURBIO,ABALROAMENTO TRANSVERSAL,COLISÃO ENTRE DOIS AUTOS S/V,2,,,,,,,,,0,,Cruzamento,Chuvoso,Sem defeito,Perfeito estado,Molhada,Perfeito estado,Faixa de pedestre,Outras,"",Dupla,Canteiro central,"",""
7295,2019-08-23T00:00:00,06:21:00,COM VÍTIMA,FINALIZADA,PINA,AV BOA VIAGEM,100,"",EM FRENTE AO EDF MARIA KARLA,AV BOA VIAGEM,100,EM FRENTE AO EDF MARIA KARLA,PINA,,CIDADE,ABALROAMENTO LONGITUDINAL,COLISÃO COM UMA VÍTIMA SENDO SOCORRIDA PELOS BOMBEIROS.,1,1,,,,,,,,1,,Longo da via,Bom,Não existe,Perfeito estado,Seca,Perfeito estado,Não existe,Outras,"",Única,Faixa seccionada,"",""
7296,2019-08-23T00:00:00,07:12:00,SEM VÍTIMA,FINALIZADA,ILHA DO RETIRO,RUA BENFICA,126,"",AO LADO DO BATALHÃO DO CHOQUE,RUA BENFICA,126,AO LADO DO BATALHÃO DO CHOQUE,ILHA DO RETIRO,,CIDADE,COLISÃO TRASEIRA,SEM VITIMAS,1,,,,,1,,,,0,,Longo da via,Bom,Não existe,Perfeito estado,Seca,Perfeito estado,Não existe,R-6a,"",Única,Faixa seccionada,"",""
7297,2019-08-23T00:00:00,07:26:00,SEM VÍTIMA,DUPLICIDADE,ILHA DO RETIRO,AV BEIRA RIO,"","",APOS O TUNEL CHICO SCIENCE EM FRENTE AO CARTORIO,AV BEIRA RIO,"",APOS O TUNEL CHICO SCIENCE EM FRENTE AO CARTORIO,ILHA DO RETIRO,,"",COLISÃO,COLISÃO SEM VITIMAS,2,,,,,,,,,0,,"","","","","","","","","","","","",""
7298,2019-08-26T00:00:00,11:18:00,COM VÍTIMA,FINALIZADA,"",RUA PROFESSOR JOAQUIM XAVIER DE BRITO,134,"",PRÓXIMO AO CANAL DO CAVUCO,RUA PROFESSOR JOAQUIM XAVIER DE BRITO,134,PRÓXIMO AO CANAL DO CAVUCO,"",134,CIDADE,ABALROAMENTO LONGITUDINAL,COLISÃO COM VÍTIMA ENTRE QUATRO VEÍCULOS,4,,,,,,,,,1,,Longo da via,Bom,Sem defeito,Perfeito estado,Seca,Perfeito estado,Faixa de pedestre,Outras,"",Dupla,Canteiro central,"",""
7299,2019-08-23T00:00:00,08:33:00,SEM VÍTIMA,CANCELADA,IPSEP,RUA JEAN EMILE FAVRE,581,"",PROX DA ESCOLA ELEONOR ROSE VELT / EM FRENTE A PRAÇA DA MAURICEIA,RUA JEAN EMILE FAVRE,581,PROX DA ESCOLA ELEONOR ROSE VELT / EM FRENTE A PRAÇA DA MAURICEIA,IPSEP,,"",COLISÃO,AUTO E CAMINHAO,1,,,,,,1,,,0,,"","","","","","","","","","","","",""
7300,2019-08-23T00:00:00,08:55:00,SEM VÍTIMA,FINALIZADA,AREIAS,RUA PADRE NOBREGA,332,RUA PADRE DIOGO RODRIGUES,"",RUA PADRE NOBREGA,332,"",AREIAS,,SUBURBIO,ABALROAMENTO LONGITUDINAL,SEM VITIMAS,2,,,,,,,,,0,,Longo da via,Bom,Não existe,Perfeito estado,Seca,Perfeito estado,Não existe,Não há placas,"",Dupla,Não existe,"",""
7301,2019-08-23T00:00:00,09:42:00,SEM VÍTIMA,FINALIZADA,MADALENA,RUA BENFICA,"",RUA PROFESSOR BENEDITO MONTEIRO,CLUBE INTERNACIONAL,RUA BENFICA,"",CLUBE INTERNACIONAL,MADALENA,,SUB/CID,ABALROAMENTO LONGITUDINAL,VIATURA PM / AUTO PASSAEIO,1,,,,,1,,,,0,,Cruzamento,Bom,Não existe,Perfeito estado,Seca,Perfeito estado,Outros,Não há placas,"",Única,"","",""
7302,2019-08-23T00:00:00,09:53:00,SEM VÍTIMA,FINALIZADA,TAMARINEIRA,RUA PADRE ROMA,107,"",EM FRENTE AO Nº 107,RUA PADRE ROMA,107,EM FRENTE AO Nº 107,TAMARINEIRA,61,SUBURBIO,COLISÃO TRASEIRA,COLISÃO SEM VITIMAS,1,1,,,,,,,,0,,Longo da via,Bom,Sem defeito,Perfeito estado,Seca,Perfeito estado,Não existe,Não há placas,"",Dupla,Canteiro central,"",""
7303,2019-08-23T00:00:00,10:54:00,SEM VÍTIMA,CANCELADA,BOA VIAGEM,AV ENGENHEIRO DOMINGOS FERREIRA,1914,"",EM FRENTE A LOJA ABITARE,AV ENGENHEIRO DOMINGOS FERREIRA,1914,EM FRENTE A LOJA ABITARE,BOA VIAGEM,,"",COLISÃO,COLISÃO SEM VITIMAS,2,,,,,,,,,0,,"","","","","","","","","","","","",""
7304,2019-08-23T00:00:00,11:19:00,SEM VÍTIMA,CANCELADA,BOA VIAGEM,RUA PADRE BERNADINO PESSOA,110,"",NO INICIO DA VIA MANGUE,RUA PADRE BERNADINO PESSOA,110,NO INICIO DA VIA MANGUE,BOA VIAGEM,,"",COLISÃO,SEM VITIMAS,2,,,,,,,,,0,,"","","","","","","","","","","","",""
7305,2019-08-23T00:00:00,12:12:00,SEM VÍTIMA,FINALIZADA,TAMARINEIRA,AV NORTE,3538,"","",AV NORTE,3538,"",TAMARINEIRA,,SUBURBIO,ABALROAMENTO LONGITUDINAL,COLISÃO SEM VÍTIMA,1,,,,,1,,,,0,,Longo da via,Bom,Não existe,Perfeito estado,Seca,Perfeito estado,Não existe,Outras,60 km/h,Dupla,Canteiro central,"",""
7306,2019-08-23T00:00:00,12:20:00,SEM VÍTIMA,FINALIZADA,BOA VIAGEM,RUA PADRE BERNADINO PESSOA,392,RUA POETA ZEZITO NEVES,"",RUA PADRE BERNADINO PESSOA,392,"",BOA VIAGEM,,SUBURBIO,ABALROAMENTO LONGITUDINAL,COLISÃO SEM VÍTIMA,2,,,,,,,,,0,,"",Bom,Não existe,Perfeito estado,Seca,Perfeito estado,Não existe,Outras,"",Única,"","",""
7307,2019-08-23T00:00:00,12:23:00,SEM VÍTIMA,FINALIZADA,MADALENA,RUA RODOLFO RANGEL MOREIRA,"","",AO LADO DA FARMACIA PAGUE MENOS,RUA RODOLFO RANGEL MOREIRA,"",AO LADO DA FARMACIA PAGUE MENOS,MADALENA,,"",ABALROAMENTO LONGITUDINAL,COLISAO ENTRE TAXI E AUTO S/V,2,,,,,,,,,0,,Longo da via,Bom,Não existe,Perfeito estado,Seca,Perfeito estado,Não existe,Não há placas,"",Dupla,Não existe,"",""
7308,2019-08-23T00:00:00,12:51:00,SEM VÍTIMA,FINALIZADA,PINA,AV ANTONIO DE GOES,820,"",EM FRENTE AO DNIT,AV ANTONIO DE GOES,820,EM FRENTE AO DNIT,PINA,103,CIDADE,COLISÃO TRASEIRA,ENTRE DOIS AUTO S/V,2,,,,,,,,,0,,Longo da via,Bom,Sem defeito,Perfeito estado,Seca,Perfeito estado,Agente,Outras,60 km/h,Única,Faixa contínua,Faixa seccionada,Canteiro central
7309,2019-08-23T00:00:00,12:54:00,SEM VÍTIMA,FINALIZADA,MADALENA,RUA BENFICA,"","",LADO OPOSTO AO MUSEU DA ABOLIÇÃO,RUA BENFICA,"",LADO OPOSTO AO MUSEU DA ABOLIÇÃO,MADALENA,,CIDADE,ABALROAMENTO LONGITUDINAL,COLISÃO SEM VÍTIMA,1,,,,,,,1,,0,,Longo da via,Bom,Não existe,Perfeito estado,Seca,Perfeito estado,Não existe,R-6a,"",Dupla,Faixa contínua,"",""
7310,2019-08-23T00:00:00,13:23:00,SEM VÍTIMA,FINALIZADA,MADALENA,RUA BENFICA,3629,"",EM FRENTE AO CLUBE PORTUGUES,RUA BENFICA,3629,EM FRENTE AO CLUBE PORTUGUES,MADALENA,629,CIDADE,ABALROAMENTO LONGITUDINAL,COLISAO ENTRE DOIS AUTOS S/V,2,,,,,,,,,0,,Longo da via,Bom,Sem defeito,Perfeito estado,Seca,Perfeito estado,"",R-6a,"",Única,Faixa contínua,"",""
7311,2019-08-23T00:00:00,13:27:00,SEM VÍTIMA,CANCELADA,IPUTINGA,RUA EMILIANO BRAGA,584,"",EM FRENTE AO EDIFICIO MARTA,RUA EMILIANO BRAGA,584,EM FRENTE AO EDIFICIO MARTA,IPUTINGA,,"",COLISÃO,COLISÃO SEM VÍTIMA,2,,,,,,,,,0,,"","","","","","","","","","","","",""
7312,2019-08-23T00:00:00,14:10:00,SEM VÍTIMA,FINALIZADA,TAMARINEIRA,AV NORTE,3538,"","",AV NORTE,3538,"",TAMARINEIRA,,SUBURBIO,COLISÃO TRASEIRA,VEÍCULO CHOCOU-SE COM ÔNIBUS QUE ESTAVA ENVOLVIDO EM OUTRA OCORRÊNCIA.,1,,,,,1,,,,0,,Longo da via,Bom,Não existe,Perfeito estado,Seca,Perfeito estado,Não existe,Outras,60 km/h,Dupla,Canteiro central,"",""
7313,2019-08-23T00:00:00,14:50:00,SEM VÍTIMA,CANCELADA,IPUTINGA,RUA RIBEIRO PESSOA,10C,AV CAXANGA,AO LADO DA UPA DA CAXANGA,RUA RIBEIRO PESSOA,10C,AO LADO DA UPA DA CAXANGA,IPUTINGA,,"",COLISÃO,COLISAO ENTRE DOIS AUTOS S/V,2,,,,,,,,,0,,"","","","","","","","","","","","",""
7314,2019-08-23T00:00:00,14:58:00,SEM VÍTIMA,FINALIZADA,BOA VISTA,AV MANOEL BORBA,381,"",EDF SANTA EMILIA,AV MANOEL BORBA,381,EDF SANTA EMILIA,BOA VISTA,,SUBURBIO,COLISÃO TRASEIRA,COLISAO ENTRE DOIS AUTOS S/V,2,,,,,,,,,0,,Longo da via,Bom,Sem defeito,Perfeito estado,Seca,Perfeito estado,Não existe,Não há placas,"",Única,Não existe,"",""
7315,2019-08-23T00:00:00,15:17:00,SEM VÍTIMA,CANCELADA,BOA VIAGEM,RUA CORONEL ANIZIO RODRIGUES COELHO,"","",APOS O VIADUTO TANCREDO NEVES TERCEIRA RUA A DIREITA AO LADO DA PADARIA DELICATESSEN,RUA CORONEL ANIZIO RODRIGUES COELHO,"",APOS O VIADUTO TANCREDO NEVES TERCEIRA RUA A DIREITA AO LADO DA PADARIA DELICATESSEN,BOA VIAGEM,,"",COLISÃO,COLISAO ENTRE DOIS AUTOS S/V,2,,,,,,,,,0,,"","","","","","","","","","","","",""
7316,2019-08-23T00:00:00,15:26:00,SEM VÍTIMA,FINALIZADA,BAIRRO DO RECIFE,AV BEIRA RIO,"","",EM FRENTE AO FORUM RODOLFO AURELIANO,AV BEIRA RIO,"",EM FRENTE AO FORUM RODOLFO AURELIANO,BAIRRO DO RECIFE,,SUBURBIO,ABALROAMENTO LONGITUDINAL,AUTO PASSEIO X MOTO S/V,1,1,,,,,,,,0,,Longo da via,Bom,Não existe,Perfeito estado,Seca,Perfeito estado,Não existe,Não há placas,"",Dupla,Faixa contínua,"",""
7317,2019-08-23T00:00:00,15:46:00,SEM VÍTIMA,FINALIZADA,SANTO ANTÔNIO,PRC DA REPUBLICA,"","",SETOR DE ESTACIONAMENTO / LADO OPOSTO AO POSTE B 019369,PRC DA REPUBLICA,"",SETOR DE ESTACIONAMENTO / LADO OPOSTO AO POSTE B 019369,SANTO ANTÔNIO,,"",CHOQUE VEÍCULO PARADO,SEM VÍTIMA,4,,,,,,,,,0,,"",Bom,Não existe,Perfeito estado,Seca,Perfeito estado,"",Não há placas,30 km/h,Dupla,"","",""
7318,2019-08-23T00:00:00,16:24:00,SEM VÍTIMA,CANCELADA,BOA VIAGEM,RUA BELMONTE,233,1 TRV JUSTICA E PAZ,APOS A RUA DEZ DE JULHO SEGUNDA RUA A ESQUERDA NA RUA DO SUPERMERCADO DO CICERO,RUA BELMONTE,233,APOS A RUA DEZ DE JULHO SEGUNDA RUA A ESQUERDA NA RUA DO SUPERMERCADO DO CICERO,BOA VIAGEM,,"",COLISÃO,COLISAO ENTRE DOIS AUTOS S/V,2,,,,,,,,,0,,"","","","","","","","","","","","",""
7319,2019-08-23T00:00:00,17:38:00,SEM VÍTIMA,FINALIZADA,SANTO AMARO,RUA TREZE DE MAIO,"",RUA FREI CASSIMIRO,"",RUA TREZE DE MAIO,"","",SANTO AMARO,,SUBURBIO,ABALROAMENTO TRANSVERSAL,ENTRE DOIS AUTO S/V,2,,,,,,,,,0,,Cruzamento,Bom,Sem defeito,Perfeito estado,Seca,Perfeito estado,Não existe,Placas Pare,"",Dupla,Faixa seccionada,"",""
7320,2019-08-23T00:00:00,18:25:00,SEM VÍTIMA,FINALIZADA,SANTO AMARO,AV GOVERNADOR AGAMENON MAGALHAES,"","",JEEP,AV GOVERNADOR AGAMENON MAGALHAES,"",JEEP,SANTO AMARO,,SUBURBIO,COLISÃO TRASEIRA,ENTRE DOIS AUTO S/V,2,,,,,,,,,0,,Longo da via,Bom,Sem defeito,Perfeito estado,Seca,Perfeito estado,Faixa de pedestre,"",60 km/h,Única,Faixa seccionada,"",""
7321,2019-08-23T00:00:00,18:28:00,SEM VÍTIMA,FINALIZADA,GRAÇAS,RUA ALBERTO PAIVA,248,RUA DOZE DE OUTUBRO,CABINE BRECHO,RUA ALBERTO PAIVA,248,CABINE BRECHO,GRAÇAS,,SUBURBIO,ABALROAMENTO LONGITUDINAL,VOYAGEM X ONIS,2,,,,,,,,,0,,"",Chuvoso,Sem defeito,Perfeito estado,Molhada,Mal conservada,Faixa de pedestre,"",40 km/h,Única,"","",""
7322,2019-08-23T00:00:00,18:30:00,SEM VÍTIMA,CANCELADA,ILHA JOANA BEZERRA,AV BEIRA RIO,447,"",APÓS O VIADUTO DA JOANA BEZERRA,AV BEIRA RIO,447,APÓS O VIADUTO DA JOANA BEZERRA,ILHA JOANA BEZERRA,,SUBURBIO,COLISÃO,ENTRE DOIS AUTO S/V,2,,,,,,,,,0,,"","","","","","","","","","","","",""
7323,2019-08-23T00:00:00,20:59:00,SEM VÍTIMA,FINALIZADA,CAMPO GRANDE,RUA ALMIRANTE BARROSO,472,"",OPOSTO AO IMÓVEL Nº 472,RUA ALMIRANTE BARROSO,472,OPOSTO AO IMÓVEL Nº 472,CAMPO GRANDE,,"",CHOQUE VEÍCULO PARADO,ENTRE DOIS AUTO S/V (MOTORISTA EMBREAGADO NO LOCAL),2,,,,,,,,,0,,Longo da via,Chuvoso,Não existe,Perfeito estado,Molhada,Perfeito estado,"",Placas Pare,30 km/h,Dupla,Não existe,"",""
7324,2019-08-23T00:00:00,22:25:00,SEM VÍTIMA,FINALIZADA,DOIS UNIDOS,AV HILDEBRANDO DE VASCONCELOS,"","","",AV HILDEBRANDO DE VASCONCELOS,"","",DOIS UNIDOS,,"",COLISÃO FRONTAL,ENTRE DOIS AUTO S/V,2,,,,,,,,,0,,Longo da via,Chuvoso,Não existe,"",Molhada,Mal iluminada,Não existe,Outras,"",Dupla,Faixa contínua,"",""
7325,2019-08-24T00:00:00,08:00:00,COM VÍTIMA,FINALIZADA,IPUTINGA,AV CAXANGA,3222,"",EM FRENTE AO SUPERMERCADO ARCO IRIS,AV CAXANGA,3222,EM FRENTE AO SUPERMERCADO ARCO IRIS,IPUTINGA,,CIDADE,COLISÃO,MOTO E AUTO / MOTO FICOU CARBONIZADA,1,1,,,,,,,,1,,Longo da via,Bom,Sem defeito,Perfeito estado,Seca,Perfeito estado,"",Outras,"",Única,Canteiro central,Faixa seccionada,""