_id,DATA,hora,natureza_acidente,situacao,bairro,endereco,numero,detalhe_endereco_acidente,complemento,endereco_cruzamento,numero_cruzamento,referencia_cruzamento,bairro_cruzamento,num_semaforo,sentido_via,tipo,descricao,auto,moto,ciclom,ciclista,pedestre,onibus,caminhao,viatura,outros,vitimas,vitimasfatais,acidente_verificado,tempo_clima,situacao_semaforo,sinalizacao,condicao_via,conservacao_via,ponto_controle,situacao_placa,velocidade_max_via,mao_direcao,divisao_via1,divisao_via2,divisao_via3
7383,2019-08-26T00:00:00,14:19:00,SEM VÍTIMA,FINALIZADA,BONGI,AV CONSUL VILARES FRAGOSO,36,RUA DONA MARIA AUGUSTA NOGUEIRA,"",AV CONSUL VILARES FRAGOSO,36,"",BONGI,,"",ABALROAMENTO LONGITUDINAL,COLISÃO SEM VITIMA,2,,,,,,,,,0,,Cruzamento,Nublado,Não existe,Ilegível,Seca,Perfeito estado,Não existe,Não há placas,"","",Faixa seccionada,"",""
7384,2019-08-26T00:00:00,15:14:00,SEM VÍTIMA,FINALIZADA,TORRE,RUA JOSE BONIFACIO,"",RUA ITAPARICA,"",RUA JOSE BONIFACIO,"","",TORRE,,SUBURBIO,COLISÃO TRASEIRA,COLISAO ENTR AUTO E MOTO S/V,1,1,,,,,,,,0,,"",Bom,Não existe,Incompleta,Seca,Perfeito estado,"",Não há placas,"","","","",""
7385,2019-08-26T00:00:00,16:23:00,SEM VÍTIMA,CANCELADA,ILHA DO RETIRO,RUA SPORT CLUBE DO RECIFE,"","",E/F AO SPORT CLUBE DO RECIFE S/T CID,RUA SPORT CLUBE DO RECIFE,"",E/F AO SPORT CLUBE DO RECIFE S/T CID,ILHA DO RETIRO,,"",COLISÃO,COLISAO ENTRE DOIS AUTOS S/V,2,,,,,,,,,0,,"","","","","","","","","","","","",""
7386,2019-08-26T00:00:00,16:35:00,SEM VÍTIMA,FINALIZADA,DERBY,AV GOVERNADOR AGAMENON MAGALHAES,"","",PRAÇA DO DERBY,AV GOVERNADOR AGAMENON MAGALHAES,"",PRAÇA DO DERBY,DERBY,75,SUBURBIO,COLISÃO TRASEIRA,COLISÃO SEM VITIMA,1,,,,,1,,,,0,,Cruzamento,Bom,Sem defeito,Perfeito estado,Seca,Perfeito estado,Agente,"",60 km/h,Única,Canal,"",""
7387,2019-08-26T00:00:00,16:37:00,SEM VÍTIMA,FINALIZADA,BOA VIAGEM,RUA SYLO BITTENCOURT,94,"","",RUA SYLO BITTENCOURT,94,"",BOA VIAGEM,,SUBURBIO,ABALROAMENTO TRANSVERSAL,COLISAO ENTRE DOIS AUTOS S/V,2,,,,,,,,,0,,Longo da via,Bom,Não existe,Perfeito estado,Seca,Perfeito estado,Não existe,Não há placas,"","",Não existe,"",""
7388,2019-08-26T00:00:00,17:26:00,SEM VÍTIMA,CANCELADA,AFOGADOS,RUA DA PAZ,75,"",EM FRENTE A FABRICA ASA/ LUMIAÇO,RUA DA PAZ,75,EM FRENTE A FABRICA ASA/ LUMIAÇO,AFOGADOS,,"",COLISÃO,COLISÃO SEM VITIMA,2,,,,,,,,,0,,"","","","","","","","","","","","",""
7389,2019-08-26T00:00:00,18:41:00,COM VÍTIMA,FINALIZADA,TORRE,AV BEIRA RIO,1305,RUA DOMINGOS DE BARROS MELO,PRAÇA JOSÉ SALES // PROX AO MARTELINHO DE OURO,AV BEIRA RIO,1305,PRAÇA JOSÉ SALES // PROX AO MARTELINHO DE OURO,TORRE,,"",COLISÃO TRASEIRA,MOTO X CLIO,1,1,,,,,,,,1,,Esquina,Bom,Não existe,Perfeito estado,Seca,Perfeito estado,Não existe,Outras,"",Dupla,Faixa contínua,"",""
7390,2019-08-26T00:00:00,18:59:00,SEM VÍTIMA,FINALIZADA,SAN MARTIN,AV GENERAL SAN MARTIN,"","",TERMINAL DE SAN MARTIN,AV GENERAL SAN MARTIN,"",TERMINAL DE SAN MARTIN,SAN MARTIN,,SUBURBIO,COLISÃO TRASEIRA,02 AUTOS SEM VÍTIMAS,2,,,,,,,,,0,,Longo da via,Chuvoso,Não existe,Perfeito estado,Molhada,Perfeito estado,Outros,Outras,"",Dupla,Faixa contínua,"",""
7391,2019-08-26T00:00:00,19:00:00,COM VÍTIMA,FINALIZADA,IMBIRIBEIRA,VIADUTO TANCREDO NEVES,"","","POR CIMA DO VIADUTO TANCREDO NEVES, SNT BV",VIADUTO TANCREDO NEVES,"","POR CIMA DO VIADUTO TANCREDO NEVES, SNT BV",IMBIRIBEIRA,,BOA VIAGEM,ABALROAMENTO LONGITUDINAL,ENTRE AUTO E MOTO. C/V,1,1,,,,,,,,1,,Longo da via,Bom,Não existe,Perfeito estado,Seca,Perfeito estado,"",Não há placas,60 km/h,"",Faixa seccionada,"",""
7392,2019-08-26T00:00:00,19:02:00,SEM VÍTIMA,FINALIZADA,SANTO AMARO,AV NORTE,"","","",AV NORTE,"","",SANTO AMARO,243,CIDADE,COLISÃO TRASEIRA,DOIS AUTO OBS. BATEDORES NO LOCAL 27 X 17,2,,,,,,,,,0,,Cruzamento,Bom,Sem defeito,Perfeito estado,Seca,Perfeito estado,Faixa de pedestre,Outras,60 km/h,Dupla,Canteiro central,"",""
7393,2019-08-26T00:00:00,19:06:00,SEM VÍTIMA,FINALIZADA,ILHA DO RETIRO,AV ENGENHEIRO ABDIAS DE CARVALHO,"","",SUBSTAÇÃO DA CELPE ILHA DO RETIRO ( LADO OPOSTO A MC DONALDS),AV ENGENHEIRO ABDIAS DE CARVALHO,"",SUBSTAÇÃO DA CELPE ILHA DO RETIRO ( LADO OPOSTO A MC DONALDS),ILHA DO RETIRO,,CIDADE,COLISÃO TRASEIRA,COLISAO ENTRE DOIS AUTOS S/V,2,,,,,,,,,0,,Longo da via,Bom,Não existe,Perfeito estado,Seca,Perfeito estado,Não existe,Não há placas,"",Única,Faixa seccionada,Canteiro central,""
7394,2019-08-26T00:00:00,19:14:00,SEM VÍTIMA,FINALIZADA,GRAÇAS,RUA DAS GRACAS,366,"",FARMÁCIA DROGA FÁCIL,RUA DAS GRACAS,366,FARMÁCIA DROGA FÁCIL,GRAÇAS,,CIDADE,ABALROAMENTO LONGITUDINAL,GOL X NISSAN VERSA,2,,,,,,,,,0,,Longo da via,Chuvoso,Não existe,Perfeito estado,Molhada,Perfeito estado,"",Não há placas,"",Dupla,Faixa contínua,"",""
7395,2019-08-26T00:00:00,20:20:00,SEM VÍTIMA,FINALIZADA,IPSEP,AV RECIFE,"","",AO LADO DO POSTE B 023690,AV RECIFE,"",AO LADO DO POSTE B 023690,IPSEP,,SUBURBIO,ABALROAMENTO LONGITUDINAL,AUTO X CAMINHÃO. S/V,1,,,,,,1,,,0,,Longo da via,Bom,Não existe,Perfeito estado,Seca,Perfeito estado,Não existe,Não há placas,"",Dupla,Canteiro central,"",""
7396,2019-08-26T00:00:00,20:24:00,SEM VÍTIMA,FINALIZADA,CAMPO GRANDE,RUA JERONIMO VILELA,"",RUA DR MACHADO,"",RUA JERONIMO VILELA,"","",CAMPO GRANDE,565,SUBURBIO,ABALROAMENTO LONGITUDINAL,MOTO X AUTO,1,1,,,,,,,,0,,Cruzamento,Bom,Sem defeito,Perfeito estado,Seca,Perfeito estado,Faixa de pedestre,Não há placas,"",Dupla,Faixa seccionada,"",""
7397,2019-08-26T00:00:00,20:32:00,SEM VÍTIMA,FINALIZADA,AFOGADOS,RUA VISCONDE DE PELOTAS,"",RUA VINTE E UM DE ABRIL,SEMÁFORO 334,RUA VISCONDE DE PELOTAS,"",SEMÁFORO 334,AFOGADOS,334,SUBURBIO,ABALROAMENTO LONGITUDINAL,CAMINHAO DA VITAL X ONIX,1,,,,,,1,,,0,,"",Bom,Sem defeito,Perfeito estado,Seca,Perfeito estado,Faixa de pedestre,Não há placas,"",Única,Não existe,"",""
7398,2019-08-27T00:00:00,08:19:00,SEM VÍTIMA,CANCELADA,SANTO AMARO,AV CRUZ CABUGA,"","",LADO OPOSTO À IGREJA ASSEMBLÉIA DE DEUS NOVAS DE PAZ,AV CRUZ CABUGA,"",LADO OPOSTO À IGREJA ASSEMBLÉIA DE DEUS NOVAS DE PAZ,SANTO AMARO,,OLINDA,COLISÃO,COLISÃO SEM VITIMA,,,,,,,,,,0,,"","","","","","","","","","","","",""
7399,2019-08-27T00:00:00,08:54:00,SEM VÍTIMA,FINALIZADA,MADALENA,RUA ARNALDO BASTOS,"",RUA DEMOCRITO DE SOUZA FILHO,"",RUA ARNALDO BASTOS,"","",MADALENA,,SUBURBIO,ABALROAMENTO TRANSVERSAL,SEM VITIMAS,2,,,,,,,,,0,,Longo da via,Bom,Não existe,Perfeito estado,Seca,Perfeito estado,Não existe,R-6a,"",Única,Não existe,"",""
7400,2019-08-27T00:00:00,08:58:00,SEM VÍTIMA,FINALIZADA,CORDEIRO,RUA GREGORIO JUNIOR,178,RUA HONORIO CORREIA,LADO OPOSTO AO IMÉRIO DO AÇAÍ,RUA GREGORIO JUNIOR,178,LADO OPOSTO AO IMÉRIO DO AÇAÍ,CORDEIRO,,"",ABALROAMENTO LONGITUDINAL,DOIS AUTOS,2,,,,,,,,,0,,Cruzamento,Bom,Não existe,Perfeito estado,Seca,Perfeito estado,Não existe,Não há placas,"",Única,Faixa contínua,"",""
7401,2019-08-27T00:00:00,09:12:00,SEM VÍTIMA,FINALIZADA,PINA,RUA IVONETE FERREIRA DA SILVA,4,"",CONJUNTO HABITACIONAL BRASILIA TEIMOSA,RUA IVONETE FERREIRA DA SILVA,4,CONJUNTO HABITACIONAL BRASILIA TEIMOSA,PINA,,CIDADE,COLISÃO TRASEIRA,DOIS AUTOS,2,,,,,,,,,0,,Longo da via,Bom,Não existe,Perfeito estado,Seca,Perfeito estado,Não existe,Não há placas,"",Dupla,Não existe,"",""
7402,2019-08-27T00:00:00,09:32:00,COM VÍTIMA,FINALIZADA,CORDEIRO,RUA DR MIGUEL VIEIRA FERREIRA,114,"",EM FRENTE A LOJA SERV PRINT,RUA DR MIGUEL VIEIRA FERREIRA,114,EM FRENTE A LOJA SERV PRINT,CORDEIRO,,SUBURBIO,ATROPELAMENTO,AUTO E PEDESTRE.,1,,,,1,,,,,1,,Longo da via,Bom,Não existe,Perfeito estado,Seca,Perfeito estado,Não existe,R-6a,"",Dupla,Faixa contínua,"",""
7403,2019-08-27T00:00:00,09:41:00,SEM VÍTIMA,FINALIZADA,ILHA DO LEITE,AV GOVERNADOR AGAMENON MAGALHAES,"","",EMPRESARIAL ISAAC NEWTON,AV GOVERNADOR AGAMENON MAGALHAES,"",EMPRESARIAL ISAAC NEWTON,ILHA DO LEITE,,SUBURBIO,ABALROAMENTO LONGITUDINAL,AUTO E MOTO,1,1,,,,,,,,0,,Longo da via,Bom,Não existe,Perfeito estado,Seca,Perfeito estado,Não existe,R-6a,"",Dupla,Canteiro central,"",""
7404,2019-08-27T00:00:00,11:24:00,COM VÍTIMA,FINALIZADA,PINA,AV ANTONIO DE GOES,60,"",EM FRENTE AO JCPM,AV ANTONIO DE GOES,60,EM FRENTE AO JCPM,PINA,,CIDADE,ATROPELAMENTO,ATROPELAMENTO / AUTO E PEDESTRE.,1,,,,1,,,,,1,,Longo da via,Bom,Não existe,Perfeito estado,Seca,Perfeito estado,Não existe,"",60 km/h,Única,Faixa contínua,Canteiro central,""
7405,2019-08-27T00:00:00,11:35:00,SEM VÍTIMA,FINALIZADA,SANTO AMARO,RUA FREI CASSIMIRO,368,RUA NUMA POMPILHO,OPOSTO AO Nº 368,RUA FREI CASSIMIRO,368,OPOSTO AO Nº 368,SANTO AMARO,,"",ABALROAMENTO LONGITUDINAL,SEM VITIMAS,1,,,,,,1,1,,0,,Longo da via,Bom,Não existe,Não existente,Seca,Perfeito estado,Outros,Não há placas,"","",Canteiro central,"",""
7406,2019-08-27T00:00:00,12:12:00,SEM VÍTIMA,FINALIZADA,IBURA,RUA RIO PAJEU,28,"",EM FRENTE AO RESIDENCIAL VALE DOS RIOS II,RUA RIO PAJEU,28,EM FRENTE AO RESIDENCIAL VALE DOS RIOS II,IBURA,,SUBURBIO,COLISÃO TRASEIRA,VIATURA DA POLICIA MILITAR X AUTO PASSEIO S/V,3,,,,,,,,,0,,Longo da via,Bom,Não existe,Incompleta,Seca,Mal conservada,Não existe,Não há placas,"",Dupla,Não existe,"",""
7407,2019-08-27T00:00:00,12:15:00,COM VÍTIMA,FINALIZADA,SANTO AMARO,AV NORTE,"","",PRAÇA GENERAL ABREU E LIMA. EM FRENTE AO EXÉRCITO BRASILEIRO.,AV NORTE,"",PRAÇA GENERAL ABREU E LIMA. EM FRENTE AO EXÉRCITO BRASILEIRO.,SANTO AMARO,,"",TOMBAMENTO,TOMBAMENTO DE UMA MOTOCICLETA.,,1,,,,,,,,1,,Longo da via,Bom,Sem defeito,Perfeito estado,Seca,Perfeito estado,"",Outras,"",Dupla,Canteiro central,"",""
7408,2019-08-27T00:00:00,12:47:00,SEM VÍTIMA,FINALIZADA,CORDEIRO,AV CAXANGA,1181,RUA SOUZA BANDEIRA,"",AV CAXANGA,1181,"",CORDEIRO,236,SUBURBIO,COLISÃO TRASEIRA,COLISAO ENTRE DOIS AUTOS S/V,2,,,,,,,,,0,,Cruzamento,Bom,Sem defeito,Perfeito estado,Seca,Perfeito estado,Outros,R-6a,60 km/h,Dupla,Faixa contínua,Canteiro central,""
7409,2019-08-27T00:00:00,13:12:00,SEM VÍTIMA,FINALIZADA,ESPINHEIRO,AV JOAO DE BARROS,"","",EM FRENTE AO CONSERVATÓRIO PERNAMBUCANO,AV JOAO DE BARROS,"",EM FRENTE AO CONSERVATÓRIO PERNAMBUCANO,ESPINHEIRO,,"",CHOQUE,CAMINHÃO CHOCOU SE COM ÁRVORE EM FRENTE AO CONSEVATÓRIO PERNAMBUCANO,,,,,,,,,,0,,"","","","","","","","","","","","",""
7410,2019-08-27T00:00:00,14:51:00,COM VÍTIMA,FINALIZADA,JOANA BEZERRA,VDO PAPA JOAO PAULO II,"","",SOBRE O VIADUTO,VDO PAPA JOAO PAULO II,"",SOBRE O VIADUTO,JOANA BEZERRA,,BOA VIAGEM,COLISÃO,COLISÃO COM VITIMA,1,1,,,,,,,,1,,Viaduto,Bom,Não existe,Perfeito estado,Seca,Perfeito estado,Não existe,Não há placas,60 km/h,Dupla,Canteiro central,"",""
7411,2019-08-27T00:00:00,15:26:00,COM VÍTIMA,FINALIZADA,SANTO AMARO,RUA DO HOSPICIO,"",AV VISCONDE DE SUASSUNA,"",RUA DO HOSPICIO,"","",SANTO AMARO,32,CIDADE,ABALROAMENTO LONGITUDINAL,AUTO E MOTO.,1,1,,,,,,,,1,,Longo da via,Bom,Sem defeito,Perfeito estado,Seca,Perfeito estado,"","","","","","",""
7412,2019-08-27T00:00:00,15:29:00,SEM VÍTIMA,FINALIZADA,SÃO JOSÉ,RUA MADRE DEUS,"",CAIS DA ALFANDEGA,PRÓXIMO A PONTE GIRATÓRIA,RUA MADRE DEUS,"",PRÓXIMO A PONTE GIRATÓRIA,SÃO JOSÉ,477,SUBURBIO,ABALROAMENTO LONGITUDINAL,COLISAO ENTRE AUTO E CAMINHAO S/V,1,,,,,,1,,,0,,Longo da via,Bom,Sem defeito,Perfeito estado,Seca,Perfeito estado,Faixa de retenção,Outras,"",Única,Faixa seccionada,"",""
7413,2019-08-27T00:00:00,15:51:00,COM VÍTIMA,FINALIZADA,PARNAMIRIM,RUA DA HARMONIA,"",EST DO ENCANAMENTO,EM FRENTE AO VERDFRUT/ EXTRAFARMA,RUA DA HARMONIA,"",EM FRENTE AO VERDFRUT/ EXTRAFARMA,PARNAMIRIM,,CIDADE,ABALROAMENTO LONGITUDINAL,AUTO PASSEIO X MOTO COM VÍTIMAS,1,1,,,,,,,,1,,Cruzamento,Bom,Sem defeito,Perfeito estado,Seca,Perfeito estado,Faixa de pedestre,Outras,40 km/h,Única,Não existe,"",""
7414,2019-08-27T00:00:00,16:21:00,SEM VÍTIMA,FINALIZADA,BOA VIAGEM,AV BOA VIAGEM,6166,RUA JEAN MERMOZ,"",AV BOA VIAGEM,6166,"",BOA VIAGEM,,"",ABALROAMENTO TRANSVERSAL,COLISAO ENTRE DOIS AUTOS S/V,2,,,,,,,,,0,,"",Bom,Não existe,Perfeito estado,Seca,Perfeito estado,Faixa de retenção,Outras,"",Única,Faixa seccionada,"",""
7415,2019-08-27T00:00:00,16:26:00,SEM VÍTIMA,CANCELADA,ALTO SANTA TERESINHA,RUA CORREGO JOSE GRANDE,"","",NO TERMINAL DA BOMBA DO HEMETERIO,RUA CORREGO JOSE GRANDE,"",NO TERMINAL DA BOMBA DO HEMETERIO,ALTO SANTA TERESINHA,,"",COLISÃO,"",1,,,,,1,,,,0,,"","","","","","","","","","","","",""
7416,2019-08-27T00:00:00,17:47:00,COM VÍTIMA,FINALIZADA,CASA AMARELA,AV NORTE,5600,"",LADO OPOSTO A PRAÇA DO TRABALHO. EM FRENTE A ASSOCIAÇÃO DAS COSTUREIRAS DE CASA AMARELA.,AV NORTE,5600,LADO OPOSTO A PRAÇA DO TRABALHO. EM FRENTE A ASSOCIAÇÃO DAS COSTUREIRAS DE CASA AMARELA.,CASA AMARELA,,SUBURBIO,ABALROAMENTO LONGITUDINAL,AUTO E MOTO.,1,1,,,,,,,,1,,Longo da via,Bom,Não existe,Perfeito estado,Seca,Perfeito estado,Não existe,Outras,60 km/h,Dupla,Faixa seccionada,Canteiro central,""
7417,2019-08-27T00:00:00,18:26:00,SEM VÍTIMA,CANCELADA,AFOGADOS,RUA VINTE E UM DE ABRIL,"","",ESQUINA COM AO HOTELZINHO DENGO DE CRIANÇA,RUA VINTE E UM DE ABRIL,"",ESQUINA COM AO HOTELZINHO DENGO DE CRIANÇA,AFOGADOS,,"",COLISÃO,ENTRE 2 AUTOS. S/V,2,,,,,,,,,0,,"","","","","","","","","","","","",""
7418,2019-08-27T00:00:00,18:29:00,SEM VÍTIMA,FINALIZADA,TORRE,RUA JOSE BONIFACIO,"","",AO LADO DO ATACADO DOS PRESENTES,RUA JOSE BONIFACIO,"",AO LADO DO ATACADO DOS PRESENTES,TORRE,,CIDADE,ABALROAMENTO LONGITUDINAL,ENTRE 2 AUTOS. S/V,2,,,,,,,,,0,,Longo da via,Bom,Não existe,Perfeito estado,Seca,Perfeito estado,Não existe,Não há placas,"",Única,Não existe,"",""
7419,2019-08-27T00:00:00,19:07:00,SEM VÍTIMA,FINALIZADA,IMBIRIBEIRA,AV MARECHAL MASCARENHAS DE MORAES,"","",E/F AO GERALDÃO,AV MARECHAL MASCARENHAS DE MORAES,"",E/F AO GERALDÃO,IMBIRIBEIRA,,CIDADE,ABALROAMENTO LONGITUDINAL,CARRETA X AUTO PASSEIO. S/V,1,,,,,,1,,,0,,Longo da via,Chuvoso,Sem defeito,Perfeito estado,Molhada,Perfeito estado,Faixa de retenção,Não há placas,"",Dupla,Canteiro central,"",""
7420,2019-08-27T00:00:00,19:39:00,COM VÍTIMA,FINALIZADA,CAXANGÁ,AV CAXANGA,"",AV AFONSO OLINDENSE,SEMÁFORO 568,AV CAXANGA,"",SEMÁFORO 568,CAXANGÁ,568,CIDADE,ABALROAMENTO LONGITUDINAL,AUTO E MOTO.,1,1,,,,,,,,1,,Cruzamento,Bom,Sem defeito,Perfeito estado,Seca,Perfeito estado,Faixa de retenção,Não há placas,"",Dupla,Canteiro central,"",""
7421,2019-08-27T00:00:00,19:52:00,SEM VÍTIMA,FINALIZADA,TORRE,AV BEIRA RIO,1091,"",ED BARÃO DA TORRE,AV BEIRA RIO,1091,ED BARÃO DA TORRE,TORRE,,CIDADE,CHOQUE OBJETO FIXO,"AUTO SE CHOCOU CONTRA A ÁRVORE, CAUSANDO A QUEDA DA MESMA NO LOCAL. SV",1,,,,,,,,,0,,Longo da via,Bom,Não existe,Ilegível,Seca,Mal iluminada,Não existe,R-6a,40 km/h,Única,Faixa seccionada,"",""
7422,2019-08-27T00:00:00,20:23:00,COM VÍTIMA,FINALIZADA,CAXANGÁ,AV CAXANGA,"","",E/F A CAXANGÁ VEÍCULOS,AV CAXANGA,"",E/F A CAXANGÁ VEÍCULOS,CAXANGÁ,,CIDADE,ABALROAMENTO TRANSVERSAL,ÔNIBUS E MOTO,,1,,,,1,,,,1,,Longo da via,Chuvoso,Não existe,Perfeito estado,Molhada,Perfeito estado,Faixa de pedestre,R-24a,"",Única,Faixa seccionada,"",""
7423,2019-08-27T00:00:00,21:31:00,SEM VÍTIMA,FINALIZADA,AFOGADOS,EST DOS REMEDIOS,"",RUA PROFESSOR FREDERICO CURIO,"",EST DOS REMEDIOS,"","",AFOGADOS,,CIDADE,COLISÃO TRASEIRA,ENTRE 2 AUTOS. S/V,2,,,,,,,,,0,,"",Bom,Não existe,Ilegível,Seca,Mal iluminada,Não existe,Não há placas,30 km/h,"","","",""
7424,2019-08-28T00:00:00,06:09:00,SEM VÍTIMA,FINALIZADA,PRADO,AV ENGENHEIRO ABDIAS DE CARVALHO,365,"","",AV ENGENHEIRO ABDIAS DE CARVALHO,365,"",PRADO,,CIDADE,COLISÃO TRASEIRA,COLISÃO S/VITIMAS ENTRE UMA MOTO E AUTO,1,,1,,,,,,,0,,Longo da via,Bom,"",Perfeito estado,Molhada,Perfeito estado,"",R-6a,"",Dupla,Faixa seccionada,Canteiro central,""
7425,2019-08-28T00:00:00,06:58:00,SEM VÍTIMA,FINALIZADA,BOA VIAGEM,AV CONSELHEIRO AGUIAR,4310,"",EM FRENTE AO SEMÁFORO DE Nº 127,AV CONSELHEIRO AGUIAR,4310,EM FRENTE AO SEMÁFORO DE Nº 127,BOA VIAGEM,127,CIDADE,COLISÃO TRASEIRA,DOIS AUTOS SUB. ADELSON NO LOCAL,2,,,,,,,,,0,,Longo da via,Bom,Sem defeito,Perfeito estado,Seca,Perfeito estado,Faixa de pedestre,Não há placas,"",Única,Faixa contínua,Faixa seccionada,""
7426,2019-08-28T00:00:00,07:07:00,SEM VÍTIMA,FINALIZADA,ROSARINHO,RUA GENERAL ABREU E LIMA,155,"",EM FRENTE AO EDIFICIO ANTONIO LUCENA,RUA GENERAL ABREU E LIMA,155,EM FRENTE AO EDIFICIO ANTONIO LUCENA,ROSARINHO,,"",COLISÃO TRASEIRA,COLISÃO SEM VITIMAS,3,,,,,,,,,0,,Longo da via,Bom,Não existe,Perfeito estado,Seca,Perfeito estado,Não existe,R-6a,40 km/h,Dupla,Não existe,"",""
7427,2019-08-28T00:00:00,07:10:00,SEM VÍTIMA,FINALIZADA,GRAÇAS,PRC DO ENTRONCAMENTO,66,RUA DR BANDEIRA FILHO,EM FRENTE AO Nº 66,PRC DO ENTRONCAMENTO,66,EM FRENTE AO Nº 66,GRAÇAS,,CIDADE,ABALROAMENTO LONGITUDINAL,DOIS AUTOS,2,,,,,,,,,0,,Longo da via,Bom,Não existe,Perfeito estado,Seca,Perfeito estado,Não existe,R-6a,"",Única,"","",""
7428,2019-08-28T00:00:00,07:35:00,SEM VÍTIMA,FINALIZADA,DERBY,PRC DO DERBY,"","",EM FRENTE A PRAÇA DO DERBY,PRC DO DERBY,"",EM FRENTE A PRAÇA DO DERBY,DERBY,,CIDADE,ABALROAMENTO LONGITUDINAL,COLISÃO SEM VITIMAS,1,,,,,1,,,,0,,Longo da via,Nublado,Sem defeito,Perfeito estado,Seca,Perfeito estado,Faixa de pedestre,Não há placas,"",Dupla,Faixa contínua,Faixa seccionada,Canteiro central
7429,2019-08-28T00:00:00,07:35:00,SEM VÍTIMA,FINALIZADA,ESTÂNCIA,AV DR JOSE RUFINO,58,"",LADO OPOSTO PRIMACOM,AV DR JOSE RUFINO,58,LADO OPOSTO PRIMACOM,ESTÂNCIA,,CIDADE,ABALROAMENTO LONGITUDINAL,SEM VITIMAS,1,,,,,,1,,1,0,,Longo da via,Bom,Sem defeito,Perfeito estado,Seca,Perfeito estado,Faixa de pedestre,Outras,60 km/h,Única,Faixa seccionada,"",""
7430,2019-08-28T00:00:00,07:51:00,SEM VÍTIMA,FINALIZADA,BOA VIAGEM,AV CONSELHEIRO AGUIAR,"",RUA ANTONIO FALCAO,"",AV CONSELHEIRO AGUIAR,"","",BOA VIAGEM,6,SUBURBIO,ABALROAMENTO LONGITUDINAL,DOIS AUTOS,2,,,,,,,,,0,,"",Bom,Sem defeito,Perfeito estado,Seca,Perfeito estado,Faixa de pedestre,Outras,60 km/h,Única,Não existe,"",""
7431,2019-08-28T00:00:00,08:39:00,SEM VÍTIMA,FINALIZADA,MORRO DA CONCEIÇÃO,RUA MORRO DA CONCEICAO,383,"",EM FRENTE A FARMÁCIA DO MORRO DA CONCEIÇÃO,RUA MORRO DA CONCEICAO,383,EM FRENTE A FARMÁCIA DO MORRO DA CONCEIÇÃO,MORRO DA CONCEIÇÃO,,CIDADE,ABALROAMENTO LONGITUDINAL,COLISÃO SEM VITIMAS,1,,,,,1,,,,0,,Longo da via,Bom,Não existe,Ilegível,Seca,Perfeito estado,Não existe,Não há placas,30 km/h,Dupla,Faixa contínua,"",""
7432,2019-08-28T00:00:00,09:24:00,COM VÍTIMA,FINALIZADA,ENGENHO DO MEIO,RUA LINDOLFO COLOR,65,"","EM FRENTE A A O SERVIÇO INTEGRADO DE SAUDE UFPE,AO LADO DO CLUBE DA SUDENE",RUA LINDOLFO COLOR,65,"EM FRENTE A A O SERVIÇO INTEGRADO DE SAUDE UFPE,AO LADO DO CLUBE DA SUDENE",ENGENHO DO MEIO,,BR101,ABALROAMENTO TRANSVERSAL,COM UMA VITIMA SOCORRIDA PELO SAMU,1,1,,,,,,,,1,,Longo da via,Bom,Não existe,Incompleta,Seca,Perfeito estado,Não existe,Não há placas,"",Dupla,Não existe,"",""
7433,2019-08-28T00:00:00,11:30:00,SEM VÍTIMA,FINALIZADA,BOA VIAGEM,AV CONSELHEIRO AGUIAR,"","",LADO OPOSTO AO Nº 3114,AV CONSELHEIRO AGUIAR,"",LADO OPOSTO AO Nº 3114,BOA VIAGEM,,CIDADE,ABALROAMENTO LONGITUDINAL,ONIBUS E AUTO,1,,,,,1,,,,0,,Longo da via,Bom,Não existe,Perfeito estado,Seca,Perfeito estado,Não existe,Outras,"",Única,Faixa contínua,Faixa seccionada,""
7434,2019-08-28T00:00:00,12:11:00,SEM VÍTIMA,FINALIZADA,DERBY,AV GOVERNADOR AGAMENON MAGALHAES,63,"",EM FRENTE AO Nº 63,AV GOVERNADOR AGAMENON MAGALHAES,63,EM FRENTE AO Nº 63,DERBY,,"",ABALROAMENTO LONGITUDINAL,COLISAO SEM VITIMAS,2,,,,,,,,,0,,Longo da via,Bom,Sem defeito,Perfeito estado,Seca,Perfeito estado,Agente,Não há placas,60 km/h,Dupla,Canal,"",""
7435,2019-08-28T00:00:00,12:31:00,SEM VÍTIMA,CANCELADA,CAXANGÁ,AV CAXANGA,4210,"",EM FRENTE A GRAN VIA,AV CAXANGA,4210,EM FRENTE A GRAN VIA,CAXANGÁ,,"",COLISÃO,COLISÃO SEM VITIMA,2,,,,,,,,,0,,"","","","","","","","","","","","",""
7436,2019-08-28T00:00:00,13:37:00,SEM VÍTIMA,FINALIZADA,BOA VIAGEM,AV MARECHAL JUAREZ TAVORA,"",RUA DEZ DE JULHO,"",AV MARECHAL JUAREZ TAVORA,"","",BOA VIAGEM,,SUBURBIO,COLISÃO TRASEIRA,CAMINHAO E AUTO,1,,,,,,1,,,0,,Longo da via,Bom,Sem defeito,Perfeito estado,Seca,Perfeito estado,Não existe,Não há placas,"",Dupla,Não existe,"",""