_id,DATA,hora,natureza_acidente,situacao,bairro,endereco,numero,detalhe_endereco_acidente,complemento,endereco_cruzamento,numero_cruzamento,referencia_cruzamento,bairro_cruzamento,num_semaforo,sentido_via,tipo,descricao,auto,moto,ciclom,ciclista,pedestre,onibus,caminhao,viatura,outros,vitimas,vitimasfatais,acidente_verificado,tempo_clima,situacao_semaforo,sinalizacao,condicao_via,conservacao_via,ponto_controle,situacao_placa,velocidade_max_via,mao_direcao,divisao_via1,divisao_via2,divisao_via3
7437,2019-08-28T00:00:00,13:40:00,SEM VÍTIMA,FINALIZADA,MADALENA,EST DOS REMEDIOS,2416,AV JOSE GONCALVES DE MEDEIROS,NA FRENTE DA POLICLINICA LESSA DE ANDRADE,EST DOS REMEDIOS,2416,NA FRENTE DA POLICLINICA LESSA DE ANDRADE,MADALENA,353,SUBURBIO,COLISÃO TRASEIRA,COLISAO SEM VITIMAS,1,,,,,1,,,,0,,Cruzamento,Bom,Sem defeito,Perfeito estado,Seca,Perfeito estado,Faixa de pedestre,Não há placas,60 km/h,Única,Faixa seccionada,"",""
7438,2019-08-28T00:00:00,13:43:00,COM VÍTIMA,FINALIZADA,MADALENA,EST DOS REMEDIOS,2416,AV JOSE GONCALVES DE MEDEIROS,EM FRENTE A POLICLINICA LESSA DE ANDRADE,EST DOS REMEDIOS,2416,EM FRENTE A POLICLINICA LESSA DE ANDRADE,MADALENA,313,TORRE,ABALROAMENTO LONGITUDINAL,AUTO E MOTO,1,1,,,,,,,,1,,Cruzamento,Bom,Não existe,Perfeito estado,Seca,Perfeito estado,Faixa de pedestre,Não há placas,"",Única,Faixa seccionada,"",""
7439,2019-08-28T00:00:00,13:52:00,SEM VÍTIMA,FINALIZADA,ILHA DO LEITE,AV LINS PETIT,"","",PRAÇA CHORA MENINO,AV LINS PETIT,"",PRAÇA CHORA MENINO,ILHA DO LEITE,,SUBURBIO,ABALROAMENTO LONGITUDINAL,COLISÃO SEM VITIMA,1,1,,,,,,,,0,,Longo da via,Bom,Não existe,Perfeito estado,Seca,Perfeito estado,Não existe,Não há placas,"",Dupla,Canteiro central,"",""
7440,2019-08-28T00:00:00,14:15:00,SEM VÍTIMA,FINALIZADA,BOA VIAGEM,RUA DR JOAO GUILHERME DE P SOBRINHO,830,"",CENTRO EMPRESARIAL HERBRÁS,RUA DR JOAO GUILHERME DE P SOBRINHO,830,CENTRO EMPRESARIAL HERBRÁS,BOA VIAGEM,,SUBURBIO,COLISÃO TRASEIRA,COLISÃOS EM VITIMA,1,,,,,1,,,,0,,Longo da via,Nublado,Não existe,Não existente,Seca,Perfeito estado,Não existe,Não há placas,"",Dupla,Não existe,"",""
7441,2019-08-28T00:00:00,14:56:00,COM VÍTIMA,FINALIZADA,CASA AMARELA,RUA PAULA BATISTA,3824,EST DO ARRAIAL,AO LADO DA AGÊNCIA NACIONAL DE MINERAÇÃO.,RUA PAULA BATISTA,3824,AO LADO DA AGÊNCIA NACIONAL DE MINERAÇÃO.,CASA AMARELA,283,SUBURBIO,COLISÃO TRASEIRA,AUTO E MOTO,1,1,,,,,,,,1,,Cruzamento,Chuvoso,Sem defeito,Perfeito estado,Molhada,Perfeito estado,Faixa de pedestre,R-6a,"",Dupla,Faixa contínua,Faixa seccionada,""
7442,2019-08-28T00:00:00,15:59:00,SEM VÍTIMA,FINALIZADA,BOA VISTA,AV GOVERNADOR AGAMENON MAGALHAES,"",PRC PARQUE AMORIM,"",AV GOVERNADOR AGAMENON MAGALHAES,"","",BOA VISTA,173,CIDADE,ABALROAMENTO LONGITUDINAL,"",1,,,,,1,,,,0,,Cruzamento,Bom,Sem defeito,Perfeito estado,Seca,Perfeito estado,Faixa de retenção,Outras,60 km/h,Única,Faixa contínua,"",""
7443,2019-08-28T00:00:00,16:24:00,SEM VÍTIMA,FINALIZADA,CORDEIRO,RUA GREGORIO JUNIOR,"","",E/F A AMENDOEIRA PROX A SALA DE REBOCO,RUA GREGORIO JUNIOR,"",E/F A AMENDOEIRA PROX A SALA DE REBOCO,CORDEIRO,,"",COLISÃO,COLISAO ENTRE DOIS AUTOS S/V,2,,,,,,,,,0,,"","","","","","","","","","","","",""
7444,2019-08-28T00:00:00,16:35:00,SEM VÍTIMA,FINALIZADA,ÁGUA FRIA,EST VELHA DE AGUA FRIA,1803,"",EM FRENTE A DISTRIBUIDORA ÁGUA FRIA DA F 1813,EST VELHA DE AGUA FRIA,1803,EM FRENTE A DISTRIBUIDORA ÁGUA FRIA DA F 1813,ÁGUA FRIA,,SUBURBIO,ABALROAMENTO LONGITUDINAL,DOIS AUTOS,2,,,,,,,,,0,,Longo da via,Bom,Não existe,Perfeito estado,Seca,Perfeito estado,Não existe,Não há placas,40 km/h,Única,Faixa seccionada,"",""
7445,2019-08-28T00:00:00,16:43:00,SEM VÍTIMA,CANCELADA,BOA VIAGEM,RUA TENENTE JOAO CICERO,346,"",PROX. SUL ESTETICA / EDIF. BOM JESUS,RUA TENENTE JOAO CICERO,346,PROX. SUL ESTETICA / EDIF. BOM JESUS,BOA VIAGEM,,"",COLISÃO,COLISÃO SEM VITIMA,2,,,,,,,,,0,,"","","","","","","","","","","","",""
7446,2019-08-28T00:00:00,16:51:00,COM VÍTIMA,FINALIZADA,BOA VIAGEM,AVENIDA CELSO FURTADO (VIA MANGUE),"","",SENTIDO SHOPPING RECIFE,AVENIDA CELSO FURTADO (VIA MANGUE),"",SENTIDO SHOPPING RECIFE,BOA VIAGEM,,SUBURBIO,COLISÃO,"COM VÍTIMA, SEGUNDO O OR A VÍTIMA FOI SOCORRIDA PELO SAMU. A OUTRA PARTE SE EVADIU E A PRÓPRIA VÍTIMA ACIONOU GUINCHO PARTICULAR E NÃO DESEJA REALIZAR O B.O.",,1,,,,,,,,1,,"","","","","","","","","","","","",""
7447,2019-08-28T00:00:00,16:57:00,SEM VÍTIMA,FINALIZADA,ESPINHEIRO,RUA DO ESPINHEIRO,222,"",EM FRENTE AO HOSPITAL DO ESPINHEIRO,RUA DO ESPINHEIRO,222,EM FRENTE AO HOSPITAL DO ESPINHEIRO,ESPINHEIRO,,"",ABALROAMENTO LONGITUDINAL,DOIS AUTOS,2,,,,,,,,,0,,Longo da via,Bom,Não existe,Perfeito estado,Seca,Perfeito estado,Não existe,Não há placas,"",Única,Faixa seccionada,"",""
7448,2019-08-28T00:00:00,18:12:00,SEM VÍTIMA,FINALIZADA,CASA FORTE,AV DEZESSETE DE AGOSTO,"",RUA PIAUI,AO LADO DO POSTO DE SAÚDE JOSÉ ERMÍRIO DE MORAES,AV DEZESSETE DE AGOSTO,"",AO LADO DO POSTO DE SAÚDE JOSÉ ERMÍRIO DE MORAES,CASA FORTE,251,SUBURBIO,ABALROAMENTO TRANSVERSAL,VAN X ÕNIBUS. S/V,,,,,,1,,,1,0,,Longo da via,Bom,Sem defeito,Perfeito estado,Seca,Perfeito estado,Faixa de pedestre,Não há placas,"",Dupla,Faixa contínua,Faixa seccionada,""
7449,2019-08-28T00:00:00,18:49:00,COM VÍTIMA,FINALIZADA,CASA AMARELA,RUA PADRE LEMOS,"","",LADO OPOSTO A IGREJA UNIVERSAL,RUA PADRE LEMOS,"",LADO OPOSTO A IGREJA UNIVERSAL,CASA AMARELA,,SUBURBIO,ABALROAMENTO TRANSVERSAL,AUTO PASSEIO X MOTO COM VÍTIMA,1,1,,,,,,,,1,,Longo da via,Bom,Sem defeito,Perfeito estado,Seca,Perfeito estado,"","","",Dupla,"","",""
7450,2019-08-28T00:00:00,20:21:00,SEM VÍTIMA,FINALIZADA,PAISSANDU,AV GOVERNADOR AGAMENON MAGALHAES,"","","",AV GOVERNADOR AGAMENON MAGALHAES,"","",PAISSANDU,69,SUBURBIO,COLISÃO TRASEIRA,ENTRE QUATRO AUTO SEM VÍTIMAS,4,,,,,,,,,0,,Longo da via,Bom,Sem defeito,Perfeito estado,Seca,Perfeito estado,Faixa de pedestre,Outras,60 km/h,Dupla,Canal,"",""
7451,2019-08-28T00:00:00,22:37:00,COM VÍTIMA,FINALIZADA,CORDEIRO,RUA GOMES TABORDA,"",RUA CAPITAO JOAO ROMA,ATACAREJO IDEAL,RUA GOMES TABORDA,"",ATACAREJO IDEAL,CORDEIRO,,SUBURBIO,ABALROAMENTO TRANSVERSAL,AUTO PASSEIO X MOTO COM VÍTIMA,1,1,,,,,,,,1,,Esquina,Bom,Não existe,Perfeito estado,Seca,Perfeito estado,Não existe,Não há placas,"",Dupla,Faixa seccionada,"",""
7452,2019-08-29T00:00:00,07:44:00,SEM VÍTIMA,FINALIZADA,DOIS IRMÃOS,RUA MANUEL DE MEDEIROS,"","",HOSPITAL VETERINÁRIO,RUA MANUEL DE MEDEIROS,"",HOSPITAL VETERINÁRIO,DOIS IRMÃOS,,SUBURBIO,ABALROAMENTO TRANSVERSAL,COLISÃO S/VITIMAS ENTRE UM AUTO E UMA MOTO,1,1,,,,,,,,0,,Longo da via,Bom,Não existe,Incompleta,Seca,Perfeito estado,Não existe,Não há placas,40 km/h,Dupla,Faixa contínua,"",""
7453,2019-08-29T00:00:00,07:53:00,SEM VÍTIMA,FINALIZADA,IMBIRIBEIRA,RUA ITACARI,"",RUA ITAJAI,"",RUA ITACARI,"","",IMBIRIBEIRA,,"",ABALROAMENTO TRANSVERSAL,COLISÃO SEM VITIMAS,1,1,,,,,,,,0,,Cruzamento,Bom,Não existe,Perfeito estado,Seca,Perfeito estado,Faixa de pedestre,Placas Pare,"",Dupla,Faixa seccionada,"",""
7454,2019-08-29T00:00:00,08:02:00,SEM VÍTIMA,FINALIZADA,BOA VISTA,AV GOVERNADOR AGAMENON MAGALHAES,"",RUA JOAQUIM NABUCO,SOB O SEMÁFORO 174,AV GOVERNADOR AGAMENON MAGALHAES,"",SOB O SEMÁFORO 174,BOA VISTA,174,"",ABALROAMENTO LONGITUDINAL,DOIS AUTOS,2,,,,,,,,,0,,Cruzamento,Bom,Sem defeito,Perfeito estado,Seca,Perfeito estado,Agente,Outras,60 km/h,Dupla,Canteiro central,"",""
7455,2019-08-29T00:00:00,09:49:00,SEM VÍTIMA,FINALIZADA,IPUTINGA,RUA MARECHAL MANOEL LUIS OSORIO,314,"",HAPVIDA,RUA MARECHAL MANOEL LUIS OSORIO,314,HAPVIDA,IPUTINGA,,SUBURBIO,ABALROAMENTO LONGITUDINAL,COLISÃO S/VITIMAS ENTRE DOIS AUTOS,2,,,,,,,,,0,,Longo da via,Bom,Não existe,Perfeito estado,Seca,Perfeito estado,Não existe,Outras,"",Dupla,Não existe,"",""
7456,2019-08-29T00:00:00,10:05:00,SEM VÍTIMA,FINALIZADA,PAISSANDU,AV GOVERNADOR AGAMENON MAGALHAES,"","",EMPRESARIAL RENATO DIAS,AV GOVERNADOR AGAMENON MAGALHAES,"",EMPRESARIAL RENATO DIAS,PAISSANDU,,"",COLISÃO TRASEIRA,COLISÃO SEM VITIMAS,2,,,,,,,,,0,,Longo da via,Bom,Sem defeito,Perfeito estado,Seca,Perfeito estado,"",Não há placas,60 km/h,Dupla,Canal,"",""
7457,2019-08-29T00:00:00,10:20:00,SEM VÍTIMA,FINALIZADA,BOA VISTA,RUA JOAO FERNANDES VIEIRA,"","",EM FRENTE A UNIBRA,RUA JOAO FERNANDES VIEIRA,"",EM FRENTE A UNIBRA,BOA VISTA,,CIDADE,ABALROAMENTO LONGITUDINAL,CAMINHAO E AUTO,1,,,,,,1,,,0,,Longo da via,Bom,Não existe,Perfeito estado,Seca,Mal conservada,Não existe,Outras,"",Única,Faixa seccionada,"",""
7458,2019-08-29T00:00:00,11:11:00,SEM VÍTIMA,FINALIZADA,BOA VISTA,RUA PRINCESA IZABEL,410,"",EM FRENTE A CAMARA MUNICIPAL DO RECIFE,RUA PRINCESA IZABEL,410,EM FRENTE A CAMARA MUNICIPAL DO RECIFE,BOA VISTA,,CIDADE,ABALROAMENTO LONGITUDINAL,COLISÃO SEM VITIMAS,2,,,,,,,,,0,,Longo da via,Bom,Sem defeito,Perfeito estado,Seca,Perfeito estado,Não existe,Outras,"",Única,Faixa seccionada,"",""
7459,2019-08-29T00:00:00,11:25:00,SEM VÍTIMA,FINALIZADA,MADALENA,RUA DES LUIZ SALAZAR,"","",EM FRENTE AO POSTE B 083808,RUA DES LUIZ SALAZAR,"",EM FRENTE AO POSTE B 083808,MADALENA,,CIDADE,ABALROAMENTO LONGITUDINAL,COLISÃO S/ VITIMAS ENTRE DOIS AUTOS,2,,,,,,,,,0,,Longo da via,Bom,Não existe,Não existente,Seca,Mal conservada,Não existe,Não há placas,"",Dupla,Não existe,"",""
7460,2019-08-29T00:00:00,11:37:00,SEM VÍTIMA,FINALIZADA,"",AV JOAO DE BARROS,"","",EM FRENTE A CELPE,AV JOAO DE BARROS,"",EM FRENTE A CELPE,"",,"",COLISÃO TRASEIRA,COLISÃO SEM VITIMAS,1,1,,,,,,,,0,,Longo da via,Bom,Não existe,Perfeito estado,Seca,Perfeito estado,Não existe,Outras,"",Única,Faixa seccionada,"",""
7461,2019-08-29T00:00:00,11:58:00,SEM VÍTIMA,CANCELADA,PORTO DA MADEIRA,RUA DR ALBERTO WANDERLEY,"","",EM FRENTE AO SUPERMERCADO NOSSA SENHORA APARECIDA,RUA DR ALBERTO WANDERLEY,"",EM FRENTE AO SUPERMERCADO NOSSA SENHORA APARECIDA,PORTO DA MADEIRA,,"",COLISÃO,COLISÃO SEM VITIMAS,,1,,,,,1,,,0,,"","","","","","","","","","","","",""
7462,2019-08-29T00:00:00,12:16:00,SEM VÍTIMA,FINALIZADA,CASA FORTE,RUA SANTA ANA,"","",ESCOLA NOSSA SENHORA DAS GRACAS,RUA SANTA ANA,"",ESCOLA NOSSA SENHORA DAS GRACAS,CASA FORTE,,SUBURBIO,COLISÃO TRASEIRA,COLISAO SEM VITIMAS,2,,,,,,,,,0,,Longo da via,Bom,Não existe,Perfeito estado,Seca,Perfeito estado,Não existe,Outras,20 km/h,Dupla,Faixa contínua,"",""
7463,2019-08-29T00:00:00,12:31:00,SEM VÍTIMA,FINALIZADA,BOA VIAGEM,AV BOA VIAGEM,"",RUA BALTAZAR PASSOS,NOBILE STYLE,AV BOA VIAGEM,"",NOBILE STYLE,BOA VIAGEM,149,CIDADE,COLISÃO TRASEIRA,COLISAO SEM VITIMAS,2,,,,,,,,,0,,Longo da via,Bom,Sem defeito,Perfeito estado,Seca,Perfeito estado,Faixa de pedestre,Outras,"",Única,Faixa seccionada,"",""
7464,2019-08-29T00:00:00,12:33:00,SEM VÍTIMA,FINALIZADA,VÁRZEA,RUA GENERAL POLIDORO,352,"",PADARIA CDU,RUA GENERAL POLIDORO,352,PADARIA CDU,VÁRZEA,577,SUBURBIO,ABALROAMENTO LONGITUDINAL,COLISAO ENTRE AUTO E MOTO COM UMA VITIMA VT 12 NO LOCAL,1,1,,,,,,,,0,,Longo da via,Bom,Sem defeito,Perfeito estado,Seca,Perfeito estado,Faixa de pedestre,Outras,"",Dupla,Faixa contínua,"",""
7465,2019-08-29T00:00:00,12:47:00,SEM VÍTIMA,FINALIZADA,PAISSANDU,AV GOVERNADOR AGAMENON MAGALHAES,"","",SEMÁFORO,AV GOVERNADOR AGAMENON MAGALHAES,"",SEMÁFORO,PAISSANDU,69,SUBURBIO,COLISÃO TRASEIRA,ENTRE DOIS AUTO S/V,2,,,,,,,,,0,,Longo da via,Bom,Sem defeito,Perfeito estado,Seca,Perfeito estado,Agente,Outras,60 km/h,Dupla,Faixa contínua,Faixa seccionada,""
7466,2019-08-29T00:00:00,12:59:00,SEM VÍTIMA,FINALIZADA,BOA VISTA,RUA DOM BOSCO,"","",LADO OPOSTO AO COLÉGIO AMERICANO BATISTA,RUA DOM BOSCO,"",LADO OPOSTO AO COLÉGIO AMERICANO BATISTA,BOA VISTA,,SUBURBIO,ABALROAMENTO LONGITUDINAL,ENTRE AUTO PASSEIO X ONIBUS S/V,1,,,,,1,,,,0,,Longo da via,Bom,Sem defeito,Perfeito estado,Seca,Perfeito estado,Outros,Outras,"",Única,Faixa seccionada,"",""
7467,2019-08-29T00:00:00,13:25:00,COM VÍTIMA,FINALIZADA,SÃO JOSÉ,RUA FLORIANO PEIXOTO,671,"",E/F AO GALPÃO APOS A ESTAÇAO DO METRO. AO LADO DO LAVA JATO,RUA FLORIANO PEIXOTO,671,E/F AO GALPÃO APOS A ESTAÇAO DO METRO. AO LADO DO LAVA JATO,SÃO JOSÉ,,SUBURBIO,CHOQUE VEÍCULO PARADO,CHOQUE ENVOLVENDO DOIS AUTOMÓVEIS.,2,,,,,,,,,1,,Longo da via,Bom,Não existe,Perfeito estado,Seca,Perfeito estado,Não existe,R-6a,"",Única,Faixa seccionada,"",""
7468,2019-08-29T00:00:00,13:30:00,SEM VÍTIMA,FINALIZADA,SANTO ANTÔNIO,TRV DO FORTE,"","",EM FRENTE G. CONSÓRCIO RECIFE TRANSPORTES,TRV DO FORTE,"",EM FRENTE G. CONSÓRCIO RECIFE TRANSPORTES,SANTO ANTÔNIO,,SUBURBIO,COLISÃO TRASEIRA,COLISAO SEM VITIMAS,2,,,,,,,,,0,,Longo da via,Bom,Não existe,Perfeito estado,Seca,Perfeito estado,"",Não há placas,"",Única,Faixa seccionada,"",""
7469,2019-08-29T00:00:00,13:45:00,SEM VÍTIMA,FINALIZADA,ILHA DO LEITE,RUA PAISSANDU,112,"",PRAÇA CHORA MENINO,RUA PAISSANDU,112,PRAÇA CHORA MENINO,ILHA DO LEITE,,"",ABALROAMENTO LONGITUDINAL,COLISAO ENTRE AUTO E CAMINHAO S/V,1,,,,,,1,,,0,,Longo da via,Bom,Não existe,Perfeito estado,Seca,Perfeito estado,Não existe,R-6a,40 km/h,Única,Faixa seccionada,"",""
7470,2019-08-29T00:00:00,13:56:00,SEM VÍTIMA,FINALIZADA,SANTO AMARO,RUA ALMEIDA CUNHA,40,RUA BISPO CARDOSO AYRES,"",RUA ALMEIDA CUNHA,40,"",SANTO AMARO,,SUBURBIO,COLISÃO TRASEIRA,COLISO SEM VITIMAS,2,,,,,,,,,0,,Longo da via,Bom,Não existe,Não existente,Seca,Perfeito estado,Não existe,Placas Pare,"",Única,Não existe,"",""
7471,2019-08-29T00:00:00,14:12:00,COM VÍTIMA,FINALIZADA,IBURA,AV DOIS RIOS,"","",EM FRENTE AO SESI DO IBURA,AV DOIS RIOS,"",EM FRENTE AO SESI DO IBURA,IBURA,561,"",COLISÃO COM CICLISTA,KOMBI X CICLISTA COM VÍTIMA,1,,,1,,,,,,1,,"","","","","","","","","","","","",""
7472,2019-08-29T00:00:00,14:29:00,SEM VÍTIMA,FINALIZADA,BOA VIAGEM,AV DES JOSE NEVES,77,"","",AV DES JOSE NEVES,77,"",BOA VIAGEM,,SUBURBIO,ABALROAMENTO LONGITUDINAL,COLISAO ENTRE DOIS AUTOS S/V,2,,,,,,,,,0,,Longo da via,Bom,Sem defeito,Perfeito estado,Seca,Perfeito estado,Não existe,Não há placas,"",Dupla,Canal,"",""
7473,2019-08-29T00:00:00,14:32:00,SEM VÍTIMA,FINALIZADA,CÓRREGO DO JENIPAPO,RUA ERUNDINA NEGREIROS DE ARAUJO,"","",TERMINAL DE ONIBUS CÔRREGO DO JENIPAPO,RUA ERUNDINA NEGREIROS DE ARAUJO,"",TERMINAL DE ONIBUS CÔRREGO DO JENIPAPO,CÓRREGO DO JENIPAPO,,SUBURBIO,ABALROAMENTO LONGITUDINAL,ENTRE AUTO PASSEIO PREFEITURA X CAMINHAO S/V,1,,,,,,1,,,0,,Longo da via,Bom,Não existe,Não existente,"","",Não existe,Não há placas,"",Dupla,Não existe,"",""
7474,2019-08-29T00:00:00,14:33:00,SEM VÍTIMA,FINALIZADA,PINA,RUA HENRIQUETA TORREIRO,"","",EM FRENTE AO Nº 380,RUA HENRIQUETA TORREIRO,"",EM FRENTE AO Nº 380,PINA,,SUBURBIO,ABALROAMENTO TRANSVERSAL,COLISAO SEM VITIMAS,2,,,,,,,,,0,,Longo da via,Bom,Não existe,Perfeito estado,Seca,Perfeito estado,Não existe,Não há placas,"",Dupla,Não existe,"",""
7475,2019-08-29T00:00:00,15:00:00,SEM VÍTIMA,FINALIZADA,CASA AMARELA,RUA DR TOME DIAS,391,RUA PADRE LEMOS,"",RUA DR TOME DIAS,391,"",CASA AMARELA,,CIDADE,ABALROAMENTO LONGITUDINAL,COLISAO ENTRE DOIS AUTOS S/V,2,,,,,,,,,0,,Cruzamento,Bom,Não existe,Perfeito estado,Seca,Perfeito estado,Faixa de pedestre,Placas Pare,"",Dupla,Faixa contínua,"",""
7476,2019-08-29T00:00:00,15:07:00,SEM VÍTIMA,FINALIZADA,BOA VISTA,RUA DO RIACHUELO,36,RUA AURORA,LADO OPOSTO AOS CORREIOS,RUA DO RIACHUELO,36,LADO OPOSTO AOS CORREIOS,BOA VISTA,579,SUBURBIO,ABALROAMENTO LONGITUDINAL,ONIBUS X AUTO PASSEIO S/V,1,,,,,1,,,,0,,Cruzamento,Bom,Não existe,Perfeito estado,Seca,Perfeito estado,Não existe,Não há placas,40 km/h,Única,Não existe,"",""
7477,2019-08-29T00:00:00,15:12:00,SEM VÍTIMA,FINALIZADA,BOA VIAGEM,RUA ANTONIO FALCAO,"",AV ENGENHEIRO DOMINGOS FERREIRA,AO LADO DO CARREFOUR,RUA ANTONIO FALCAO,"",AO LADO DO CARREFOUR,BOA VIAGEM,145,"",ABALROAMENTO LONGITUDINAL,ENTRE DOIS AUTO S/V,2,,,,,,,,,0,,Cruzamento,Bom,Sem defeito,Perfeito estado,Seca,Perfeito estado,Faixa de pedestre,Outras,"",Única,Não existe,"",""
7478,2019-08-29T00:00:00,15:17:00,SEM VÍTIMA,FINALIZADA,IMBIRIBEIRA,AV DES JOSE NEVES,"","",SEMÁFORO 400,AV DES JOSE NEVES,"",SEMÁFORO 400,IMBIRIBEIRA,400,CIDADE,COLISÃO TRASEIRA,COLISAO ENTRE DOIS AUTOS S/V,2,,,,,,,,,0,,Longo da via,Bom,Sem defeito,Perfeito estado,Seca,Perfeito estado,"",Outras,60 km/h,Dupla,Canteiro central,"",""
7479,2019-08-29T00:00:00,15:31:00,COM VÍTIMA,FINALIZADA,VÁRZEA,AV AFONSO OLINDENSE,344,"",EM FRENTE AO COLISEU,AV AFONSO OLINDENSE,344,EM FRENTE AO COLISEU,VÁRZEA,,SUBURBIO,COLISÃO COM CICLISTA,COLISÃO COM VITIMA,,1,,1,,,,,,1,,Longo da via,Bom,Não existe,Perfeito estado,Seca,Perfeito estado,Não existe,R-6a,"",Dupla,Faixa seccionada,"",""
7480,2019-08-29T00:00:00,16:29:00,SEM VÍTIMA,FINALIZADA,CASA AMARELA,AV NORTE,"",AV PROFESSOR JOSE DOS ANJOS,SEMÁFORO 364,AV NORTE,"",SEMÁFORO 364,CASA AMARELA,364,"",ABALROAMENTO LONGITUDINAL,COLISAO ENTRE CAMINHAO E AUTO S/V,1,,,,,,1,,,0,,"",Bom,Sem defeito,Perfeito estado,Seca,Perfeito estado,Faixa de pedestre,"","",Dupla,Não existe,"",""
7481,2019-08-29T00:00:00,17:11:00,SEM VÍTIMA,FINALIZADA,SANTO AMARO,RUA MARQUÊS DO POMBAL,1006,"",EM FRENTE A OFICINA ADELMO AUTO SERVIÇOS,RUA MARQUÊS DO POMBAL,1006,EM FRENTE A OFICINA ADELMO AUTO SERVIÇOS,SANTO AMARO,,SUBURBIO,ABALROAMENTO TRANSVERSAL,ENTRE DOIS AUTO S/V,2,,,,,,,,,0,,Longo da via,Bom,Não existe,Não existente,Seca,Perfeito estado,Não existe,Não há placas,"",Dupla,Faixa seccionada,"",""
7482,2019-08-29T00:00:00,18:19:00,SEM VÍTIMA,FINALIZADA,PARNAMIRIM,AV DEZESSETE DE AGOSTO,"",AV PARNAMIRIM,PRACA DO PARNAMIRIM,AV DEZESSETE DE AGOSTO,"",PRACA DO PARNAMIRIM,PARNAMIRIM,,CIDADE,ABALROAMENTO LONGITUDINAL,ENTRE AUTO PASSEIO X ONIBUS S/V,1,,,,,1,,,,0,,"",Bom,Não existe,Não existente,Seca,Perfeito estado,Não existe,R-6a,60 km/h,Dupla,Não existe,"",""
7483,2019-08-29T00:00:00,19:13:00,COM VÍTIMA,FINALIZADA,SANTO AMARO,AV GOVERNADOR AGAMENON MAGALHAES,2615,"",NO VIADUTO JOAO DE BARROS. EM FRENTE AO EMPRESARIAL BURLEMARX,AV GOVERNADOR AGAMENON MAGALHAES,2615,NO VIADUTO JOAO DE BARROS. EM FRENTE AO EMPRESARIAL BURLEMARX,SANTO AMARO,,CIDADE,ABALROAMENTO TRANSVERSAL,COLISAO ENTRE AUTO E MOTO COM VITIMA,1,1,,,,,,,,1,,Longo da via,Bom,Não existe,Perfeito estado,Seca,Perfeito estado,Não existe,Não há placas,"",Única,Faixa seccionada,"",""
7484,2019-08-29T00:00:00,19:15:00,SEM VÍTIMA,FINALIZADA,VÁRZEA,RUA JOAO SALES MENEZES,"",RUA ZEZITO COSTA REGO,COLÉGIO CONHECER,RUA JOAO SALES MENEZES,"",COLÉGIO CONHECER,VÁRZEA,,CIDADE,ABALROAMENTO TRANSVERSAL,MOTO X UP,1,1,,,,,,,,0,,Cruzamento,Bom,Não existe,Perfeito estado,Seca,Mal iluminada,Faixa de pedestre,Placas Pare,"",Dupla,Faixa seccionada,"",""
7485,2019-08-29T00:00:00,19:56:00,SEM VÍTIMA,FINALIZADA,BOA VIAGEM,AV CONSELHEIRO AGUIAR,1156,"",CAPELA MENINO DE JESUS,AV CONSELHEIRO AGUIAR,1156,CAPELA MENINO DE JESUS,BOA VIAGEM,,CIDADE,ABALROAMENTO LONGITUDINAL,ENTRE AUTO PASSEIO X MOTO S/V,1,1,,,,,,,,0,,Longo da via,Bom,Não existe,Perfeito estado,Seca,Perfeito estado,Faixa de pedestre,R-6a,40 km/h,Única,"","",""
7486,2019-08-29T00:00:00,20:00:00,SEM VÍTIMA,FINALIZADA,BOA VIAGEM,AV FERNANDO SIMOES BARBOSA,20,"",PIZZARIA CAPITAO GANCHO,AV FERNANDO SIMOES BARBOSA,20,PIZZARIA CAPITAO GANCHO,BOA VIAGEM,,SUBURBIO,COLISÃO TRASEIRA,ENTRE TRES AUTO S/V,3,,,,,,,,,0,,Longo da via,Bom,Não existe,Perfeito estado,Seca,Perfeito estado,Não existe,Não há placas,60 km/h,Única,Faixa seccionada,"",""
7487,2019-08-29T00:00:00,20:44:00,SEM VÍTIMA,FINALIZADA,"",AV VINTE DE JANEIRO,1033,RUA JOAO CARDOSO AIRES,MARMOARIA BRASIL,AV VINTE DE JANEIRO,1033,MARMOARIA BRASIL,"",,CIDADE,COLISÃO TRASEIRA,ENTRE DOIS AUTO S/V,2,,,,,,,,,0,,Cruzamento,Bom,Não existe,Incompleta,Seca,Mal iluminada,Não existe,Não há placas,"",Dupla,"","",""
7488,2019-08-29T00:00:00,21:34:00,SEM VÍTIMA,FINALIZADA,CAXANGÁ,AV CAXANGA,"",RUA GASTAO VIDIGAL,UPA DA CAXANGA,AV CAXANGA,"",UPA DA CAXANGA,CAXANGÁ,281,SUBURBIO,COLISÃO TRASEIRA,ONIBUS METROPOLITANA X FAIT UNO,1,,,,,1,,,,0,,Cruzamento,Bom,Sem defeito,Incompleta,Seca,Perfeito estado,"",Não há placas,"",Dupla,Canteiro central,Não existe,""
7489,2019-08-29T00:00:00,22:58:00,SEM VÍTIMA,FINALIZADA,BOA VIAGEM,RUA VISCONDE DE JEQUITINHONHA,"","",SEGUNDO COMANDO AÉREO REGIONAL ( II LOMAR),RUA VISCONDE DE JEQUITINHONHA,"",SEGUNDO COMANDO AÉREO REGIONAL ( II LOMAR),BOA VIAGEM,,SUBURBIO,COLISÃO TRASEIRA,ENTRE DOIS AUTO S/V,2,,,,,,,,,0,,Longo da via,Bom,Não existe,Incompleta,Seca,Mal iluminada,Não existe,Não há placas,"",Única,Faixa seccionada,"",""