_id,DATA,hora,natureza_acidente,situacao,bairro,endereco,numero,detalhe_endereco_acidente,complemento,endereco_cruzamento,numero_cruzamento,referencia_cruzamento,bairro_cruzamento,num_semaforo,sentido_via,tipo,descricao,auto,moto,ciclom,ciclista,pedestre,onibus,caminhao,viatura,outros,vitimas,vitimasfatais,acidente_verificado,tempo_clima,situacao_semaforo,sinalizacao,condicao_via,conservacao_via,ponto_controle,situacao_placa,velocidade_max_via,mao_direcao,divisao_via1,divisao_via2,divisao_via3
7490,2019-08-30T00:00:00,07:01:00,SEM VÍTIMA,CANCELADA,VÁRZEA,AV AFONSO OLINDENSE,1355,"",EM FRENTE A FARMACIA PAGUE MENOS,AV AFONSO OLINDENSE,1355,EM FRENTE A FARMACIA PAGUE MENOS,VÁRZEA,,"",COLISÃO,TRES AUTOS,3,,,,,,,,,0,,"","","","","","","","","","","","",""
7491,2019-08-30T00:00:00,07:31:00,SEM VÍTIMA,FINALIZADA,BOA VIAGEM,"","",RUA ANTONIO VICENTE,"","","","",BOA VIAGEM,,SUBURBIO,ABALROAMENTO TRANSVERSAL,COLISÃO SEM VITIMAS,2,,,,,,,,,0,,Cruzamento,Bom,Não existe,Perfeito estado,Seca,Perfeito estado,Não existe,Placas Pare,"",Única,Não existe,"",""
7492,2019-08-30T00:00:00,07:36:00,SEM VÍTIMA,FINALIZADA,CASA AMARELA,EST DO ARRAIAL,3900,"",PROX AO BANCO DO BRASIL,EST DO ARRAIAL,3900,PROX AO BANCO DO BRASIL,CASA AMARELA,,"",COLISÃO,CAMINHAO QUATRO PASSEIO,3,,,,,,1,,,0,,"","","","","","","","","","","","",""
7493,2019-08-30T00:00:00,07:52:00,SEM VÍTIMA,FINALIZADA,TORREÃO,RUA MARECHAL DEODORO,159,"","",RUA MARECHAL DEODORO,159,"",TORREÃO,,SUBURBIO,COLISÃO TRASEIRA,COLISÃO SEM VITIMAS,2,,,,,,,,,0,,Longo da via,Bom,Não existe,Perfeito estado,Seca,Perfeito estado,Outros,R-6a,"",Única,Faixa seccionada,"",""
7494,2019-08-30T00:00:00,08:00:00,SEM VÍTIMA,FINALIZADA,CORDEIRO,RUA GREGORIO JUNIOR,156,RUA HONORIO CORREIA,RESIDENCIAL BRASILANDIA,RUA GREGORIO JUNIOR,156,RESIDENCIAL BRASILANDIA,CORDEIRO,,"",ABALROAMENTO LONGITUDINAL,SEM VITIMAS /CTTU NO LOCAL BATEDOR MOTO 25 E 07 VAI FAZER O B.O,1,,,,,,1,,,0,,Cruzamento,Bom,Não existe,Incompleta,Seca,Mal conservada,Não existe,Não há placas,"",Única,Não existe,"",""
7495,2019-08-30T00:00:00,08:58:00,SEM VÍTIMA,CANCELADA,IPUTINGA,AV PROFESSOR JOAQUIM CAVALCANTI,278,"",EM FRENTE A LOJA FATOR PREMIUM,AV PROFESSOR JOAQUIM CAVALCANTI,278,EM FRENTE A LOJA FATOR PREMIUM,IPUTINGA,,"",COLISÃO,SEM VITIMAS,1,,,,,,1,,,0,,"","","","","","","","","","","","",""
7496,2019-08-30T00:00:00,09:25:00,SEM VÍTIMA,FINALIZADA,ILHA DO RETIRO,EST DOS REMEDIOS,2044,"",EM FRENTE VENEZA PISCINAS,EST DOS REMEDIOS,2044,EM FRENTE VENEZA PISCINAS,ILHA DO RETIRO,,SUBURBIO,COLISÃO TRASEIRA,COLISÃO SEM VITIMAS,1,,,,,,1,,,0,,Longo da via,Bom,Sem defeito,Perfeito estado,Seca,Perfeito estado,Faixa de pedestre,Outras,"",Única,Faixa seccionada,"",""
7497,2019-08-30T00:00:00,10:16:00,COM VÍTIMA,FINALIZADA,AFOGADOS,RUA CORONEL ALFREDO DUARTE,570,RUA CORONEL OLIVEIRA,PROX AO CLUBE SARGENTO WOLFF EM FRENTE A DISTRIBUIDORA DIZ FRANÇES,RUA CORONEL ALFREDO DUARTE,570,PROX AO CLUBE SARGENTO WOLFF EM FRENTE A DISTRIBUIDORA DIZ FRANÇES,AFOGADOS,,SUBURBIO,ABALROAMENTO TRANSVERSAL,COLISÃO COM VITIMA A ESPERA DO SAMU,2,,,,,,,,,1,,Cruzamento,Bom,Não existe,Incompleta,Seca,Mal conservada,Não existe,Outras,"",Dupla,Não existe,"",""
7498,2019-08-30T00:00:00,10:31:00,SEM VÍTIMA,FINALIZADA,SANTO AMARO,AV CRUZ CABUGA,"","",AO LADO DO SHOPPING TACARUNA,AV CRUZ CABUGA,"",AO LADO DO SHOPPING TACARUNA,SANTO AMARO,,CIDADE,ABALROAMENTO LONGITUDINAL,COLISÃO S/VITIMAS ENTRE UM ONIBUS E UM AUTO,1,,,,,1,,,,0,,Longo da via,Bom,Sem defeito,Perfeito estado,Seca,Perfeito estado,"",R-6a,"","",Faixa seccionada,"",""
7499,2019-08-30T00:00:00,10:44:00,SEM VÍTIMA,FINALIZADA,ESPINHEIRO,RUA DO ESPINHEIRO,582,RUA BARAO DE ITAMARACA,EM FRENTE LOJA CPS QRI,RUA DO ESPINHEIRO,582,EM FRENTE LOJA CPS QRI,ESPINHEIRO,86,SUBURBIO,COLISÃO TRASEIRA,COLISÃO SEM VITIMAS,3,,,,,,,,,0,,Cruzamento,Bom,Sem defeito,Perfeito estado,Seca,Perfeito estado,Faixa de pedestre,R-6a,"",Única,Faixa contínua,Faixa seccionada,""
7500,2019-08-30T00:00:00,11:21:00,SEM VÍTIMA,FINALIZADA,AREIAS,AV RECIFE,"","",OPOSTO AO Nº 712,AV RECIFE,"",OPOSTO AO Nº 712,AREIAS,619,"",COLISÃO TRASEIRA,COM UMA VITIMA AGUARDANDO SOCORRO,1,1,,,,,,,,0,,Longo da via,Bom,Sem defeito,Perfeito estado,Seca,Perfeito estado,Faixa de pedestre,"","",Dupla,Canteiro central,"",""
7501,2019-08-30T00:00:00,11:25:00,SEM VÍTIMA,FINALIZADA,TORRÕES,AV ENGENHEIRO ABDIAS DE CARVALHO,285,"",LADO OPOSTO A PRAÇA DA CHESF,AV ENGENHEIRO ABDIAS DE CARVALHO,285,LADO OPOSTO A PRAÇA DA CHESF,TORRÕES,,SUBURBIO,COLISÃO TRASEIRA,COLISÃO S/VITIMAS ENTRE UM ONIBUS E UM AUTO,1,,,,,1,,,,0,,Longo da via,Bom,Não existe,Perfeito estado,Seca,Perfeito estado,Não existe,Não há placas,60 km/h,Dupla,Canteiro central,"",""
7502,2019-08-30T00:00:00,11:28:00,COM VÍTIMA,FINALIZADA,BOA VIAGEM,AV BOA VIAGEM,58,"",EDF RESIDENCIAL BOA VIAGEM,AV BOA VIAGEM,58,EDF RESIDENCIAL BOA VIAGEM,BOA VIAGEM,,CIDADE,COLISÃO TRASEIRA,SEM VITIMAS,1,1,,,,,,,,1,,Longo da via,Bom,Não existe,Incompleta,Seca,Perfeito estado,Não existe,Não há placas,"",Única,Faixa seccionada,"",""
7503,2019-08-30T00:00:00,12:01:00,SEM VÍTIMA,CANCELADA,CAMPO GRANDE,RUA INHAMUNS,111,RUA ODORICO MENDES,RUA LATERAL AO CLUBE DAS PÁS,RUA INHAMUNS,111,RUA LATERAL AO CLUBE DAS PÁS,CAMPO GRANDE,,"",COLISÃO,SEM VITIMAS,2,,,,,,,,,0,,"","","","","","","","","","","","",""
7504,2019-08-30T00:00:00,12:12:00,SEM VÍTIMA,FINALIZADA,IMBIRIBEIRA,AV MARECHAL MASCARENHAS DE MORAES,"","",SEMÁFORO 289,AV MARECHAL MASCARENHAS DE MORAES,"",SEMÁFORO 289,IMBIRIBEIRA,289,CIDADE,ABALROAMENTO LONGITUDINAL,COLISAO ENTRE DOIS AUTOS S/V BATEDORES NO LOCAL M0TO 16 E 17,2,,,,,,,,,0,,"",Bom,Sem defeito,Perfeito estado,Seca,Perfeito estado,"",Outras,"",Dupla,Canteiro central,"",""
7505,2019-08-30T00:00:00,12:49:00,SEM VÍTIMA,FINALIZADA,APIPUCOS,RUA DE APIPUCOS,165,"",E/F A ASSOCIAÇÃO BRASILEIRA DE ONDONTOLOGIA,RUA DE APIPUCOS,165,E/F A ASSOCIAÇÃO BRASILEIRA DE ONDONTOLOGIA,APIPUCOS,,SUBURBIO,COLISÃO TRASEIRA,COLISAO SEM VITIMAS,3,,,,,,,,,0,,Longo da via,Bom,Não existe,Perfeito estado,Seca,Perfeito estado,Outros,R-6a,"",Dupla,Faixa contínua,"",""
7506,2019-08-30T00:00:00,13:30:00,SEM VÍTIMA,FINALIZADA,ARRUDA,RUA BOLIVAR,35,"","",RUA BOLIVAR,35,"",ARRUDA,,SUBURBIO,ABALROAMENTO LONGITUDINAL,COLISAO ENTRE DOIS AUTOS S/V,2,,,,,,,,,0,,Longo da via,Bom,Não existe,Incompleta,Seca,Perfeito estado,Não existe,R-6a,30 km/h,Dupla,Faixa seccionada,"",""
7507,2019-08-30T00:00:00,13:07:00,SEM VÍTIMA,FINALIZADA,VÁRZEA,AV AFONSO OLINDENSE,"","",EM FRENTE AO POSTE Nº B066175,AV AFONSO OLINDENSE,"",EM FRENTE AO POSTE Nº B066175,VÁRZEA,,SUBURBIO,ABALROAMENTO LONGITUDINAL,COLISÃO SEM VITIMA,1,,,,,,1,,,0,,Longo da via,Bom,Sem defeito,Perfeito estado,Seca,Perfeito estado,Não existe,Outras,30 km/h,Única,Faixa contínua,Faixa seccionada,""
7508,2019-08-30T00:00:00,13:41:00,SEM VÍTIMA,FINALIZADA,GRAÇAS,AV GOVERNADOR AGAMENON MAGALHAES,24,RUA SAO SALVADOR,"",AV GOVERNADOR AGAMENON MAGALHAES,24,"",GRAÇAS,,"",ABALROAMENTO LONGITUDINAL,COLISAO ENTRE DOIS AUTOS S/V,2,,,,,,,,,0,,Longo da via,Bom,Não existe,Perfeito estado,Seca,Perfeito estado,Não existe,"",60 km/h,Dupla,Canteiro central,"",""
7509,2019-08-30T00:00:00,13:45:00,SEM VÍTIMA,FINALIZADA,IPUTINGA,RUA MAURICEIA,"","",E/F A ESCOLA PEQUENOS PASSOS,RUA MAURICEIA,"",E/F A ESCOLA PEQUENOS PASSOS,IPUTINGA,,"",COLISÃO TRASEIRA,COLISAO ENTRE DOIS AUTOS S/V,2,,,,,,,,,0,,Longo da via,Bom,Não existe,Perfeito estado,Seca,Perfeito estado,Não existe,R-6a,30 km/h,Dupla,Faixa seccionada,"",""
7510,2019-08-30T00:00:00,14:54:00,SEM VÍTIMA,FINALIZADA,ILHA DO LEITE,RUA MARIO DOMINGUES,152,"",E/FAO HAPVIDA,RUA MARIO DOMINGUES,152,E/FAO HAPVIDA,ILHA DO LEITE,,"",ABALROAMENTO LONGITUDINAL,COLISÃO SEM VITIMA,2,,,,,,,,,0,,Longo da via,Bom,Não existe,Não existente,Seca,Perfeito estado,Agente,Não há placas,30 km/h,Única,Não existe,"",""
7511,2019-08-30T00:00:00,15:13:00,SEM VÍTIMA,FINALIZADA,CASA AMARELA,AV NORTE,"","",E/F A BIKE NORTE,AV NORTE,"",E/F A BIKE NORTE,CASA AMARELA,,CIDADE,COLISÃO,COLISAO SEM VITIMAS,1,1,,,,,,,,0,,"","","","","","","","","","","","",""
7512,2019-08-30T00:00:00,15:23:00,COM VÍTIMA,FINALIZADA,CORDEIRO,RUA GOMES TABORDA,452,"",E/F AO SUPERMECADO ATACAREJO IDEAL ( ANTINGO SUPERMECADO KENEDY),RUA GOMES TABORDA,452,E/F AO SUPERMECADO ATACAREJO IDEAL ( ANTINGO SUPERMECADO KENEDY),CORDEIRO,,"",COLISÃO,COLISAO COM VITIMAS,1,1,,,,,,,,1,,Longo da via,Bom,Não existe,Perfeito estado,Seca,Perfeito estado,Não existe,R-6a,"",Dupla,Faixa seccionada,"",""
7513,2019-08-30T00:00:00,15:53:00,COM VÍTIMA,FINALIZADA,BOA VIAGEM,RUA JOSE DA SILVA LUCENA,241,RUA SARGENTO SILVINO DE MACEDO,NA ESQUINA DA LACOMEX,RUA JOSE DA SILVA LUCENA,241,NA ESQUINA DA LACOMEX,BOA VIAGEM,,"",ABALROAMENTO TRANSVERSAL,COLISÃO COM VITIMA,1,1,,,,,,,,1,,Cruzamento,Bom,Não existe,Não existente,Seca,Perfeito estado,Não existe,Não há placas,"",Dupla,Não existe,"",""
7514,2019-08-30T00:00:00,16:16:00,SEM VÍTIMA,FINALIZADA,VÁRZEA,RUA VALE DO SIRIJI,27,"",AO LADO DO NÚMERO INDICADO,RUA VALE DO SIRIJI,27,AO LADO DO NÚMERO INDICADO,VÁRZEA,,SUBURBIO,CHOQUE VEÍCULO PARADO,COLISAO ENTRE ONIBUS E AUTOS S/V,1,,,,,1,,,,0,,Longo da via,Bom,Não existe,Incompleta,Seca,Mal conservada,Outros,Outras,"",Dupla,Não existe,"",""
7515,2019-08-30T00:00:00,17:03:00,SEM VÍTIMA,FINALIZADA,CORDEIRO,AV CAXANGA,1181,"",EM FRENTE AO Nº 1181,AV CAXANGA,1181,EM FRENTE AO Nº 1181,CORDEIRO,,CIDADE,ABALROAMENTO TRANSVERSAL,BRT E UMA KOMBI,,,,,,1,,,1,0,,Longo da via,Bom,Sem defeito,Perfeito estado,Seca,Perfeito estado,Faixa de pedestre,Outras,"",Única,Faixa seccionada,"",""
7516,2019-08-30T00:00:00,17:05:00,COM VÍTIMA,FINALIZADA,IPUTINGA,RUA TERRA GRANDE,"","",JUNTO AO MURO DO DETRAN,RUA TERRA GRANDE,"",JUNTO AO MURO DO DETRAN,IPUTINGA,,CIDADE,COLISÃO FRONTAL,COLISÃO COM VITIMA,1,1,,,,,,,,1,,Longo da via,Bom,Não existe,Incompleta,Seca,Mal iluminada,Não existe,Não há placas,"",Dupla,Não existe,"",""
7517,2019-08-30T00:00:00,17:38:00,SEM VÍTIMA,CANCELADA,AREIAS,AV DR JOSE RUFINO,"",RUA IPOJUCA,AS PARTES ESTÃO AGUARDANDO O ATENDIMENTO NO POSTO SHELL,AV DR JOSE RUFINO,"",AS PARTES ESTÃO AGUARDANDO O ATENDIMENTO NO POSTO SHELL,AREIAS,,"",COLISÃO,COLISÃO SEM VITIMA,1,1,,,,,,,,0,,"","","","","","","","","","","","",""
7518,2019-08-30T00:00:00,17:50:00,COM VÍTIMA,FINALIZADA,PRADO,RUA PADRE TEOFILO TWORZ,194,RUA CARLOS GOMES,POSTO DE SAUDE PROFESSOR ROMERO MARQUEZ,RUA PADRE TEOFILO TWORZ,194,POSTO DE SAUDE PROFESSOR ROMERO MARQUEZ,PRADO,,"",ABALROAMENTO TRANSVERSAL,COLISAO COM VITIMAS,1,1,,,,,,,,1,,Cruzamento,Bom,Não existe,Incompleta,Seca,Perfeito estado,Não existe,R-6a,"","","","",""
7519,2019-08-30T00:00:00,18:11:00,COM VÍTIMA,CANCELADA,MADALENA,RUA JOSE OSORIO,744,"",APOIS O MERCADO DA MADALENA ENF A AUTO KA,RUA JOSE OSORIO,744,APOIS O MERCADO DA MADALENA ENF A AUTO KA,MADALENA,,"",COLISÃO,AUTO X MOTO,1,1,,,,,,,,1,,"","","","","","","","","","","","",""
7520,2019-08-30T00:00:00,18:14:00,SEM VÍTIMA,FINALIZADA,IMBIRIBEIRA,AV MARECHAL MASCARENHAS DE MORAES,2284,"","",AV MARECHAL MASCARENHAS DE MORAES,2284,"",IMBIRIBEIRA,386,SUBURBIO,ABALROAMENTO LONGITUDINAL,ENTRE DOIS AUTO S/V,2,,,,,,,,,0,,Longo da via,Bom,Sem defeito,"","","","",Não há placas,60 km/h,Dupla,Canteiro central,"",""
7521,2019-08-30T00:00:00,18:15:00,SEM VÍTIMA,CANCELADA,JARDIM SÃO PAULO,RUA PROFESSOR NELSON CASTRO E SILVA,73,"",PROX A JATO LANCHE PROX A DELEGACIA,RUA PROFESSOR NELSON CASTRO E SILVA,73,PROX A JATO LANCHE PROX A DELEGACIA,JARDIM SÃO PAULO,,"",COLISÃO,DOIS AUTO OBS: SUSPEITA DE EMBRIAGUEZ,2,,,,,,,,,0,,"","","","","","","","","","","","",""
7522,2019-08-30T00:00:00,18:32:00,SEM VÍTIMA,FINALIZADA,ILHA DO RETIRO,RUA BENFICA,92,"",LADO OPOSTO AO SPORT CLUBE DO RECIFE,RUA BENFICA,92,LADO OPOSTO AO SPORT CLUBE DO RECIFE,ILHA DO RETIRO,,SUBURBIO,ABALROAMENTO LONGITUDINAL,ONIX X AUTO,2,,,,,,,,,0,,Longo da via,Bom,Não existe,Perfeito estado,Seca,Perfeito estado,Não existe,Não há placas,"",Única,Faixa contínua,"",""
7523,2019-08-30T00:00:00,21:32:00,SEM VÍTIMA,FINALIZADA,FUNDÃO,AV BEBERIBE,"",RUA CORONEL URBANO RIBEIRO DE SENA,SEMÁFORO Nº 307,AV BEBERIBE,"",SEMÁFORO Nº 307,FUNDÃO,307,SUBURBIO,ABALROAMENTO TRANSVERSAL,MOTO AUTO,1,1,,,,,,,,0,,Cruzamento,Bom,Sem defeito,Perfeito estado,Seca,Perfeito estado,Faixa de pedestre,Não há placas,"",Dupla,Faixa seccionada,"",""
7524,2019-08-30T00:00:00,22:04:00,SEM VÍTIMA,FINALIZADA,AFOGADOS,RUA SAO MIGUEL,"",RUA JOAQUIM DE VASCONCELOS PEREIRA,"",RUA SAO MIGUEL,"","",AFOGADOS,,CIDADE,ABALROAMENTO TRANSVERSAL,ONIBUS METROPOLITANA X CLASSIC,1,,,,,1,,,,0,,Cruzamento,Bom,Não existe,Incompleta,Seca,Perfeito estado,Não existe,Não há placas,"",Dupla,Faixa contínua,"",""
7525,2019-08-30T00:00:00,23:22:00,SEM VÍTIMA,FINALIZADA,PINA,AV HERCULANO BANDEIRA,"",RUA ESTUDANTE JEREMIAS BASTOS,EM FRENTE AO Nº 251,AV HERCULANO BANDEIRA,"",EM FRENTE AO Nº 251,PINA,,SUBURBIO,ABALROAMENTO LONGITUDINAL,MOTO DA LEI SECA X AUTO,1,1,,,,,,,,0,,"",Bom,Não existe,Perfeito estado,Seca,Perfeito estado,Não existe,Não há placas,"",Dupla,Canteiro central,"",""
7526,2019-08-31T00:00:00,00:52:00,SEM VÍTIMA,FINALIZADA,DOIS UNIDOS,AV HILDEBRANDO DE VASCONCELOS,"",RUA MARIA ESTEVAO,ANTIGA FABRICA MINERVAR,AV HILDEBRANDO DE VASCONCELOS,"",ANTIGA FABRICA MINERVAR,DOIS UNIDOS,,CIDADE,COLISÃO FRONTAL,DOIS AUTO,2,,,,,,,,,0,,Longo da via,Bom,Não existe,Perfeito estado,Seca,Perfeito estado,"",R-6a,"",Única,Faixa contínua,"",""
7527,2019-08-31T00:00:00,05:30:00,COM VÍTIMA,CANCELADA,TEJIPIÓ,RUA DO SANCHO,"",AV DR JOSE RUFINO,EMBAIXO DO VIADUTO DO METRO TEJIPIO // EN AO POSTO IPIRANGA,RUA DO SANCHO,"",EMBAIXO DO VIADUTO DO METRO TEJIPIO // EN AO POSTO IPIRANGA,TEJIPIÓ,,"",COLISÃO,FOX CAPOTADO NO MEIO DA VIA OBS:VEICULO LIVROU DA MOTO PARA NAO BATER E CAPOTOU,1,,,,,,,,,1,,"","","","","","","","","","","","",""
7528,2019-08-31T00:00:00,09:32:00,COM VÍTIMA,FINALIZADA,AFOGADOS,RUA SAO MIGUEL,132,RUA PEDRO CABRAL DE OLIVEIRA,EM FRENTE AO CARTÓRIO DE AFOGADOS. AU LADO DA IPESU,RUA SAO MIGUEL,132,EM FRENTE AO CARTÓRIO DE AFOGADOS. AU LADO DA IPESU,AFOGADOS,,SUBURBIO,ABALROAMENTO TRANSVERSAL,COLISÃO C/VITIMA ENTRE UM AUTO E UMA MOTO,1,1,,,,,,,,1,,Cruzamento,Bom,Não existe,Perfeito estado,Seca,Perfeito estado,Não existe,R-6a,"",Dupla,Faixa seccionada,"",""
7529,2019-08-31T00:00:00,09:51:00,SEM VÍTIMA,FINALIZADA,BOA VIAGEM,AV BOA VIAGEM,58,"","",AV BOA VIAGEM,58,"",BOA VIAGEM,,CIDADE,CHOQUE OBJETO FIXO,"CAMINHÃO CHOCOU-SE COM POSTE, POSTE OBSTRUINDO A VIA",,,,,,,1,,,0,,Longo da via,Bom,Sem defeito,Perfeito estado,Seca,Perfeito estado,Não existe,Outras,"",Única,Faixa seccionada,"",""
7530,2019-08-31T00:00:00,11:51:00,COM VÍTIMA,FINALIZADA,IPUTINGA,AV CAXANGA,3942,EST DO BARBALHO,EM FRENTE AO BIG BOMPREÇO,AV CAXANGA,3942,EM FRENTE AO BIG BOMPREÇO,IPUTINGA,533,CAMARAGIBE,ABALROAMENTO TRANSVERSAL,COLISÃO C/VITIMA ENTRE UM ONIBUS E UM AUTO,1,,,,,1,,,,1,,Cruzamento,Bom,Sem defeito,Perfeito estado,Seca,Perfeito estado,Faixa de pedestre,Outras,"",Dupla,Canteiro central,"",""
7531,2019-08-31T00:00:00,12:20:00,SEM VÍTIMA,FINALIZADA,AFOGADOS,EST DOS REMEDIOS,29,"",EM FRENTE AO Nº 29,EST DOS REMEDIOS,29,EM FRENTE AO Nº 29,AFOGADOS,53,"",COLISÃO TRASEIRA,COLISÃO SEM VITIMA,1,,,,,,1,,,0,,Longo da via,Bom,Sem defeito,Perfeito estado,Seca,Perfeito estado,Faixa de pedestre,Outras,"",Única,Faixa seccionada,"",""
7532,2019-08-31T00:00:00,12:48:00,SEM VÍTIMA,FINALIZADA,JARDIM SÃO PAULO,AV RECIFE,5635,RUA SENADOR ALBERTO PASQUALINI,PROX. DO SEMÁFORO 259,AV RECIFE,5635,PROX. DO SEMÁFORO 259,JARDIM SÃO PAULO,259,"",COLISÃO,COLISAO ENTRE AUTO E MOTO S/V,1,1,,,,,,,,0,,"","","","","","","","","","","","",""
7533,2019-08-31T00:00:00,13:37:00,SEM VÍTIMA,FINALIZADA,SÃO JOSÉ,RUA DA CONCORDIA,630,"",SERTÃO MOTO,RUA DA CONCORDIA,630,SERTÃO MOTO,SÃO JOSÉ,,SUBURBIO,COLISÃO TRASEIRA,VEICULO COLIDIU COM UM CICLISTA,1,,,1,,,,,,0,,Longo da via,Bom,Não existe,Perfeito estado,Seca,Perfeito estado,Não existe,Outras,"",Única,Não existe,"",""
7534,2019-08-31T00:00:00,13:37:00,SEM VÍTIMA,FINALIZADA,BOA VIAGEM,AV ENGENHEIRO DOMINGOS FERREIRA,"",RUA BARAO DE SOUZA LEAO,"",AV ENGENHEIRO DOMINGOS FERREIRA,"","",BOA VIAGEM,,SUBURBIO,ABALROAMENTO TRANSVERSAL,COLISÃO SEM VITIMA,2,,,,,,,,,0,,Cruzamento,Bom,Sem defeito,Perfeito estado,Seca,Perfeito estado,Faixa de pedestre,Outras,60 km/h,Única,Canteiro central,"",""
7535,2019-08-31T00:00:00,14:03:00,SEM VÍTIMA,FINALIZADA,IPUTINGA,RUA PROFESSOR MUSSA HAZIN,278,"","",RUA PROFESSOR MUSSA HAZIN,278,"",IPUTINGA,,CIDADE,ABALROAMENTO LONGITUDINAL,COLISÃO SEM VITIMA,1,,,,,,1,,,0,,Longo da via,Bom,Não existe,Perfeito estado,Seca,Perfeito estado,Não existe,Não há placas,"",Única,Não existe,"",""
7536,2019-08-31T00:00:00,14:20:00,SEM VÍTIMA,FINALIZADA,SÃO JOSÉ,VDO DAS CINCO PONTAS,"","",LADO OPOSTO AO FORTE,VDO DAS CINCO PONTAS,"",LADO OPOSTO AO FORTE,SÃO JOSÉ,199,SUBURBIO,COLISÃO FRONTAL,COLISAO ENTRE TRES AUTOS S/V,3,,,,,,,,,0,,Longo da via,Bom,Sem defeito,Perfeito estado,Seca,Perfeito estado,Faixa de pedestre,Outras,"",Única,Faixa contínua,"",""
7537,2019-08-31T00:00:00,14:27:00,SEM VÍTIMA,FINALIZADA,COQUEIRAL,RUA ALTO DA BELA VISTA,322,"","",RUA ALTO DA BELA VISTA,322,"",COQUEIRAL,,SUBURBIO,CHOQUE VEÍCULO PARADO,COLISÃO SEM VITIMA,1,,,,,1,,,,0,,Longo da via,Bom,Não existe,Não existente,Seca,Perfeito estado,Não existe,Não há placas,30 km/h,Dupla,Não existe,"",""
7538,2019-08-31T00:00:00,16:04:00,SEM VÍTIMA,FINALIZADA,VÁRZEA,AV PROFESSOR LUIZ FREIRE,"","",APÓS O IFPE,AV PROFESSOR LUIZ FREIRE,"",APÓS O IFPE,VÁRZEA,,SUBURBIO,ABALROAMENTO LONGITUDINAL,COLISÃO SEM VÍTIMA,1,1,,,,,,,,0,,Longo da via,Bom,Não existe,Perfeito estado,Seca,Perfeito estado,Não existe,Não há placas,"",Dupla,Faixa seccionada,"",""
7539,2019-08-31T00:00:00,17:02:00,SEM VÍTIMA,CANCELADA,ALTO JOSÉ BONIFÁCIO,RUA ALTO JOSE BONIFACIO,"","",NA SUBIDA DA LADEIRA,RUA ALTO JOSE BONIFACIO,"",NA SUBIDA DA LADEIRA,ALTO JOSÉ BONIFÁCIO,,"",COLISÃO,COLISÃO SEM VÍTIMA,2,,,,,,,,,0,,"","","","","","","","","","","","",""
7540,2019-08-31T00:00:00,17:05:00,SEM VÍTIMA,FINALIZADA,ÁGUA FRIA,EST VELHA DE AGUA FRIA,1029,"",EM FRENTE AO Nº 1029,EST VELHA DE AGUA FRIA,1029,EM FRENTE AO Nº 1029,ÁGUA FRIA,306,"",COLISÃO TRASEIRA,COLISÃO SEM VÍTIMA,3,,,,,,,,,0,,Longo da via,Bom,Não existe,Perfeito estado,Seca,Perfeito estado,Faixa de pedestre,"","",Dupla,Canteiro central,"",""
7541,2019-08-31T00:00:00,19:20:00,SEM VÍTIMA,FINALIZADA,SÃO JOSÉ,PRC DAS CINCO PONTAS,"","",EM FRENTE AO TRE DE PERNAMBUCO,PRC DAS CINCO PONTAS,"",EM FRENTE AO TRE DE PERNAMBUCO,SÃO JOSÉ,,CIDADE,ABALROAMENTO TRANSVERSAL,SPRINT X COMPASSO,1,,,,,,1,,,0,,"",Chuvoso,Não existe,Ilegível,Molhada,Mal iluminada,Não existe,Não há placas,"",Dupla,Blocos,"",""
7542,2019-08-31T00:00:00,21:26:00,SEM VÍTIMA,FINALIZADA,CORDEIRO,AV CAXANGA,2925,"","",AV CAXANGA,2925,"",CORDEIRO,,CIDADE,COLISÃO TRASEIRA,COLISÃO SEM VÍTIMA,2,,,,,,,,,0,,Longo da via,Chuvoso,Não existe,Perfeito estado,Molhada,Perfeito estado,Não existe,Não há placas,60 km/h,Dupla,Canteiro central,"",""
7543,2019-08-31T00:00:00,22:21:00,SEM VÍTIMA,FINALIZADA,BOA VIAGEM,AV BOA VIAGEM,1320,"","",AV BOA VIAGEM,1320,"",BOA VIAGEM,,CIDADE,COLISÃO TRASEIRA,COLISÃO SEM VÍTIMA,3,,,,,,,,,0,,Longo da via,Bom,Não existe,Ilegível,Seca,Mal iluminada,Não existe,Não há placas,60 km/h,Única,Faixa seccionada,"",""
7544,2019-08-31T00:00:00,22:28:00,SEM VÍTIMA,FINALIZADA,IBURA,AV DOIS RIOS,"","",EM FRENTE A IGREJA PENTECOSTAL,AV DOIS RIOS,"",EM FRENTE A IGREJA PENTECOSTAL,IBURA,,"",COLISÃO TRASEIRA,COLISÃO SEM VÍTIMA,1,1,,,,,,,,0,,Longo da via,Chuvoso,Não existe,"",Molhada,Mal iluminada,Não existe,Outras,"",Dupla,Faixa contínua,"",""
7545,2019-08-31T00:00:00,22:33:00,SEM VÍTIMA,FINALIZADA,AREIAS,AV TENENTE FELIPE BANDEIRA DE MELO,104,"","",AV TENENTE FELIPE BANDEIRA DE MELO,104,"",AREIAS,,SUBURBIO,ABALROAMENTO LONGITUDINAL,COLISÃO SEM VITIMA,2,,,,,,,,,0,,Longo da via,Chuvoso,Não existe,Ilegível,Molhada,Mal iluminada,Não existe,Não há placas,"",Dupla,Não existe,"",""