_id,DATA,hora,natureza_acidente,situacao,bairro,endereco,numero,detalhe_endereco_acidente,complemento,endereco_cruzamento,numero_cruzamento,referencia_cruzamento,bairro_cruzamento,num_semaforo,sentido_via,tipo,descricao,auto,moto,ciclom,ciclista,pedestre,onibus,caminhao,viatura,outros,vitimas,vitimasfatais,acidente_verificado,tempo_clima,situacao_semaforo,sinalizacao,condicao_via,conservacao_via,ponto_controle,situacao_placa,velocidade_max_via,mao_direcao,divisao_via1,divisao_via2,divisao_via3
7546,2019-09-01T00:00:00,06:21:00,COM VÍTIMA,FINALIZADA,BOA VISTA,AV CONDE DA BOA VISTA,50,"",SENT. DERBY EM FRENTE AO EDF. PESSOA DE MELO,AV CONDE DA BOA VISTA,50,SENT. DERBY EM FRENTE AO EDF. PESSOA DE MELO,BOA VISTA,,SUBURBIO,COLISÃO COM CICLISTA,DOIS ONIBUS E CICLISTA,,,,1,,2,,,,1,,Longo da via,Bom,Não existe,Perfeito estado,Seca,Perfeito estado,Não existe,Outras,"",Dupla,Faixa seccionada,Canteiro central,""
7547,2019-09-01T00:00:00,11:23:00,SEM VÍTIMA,FINALIZADA,ESPINHEIRO,AV JOAO DE BARROS,1500,"",EM FRENTE AO EXTRA SUPERMERCADO,AV JOAO DE BARROS,1500,EM FRENTE AO EXTRA SUPERMERCADO,ESPINHEIRO,,SUBURBIO,ABALROAMENTO LONGITUDINAL,ENTRE 02 AUTOS,2,,,,,,,,,0,,Longo da via,Bom,Sem defeito,Perfeito estado,Seca,Perfeito estado,"",Outras,"",Única,Não existe,"",""
7548,2019-09-01T00:00:00,11:33:00,SEM VÍTIMA,CANCELADA,MADALENA,RUA JOSE OSORIO,522,"",EM FRENTE A VISTORIA DO DETRAN,RUA JOSE OSORIO,522,EM FRENTE A VISTORIA DO DETRAN,MADALENA,,"",COLISÃO,"",2,,,,,,,,,0,,"","","","","","","","","","","","",""
7549,2019-09-01T00:00:00,12:13:00,COM VÍTIMA,FINALIZADA,AFOGADOS,RUA DA PAZ,"",RUA NICOLAU PEREIRA,EM FRENTE DA CAIXA ECONÔMICA,RUA DA PAZ,"",EM FRENTE DA CAIXA ECONÔMICA,AFOGADOS,,SUBURBIO,COLISÃO,COLISÃO COM VITIMA,1,1,,,,,,,,2,,Cruzamento,Bom,Sem defeito,Perfeito estado,Seca,Perfeito estado,Faixa de pedestre,"","",Única,Faixa seccionada,"",""
7550,2019-09-01T00:00:00,12:34:00,SEM VÍTIMA,FINALIZADA,BOA VISTA,AV CONDE DA BOA VISTA,"",RUA GONCALVES MAIA,POSTO SHELL,AV CONDE DA BOA VISTA,"",POSTO SHELL,BOA VISTA,,SUB/CID,COLISÃO TRASEIRA,COLISÃO SEM VÍTIMA,1,1,,,,,,,,0,,Longo da via,Bom,Sem defeito,Perfeito estado,Seca,Perfeito estado,Faixa de pedestre,Não há placas,40 km/h,Dupla,"","",""
7551,2019-09-01T00:00:00,12:41:00,COM VÍTIMA,FINALIZADA,BOA VIAGEM,RUA PADRE CARAPUCEIRO,"",RUA PROFESSOR JOAO MEDEIROS,EM FRENTE AO COLEGIO MOTIVO,RUA PADRE CARAPUCEIRO,"",EM FRENTE AO COLEGIO MOTIVO,BOA VIAGEM,321,"",ABALROAMENTO LONGITUDINAL,COLISÃO COM VÍTIMA,1,,,,,1,,,,1,,Cruzamento,Bom,Sem defeito,Perfeito estado,Seca,Perfeito estado,Faixa de pedestre,Não há placas,40 km/h,Única,Não existe,"",""
7552,2019-09-01T00:00:00,13:54:00,SEM VÍTIMA,FINALIZADA,VÁRZEA,AV CAXANGA,"","",EM FRENTE A ESTAÇÃO CAPIBARIBE,AV CAXANGA,"",EM FRENTE A ESTAÇÃO CAPIBARIBE,VÁRZEA,262,CIDADE,COLISÃO TRASEIRA,COLISÃO SEM VITIMA,3,,,,,,,,,0,,Longo da via,Bom,Sem defeito,Perfeito estado,Seca,Perfeito estado,Faixa de pedestre,R-6a,"",Dupla,Canteiro central,"",""
7553,2019-09-01T00:00:00,15:25:00,SEM VÍTIMA,FINALIZADA,PINA,AV ANTONIO DE GOES,194,"",EM FRENTE A SECRETARIA DE ADMINISTRAÇÃO,AV ANTONIO DE GOES,194,EM FRENTE A SECRETARIA DE ADMINISTRAÇÃO,PINA,,CIDADE,ABALROAMENTO LONGITUDINAL,COLISÃO SEM VÍTIMA,2,,,,,,,,,0,,Longo da via,Bom,Sem defeito,Perfeito estado,Seca,Perfeito estado,Não existe,Não há placas,"",Única,Faixa seccionada,"",""
7554,2019-09-01T00:00:00,17:58:00,SEM VÍTIMA,FINALIZADA,CASA FORTE,"EST DAS UBAIAS,",456,"",EM FRENTE A UBAIAS FOOD PARK,"EST DAS UBAIAS,",456,EM FRENTE A UBAIAS FOOD PARK,CASA FORTE,,SUBURBIO,ABALROAMENTO LONGITUDINAL,ENTRE 2 AUTOS. S.V,2,,,,,,,,,0,,Longo da via,Bom,Não existe,Perfeito estado,Seca,Perfeito estado,Não existe,R-6a,40 km/h,Dupla,Não existe,"",""
7555,2019-09-01T00:00:00,18:52:00,SEM VÍTIMA,FINALIZADA,IPSEP,RUA POTENGY,33,RUA IRAPUA,"",RUA POTENGY,33,"",IPSEP,,CIDADE,ABALROAMENTO LONGITUDINAL,HONDA CIT X PRISMA OBS: SUSPEITA DE EMBRIAGUEZ,2,,,,,,,,,0,,Longo da via,Bom,Não existe,Perfeito estado,Seca,Perfeito estado,Não existe,Placas Pare,"",Única,Não existe,"",""
7556,2019-09-01T00:00:00,20:08:00,SEM VÍTIMA,CANCELADA,AFOGADOS,EST DOS REMEDIOS,"","",ENTRE O ARMAZEM CORAL E BANCO BRADESCO,EST DOS REMEDIOS,"",ENTRE O ARMAZEM CORAL E BANCO BRADESCO,AFOGADOS,,"",COLISÃO,CORSA X CLASSIC,2,,,,,,,,,0,,"","","","","","","","","","","","",""
7557,2019-09-01T00:00:00,21:44:00,SEM VÍTIMA,CANCELADA,FUNDÃO,AV BEBERIBE,2693,RUA CORONEL URBANO RIBEIRO DE SENA,PROX A EQUIPADORA N.O.S,AV BEBERIBE,2693,PROX A EQUIPADORA N.O.S,FUNDÃO,307,"",COLISÃO,FIESTA X AUTO OBS: SUSPEITA DE EMBRIAGUEZ,2,,,,,,,,,0,,"","","","","","","","","","","","",""
7558,2019-09-01T00:00:00,21:59:00,SEM VÍTIMA,FINALIZADA,AFOGADOS,RUA VISCONDE DE PELOTAS,"",RUA VINTE E UM DE ABRIL,SEMAFORO 334,RUA VISCONDE DE PELOTAS,"",SEMAFORO 334,AFOGADOS,334,SUBURBIO,ABALROAMENTO TRANSVERSAL,LOGAN X AUTO OBS: SUSPEITA DE EMBRIAGUEZ,1,,,,,,,,,0,,Cruzamento,Chuvoso,Sem defeito,Perfeito estado,Molhada,Perfeito estado,"",Não há placas,"",Única,Faixa contínua,"",""
7559,2019-09-01T00:00:00,22:31:00,SEM VÍTIMA,FINALIZADA,IPSEP,AV RECIFE,3021,"",EM FRENTE AO Nº 3021 ANTES DO POSTO FEDERAL,AV RECIFE,3021,EM FRENTE AO Nº 3021 ANTES DO POSTO FEDERAL,IPSEP,,SUBURBIO,ABALROAMENTO LONGITUDINAL,ENTRE 2 AUTOS. S.V,2,,,,,,,,,0,,Longo da via,Chuvoso,Não existe,Perfeito estado,Molhada,Perfeito estado,Não existe,Não há placas,"",Única,Faixa seccionada,Canteiro central,""
7560,2019-09-01T00:00:00,23:19:00,SEM VÍTIMA,FINALIZADA,ÁGUA FRIA,RUA ALEGRE,"",RUA ZEFERINO AGRA,"",RUA ALEGRE,"","",ÁGUA FRIA,431,SUBURBIO,ABALROAMENTO TRANSVERSAL,ENTRE 2 AUTOS. S.V,2,,,,,,,,,0,,"",Chuvoso,Sem defeito,Perfeito estado,Molhada,Perfeito estado,Faixa de retenção,Não há placas,"",Única,Faixa seccionada,"",""
7561,2019-09-02T00:00:00,03:41:00,SEM VÍTIMA,FINALIZADA,DERBY,AV GOVERNADOR AGAMENON MAGALHAES,"",RUA DR BANDEIRA FILHO,"",AV GOVERNADOR AGAMENON MAGALHAES,"","",DERBY,173,"",ABALROAMENTO LONGITUDINAL,"COLISÃO ENTRE DOIS AUTOS, SEM VÍTIMAS",2,,,,,,,,,0,,Cruzamento,Chuvoso,Sem defeito,Perfeito estado,Molhada,Perfeito estado,"",Não há placas,"",Dupla,Canal,"",""
7562,2019-09-02T00:00:00,07:25:00,SEM VÍTIMA,FINALIZADA,IBURA,RUA RIO XINGU,95,"",EM FRENTE A FARMACIA MARINHO,RUA RIO XINGU,95,EM FRENTE A FARMACIA MARINHO,IBURA,,SUBURBIO,CHOQUE VEÍCULO PARADO,SEM VITIMAS,1,,,,,1,,,,0,,Longo da via,Chuvoso,Não existe,"",Molhada,Mal conservada,Não existe,Outras,"",Dupla,Faixa contínua,"",""
7563,2019-09-02T00:00:00,07:39:00,SEM VÍTIMA,CANCELADA,BARRO,AV DR JOSE RUFINO,2561,"",EM FRENTE A ESCOLA TIA CORUJA,AV DR JOSE RUFINO,2561,EM FRENTE A ESCOLA TIA CORUJA,BARRO,615,SUBURBIO,COLISÃO,COLISÃO S/VITIMAS ENTRE DOIS AUTOS,2,,,,,,,,,0,,"","","","","","","","","","","","",""
7564,2019-09-02T00:00:00,07:45:00,SEM VÍTIMA,CANCELADA,AREIAS,RUA JOSE NATARIO,343,"",EM FRENTE AO METROREC / SEN JARDIM SAO PAULO,RUA JOSE NATARIO,343,EM FRENTE AO METROREC / SEN JARDIM SAO PAULO,AREIAS,,"",COLISÃO,COISÃO DE DOIS CARROS,2,,,,,,,,,0,,"","","","","","","","","","","","",""
7565,2019-09-02T00:00:00,07:49:00,SEM VÍTIMA,FINALIZADA,SÃO JOSÉ,AV ENGENHEIRO JOSE ESTELITA,"","","",AV ENGENHEIRO JOSE ESTELITA,"","",SÃO JOSÉ,,CIDADE,COLISÃO TRASEIRA,COLISÃO S/VITIMAS ENTRE TRES AUTOS,3,,,,,,,,,0,,Longo da via,Chuvoso,Não existe,Perfeito estado,Molhada,Perfeito estado,Não existe,Não há placas,60 km/h,Dupla,Canteiro central,"",""
7566,2019-09-02T00:00:00,07:59:00,SEM VÍTIMA,CANCELADA,MADALENA,EST DOS REMEDIOS,2416,"",EM FRENTE AO POSTO LESSA DE ANDRADE,EST DOS REMEDIOS,2416,EM FRENTE AO POSTO LESSA DE ANDRADE,MADALENA,,"",COLISÃO,COLISÃO S/VITIMAS ENTRE DOIS AUTOS,2,,,,,,,,,0,,"","","","","","","","","","","","",""
7567,2019-09-02T00:00:00,08:02:00,SEM VÍTIMA,FINALIZADA,BOA VIAGEM,RUA VISCONDE DE JEQUITINHONHA,"",RUA DES JOAO PAES,AO LADO DO POSTE Nº B 006875,RUA VISCONDE DE JEQUITINHONHA,"",AO LADO DO POSTE Nº B 006875,BOA VIAGEM,,CIDADE,ABALROAMENTO LONGITUDINAL,COLISÃO S/VITIMAS DOIS AUTOS,2,,,,,,,,,0,,Cruzamento,Chuvoso,Não existe,Perfeito estado,Seca,Perfeito estado,Faixa de pedestre,Placas Pare,"",Única,Não existe,"",""
7568,2019-09-02T00:00:00,08:25:00,SEM VÍTIMA,CANCELADA,CORDEIRO,RUA PROFESSOR JOAQUIM XAVIER DE BRITO,166,RUA OCIDENTAL,"",RUA PROFESSOR JOAQUIM XAVIER DE BRITO,166,"",CORDEIRO,,"",COLISÃO,SEM VITIMAS,2,,,,,,,,,0,,"","","","","","","","","","","","",""
7569,2019-09-02T00:00:00,08:33:00,SEM VÍTIMA,FINALIZADA,ENGENHO DO MEIO,RUA COSTA SEPULVEDA,749,"",AO LADO DA NCTAR,RUA COSTA SEPULVEDA,749,AO LADO DA NCTAR,ENGENHO DO MEIO,,SUBURBIO,COLISÃO TRASEIRA,DOIS AUTOS,2,,,,,,,,,0,,Longo da via,Chuvoso,Não existe,Não existente,Molhada,Mal conservada,Não existe,Não há placas,"",Dupla,Não existe,"",""
7570,2019-09-02T00:00:00,08:34:00,COM VÍTIMA,FINALIZADA,CASA AMARELA,RUA BELA VISTA,212,RUA DES MOTTA JUNIOR,AO LADO PIZZARIA CANDELABRO,RUA BELA VISTA,212,AO LADO PIZZARIA CANDELABRO,CASA AMARELA,,SUBURBIO,ABALROAMENTO TRANSVERSAL,COLISÃO DE UM CARRO E UMA MOTO COM UMA VÍTIMA,1,1,,,,,,,,1,,Cruzamento,Nublado,Não existe,Não existente,Seca,Perfeito estado,Não existe,Não há placas,30 km/h,Dupla,Não existe,"",""
7571,2019-09-02T00:00:00,08:43:00,SEM VÍTIMA,DUPLICIDADE,BOA VIAGEM,RUA DES JOAO PAES,1880,RUA VISCONDE DE JEQUITINHONHA,EM FRENTE AO ARMAZEM FOOD,RUA DES JOAO PAES,1880,EM FRENTE AO ARMAZEM FOOD,BOA VIAGEM,,"",COLISÃO,COLISAO S/VITIMAS ENTRE DOIS AUTOS,2,,,,,,,,,0,,"","","","","","","","","","","","",""
7572,2019-09-02T00:00:00,08:48:00,SEM VÍTIMA,FINALIZADA,JARDIM SÃO PAULO,RUA BRAGANCA,"",RUA LORENA,AO LADO DO POSTE H 027049,RUA BRAGANCA,"",AO LADO DO POSTE H 027049,JARDIM SÃO PAULO,,"",ABALROAMENTO TRANSVERSAL,DOIS AUTOS,2,,,,,,,,,0,,Cruzamento,Chuvoso,Não existe,Incompleta,Molhada,Perfeito estado,Não existe,Placas Pare,"",Dupla,Não existe,"",""
7573,2019-09-02T00:00:00,08:55:00,SEM VÍTIMA,CANCELADA,MADALENA,RUA CARLOS GOMES,50,AV ENGENHEIRO ABDIAS DE CARVALHO,EM FRENTE A BIG CAR,RUA CARLOS GOMES,50,EM FRENTE A BIG CAR,MADALENA,57,CIDADE,COLISÃO,COLISÃO S/VITIMAS ENTRE DOIS AUTOS,2,,,,,,,,,0,,"","","","","","","","","","","","",""
7574,2019-09-02T00:00:00,09:24:00,SEM VÍTIMA,FINALIZADA,IMBIRIBEIRA,AV MARECHAL MASCARENHAS DE MORAES,1919,"",EM FRENTE AO JUIZADO ESPECIAL,AV MARECHAL MASCARENHAS DE MORAES,1919,EM FRENTE AO JUIZADO ESPECIAL,IMBIRIBEIRA,,CIDADE,ABALROAMENTO LONGITUDINAL,SEM VITIMAS,1,,,,,,1,,,0,,Longo da via,Bom,Não existe,Perfeito estado,Seca,Perfeito estado,Não existe,Não há placas,"",Única,Faixa seccionada,"",""
7575,2019-09-02T00:00:00,09:31:00,SEM VÍTIMA,FINALIZADA,BOA VIAGEM,RUA TENENTE JOAO CICERO,712,"",EM FRENTE AO EDF JOÃO COSTA,RUA TENENTE JOAO CICERO,712,EM FRENTE AO EDF JOÃO COSTA,BOA VIAGEM,,SUBURBIO,ABALROAMENTO LONGITUDINAL,SEM VITIMAS,2,,,,,,,,,0,,Longo da via,Chuvoso,Não existe,Perfeito estado,Seca,Perfeito estado,Não existe,R-6a,"",Única,Faixa seccionada,"",""
7576,2019-09-02T00:00:00,09:34:00,SEM VÍTIMA,FINALIZADA,PAISSANDU,AV ENGENHEIRO AGAMENON DE MAGALHAES MELO,"","","",AV ENGENHEIRO AGAMENON DE MAGALHAES MELO,"","",PAISSANDU,69,"",ABALROAMENTO LONGITUDINAL,COLISÃO S/VITIMAS ENTRE UM ONIBUS E UM AUTO,1,,,,,1,,,,0,,Longo da via,Chuvoso,Sem defeito,Perfeito estado,Molhada,Perfeito estado,Faixa de pedestre,"",60 km/h,Dupla,Canal,"",""
7577,2019-09-02T00:00:00,09:43:00,SEM VÍTIMA,FINALIZADA,AFOGADOS,EST DOS REMEDIOS,957,"",APÓS O POSTO IPIRANGA,EST DOS REMEDIOS,957,APÓS O POSTO IPIRANGA,AFOGADOS,,CIDADE,COLISÃO TRASEIRA,SEM VITIMAS,2,,,,,,,,,0,,Longo da via,Chuvoso,Não existe,Perfeito estado,Molhada,Perfeito estado,Não existe,Não há placas,"",Única,Faixa seccionada,"",""
7578,2019-09-02T00:00:00,10:00:00,SEM VÍTIMA,FINALIZADA,JOANA BEZERRA,AV BEIRA RIO,"","",PRÓXIMO A PONTE JOSÉ DE BARROS LIMA,AV BEIRA RIO,"",PRÓXIMO A PONTE JOSÉ DE BARROS LIMA,JOANA BEZERRA,,CIDADE,ABALROAMENTO LONGITUDINAL,COLISÃO S/VITIMAS ENTRE DOIS AUTOS,2,,,,,,,,,0,,Longo da via,Bom,Não existe,Perfeito estado,Seca,Perfeito estado,Não existe,Não há placas,"",Dupla,Faixa contínua,"",""
7579,2019-09-02T00:00:00,10:31:00,SEM VÍTIMA,FINALIZADA,IPUTINGA,RUA PROFESSOR ANTONIO COELHO,477,RUA EMILIANO BRAGA,"",RUA PROFESSOR ANTONIO COELHO,477,"",IPUTINGA,,CIDADE,ABALROAMENTO TRANSVERSAL,COLISÃO DE DOIS CARROS,2,,,,,,,,,0,,Longo da via,Bom,Não existe,Perfeito estado,Seca,Perfeito estado,Faixa de pedestre,Placas Pare,"",Única,Faixa contínua,Faixa seccionada,""
7580,2019-09-02T00:00:00,11:07:00,SEM VÍTIMA,FINALIZADA,PINA,RUA PROFESSOR JOSUE DE CASTRO,"","",DENTRO DO TÚNEL,RUA PROFESSOR JOSUE DE CASTRO,"",DENTRO DO TÚNEL,PINA,103,"",COLISÃO TRASEIRA,"COLISÃO ENTRE 2 AUTOS, SEM VÍTIMA.",2,,,,,,,,,0,,Longo da via,Bom,Sem defeito,Perfeito estado,Seca,Perfeito estado,Agente,Não há placas,60 km/h,Única,Faixa contínua,"",""
7581,2019-09-02T00:00:00,12:00:00,COM VÍTIMA,FINALIZADA,IPSEP,AV RECIFE,2828,"",LADO OPOSTO AO ANTIGO HOTEL ESTORIL / AUTO CENTER PLANET RODAS,AV RECIFE,2828,LADO OPOSTO AO ANTIGO HOTEL ESTORIL / AUTO CENTER PLANET RODAS,IPSEP,,SUBURBIO,TOMBAMENTO,MOTOCICLETA C/VÍTIMA,,1,,,,,,,,1,,Longo da via,Chuvoso,Não existe,Perfeito estado,Molhada,Mal conservada,Não existe,Não há placas,60 km/h,Única,Faixa seccionada,"",""
7582,2019-09-02T00:00:00,12:01:00,SEM VÍTIMA,FINALIZADA,PINA,RUA MANOEL DE BRITO,"",AV CONSUL JOSEPH NOUJAIM,TUNEL DA AV HERCULANO BANDEIRA,RUA MANOEL DE BRITO,"",TUNEL DA AV HERCULANO BANDEIRA,PINA,659,"",ABALROAMENTO LONGITUDINAL,COLISAO ENTRE DOIS AUTOS S/V,2,,,,,,,,,0,,Cruzamento,Bom,Sem defeito,Perfeito estado,Seca,Perfeito estado,Faixa de pedestre,Não há placas,40 km/h,Única,Faixa contínua,"",""
7583,2019-09-02T00:00:00,12:11:00,SEM VÍTIMA,FINALIZADA,IBURA,AV QUEIXARAMOBIM,69,"",EM FRENTE AO TERMINAL UR II,AV QUEIXARAMOBIM,69,EM FRENTE AO TERMINAL UR II,IBURA,,SUBURBIO,ABALROAMENTO LONGITUDINAL,COLISAO ENTRE ONIBUS E MOTO,,1,,,,1,,,,0,,Longo da via,Bom,Não existe,Incompleta,Seca,Mal conservada,Não existe,Não há placas,"",Dupla,Não existe,"",""
7584,2019-09-02T00:00:00,12:44:00,SEM VÍTIMA,FINALIZADA,TEJIPIÓ,RUA APRIGIO GUIMARAES,840,"",ESCOLA SÃO JORGE,RUA APRIGIO GUIMARAES,840,ESCOLA SÃO JORGE,TEJIPIÓ,,"",ABALROAMENTO LONGITUDINAL,COLISAO ENTRE ONIBUS E AUTO S/V,1,,,,,1,,,,0,,Longo da via,Bom,Não existe,Incompleta,Seca,Perfeito estado,Não existe,Outras,"",Dupla,Não existe,"",""
7585,2019-09-02T00:00:00,12:46:00,COM VÍTIMA,FINALIZADA,CAMPO GRANDE,EST DE BELEM,516,"",EM FRENTE AO EDIF AQUILES,EST DE BELEM,516,EM FRENTE AO EDIF AQUILES,CAMPO GRANDE,,SUBURBIO,ABALROAMENTO LONGITUDINAL,"COLISÃO COM VITIMA, VITIMA AGUARDANDO O SAMU NO LOCAL",2,1,,,,,,,,1,,Longo da via,Bom,Sem defeito,Perfeito estado,Seca,Perfeito estado,Outros,Outras,"",Dupla,Faixa contínua,"",""
7586,2019-09-02T00:00:00,12:47:00,SEM VÍTIMA,CANCELADA,BOA VIAGEM,AV CONSELHEIRO AGUIAR,"","",PROX A LOJA DA BATERIAS MOURA NO SEMAFORO 133 S/T CID,AV CONSELHEIRO AGUIAR,"",PROX A LOJA DA BATERIAS MOURA NO SEMAFORO 133 S/T CID,BOA VIAGEM,,"",COLISÃO,COLISAO ENTRE DOIS AUTOS S/V,2,,,,,,,,,0,,"","","","","","","","","","","","",""
7587,2019-09-02T00:00:00,13:01:00,COM VÍTIMA,DUPLICIDADE,CAMPO GRANDE,EST DE BELEM,"","",PROX A UMA QUINTANDARIA/ PROX A PRAÇA DO HIPODROMO,EST DE BELEM,"",PROX A UMA QUINTANDARIA/ PROX A PRAÇA DO HIPODROMO,CAMPO GRANDE,,"",ENGAVETAMENTO,DOIS AUTOS X MOTO COM VÍTIMA,2,1,,,,,,,,1,,"","","","","","","","","","","","",""
7588,2019-09-02T00:00:00,13:52:00,SEM VÍTIMA,FINALIZADA,BOA VIAGEM,AV DOM JOAO VI,1035,"",POR TRÁS DO SHOPPING RECIFE,AV DOM JOAO VI,1035,POR TRÁS DO SHOPPING RECIFE,BOA VIAGEM,,SUBURBIO,COLISÃO TRASEIRA,ENTRE TRES AUTOS S/V,3,,,,,,,,,0,,Longo da via,Bom,Não existe,Perfeito estado,Seca,Perfeito estado,Não existe,Não há placas,60 km/h,Dupla,Faixa seccionada,"",""
7589,2019-09-02T00:00:00,13:59:00,SEM VÍTIMA,FINALIZADA,IPUTINGA,RUA REZENDE,"","",APOS A ESCOLA CRESCER,RUA REZENDE,"",APOS A ESCOLA CRESCER,IPUTINGA,,"",COLISÃO,COLISÃO SEM VITIMA,2,,,,,,,,,0,,"","","","","","","","","","","","",""
7590,2019-09-02T00:00:00,15:26:00,SEM VÍTIMA,FINALIZADA,VASCO DA GAMA,AV NORTE,6720,"",POSTO BR,AV NORTE,6720,POSTO BR,VASCO DA GAMA,,SUBURBIO,COLISÃO TRASEIRA,ALIMENTADORA X AUTO PASSEIO S/V,1,,,,,1,,,,0,,Longo da via,Bom,"","",Seca,Perfeito estado,"",Não há placas,"",Dupla,Canteiro central,"",""
7591,2019-09-02T00:00:00,15:57:00,SEM VÍTIMA,FINALIZADA,MADALENA,RUA BELARMINO CARNEIRO,74,"",AO LADO DO CANTO KIDS,RUA BELARMINO CARNEIRO,74,AO LADO DO CANTO KIDS,MADALENA,,SUBURBIO,COLISÃO TRASEIRA,ENTRE DOIS AUTOS S/V,2,,,,,,,,,0,,Longo da via,Bom,Não existe,Incompleta,Seca,Perfeito estado,Não existe,Não há placas,"",Dupla,Não existe,"",""
7592,2019-09-02T00:00:00,16:15:00,SEM VÍTIMA,FINALIZADA,BOA VISTA,RUA SANTA LUZIA,"","",PRÓXIMO AO HOSPITAL GOUVEIA DE BARROS,RUA SANTA LUZIA,"",PRÓXIMO AO HOSPITAL GOUVEIA DE BARROS,BOA VISTA,,SUBURBIO,COLISÃO TRASEIRA,COLISAO ENTRE DOIS AUTOS S/V,2,,,,,,,,,0,,Cruzamento,Bom,Sem defeito,Perfeito estado,Seca,Perfeito estado,"",Não há placas,"",Única,Faixa seccionada,"",""
7593,2019-09-02T00:00:00,16:24:00,SEM VÍTIMA,FINALIZADA,BOA VIAGEM,AV BOA VIAGEM,3778,"","",AV BOA VIAGEM,3778,"",BOA VIAGEM,,CIDADE,COLISÃO TRASEIRA,COLISÃO ENTRE DOIS AUTOS,2,,,,,,,,,0,,Longo da via,Bom,Não existe,Perfeito estado,Seca,Perfeito estado,Não existe,Não há placas,"",Única,Faixa seccionada,"",""
7594,2019-09-02T00:00:00,16:34:00,SEM VÍTIMA,FINALIZADA,IMBIRIBEIRA,AV MARECHAL MASCARENHAS DE MORAES,7935,"",LADO OPOSTO A LOJA CONTINENTAL,AV MARECHAL MASCARENHAS DE MORAES,7935,LADO OPOSTO A LOJA CONTINENTAL,IMBIRIBEIRA,,SUBURBIO,ABALROAMENTO LONGITUDINAL,COLISAO ENTRE DOIS AUTOS S/V,2,,,,,,,,,0,,Longo da via,Bom,Não existe,Perfeito estado,Seca,Perfeito estado,Não existe,Não há placas,60 km/h,Dupla,Canteiro central,"",""
7595,2019-09-02T00:00:00,17:16:00,SEM VÍTIMA,FINALIZADA,SANTO AMARO,AV MARIO MELO,"","",LADO OPOSTO ESCOLA ESTADUAL SYLVIO RABELLO,AV MARIO MELO,"",LADO OPOSTO ESCOLA ESTADUAL SYLVIO RABELLO,SANTO AMARO,,SUBURBIO,ABALROAMENTO LONGITUDINAL,COLISAO ENTRE DOIS AUTOS S/V,2,,,,,,,,,0,,Longo da via,Bom,Não existe,Perfeito estado,Seca,Perfeito estado,Não existe,Não há placas,"",Dupla,Canteiro central,"",""
7596,2019-09-02T00:00:00,17:29:00,SEM VÍTIMA,FINALIZADA,TORRE,RUA JOSE BONIFACIO,894,"","",RUA JOSE BONIFACIO,894,"",TORRE,,CIDADE,ABALROAMENTO LONGITUDINAL,COLISÃO SEM VITIMA,2,,,,,,,,,0,,Longo da via,Bom,Não existe,Perfeito estado,Seca,Mal conservada,Não existe,R-6a,"",Única,Não existe,"",""
7597,2019-09-02T00:00:00,18:50:00,SEM VÍTIMA,FINALIZADA,PINA,RUA TOME GIBSON,"",AVENIDA CELSO FURTADO (VIA MANGUE),"",RUA TOME GIBSON,"","",PINA,,CIDADE,COLISÃO TRASEIRA,ENTRE 2 AUTOS. S/V,2,,,,,,,,,0,,Longo da via,Bom,Não existe,Ilegível,Seca,Perfeito estado,Não existe,Não há placas,60 km/h,Dupla,Não existe,"",""
7598,2019-09-02T00:00:00,18:57:00,SEM VÍTIMA,CANCELADA,SAN MARTIN,AV DR JOSE RUFINO,241,RUA JOAO TEIXEIRA,E/F AO COLÉGIO VISAO --- SEMÁFORO 082,AV DR JOSE RUFINO,241,E/F AO COLÉGIO VISAO --- SEMÁFORO 082,SAN MARTIN,,"",COLISÃO,ENTRE AUTO E CARRETA. S.V,1,,,,,,1,,,0,,"","","","","","","","","","","","",""
7599,2019-09-02T00:00:00,19:14:00,"","",IPUTINGA,AV CAXANGA,4251,"",CAXANGÁ VEÍCULOS,AV CAXANGA,4251,CAXANGÁ VEÍCULOS,IPUTINGA,270,CIDADE,ABALROAMENTO LONGITUDINAL,FISCALIZAÇÃO DE ÁREA.,1,,,,,1,,,,,,Longo da via,Bom,Sem defeito,Perfeito estado,Seca,Perfeito estado,Não existe,Outras,"",Única,Faixa seccionada,"",""
7600,2019-09-02T00:00:00,19:46:00,SEM VÍTIMA,FINALIZADA,NOVA DESCOBERTA,AV VEREADOR OTACILIO AZEVEDO,"",RUA SANTA TEREZA,"",AV VEREADOR OTACILIO AZEVEDO,"","",NOVA DESCOBERTA,,"",ABALROAMENTO LONGITUDINAL,ONIBUS X AUTO. S/V,1,,,,,1,,,,0,,Cruzamento,Bom,Não existe,Ilegível,Seca,Mal iluminada,Não existe,Não há placas,"",Dupla,Não existe,"",""
7601,2019-09-02T00:00:00,20:17:00,SEM VÍTIMA,FINALIZADA,VÁRZEA,AV CAXANGA,4251,"",ENF A CAXANGA VEICULOS,AV CAXANGA,4251,ENF A CAXANGA VEICULOS,VÁRZEA,,"",COLISÃO,VT DA CTTU N:10 ESTA NO LOCAL // ONIBUS BRT X HB 20,1,,,,,1,,,,0,,"","","","","","","","","","","","",""
7602,2019-09-02T00:00:00,20:47:00,SEM VÍTIMA,FINALIZADA,TAMARINEIRA,AV NORTE,"",RUA EUCLIDES GOMES DE FREITAS,SEMÁFORO Nº 643,AV NORTE,"",SEMÁFORO Nº 643,TAMARINEIRA,643,SUBURBIO,COLISÃO TRASEIRA,VT 06 DA CTTU NO LOCAL // PALIO X ONIBUS,1,,,,,1,,,,0,,Cruzamento,Bom,Sem defeito,Perfeito estado,Seca,Perfeito estado,"",R-6a,"",Dupla,Canteiro central,"",""