_id,DATA,hora,natureza_acidente,situacao,bairro,endereco,numero,detalhe_endereco_acidente,complemento,endereco_cruzamento,numero_cruzamento,referencia_cruzamento,bairro_cruzamento,num_semaforo,sentido_via,tipo,descricao,auto,moto,ciclom,ciclista,pedestre,onibus,caminhao,viatura,outros,vitimas,vitimasfatais,acidente_verificado,tempo_clima,situacao_semaforo,sinalizacao,condicao_via,conservacao_via,ponto_controle,situacao_placa,velocidade_max_via,mao_direcao,divisao_via1,divisao_via2,divisao_via3
7712,2019-09-06T00:00:00,07:15:00,COM VÍTIMA,FINALIZADA,ILHA JOANA BEZERRA,RUA CAPITAO TEMUDO,"","",EM CIMA DO VIADUTO CAPITÃO TEMUDO,RUA CAPITAO TEMUDO,"",EM CIMA DO VIADUTO CAPITÃO TEMUDO,ILHA JOANA BEZERRA,,BOA VIAGEM,COLISÃO COM CICLISTA,VITIMA A ESPERA DO SAMU,,1,,1,,,,,,1,,Viaduto,Chuvoso,Não existe,Perfeito estado,Molhada,Perfeito estado,Não existe,Não há placas,"",Dupla,Canteiro central,"",""
7713,2019-09-06T00:00:00,07:27:00,SEM VÍTIMA,FINALIZADA,IBURA,RUA RIO XINGU,366,"","",RUA RIO XINGU,366,"",IBURA,,SUBURBIO,ABALROAMENTO LONGITUDINAL,COLISAO DE MOTO EM TRASEIRA DE CARRO,1,1,,,,,,,,0,,Longo da via,Chuvoso,Não existe,Perfeito estado,Molhada,Perfeito estado,Não existe,Não há placas,"",Dupla,Não existe,"",""
7714,2019-09-06T00:00:00,07:33:00,SEM VÍTIMA,FINALIZADA,MADALENA,RUA DOM MANOEL DA COSTA,"",RUA PADRE LANDIM,"",RUA DOM MANOEL DA COSTA,"","",MADALENA,252,CIDADE,ABALROAMENTO TRANSVERSAL,SEM VITIMAS/UM DOS VEÍCULOS ESTOUROU O PNEU E ESTA SEM CONDIÇÕES DE REMOÇÃO,3,,,,,,,,,0,,Cruzamento,Bom,Sem defeito,Incompleta,Seca,Perfeito estado,Não existe,R-6a,"",Dupla,Faixa seccionada,"",""
7715,2019-09-06T00:00:00,07:53:00,SEM VÍTIMA,PENDENTE,ESPINHEIRO,AV JOAO DE BARROS,"",RUA CONS PORTELA,FARMACIA PAGUE MENOS,AV JOAO DE BARROS,"",FARMACIA PAGUE MENOS,ESPINHEIRO,11,CIDADE,COLISÃO,COLISÃO DE DOIS CARROS,2,,,,,,,,,0,,"","","","","","","","","","","","",""
7716,2019-09-06T00:00:00,08:50:00,SEM VÍTIMA,CANCELADA,IPSEP,AV RECIFE,"","",APOS O HOSPITAL PAN DE AREIAS AO LADO DO SUPERMERCADO BIG BOM PREÇO,AV RECIFE,"",APOS O HOSPITAL PAN DE AREIAS AO LADO DO SUPERMERCADO BIG BOM PREÇO,IPSEP,,CAXANGA,COLISÃO,COLISÃO SEM VITIMAS,2,,,,,,,,,0,,"","","","","","","","","","","","",""
7717,2019-09-06T00:00:00,09:04:00,SEM VÍTIMA,FINALIZADA,CASA FORTE,AV DEZESSETE DE AGOSTO,1270,RUA OLIVEIRA GOES,LADO OPOSTO A FARMACIA DROGASIL,AV DEZESSETE DE AGOSTO,1270,LADO OPOSTO A FARMACIA DROGASIL,CASA FORTE,,CIDADE,ABALROAMENTO TRANSVERSAL,COLISÃO /VITIMAS ENTRE DOIS AUTOS,2,,,,,,,,,0,,Longo da via,Bom,Não existe,Perfeito estado,Seca,Perfeito estado,Não existe,Placas Pare,"",Dupla,"","",""
7718,2019-09-06T00:00:00,09:14:00,SEM VÍTIMA,FINALIZADA,VÁRZEA,AV CAXANGA,"",RUA SAO FRANCISCO DE PAULA,Nº 17 QUE ESTA NA RUA SÃO FRANCISCO DE PAULA,AV CAXANGA,"",Nº 17 QUE ESTA NA RUA SÃO FRANCISCO DE PAULA,VÁRZEA,568,SUBURBIO,ABALROAMENTO TRANSVERSAL,COLISÃO SEM VITIMAS,1,,,,,,1,,,0,,Cruzamento,Chuvoso,Sem defeito,Perfeito estado,Seca,Perfeito estado,Faixa de pedestre,R-6a,60 km/h,Única,Canteiro central,"",""
7719,2019-09-06T00:00:00,11:11:00,SEM VÍTIMA,FINALIZADA,AFOGADOS,RUA NICOLAU PEREIRA,"","",SOB O PONTILHÃO DO METRO,RUA NICOLAU PEREIRA,"",SOB O PONTILHÃO DO METRO,AFOGADOS,,SUBURBIO,ABALROAMENTO LONGITUDINAL,COLISÃO SEM VITIMAS,1,,,,,1,,,,0,,Longo da via,Bom,Não existe,Perfeito estado,Seca,Perfeito estado,Não existe,Outras,"",Única,Faixa seccionada,"",""
7720,2019-09-06T00:00:00,11:22:00,SEM VÍTIMA,FINALIZADA,CORDEIRO,AV MAURICIO DE NASSAU,"",RUA N S DA SAUDE,"",AV MAURICIO DE NASSAU,"","",CORDEIRO,88,CIDADE,ABALROAMENTO LONGITUDINAL,COLISÃO S/VITIMAS ENTRE ONIBUS E AUTO,1,,,,,1,,,,0,,Cruzamento,Bom,Sem defeito,Perfeito estado,Seca,Perfeito estado,Faixa de pedestre,Outras,"",Dupla,Faixa contínua,"",""
7721,2019-09-06T00:00:00,11:53:00,SEM VÍTIMA,FINALIZADA,BAIRRO DO RECIFE,AV MILITAR,"","",FORTE DO BRUM,AV MILITAR,"",FORTE DO BRUM,BAIRRO DO RECIFE,,CIDADE,ABALROAMENTO LONGITUDINAL,COLISÃO S/VITIMAS ENTRE DOIS AUTOS,2,,,,,,,,,0,,"",Bom,Não existe,Incompleta,Seca,Perfeito estado,Não existe,R-6a,"",Dupla,Canteiro central,"",""
7722,2019-09-06T00:00:00,12:21:00,SEM VÍTIMA,FINALIZADA,BOA VIAGEM,RUA JOAO CARDOSO AIRES,971,RUA CAMBOIM,RESTAURANTE DO BAMBAM,RUA JOAO CARDOSO AIRES,971,RESTAURANTE DO BAMBAM,BOA VIAGEM,,SUBURBIO,ABALROAMENTO TRANSVERSAL,VEICULO CHOCOU COM UMA ARVORE,2,,,,,,,,,0,,Cruzamento,Bom,Não existe,"",Seca,Perfeito estado,Não existe,Placas Pare,40 km/h,Dupla,Não existe,"",""
7723,2019-09-06T00:00:00,12:23:00,SEM VÍTIMA,CANCELADA,BEBERIBE,RUA JOAO BORBA MARANHAO,48,"",PROXIMO AO COLEGIO NOVENTA GRAUS,RUA JOAO BORBA MARANHAO,48,PROXIMO AO COLEGIO NOVENTA GRAUS,BEBERIBE,,"",COLISÃO,COLISÃO SEM VÍTIMA,1,,,,,,1,,,0,,"","","","","","","","","","","","",""
7724,2019-09-06T00:00:00,12:46:00,COM VÍTIMA,FINALIZADA,SANTO AMARO,RUA AURORA,"",RUA JOAO LIRA,EM FRENTE AO TRIBUNAL DE CONTAS,RUA AURORA,"",EM FRENTE AO TRIBUNAL DE CONTAS,SANTO AMARO,,SUBURBIO,ABALROAMENTO LONGITUDINAL,COLISÃO COM VÍTIMA,1,1,,,,,,,,1,,Esquina,Bom,Não existe,Perfeito estado,Seca,Perfeito estado,Não existe,Outras,"",Única,Faixa seccionada,"",""
7725,2019-09-06T00:00:00,12:53:00,SEM VÍTIMA,FINALIZADA,AREIAS,AV RECIFE,"","",E/F AO SUPERMERCADO MAKRO,AV RECIFE,"",E/F AO SUPERMERCADO MAKRO,AREIAS,621,"",COLISÃO TRASEIRA,COLISAO ENTRE AUTO E MOTO S/V,1,1,,,,,,,,0,,Longo da via,Bom,Sem defeito,Perfeito estado,Seca,Perfeito estado,"",Outras,"",Dupla,Canteiro central,"",""
7726,2019-09-06T00:00:00,13:05:00,SEM VÍTIMA,FINALIZADA,ESPINHEIRO,AV NORTE,"","",EM FRENTE A CONCESSIONÁRIA NISSAN,AV NORTE,"",EM FRENTE A CONCESSIONÁRIA NISSAN,ESPINHEIRO,,CIDADE,COLISÃO TRASEIRA,COLISÃO SEM VÍTIMA,2,,,,,,,,,0,,Longo da via,Bom,Sem defeito,Perfeito estado,Seca,Perfeito estado,Faixa de retenção,R-4b,"",Dupla,Faixa seccionada,Canteiro central,""
7727,2019-09-06T00:00:00,14:42:00,SEM VÍTIMA,FINALIZADA,BOA VIAGEM,AV ENGENHEIRO DOMINGOS FERREIRA,"","",EM FRENTE DO EXTRA,AV ENGENHEIRO DOMINGOS FERREIRA,"",EM FRENTE DO EXTRA,BOA VIAGEM,,SUBURBIO,COLISÃO TRASEIRA,COLISÃO SEM VITIMA,2,,,,,,,,,0,,Longo da via,Bom,Não existe,Perfeito estado,Seca,Perfeito estado,Não existe,"",60 km/h,Dupla,Faixa contínua,Faixa seccionada,Canteiro central
7728,2019-09-06T00:00:00,14:41:00,COM VÍTIMA,FINALIZADA,JIQUIÁ,AV DR JOSE RUFINO,XX,"",PRÓXIMO À PONTE DO JIQUIÁ / POSTO PETROISA,AV DR JOSE RUFINO,XX,PRÓXIMO À PONTE DO JIQUIÁ / POSTO PETROISA,JIQUIÁ,,CIDADE,ABALROAMENTO TRANSVERSAL,COLISÃO COM VÍTIMA,1,1,,,,,,,,1,,Longo da via,Bom,Não existe,Perfeito estado,Seca,Perfeito estado,Não existe,Outras,"",Dupla,Faixa contínua,"",""
7729,2019-09-06T00:00:00,15:33:00,COM VÍTIMA,CANCELADA,CABANGA,RUA COMANDANTE ANTONIO MANHAES DE MATTOS,"","",EM FRENTE A COMPESA,RUA COMANDANTE ANTONIO MANHAES DE MATTOS,"",EM FRENTE A COMPESA,CABANGA,661,"",COLISÃO,COLISÃO COM VÍTIMA,1,1,,,,,,,,1,,"","","","","","","","","","","","",""
7730,2019-09-06T00:00:00,15:50:00,SEM VÍTIMA,FINALIZADA,HIPÓDROMO,RUA PROFESSOR JERONIMO GUEIROS,"",RUA MEM DE SA,"",RUA PROFESSOR JERONIMO GUEIROS,"","",HIPÓDROMO,,SUBURBIO,COLISÃO FRONTAL,COLISÃO SEM VÍTIMA,2,,,,,,,,,0,,Cruzamento,Bom,Sem defeito,Incompleta,Seca,Perfeito estado,Não existe,Não há placas,40 km/h,Dupla,Canal,"",""
7731,2019-09-06T00:00:00,15:56:00,SEM VÍTIMA,CANCELADA,CASA AMARELA,RUA DA MANGABEIRA,4578,"",APOS O SESI DE CASA AMARELA E/F A PADARIA,RUA DA MANGABEIRA,4578,APOS O SESI DE CASA AMARELA E/F A PADARIA,CASA AMARELA,,"",COLISÃO,COLISAO ENTRE DOIS AUTOS SE UMA MOTO DO GAS S/V,3,1,,,,,,,,0,,"","","","","","","","","","","","",""
7732,2019-09-06T00:00:00,16:32:00,COM VÍTIMA,FINALIZADA,SANTO AMARO,AV GOVERNADOR AGAMENON MAGALHAES,777,BEC DOS CASADOS,ESQUINA DO POSTO BR DO TACARUNA S/T OLINDA PISTA LOCAL,AV GOVERNADOR AGAMENON MAGALHAES,777,ESQUINA DO POSTO BR DO TACARUNA S/T OLINDA PISTA LOCAL,SANTO AMARO,,SUBURBIO,ABALROAMENTO LONGITUDINAL,COLISAO ENTRE AUTO E MOTO COM UMA VITIMA,1,1,,,,,,,,1,,Esquina,Bom,Não existe,Perfeito estado,Seca,Perfeito estado,Não existe,Não há placas,"",Única,Não existe,"",""
7733,2019-09-06T00:00:00,17:03:00,SEM VÍTIMA,FINALIZADA,ILHA JOANA BEZERRA,RUA CABO EUTROPIO,585,"",E/F AO BAR DO JACAU,RUA CABO EUTROPIO,585,E/F AO BAR DO JACAU,ILHA JOANA BEZERRA,,"",COLISÃO,COLISAO ENTRE DOIS AUTOS S/V,2,,,,,,,,,0,,"","","","","","","","","","","","",""
7734,2019-09-06T00:00:00,17:10:00,SEM VÍTIMA,FINALIZADA,DOIS IRMÃOS,RUA MANUEL DE MEDEIROS,"","","EM FRENTE A UFRPE , Z-4",RUA MANUEL DE MEDEIROS,"","EM FRENTE A UFRPE , Z-4",DOIS IRMÃOS,,CIDADE,ABALROAMENTO LONGITUDINAL,COLISAO ENTRE AUTO E CAMINHAO S/V,1,,,,,,1,,,0,,Longo da via,Bom,Não existe,Perfeito estado,Seca,Perfeito estado,Não existe,Outras,"",Dupla,Faixa seccionada,"",""
7735,2019-09-06T00:00:00,17:15:00,COM VÍTIMA,FINALIZADA,BOA VISTA,AV GOVERNADOR AGAMENON MAGALHAES,"",RUA DR LEOPOLDO LINS,PROXIMO A CAIXA ECONOMICA,AV GOVERNADOR AGAMENON MAGALHAES,"",PROXIMO A CAIXA ECONOMICA,BOA VISTA,78,SUBURBIO,ATROPELAMENTO,ATROPELAMENTPO ENTRE MOTO E PEDESTRE,,1,,,1,,,,,2,,Cruzamento,Chuvoso,Sem defeito,Perfeito estado,Molhada,Perfeito estado,Faixa de pedestre,"",60 km/h,Dupla,Canteiro central,"",""
7736,2019-09-06T00:00:00,17:26:00,SEM VÍTIMA,CANCELADA,JAQUEIRA,RUA DEPUTADO PEDRO PIRES FERREIRA,216,RUA DO FUTURO,AO LADO DA GALERIA PARK CENTER,RUA DEPUTADO PEDRO PIRES FERREIRA,216,AO LADO DA GALERIA PARK CENTER,JAQUEIRA,,"",COLISÃO,COLISÃO SEM VÍTIMA,1,1,,,,,,,,0,,"","","","","","","","","","","","",""
7737,2019-09-06T00:00:00,18:17:00,COM VÍTIMA,FINALIZADA,IPSEP,RUA DR RAPOSO PINTO,523,"",APÓS A ACADEMIA GOLFINHO,RUA DR RAPOSO PINTO,523,APÓS A ACADEMIA GOLFINHO,IPSEP,,"",ABALROAMENTO LONGITUDINAL,ENTRE AUTO E MOTO. C/V,1,1,,,,,,,,1,,Longo da via,Bom,Não existe,Não existente,Seca,Perfeito estado,Não existe,Não há placas,"",Dupla,Não existe,"",""
7738,2019-09-06T00:00:00,18:39:00,SEM VÍTIMA,FINALIZADA,DERBY,AV GOVERNADOR AGAMENON MAGALHAES,"","",E/F AO CLUBE PORTUGUÊS,AV GOVERNADOR AGAMENON MAGALHAES,"",E/F AO CLUBE PORTUGUÊS,DERBY,,SUBURBIO,COLISÃO TRASEIRA,ENTRE AUTO E MOTO. S/V,1,1,,,,,,,,0,,Longo da via,Bom,Sem defeito,Perfeito estado,Seca,Perfeito estado,Não existe,Não há placas,"",Única,Não existe,"",""
7739,2019-09-06T00:00:00,19:53:00,SEM VÍTIMA,CANCELADA,IPSEP,AV RECIFE,2856,"","E/F A SERGIO MULTIMARCAS, SNT CID-UNIV / NO LADO DIREITO",AV RECIFE,2856,"E/F A SERGIO MULTIMARCAS, SNT CID-UNIV / NO LADO DIREITO",IPSEP,,"",COLISÃO,ENTRE 2 AUTOS. S/V,2,,,,,,,,,0,,"","","","","","","","","","","","",""
7740,2019-09-06T00:00:00,20:20:00,COM VÍTIMA,FINALIZADA,IMBIRIBEIRA,AV PINHEIROS,322,RUA GRASIELA,E/F AO BAR WHISKRITÓRIO / PRÓX AO PR COMERCIAL MÉDICA LTDA,AV PINHEIROS,322,E/F AO BAR WHISKRITÓRIO / PRÓX AO PR COMERCIAL MÉDICA LTDA,IMBIRIBEIRA,,SUBURBIO,ABALROAMENTO TRANSVERSAL,ENTRE AUTO E MOTO. C/V,1,1,,,,,,,,1,,Cruzamento,Bom,Não existe,Incompleta,Seca,Perfeito estado,Não existe,Outras,"",Dupla,Não existe,"",""
7741,2019-09-06T00:00:00,20:58:00,SEM VÍTIMA,FINALIZADA,ILHA DO LEITE,RUA GENERAL JOAQUIM INACIO,830,"",EM FRENTE A FARMACIA INDEPENDENTE,RUA GENERAL JOAQUIM INACIO,830,EM FRENTE A FARMACIA INDEPENDENTE,ILHA DO LEITE,,CIDADE,ABALROAMENTO LONGITUDINAL,CLASSIC X RENAULT,2,,,,,,,,,0,,Longo da via,Bom,Não existe,Ilegível,Seca,Mal iluminada,Não existe,Não há placas,"",Única,Não existe,"",""
7742,2019-09-06T00:00:00,21:12:00,SEM VÍTIMA,CANCELADA,ÁGUA FRIA,AV BEBERIBE,"",RUA CORONEL URBANO RIBEIRO DE SENA,SEMÁFORO 307,AV BEBERIBE,"",SEMÁFORO 307,ÁGUA FRIA,,"",CHOQUE OBJETO FIXO,"CONDUTOR ( APARENTEMENTE EMBRIGADO, SEGUNDO AS INFOS DO USUÁRIO) ACABOU PERDENDO O CONTROLE DO VEÍCULO E SE CHOCOU CONTRA O POSTE. O MESMO NÃO SABE DIZER SE O SAMU FOI CHAMADO",1,,,,,,,,,0,,"","","","","","","","","","","","",""
7743,2019-09-11T00:00:00,08:00:00,COM VÍTIMA,FINALIZADA,ESPINHEIRO,RUA DO ESPINHEIRO,"",RUA SANTO ELIAS,E/F AO POSTO IPIRANGA / PRÓX A SILUETS GRAÇAS,RUA DO ESPINHEIRO,"",E/F AO POSTO IPIRANGA / PRÓX A SILUETS GRAÇAS,ESPINHEIRO,,CIDADE,ABALROAMENTO LONGITUDINAL,ENTRE AUTO E MOTO. C/V,1,1,,,,,,,,1,,Longo da via,Bom,Não existe,Perfeito estado,Seca,Perfeito estado,Faixa de pedestre,R-6a,"",Única,Faixa seccionada,"",""
7744,2019-09-06T00:00:00,23:17:00,COM VÍTIMA,FINALIZADA,CAMPO GRANDE,RUA ODORICO MENDES,251,"",E/F AO CLUBE DAS PÁS,RUA ODORICO MENDES,251,E/F AO CLUBE DAS PÁS,CAMPO GRANDE,,CIDADE,COLISÃO FRONTAL,ENTRE AUTO E MOTO. C/V,2,1,,,,,,,,2,,Longo da via,Bom,Não existe,Perfeito estado,Seca,Perfeito estado,Não existe,R-6a,"",Dupla,Faixa seccionada,"",""
7745,2019-09-07T00:00:00,04:55:00,SEM VÍTIMA,FINALIZADA,IMBIRIBEIRA,AV MARECHAL MASCARENHAS DE MORAES,"","",ASSOCIAÇÃO DOS FORNECEDORES DE CANA,AV MARECHAL MASCARENHAS DE MORAES,"",ASSOCIAÇÃO DOS FORNECEDORES DE CANA,IMBIRIBEIRA,,SUBURBIO,CHOQUE OBJETO FIXO,VEICULO CHOUCOU-SE COM UM A POSTEDE ILUMINAÇÃO,1,,,,,,,,,0,,Cruzamento,Chuvoso,Sem defeito,Perfeito estado,Molhada,Perfeito estado,"",R-6a,50 km/h,Dupla,Canteiro central,"",""
7746,2019-09-07T00:00:00,06:12:00,SEM VÍTIMA,FINALIZADA,BOA VIAGEM,AV CONSELHEIRO AGUIAR,"","",DELICATESSEN NEW PLANET,AV CONSELHEIRO AGUIAR,"",DELICATESSEN NEW PLANET,BOA VIAGEM,,CIDADE,ABALROAMENTO LONGITUDINAL,SEM VITIMAS,1,,,,,1,,,,0,,Longo da via,Chuvoso,Não existe,Perfeito estado,Molhada,Perfeito estado,Não existe,Outras,"",Única,Faixa seccionada,"",""
7747,2019-09-07T00:00:00,07:48:00,SEM VÍTIMA,CANCELADA,CAJUEIRO,AV BEBERIBE,16,"",EM FRENTE A GALERIA DE CAJUEIRO,AV BEBERIBE,16,EM FRENTE A GALERIA DE CAJUEIRO,CAJUEIRO,,"",COLISÃO,AUTO E ONIBUS,1,,,,,1,,,,0,,"","","","","","","","","","","","",""
7748,2019-09-07T00:00:00,08:06:00,COM VÍTIMA,FINALIZADA,ILHA JOANA BEZERRA,AV CENTRAL,"","",DENTRO DO TERMINAL DOS ONIBUS DA ESTAÇÃO JOANA BEZERRA,AV CENTRAL,"",DENTRO DO TERMINAL DOS ONIBUS DA ESTAÇÃO JOANA BEZERRA,ILHA JOANA BEZERRA,,"",ATROPELAMENTO,"COM UMA VITIMA,AGUARDANDO SOCORRO",,,,,1,1,,,,1,,Outros,Bom,Não existe,Perfeito estado,Seca,Perfeito estado,Faixa de pedestre,R-6a,20 km/h,Única,Faixa seccionada,"",""
7749,2019-09-07T00:00:00,08:14:00,SEM VÍTIMA,FINALIZADA,ROSARINHO,AV SANTOS DUMONT,"",RUA TELES JUNIOR,ESQUINA DA FARMACIA EXTRA FARMA,AV SANTOS DUMONT,"",ESQUINA DA FARMACIA EXTRA FARMA,ROSARINHO,,"",ABALROAMENTO LONGITUDINAL,SEM VITIMAS,2,,,,,,,,,0,,Cruzamento,Chuvoso,Não existe,Perfeito estado,Molhada,Perfeito estado,Não existe,Não há placas,"",Única,Faixa seccionada,"",""
7750,2019-09-07T00:00:00,09:01:00,SEM VÍTIMA,FINALIZADA,"",AV GOVERNADOR AGAMENON MAGALHAES,"","",SOBRE O VIADUTO,AV GOVERNADOR AGAMENON MAGALHAES,"",SOBRE O VIADUTO,"",,SUBURBIO,COLISÃO TRASEIRA,COLISÃO SEM VITIMAS,2,,,,,,,,,0,,Viaduto,Bom,Não existe,Perfeito estado,Seca,Perfeito estado,Não existe,Não há placas,60 km/h,Única,Faixa seccionada,"",""
7751,2019-09-07T00:00:00,09:34:00,COM VÍTIMA,FINALIZADA,CAMPO GRANDE,RUA PRUDENTE DE MORAES,487,"",EM FRENTE A PADARIA DELICATECEM / CONGREGAÇÃO BATISTA CENTRAL,RUA PRUDENTE DE MORAES,487,EM FRENTE A PADARIA DELICATECEM / CONGREGAÇÃO BATISTA CENTRAL,CAMPO GRANDE,,CIDADE,COLISÃO,COLISÃO CARRO E MOTO COM VÍTIMAS,1,1,,,,,,,,1,,Longo da via,Bom,Não existe,Perfeito estado,Seca,Perfeito estado,Não existe,Outras,"",Dupla,Faixa seccionada,"",""
7752,2019-09-07T00:00:00,09:43:00,SEM VÍTIMA,FINALIZADA,IMBIRIBEIRA,AV MARECHAL MASCARENHAS DE MORAES,4526,"",LADO OPOSTO AO FÓRUM DO TRABALHO,AV MARECHAL MASCARENHAS DE MORAES,4526,LADO OPOSTO AO FÓRUM DO TRABALHO,IMBIRIBEIRA,,SUBURBIO,COLISÃO TRASEIRA,DOIS AUTOS,2,,,,,,,,,0,,Longo da via,Bom,Não existe,Perfeito estado,Seca,Perfeito estado,Não existe,Não há placas,"",Dupla,Canteiro central,"",""
7753,2019-09-07T00:00:00,10:32:00,SEM VÍTIMA,FINALIZADA,BOA VISTA,RUA DA AURORA,1377,"",EM FRENTE A SEPLAG PE,RUA DA AURORA,1377,EM FRENTE A SEPLAG PE,BOA VISTA,,SUBURBIO,CHOQUE OBJETO FIXO,VEICULO CHOCOU-SE COM O POSTE,1,,,,,,,,,0,,Longo da via,Bom,Não existe,Perfeito estado,Seca,Perfeito estado,Faixa de pedestre,Não há placas,"",Dupla,Canteiro central,"",""
7754,2019-09-07T00:00:00,11:01:00,SEM VÍTIMA,FINALIZADA,PORTO DA MADEIRA,RUA DONA VIRTUOSA DE LUCENA,46,AV BEBERIBE,"",RUA DONA VIRTUOSA DE LUCENA,46,"",PORTO DA MADEIRA,,SUBURBIO,ABALROAMENTO LONGITUDINAL,DOIS AUTOS,2,,,,,,,,,0,,Longo da via,Chuvoso,Não existe,Perfeito estado,Seca,Perfeito estado,Outros,R-6a,"",Dupla,Faixa seccionada,"",""
7755,2019-09-07T00:00:00,14:36:00,SEM VÍTIMA,FINALIZADA,AFOGADOS,RUA VINTE E UM DE ABRIL,1535,"",E/F A IGREJA BATISTA RENOVADA,RUA VINTE E UM DE ABRIL,1535,E/F A IGREJA BATISTA RENOVADA,AFOGADOS,,"",COLISÃO,COLISAO ENTRE DOIS AUTOS S/V,2,,,,,,,,,0,,"","","","","","","","","","","","",""
7756,2019-09-07T00:00:00,14:46:00,SEM VÍTIMA,FINALIZADA,BOA VIAGEM,RUA TOME GIBSON,"",RUA AMAZONAS,E/F A UNIC NA RUA DO GALETO PEQUIM,RUA TOME GIBSON,"",E/F A UNIC NA RUA DO GALETO PEQUIM,BOA VIAGEM,,"",COLISÃO,COLISAO ENTRE DOIS AUTOS S/V,2,,,,,,,,,0,,"","","","","","","","","","","","",""
7757,2019-09-07T00:00:00,15:39:00,SEM VÍTIMA,FINALIZADA,MADALENA,RUA BENFICA,"","",SOB O SEMÁFORO DE Nº 590,RUA BENFICA,"",SOB O SEMÁFORO DE Nº 590,MADALENA,590,CIDADE,ABALROAMENTO TRANSVERSAL,COLISÃO SEM VÍTIMA,2,,,,,,,,,0,,Longo da via,Chuvoso,Sem defeito,Perfeito estado,"",Perfeito estado,Faixa de pedestre,R-6a,"",Dupla,Faixa seccionada,"",""
7758,2019-09-07T00:00:00,16:06:00,SEM VÍTIMA,FINALIZADA,PINA,RUA BEM TE VI,1,"",JCPM,RUA BEM TE VI,1,JCPM,PINA,,SUBURBIO,COLISÃO TRASEIRA,COLISÃO SEM VÍTIMA,2,,,,,,,,,0,,Longo da via,Bom,Não existe,Perfeito estado,Seca,Perfeito estado,Não existe,Não há placas,40 km/h,Dupla,Não existe,"",""
7759,2019-09-07T00:00:00,17:07:00,COM VÍTIMA,FINALIZADA,SANTO AMARO,AV GOVERNADOR AGAMENON MAGALHAES,"","",EM FRENTE AO POSTO DISLUB/ SENTIDO OLINDA,AV GOVERNADOR AGAMENON MAGALHAES,"",EM FRENTE AO POSTO DISLUB/ SENTIDO OLINDA,SANTO AMARO,,SUBURBIO,COLISÃO,COLISÃO COM VÍTIMA,1,1,,,,,,,,1,,Longo da via,Bom,Não existe,Perfeito estado,Seca,"",Não existe,Não há placas,"",Dupla,Canal,"",""
7760,2019-09-07T00:00:00,18:26:00,SEM VÍTIMA,FINALIZADA,BOA VIAGEM,AV BOA VIAGEM,"",RUA BRUNO VELOSO,SEMÁFORO 120,AV BOA VIAGEM,"",SEMÁFORO 120,BOA VIAGEM,120,CIDADE,COLISÃO TRASEIRA,COLISÃO SEM VÍTIMA,3,,,,,,,,,0,,"",Bom,Sem defeito,Perfeito estado,Seca,Perfeito estado,Faixa de pedestre,Não há placas,"",Única,Faixa contínua,"",""
7761,2019-09-07T00:00:00,19:07:00,COM VÍTIMA,FINALIZADA,PRADO,RUA SANTA EDWIRGES,"",RUA PADRE TEOFILO TWORZ,PROX A IGREJA PRESBITARIANA DO PRADO,RUA SANTA EDWIRGES,"",PROX A IGREJA PRESBITARIANA DO PRADO,PRADO,,"",ABALROAMENTO TRANSVERSAL,ONIBUS X AUTO,1,,,,,1,,,,1,,Cruzamento,Bom,Não existe,Incompleta,Seca,"",Não existe,Outras,"",Única,"","",""
7762,2019-09-07T00:00:00,19:20:00,COM VÍTIMA,FINALIZADA,MADALENA,RUA BENFICA,"","",ENF AO EXTRA,RUA BENFICA,"",ENF AO EXTRA,MADALENA,,"",COLISÃO,MOTO X AUTO,1,1,,,,,,,,1,,Longo da via,Chuvoso,Sem defeito,Incompleta,Seca,Outros,Não existe,"",40 km/h,Dupla,Não existe,"",""
7763,2019-09-07T00:00:00,21:11:00,SEM VÍTIMA,FINALIZADA,JORDÃO,AV MARIA IRENE,170,RUA LUIZ CAMARA,ASSEMBLEIA DE DEUS,AV MARIA IRENE,170,ASSEMBLEIA DE DEUS,JORDÃO,,SUBURBIO,COLISÃO TRASEIRA,VOYAGE X FAIT UNO,2,,,,,,,,,0,,Longo da via,Chuvoso,Não existe,Perfeito estado,Molhada,Perfeito estado,Não existe,Não há placas,"",Dupla,Não existe,"",""
7764,2019-09-07T00:00:00,21:32:00,SEM VÍTIMA,FINALIZADA,IMBIRIBEIRA,AV MARECHAL MASCARENHAS DE MORAES,"","",ANTIGO AEROPORTO,AV MARECHAL MASCARENHAS DE MORAES,"",ANTIGO AEROPORTO,IMBIRIBEIRA,,SUBURBIO,ABALROAMENTO TRANSVERSAL,"ENTRE 2 AUTOS, S/V",2,,,,,,,,,0,,Viaduto,Bom,Não existe,Perfeito estado,Seca,Perfeito estado,Outros,Placas Pare,"",Dupla,Faixa contínua,"",""
7765,2019-09-07T00:00:00,21:52:00,SEM VÍTIMA,FINALIZADA,ROSARINHO,AV NORTE,"",RUA TREZE DE JUNHO,SEMÁFORO Nº 456,AV NORTE,"",SEMÁFORO Nº 456,ROSARINHO,456,"",CHOQUE OBJETO FIXO,O AUTO PASSEIO E O MEIO FIO. S/V,1,,,,,,,,,0,,Cruzamento,Bom,Sem defeito,Perfeito estado,Seca,Perfeito estado,Faixa de pedestre,"",60 km/h,Dupla,Canteiro central,"",""