_id,DATA,hora,natureza_acidente,situacao,bairro,endereco,numero,detalhe_endereco_acidente,complemento,endereco_cruzamento,numero_cruzamento,referencia_cruzamento,bairro_cruzamento,num_semaforo,sentido_via,tipo,descricao,auto,moto,ciclom,ciclista,pedestre,onibus,caminhao,viatura,outros,vitimas,vitimasfatais,acidente_verificado,tempo_clima,situacao_semaforo,sinalizacao,condicao_via,conservacao_via,ponto_controle,situacao_placa,velocidade_max_via,mao_direcao,divisao_via1,divisao_via2,divisao_via3
7821,2019-09-09T00:00:00,18:34:00,SEM VÍTIMA,FINALIZADA,MADALENA,EST DOS REMEDIOS,2259,"","",EST DOS REMEDIOS,2259,"",MADALENA,,SUBURBIO,ABALROAMENTO LONGITUDINAL,ENTRE AUTO E MOTO. S/V,1,1,,,,,,,,0,,Longo da via,Bom,Não existe,Perfeito estado,Seca,Perfeito estado,Não existe,Não há placas,"",Única,Faixa seccionada,"",""
7822,2019-09-09T00:00:00,18:43:00,SEM VÍTIMA,FINALIZADA,VÁRZEA,AV CAXANGA,"",RUA PROFESSOR ANTONIO COELHO,AO LADO DO RESTAURANTE BRAZZETUS,AV CAXANGA,"",AO LADO DO RESTAURANTE BRAZZETUS,VÁRZEA,,CIDADE,ABALROAMENTO LONGITUDINAL,ENTRE 2 AUTOS. S/V,1,,,,,,1,,,0,,Cruzamento,Bom,Não existe,Incompleta,Seca,Perfeito estado,Não existe,R-6a,"",Dupla,Canteiro central,"",""
7823,2019-09-09T00:00:00,19:08:00,SEM VÍTIMA,FINALIZADA,SAN MARTIN,AV ENGENHEIRO ABDIAS DE CARVALHO,"","",LADO OPOSTO AO Nº 1835 SENT/SUBURBIO,AV ENGENHEIRO ABDIAS DE CARVALHO,"",LADO OPOSTO AO Nº 1835 SENT/SUBURBIO,SAN MARTIN,,SUBURBIO,CHOQUE VEÍCULO PARADO,ENTRE DOIS AUTO S/V,2,,,,,,,,,0,,Longo da via,Bom,Não existe,Perfeito estado,Seca,Perfeito estado,Não existe,Não há placas,"",Única,Faixa seccionada,Canteiro central,""
7824,2019-09-09T00:00:00,19:43:00,COM VÍTIMA,FINALIZADA,MADALENA,AV VISCONDE DE ALBUQUERQUE,232,RUA DEMOSTENES DE OLINDA,CONDOMINIO VILA BARRILOCHE,AV VISCONDE DE ALBUQUERQUE,232,CONDOMINIO VILA BARRILOCHE,MADALENA,,SUBURBIO,COLISÃO,AUTO PASSEIO X MOTO COM VÍTIMA,1,1,,,,,,,,1,,Esquina,Bom,Não existe,Não existente,Seca,Perfeito estado,Não existe,R-6a,"",Única,Não existe,"",""
7825,2019-09-09T00:00:00,19:50:00,SEM VÍTIMA,DUPLICIDADE,VÁRZEA,RUA PROFESSOR CHAVES BATISTA,"",RUA JOAO SALES MENEZES,NA LATERAL DO BOI BRAZA,RUA PROFESSOR CHAVES BATISTA,"",NA LATERAL DO BOI BRAZA,VÁRZEA,,"",COLISÃO,ÕNIBUS X AUTO. S/V,1,,,,,1,,,,0,,"","","","","","","","","","","","",""
7826,2019-09-09T00:00:00,19:51:00,SEM VÍTIMA,CANCELADA,VÁRZEA,RUA PROFESSOR CHAVES BATISTA,"","",BOI E BRASA/ POSTO DISLUB,RUA PROFESSOR CHAVES BATISTA,"",BOI E BRASA/ POSTO DISLUB,VÁRZEA,,"",COLISÃO,ONIBUS X AUTO PASSEIO S/V,1,,,,,1,,,,0,,"","","","","","","","","","","","",""
7827,2019-09-09T00:00:00,20:02:00,SEM VÍTIMA,FINALIZADA,BOMBA DO HEMETÉRIO,RUA BOMBA DO HEMETERIO,"",RUA DAS CRIANCAS,"",RUA BOMBA DO HEMETERIO,"","",BOMBA DO HEMETÉRIO,,SUBURBIO,ABALROAMENTO TRANSVERSAL,ENTRE AUTO E MOTO. S/V,1,1,,,,,,,,0,,Cruzamento,Bom,Não existe,Perfeito estado,Seca,Perfeito estado,Não existe,Outras,"",Dupla,Faixa seccionada,"",""
7828,2019-09-09T00:00:00,20:58:00,SEM VÍTIMA,FINALIZADA,BOA VIAGEM,RUA BRUNO VELOSO,"","",FERNANDO SIMÕES BARBOSA,RUA BRUNO VELOSO,"",FERNANDO SIMÕES BARBOSA,BOA VIAGEM,335,"",ABALROAMENTO TRANSVERSAL,ENTRE DOIS AUTO S/V,2,,,,,,,,,0,,Cruzamento,Bom,Sem defeito,Perfeito estado,Seca,Perfeito estado,Faixa de pedestre,R-6a,60 km/h,Dupla,Canal,"",""
7829,2019-09-10T00:00:00,05:55:00,SEM VÍTIMA,FINALIZADA,PRADO,RUA CARLOS GOMES,"",RUA PADRE TEOFILO TWORZ,CRUZAMENTO APÓS A PONTE PRÓXIMO AO Nº 914,RUA CARLOS GOMES,"",CRUZAMENTO APÓS A PONTE PRÓXIMO AO Nº 914,PRADO,,SUBURBIO,ABALROAMENTO LONGITUDINAL,COLISÃO S/VITIMAS ENTRE DOIS AUTOS,2,,,,,,,,,0,,Cruzamento,Bom,Não existe,Perfeito estado,Seca,Perfeito estado,Não existe,Não há placas,"",Única,Faixa seccionada,Canteiro central,""
7830,2019-09-10T00:00:00,06:02:00,COM VÍTIMA,CANCELADA,MACAXEIRA,AV JOSE AMERICO DE ALMEIDA,QUADRA1/LOTE1,"",EM FRENTE A ACADEMIA PONTO UM,AV JOSE AMERICO DE ALMEIDA,QUADRA1/LOTE1,EM FRENTE A ACADEMIA PONTO UM,MACAXEIRA,,AV NORTE,COLISÃO,COM UMA VITIMA AGUARDANDO SAMU,,1,,,,1,,,,1,,"","","","","","","","","","","","",""
7831,2019-09-10T00:00:00,07:21:00,SEM VÍTIMA,CANCELADA,ILHA DO LEITE,AV GOVERNADOR AGAMENON MAGALHAES,"","","NA SUBIDA DO VIADUTO ,SENTIDO BOA VIAGEM",AV GOVERNADOR AGAMENON MAGALHAES,"","NA SUBIDA DO VIADUTO ,SENTIDO BOA VIAGEM",ILHA DO LEITE,,BOA VIAGEM,COLISÃO,SEM VITIMAS,2,,,,,,,,,0,,"","","","","","","","","","","","",""
7832,2019-09-10T00:00:00,07:55:00,COM VÍTIMA,FINALIZADA,DOIS IRMÃOS,RUA MANUEL DE MEDEIROS,"","",EM FRENTE A COMPESA,RUA MANUEL DE MEDEIROS,"",EM FRENTE A COMPESA,DOIS IRMÃOS,,CIDADE,COLISÃO,"COM UMA VITIMA ,SAMU ACIONADO",1,1,,,,,,,,1,,Esquina,Bom,Não existe,Ilegível,Seca,Perfeito estado,Não existe,R-6a,"",Dupla,Faixa contínua,"",""
7833,2019-09-10T00:00:00,08:03:00,SEM VÍTIMA,FINALIZADA,GRAÇAS,AV RUI BARBOSA,1061,RUA ALBERTO PAIVA,"",AV RUI BARBOSA,1061,"",GRAÇAS,305,CIDADE,ABALROAMENTO LONGITUDINAL,SEM VITIMAS,2,,,,,,,,,0,,Longo da via,Bom,Sem defeito,Perfeito estado,Seca,Perfeito estado,Faixa de pedestre,"","",Única,Faixa seccionada,"",""
7834,2019-09-10T00:00:00,08:22:00,SEM VÍTIMA,FINALIZADA,MADALENA,AV VISCONDE DE ALBUQUERQUE,439,"",PRÓXIMOAO ED VILA SUZANA,AV VISCONDE DE ALBUQUERQUE,439,PRÓXIMOAO ED VILA SUZANA,MADALENA,,SUBURBIO,COLISÃO TRASEIRA,COLISÃO S/VITIMAS ENTRE TRÊS AUTOS,2,,,,,,,,,0,,Longo da via,Bom,Sem defeito,Perfeito estado,Seca,Perfeito estado,"",Outras,"",Única,"","",""
7835,2019-09-10T00:00:00,08:41:00,SEM VÍTIMA,CANCELADA,CAXANGÁ,AV CAXANGA,"","",NO SENTIDO CIDADE AO LADO DA UPA DA CAXANGA,AV CAXANGA,"",NO SENTIDO CIDADE AO LADO DA UPA DA CAXANGA,CAXANGÁ,,"",COLISÃO,COLISÃO SEM VITIMAS,2,,,,,,,,,0,,"","","","","","","","","","","","",""
7836,2019-09-10T00:00:00,08:42:00,SEM VÍTIMA,CANCELADA,CASA AMARELA,AV NORTE,5229,LAD DO BARTOLOMEU,AO LADO DA FAMACIA BOM JESUS,AV NORTE,5229,AO LADO DA FAMACIA BOM JESUS,CASA AMARELA,,CIDADE,COLISÃO,SEM VITIMAS,1,,,,,,,,1,0,,"","","","","","","","","","","","",""
7837,2019-09-10T00:00:00,09:04:00,SEM VÍTIMA,FINALIZADA,JORDÃO,AV MARIA IRENE,611,"",LADO OPOSTO A BASE AÉREA DO RECIFE,AV MARIA IRENE,611,LADO OPOSTO A BASE AÉREA DO RECIFE,JORDÃO,,SUBURBIO,ABALROAMENTO LONGITUDINAL,SEM VITMAS,1,1,,,,,,,,0,,Longo da via,Bom,Não existe,Incompleta,Seca,Perfeito estado,Não existe,Outras,"",Dupla,Não existe,"",""
7838,2019-09-10T00:00:00,09:25:00,SEM VÍTIMA,FINALIZADA,POÇO DA PANELA,RUA DOS ARCOS,160,RUA PAULO INOJOSA,"",RUA DOS ARCOS,160,"",POÇO DA PANELA,,CIDADE,CHOQUE VEÍCULO PARADO,COLISÃO SEM VITIMAS,2,,,,,,,,,0,,Longo da via,Bom,"","",Seca,Perfeito estado,"","",30 km/h,Única,Não existe,"",""
7839,2019-09-10T00:00:00,09:57:00,SEM VÍTIMA,FINALIZADA,MADALENA,RUA DEMOCRITO DE SOUZA FILHO,235,"",SEVEN TERAPIAS INTEGRADAS,RUA DEMOCRITO DE SOUZA FILHO,235,SEVEN TERAPIAS INTEGRADAS,MADALENA,,CIDADE,COLISÃO TRASEIRA,COLISÃO SEM VITIMAS,2,,,,,,,,,0,,Longo da via,Bom,Não existe,Perfeito estado,Seca,Perfeito estado,Não existe,Outras,"",Única,Não existe,"",""
7840,2019-09-10T00:00:00,10:30:00,SEM VÍTIMA,FINALIZADA,BOA VIAGEM,RUA VISCONDE DE JEQUITINHONHA,1656,"",AO LADO DO EDF ISLAMORADA,RUA VISCONDE DE JEQUITINHONHA,1656,AO LADO DO EDF ISLAMORADA,BOA VIAGEM,,SUBURBIO,COLISÃO TRASEIRA,DOIS AUTOS,2,,,,,,,,,0,,Longo da via,Bom,Não existe,Perfeito estado,Seca,Perfeito estado,Não existe,Outras,60 km/h,Única,Canteiro central,"",""
7841,2019-09-10T00:00:00,10:34:00,SEM VÍTIMA,FINALIZADA,BOA VISTA,AV MANOEL BORBA,99,"",OTICA LIBERTY,AV MANOEL BORBA,99,OTICA LIBERTY,BOA VISTA,,SUBURBIO,COLISÃO TRASEIRA,COLISÃO SEM VITMAS,2,,,,,,,,,0,,Longo da via,Bom,Não existe,Perfeito estado,Seca,Perfeito estado,Não existe,R-6a,"",Única,Faixa seccionada,"",""
7842,2019-09-10T00:00:00,10:47:00,SEM VÍTIMA,FINALIZADA,ALTO JOSÉ BONIFÁCIO,RUA ALTO JOSE BONIFACIO,1026,"",POSTE DE Nº B 095519,RUA ALTO JOSE BONIFACIO,1026,POSTE DE Nº B 095519,ALTO JOSÉ BONIFÁCIO,,SUBURBIO,ABALROAMENTO LONGITUDINAL,COLISÃO SEM VITIMAS,2,,,,,,,,,0,,Longo da via,Bom,Não existe,Perfeito estado,Seca,Perfeito estado,Não existe,Outras,"",Dupla,Faixa seccionada,"",""
7843,2019-09-10T00:00:00,10:51:00,SEM VÍTIMA,FINALIZADA,TORRÕES,AV ENGENHEIRO ABDIAS DE CARVALHO,"","","",AV ENGENHEIRO ABDIAS DE CARVALHO,"","",TORRÕES,271,SUBURBIO,COLISÃO TRASEIRA,COLISÃO S/VITIMAS ENTRE DOIS AUTOS,2,,,,,,,,,0,,Longo da via,Bom,Sem defeito,Perfeito estado,Seca,Perfeito estado,Faixa de pedestre,R-6a,"",Dupla,Canteiro central,"",""
7844,2019-09-10T00:00:00,10:56:00,SEM VÍTIMA,FINALIZADA,CASA FORTE,PRC DE CASA FORTE,412,"",CASA DA CRIANÇA,PRC DE CASA FORTE,412,CASA DA CRIANÇA,CASA FORTE,,CIDADE,ABALROAMENTO LONGITUDINAL,COLISÃO SEM VITIMAS,2,,,,,,,,,0,,Longo da via,Bom,Não existe,Perfeito estado,Seca,Perfeito estado,"","",30 km/h,Única,"","",""
7845,2019-09-10T00:00:00,11:34:00,COM VÍTIMA,FINALIZADA,ENCRUZILHADA,EST DE BELEM,190,"",EM FRENTE AO EDF JULIO II,EST DE BELEM,190,EM FRENTE AO EDF JULIO II,ENCRUZILHADA,,SUBURBIO,ABALROAMENTO LONGITUDINAL,MOTO E AUTO,1,1,,,,,,,,1,,Longo da via,Bom,Não existe,Perfeito estado,Seca,Perfeito estado,Não existe,Outras,"",Dupla,Faixa contínua,"",""
7846,2019-09-10T00:00:00,11:39:00,SEM VÍTIMA,CANCELADA,BOA VIAGEM,AV VINTE DE JANEIRO,517,RUA JOAO CARDOSO AIRES,EM FRENTE A MARMOARIA BRASIL CONCEPT,AV VINTE DE JANEIRO,517,EM FRENTE A MARMOARIA BRASIL CONCEPT,BOA VIAGEM,,"",COLISÃO,SEM VITIMAS,2,,,,,,,,,0,,"","","","","","","","","","","","",""
7847,2019-09-10T00:00:00,12:02:00,COM VÍTIMA,FINALIZADA,BOA VISTA,AV CONDE DA BOA VISTA,"",RUA DOM BOSCO,NO SEMÁFORO 027,AV CONDE DA BOA VISTA,"",NO SEMÁFORO 027,BOA VISTA,27,SUBURBIO,ABALROAMENTO TRANSVERSAL,COLISÃO COM VÍTIMA,,1,,,,,,,1,1,,Cruzamento,Bom,Sem defeito,Perfeito estado,Seca,Perfeito estado,Faixa de pedestre,Não há placas,"",Dupla,Canteiro central,"",""
7848,2019-09-10T00:00:00,12:06:00,SEM VÍTIMA,FINALIZADA,PINA,AV ANTONIO DE GOES,131,"",EM FRENTE A BODEGA DO ZEZO,AV ANTONIO DE GOES,131,EM FRENTE A BODEGA DO ZEZO,PINA,,CIDADE,ABALROAMENTO LONGITUDINAL,COLISÃO SEM VÍTIMA,1,1,,,,,,,,0,,Longo da via,Bom,Sem defeito,Perfeito estado,Seca,Perfeito estado,Agente,"",60 km/h,Única,Faixa seccionada,Canteiro central,""
7849,2019-09-10T00:00:00,12:34:00,SEM VÍTIMA,FINALIZADA,JARDIM SÃO PAULO,RUA LEANDRO BARRETO,507,"","",RUA LEANDRO BARRETO,507,"",JARDIM SÃO PAULO,,CIDADE,ABALROAMENTO LONGITUDINAL,ONIBUS X AUTO PASSEIO S/V,1,,,,,1,,,,0,,Longo da via,Bom,Não existe,Incompleta,Seca,Perfeito estado,Não existe,R-6a,"",Dupla,Não existe,"",""
7850,2019-09-10T00:00:00,13:20:00,SEM VÍTIMA,CANCELADA,CAJUEIRO,RUA MONTE CASTELO,30,"",ENTRE A IGREJA A POSTOLICA DA GRAÇA DE DEUS E A ESCOLA CRISTO VIVE,RUA MONTE CASTELO,30,ENTRE A IGREJA A POSTOLICA DA GRAÇA DE DEUS E A ESCOLA CRISTO VIVE,CAJUEIRO,,"",COLISÃO,COLISAO ENTRE DOIS AUTOS S/V,2,,,,,,,,,0,,"","","","","","","","","","","","",""
7851,2019-09-10T00:00:00,13:40:00,COM VÍTIMA,FINALIZADA,SÃO JOSÉ,C SANTA RITA,"","",EM FRENTE AS TORRE GEMEAS,C SANTA RITA,"",EM FRENTE AS TORRE GEMEAS,SÃO JOSÉ,,CIDADE,ABALROAMENTO LONGITUDINAL,MOTO X AUTO PASSEIO COM VÍTIMA,1,1,,,,,,,,2,,Longo da via,Bom,Não existe,Perfeito estado,Seca,Perfeito estado,Não existe,Não há placas,"",Dupla,Canteiro central,"",""
7852,2019-09-10T00:00:00,13:43:00,SEM VÍTIMA,FINALIZADA,PINA,AV HERCULANO BANDEIRA,"",RUA NOGUEIRA DE SOUZA,MERCEDES BENZ,AV HERCULANO BANDEIRA,"",MERCEDES BENZ,PINA,657,SUBURBIO,ABALROAMENTO LONGITUDINAL,COLISÃO SEM VÍTIMA,2,,,,,,,,,0,,Cruzamento,Bom,Sem defeito,Perfeito estado,Seca,Perfeito estado,Faixa de pedestre,"","",Única,Faixa seccionada,"",""
7853,2019-09-10T00:00:00,13:45:00,SEM VÍTIMA,FINALIZADA,BOA VIAGEM,AV BOA VIAGEM,5030,"","",AV BOA VIAGEM,5030,"",BOA VIAGEM,,CIDADE,COLISÃO TRASEIRA,COLISÃO SEM VÍTIMA,2,,,,,,,,,0,,Longo da via,Bom,Sem defeito,Perfeito estado,Seca,Perfeito estado,Faixa de pedestre,"","",Única,"","",""
7854,2019-09-10T00:00:00,14:23:00,SEM VÍTIMA,FINALIZADA,BOA VIAGEM,RUA BARAO DE SOUZA LEAO,"",AV DES JOSE NEVES,"",RUA BARAO DE SOUZA LEAO,"","",BOA VIAGEM,,CIDADE,ABALROAMENTO LONGITUDINAL,COLISÃO SEM VÍTIMA,2,,,,,,,,,0,,Cruzamento,Bom,Sem defeito,Perfeito estado,Seca,Perfeito estado,"",Outras,60 km/h,Única,Faixa contínua,Faixa seccionada,""
7855,2019-09-10T00:00:00,14:54:00,SEM VÍTIMA,FINALIZADA,CORDEIRO,AV GENERAL SAN MARTIN,"","","",AV GENERAL SAN MARTIN,"","",CORDEIRO,67,SUBURBIO,COLISÃO FRONTAL,MOTO X AUTO PASSEIO S/V,1,1,,,,,,,,0,,Longo da via,Bom,Sem defeito,Perfeito estado,Seca,Perfeito estado,Faixa de pedestre,R-6a,"",Dupla,Não existe,"",""
7856,2019-09-10T00:00:00,15:13:00,SEM VÍTIMA,FINALIZADA,AFOGADOS,AV SUL,"",RUA NICOLAU PEREIRA,"",AV SUL,"","",AFOGADOS,,CIDADE,ABALROAMENTO LONGITUDINAL,COLISÃO SEM VÍTIMA,1,1,,,,,,,,0,,Cruzamento,Bom,Não existe,Perfeito estado,Seca,Perfeito estado,Não existe,Não há placas,"",Única,Faixa contínua,"",""
7857,2019-09-10T00:00:00,15:17:00,SEM VÍTIMA,FINALIZADA,MANGABEIRA,AV NORTE,"",RUA DA MANGABEIRA,"",AV NORTE,"","",MANGABEIRA,96,SUBURBIO,COLISÃO TRASEIRA,"COLISÃO SEM VÍTIMA, ENVOLVENDO AUTO E UMA VT DA CTTU (VT 07).",1,,,,,,,1,,0,,Cruzamento,Bom,Sem defeito,Perfeito estado,Seca,Perfeito estado,Faixa de pedestre,Não há placas,40 km/h,Dupla,Canteiro central,"",""
7858,2019-09-10T00:00:00,15:29:00,SEM VÍTIMA,FINALIZADA,VÁRZEA,AV CAXANGA,"","",EM FRENTE AO TERMINAL DE ÔNIBUS DA CAXANGA,AV CAXANGA,"",EM FRENTE AO TERMINAL DE ÔNIBUS DA CAXANGA,VÁRZEA,,SUBURBIO,ABALROAMENTO LONGITUDINAL,COLISÃO SEM VÍTIMA,1,,,,,1,,,,0,,Longo da via,Bom,Não existe,Perfeito estado,Seca,Perfeito estado,Não existe,Não há placas,60 km/h,Dupla,Canteiro central,"",""
7859,2019-09-10T00:00:00,16:18:00,SEM VÍTIMA,FINALIZADA,PINA,AV REPUBLICA DO LIBANO,"","",EM FRENTE AO ACESSO 1A DO SHOPPING RIO MAR,AV REPUBLICA DO LIBANO,"",EM FRENTE AO ACESSO 1A DO SHOPPING RIO MAR,PINA,,"",ABALROAMENTO LONGITUDINAL,ENTRE DOIS AUTO S/V,2,,,,,,,,,0,,Longo da via,Bom,Não existe,Perfeito estado,Seca,Perfeito estado,Não existe,"","",Única,Faixa seccionada,"",""
7860,2019-09-10T00:00:00,17:40:00,SEM VÍTIMA,CANCELADA,PORTO DA MADEIRA,RUA ARAPARI,"",AV BEBERIBE,EM FRENTE A PIZZARIA ROUCHE,RUA ARAPARI,"",EM FRENTE A PIZZARIA ROUCHE,PORTO DA MADEIRA,,"",COLISÃO,COLISÃO SEM VÍTIMA,1,1,,,,,,,,0,,"","","","","","","","","","","","",""
7861,2019-09-10T00:00:00,18:10:00,COM VÍTIMA,FINALIZADA,CORDEIRO,AV GENERAL SAN MARTIN,73,"",AO LADO DA ESTAÇAO BRT // PROX AO GETULIO VARGAS,AV GENERAL SAN MARTIN,73,AO LADO DA ESTAÇAO BRT // PROX AO GETULIO VARGAS,CORDEIRO,,SUBURBIO,ATROPELAMENTO,PEDESTRE X SHINERAY,,,1,,1,,,,,1,,Longo da via,Bom,Não existe,Ilegível,Seca,Perfeito estado,Não existe,Não há placas,"",Única,Faixa seccionada,"",""
7862,2019-09-10T00:00:00,18:33:00,COM VÍTIMA,FINALIZADA,BOA VIAGEM,RUA BARAO DE SOUZA LEAO,"","",PROX A ESCOLA SANTOS DUMONT,RUA BARAO DE SOUZA LEAO,"",PROX A ESCOLA SANTOS DUMONT,BOA VIAGEM,,CIDADE,COLISÃO COM CICLISTA,CICLISTA X HONDA CIT X VT DA PM ESTA NO LOCAL,1,,,1,,,,,,2,,Longo da via,Bom,Sem defeito,Perfeito estado,Seca,Perfeito estado,Não existe,"","",Única,"","",""
7863,2019-09-10T00:00:00,19:26:00,SEM VÍTIMA,FINALIZADA,BOA VIAGEM,RUA GENERAL EDSON AMANCIO RAMALHO,"",RUA PADRE CARAPUCEIRO,"",RUA GENERAL EDSON AMANCIO RAMALHO,"","",BOA VIAGEM,321,CIDADE,ABALROAMENTO TRANSVERSAL,ENTRE DOIS AUTO S/V,2,,,,,,,,,0,,Cruzamento,Bom,Sem defeito,Perfeito estado,Seca,Perfeito estado,Faixa de pedestre,R-6a,"",Dupla,Faixa seccionada,Canteiro central,""
7864,2019-09-10T00:00:00,20:33:00,COM VÍTIMA,FINALIZADA,ILHA JOANA BEZERRA,AV BEIRA RIO,"","","APÓS O FORUM DE RECIFE, POR BAIXO DO VIADUTO DA AGAMENON",AV BEIRA RIO,"","APÓS O FORUM DE RECIFE, POR BAIXO DO VIADUTO DA AGAMENON",ILHA JOANA BEZERRA,,"",COLISÃO FRONTAL,MOTO X AUTO PASSEIO COM VÍTIMA,1,1,,,,,,,,1,,Longo da via,Bom,Não existe,Incompleta,Seca,Mal iluminada,"",Outras,"",Dupla,Faixa contínua,Faixa seccionada,""
7865,2019-09-10T00:00:00,21:41:00,SEM VÍTIMA,FINALIZADA,BOA VIAGEM,RUA SETUBAL,422,"",PRÉDIO RODIM,RUA SETUBAL,422,PRÉDIO RODIM,BOA VIAGEM,,CIDADE,ABALROAMENTO LONGITUDINAL,SANDERO X VW/TRACKER OBS: SUSPEITA DE EMBRIAGUEZ,2,,,,,,,,,0,,Longo da via,Bom,Não existe,Incompleta,Seca,Perfeito estado,"","","",Única,Não existe,"",""
7866,2019-09-10T00:00:00,22:02:00,SEM VÍTIMA,DUPLICIDADE,BOA VIAGEM,RUA SETUBAL,"","",POR TRÁS DO EDF ATLANTE PLAZA,RUA SETUBAL,"",POR TRÁS DO EDF ATLANTE PLAZA,BOA VIAGEM,,"",COLISÃO,ENTRE DOIS AUTO S/V,2,,,,,,,,,0,,"","","","","","","","","","","","",""
7867,2019-09-11T00:00:00,06:24:00,SEM VÍTIMA,FINALIZADA,VÁRZEA,RUA AMARO GOMES POROCA,"",RUA CORONEL PACHECO,UTE GREGÓRIO BEZERRA ( ESCOLA MUNICIPAL),RUA AMARO GOMES POROCA,"",UTE GREGÓRIO BEZERRA ( ESCOLA MUNICIPAL),VÁRZEA,,"",ABALROAMENTO LONGITUDINAL,COLISÃO SEM VITIMAS,1,,,,,1,,,,0,,Cruzamento,Bom,Não existe,Perfeito estado,Seca,Perfeito estado,Não existe,Não há placas,"",Dupla,Faixa contínua,"",""
7868,2019-09-11T00:00:00,07:09:00,SEM VÍTIMA,FINALIZADA,PINA,AV HERCULANO BANDEIRA,949,RUA ARQUITETO AUGUSTO REINALDO,ATACADO DA CONSTRUÇÃO,AV HERCULANO BANDEIRA,949,ATACADO DA CONSTRUÇÃO,PINA,660,SUBURBIO,ABALROAMENTO TRANSVERSAL,COLISÃO SEM VITIMAS,2,,,,,,,,,0,,Cruzamento,Bom,Sem defeito,Perfeito estado,Seca,Perfeito estado,Faixa de pedestre,Não há placas,60 km/h,Única,Faixa contínua,"",""
7869,2019-09-11T00:00:00,07:22:00,SEM VÍTIMA,CANCELADA,TORRÕES,EST DO FORTE DO ARRAIAL N. DO B. JESUS,"",RUA TAMBORIL,EM FRENTE A PRAÇA DO FORTE,EST DO FORTE DO ARRAIAL N. DO B. JESUS,"",EM FRENTE A PRAÇA DO FORTE,TORRÕES,,"",COLISÃO,COLISÃO S/VITIMAS ENTRE DOIS AUTOS,2,,,,,,,,,0,,"","","","","","","","","","","","",""
7870,2019-09-11T00:00:00,07:23:00,COM VÍTIMA,FINALIZADA,BOA VIAGEM,RUA DEZ DE JULHO,481,RUA CAMBUI,PROX A ESTAÇAO DO AEROPORTO / EM FRENTE A CASA DE FESTA CRISTAL,RUA DEZ DE JULHO,481,PROX A ESTAÇAO DO AEROPORTO / EM FRENTE A CASA DE FESTA CRISTAL,BOA VIAGEM,,SUBURBIO,ABALROAMENTO TRANSVERSAL,DOIS AUTOS,2,,,,,,,,,2,,Cruzamento,Bom,Não existe,Perfeito estado,Seca,Perfeito estado,Outros,Placas Pare,"",Dupla,Faixa seccionada,"",""
7871,2019-09-11T00:00:00,07:34:00,SEM VÍTIMA,FINALIZADA,TORRÕES,AV ENGENHEIRO ABDIAS DE CARVALHO,"","",UPA DOS TORRÕES,AV ENGENHEIRO ABDIAS DE CARVALHO,"",UPA DOS TORRÕES,TORRÕES,,SUBURBIO,COLISÃO TRASEIRA,COLISÃO DE TRÊS CARROS DE PASSEIO (SANDUÍCHE),3,,,,,,,,,0,,Longo da via,Bom,Não existe,Perfeito estado,Seca,Perfeito estado,Não existe,Não há placas,"",Dupla,Canteiro central,"",""
7872,2019-09-11T00:00:00,08:46:00,SEM VÍTIMA,FINALIZADA,SANTO AMARO,RUA VINTE E QUATRO DE AGOSTO,"","",AO LADO DA ANTIGA CONTAX,RUA VINTE E QUATRO DE AGOSTO,"",AO LADO DA ANTIGA CONTAX,SANTO AMARO,,"",COLISÃO,COLISÃO SEM VITIMAS,1,,,,,1,,,,0,,"","","","","","","","","","","","",""
7873,2019-09-11T00:00:00,09:42:00,SEM VÍTIMA,FINALIZADA,SANTO AMARO,AV PREFEITO ARTUR LIMA CAVALCANTI,"","",PRÓXIMO AO SEMÁFORO 243,AV PREFEITO ARTUR LIMA CAVALCANTI,"",PRÓXIMO AO SEMÁFORO 243,SANTO AMARO,,"",COLISÃO TRASEIRA,COLISÃO SEM VITIMAS,2,,,,,,,,,0,,Longo da via,Bom,Sem defeito,Perfeito estado,Seca,Perfeito estado,Agente,Não há placas,"",Dupla,Canteiro central,"",""
7874,2019-09-11T00:00:00,10:18:00,COM VÍTIMA,FINALIZADA,BOA VIAGEM,RUA JACK AYRES,73,RUA FRANCISCO DA CUNHA,EM FRENTE AO EDIFICIO SALAMANCA,RUA JACK AYRES,73,EM FRENTE AO EDIFICIO SALAMANCA,BOA VIAGEM,,"",COLISÃO,COLISÃO COM VITIMA A ESPERA DO SAMU,2,,,,,,,,,1,,Cruzamento,Bom,Não existe,Perfeito estado,Seca,Perfeito estado,Não existe,Placas Pare,30 km/h,Única,Não existe,"",""
7875,2019-09-11T00:00:00,10:31:00,SEM VÍTIMA,FINALIZADA,BOA VIAGEM,AV ENGENHEIRO DOMINGOS FERREIRA,3452,"","",AV ENGENHEIRO DOMINGOS FERREIRA,3452,"",BOA VIAGEM,,SUBURBIO,ABALROAMENTO LONGITUDINAL,COLISÃO S/VITIMAS ENTRE DOIS AUTOS,2,,,,,,,,,0,,Longo da via,Bom,Não existe,Perfeito estado,Seca,Perfeito estado,Outros,Outras,60 km/h,Única,Faixa seccionada,"",""
7876,2019-09-11T00:00:00,11:01:00,COM VÍTIMA,FINALIZADA,PRADO,AV ENGENHEIRO ABDIAS DE CARVALHO,1055,RUA JOAO IVO DA SILVA,APOS A ENGENFRIO EM FRENTE AO POSTO DE GASOLINA BR,AV ENGENHEIRO ABDIAS DE CARVALHO,1055,APOS A ENGENFRIO EM FRENTE AO POSTO DE GASOLINA BR,PRADO,132,CIDADE,COLISÃO COM CICLISTA,VITIMA ESPERA DO SAMU,,,,1,,1,,,,1,,Cruzamento,Bom,Sem defeito,Perfeito estado,Seca,Perfeito estado,Faixa de pedestre,Não há placas,60 km/h,Dupla,Canteiro central,"",""