_id,DATA,hora,natureza_acidente,situacao,bairro,endereco,numero,detalhe_endereco_acidente,complemento,endereco_cruzamento,numero_cruzamento,referencia_cruzamento,bairro_cruzamento,num_semaforo,sentido_via,tipo,descricao,auto,moto,ciclom,ciclista,pedestre,onibus,caminhao,viatura,outros,vitimas,vitimasfatais,acidente_verificado,tempo_clima,situacao_semaforo,sinalizacao,condicao_via,conservacao_via,ponto_controle,situacao_placa,velocidade_max_via,mao_direcao,divisao_via1,divisao_via2,divisao_via3
7932,2019-09-12T00:00:00,13:19:00,SEM VÍTIMA,CANCELADA,ESPINHEIRO,RUA CONS PORTELA,656,"",SALÃO BELLE CENTER,RUA CONS PORTELA,656,SALÃO BELLE CENTER,ESPINHEIRO,,"",COLISÃO,COLISÃO SEM VÍTIMA,1,,,,,1,,,,0,,"","","","","","","","","","","","",""
7933,2019-09-12T00:00:00,13:59:00,SEM VÍTIMA,FINALIZADA,BOA VISTA,RUA DO HOSPICIO,"","",E/F AO TEATRO DO PARQUE,RUA DO HOSPICIO,"",E/F AO TEATRO DO PARQUE,BOA VISTA,,CIDADE,ABALROAMENTO LONGITUDINAL,COLISAO ENTRE AUTO E CARROÇA,1,,,,,,,,,0,,Longo da via,Bom,Não existe,Não existente,Seca,Mal conservada,Não existe,Outras,"",Única,Não existe,"",""
7934,2019-09-12T00:00:00,14:41:00,SEM VÍTIMA,FINALIZADA,DERBY,PRC DO DERBY,"","",BANCO BRADESCO ( ENTRADA DO ESTACIONAMENTO),PRC DO DERBY,"",BANCO BRADESCO ( ENTRADA DO ESTACIONAMENTO),DERBY,,"",ABALROAMENTO TRANSVERSAL,COLISÃO SEM VÍTIMA,1,1,,,,,,,,0,,Longo da via,Bom,Não existe,Não existente,Seca,Perfeito estado,Não existe,Não há placas,30 km/h,Dupla,Não existe,"",""
7935,2019-09-12T00:00:00,15:14:00,SEM VÍTIMA,FINALIZADA,TEJIPIÓ,RUA FALCAO DE LACERDA,515,"","",RUA FALCAO DE LACERDA,515,"",TEJIPIÓ,,CIDADE,ABALROAMENTO LONGITUDINAL,COLISÃO SEM VÍTIMA,,1,,,,,,,1,0,,Longo da via,Bom,Não existe,Perfeito estado,Seca,Perfeito estado,Não existe,Não há placas,"",Dupla,Faixa contínua,"",""
7936,2019-09-12T00:00:00,15:48:00,SEM VÍTIMA,FINALIZADA,BOA VIAGEM,RUA FRANCISCO DA CUNHA,370,RUA TENENTE JOAO CICERO,"",RUA FRANCISCO DA CUNHA,370,"",BOA VIAGEM,,CIDADE,ABALROAMENTO LONGITUDINAL,COLISÃO SEM VÍTIMA/ CARRO DE SEGURANÇA PRESERVE,1,,,,,,1,,,0,,Cruzamento,Bom,Não existe,Incompleta,Seca,Perfeito estado,Não existe,Placas Pare,40 km/h,Única,Não existe,"",""
7937,2019-09-12T00:00:00,15:51:00,SEM VÍTIMA,FINALIZADA,IMBIRIBEIRA,AV MARECHAL MASCARENHAS DE MORAES,"","",FACULDADE UNIVERSO,AV MARECHAL MASCARENHAS DE MORAES,"",FACULDADE UNIVERSO,IMBIRIBEIRA,,CIDADE,COLISÃO TRASEIRA,COLISÃO SEM VÍTIMA,2,,,,,,,,,0,,Longo da via,Bom,Sem defeito,Perfeito estado,Seca,Perfeito estado,Não existe,Não há placas,"",Dupla,Canteiro central,"",""
7938,2019-09-12T00:00:00,15:52:00,SEM VÍTIMA,CANCELADA,SANTO AMARO,RUA BUARQUE DE MACEDO,183,"",CASA,RUA BUARQUE DE MACEDO,183,CASA,SANTO AMARO,,"",COLISÃO,"COLISÃO SEM VITIMA/ A PLACA DO SEGUNDO VEÍCULO NÃO FOI INFORMADA, POIS O CONDUTOR DIZ QUE PREFERE NÃO SE APROXIMAR",2,,,,,,,,,0,,"","","","","","","","","","","","",""
7939,2019-09-12T00:00:00,16:12:00,SEM VÍTIMA,FINALIZADA,BAIRRO DO RECIFE,AV MARQUES DE OLINDA,"",RUA MARIZ E BARROS,"CAFE LIBERAL , Nº 1817",AV MARQUES DE OLINDA,"","CAFE LIBERAL , Nº 1817",BAIRRO DO RECIFE,,SUBURBIO,ABALROAMENTO TRANSVERSAL,COLISÃO SEM VITIMA,2,,,,,,,,,0,,Cruzamento,Bom,Não existe,Não existente,Seca,Perfeito estado,Não existe,Não há placas,30 km/h,Única,Faixa seccionada,"",""
7940,2019-09-12T00:00:00,16:19:00,SEM VÍTIMA,FINALIZADA,IMBIRIBEIRA,AV MARECHAL MASCARENHAS DE MORAES,4080,"",EM FRENTE AO ARMAZEM VENEZA,AV MARECHAL MASCARENHAS DE MORAES,4080,EM FRENTE AO ARMAZEM VENEZA,IMBIRIBEIRA,,"",COLISÃO TRASEIRA,COLISAO ENTRE DOIS AUTOS S/V,2,,,,,,,,,0,,Longo da via,Bom,Não existe,Perfeito estado,Seca,Perfeito estado,Não existe,Outras,60 km/h,Dupla,Canteiro central,"",""
7941,2019-09-12T00:00:00,18:01:00,SEM VÍTIMA,FINALIZADA,FUNDÃO,AV BEBERIBE,"",RUA MAJOR DAVINO,"",AV BEBERIBE,"","",FUNDÃO,307,CIDADE,ABALROAMENTO LONGITUDINAL,COLISAO ENTRE DOIS AUTOS S/V,2,,,,,,,,,0,,Longo da via,Bom,Sem defeito,Perfeito estado,Seca,Perfeito estado,Faixa de pedestre,"",60 km/h,Dupla,Faixa contínua,"",""
7942,2019-09-12T00:00:00,19:24:00,SEM VÍTIMA,FINALIZADA,BOA VIAGEM,AV ENGENHEIRO DOMINGOS FERREIRA,"",RUA DR RAUL LAFAYETTE,"",AV ENGENHEIRO DOMINGOS FERREIRA,"","",BOA VIAGEM,,"",ABALROAMENTO TRANSVERSAL,ONIBUS BORBOREMA X SIENA,1,,,,,1,,,,0,,"",Bom,Não existe,Perfeito estado,Seca,Perfeito estado,Não existe,Não há placas,"",Única,Canteiro central,"",""
7943,2019-09-12T00:00:00,19:30:00,COM VÍTIMA,FINALIZADA,BOA VISTA,AV GOVERNADOR AGAMENON MAGALHAES,"",VDO INDEPENDENCIA,NA SUSBIDA DO VIADUTO JOAO DE BARROS // SENTIDO OLINDA,AV GOVERNADOR AGAMENON MAGALHAES,"",NA SUSBIDA DO VIADUTO JOAO DE BARROS // SENTIDO OLINDA,BOA VISTA,,"",COLISÃO TRASEIRA,DOIS ONIBUS CAXANGA E BORBOREMA,,,,,,2,,,,2,,Viaduto,Bom,Não existe,Perfeito estado,Seca,Perfeito estado,"","","",Dupla,Canal,"",""
7944,2019-09-12T00:00:00,20:01:00,SEM VÍTIMA,CANCELADA,LINHA DO TIRO,RUA URIEL DE HOLANDA,1683,RUA BISMARCK DE FREITAS,PROX AO MERCADO JS / E TERMINAL DO BREJO,RUA URIEL DE HOLANDA,1683,PROX AO MERCADO JS / E TERMINAL DO BREJO,LINHA DO TIRO,,"",COLISÃO,ONIBUS CAXANGA X FAIT UNO,1,,,,,1,,,,0,,"","","","","","","","","","","","",""
7945,2019-09-12T00:00:00,20:17:00,SEM VÍTIMA,FINALIZADA,BOA VISTA,AV GOVERNADOR AGAMENON MAGALHAES,"","",CÍRCULO MILITAR DO RECIFE / VIADUTO DA INDEPENDÊNCIA,AV GOVERNADOR AGAMENON MAGALHAES,"",CÍRCULO MILITAR DO RECIFE / VIADUTO DA INDEPENDÊNCIA,BOA VISTA,,"",COLISÃO TRASEIRA,ENTRE 2 AUTOS. S/V,2,,,,,,,,,0,,Longo da via,Bom,Não existe,Perfeito estado,Seca,Perfeito estado,"","","",Dupla,Canal,"",""
7946,2019-09-12T00:00:00,20:45:00,SEM VÍTIMA,FINALIZADA,CASA AMARELA,AV NORTE,"","",LADO OPOSTO AO ARMAZEM CORAL,AV NORTE,"",LADO OPOSTO AO ARMAZEM CORAL,CASA AMARELA,,SUBURBIO,ABALROAMENTO LONGITUDINAL,ENTRE AUTO E ÕNIBUS. S/V,1,,,,,1,,,,0,,Longo da via,Bom,Não existe,Perfeito estado,Seca,Perfeito estado,Não existe,Outras,"",Dupla,Faixa seccionada,Canteiro central,""
7947,2019-09-12T00:00:00,20:46:00,SEM VÍTIMA,FINALIZADA,TAMARINEIRA,AV CONS ROSA E SILVA,2175,"","",AV CONS ROSA E SILVA,2175,"",TAMARINEIRA,61,SUBURBIO,ABALROAMENTO LONGITUDINAL,MICRO-ONIBUS X HB 20 X RENAULT,2,,,,,1,,,,0,,Longo da via,Bom,Sem defeito,Perfeito estado,Seca,Perfeito estado,Faixa de pedestre,Não há placas,"",Única,Faixa seccionada,"",""
7948,2019-09-12T00:00:00,20:59:00,COM VÍTIMA,FINALIZADA,BOA VIAGEM,AV ENGENHEIRO DOMINGOS FERREIRA,4140,"",ENF AO BANCO BRADESCO,AV ENGENHEIRO DOMINGOS FERREIRA,4140,ENF AO BANCO BRADESCO,BOA VIAGEM,,SUBURBIO,COLISÃO,ONIX X MOTO,1,1,,,,,,,,1,,Longo da via,Bom,Não existe,Perfeito estado,Seca,Perfeito estado,Não existe,Não há placas,"",Única,Canteiro central,"",""
7949,2019-09-12T00:00:00,21:09:00,SEM VÍTIMA,FINALIZADA,BOA VISTA,AV GOVERNADOR AGAMENON MAGALHAES,"","",CÍRCULO MILITAR DO RECIFE,AV GOVERNADOR AGAMENON MAGALHAES,"",CÍRCULO MILITAR DO RECIFE,BOA VISTA,,"",ABALROAMENTO LONGITUDINAL,LOGAN X ETIOS,2,,,,,,,,,0,,Longo da via,Bom,Não existe,Perfeito estado,Seca,Perfeito estado,"","","",Dupla,Faixa seccionada,Canal,""
7950,2019-09-12T00:00:00,21:33:00,COM VÍTIMA,FINALIZADA,VÁRZEA,AV PROFESSOR ARTUR DE SA,"","",E/F A ENTRADA DO DERPATAMENTO DE ENGENHARIA QUIMICA,AV PROFESSOR ARTUR DE SA,"",E/F A ENTRADA DO DERPATAMENTO DE ENGENHARIA QUIMICA,VÁRZEA,,SUBURBIO,COLISÃO COM CICLISTA,ENTRE AUTO E DOIS CICLISTAS. C/V,1,,,2,,,,,,2,,Longo da via,Bom,Não existe,Perfeito estado,Seca,Perfeito estado,Outros,Outras,"",Dupla,Faixa seccionada,"",""
7951,2019-09-12T00:00:00,22:30:00,SEM VÍTIMA,FINALIZADA,BOA VIAGEM,RUA BARAO DE SOUZA LEAO,"","",AO LADO DA PRACINHA DE BOA VIAGEM,RUA BARAO DE SOUZA LEAO,"",AO LADO DA PRACINHA DE BOA VIAGEM,BOA VIAGEM,,SUBURBIO,COLISÃO TRASEIRA,TOCSON X MOTO,1,1,,,,,,,,0,,Longo da via,Bom,Sem defeito,Perfeito estado,Seca,Perfeito estado,Não existe,Não há placas,"",Única,"","",""
7952,2019-09-12T00:00:00,22:46:00,SEM VÍTIMA,FINALIZADA,BOA VIAGEM,AV ENGENHEIRO DOMINGOS FERREIRA,"","","",AV ENGENHEIRO DOMINGOS FERREIRA,"","",BOA VIAGEM,380,SUBURBIO,COLISÃO TRASEIRA,3 AUTOS. S/V,3,,,,,,,,,0,,Longo da via,Bom,Sem defeito,Perfeito estado,Seca,Perfeito estado,Faixa de pedestre,Outras,"",Única,Faixa contínua,Faixa seccionada,Canteiro central
7953,2019-09-12T00:00:00,23:17:00,SEM VÍTIMA,FINALIZADA,"",RUA ANTONIO FALCAO,"",RUA GENERAL EDSON AMANCIO RAMALHO,"",RUA ANTONIO FALCAO,"","","",648,"",COLISÃO TRASEIRA,MINI CUP X FORD KA,2,,,,,,,,,0,,Cruzamento,Bom,Sem defeito,Perfeito estado,Seca,Perfeito estado,Faixa de pedestre,"","",Única,"","",""
7954,2019-09-13T00:00:00,07:24:00,SEM VÍTIMA,FINALIZADA,DERBY,AV GOVERNADOR AGAMENON MAGALHAES,"",RUA JOAQUIM NABUCO,SEMÁFORO 174 / PRÓXIMO A RESTAURAÇÃO,AV GOVERNADOR AGAMENON MAGALHAES,"",SEMÁFORO 174 / PRÓXIMO A RESTAURAÇÃO,DERBY,174,CIDADE,COLISÃO COM CICLISTA,COLISÃO COM CICLISTA - QTH VIATURA DA CTTU NO LOCAL,1,,,1,,,,,,0,,Longo da via,Bom,Sem defeito,Perfeito estado,Seca,Perfeito estado,"","",60 km/h,Dupla,Canal,"",""
7955,2019-09-13T00:00:00,07:38:00,SEM VÍTIMA,FINALIZADA,BEBERIBE,PRC DA CONVENCAO,"","",FRENTE A ESPOSENDE CALÇADOS,PRC DA CONVENCAO,"",FRENTE A ESPOSENDE CALÇADOS,BEBERIBE,,SUBURBIO,ABALROAMENTO LONGITUDINAL,COLISÃO SEM VITIMAS,1,,,,,1,,,,0,,Longo da via,Bom,Não existe,Incompleta,Seca,Perfeito estado,Não existe,Outras,"",Única,Não existe,"",""
7956,2019-09-13T00:00:00,07:39:00,COM VÍTIMA,FINALIZADA,PINA,AVENIDA CELSO FURTADO (VIA MANGUE),"","",LADO OPOSTO AO ANTIGO AEROCLUBE,AVENIDA CELSO FURTADO (VIA MANGUE),"",LADO OPOSTO AO ANTIGO AEROCLUBE,PINA,,"",CHOQUE,VÍTIMA SAMU NO SOCORRO - MOTO PLACA,,1,,,,,,,,1,,Longo da via,Bom,Não existe,Perfeito estado,Seca,Perfeito estado,Não existe,Não há placas,"",Dupla,Canteiro central,"",""
7957,2019-09-13T00:00:00,08:32:00,SEM VÍTIMA,FINALIZADA,SANTO AMARO,RUA VINTE E QUATRO DE AGOSTO,"","",EM FRENTE A CONTAX,RUA VINTE E QUATRO DE AGOSTO,"",EM FRENTE A CONTAX,SANTO AMARO,,CIDADE,COLISÃO TRASEIRA,"",1,,,,,1,,,,0,,Longo da via,Bom,Não existe,Perfeito estado,Seca,Perfeito estado,Não existe,R-6a,"",Única,Faixa seccionada,"",""
7958,2019-09-13T00:00:00,08:42:00,SEM VÍTIMA,FINALIZADA,BOA VISTA,RUA DOM BOSCO,"",RUA HENRIQUE DIAS,EXTRA SUPERMERCADO AO LADO,RUA DOM BOSCO,"",EXTRA SUPERMERCADO AO LADO,BOA VISTA,294,CIDADE,ABALROAMENTO LONGITUDINAL,ONIBUS E AUTO,1,,,,,1,,,,0,,Cruzamento,Bom,Sem defeito,Perfeito estado,Seca,Perfeito estado,Faixa de pedestre,R-6a,"",Única,Faixa seccionada,"",""
7959,2019-09-13T00:00:00,08:54:00,SEM VÍTIMA,FINALIZADA,PINA,AVENIDA CELSO FURTADO (VIA MANGUE),"","",PRÓXIMO AO SHOPP RIOMAR,AVENIDA CELSO FURTADO (VIA MANGUE),"",PRÓXIMO AO SHOPP RIOMAR,PINA,,"",COLISÃO TRASEIRA,COLISÃO SEM VITIMAS,2,,,,,,,,,0,,Longo da via,Bom,Não existe,Perfeito estado,Seca,Perfeito estado,Não existe,R-6a,60 km/h,Dupla,Canteiro central,"",""
7960,2019-09-13T00:00:00,08:56:00,SEM VÍTIMA,FINALIZADA,CASA AMARELA,AV PROFESSOR JOSE DOS ANJOS,"",AV NORTE,"",AV PROFESSOR JOSE DOS ANJOS,"","",CASA AMARELA,364,SUBURBIO,CHOQUE VEÍCULO PARADO,COLISÃO SEM VÍTIMAS,2,,,,,,,,,0,,Cruzamento,Bom,Sem defeito,Perfeito estado,Seca,Perfeito estado,Faixa de pedestre,R-6a,40 km/h,Única,"","",""
7961,2019-09-13T00:00:00,09:18:00,SEM VÍTIMA,CANCELADA,ILHA DO LEITE,RUA GENERAL JOAQUIM INACIO,"","",EM FRENTE A FARMACIA PAGUE MENOS,RUA GENERAL JOAQUIM INACIO,"",EM FRENTE A FARMACIA PAGUE MENOS,ILHA DO LEITE,,"",COLISÃO,COLISÃO SEM VITIMAS,2,,,,,,,,,0,,"","","","","","","","","","","","",""
7962,2019-09-13T00:00:00,09:21:00,SEM VÍTIMA,FINALIZADA,DERBY,RUA DR SEVERINO PINHEIRO,"","",QUARTEL DO DERBY,RUA DR SEVERINO PINHEIRO,"",QUARTEL DO DERBY,DERBY,,SUBURBIO,ABALROAMENTO LONGITUDINAL,DOIS AUTOS,2,,,,,,,,,0,,Longo da via,Bom,Sem defeito,Perfeito estado,Seca,Perfeito estado,Não existe,Não há placas,"",Dupla,Faixa contínua,"",""
7963,2019-09-13T00:00:00,10:51:00,COM VÍTIMA,FINALIZADA,CASA AMARELA,RUA PADRE LEMOS,674,"",EM FRENTE A LOJA DA KINITOS,RUA PADRE LEMOS,674,EM FRENTE A LOJA DA KINITOS,CASA AMARELA,,SUBURBIO,ACID. DE PERCURSO,VITIMA A ESPERA DO SAMU,,1,,,,,,,,1,,Longo da via,Bom,Não existe,Perfeito estado,Seca,Perfeito estado,"","","",Dupla,Faixa seccionada,"",""
7964,2019-09-13T00:00:00,11:01:00,SEM VÍTIMA,FINALIZADA,IBURA,AV DOIS RIOS,"","",PRÓXIMO AO PONTILHÃO DO IBURA,AV DOIS RIOS,"",PRÓXIMO AO PONTILHÃO DO IBURA,IBURA,,CIDADE,ABALROAMENTO TRANSVERSAL,"",2,,,,,,,,,0,,Longo da via,Bom,Não existe,Perfeito estado,Seca,Perfeito estado,Não existe,Não há placas,"",Dupla,Faixa contínua,"",""
7965,2019-09-13T00:00:00,11:32:00,SEM VÍTIMA,FINALIZADA,CASA FORTE,"EST DAS UBAIAS,",758,"",UBAIAS CENTER,"EST DAS UBAIAS,",758,UBAIAS CENTER,CASA FORTE,469,SUBURBIO,ABALROAMENTO LONGITUDINAL,COLISÃO SEM VITIMAS,1,,,,,1,,,,0,,Longo da via,Nublado,Sem defeito,Perfeito estado,Seca,Perfeito estado,Faixa de pedestre,Outras,"",Dupla,Não existe,"",""
7966,2019-09-13T00:00:00,11:36:00,SEM VÍTIMA,FINALIZADA,BOA VIAGEM,AV ENGENHEIRO DOMINGOS FERREIRA,2025,"",PET SHOP PETLEND,AV ENGENHEIRO DOMINGOS FERREIRA,2025,PET SHOP PETLEND,BOA VIAGEM,,SUBURBIO,COLISÃO TRASEIRA,COLISÃO COM 2 CARROS,2,,,,,,,,,0,,"",Bom,Não existe,Perfeito estado,Seca,Perfeito estado,Não existe,Não há placas,"",Única,Canteiro central,"",""
7967,2019-09-13T00:00:00,11:39:00,SEM VÍTIMA,FINALIZADA,BOA VIAGEM,RUA RIBEIRO DE BRITO,"",RUA AMALIA BERNARDINO DE SOUZA,"",RUA RIBEIRO DE BRITO,"","",BOA VIAGEM,,SUBURBIO,ABALROAMENTO LONGITUDINAL,COLISÃO SEM VITIMAS,1,,,,,1,,,,0,,Cruzamento,Bom,Não existe,Perfeito estado,Seca,Perfeito estado,Não existe,Não há placas,"",Única,Faixa seccionada,"",""
7968,2019-09-13T00:00:00,12:18:00,SEM VÍTIMA,CANCELADA,BOA VISTA,AV CONDE DA BOA VISTA,1463,"",PROX AO POSTO SHEL E/F A NACIONAL GRAFICA S/T DERBY,AV CONDE DA BOA VISTA,1463,PROX AO POSTO SHEL E/F A NACIONAL GRAFICA S/T DERBY,BOA VISTA,,"",COLISÃO,COLISAO ENTRE DOIS ONIBUS S/T,,,,,,2,,,,0,,"","","","","","","","","","","","",""
7969,2019-09-13T00:00:00,12:59:00,SEM VÍTIMA,FINALIZADA,AFOGADOS,RUA PADRE TEOFILO TWORZ,"",RUA COSME VIANA,SOBRE O SEMÁFORO Nº 503,RUA PADRE TEOFILO TWORZ,"",SOBRE O SEMÁFORO Nº 503,AFOGADOS,503,CIDADE,ABALROAMENTO TRANSVERSAL,COLISÃO SEM VITIMA,2,,,,,,,,,0,,Cruzamento,Bom,Sem defeito,Perfeito estado,Seca,Perfeito estado,Faixa de pedestre,Outras,"",Dupla,Faixa seccionada,"",""
7970,2019-09-13T00:00:00,13:19:00,SEM VÍTIMA,DUPLICIDADE,AFOGADOS,RUA JOAO IVO DA SILVA,"","",NO SEMÁFORO 503,RUA JOAO IVO DA SILVA,"",NO SEMÁFORO 503,AFOGADOS,,"",COLISÃO,COLISÃO SEM VÍTIMA,2,,,,,,,,,0,,"","","","","","","","","","","","",""
7971,2019-09-13T00:00:00,13:26:00,SEM VÍTIMA,FINALIZADA,IBURA,AV SANTA FE,"","",E/F A O SUPERMERCADO KD ALIMENTOS S/T UR 1,AV SANTA FE,"",E/F A O SUPERMERCADO KD ALIMENTOS S/T UR 1,IBURA,,"",COLISÃO,COLISAO ENTRE DOIS AUTOS S/V,2,,,,,,,,,0,,"","","","","","","","","","","","",""
7972,2019-09-13T00:00:00,13:31:00,SEM VÍTIMA,FINALIZADA,BONGI,AV ENGENHEIRO ABDIAS DE CARVALHO,2800,"",EM FRENTE AO COMPAZ,AV ENGENHEIRO ABDIAS DE CARVALHO,2800,EM FRENTE AO COMPAZ,BONGI,,SUBURBIO,COLISÃO TRASEIRA,COLISAO ENTRE ONIBUS E AUTOS S/V,1,,,,,1,,,,0,,Longo da via,Bom,Sem defeito,Perfeito estado,Seca,Perfeito estado,Outros,Outras,60 km/h,Única,Canteiro central,"",""
7973,2019-09-13T00:00:00,13:48:00,COM VÍTIMA,FINALIZADA,CAXANGÁ,AV CAXANGA,"","",E/F AO BOMPREÇO PROX AO VIADUTO DA CAXANGA,AV CAXANGA,"",E/F AO BOMPREÇO PROX AO VIADUTO DA CAXANGA,CAXANGÁ,,SUBURBIO,ATROPELAMENTO,MOTOQUEIRO TROPELOU UM PEDESTRE,,1,,,1,,,,,1,,Longo da via,Bom,Não existe,Perfeito estado,Seca,Perfeito estado,Não existe,Não há placas,"",Dupla,Canteiro central,"",""
7974,2019-09-13T00:00:00,14:43:00,SEM VÍTIMA,FINALIZADA,BOA VIAGEM,AV CONSELHEIRO AGUIAR,"","",EM FRENTE A CAIXA ECONOMICA,AV CONSELHEIRO AGUIAR,"",EM FRENTE A CAIXA ECONOMICA,BOA VIAGEM,,"",COLISÃO,COLISÃO SEM VITIMA,1,,,,,1,,,,0,,"","","","","","","","","","","","",""
7975,2019-09-13T00:00:00,15:11:00,SEM VÍTIMA,FINALIZADA,MANGUEIRA,RUA BOM JARDIM,544,"",PROXIMO AO METRO E/F DEPOSITO RODA GÁS,RUA BOM JARDIM,544,PROXIMO AO METRO E/F DEPOSITO RODA GÁS,MANGUEIRA,,"",COLISÃO,COLISÃO SEM VÍTIMA,1,,,,,1,,,,0,,"","","","","","","","","","","","",""
7976,2019-09-13T00:00:00,15:25:00,SEM VÍTIMA,FINALIZADA,TORREÃO,AV GOVERNADOR AGAMENON MAGALHAES,"","",EM FRENTE AO POSTO BR PETROBRAS,AV GOVERNADOR AGAMENON MAGALHAES,"",EM FRENTE AO POSTO BR PETROBRAS,TORREÃO,379,"",ABALROAMENTO LONGITUDINAL,COLISÃO SEM VÍTIMA,2,,,,,,,,,0,,Longo da via,Bom,Sem defeito,Perfeito estado,Seca,Perfeito estado,Faixa de pedestre,"",60 km/h,Dupla,Canal,"",""
7977,2019-09-13T00:00:00,16:16:00,SEM VÍTIMA,FINALIZADA,SANTO AMARO,AV NORTE,"","",SOB O SEMÁFORO Nº 036,AV NORTE,"",SOB O SEMÁFORO Nº 036,SANTO AMARO,36,SUBURBIO,COLISÃO TRASEIRA,COLISÃO SEM VITIMA,2,,,,,,,,,0,,Longo da via,Bom,Sem defeito,Perfeito estado,Seca,Perfeito estado,Agente,R-4a,40 km/h,Dupla,Canteiro central,"",""
7978,2019-09-13T00:00:00,16:17:00,SEM VÍTIMA,CANCELADA,BOA VISTA,RUA AURORA,"","",E/F A FUNDARPE TEATRO ARIANO SUASSUNA,RUA AURORA,"",E/F A FUNDARPE TEATRO ARIANO SUASSUNA,BOA VISTA,,"",COLISÃO,COLISAO ENTRE ONIBUS E AUTO COM CHICO CITY,2,,,,,1,,,,0,,"","","","","","","","","","","","",""
7979,2019-09-13T00:00:00,16:18:00,COM VÍTIMA,FINALIZADA,PINA,PTE GOVERNADOR PAULO GUERRA,"","",ANTES DO ATACADO DA CONSTRUÇÃO SENTIDO PINA,PTE GOVERNADOR PAULO GUERRA,"",ANTES DO ATACADO DA CONSTRUÇÃO SENTIDO PINA,PINA,,SUBURBIO,COLISÃO,AUTO E UMA MOTOCICLETA,1,,1,,,,,,,1,,Ponte,Bom,Não existe,Perfeito estado,Seca,Perfeito estado,Não existe,Não há placas,60 km/h,Única,Faixa seccionada,"",""
7980,2019-09-13T00:00:00,17:25:00,SEM VÍTIMA,FINALIZADA,ILHA DO RETIRO,TUNEL CHICO SCIENCE,"","",SPORT CLUB RECIFE,TUNEL CHICO SCIENCE,"",SPORT CLUB RECIFE,ILHA DO RETIRO,,CIDADE,ABALROAMENTO LONGITUDINAL,COLISAO ENTRE DOIS AUTOS S/V,2,,,,,,,,1,0,,Longo da via,Bom,Não existe,Perfeito estado,Seca,Perfeito estado,Não existe,R-6a,"",Única,Faixa seccionada,"",""
7981,2019-09-13T00:00:00,17:43:00,SEM VÍTIMA,FINALIZADA,DERBY,AV GOVERNADOR AGAMENON MAGALHAES,"",RUA DOM BOSCO,AMERICANO BATISTA,AV GOVERNADOR AGAMENON MAGALHAES,"",AMERICANO BATISTA,DERBY,174,"",ABALROAMENTO LONGITUDINAL,COLISÃO SEM VITIMA,2,,,,,,,,,0,,Cruzamento,Bom,Sem defeito,Perfeito estado,Seca,Perfeito estado,"",Não há placas,60 km/h,Única,Faixa contínua,"",""
7982,2019-09-13T00:00:00,17:45:00,SEM VÍTIMA,FINALIZADA,APIPUCOS,RUA CORONEL JOAO BATISTA DO REGO BARROS,"",RUA DE APIPUCOS,"",RUA CORONEL JOAO BATISTA DO REGO BARROS,"","",APIPUCOS,540,CIDADE,COLISÃO TRASEIRA,COLISÃO SEM VITIMA,2,,,,,,,,,0,,Longo da via,Bom,Sem defeito,Perfeito estado,Seca,Perfeito estado,Não existe,Não há placas,"",Dupla,Não existe,"",""
7983,2019-09-13T00:00:00,18:27:00,SEM VÍTIMA,CANCELADA,BOA VISTA,AV GOVERNADOR AGAMENON MAGALHAES,"",PRC PARQUE AMORIM,"E/F AO WALLMART, SNT OLINDA",AV GOVERNADOR AGAMENON MAGALHAES,"","E/F AO WALLMART, SNT OLINDA",BOA VISTA,,"",COLISÃO,ENTRE AUTO E MOTO. S/V,1,1,,,,,,,,0,,"","","","","","","","","","","","",""
7984,2019-09-13T00:00:00,18:37:00,COM VÍTIMA,FINALIZADA,BOA VIAGEM,RUA BARAO DE SOUZA LEAO,1544,AV VINTE E TRES DE OUTUBRO,POR BAIXO DO PONTILHAO DO METRO,RUA BARAO DE SOUZA LEAO,1544,POR BAIXO DO PONTILHAO DO METRO,BOA VIAGEM,,CIDADE,COLISÃO TRASEIRA,MOTO X HB 20,1,1,,,,,,,,1,,Longo da via,Bom,Não existe,Incompleta,Seca,Perfeito estado,Não existe,Outras,30 km/h,Única,Faixa seccionada,"",""
7985,2019-09-13T00:00:00,18:50:00,SEM VÍTIMA,CANCELADA,JORDÃO,AV CENTENARIO ALBERTO SANTOS DUMONT,311,"",PROX A ENTRADA DO JORDAO ENF A CHURRASCARIA EDMILSON DA CARNE DE SOL,AV CENTENARIO ALBERTO SANTOS DUMONT,311,PROX A ENTRADA DO JORDAO ENF A CHURRASCARIA EDMILSON DA CARNE DE SOL,JORDÃO,,"",COLISÃO,VOYAGE X ONIX,2,,,,,,,,,0,,"","","","","","","","","","","","",""
7986,2019-09-13T00:00:00,19:52:00,SEM VÍTIMA,CANCELADA,BOA VIAGEM,RUA VISCONDE DE JEQUITINHONHA,138,"",ENF A CHURRASCARIA PONTEIO,RUA VISCONDE DE JEQUITINHONHA,138,ENF A CHURRASCARIA PONTEIO,BOA VIAGEM,,"",COLISÃO,ONIBUS BORBOREMA X AUTO,1,,,,,1,,,,0,,"","","","","","","","","","","","",""
7987,2019-09-13T00:00:00,19:59:00,SEM VÍTIMA,FINALIZADA,ILHA JOANA BEZERRA,AV GOVERNADOR AGAMENON MAGALHAES,"","",PTE JOSÉ BARROS LIMA,AV GOVERNADOR AGAMENON MAGALHAES,"",PTE JOSÉ BARROS LIMA,ILHA JOANA BEZERRA,,SUBURBIO,COLISÃO TRASEIRA,ENTRE 2 AUTOS E 1 MOTO. S/V,2,1,,,,,,,,0,,Ponte,Bom,Não existe,Não existente,Seca,Perfeito estado,Não existe,Não há placas,"",Única,"","",""