_id,DATA,hora,natureza_acidente,situacao,bairro,endereco,numero,detalhe_endereco_acidente,complemento,endereco_cruzamento,numero_cruzamento,referencia_cruzamento,bairro_cruzamento,num_semaforo,sentido_via,tipo,descricao,auto,moto,ciclom,ciclista,pedestre,onibus,caminhao,viatura,outros,vitimas,vitimasfatais,acidente_verificado,tempo_clima,situacao_semaforo,sinalizacao,condicao_via,conservacao_via,ponto_controle,situacao_placa,velocidade_max_via,mao_direcao,divisao_via1,divisao_via2,divisao_via3
7988,2019-09-13T00:00:00,22:40:00,SEM VÍTIMA,FINALIZADA,ROSARINHO,AV SANTOS DUMONT,"",AV NORTE,PADARIA ROSARINHO,AV SANTOS DUMONT,"",PADARIA ROSARINHO,ROSARINHO,81,SUBURBIO,ABALROAMENTO LONGITUDINAL,DOIS AUTO,1,,,,,,,,,0,,Cruzamento,Bom,Sem defeito,Perfeito estado,Seca,Perfeito estado,Faixa de pedestre,Não há placas,"",Dupla,Faixa seccionada,"",""
7989,2019-09-14T00:00:00,00:36:00,COM VÍTIMA,FINALIZADA,ENCRUZILHADA,EST DE BELEM,"",RUA DONA ELVIRA,"200 METROS APÓS O BANCO ITAÚ, SENTIDO PEIXINHOS // ESQUINA DA QUITANDARIA",EST DE BELEM,"","200 METROS APÓS O BANCO ITAÚ, SENTIDO PEIXINHOS // ESQUINA DA QUITANDARIA",ENCRUZILHADA,201,SUBURBIO,COLISÃO,"COLISÃO ENTRE AUTO E MOTO, C/V.",1,1,,,,,,,,1,,Cruzamento,Bom,Sem defeito,Perfeito estado,Seca,Perfeito estado,Faixa de pedestre,Não há placas,"",Dupla,Faixa contínua,"",""
7990,2019-09-14T00:00:00,03:12:00,SEM VÍTIMA,FINALIZADA,BOA VIAGEM,AV CONSELHEIRO AGUIAR,4635,RUA DOM JOSE LOPES,FARMÁCIA PAGUE MENOS 24 H,AV CONSELHEIRO AGUIAR,4635,FARMÁCIA PAGUE MENOS 24 H,BOA VIAGEM,,CIDADE,ABALROAMENTO LONGITUDINAL,"COLISÃO ENTRE DOIS AUTOS, S/V.",2,,,,,,,,,0,,Cruzamento,Bom,Não existe,Perfeito estado,Seca,Perfeito estado,Não existe,Placas Pare,"",Única,Faixa seccionada,"",""
7991,2019-09-14T00:00:00,05:43:00,COM VÍTIMA,FINALIZADA,DOIS UNIDOS,RUA PADRE CICERO,40,"",PRÓX AO MOTEL SÉCULO 20 // PRÓX AO CÓRREGO JOSÉ AMARINO REIS,RUA PADRE CICERO,40,PRÓX AO MOTEL SÉCULO 20 // PRÓX AO CÓRREGO JOSÉ AMARINO REIS,DOIS UNIDOS,,SUBURBIO,CHOQUE VEÍCULO PARADO,"COLISÃO ENTRE AUTO E MOTO, C/V.",1,1,,,,,,,,1,,Longo da via,Bom,Não existe,Não existente,Seca,Perfeito estado,Não existe,Não há placas,"",Dupla,Não existe,"",""
7992,2019-09-14T00:00:00,07:47:00,SEM VÍTIMA,FINALIZADA,BOA VIAGEM,RUA ERNESTO DE PAULA SANTOS,"",AV CONSELHEIRO AGUIAR,"",RUA ERNESTO DE PAULA SANTOS,"","",BOA VIAGEM,127,CIDADE,ABALROAMENTO LONGITUDINAL,MOTO E ONIBUS,,1,,,,1,,,,0,,"",Bom,Sem defeito,Perfeito estado,Seca,Perfeito estado,"",Outras,"",Única,"","",""
7993,2019-09-14T00:00:00,09:14:00,SEM VÍTIMA,FINALIZADA,TORRE,AV RUI BARBOSA,"",RUA JORNALISTA ESMARAGDO MARROQUIM,SOB O SEMÁFORO 305,AV RUI BARBOSA,"",SOB O SEMÁFORO 305,TORRE,305,CIDADE,ABALROAMENTO LONGITUDINAL,ONIBUS E PASSEIO,1,,,,,1,,,,0,,Cruzamento,Bom,Sem defeito,Perfeito estado,Seca,Perfeito estado,"",Outras,"",Única,Faixa seccionada,"",""
7994,2019-09-14T00:00:00,09:52:00,SEM VÍTIMA,FINALIZADA,ILHA DO RETIRO,RUA SPORT CLUBE DO RECIFE,"","",EM FRENTE AO SPORT CLUBE DO RECIFE,RUA SPORT CLUBE DO RECIFE,"",EM FRENTE AO SPORT CLUBE DO RECIFE,ILHA DO RETIRO,367,CIDADE,COLISÃO TRASEIRA,COLISÃO DE DOIS VEÍCULOS PARTICULARES COM UM CAMINHÃO DA CELPE,2,,,,,,1,,,0,,Longo da via,Bom,Sem defeito,Perfeito estado,Seca,Perfeito estado,Outros,R-6a,"",Dupla,"","",""
7995,2019-09-14T00:00:00,09:53:00,SEM VÍTIMA,FINALIZADA,ÁGUA FRIA,AV BEBERIBE,"","",EM FRENTE AO SEMÁFORO Nº 405,AV BEBERIBE,"",EM FRENTE AO SEMÁFORO Nº 405,ÁGUA FRIA,405,CIDADE,COLISÃO TRASEIRA,COLISÃO S/VITIMA ENTRE UM AUTO E UMA MOTO,1,1,,,,,,,,0,,Longo da via,Bom,Sem defeito,Perfeito estado,Seca,Perfeito estado,Faixa de pedestre,Outras,"",Dupla,Não existe,"",""
7996,2019-09-14T00:00:00,10:23:00,SEM VÍTIMA,FINALIZADA,BOA VIAGEM,RUA DOS NAVEGANTES,1097,"","",RUA DOS NAVEGANTES,1097,"",BOA VIAGEM,,SUBURBIO,COLISÃO TRASEIRA,COLISÃO S/ VITIMAS ENTRE DOIS AUTOS,2,,,,,,,,,0,,Longo da via,Bom,Não existe,Perfeito estado,Seca,Perfeito estado,"",Outras,"",Única,"","",""
7997,2019-09-14T00:00:00,10:24:00,SEM VÍTIMA,FINALIZADA,SÃO JOSÉ,AV SUL,"","",NA ENTRADA DO CATAMARÃ,AV SUL,"",NA ENTRADA DO CATAMARÃ,SÃO JOSÉ,,CIDADE,ABALROAMENTO LONGITUDINAL,CAMINHAO E AUTO,1,,,,,,1,,,0,,Longo da via,Bom,Sem defeito,"",Seca,"",Não existe,Outras,60 km/h,Única,Faixa seccionada,Canteiro central,""
7998,2019-09-14T00:00:00,10:47:00,SEM VÍTIMA,FINALIZADA,BOA VIAGEM,RUA MARIA CAROLINA,205,AV ENGENHEIRO DOMINGOS FERREIRA,"",RUA MARIA CAROLINA,205,"",BOA VIAGEM,,SUBURBIO,ABALROAMENTO LONGITUDINAL,COLISÃO DE DOIS CARROS PARTICULARES,2,,,,,,,,,0,,Longo da via,Bom,Não existe,Ilegível,Seca,Perfeito estado,Não existe,Placas Pare,"",Única,Faixa contínua,"",""
7999,2019-09-14T00:00:00,11:49:00,SEM VÍTIMA,FINALIZADA,ESPINHEIRO,RUA SANTO ELIAS,"","",GALERIA ESPINHEIRO,RUA SANTO ELIAS,"",GALERIA ESPINHEIRO,ESPINHEIRO,,SUBURBIO,ABALROAMENTO TRANSVERSAL,COLISÃO S/VITIMAS ENTRE DOIS AUTOS,2,,,,,,,,,0,,Longo da via,Bom,"",Perfeito estado,Seca,Perfeito estado,"",Placas Pare,40 km/h,Dupla,Não existe,"",""
8000,2019-09-14T00:00:00,12:28:00,SEM VÍTIMA,FINALIZADA,DERBY,RUA JOAQUIM NABUCO,"",AV GOVERNADOR AGAMENON MAGALHAES,"",RUA JOAQUIM NABUCO,"","",DERBY,174,SUBURBIO,ABALROAMENTO TRANSVERSAL,COLISÃO SEM VITIMA,2,,,,,,,,,0,,Cruzamento,Bom,Sem defeito,Perfeito estado,Seca,Perfeito estado,Faixa de pedestre,Outras,"",Única,Faixa seccionada,"",""
8001,2019-09-14T00:00:00,13:39:00,SEM VÍTIMA,FINALIZADA,ESPINHEIRO,"","","",EDF ITAMARACÁ Nº 487,"","",EDF ITAMARACÁ Nº 487,ESPINHEIRO,,CIDADE,CHOQUE VEÍCULO PARADO,COLISÃO SEM VITIMA,2,,,,,,,,,0,,Longo da via,Bom,Não existe,Não existente,Seca,Perfeito estado,Não existe,Não há placas,40 km/h,Única,Não existe,"",""
8002,2019-09-14T00:00:00,13:47:00,SEM VÍTIMA,FINALIZADA,IMBIRIBEIRA,AV MARECHAL MASCARENHAS DE MORAES,3214,"",EM FRENTE A LOJA CASAS BAHIA,AV MARECHAL MASCARENHAS DE MORAES,3214,EM FRENTE A LOJA CASAS BAHIA,IMBIRIBEIRA,385,SUBURBIO,ABALROAMENTO LONGITUDINAL,COLISÃO SEM VITIMA,2,,,,,,,,,0,,Cruzamento,Bom,Sem defeito,Perfeito estado,Seca,Perfeito estado,Faixa de pedestre,Não há placas,60 km/h,Única,Faixa seccionada,Canteiro central,""
8003,2019-09-14T00:00:00,14:04:00,SEM VÍTIMA,FINALIZADA,SANTO AMARO,AV GOVERNADOR AGAMENON MAGALHAES,"","",SOB O SEMÁFORO 049,AV GOVERNADOR AGAMENON MAGALHAES,"",SOB O SEMÁFORO 049,SANTO AMARO,49,SUBURBIO,COLISÃO TRASEIRA,CLASSIC X CITROEN C3,2,,,,,,,,,0,,Longo da via,Bom,Sem defeito,Perfeito estado,Seca,Perfeito estado,Faixa de pedestre,Outras,"",Dupla,Canal,"",""
8004,2019-09-14T00:00:00,14:23:00,COM VÍTIMA,FINALIZADA,IPSEP,AV PRESIDENTE DUTRA,"","",PROX. DO SAL E BRASA,AV PRESIDENTE DUTRA,"",PROX. DO SAL E BRASA,IPSEP,,"",ABALROAMENTO LONGITUDINAL,COLISÃO COM VITIMA/ AGUARDANDO O SAMU NO LOCAL,1,1,,,,,,,,1,,Longo da via,Bom,Sem defeito,Perfeito estado,Seca,Perfeito estado,"",Outras,"",Dupla,Canteiro central,"",""
8005,2019-09-14T00:00:00,14:50:00,COM VÍTIMA,FINALIZADA,TAMARINEIRA,RUA DR JOSE MARIA,23,RUA NETO DE MENDONCA,ENF AO EDF. QUINTA DAS PALNEIRAS E QUINTA DA JAQUEIRA,RUA DR JOSE MARIA,23,ENF AO EDF. QUINTA DAS PALNEIRAS E QUINTA DA JAQUEIRA,TAMARINEIRA,,CIDADE,ABALROAMENTO TRANSVERSAL,MOTO X FAIT UNO,1,1,,,,,,,,1,,Longo da via,Bom,Não existe,Perfeito estado,Seca,Perfeito estado,Não existe,Outras,"",Dupla,Faixa seccionada,"",""
8006,2019-09-14T00:00:00,15:08:00,SEM VÍTIMA,FINALIZADA,TAMARINEIRA,EST VELHA DE AGUA FRIA,999,"",DNOCS,EST VELHA DE AGUA FRIA,999,DNOCS,TAMARINEIRA,,"",ABALROAMENTO LONGITUDINAL,COLISÃO SEM VITIMA,1,,,,,1,,,,0,,Longo da via,Bom,Não existe,Perfeito estado,Seca,Perfeito estado,"","",60 km/h,Dupla,Faixa contínua,"",""
8007,2019-09-14T00:00:00,15:20:00,SEM VÍTIMA,FINALIZADA,BOA VISTA,RUA DO HOSPICIO,875,"",AO LADO DO RAC/ CENTRO CULTURAL ROSSINI ALVES COUTO,RUA DO HOSPICIO,875,AO LADO DO RAC/ CENTRO CULTURAL ROSSINI ALVES COUTO,BOA VISTA,,CIDADE,ABALROAMENTO LONGITUDINAL,COLISÃO SEM VITIMA,1,,,,,1,,,,0,,Longo da via,Bom,Sem defeito,Perfeito estado,Seca,Perfeito estado,Não existe,Outras,"",Dupla,Blocos,"",""
8008,2019-09-14T00:00:00,16:24:00,SEM VÍTIMA,FINALIZADA,IBURA,RUA EXP FRANCISCO VITORIANO,28,"",SERRALHARIA RAMOS,RUA EXP FRANCISCO VITORIANO,28,SERRALHARIA RAMOS,IBURA,,CIDADE,ABALROAMENTO LONGITUDINAL,COLISÃO SEM VITIMA,1,,,,,1,,,,0,,Longo da via,Bom,Não existe,Não existente,Seca,Perfeito estado,Não existe,Não há placas,"",Dupla,Não existe,"",""
8009,2019-09-14T00:00:00,16:48:00,COM VÍTIMA,FINALIZADA,SANTO AMARO,AV GOVERNADOR AGAMENON MAGALHAES,"",RUA ODORICO MENDES,"",AV GOVERNADOR AGAMENON MAGALHAES,"","",SANTO AMARO,49,SUBURBIO,ABALROAMENTO TRANSVERSAL,COLISAO ENTRE AUTO E MOTO COM VITIMA,1,1,,,,,,,,1,,Cruzamento,Bom,Desligado,Perfeito estado,Seca,Perfeito estado,Faixa de pedestre,Outras,60 km/h,Única,Faixa seccionada,"",""
8010,2019-09-14T00:00:00,18:18:00,SEM VÍTIMA,CANCELADA,CASA AMARELA,AV NORTE,6465,"","E/F AO HOSPITAL BARROS LIMA, SNT MACAXEIRA",AV NORTE,6465,"E/F AO HOSPITAL BARROS LIMA, SNT MACAXEIRA",CASA AMARELA,,"",COLISÃO,ÔNIBUS X TÁXI. S/V,1,,,,,1,,,,0,,"","","","","","","","","","","","",""
8011,2019-09-14T00:00:00,19:09:00,SEM VÍTIMA,FINALIZADA,BEBERIBE,RUA URIEL DE HOLANDA,"","",EM FRENTE AO Nº 13,RUA URIEL DE HOLANDA,"",EM FRENTE AO Nº 13,BEBERIBE,,SUBURBIO,COLISÃO TRASEIRA,"ENTRE AUTO PASSEIO X MOTO S/V , CONDUTOR DE UM DOS VEICULOS SE EVADIU DO LOCAL, MAS O VEICULO PERMANECEU NO LOCAL",1,,,,,,,,,0,,Longo da via,Bom,Não existe,Perfeito estado,Seca,Perfeito estado,Não existe,"","",Dupla,Faixa contínua,"",""
8012,2019-09-14T00:00:00,20:13:00,COM VÍTIMA,FINALIZADA,SÃO JOSÉ,RUA IMPERIAL,"",RUA LOURENCO DA SILVA,PROX AO VIADUTO CAPITÃO TEMUDO,RUA IMPERIAL,"",PROX AO VIADUTO CAPITÃO TEMUDO,SÃO JOSÉ,,SUBURBIO,ABALROAMENTO TRANSVERSAL,ENTRE AUTO PASSEIO X MOTO COM VÍTIMAS,1,1,,,,,,,,2,,Cruzamento,Bom,Não existe,Perfeito estado,Seca,Perfeito estado,Não existe,Placas Pare,"",Única,Faixa seccionada,"",""
8013,2019-09-14T00:00:00,20:35:00,SEM VÍTIMA,FINALIZADA,MANGABEIRA,RUA JACOB,"",RUA DES HERACLITO CAVALCANTI,PRÓXIMO DA UPINHDA DA MANGABEIRA,RUA JACOB,"",PRÓXIMO DA UPINHDA DA MANGABEIRA,MANGABEIRA,,"",ABALROAMENTO TRANSVERSAL,ENTRE 2 AUTOS. S/V,2,,,,,,,,,0,,Cruzamento,Bom,Não existe,Perfeito estado,Seca,Perfeito estado,"",Placas Pare,30 km/h,Dupla,Não existe,"",""
8014,2019-09-14T00:00:00,22:19:00,SEM VÍTIMA,FINALIZADA,PARNAMIRIM,RUA TITO ROSAS,143,"",ED. ASSIS PEDROSA,RUA TITO ROSAS,143,ED. ASSIS PEDROSA,PARNAMIRIM,,SUBURBIO,ABALROAMENTO LONGITUDINAL,ENTRE DOIS AUTO S/V,2,,,,,,,,,0,,Longo da via,Bom,Não existe,Perfeito estado,Seca,Mal iluminada,Não existe,Outras,"",Única,Faixa seccionada,"",""
8015,2019-09-14T00:00:00,23:22:00,SEM VÍTIMA,FINALIZADA,PRADO,RUA SANTA EDWIRGES,"",RUA PADRE TEOFILO TWORZ,"",RUA SANTA EDWIRGES,"","",PRADO,,CIDADE,ABALROAMENTO TRANSVERSAL,ENTRE DOIS AUTO S/V,2,,,,,,,,,0,,Cruzamento,Bom,Não existe,"",Seca,Perfeito estado,Faixa de retenção,"","",Dupla,Faixa contínua,"",""
8016,2019-09-15T00:00:00,00:04:00,COM VÍTIMA,FINALIZADA,MADALENA,RUA BENFICA,"","",EM FRENTE AO MUSEU DA ABOLIÇÃO,RUA BENFICA,"",EM FRENTE AO MUSEU DA ABOLIÇÃO,MADALENA,257,"",COLISÃO,ENTRE AUTO PASSEIO X MOTO COM VÍTIMA,1,1,,,,,,,,1,,Longo da via,Bom,Sem defeito,Incompleta,Seca,Perfeito estado,Outros,Placas Dê a preferência,"",Dupla,Não existe,"",""
8017,2019-09-15T00:00:00,03:30:00,SEM VÍTIMA,CANCELADA,BOMBA DO HEMETÉRIO,RUA ARLINDO CISNEIRO,"","",EM FRENTE A PADARIA RECORD,RUA ARLINDO CISNEIRO,"",EM FRENTE A PADARIA RECORD,BOMBA DO HEMETÉRIO,,"",COLISÃO,"COLISÃO ENTRE DOIS AUTOS, S/V.",2,,,,,,,,,0,,"","","","","","","","","","","","",""
8018,2019-09-15T00:00:00,04:49:00,SEM VÍTIMA,FINALIZADA,AFLITOS,AV CONS ROSA E SILVA,901,RUA EDGAR D'AMORIM,HABIB'S,AV CONS ROSA E SILVA,901,HABIB'S,AFLITOS,,"",ABALROAMENTO TRANSVERSAL,"COLISÃO ENTRE DOIS AUTOS, S/V.",2,,,,,,,,,0,,Cruzamento,Bom,Sem defeito,Perfeito estado,Seca,Perfeito estado,Faixa de pedestre,R-6a,40 km/h,Única,"","",""
8019,2019-09-15T00:00:00,07:19:00,COM VÍTIMA,FINALIZADA,IBURA,RUA QUINZE DE NOVEMBRO,421,AV ENGENHO SERRA VERDE,EM FRENTE A LOJA DE COMIDA JAPONESA CHINA MAKAM,RUA QUINZE DE NOVEMBRO,421,EM FRENTE A LOJA DE COMIDA JAPONESA CHINA MAKAM,IBURA,,CIDADE,ABALROAMENTO TRANSVERSAL,MOTO E AUTO,1,1,,,,,,,,1,,Longo da via,Bom,Não existe,Incompleta,Seca,"","","","","","","",""
8020,2019-09-15T00:00:00,09:44:00,SEM VÍTIMA,CANCELADA,BOA VIAGEM,AV BOA VIAGEM,4040,"",EM FRENTE AO HOTEL GOLD TULIP,AV BOA VIAGEM,4040,EM FRENTE AO HOTEL GOLD TULIP,BOA VIAGEM,,"",COLISÃO,SEM VITIMAS,2,,,,,,,,,0,,"","","","","","","","","","","","",""
8021,2019-09-15T00:00:00,09:51:00,SEM VÍTIMA,FINALIZADA,BOA VIAGEM,AV HERCULANO BANDEIRA,483,"",IGREJA UNIVERSAL DO REINO DE DEUS,AV HERCULANO BANDEIRA,483,IGREJA UNIVERSAL DO REINO DE DEUS,BOA VIAGEM,137,SUBURBIO,ABALROAMENTO LONGITUDINAL,COLISÃO DE 2 CARROS DE PASSEIO,2,,,,,,,,,0,,Longo da via,Bom,Sem defeito,Perfeito estado,Seca,Perfeito estado,Faixa de pedestre,"",60 km/h,Única,Faixa contínua,Faixa seccionada,""
8022,2019-09-15T00:00:00,10:21:00,SEM VÍTIMA,FINALIZADA,IPSEP,RUA PINTOR ANTONIO ALBUQUERQUE,"","",EM FRENTE AO SEMÁFORO DE Nº 293,RUA PINTOR ANTONIO ALBUQUERQUE,"",EM FRENTE AO SEMÁFORO DE Nº 293,IPSEP,293,"",ABALROAMENTO LONGITUDINAL,DOIS AUTOS,2,,,,,,,,,0,,Longo da via,Bom,Sem defeito,Perfeito estado,Seca,Perfeito estado,Faixa de pedestre,R-6a,"",Única,Não existe,"",""
8023,2019-09-15T00:00:00,10:38:00,SEM VÍTIMA,FINALIZADA,BOA VIAGEM,AV ARMINDO MOURA,"","",EM FRENTE AO POSTE Nº B 010375 E LADO OPOSTO AO RESTAURANTE DAS MENINAS,AV ARMINDO MOURA,"",EM FRENTE AO POSTE Nº B 010375 E LADO OPOSTO AO RESTAURANTE DAS MENINAS,BOA VIAGEM,,SUBURBIO,ABALROAMENTO LONGITUDINAL,COLISÃO SEM VITIMAS,1,,,,,1,,,,0,,Longo da via,Bom,Sem defeito,Perfeito estado,Seca,Perfeito estado,Faixa de pedestre,Não há placas,"",Dupla,Faixa seccionada,"",""
8024,2019-09-15T00:00:00,10:42:00,COM VÍTIMA,FINALIZADA,GUABIRABA,AV EMBAIXADOR ASSIS CHATEAUBRIAND,30,"",LAVANDERIA NAPOLITANA,AV EMBAIXADOR ASSIS CHATEAUBRIAND,30,LAVANDERIA NAPOLITANA,GUABIRABA,,CIDADE,CHOQUE OBJETO FIXO,CHOQUE COM O MURO DA LAVANDERIA,1,,,,,,,,,1,,Longo da via,Bom,Não existe,Incompleta,Seca,Outros,Não existe,Não há placas,"",Dupla,Não existe,"",""
8025,2019-09-15T00:00:00,13:01:00,SEM VÍTIMA,FINALIZADA,PRADO,AV ENGENHEIRO ABDIAS DE CARVALHO,266,RUA SANTA EDWIRGES,SOB O SEMÁFORO 354,AV ENGENHEIRO ABDIAS DE CARVALHO,266,SOB O SEMÁFORO 354,PRADO,354,SUB/CID,ABALROAMENTO LONGITUDINAL,COLISÃO SEM VÍTIMA,,2,,,,,,,,0,,Cruzamento,Bom,Sem defeito,Perfeito estado,Seca,Perfeito estado,Faixa de pedestre,R-6a,60 km/h,Dupla,Canteiro central,"",""
8026,2019-09-15T00:00:00,13:05:00,COM VÍTIMA,FINALIZADA,ESPINHEIRO,RUA DO ESPINHEIRO,"",RUA SANTO ELIAS,POSTO DE COMBUSTIVEL AMPM ...IPIRANGA,RUA DO ESPINHEIRO,"",POSTO DE COMBUSTIVEL AMPM ...IPIRANGA,ESPINHEIRO,,"",ABALROAMENTO LONGITUDINAL,COLISÃO COM VITIMA,1,1,,,,,,,,1,,Cruzamento,Bom,Não existe,Perfeito estado,Seca,Perfeito estado,Faixa de pedestre,Placas Pare,"",Única,"","",""
8027,2019-09-15T00:00:00,13:23:00,SEM VÍTIMA,FINALIZADA,ESPINHEIRO,RUA BARAO DE ITAMARACA,78,"",SUPERMERCADO SOBERANO,RUA BARAO DE ITAMARACA,78,SUPERMERCADO SOBERANO,ESPINHEIRO,,CIDADE,ABALROAMENTO TRANSVERSAL,"",1,1,,,,,,,,0,,Longo da via,Bom,Sem defeito,Perfeito estado,Seca,Perfeito estado,"",Não há placas,"",Única,Faixa seccionada,"",""
8028,2019-09-15T00:00:00,14:06:00,SEM VÍTIMA,CANCELADA,BOA VIAGEM,AV ARMINDO MOURA,"","",EM FRENTE AO CONDOMINIO BASE MILITAR,AV ARMINDO MOURA,"",EM FRENTE AO CONDOMINIO BASE MILITAR,BOA VIAGEM,,"",COLISÃO,COLISÃO SEM VÍTIMA,1,1,,,,,,,,0,,"","","","","","","","","","","","",""
8029,2019-09-15T00:00:00,14:33:00,COM VÍTIMA,FINALIZADA,CASA FORTE,AV DEZESSETE DE AGOSTO,"",AV FLOR DE SANTANA,EM FRENTE A BURGER KING,AV DEZESSETE DE AGOSTO,"",EM FRENTE A BURGER KING,CASA FORTE,,CIDADE,COLISÃO FRONTAL,COLISÃO COM VÍTIMA,1,1,,,,,,,,2,,Cruzamento,Bom,Sem defeito,Perfeito estado,Seca,Perfeito estado,Faixa de pedestre,Outras,"",Dupla,Faixa contínua,"",""
8030,2019-09-15T00:00:00,14:57:00,SEM VÍTIMA,CANCELADA,PINA,AV ANTONIO DE GOES,"","",EM CIMA DA PONTE/ SENTIDO CIDADE,AV ANTONIO DE GOES,"",EM CIMA DA PONTE/ SENTIDO CIDADE,PINA,,"",COLISÃO,COLISÃO SEM VÍTIMA,3,,,,,,,,,0,,"","","","","","","","","","","","",""
8031,2019-09-15T00:00:00,16:33:00,COM VÍTIMA,FINALIZADA,BOA VIAGEM,AV CONSELHEIRO AGUIAR,2525,"",EM FRENTE A URGÊNCIA DO HOSPITAL PORTUGUES,AV CONSELHEIRO AGUIAR,2525,EM FRENTE A URGÊNCIA DO HOSPITAL PORTUGUES,BOA VIAGEM,,"",ATROPELAMENTO,COM VÍTIMA,,,,,1,1,,,,1,,Longo da via,Bom,Não existe,Perfeito estado,Seca,Perfeito estado,Não existe,Não há placas,"",Dupla,Faixa seccionada,"",""
8032,2019-09-15T00:00:00,17:50:00,SEM VÍTIMA,FINALIZADA,BOA VIAGEM,AV CONSELHEIRO AGUIAR,3197,"",EM FRENTE A FARMACIA DROGASIL,AV CONSELHEIRO AGUIAR,3197,EM FRENTE A FARMACIA DROGASIL,BOA VIAGEM,,SUBURBIO,ABALROAMENTO TRANSVERSAL,ÕNIBUS X AUTO PASSEIO. S/V,1,,,,,1,,,,0,,Longo da via,Bom,Não existe,Perfeito estado,Seca,Perfeito estado,Agente,R-4a,40 km/h,Única,Faixa seccionada,"",""
8033,2019-09-15T00:00:00,18:15:00,SEM VÍTIMA,FINALIZADA,BOA VIAGEM,AV ENGENHEIRO DOMINGOS FERREIRA,"",RUA BARAO DE SOUZA LEAO,POSTO PETRÓBRAS,AV ENGENHEIRO DOMINGOS FERREIRA,"",POSTO PETRÓBRAS,BOA VIAGEM,129,SUBURBIO,ABALROAMENTO TRANSVERSAL,ENTRE 2 AUTOS. S/V,2,,,,,,,,,0,,Cruzamento,Bom,Sem defeito,Perfeito estado,Seca,Perfeito estado,Faixa de pedestre,Não há placas,"",Dupla,Faixa contínua,Canal,""
8034,2019-09-15T00:00:00,19:12:00,SEM VÍTIMA,FINALIZADA,JORDÃO,TUNEL FELIPE CAMARAO,"","",PRÓXIMO A AVENIDA MARIA IRENE,TUNEL FELIPE CAMARAO,"",PRÓXIMO A AVENIDA MARIA IRENE,JORDÃO,,CIDADE,COLISÃO TRASEIRA,ENTRE 3 AUTOS. S/V,3,,,,,,,,,0,,"",Bom,Não existe,Incompleta,Seca,Mal conservada,Não existe,Não há placas,"",Dupla,Canteiro central,"",""
8035,2019-09-15T00:00:00,19:17:00,COM VÍTIMA,FINALIZADA,JOANA BEZERRA,PTE JOAQUIM CARDOSO,"","",CABEÇERA DO VIADUTO MESMO,PTE JOAQUIM CARDOSO,"",CABEÇERA DO VIADUTO MESMO,JOANA BEZERRA,,"",COLISÃO,COLISAO COM VITIMAS,1,1,,,,,,,,2,,Ponte,Bom,Não existe,Perfeito estado,Seca,Perfeito estado,Não existe,Outras,40 km/h,Dupla,Faixa seccionada,"",""
8036,2019-09-15T00:00:00,19:56:00,SEM VÍTIMA,FINALIZADA,SANTO AMARO,RUA ODORICO MENDES,"",AV GOVERNADOR AGAMENON MAGALHAES,"",RUA ODORICO MENDES,"","",SANTO AMARO,,"",COLISÃO FRONTAL,ENTRE 2 AUTOS,2,,,,,,,,,0,,Cruzamento,Bom,Sem defeito,Perfeito estado,Seca,Perfeito estado,Faixa de pedestre,Não há placas,60 km/h,Dupla,Faixa seccionada,"",""
8037,2019-09-15T00:00:00,21:06:00,COM VÍTIMA,FINALIZADA,MANGABEIRA,AV NORTE,"","",SEMÁFORO 96 / PRÓX AO SESC,AV NORTE,"",SEMÁFORO 96 / PRÓX AO SESC,MANGABEIRA,96,CIDADE,COLISÃO COM CICLISTA,ENTRE AUTO E CICLISTA. C.V,1,,,1,,,,,,1,,Cruzamento,Bom,Sem defeito,Perfeito estado,Seca,Perfeito estado,Faixa de pedestre,Não há placas,60 km/h,Dupla,Canteiro central,"",""
8038,2019-09-15T00:00:00,21:30:00,SEM VÍTIMA,CANCELADA,CAMPO GRANDE,EST DE BELEM,"",RUA PRUDENTE DE MORAES,E/F AO POSTO TOTAL // SEMÁFORO 094,EST DE BELEM,"",E/F AO POSTO TOTAL // SEMÁFORO 094,CAMPO GRANDE,,"",COLISÃO,AUTO X MOTO. S/V,1,,1,,,,,,,0,,"","","","","","","","","","","","",""
8039,2019-09-15T00:00:00,22:13:00,SEM VÍTIMA,FINALIZADA,JARDIM SÃO PAULO,RUA LORENA,"",1 TRV JUSTICA E PAZ,"",RUA LORENA,"","",JARDIM SÃO PAULO,,SUBURBIO,ABALROAMENTO TRANSVERSAL,COLISAO SEM VITIMAS,2,,,,,,,,,0,,Cruzamento,Bom,Não existe,Perfeito estado,Seca,Perfeito estado,Não existe,Placas Pare,"",Dupla,Não existe,"",""
8040,2019-09-15T00:00:00,22:46:00,SEM VÍTIMA,CANCELADA,JORDÃO,AV MARIA IRENE,"","",PERTO DO CANAL,AV MARIA IRENE,"",PERTO DO CANAL,JORDÃO,,"",COLISÃO,COLISAO SEM VITIMAS,2,,,,,,,,,0,,"","","","","","","","","","","","",""
8041,2019-09-16T00:00:00,00:59:00,SEM VÍTIMA,FINALIZADA,AFOGADOS,RUA MOTOCOLOMBO,284,RUA PROFESSOR AUGUSTO WANDERLEY FILHO,"",RUA MOTOCOLOMBO,284,"",AFOGADOS,39,SUBURBIO,ABALROAMENTO TRANSVERSAL,AUTO PASSEIO X CAMINHÃO S/V,1,,,,,,1,,,0,,Cruzamento,Chuvoso,Intermitente,Perfeito estado,Molhada,Perfeito estado,Faixa de retenção,Não há placas,"",Única,Faixa seccionada,"",""