_id,DATA,hora,natureza_acidente,situacao,bairro,endereco,numero,detalhe_endereco_acidente,complemento,endereco_cruzamento,numero_cruzamento,referencia_cruzamento,bairro_cruzamento,num_semaforo,sentido_via,tipo,descricao,auto,moto,ciclom,ciclista,pedestre,onibus,caminhao,viatura,outros,vitimas,vitimasfatais,acidente_verificado,tempo_clima,situacao_semaforo,sinalizacao,condicao_via,conservacao_via,ponto_controle,situacao_placa,velocidade_max_via,mao_direcao,divisao_via1,divisao_via2,divisao_via3
8042,2019-09-16T00:00:00,06:19:00,SEM VÍTIMA,FINALIZADA,DERBY,AV GOVERNADOR AGAMENON MAGALHAES,"",RUA DOM BOSCO,SOB O SEMÁFORO 174,AV GOVERNADOR AGAMENON MAGALHAES,"",SOB O SEMÁFORO 174,DERBY,174,"",ABALROAMENTO LONGITUDINAL,COLISÃO SEM VITIMAS,2,,,,,,,,,0,,Longo da via,Bom,Sem defeito,Perfeito estado,Seca,Perfeito estado,Faixa de pedestre,Outras,60 km/h,Dupla,Faixa contínua,Faixa seccionada,Canteiro central
8043,2019-09-16T00:00:00,07:19:00,COM VÍTIMA,FINALIZADA,MADALENA,AV VISCONDE DE ALBUQUERQUE,422,"",EM FRENTE A GALERIA MADALENA CENTER,AV VISCONDE DE ALBUQUERQUE,422,EM FRENTE A GALERIA MADALENA CENTER,MADALENA,,CIDADE,ABALROAMENTO LONGITUDINAL,COLISÃO COM VITIMA A ESPERA DO SAMU,1,1,,,,,,,,1,,Longo da via,Bom,Não existe,Perfeito estado,Seca,Perfeito estado,Não existe,R-6a,"",Única,Faixa seccionada,"",""
8044,2019-09-16T00:00:00,07:44:00,SEM VÍTIMA,FINALIZADA,BOA VIAGEM,AV CONSELHEIRO AGUIAR,25,RUA DHALIA,"",AV CONSELHEIRO AGUIAR,25,"",BOA VIAGEM,,CIDADE,ABALROAMENTO LONGITUDINAL,DOIS AUTO,2,,,,,,,,,0,,Cruzamento,Bom,Não existe,Perfeito estado,Seca,Perfeito estado,Não existe,Placas Pare,"",Única,Não existe,"",""
8045,2019-09-16T00:00:00,07:55:00,SEM VÍTIMA,FINALIZADA,IPUTINGA,AV PROFESSOR JOAQUIM CAVALCANTI,7770,"",PRÓXIMO AO POSTO DE COMBUSTÍVEL IPIRANGA,AV PROFESSOR JOAQUIM CAVALCANTI,7770,PRÓXIMO AO POSTO DE COMBUSTÍVEL IPIRANGA,IPUTINGA,,SUBURBIO,ABALROAMENTO LONGITUDINAL,DOIS AUTO,2,,,,,,,,,0,,"",Bom,Não existe,Perfeito estado,Seca,Perfeito estado,"",Outras,"",Única,"","",""
8046,2019-09-16T00:00:00,07:59:00,SEM VÍTIMA,FINALIZADA,"",RUA PROFESSOR AUGUSTO LINS E SILVA,488,"",EDF LAUSANNE,RUA PROFESSOR AUGUSTO LINS E SILVA,488,EDF LAUSANNE,"",,SUBURBIO,ABALROAMENTO TRANSVERSAL,COLISÃO SEM VITIMAS,2,,,,,,,,,0,,Longo da via,Bom,Não existe,Perfeito estado,Seca,Perfeito estado,Não existe,Não há placas,30 km/h,Dupla,Não existe,"",""
8047,2019-09-16T00:00:00,08:40:00,SEM VÍTIMA,FINALIZADA,CORDEIRO,AV CAXANGA,"",AV GENERAL SAN MARTIN,EM FRENTE A FARMACIA DO TRABALHADOR,AV CAXANGA,"",EM FRENTE A FARMACIA DO TRABALHADOR,CORDEIRO,,CIDADE,COLISÃO,COLISÃO SEM VITIMAS,2,,,,,,,,,0,,"","","","","","","","","","","","",""
8048,2019-09-16T00:00:00,08:59:00,SEM VÍTIMA,FINALIZADA,PINA,RUA MANOEL DE BRITO,"","","",RUA MANOEL DE BRITO,"","",PINA,659,CIDADE,ABALROAMENTO LONGITUDINAL,DOIS AUTOS,2,,,,,,,,,0,,Cruzamento,Bom,Sem defeito,Perfeito estado,Seca,Perfeito estado,Não existe,Outras,60 km/h,Única,Não existe,"",""
8049,2019-09-16T00:00:00,09:33:00,COM VÍTIMA,FINALIZADA,CASA AMARELA,RUA PADRE LEMOS,629,"",PROX. A KINITOS,RUA PADRE LEMOS,629,PROX. A KINITOS,CASA AMARELA,,SUBURBIO,COLISÃO,COLISÃO C/ VITIMA ENTRE UMA MOTO E UM AUTO,1,1,,,,,,,,1,,Longo da via,Bom,"",Perfeito estado,Seca,Perfeito estado,Não existe,Outras,"",Dupla,Faixa seccionada,"",""
8050,2019-09-16T00:00:00,10:45:00,COM VÍTIMA,FINALIZADA,CASA AMARELA,RUA BELA VISTA,212,RUA ENGENHEIRO DOMBER,RUA EM FRENTE AO RI DA PICANHA,RUA BELA VISTA,212,RUA EM FRENTE AO RI DA PICANHA,CASA AMARELA,,SUBURBIO,ABALROAMENTO LONGITUDINAL,MOTO E AUTO,1,1,,,,,,,,1,,Cruzamento,Bom,Não existe,Perfeito estado,Seca,Outros,Outros,Placas Pare,"",Dupla,Não existe,"",""
8051,2019-09-16T00:00:00,10:49:00,SEM VÍTIMA,FINALIZADA,AFOGADOS,RUA COSME VIANA,257A,RUA TRES DE AGOSTO,EROS HOTEL,RUA COSME VIANA,257A,EROS HOTEL,AFOGADOS,525,SUBURBIO,ABALROAMENTO LONGITUDINAL,COLISÃO SEM VITIMAS,2,,,,,,,,,0,,Cruzamento,Bom,Sem defeito,Perfeito estado,Seca,Perfeito estado,"",Outras,"",Única,Faixa contínua,Faixa seccionada,""
8052,2019-09-16T00:00:00,10:52:00,SEM VÍTIMA,CANCELADA,BOA VISTA,RUA DOM BOSCO,"",AV CONDE DA BOA VISTA,EM FRENTE AO POSTO DE GASOLINA BR,RUA DOM BOSCO,"",EM FRENTE AO POSTO DE GASOLINA BR,BOA VISTA,,"",COLISÃO,COLISÃO SEM VITIMAS,1,1,,,,,,,,0,,"","","","","","","","","","","","",""
8053,2019-09-16T00:00:00,11:12:00,SEM VÍTIMA,FINALIZADA,PINA,AV ENGENHEIRO DOMINGOS FERREIRA,1045,RUA TOME GIBSON,ESCOLA MUNICIPAL OSWALDO LIMA FILHO,AV ENGENHEIRO DOMINGOS FERREIRA,1045,ESCOLA MUNICIPAL OSWALDO LIMA FILHO,PINA,200,SUBURBIO,ABALROAMENTO TRANSVERSAL,COLISÃO SEM VITIMAS,1,1,,,,,,,,0,,Cruzamento,Bom,Sem defeito,Perfeito estado,Seca,Perfeito estado,Faixa de pedestre,Não há placas,60 km/h,Única,Faixa contínua,Canteiro central,""
8054,2019-09-16T00:00:00,11:46:00,SEM VÍTIMA,FINALIZADA,TORRE,RUA JOSE BONIFACIO,"",RUA VITORIANO PALHARES,"",RUA JOSE BONIFACIO,"","",TORRE,301,CIDADE,ABALROAMENTO LONGITUDINAL,SEM VITIMAS,3,,,,,,,,,0,,Longo da via,Bom,Sem defeito,Ilegível,Seca,Mal conservada,Não existe,R-6a,"",Única,Não existe,"",""
8055,2019-09-16T00:00:00,12:21:00,SEM VÍTIMA,FINALIZADA,BOA VIAGEM,RUA RIO AZUL,"",RUA BARAO DE SOUZA LEAO,"",RUA RIO AZUL,"","",BOA VIAGEM,,CIDADE,ABALROAMENTO LONGITUDINAL,COLISAO ENTRE AUTO E CAMINHAO S/V,1,,,,,,1,,,0,,Longo da via,Bom,Sem defeito,Incompleta,Seca,Perfeito estado,Faixa de pedestre,Não há placas,"",Única,Não existe,"",""
8056,2019-09-16T00:00:00,"",SEM VÍTIMA,FINALIZADA,BOA VIAGEM,RUA PROFESSOR MARIO CASTRO,"",RUA VISCONDE DE JEQUITINHONHA,NO SEMÁFORO 158,RUA PROFESSOR MARIO CASTRO,"",NO SEMÁFORO 158,BOA VIAGEM,158,"",COLISÃO,COLISÃO SEM VÍTIMA,2,,,,,,,,,0,,"","","","","","","","","","","","",""
8057,2019-09-16T00:00:00,13:14:00,SEM VÍTIMA,FINALIZADA,CASA AMARELA,RUA DA HARMONIA,599,RUA DONA ROSA DA FONSECA,"",RUA DA HARMONIA,599,"",CASA AMARELA,,SUBURBIO,ABALROAMENTO TRANSVERSAL,COLISÃO SEM VÍTIMA,1,,,,,1,,,,0,,Longo da via,Bom,Não existe,Perfeito estado,Seca,Perfeito estado,Não existe,Placas Pare,"",Dupla,Faixa seccionada,"",""
8058,2019-09-16T00:00:00,13:14:00,SEM VÍTIMA,FINALIZADA,GRAÇAS,AV RUI BARBOSA,320,"","",AV RUI BARBOSA,320,"",GRAÇAS,,CIDADE,COLISÃO TRASEIRA,ENTRE DOIS AUTO S/V,2,,,,,,,,,0,,Longo da via,Bom,Sem defeito,Perfeito estado,Seca,Perfeito estado,Não existe,R-6a,"",Única,Faixa seccionada,"",""
8059,2019-09-16T00:00:00,13:29:00,SEM VÍTIMA,FINALIZADA,BOA VIAGEM,RUA BALTAZAR PEREIRA,129,"","",RUA BALTAZAR PEREIRA,129,"",BOA VIAGEM,,"",COLISÃO TRASEIRA,COLISÃO SEM VÍTIMA,2,,,,,,,,,0,,Longo da via,Bom,Não existe,Ilegível,Seca,Perfeito estado,Não existe,Não há placas,"",Dupla,Não existe,"",""
8060,2019-09-16T00:00:00,13:53:00,SEM VÍTIMA,FINALIZADA,BOA VISTA,AV JOAO DE BARROS,"","",E/F AO CONSERVATÓRIO DE MUSICA,AV JOAO DE BARROS,"",E/F AO CONSERVATÓRIO DE MUSICA,BOA VISTA,,"",COLISÃO,COLISAO ENTRE DUAS MOTOS E UM AUTO S/V,1,2,,,,,,,,0,,"","","","","","","","","","","","",""
8061,2019-09-16T00:00:00,14:36:00,SEM VÍTIMA,FINALIZADA,CAMPO GRANDE,EST DE BELEM,1316,RUA MARIO SETE,PANDOÇURA,EST DE BELEM,1316,PANDOÇURA,CAMPO GRANDE,,SUBURBIO,COLISÃO TRASEIRA,COLISÃO SEM VÍTIMA,1,,,,,,,1,,0,,Longo da via,Bom,Não existe,Perfeito estado,Seca,Perfeito estado,"","",60 km/h,Dupla,Faixa seccionada,"",""
8062,2019-09-16T00:00:00,14:47:00,SEM VÍTIMA,FINALIZADA,SANTO AMARO,AV NORTE,"","",PRÓXIMO A RUA TREZE DE MAIO,AV NORTE,"",PRÓXIMO A RUA TREZE DE MAIO,SANTO AMARO,36,CIDADE,COLISÃO TRASEIRA,COLISÃO SEM VÍTIMA,1,1,,,,,,,,0,,Longo da via,Bom,Sem defeito,Perfeito estado,Seca,Perfeito estado,Faixa de retenção,"","",Dupla,Canteiro central,"",""
8063,2019-09-16T00:00:00,15:02:00,SEM VÍTIMA,FINALIZADA,IMBIRIBEIRA,RUA BARAO DE AGUA BRANCA,"",RUA DUQUE ESTRADA,POUSADA SOL E MAR,RUA BARAO DE AGUA BRANCA,"",POUSADA SOL E MAR,IMBIRIBEIRA,,"",ABALROAMENTO LONGITUDINAL,COLISÃO SEM VÍTIMA,2,,,,,,,,,0,,Cruzamento,Bom,Não existe,Não existente,Seca,Perfeito estado,Não existe,Não há placas,"",Única,Não existe,"",""
8064,2019-09-16T00:00:00,15:04:00,COM VÍTIMA,FINALIZADA,PRADO,RUA PADRE TEOFILO TWORZ,"",RUA SANTA EDWIRGES,POR TRAS DA BIG CAR AO LADO NO CANAL,RUA PADRE TEOFILO TWORZ,"",POR TRAS DA BIG CAR AO LADO NO CANAL,PRADO,,"",ABALROAMENTO TRANSVERSAL,COLISAO ENTRE DOIS AUTOS S/V,2,,,,,,,,,1,,Cruzamento,Bom,Não existe,Não existente,Seca,Mal conservada,Não existe,Não há placas,"",Única,Não existe,"",""
8065,2019-09-16T00:00:00,15:27:00,SEM VÍTIMA,FINALIZADA,DOIS IRMÃOS,RUA DOIS IRMAOS,122,"",MOTEL SENZALA,RUA DOIS IRMAOS,122,MOTEL SENZALA,DOIS IRMÃOS,,CIDADE,COLISÃO TRASEIRA,COLISÃO SEM VÍTIMA,2,,,,,,,,,0,,Longo da via,Bom,Não existe,Perfeito estado,Seca,Perfeito estado,Não existe,Não há placas,"","",Faixa contínua,"",""
8066,2019-09-16T00:00:00,15:30:00,SEM VÍTIMA,FINALIZADA,GRAÇAS,RUA AMELIA,483,"",COLEGIO AGNES,RUA AMELIA,483,COLEGIO AGNES,GRAÇAS,,CIDADE,COLISÃO TRASEIRA,COLISÃO SEM VÍTIMA,2,,,,,,,,,0,,Longo da via,Bom,Não existe,Perfeito estado,Seca,Perfeito estado,Não existe,Outras,"",Única,Faixa seccionada,"",""
8067,2019-09-16T00:00:00,15:51:00,SEM VÍTIMA,FINALIZADA,IBURA,AV DOIS RIOS,866,"",SAPATARIA ESPERANÇA,AV DOIS RIOS,866,SAPATARIA ESPERANÇA,IBURA,,SUBURBIO,COLISÃO TRASEIRA,COLISÃO SEM VÍTIMA,2,,,,,,,,,0,,Longo da via,Bom,Não existe,Perfeito estado,Seca,Mal conservada,Não existe,Não há placas,"",Dupla,Faixa contínua,"",""
8068,2019-09-16T00:00:00,16:02:00,SEM VÍTIMA,FINALIZADA,"",RUA JOSE HIPOLITO CARDOSO,"",RUA GENERAL SALGADO,"",RUA JOSE HIPOLITO CARDOSO,"","","",,CIDADE,ABALROAMENTO LONGITUDINAL,COLISÃO SEM VÍTIMA,2,,,,,,,,,0,,Cruzamento,Bom,Não existe,Não existente,Seca,Perfeito estado,Não existe,Não há placas,"",Dupla,Não existe,"",""
8069,2019-09-16T00:00:00,16:14:00,SEM VÍTIMA,FINALIZADA,SÃO JOSÉ,RUA IMPERIAL,750,"",EM FRENTE AO MARTELINHO DE OURO,RUA IMPERIAL,750,EM FRENTE AO MARTELINHO DE OURO,SÃO JOSÉ,,SUBURBIO,ABALROAMENTO LONGITUDINAL,ENTRE DOIS AUTO S/V,2,,,,,,,,,0,,Longo da via,Bom,Não existe,Perfeito estado,Seca,Perfeito estado,Não existe,Não há placas,"",Única,Faixa seccionada,"",""
8070,2019-09-16T00:00:00,16:40:00,SEM VÍTIMA,FINALIZADA,SANTO AMARO,AV NORTE,"",RUA AURORA,"",AV NORTE,"","",SANTO AMARO,243,CIDADE,ABALROAMENTO LONGITUDINAL,COLISÃO SEM VÍTIMA,1,,,,,,1,,,0,,Cruzamento,Bom,Sem defeito,Perfeito estado,Seca,Perfeito estado,Faixa de pedestre,R-6a,"",Dupla,Canteiro central,"",""
8071,2019-09-16T00:00:00,16:50:00,SEM VÍTIMA,FINALIZADA,GRAÇAS,RUA AMELIA,"",AV RUI BARBOSA,TOP CENTER GRAÇAS,RUA AMELIA,"",TOP CENTER GRAÇAS,GRAÇAS,48,CIDADE,ABALROAMENTO LONGITUDINAL,ENTRE DOIS AUTO S/V,2,,,,,,,,,0,,Longo da via,Bom,Sem defeito,Perfeito estado,Seca,Perfeito estado,Agente,"","",Única,Faixa seccionada,"",""
8072,2019-09-16T00:00:00,16:55:00,SEM VÍTIMA,FINALIZADA,PARNAMIRIM,AV PARNAMIRIM,9,"","",AV PARNAMIRIM,9,"",PARNAMIRIM,,SUBURBIO,ABALROAMENTO LONGITUDINAL,COLISÃO SEM VÍTIMA,1,,,,,,1,,,0,,Longo da via,Bom,Não existe,Perfeito estado,Seca,Perfeito estado,Não existe,Não há placas,40 km/h,Única,Faixa seccionada,"",""
8073,2019-09-16T00:00:00,17:04:00,SEM VÍTIMA,CANCELADA,BOA VIAGEM,AV BOA VIAGEM,3278,"",EDF. MARIA HILDA,AV BOA VIAGEM,3278,EDF. MARIA HILDA,BOA VIAGEM,,"",COLISÃO,ENTRE DOIS AUTO S/V,2,,,,,,,,,0,,"","","","","","","","","","","","",""
8074,2019-09-16T00:00:00,17:21:00,SEM VÍTIMA,FINALIZADA,TORRE,RUA MARQUES DE MARICA,208,"","",RUA MARQUES DE MARICA,208,"",TORRE,,SUBURBIO,ABALROAMENTO TRANSVERSAL,ENTRE AUTO PASSEIO X MOTO DA PM,1,1,,,,,,,,0,,Longo da via,Bom,Não existe,Perfeito estado,Seca,Perfeito estado,Outros,R-6a,"",Dupla,"","",""
8075,2019-09-16T00:00:00,17:34:00,COM VÍTIMA,FINALIZADA,PORTO DA MADEIRA,AV BEBERIBE,3530,"",EM FRENTE AO CONJUNTO JOÃO PAULO II,AV BEBERIBE,3530,EM FRENTE AO CONJUNTO JOÃO PAULO II,PORTO DA MADEIRA,,S,ABALROAMENTO LONGITUDINAL,COLISÃO COM VÍTIMA,1,1,,,,,,,,1,,Longo da via,Bom,Não existe,Perfeito estado,Seca,Perfeito estado,Não existe,Outras,60 km/h,Dupla,Faixa contínua,"",""
8076,2019-09-16T00:00:00,17:39:00,SEM VÍTIMA,FINALIZADA,ILHA DO LEITE,RUA PAISSANDU,"","",EM FRENTE AO GGE,RUA PAISSANDU,"",EM FRENTE AO GGE,ILHA DO LEITE,,SUBURBIO,ABALROAMENTO LONGITUDINAL,COLISAO ENTRE DOIS AUTOS S/V,2,,,,,,,,,0,,Longo da via,Bom,Não existe,Perfeito estado,Seca,Perfeito estado,Não existe,"","",Dupla,Canteiro central,"",""
8077,2019-09-16T00:00:00,18:44:00,COM VÍTIMA,FINALIZADA,MADALENA,AV VISCONDE DE ALBUQUERQUE,401,RUA LOPES DE CARVALHO,ENF A GALERIA MADALENA CENTER,AV VISCONDE DE ALBUQUERQUE,401,ENF A GALERIA MADALENA CENTER,MADALENA,,SUBURBIO,COLISÃO,RENAULT LOGAN X MOTO,1,1,,,,,,,,1,,Cruzamento,Bom,Não existe,Perfeito estado,Seca,Perfeito estado,Faixa de retenção,Placas Pare,"",Única,Faixa seccionada,"",""
8078,2019-09-16T00:00:00,18:47:00,COM VÍTIMA,FINALIZADA,BOA VISTA,AV CONDE DA BOA VISTA,962,"",COLEGIO SÃO JOSÉ,AV CONDE DA BOA VISTA,962,COLEGIO SÃO JOSÉ,BOA VISTA,,SUBURBIO,ATROPELAMENTO,MOTO X PEDESTRE COM VÍTIMA,,1,,,1,,,,,1,,Longo da via,Bom,Sem defeito,Perfeito estado,Seca,Perfeito estado,Não existe,"","",Dupla,Faixa contínua,"",""
8079,2019-09-16T00:00:00,18:55:00,SEM VÍTIMA,FINALIZADA,JAQUEIRA,RUA DO FUTURO,"",RUA SIMAO MENDES,"",RUA DO FUTURO,"","",JAQUEIRA,,"",ABALROAMENTO LONGITUDINAL,ENTRE DOIS AUTO S/V,2,,,,,,,,,0,,Longo da via,Bom,Sem defeito,Perfeito estado,Seca,Perfeito estado,Não existe,Não há placas,"",Dupla,Não existe,"",""
8080,2019-09-16T00:00:00,18:56:00,SEM VÍTIMA,FINALIZADA,CABANGA,PTE AGAMENON MAGALHAES,"","",CABANGA IATE CLUBE,PTE AGAMENON MAGALHAES,"",CABANGA IATE CLUBE,CABANGA,,"",COLISÃO TRASEIRA,HB 20 X TUCSON,2,,,,,,,,,0,,Ponte,Bom,Não existe,Perfeito estado,Seca,Perfeito estado,"",Não há placas,60 km/h,Única,"","",""
8081,2019-09-16T00:00:00,21:21:00,COM VÍTIMA,FINALIZADA,CORDEIRO,RUA DR MIGUEL VIEIRA FERREIRA,409A,"",EM FRENTE A ESCOLA PROF. FONTAINHA DE ABREU,RUA DR MIGUEL VIEIRA FERREIRA,409A,EM FRENTE A ESCOLA PROF. FONTAINHA DE ABREU,CORDEIRO,,SUBURBIO,COLISÃO FRONTAL,ENTRE DOIS AUTO PASSEIO COM VÍTIMA ( MOTORISTA POSSIVELMENTE EMBREAGADO) VEICULO JAC ABANDONADO PELO PROPRIETARIO,2,,,,,,,,,2,,Longo da via,Bom,Não existe,Perfeito estado,Seca,"","","","","","","",""
8082,2019-09-16T00:00:00,22:00:00,COM VÍTIMA,FINALIZADA,IPSEP,AV RECIFE,3321,AV RAIMUNDO DINIZ,PROX AO MARTELINHO DE OURO // SENTIDO BOA VIAGEM,AV RECIFE,3321,PROX AO MARTELINHO DE OURO // SENTIDO BOA VIAGEM,IPSEP,247,CIDADE,ABALROAMENTO TRANSVERSAL,MOTO X TAXI,1,1,,,,,,,,1,,Cruzamento,Bom,Sem defeito,Ilegível,Seca,Mal iluminada,Faixa de retenção,Não há placas,60 km/h,Dupla,Canteiro central,"",""
8083,2019-09-17T00:00:00,06:27:00,SEM VÍTIMA,CANCELADA,IMBIRIBEIRA,AV MARECHAL MASCARENHAS DE MORAES,4631,"",EM FRENTE A JUSTIÇA DO TRABALHO,AV MARECHAL MASCARENHAS DE MORAES,4631,EM FRENTE A JUSTIÇA DO TRABALHO,IMBIRIBEIRA,471,CIDADE,COLISÃO,COLISÃO S/VITIMAS ENTRE DOIS AUTOS,2,,,,,,,,,0,,"","","","","","","","","","","","",""
8084,2019-09-17T00:00:00,06:52:00,COM VÍTIMA,FINALIZADA,IMBIRIBEIRA,AV MARECHAL MASCARENHAS DE MORAES,4745,"",EM FRENTE IGREJA PETECOSTAL ASSEMBLEIA DE DEUS,AV MARECHAL MASCARENHAS DE MORAES,4745,EM FRENTE IGREJA PETECOSTAL ASSEMBLEIA DE DEUS,IMBIRIBEIRA,,CIDADE,COLISÃO,COLISÃO DE UMA MOTO COM UM CARRO,1,1,,,,,,,,1,,Longo da via,Bom,Não existe,Perfeito estado,Seca,Perfeito estado,Não existe,Outras,"",Dupla,Canteiro central,"",""
8085,2019-09-17T00:00:00,06:54:00,SEM VÍTIMA,CANCELADA,SÃO JOSÉ,AV SUL,504,"","",AV SUL,504,"",SÃO JOSÉ,509,"",COLISÃO,SEM VITIMAS,2,,,,,,,,,0,,"","","","","","","","","","","","",""
8086,2019-09-17T00:00:00,07:30:00,SEM VÍTIMA,FINALIZADA,AFOGADOS,RUA AUGUSTO CALHEIROS,"","",EM FRENTE AO Nº 160,RUA AUGUSTO CALHEIROS,"",EM FRENTE AO Nº 160,AFOGADOS,,"",ABALROAMENTO LONGITUDINAL,COLISÃO SEM VITIMAS,2,,,,,,,,,0,,Longo da via,Bom,Não existe,Perfeito estado,Seca,Perfeito estado,Não existe,Não há placas,"",Única,Faixa seccionada,"",""
8087,2019-09-17T00:00:00,07:39:00,SEM VÍTIMA,CANCELADA,SAN MARTIN,RUA SIGISMUNDO CABRAL DE MELO,2442,AV GENERAL SAN MARTIN,EM FRENTE A ESCOLA ADVENTISTA DE SAN MARTIN,RUA SIGISMUNDO CABRAL DE MELO,2442,EM FRENTE A ESCOLA ADVENTISTA DE SAN MARTIN,SAN MARTIN,371,SUBURBIO,COLISÃO,COLISÃO DE UM CAMINHÃO COM UM CARRO,1,,,,,1,,,,0,,"","","","","","","","","","","","",""
8088,2019-09-17T00:00:00,07:55:00,SEM VÍTIMA,FINALIZADA,ARRUDA,RUA RAUL POMPEIA,26,RUA BOLIVAR,DISTRITO ESTADUAL DE FERNANDO DE NORONHA,RUA RAUL POMPEIA,26,DISTRITO ESTADUAL DE FERNANDO DE NORONHA,ARRUDA,,SUBURBIO,ABALROAMENTO LONGITUDINAL,COLISÃO S/VITIMAS ENTRE DOIS AUTOS,2,,,,,,,,,0,,Longo da via,Bom,Sem defeito,Perfeito estado,Seca,"","",Placas Pare,20 km/h,Dupla,Faixa seccionada,"",""
8089,2019-09-17T00:00:00,08:20:00,COM VÍTIMA,FINALIZADA,IMBIRIBEIRA,AV MARECHAL MASCARENHAS DE MORAES,5109,"",EM FRENTE AO ESTACIONAMENTO CLIC PARK,AV MARECHAL MASCARENHAS DE MORAES,5109,EM FRENTE AO ESTACIONAMENTO CLIC PARK,IMBIRIBEIRA,,SUBURBIO,COLISÃO COM CICLISTA,COLISÃO C/VITIMA ENTRE MOTO E BICICLETA,,1,,1,,,,,,1,,Longo da via,Bom,Sem defeito,Perfeito estado,Seca,Perfeito estado,"",Não há placas,60 km/h,Dupla,Canteiro central,"",""
8090,2019-09-17T00:00:00,08:21:00,SEM VÍTIMA,CANCELADA,ILHA DO LEITE,RUA DR JOAO ASFORA,"","",EM FRENTE AO HOSPITAL ILHA DO LEITE,RUA DR JOAO ASFORA,"",EM FRENTE AO HOSPITAL ILHA DO LEITE,ILHA DO LEITE,,"",COLISÃO,COLISÃO SEM VITIMAS,2,,,,,,,,,0,,"","","","","","","","","","","","",""
8091,2019-09-17T00:00:00,08:30:00,SEM VÍTIMA,FINALIZADA,AFOGADOS,RUA MOTOCOLOMBO,63,"",AO LADO DO HELP,RUA MOTOCOLOMBO,63,AO LADO DO HELP,AFOGADOS,,SUBURBIO,ABALROAMENTO TRANSVERSAL,COLISÃO S/VITIMAS ENTRE ONIBUS E AUTO,1,,,,,1,,,,0,,Longo da via,Chuvoso,Não existe,Perfeito estado,Seca,Perfeito estado,Outros,Outras,"",Única,"",Faixa seccionada,""
8092,2019-09-17T00:00:00,08:48:00,COM VÍTIMA,FINALIZADA,GRAÇAS,RUA DR BANDEIRA FILHO,990,AV GOVERNADOR AGAMENON MAGALHAES,AO LADO DA MAC DONALD DA AV. AGAMENON MAGALHÃES,RUA DR BANDEIRA FILHO,990,AO LADO DA MAC DONALD DA AV. AGAMENON MAGALHÃES,GRAÇAS,,CIDADE,COLISÃO COM CICLISTA,COLISÃO DE ÔNIBUS COM CICLISTA,,,,1,,1,,,,1,,Longo da via,Bom,Não existe,Perfeito estado,Seca,Perfeito estado,Agente,Outras,40 km/h,Única,Faixa seccionada,"",""
8093,2019-09-17T00:00:00,09:03:00,SEM VÍTIMA,FINALIZADA,TAMARINEIRA,RUA JOSE CARVALHEIRA,109,RUA JUNDIA,"",RUA JOSE CARVALHEIRA,109,"",TAMARINEIRA,,SUBURBIO,ABALROAMENTO TRANSVERSAL,COLISÃO SEM VITIMAS,2,,,,,,,,,0,,Cruzamento,Bom,Não existe,Perfeito estado,Seca,Perfeito estado,Faixa de pedestre,"","",Única,"","",""
8094,2019-09-17T00:00:00,09:25:00,SEM VÍTIMA,FINALIZADA,SAN MARTIN,AV ENGENHEIRO ABDIAS DE CARVALHO,"","","",AV ENGENHEIRO ABDIAS DE CARVALHO,"","",SAN MARTIN,422,SUBURBIO,CHOQUE VEÍCULO PARADO,SEM VITIMA/CTTU NO LOCAL VAI FAZER O B.O,1,,,1,,,,,,0,,Longo da via,Bom,Sem defeito,Perfeito estado,Seca,Perfeito estado,Faixa de pedestre,Não há placas,"",Dupla,Canteiro central,"",""
8095,2019-09-17T00:00:00,09:37:00,SEM VÍTIMA,FINALIZADA,ILHA DO LEITE,RUA ESTADO DE ISRAEL,35,"",AO LADO DO HAPVIDA Nº 35,RUA ESTADO DE ISRAEL,35,AO LADO DO HAPVIDA Nº 35,ILHA DO LEITE,373,CIDADE,CHOQUE VEÍCULO PARADO,SEM VITIMAS/CTTU NO LOCAL VT13,1,,,,,,,,1,0,,Longo da via,Bom,Sem defeito,Perfeito estado,Seca,Perfeito estado,Faixa de pedestre,R-6a,"",Única,Faixa seccionada,"",""
8096,2019-09-17T00:00:00,09:50:00,SEM VÍTIMA,CANCELADA,BOA VIAGEM,AV ENGENHEIRO DOMINGOS FERREIRA,2188,"",EM FRENTE A O RESTAURANTE TEMPERO DE MAINHA,AV ENGENHEIRO DOMINGOS FERREIRA,2188,EM FRENTE A O RESTAURANTE TEMPERO DE MAINHA,BOA VIAGEM,,"",COLISÃO,SEM VITIMAS,1,,,,,,1,,,0,,"","","","","","","","","","","","",""
8097,2019-09-17T00:00:00,10:06:00,SEM VÍTIMA,FINALIZADA,JORDÃO,AV MARIA IRENE,323,"","",AV MARIA IRENE,323,"",JORDÃO,,SUBURBIO,COLISÃO TRASEIRA,COLOISÃO SEM VITIMAS,1,,,,,1,,,,0,,Cruzamento,Chuvoso,Não existe,Perfeito estado,Seca,Perfeito estado,Não existe,Não há placas,"",Dupla,Não existe,"",""