_id,DATA,hora,natureza_acidente,situacao,bairro,endereco,numero,detalhe_endereco_acidente,complemento,endereco_cruzamento,numero_cruzamento,referencia_cruzamento,bairro_cruzamento,num_semaforo,sentido_via,tipo,descricao,auto,moto,ciclom,ciclista,pedestre,onibus,caminhao,viatura,outros,vitimas,vitimasfatais,acidente_verificado,tempo_clima,situacao_semaforo,sinalizacao,condicao_via,conservacao_via,ponto_controle,situacao_placa,velocidade_max_via,mao_direcao,divisao_via1,divisao_via2,divisao_via3
8098,2019-09-17T00:00:00,10:10:00,COM VÍTIMA,FINALIZADA,BOA VISTA,AV CONDE DA BOA VISTA,1512,"",EM FRENTE AO COPE,AV CONDE DA BOA VISTA,1512,EM FRENTE AO COPE,BOA VISTA,,"",ATROPELAMENTO,VITIMA A ESPERA DO SAMU,,,,1,1,,,,,1,,Longo da via,Chuvoso,Não existe,Perfeito estado,Seca,Perfeito estado,Faixa de pedestre,R-6a,40 km/h,Dupla,Outros,"",""
8099,2019-09-17T00:00:00,10:24:00,SEM VÍTIMA,CANCELADA,SOLEDADE,RUA BARAO DE SAO BORJA,266,RUA DA SOLEDADE,EM FRENTE A ESCOLA MUNICIPAL PEDRO AUGUSTO,RUA BARAO DE SAO BORJA,266,EM FRENTE A ESCOLA MUNICIPAL PEDRO AUGUSTO,SOLEDADE,,"",COLISÃO,SEM VITIMAS,2,,,,,,,,,0,,"","","","","","","","","","","","",""
8100,2019-09-17T00:00:00,10:33:00,COM VÍTIMA,FINALIZADA,SANTO ANTÔNIO,AV N S DO CARMO,99,"",EM FRENTE A CASA PIO,AV N S DO CARMO,99,EM FRENTE A CASA PIO,SANTO ANTÔNIO,,SUBURBIO,ATROPELAMENTO,COLISÃO COM VITIMA,,1,,,1,,,,,1,,Longo da via,Bom,Sem defeito,Perfeito estado,Seca,Perfeito estado,Outros,Outras,"",Dupla,Faixa,"",""
8101,2019-09-17T00:00:00,10:47:00,SEM VÍTIMA,FINALIZADA,SÃO JOSÉ,C SANTA RITA,"","",EM FRENTE AO SEMÁFORO DE Nº 076,C SANTA RITA,"",EM FRENTE AO SEMÁFORO DE Nº 076,SÃO JOSÉ,76,CIDADE,ABALROAMENTO LONGITUDINAL,COLISÃO S/VITIMAS ENTRE AUTO E ONIBUS,1,,,,,1,,,,0,,Longo da via,Bom,Sem defeito,Perfeito estado,Seca,Perfeito estado,"","","",Dupla,Canteiro central,"",""
8102,2019-09-17T00:00:00,11:05:00,SEM VÍTIMA,FINALIZADA,AFLITOS,RUA CONS PORTELA,852,"",EM FRENTE AO SEMÁFORO 459,RUA CONS PORTELA,852,EM FRENTE AO SEMÁFORO 459,AFLITOS,,SUBURBIO,COLISÃO TRASEIRA,COLISÃO DE 3 CARROS,3,,,,,,,,,0,,Longo da via,Bom,Sem defeito,Perfeito estado,Seca,Perfeito estado,Faixa de pedestre,R-6a,"",Única,Faixa seccionada,"",""
8103,2019-09-17T00:00:00,11:07:00,SEM VÍTIMA,FINALIZADA,AFOGADOS,RUA BOM GOSTO,20,"",CENTRO DE REABILITAÇÃO GURI,RUA BOM GOSTO,20,CENTRO DE REABILITAÇÃO GURI,AFOGADOS,,SUBURBIO,ABALROAMENTO LONGITUDINAL,COLISÃO SEM VITIMAS,2,,,,,,,,,0,,Longo da via,Chuvoso,Não existe,Não existente,Seca,Mal conservada,Não existe,Não há placas,"",Dupla,Não existe,"",""
8104,2019-09-17T00:00:00,11:23:00,SEM VÍTIMA,FINALIZADA,PRADO,RUA GOMES TABORDA,1001,"",LADO OPOSTO AO MÓVEIS BRASIL,RUA GOMES TABORDA,1001,LADO OPOSTO AO MÓVEIS BRASIL,PRADO,,SUBURBIO,COLISÃO TRASEIRA,SEM VITIMA,2,,,,,,,,,0,,Longo da via,Chuvoso,Sem defeito,Perfeito estado,Seca,Perfeito estado,Outros,Outras,"",Dupla,Faixa contínua,"",""
8105,2019-09-17T00:00:00,11:25:00,COM VÍTIMA,FINALIZADA,PARNAMIRIM,AV DEZESSETE DE AGOSTO,125,RUA JOAO DA SILVA TELES,EM FRENTE A FRUTARIA,AV DEZESSETE DE AGOSTO,125,EM FRENTE A FRUTARIA,PARNAMIRIM,,SUBURBIO,ABALROAMENTO LONGITUDINAL,COLISÃO COM VITIMA A ESPERA DO SAMU,1,1,,,,,,,,1,,Esquina,Chuvoso,Não existe,Perfeito estado,Molhada,Perfeito estado,Não existe,R-6a,"",Dupla,Faixa contínua,"",""
8106,2019-09-17T00:00:00,11:38:00,COM VÍTIMA,FINALIZADA,ILHA DO LEITE,AV GOVERNADOR AGAMENON MAGALHAES,"","",EM FRENTE A CAIXA ECONOMICA,AV GOVERNADOR AGAMENON MAGALHAES,"",EM FRENTE A CAIXA ECONOMICA,ILHA DO LEITE,69,OLINDA,ATROPELAMENTO,VITIMA SOCORRIDA PELOS BOMBEIROS,,1,,,1,,,,,1,,"","","","","","","","","","","","",""
8107,2019-09-17T00:00:00,11:51:00,SEM VÍTIMA,FINALIZADA,IPUTINGA,AV PROFESSOR JOAQUIM CAVALCANTI,106,AV CAXANGA,BARBEARIA STUDIO,AV PROFESSOR JOAQUIM CAVALCANTI,106,BARBEARIA STUDIO,IPUTINGA,,"",COLISÃO TRASEIRA,SEM VITIMAS,1,,,,,,,,,0,,"",Bom,Sem defeito,Perfeito estado,Seca,Perfeito estado,Não existe,"","",Única,Não existe,"",""
8108,2019-09-17T00:00:00,12:08:00,SEM VÍTIMA,FINALIZADA,"",RUA MANUEL DE MEDEIROS,"","",ESCOLA ESTADUAL LIONS DE PARNAMIRIM,RUA MANUEL DE MEDEIROS,"",ESCOLA ESTADUAL LIONS DE PARNAMIRIM,"",,"",COLISÃO TRASEIRA,COLISÃO SEM VÍTIMA,2,,,,,,,,,0,,Longo da via,Bom,Não existe,Perfeito estado,Seca,Perfeito estado,"","","","","","",""
8109,2019-09-17T00:00:00,13:01:00,SEM VÍTIMA,FINALIZADA,DERBY,AV GOVERNADOR AGAMENON MAGALHAES,"","",PRAÇA DO DERBY,AV GOVERNADOR AGAMENON MAGALHAES,"",PRAÇA DO DERBY,DERBY,417,CIDADE,COLISÃO TRASEIRA,COLISAO ENTRE AUTO E MOTO S/V,1,1,,,,,,,,0,,Longo da via,Chuvoso,Sem defeito,Perfeito estado,Molhada,Perfeito estado,Faixa de pedestre,Não há placas,"",Única,Faixa seccionada,"",""
8110,2019-09-17T00:00:00,13:17:00,SEM VÍTIMA,CANCELADA,ESPINHEIRO,AV GOVERNADOR AGAMENON MAGALHAES,"","",AO LADO DO BOMPREÇO/ SENTIDO OLINDA,AV GOVERNADOR AGAMENON MAGALHAES,"",AO LADO DO BOMPREÇO/ SENTIDO OLINDA,ESPINHEIRO,173,"",COLISÃO,COLISÃO SEM VÍTIMA,2,,,,,,,,,0,,"","","","","","","","","","","","",""
8111,2019-09-17T00:00:00,13:42:00,SEM VÍTIMA,CANCELADA,PAISSANDU,AV GOVERNADOR AGAMENON MAGALHAES,4767,"","EM FRENTE DO HOSP PORTUGUES, SENTIDO BOA VIAGEM",AV GOVERNADOR AGAMENON MAGALHAES,4767,"EM FRENTE DO HOSP PORTUGUES, SENTIDO BOA VIAGEM",PAISSANDU,,"",COLISÃO,COLISÃO SEM VITIMA,1,,,,,,,,1,0,,"","","","","","","","","","","","",""
8112,2019-09-17T00:00:00,14:45:00,COM VÍTIMA,FINALIZADA,IPUTINGA,RUA SAO MATEUS,1060,"",RESIDENCIAL JARDIM RENASCENÇA,RUA SAO MATEUS,1060,RESIDENCIAL JARDIM RENASCENÇA,IPUTINGA,,SUBURBIO,ABALROAMENTO TRANSVERSAL,COLISÃO COM VÍTIMA,1,1,,,,,,,,1,,Longo da via,Bom,Não existe,Incompleta,Seca,Mal conservada,Não existe,Não há placas,"",Dupla,Não existe,"",""
8113,2019-09-17T00:00:00,15:00:00,COM VÍTIMA,FINALIZADA,ENCRUZILHADA,RUA DONA JULIETA,360,RUA PROFESSOR JERONIMO GUEIROS,"PROX. AO CANAL , EDIF. SOLAR PORTINARI",RUA DONA JULIETA,360,"PROX. AO CANAL , EDIF. SOLAR PORTINARI",ENCRUZILHADA,,CIDADE,ABALROAMENTO TRANSVERSAL,"COLISÃO COM VITIMA, JA ENCAMINHADA PARA O HOSP PELO SAMU",1,1,,,,,,,,1,,Cruzamento,Nublado,Não existe,Não existente,Outros,Mal conservada,Não existe,Não há placas,40 km/h,Dupla,Não existe,"",""
8114,2019-09-17T00:00:00,15:26:00,COM VÍTIMA,FINALIZADA,BOA VIAGEM,RUA VISCONDE DE JEQUITINHONHA,1294,"",EM FRENTE AO EDIFICIO PAULA MARINA RODRIGUES E POR TRAS DONA LINDU,RUA VISCONDE DE JEQUITINHONHA,1294,EM FRENTE AO EDIFICIO PAULA MARINA RODRIGUES E POR TRAS DONA LINDU,BOA VIAGEM,,"",COLISÃO COM CICLISTA,COLISÃO COM VÍTIMA,1,,,1,,,,,,1,,Longo da via,Chuvoso,Não existe,Perfeito estado,Molhada,Perfeito estado,Não existe,Não há placas,"",Única,Faixa seccionada,"",""
8115,2019-09-17T00:00:00,16:33:00,SEM VÍTIMA,FINALIZADA,BOA VIAGEM,RUA RIBEIRO DE BRITO,"",RUA DOS NAVEGANTES,AO LADO DO 972,RUA RIBEIRO DE BRITO,"",AO LADO DO 972,BOA VIAGEM,,SUBURBIO,ABALROAMENTO TRANSVERSAL,COLISAO ENTRE TAXI E AUTOS S/V,1,,,,,,1,,,0,,Cruzamento,Chuvoso,Não existe,Perfeito estado,Molhada,Perfeito estado,Faixa de retenção,Placas Pare,"",Única,Faixa seccionada,"",""
8116,2019-09-17T00:00:00,17:09:00,SEM VÍTIMA,CANCELADA,IBURA,AV CHAPADA DO ARARIPE,95,"",PROXIMO A SOCIETY PERNA DE PAU,AV CHAPADA DO ARARIPE,95,PROXIMO A SOCIETY PERNA DE PAU,IBURA,,"",COLISÃO,COLISÃO SEM VÍTIMA,,2,,,,,,,,0,,"","","","","","","","","","","","",""
8117,2019-09-17T00:00:00,17:11:00,SEM VÍTIMA,FINALIZADA,BOA VIAGEM,RUA VISCONDE DE JEQUITINHONHA,"",AV ARMINDO MOURA,"",RUA VISCONDE DE JEQUITINHONHA,"","",BOA VIAGEM,,SUBURBIO,ABALROAMENTO LONGITUDINAL,COLISAO ENTRE ONIBUS E CAMINHAO S/V,,,,,,1,1,,,0,,Longo da via,Bom,Sem defeito,Perfeito estado,Seca,Perfeito estado,Não existe,Não há placas,"",Única,Não existe,"",""
8118,2019-09-17T00:00:00,17:52:00,SEM VÍTIMA,FINALIZADA,VÁRZEA,AV AFONSO OLINDENSE,620,"",COLÉGIO MILÊNIO,AV AFONSO OLINDENSE,620,COLÉGIO MILÊNIO,VÁRZEA,,"",COLISÃO TRASEIRA,COLISÃO SEM VÍTIMA,2,,,,,,,,,0,,Longo da via,Chuvoso,Não existe,Perfeito estado,Molhada,Perfeito estado,Faixa de pedestre,"","",Dupla,Faixa contínua,"",""
8119,2019-09-17T00:00:00,18:04:00,SEM VÍTIMA,FINALIZADA,IMBIRIBEIRA,RUA JACY,122,AV GENERAL MAC ARTHUR,"",RUA JACY,122,"",IMBIRIBEIRA,,SUBURBIO,ABALROAMENTO LONGITUDINAL,ONIBUS X AUTO PASSEIO S/V,1,,,,,1,,,,0,,Longo da via,Chuvoso,Não existe,Perfeito estado,Molhada,Perfeito estado,Agente,Placas Pare,30 km/h,Única,Faixa seccionada,"",""
8120,2019-09-17T00:00:00,18:19:00,SEM VÍTIMA,FINALIZADA,AREIAS,RUA CARUARU,220,"",ESCOLA MUNICIPAL DE AREIAS,RUA CARUARU,220,ESCOLA MUNICIPAL DE AREIAS,AREIAS,,SUBURBIO,COLISÃO TRASEIRA,POLO X FORD KA,2,,,,,,,,,0,,Longo da via,Chuvoso,Não existe,Incompleta,Molhada,Mal conservada,Não existe,Não há placas,"",Dupla,Não existe,"",""
8121,2019-09-17T00:00:00,18:29:00,SEM VÍTIMA,FINALIZADA,AFOGADOS,RUA SAO MIGUEL,"",RUA MANOEL DE ALBUQUERQUE FERNANDES,EM FRENTE A FARMÁCIA BONGI,RUA SAO MIGUEL,"",EM FRENTE A FARMÁCIA BONGI,AFOGADOS,,SUBURBIO,ABALROAMENTO TRANSVERSAL,ENTRE MOTO X AUTO PASSEIO S/V,1,1,,,,,,,,0,,"",Chuvoso,Não existe,Perfeito estado,Molhada,Perfeito estado,Não existe,Não há placas,"",Dupla,Faixa contínua,Faixa seccionada,""
8122,2019-09-17T00:00:00,18:38:00,SEM VÍTIMA,FINALIZADA,IMBIRIBEIRA,AV MARECHAL MASCARENHAS DE MORAES,2657,"","",AV MARECHAL MASCARENHAS DE MORAES,2657,"",IMBIRIBEIRA,7,CIDADE,COLISÃO TRASEIRA,ENTRE CAMINHÃO X AUTO PASSEIO S/V,2,,,,,,,,,0,,Longo da via,Chuvoso,Sem defeito,Perfeito estado,Molhada,Perfeito estado,Faixa de pedestre,Não há placas,"",Única,Faixa seccionada,"",""
8123,2019-09-17T00:00:00,18:40:00,SEM VÍTIMA,FINALIZADA,ENCRUZILHADA,EST DE BELEM,"",RUA DONA ELVIRA,"",EST DE BELEM,"","",ENCRUZILHADA,201,"",ABALROAMENTO LONGITUDINAL,HONDA CIT X HB 20,2,,,,,,,,,0,,Cruzamento,Chuvoso,Sem defeito,Perfeito estado,Molhada,Perfeito estado,Faixa de pedestre,R-6a,40 km/h,Dupla,Faixa contínua,"",""
8124,2019-09-17T00:00:00,18:45:00,SEM VÍTIMA,CANCELADA,VÁRZEA,RUA BELEM DE SAO FRANCISCO,"","",PROX AO INSTITUTO RICARDO BRENNAND,RUA BELEM DE SAO FRANCISCO,"",PROX AO INSTITUTO RICARDO BRENNAND,VÁRZEA,,"",COLISÃO COM CICLISTA,ENTRE AUTO PASSEIO X CICLISTA S/V,1,,,1,,,,,,0,,"","","","","","","","","","","","",""
8125,2019-09-17T00:00:00,18:49:00,SEM VÍTIMA,CANCELADA,BOA VIAGEM,AVENIDA CELSO FURTADO (VIA MANGUE),"","",POR TRAS DO EXTRA E PROX A LOMBADA ELETRONICA,AVENIDA CELSO FURTADO (VIA MANGUE),"",POR TRAS DO EXTRA E PROX A LOMBADA ELETRONICA,BOA VIAGEM,,"",COLISÃO,MOTO X RENAULT CLIO,1,1,,,,,,,,0,,"","","","","","","","","","","","",""
8126,2019-09-17T00:00:00,18:59:00,SEM VÍTIMA,FINALIZADA,ILHA DO LEITE,AV FREI MATIAS TEVES,"",RUA SENADOR JOSE HENRIQUE,"",AV FREI MATIAS TEVES,"","",ILHA DO LEITE,,SUBURBIO,ABALROAMENTO TRANSVERSAL,MERIVA X SIENA,2,,,,,,,,,0,,Cruzamento,Chuvoso,Não existe,Perfeito estado,Molhada,Perfeito estado,Não existe,Placas Pare,30 km/h,Única,Faixa seccionada,"",""
8127,2019-09-17T00:00:00,20:09:00,COM VÍTIMA,FINALIZADA,JAQUEIRA,RUA MUNIZ TAVARES,81,"",PROX A PRAÇA FLEMING // EDF. PRINCIPE DE ASTURIA,RUA MUNIZ TAVARES,81,PROX A PRAÇA FLEMING // EDF. PRINCIPE DE ASTURIA,JAQUEIRA,,SUBURBIO,COLISÃO FRONTAL,S 10 X MARCH X AUTO,3,,,,,,,,,1,,Longo da via,Chuvoso,Não existe,"",Molhada,"",Faixa de pedestre,Outras,30 km/h,Dupla,Não existe,"",""
8128,2019-09-17T00:00:00,20:11:00,SEM VÍTIMA,FINALIZADA,AREIAS,AV DR JOSE RUFINO,"",RUA IPOJUCA,"",AV DR JOSE RUFINO,"","",AREIAS,44,"",ABALROAMENTO LONGITUDINAL,ENTRE DOIS AUTO S/V,2,,,,,,,,,0,,Cruzamento,Chuvoso,Sem defeito,Incompleta,Molhada,Perfeito estado,Faixa de pedestre,R-6a,"",Dupla,Faixa seccionada,"",""
8129,2019-09-17T00:00:00,21:20:00,COM VÍTIMA,FINALIZADA,MADALENA,RUA JOSE OSORIO,401,"",PROX AO MERCADO DA MADALENA,RUA JOSE OSORIO,401,PROX AO MERCADO DA MADALENA,MADALENA,,SUBURBIO,ABALROAMENTO LONGITUDINAL,ONIBUS BORBOREMA X MOTO,,1,,,,1,,,,1,,Longo da via,Chuvoso,Não existe,Perfeito estado,Molhada,Perfeito estado,Não existe,Não há placas,"",Única,Faixa seccionada,"",""
8130,2019-09-17T00:00:00,21:31:00,SEM VÍTIMA,FINALIZADA,BOA VISTA,RUA PRINCESA IZABEL,"","",SEMÁFORO 168,RUA PRINCESA IZABEL,"",SEMÁFORO 168,BOA VISTA,168,"",COLISÃO TRASEIRA,SIENA X CLASSIC X PALIO,3,,,,,,,,,0,,Longo da via,Chuvoso,Sem defeito,Perfeito estado,Molhada,Perfeito estado,Faixa de pedestre,Outras,"",Única,Faixa contínua,"",""
8131,2019-09-17T00:00:00,21:42:00,SEM VÍTIMA,FINALIZADA,IMBIRIBEIRA,AV GENERAL MAC ARTHUR,54,"",AO LADO DO POSTO IPIRANGA,AV GENERAL MAC ARTHUR,54,AO LADO DO POSTO IPIRANGA,IMBIRIBEIRA,225,SUBURBIO,ABALROAMENTO LONGITUDINAL,VT 10 DA CTTU ESTA NO LOCAL,1,,,,,,1,,,0,,Longo da via,Chuvoso,Sem defeito,Perfeito estado,Molhada,Perfeito estado,"",Não há placas,"",Única,Não existe,"",""
8132,2019-09-18T00:00:00,07:54:00,SEM VÍTIMA,FINALIZADA,ESPINHEIRO,RUA BARAO DE ITAMARACA,160,RUA DO ESPINHEIRO,AO LADO DA HOSPITAL HAPVIDA,RUA BARAO DE ITAMARACA,160,AO LADO DA HOSPITAL HAPVIDA,ESPINHEIRO,,"",COLISÃO,COLISÃO SEM VITIMAS,1,1,,,,,,,,0,,"","","","","","","","","","","","",""
8133,2019-09-18T00:00:00,08:42:00,SEM VÍTIMA,FINALIZADA,JARDIM SÃO PAULO,RUA BRAGANCA,392,"",EM FRENTE A LOJA TATU DIESEL,RUA BRAGANCA,392,EM FRENTE A LOJA TATU DIESEL,JARDIM SÃO PAULO,,"",CHOQUE VEÍCULO PARADO,COLISÃO DE UMA KOMB COM UMA MOTO,1,1,,,,,,,,0,,Longo da via,Bom,Não existe,Incompleta,Seca,Perfeito estado,Não existe,Placas Pare,"",Única,Não existe,"",""
8134,2019-09-18T00:00:00,09:27:00,SEM VÍTIMA,FINALIZADA,ILHA DO LEITE,RUA ESTADO DE ISRAEL,"","",ESC. POETA MANOEL BANDEIRA,RUA ESTADO DE ISRAEL,"",ESC. POETA MANOEL BANDEIRA,ILHA DO LEITE,,CIDADE,COLISÃO TRASEIRA,COLISÃO SEM VITIMAS,2,,,,,,,,,0,,Longo da via,Bom,Não existe,Perfeito estado,Seca,Perfeito estado,Faixa de pedestre,R-6a,30 km/h,Única,Faixa seccionada,"",""
8135,2019-09-18T00:00:00,09:33:00,SEM VÍTIMA,FINALIZADA,DERBY,AV GOVERNADOR AGAMENON MAGALHAES,"",PRC DO DERBY,"",AV GOVERNADOR AGAMENON MAGALHAES,"","",DERBY,75,CIDADE,ABALROAMENTO LONGITUDINAL,COLISÃO S/VITIMAS ENTRE CAMINHÃO E AUTO,1,,,,,,1,,,0,,Longo da via,Bom,Sem defeito,Perfeito estado,Seca,Perfeito estado,Faixa de pedestre,"",60 km/h,Dupla,Canal,"",""
8136,2019-09-18T00:00:00,09:56:00,SEM VÍTIMA,FINALIZADA,SANTO AMARO,RUA FREI CASSIMIRO,413,RUA TREZE DE MAIO,BORRACHARIA NOVA,RUA FREI CASSIMIRO,413,BORRACHARIA NOVA,SANTO AMARO,,CIDADE,ABALROAMENTO LONGITUDINAL,COLISÃO S/VITIMAS ENTRE DOIS AUTOS,2,,,,,,,,,0,,Cruzamento,Bom,Não existe,Perfeito estado,Seca,Perfeito estado,Não existe,Não há placas,"",Única,Canteiro central,"",""
8137,2019-09-18T00:00:00,10:45:00,COM VÍTIMA,FINALIZADA,IMBIRIBEIRA,AV MARECHAL MASCARENHAS DE MORAES,474,"",LADO OPOSSTO A FLOR E ARTE (SENTIDO BOA VIAGEM),AV MARECHAL MASCARENHAS DE MORAES,474,LADO OPOSSTO A FLOR E ARTE (SENTIDO BOA VIAGEM),IMBIRIBEIRA,279,SUBURBIO,ABALROAMENTO LONGITUDINAL,COLISÃO C/VITIMAS ENTRE UM AUTO E E MOTO,1,1,,,,,,,,1,,Cruzamento,Bom,Sem defeito,Perfeito estado,Seca,Perfeito estado,Faixa de pedestre,Não há placas,60 km/h,Dupla,Faixa contínua,"",""
8138,2019-09-18T00:00:00,10:47:00,SEM VÍTIMA,FINALIZADA,SANTO ANTÔNIO,PTE PRINCESA IZABEL,"","","",PTE PRINCESA IZABEL,"","",SANTO ANTÔNIO,,CIDADE,ABALROAMENTO LONGITUDINAL,COLISÃO SEM VITIMAS,1,,,,,,1,,,0,,Ponte,Bom,Não existe,Incompleta,Seca,Perfeito estado,Não existe,Não há placas,"",Dupla,Faixa contínua,"",""
8139,2019-09-18T00:00:00,10:56:00,SEM VÍTIMA,FINALIZADA,ALTO JOSÉ DO PINHO,COR DO BARTOLOMEU,559,"","",COR DO BARTOLOMEU,559,"",ALTO JOSÉ DO PINHO,,SUBURBIO,ABALROAMENTO LONGITUDINAL,COLISÃO SEM VITIMAS,2,,,,,,,,,0,,"",Bom,Não existe,Perfeito estado,Seca,Perfeito estado,Não existe,R-6a,"",Dupla,Não existe,"",""
8140,2019-09-18T00:00:00,11:18:00,SEM VÍTIMA,FINALIZADA,ILHA DO LEITE,RUA JOSE DE ALENCAR,725,"",EM FRENTE AO Nº 725,RUA JOSE DE ALENCAR,725,EM FRENTE AO Nº 725,ILHA DO LEITE,,CIDADE,CHOQUE VEÍCULO PARADO,DOIS AUTTOS,2,,,,,,,,,0,,Longo da via,Bom,Não existe,Incompleta,Seca,Perfeito estado,Não existe,R-6a,"",Dupla,Não existe,"",""
8141,2019-09-18T00:00:00,11:43:00,SEM VÍTIMA,FINALIZADA,SÃO JOSÉ,RUA VIDAL DE NEGREIROS,208,RUA SAO JOAO,"",RUA VIDAL DE NEGREIROS,208,"",SÃO JOSÉ,,SUBURBIO,ABALROAMENTO TRANSVERSAL,COLISÃO S/VITIMA ENTRE DOIS AUTOS,2,,,,,,,,,0,,Cruzamento,Bom,Não existe,Perfeito estado,Seca,Perfeito estado,Não existe,Não há placas,40 km/h,Única,Não existe,"",""
8142,2019-09-18T00:00:00,12:31:00,SEM VÍTIMA,FINALIZADA,AFLITOS,RUA HOEL SETTE,144,"",EDF SOBRADO DA PRAÇA / PRAÇA SOUTO MAIOR,RUA HOEL SETTE,144,EDF SOBRADO DA PRAÇA / PRAÇA SOUTO MAIOR,AFLITOS,,SUBURBIO,CHOQUE VEÍCULO PARADO,COLISÃO SEM VÍTIMA,1,,,,,,1,,,0,,Longo da via,Bom,Não existe,Perfeito estado,Seca,Perfeito estado,Não existe,Não há placas,"",Única,Não existe,"",""
8143,2019-09-18T00:00:00,12:39:00,SEM VÍTIMA,FINALIZADA,IPSEP,AV RECIFE,"","",AO LADO DO RESTAURANTE SAL E BRASA,AV RECIFE,"",AO LADO DO RESTAURANTE SAL E BRASA,IPSEP,,SUBURBIO,ABALROAMENTO LONGITUDINAL,COLISÃO SEM VÍTIMA,1,,,,,,1,,,0,,Longo da via,Bom,Não existe,Perfeito estado,Seca,Perfeito estado,Não existe,Não há placas,"",Dupla,Não existe,"",""
8144,2019-09-18T00:00:00,13:19:00,SEM VÍTIMA,FINALIZADA,JORDÃO,AV JULIO CESAR,774,"",LAVANDERIA NOVA ERA E A BODEGA DOS AMIGOS,AV JULIO CESAR,774,LAVANDERIA NOVA ERA E A BODEGA DOS AMIGOS,JORDÃO,,"",COLISÃO,COLISÃO SEM VÍTIMA,1,1,,,,,,,,0,,"","","","","","","","","","","","",""
8145,2019-09-18T00:00:00,13:37:00,SEM VÍTIMA,FINALIZADA,CAJUEIRO,AV BEBERIBE,3173,"",GALERIA CAJUEIRO,AV BEBERIBE,3173,GALERIA CAJUEIRO,CAJUEIRO,,CIDADE,COLISÃO TRASEIRA,COLISÃO SEM VITIMA,1,,,,,,1,,,0,,Longo da via,Bom,Não existe,Perfeito estado,Seca,Perfeito estado,Não existe,Outras,"",Dupla,Canteiro central,"",""
8146,2019-09-18T00:00:00,14:00:00,SEM VÍTIMA,FINALIZADA,PORTO DA MADEIRA,AV ANIBAL BENEVOLO,328,"","",AV ANIBAL BENEVOLO,328,"",PORTO DA MADEIRA,,SUBURBIO,ABALROAMENTO LONGITUDINAL,COLISÃO SEM VITIMA,1,,,,,1,,,,0,,Longo da via,Bom,Não existe,Perfeito estado,Seca,Perfeito estado,Não existe,Outras,"",Dupla,Faixa seccionada,"",""
8147,2019-09-18T00:00:00,14:07:00,SEM VÍTIMA,FINALIZADA,ILHA DO LEITE,AV GOVERNADOR AGAMENON MAGALHAES,"","",EM FRENTE AO HOSPITAL PORTUGUÊS,AV GOVERNADOR AGAMENON MAGALHAES,"",EM FRENTE AO HOSPITAL PORTUGUÊS,ILHA DO LEITE,,"",COLISÃO TRASEIRA,COLISAO ENTRE AMBULANCIA E AUTO S/V,2,,,,,,,,,0,,Longo da via,Bom,Não existe,Perfeito estado,Seca,Perfeito estado,"","",60 km/h,Dupla,Canal,"",""
8148,2019-09-18T00:00:00,14:21:00,VÍTIMA FATAL,FINALIZADA,VÁRZEA,AV CAXANGA,"","",EMFRENTE A UPA,AV CAXANGA,"",EMFRENTE A UPA,VÁRZEA,281,CIDADE,ABALROAMENTO LONGITUDINAL,COLISÃO COM VITIMA/ SAMU JA RECOLHEU A VITIMA,1,,,,,,,,,,1,Longo da via,Bom,Sem defeito,Perfeito estado,Seca,Perfeito estado,Outros,R-6a,"",Dupla,Canteiro central,"",""
8149,2019-09-18T00:00:00,15:11:00,COM VÍTIMA,FINALIZADA,BOA VISTA,RUA DO HOSPICIO,"",RUA PRINCESA IZABEL,"",RUA DO HOSPICIO,"","",BOA VISTA,31,"",COLISÃO,COLISÃO ENTRE AUTO E MOTO COM VÍTIMA,1,1,,,,,,,,1,,Cruzamento,Bom,Sem defeito,Perfeito estado,Seca,Perfeito estado,Faixa de pedestre,Não há placas,"",Dupla,Faixa contínua,"",""
8150,2019-09-18T00:00:00,15:58:00,SEM VÍTIMA,CANCELADA,MADALENA,AV JOSE GONCALVES DE MEDEIROS,"","",EM FRENTE A COMEDORIA BOM GOSTO E BOSCH SERVICE,AV JOSE GONCALVES DE MEDEIROS,"",EM FRENTE A COMEDORIA BOM GOSTO E BOSCH SERVICE,MADALENA,,"",COLISÃO,COLISÃO SEM VÍTIMA,2,,,,,,,,,0,,"","","","","","","","","","","","",""
8151,2019-09-18T00:00:00,16:13:00,SEM VÍTIMA,FINALIZADA,BOA VIAGEM,AV CONSELHEIRO AGUIAR,"","",EM FRENTE AO Nº 4774,AV CONSELHEIRO AGUIAR,"",EM FRENTE AO Nº 4774,BOA VIAGEM,,CIDADE,ABALROAMENTO TRANSVERSAL,COLISÃO SEM VITIMA,2,,,,,,,,,0,,Longo da via,Bom,Sem defeito,Perfeito estado,Seca,Perfeito estado,Não existe,Não há placas,"",Única,Faixa seccionada,"",""
8152,2019-09-18T00:00:00,16:48:00,SEM VÍTIMA,CANCELADA,IBURA,AV PERNAMBUCO,236,"",MERCADINHO PREÇO CERTO,AV PERNAMBUCO,236,MERCADINHO PREÇO CERTO,IBURA,,"",COLISÃO,COLISÃO SEM VITIMA,1,,,,,1,,,,0,,"","","","","","","","","","","","",""
8153,2019-09-18T00:00:00,16:49:00,SEM VÍTIMA,FINALIZADA,CORDEIRO,AV GENERAL SAN MARTIN,1083,"","",AV GENERAL SAN MARTIN,1083,"",CORDEIRO,,SUBURBIO,ABALROAMENTO LONGITUDINAL,COLISAO ENTRE DOIS AUTOS S/V,2,,,,,,,,,0,,Longo da via,Bom,Não existe,Perfeito estado,Seca,Perfeito estado,Não existe,R-6a,"",Dupla,Faixa contínua,"",""