_id,DATA,hora,natureza_acidente,situacao,bairro,endereco,numero,detalhe_endereco_acidente,complemento,endereco_cruzamento,numero_cruzamento,referencia_cruzamento,bairro_cruzamento,num_semaforo,sentido_via,tipo,descricao,auto,moto,ciclom,ciclista,pedestre,onibus,caminhao,viatura,outros,vitimas,vitimasfatais,acidente_verificado,tempo_clima,situacao_semaforo,sinalizacao,condicao_via,conservacao_via,ponto_controle,situacao_placa,velocidade_max_via,mao_direcao,divisao_via1,divisao_via2,divisao_via3
8154,2019-09-18T00:00:00,16:54:00,SEM VÍTIMA,FINALIZADA,SANTO AMARO,AV CRUZ CABUGA,"","",SHOPPING TACARUNA,AV CRUZ CABUGA,"",SHOPPING TACARUNA,SANTO AMARO,,CIDADE,CHOQUE VEÍCULO PARADO,COLISAO ENTRE AUTO E ONIBUS S/V,1,,,,,1,,,,0,,Longo da via,Bom,Sem defeito,Incompleta,Seca,Perfeito estado,Não existe,Outras,60 km/h,Dupla,Blocos,"",""
8155,2019-09-18T00:00:00,17:05:00,SEM VÍTIMA,FINALIZADA,IMBIRIBEIRA,AV MARECHAL MASCARENHAS DE MORAES,"","",SOB O VIADUTO MOTOCOLOMBÓ,AV MARECHAL MASCARENHAS DE MORAES,"",SOB O VIADUTO MOTOCOLOMBÓ,IMBIRIBEIRA,,CIDADE,ABALROAMENTO LONGITUDINAL,COLISÃO SEM VÍTIMA,1,,,,,,,,1,0,,Longo da via,Bom,Não existe,Perfeito estado,Seca,Perfeito estado,Não existe,Não há placas,"",Única,Faixa seccionada,"",""
8156,2019-09-18T00:00:00,17:13:00,SEM VÍTIMA,FINALIZADA,IBURA,AV PERNAMBUCO,93,"",DEPÓSITO VIA GÁS,AV PERNAMBUCO,93,DEPÓSITO VIA GÁS,IBURA,,CIDADE,ABALROAMENTO LONGITUDINAL,COLISÃO SEM VÍTIMA,1,,,,,,1,,,0,,Longo da via,Bom,Não existe,Ilegível,Seca,Mal conservada,Não existe,Não há placas,"",Dupla,Faixa contínua,"",""
8157,2019-09-18T00:00:00,17:53:00,SEM VÍTIMA,FINALIZADA,GRAÇAS,RUA AMELIA,"",AV RUI BARBOSA,SEMÁFORO Nº 048,RUA AMELIA,"",SEMÁFORO Nº 048,GRAÇAS,48,CIDADE,ABALROAMENTO LONGITUDINAL,COLISÃO ENTRE DOIS AUTOS SEM VÍTIMAS,2,,,,,,,,,0,,Cruzamento,Bom,Sem defeito,Perfeito estado,Seca,Perfeito estado,Agente,"",40 km/h,Única,Não existe,"",""
8158,2019-09-18T00:00:00,18:53:00,SEM VÍTIMA,FINALIZADA,SANTO AMARO,AV VISCONDE DE SUASSUNA,"","",EM FRENTE AO Nº 634,AV VISCONDE DE SUASSUNA,"",EM FRENTE AO Nº 634,SANTO AMARO,,CIDADE,COLISÃO TRASEIRA,ONIBUS CAXANGA X VEICULO DO SEMOC,1,,,,,1,,,,0,,Longo da via,Bom,Não existe,Perfeito estado,Seca,Perfeito estado,Não existe,Não há placas,"",Única,Não existe,"",""
8159,2019-09-18T00:00:00,19:10:00,SEM VÍTIMA,FINALIZADA,TORRE,RUA JOSE BONIFACIO,724,RUA JOSE DE HOLANDA,"",RUA JOSE BONIFACIO,724,"",TORRE,601,"",ABALROAMENTO TRANSVERSAL,CITROEN C3 X FIESTA,2,,,,,,,,,0,,Cruzamento,Bom,Sem defeito,Perfeito estado,Seca,Perfeito estado,Faixa de retenção,R-6a,"",Única,"","",""
8160,2019-09-18T00:00:00,19:33:00,COM VÍTIMA,FINALIZADA,CASA FORTE,AV DEZESSETE DE AGOSTO,2388,"",ENF AO MUSEU DO HOMEM DO NORDESTE,AV DEZESSETE DE AGOSTO,2388,ENF AO MUSEU DO HOMEM DO NORDESTE,CASA FORTE,251,SUBURBIO,ATROPELAMENTO,MOTO X PEDESTRE,,1,,,1,,,,,2,,Longo da via,Bom,Sem defeito,Perfeito estado,Seca,Perfeito estado,Faixa de pedestre,R-6a,"",Dupla,Faixa contínua,"",""
8161,2019-09-18T00:00:00,20:39:00,SEM VÍTIMA,FINALIZADA,MADALENA,RUA BENFICA,133,"",4º REGISTRO DE IMÓVEIS DO RECIFE,RUA BENFICA,133,4º REGISTRO DE IMÓVEIS DO RECIFE,MADALENA,,CIDADE,ABALROAMENTO LONGITUDINAL,ENTRE CAMINHÃO E AUTO PASSEIO. S/V,1,,,,,,1,,,0,,Longo da via,Bom,Não existe,Perfeito estado,Seca,Perfeito estado,Não existe,Não há placas,"",Única,Faixa seccionada,"",""
8162,2019-09-18T00:00:00,20:02:00,COM VÍTIMA,FINALIZADA,BOA VISTA,RUA JOAO FERNANDES VIEIRA,145,RUA JOAQUIM FELIPE,E/F A UNIBRA,RUA JOAO FERNANDES VIEIRA,145,E/F A UNIBRA,BOA VISTA,,CIDADE,ABALROAMENTO TRANSVERSAL,ENTRE AUTO E MOTO ( O ENVOLVIDO ACIDENTADO É SD DA PM ) C/V,1,1,,,,,,,,1,,Esquina,Bom,Não existe,Perfeito estado,Seca,Perfeito estado,Não existe,R-6a,30 km/h,Única,"","",""
8163,2019-09-18T00:00:00,21:28:00,SEM VÍTIMA,FINALIZADA,TAMARINEIRA,AV NORTE,"","",LADO OPOSTO POSTO DE GASOLINA BR,AV NORTE,"",LADO OPOSTO POSTO DE GASOLINA BR,TAMARINEIRA,456,CIDADE,COLISÃO TRASEIRA,ENTRE 2 AUTOS. S/V,2,,,,,,,,,0,,Longo da via,Bom,Sem defeito,Perfeito estado,Seca,Perfeito estado,Faixa de pedestre,Outras,"",Dupla,Canteiro central,"",""
8164,2019-09-19T00:00:00,07:27:00,SEM VÍTIMA,FINALIZADA,ESPINHEIRO,RUA QUARENTA E OITO,"",RUA CONS PORTELA,"",RUA QUARENTA E OITO,"","",ESPINHEIRO,11,SUBURBIO,ABALROAMENTO LONGITUDINAL,"",1,,,,,1,,,,0,,Cruzamento,Bom,Sem defeito,Perfeito estado,Seca,Perfeito estado,Faixa de pedestre,"","",Única,Faixa contínua,Faixa seccionada,""
8165,2019-09-19T00:00:00,08:01:00,COM VÍTIMA,FINALIZADA,ESPINHEIRO,RUA QUARENTA E OITO,165,"",EM FRENTE AO EDIFICIO CORINTHUS,RUA QUARENTA E OITO,165,EM FRENTE AO EDIFICIO CORINTHUS,ESPINHEIRO,,CIDADE,COLISÃO COM CICLISTA,VITIMA A ESPERA DO SAMU,1,,,1,,,,,,1,,Longo da via,Bom,Não existe,Perfeito estado,Seca,Perfeito estado,Não existe,R-6a,30 km/h,Única,Faixa seccionada,"",""
8166,2019-09-19T00:00:00,08:41:00,COM VÍTIMA,FINALIZADA,IPSEP,RUA SAO NICOLAU,"",AV RECIFE,SEMÁFORO 016,RUA SAO NICOLAU,"",SEMÁFORO 016,IPSEP,16,SUBURBIO,ABALROAMENTO TRANSVERSAL,COLISÃO COM VÍTIMA,,1,1,,,,,,,1,,Cruzamento,Bom,Sem defeito,Perfeito estado,Seca,Perfeito estado,Agente,Não há placas,40 km/h,Única,Blocos,"",""
8167,2019-09-19T00:00:00,09:20:00,SEM VÍTIMA,FINALIZADA,IMBIRIBEIRA,AV MARECHAL MASCARENHAS DE MORAES,"","",CONCESSIONÁRIA TAMBAÍ,AV MARECHAL MASCARENHAS DE MORAES,"",CONCESSIONÁRIA TAMBAÍ,IMBIRIBEIRA,439,CIDADE,COLISÃO TRASEIRA,COLISÃO COM UMA VITIMA,3,,,,,,,,,0,,Longo da via,Bom,Sem defeito,Perfeito estado,Seca,Perfeito estado,Faixa de pedestre,Outras,"",Dupla,Faixa seccionada,"",""
8168,2019-09-19T00:00:00,09:44:00,SEM VÍTIMA,FINALIZADA,VÁRZEA,RUA MARECHAL MANOEL LUIS OSORIO,85,"",NA SAÍDA HOSPITAL HAPVIDA,RUA MARECHAL MANOEL LUIS OSORIO,85,NA SAÍDA HOSPITAL HAPVIDA,VÁRZEA,,SUBURBIO,ABALROAMENTO TRANSVERSAL,COLISÃO SEM VITIMAS,,2,,,,,,,,0,,Longo da via,Bom,Não existe,Perfeito estado,Seca,Perfeito estado,Faixa de pedestre,R-6a,30 km/h,Dupla,"","",""
8169,2019-09-19T00:00:00,09:45:00,SEM VÍTIMA,FINALIZADA,BOA VIAGEM,AV ENGENHEIRO DOMINGOS FERREIRA,2655,"",EM FRENTE AO POSTO BR,AV ENGENHEIRO DOMINGOS FERREIRA,2655,EM FRENTE AO POSTO BR,BOA VIAGEM,,SUBURBIO,COLISÃO TRASEIRA,COLISÃO DE DOIS CAROS. BATEDORES ESTÃO NO LOCAL,2,,,,,,,,,0,,Longo da via,Bom,Não existe,Perfeito estado,Seca,Perfeito estado,Não existe,Não há placas,"",Única,Canteiro central,"",""
8170,2019-09-19T00:00:00,09:54:00,SEM VÍTIMA,FINALIZADA,SANTO AMARO,PRC DO CAMPO SANTO,"","",EM FRENTE,PRC DO CAMPO SANTO,"",EM FRENTE,SANTO AMARO,,CIDADE,ABALROAMENTO LONGITUDINAL,COLISÃO SEM VITIMAS,2,,,,,,,,,0,,Longo da via,Bom,Não existe,Perfeito estado,Seca,Perfeito estado,Não existe,Placas Pare,"",Dupla,Faixa seccionada,"",""
8171,2019-09-19T00:00:00,09:54:00,SEM VÍTIMA,FINALIZADA,AFOGADOS,RUA SANTOS ARAUJO,"",RUA SAO MIGUEL,POSTO BRAS PETRO,RUA SANTOS ARAUJO,"",POSTO BRAS PETRO,AFOGADOS,333,CIDADE,ABALROAMENTO TRANSVERSAL,COLISÃO DE DUAS MOTOS,,2,,,,,,,,0,,Longo da via,Bom,Sem defeito,Perfeito estado,Seca,Perfeito estado,Faixa de pedestre,Não há placas,"",Dupla,Faixa seccionada,"",""
8172,2019-09-19T00:00:00,10:32:00,SEM VÍTIMA,CANCELADA,NOVA DESCOBERTA,AV VEREADOR OTACILIO AZEVEDO,1116,"",AO LADO DA UPA DE NOVA DESCOBERTA,AV VEREADOR OTACILIO AZEVEDO,1116,AO LADO DA UPA DE NOVA DESCOBERTA,NOVA DESCOBERTA,,"",COLISÃO,SEM VITIMAS,1,,,,,1,,,,0,,"","","","","","","","","","","","",""
8173,2019-09-19T00:00:00,11:24:00,SEM VÍTIMA,FINALIZADA,BOA VIAGEM,AVENIDA CELSO FURTADO (VIA MANGUE),"","",ALÇA DA RUA ANTONIO FALCÃO,AVENIDA CELSO FURTADO (VIA MANGUE),"",ALÇA DA RUA ANTONIO FALCÃO,BOA VIAGEM,,SUBURBIO,ABALROAMENTO LONGITUDINAL,COLISÃO SEM VITIMAS,2,,,,,,,,,0,,Viaduto,Bom,Não existe,Perfeito estado,Seca,Perfeito estado,Não existe,Outras,60 km/h,Única,"","",""
8174,2019-09-19T00:00:00,11:36:00,SEM VÍTIMA,FINALIZADA,BOA VIAGEM,RUA VISCONDE DE JEQUITINHONHA,2946,"",EDIFICIO PALACIO DE QUELUZ,RUA VISCONDE DE JEQUITINHONHA,2946,EDIFICIO PALACIO DE QUELUZ,BOA VIAGEM,,SUBURBIO,ABALROAMENTO TRANSVERSAL,COLISÃO SEM VITIMAS,2,,,,,,,,,0,,Longo da via,Bom,Não existe,Perfeito estado,Seca,Perfeito estado,Não existe,Outras,"",Dupla,Faixa seccionada,"",""
8175,2019-09-19T00:00:00,11:44:00,SEM VÍTIMA,CANCELADA,PINA,AV REPUBLICA ARABE UNIDA,"","",NA ENTRADA DO SHOPPING RIO MAR,AV REPUBLICA ARABE UNIDA,"",NA ENTRADA DO SHOPPING RIO MAR,PINA,,"",COLISÃO,COLISÃO SEM VITIMAS,2,,,,,,,,,0,,"","","","","","","","","","","","",""
8176,2019-09-19T00:00:00,12:03:00,COM VÍTIMA,FINALIZADA,CAMPO GRANDE,RUA JERONIMO VILELA,164,RUA MARQUES DE ABRANTES,ESQUINA DA HAMBURGUERIA E LANCHONETE LA BODEGUITA . APÓS A GALERIA CAZÉ.,RUA JERONIMO VILELA,164,ESQUINA DA HAMBURGUERIA E LANCHONETE LA BODEGUITA . APÓS A GALERIA CAZÉ.,CAMPO GRANDE,,CIDADE,ABALROAMENTO LONGITUDINAL,COLISAO ENTRE AUTO E MOTO COM UMA VITIMA,1,1,,,,,,,,1,,Longo da via,Bom,Não existe,Perfeito estado,Seca,Perfeito estado,Não existe,Não há placas,"",Dupla,Faixa seccionada,"",""
8177,2019-09-19T00:00:00,12:22:00,SEM VÍTIMA,FINALIZADA,SANTO AMARO,RUA DR CARLOS CHAGAS,"","",EM FRENTE AO POSTE Nº B 021638,RUA DR CARLOS CHAGAS,"",EM FRENTE AO POSTE Nº B 021638,SANTO AMARO,,CIDADE,CAPOTAMENTO,COLISÃO SEM VÍTIMA,,2,,,,,,,,0,,Longo da via,Bom,Não existe,Incompleta,Seca,Mal conservada,Não existe,Outras,"","","","",""
8178,2019-09-19T00:00:00,13:37:00,SEM VÍTIMA,FINALIZADA,IPSEP,RUA JEAN EMILE FAVRE,"","",LADO OPOSTO A MARINGÁ,RUA JEAN EMILE FAVRE,"",LADO OPOSTO A MARINGÁ,IPSEP,,SUBURBIO,COLISÃO TRASEIRA,COLISÃO SEM VITIMA,2,,,,,1,,,,0,,Longo da via,Bom,Sem defeito,Perfeito estado,Seca,Perfeito estado,"",Outras,60 km/h,Dupla,Faixa contínua,"",""
8179,2019-09-19T00:00:00,14:42:00,SEM VÍTIMA,FINALIZADA,ENGENHO DO MEIO,RUA GOVERNADOR LOPO GARRO,400,RUA PRESIDENTE WASHINGTON LUIZ,ESCOLA SOUZA VERAS,RUA GOVERNADOR LOPO GARRO,400,ESCOLA SOUZA VERAS,ENGENHO DO MEIO,,"",ABALROAMENTO TRANSVERSAL,COLISÃO SEM VÍTIMA,2,,,,,,,,,0,,Cruzamento,Bom,Não existe,Ilegível,Seca,Perfeito estado,Não existe,Não há placas,"",Dupla,Faixa seccionada,"",""
8180,2019-09-19T00:00:00,15:23:00,SEM VÍTIMA,FINALIZADA,MADALENA,RUA LOPES DE CARVALHO,411,"",AV. VISCONDE DE ALBUQUERQUE,RUA LOPES DE CARVALHO,411,AV. VISCONDE DE ALBUQUERQUE,MADALENA,,SUBURBIO,ABALROAMENTO TRANSVERSAL,COLISÃO SEM VITIMA,1,1,,,,,,,,0,,Longo da via,Bom,Não existe,Perfeito estado,Seca,Perfeito estado,Outros,Outras,60 km/h,Dupla,Faixa seccionada,"",""
8181,2019-09-19T00:00:00,15:34:00,SEM VÍTIMA,FINALIZADA,GRAÇAS,RUA CARDEAL ARCOVERDE,"",AV RUI BARBOSA,EXTRABOM,RUA CARDEAL ARCOVERDE,"",EXTRABOM,GRAÇAS,126,"",ABALROAMENTO LONGITUDINAL,COLISÃO SEM VITIMA,2,,,,,,,,,0,,Cruzamento,Bom,Sem defeito,Perfeito estado,Seca,Perfeito estado,Faixa de pedestre,"","",Única,"","",""
8182,2019-09-19T00:00:00,16:04:00,SEM VÍTIMA,FINALIZADA,GRAÇAS,RUA AMELIA,"",AV RUI BARBOSA,MUSEU DO ESTADO DE PERNAMBUCO,RUA AMELIA,"",MUSEU DO ESTADO DE PERNAMBUCO,GRAÇAS,48,CIDADE,ABALROAMENTO LONGITUDINAL,ENTRE A VT 10 DA CTTU E UM VOYAGE,2,,,,,,,,,0,,Longo da via,Bom,Sem defeito,Perfeito estado,Seca,Perfeito estado,Agente,R-6a,40 km/h,Única,Faixa contínua,"",""
8183,2019-09-19T00:00:00,16:17:00,SEM VÍTIMA,DUPLICIDADE,BAIRRO DO RECIFE,AV MILITAR,"","",AO LADO DO TERMINAL MARÍTIMO PORTO DO RECIFE,AV MILITAR,"",AO LADO DO TERMINAL MARÍTIMO PORTO DO RECIFE,BAIRRO DO RECIFE,,SUBURBIO,ABALROAMENTO LONGITUDINAL,COLISAO ENTRE AUTO E CAMINHAO S/V,1,,,,,,1,,1,0,,Longo da via,Bom,Não existe,Perfeito estado,Seca,Perfeito estado,Não existe,Não há placas,"",Única,Faixa seccionada,"",""
8184,2019-09-19T00:00:00,16:25:00,SEM VÍTIMA,FINALIZADA,BAIRRO DO RECIFE,AV MILITAR,"","",PROX. A FÁBRICA DA ANTIGA PILAR,AV MILITAR,"",PROX. A FÁBRICA DA ANTIGA PILAR,BAIRRO DO RECIFE,,"",COLISÃO,COLISÃO SEM VITIMA,1,,,,,,1,,,0,,"","","","","","","","","","","","",""
8185,2019-09-19T00:00:00,17:17:00,COM VÍTIMA,FINALIZADA,PAISSANDU,AV GOVERNADOR AGAMENON MAGALHAES,"",RUA PAISSANDU,"",AV GOVERNADOR AGAMENON MAGALHAES,"","",PAISSANDU,69,"",COLISÃO,ACIDENTE DE PERCURSO,,2,,,,,,,,1,,Longo da via,Bom,Sem defeito,Perfeito estado,Seca,Perfeito estado,Agente,Não há placas,60 km/h,Única,Faixa seccionada,"",""
8186,2019-09-19T00:00:00,17:18:00,SEM VÍTIMA,FINALIZADA,BOA VISTA,RUA AURORA,529,RUA PRINCESA IZABEL,PRÓX. PONTE PRINCESA ISABEL,RUA AURORA,529,PRÓX. PONTE PRINCESA ISABEL,BOA VISTA,22,SUBURBIO,COLISÃO COM CICLISTA,"VEICULO E CICLISTA , DANOS MATERIAIS",1,,,1,,,,,,0,,Cruzamento,Bom,Sem defeito,Perfeito estado,Seca,Perfeito estado,Faixa de retenção,Não há placas,"",Única,Faixa seccionada,"",""
8187,2019-09-19T00:00:00,17:31:00,COM VÍTIMA,FINALIZADA,PINA,AV ANTONIO DE GOES,434,"",EM FRENTE AO JCPM. LADO OPOSTO À RECEITA FEDERAL,AV ANTONIO DE GOES,434,EM FRENTE AO JCPM. LADO OPOSTO À RECEITA FEDERAL,PINA,277,CIDADE,COLISÃO TRASEIRA,COLISÃO COM VITIMA,1,1,,,,,,,,1,,Longo da via,Bom,Sem defeito,Perfeito estado,Seca,Perfeito estado,Faixa de pedestre,"",60 km/h,Dupla,Canteiro central,"",""
8188,2019-09-19T00:00:00,18:21:00,SEM VÍTIMA,FINALIZADA,VÁRZEA,AV AFONSO OLINDENSE,1099,"",ANTES DA LOMBADA ELETRÔNICA EM FRENTE AO Nº 1099,AV AFONSO OLINDENSE,1099,ANTES DA LOMBADA ELETRÔNICA EM FRENTE AO Nº 1099,VÁRZEA,,CIDADE,CHOQUE VEÍCULO PARADO,RENAULT DUSTER X RENAULT LOGAN,2,,,,,,,,,0,,Longo da via,Bom,Não existe,Perfeito estado,Seca,Perfeito estado,Não existe,Não há placas,"",Dupla,Faixa contínua,Faixa seccionada,""
8189,2019-09-19T00:00:00,18:49:00,SEM VÍTIMA,FINALIZADA,PRADO,RUA GOMES TABORDA,"","",CLUBE BAILE PERFUMADO,RUA GOMES TABORDA,"",CLUBE BAILE PERFUMADO,PRADO,,CIDADE,ABALROAMENTO LONGITUDINAL,"ÕNIBUS X AUTO , S/V",1,,,,,1,,,,0,,Longo da via,Bom,Não existe,Perfeito estado,Seca,Perfeito estado,Outros,Não há placas,"",Dupla,Faixa contínua,"",""
8190,2019-09-19T00:00:00,19:05:00,SEM VÍTIMA,FINALIZADA,NOVA DESCOBERTA,RUA CARLOS MARIGHELLA,"","",LADO OPOSTO AO Nº 122,RUA CARLOS MARIGHELLA,"",LADO OPOSTO AO Nº 122,NOVA DESCOBERTA,,SUBURBIO,ABALROAMENTO LONGITUDINAL,ONIBUS X RENAULT,1,,,,,1,,,,0,,Longo da via,Bom,Não existe,Não existente,Seca,Mal conservada,Não existe,Não há placas,"",Dupla,Não existe,"",""
8191,2019-09-19T00:00:00,19:52:00,SEM VÍTIMA,CANCELADA,BOA VIAGEM,RUA CORONEL ANIZIO RODRIGUES COELHO,423,"",E/F A PIZZARIA MATUTA / POR TRÁS DA IGREJA NOVA DE BV,RUA CORONEL ANIZIO RODRIGUES COELHO,423,E/F A PIZZARIA MATUTA / POR TRÁS DA IGREJA NOVA DE BV,BOA VIAGEM,,"",COLISÃO,ENTRE 2 AUTOS. S/V,2,,,,,,,,,0,,"","","","","","","","","","","","",""
8192,2019-09-19T00:00:00,20:26:00,SEM VÍTIMA,CANCELADA,BOA VIAGEM,RUA RIBEIRO DE BRITO,1111,RUA GENERAL AMERICANO FREIRE,AO LADO DO POSTO BR,RUA RIBEIRO DE BRITO,1111,AO LADO DO POSTO BR,BOA VIAGEM,,"",COLISÃO,PALIO X FIAT PALIO,2,,,,,,,,,0,,"","","","","","","","","","","","",""
8193,2019-09-19T00:00:00,20:29:00,SEM VÍTIMA,FINALIZADA,BOA VIAGEM,AV CONSELHEIRO AGUIAR,3810,"",ESTACIONAMENTO DA FARMACIA DROGASIL,AV CONSELHEIRO AGUIAR,3810,ESTACIONAMENTO DA FARMACIA DROGASIL,BOA VIAGEM,,CIDADE,CHOQUE VEÍCULO PARADO,ENTRE 2 AUTOS. S/V,2,,,,,,,,,0,,"",Bom,Não existe,Perfeito estado,Seca,Perfeito estado,Não existe,Não há placas,"",Única,Não existe,"",""
8194,2019-09-19T00:00:00,20:47:00,SEM VÍTIMA,CANCELADA,BOA VIAGEM,RUA ANTONIO FALCAO,"","",SEMÁFORO 555,RUA ANTONIO FALCAO,"",SEMÁFORO 555,BOA VIAGEM,,"",COLISÃO,ENTRE 2 AUTOS. S/V,,,,,,,,,,0,,"","","","","","","","","","","","",""
8195,2019-09-19T00:00:00,20:52:00,SEM VÍTIMA,CANCELADA,PARNAMIRIM,AV PARNAMIRIM,"","",E/F A GALERIA PARNAMIRIM,AV PARNAMIRIM,"",E/F A GALERIA PARNAMIRIM,PARNAMIRIM,,"",COLISÃO,ENTRE 2 AUTOS. S/V,2,,,,,,,,,0,,"","","","","","","","","","","","",""
8196,2019-09-19T00:00:00,21:03:00,SEM VÍTIMA,CANCELADA,BOA VIAGEM,AV BOA VIAGEM,3114,"",ENF AO HOTEL JANGADEIRO,AV BOA VIAGEM,3114,ENF AO HOTEL JANGADEIRO,BOA VIAGEM,,"",COLISÃO,HRV PRATA X JETTA,2,,,,,,,,,0,,"","","","","","","","","","","","",""
8197,2019-09-19T00:00:00,23:46:00,COM VÍTIMA,FINALIZADA,BOA VIAGEM,RUA BARAO DE SOUZA LEAO,451,"","ENF AO MAR HOTEL, DROGARIA DROGAMAR E BOA VIAGEM MEDICAL CENTER.",RUA BARAO DE SOUZA LEAO,451,"ENF AO MAR HOTEL, DROGARIA DROGAMAR E BOA VIAGEM MEDICAL CENTER.",BOA VIAGEM,,SUBURBIO,ATROPELAMENTO,GOLF X PEDESTRE SE JOGOU SOBRE O VEICULO,1,,,,1,,,,,1,,Longo da via,Bom,Sem defeito,Perfeito estado,Seca,Perfeito estado,"",Não há placas,"",Única,Faixa seccionada,"",""
8198,2019-09-20T00:00:00,07:29:00,COM VÍTIMA,FINALIZADA,IMBIRIBEIRA,AV MARECHAL MASCARENHAS DE MORAES,7935A,"",EM FRENTE A AUTOPEÇAS CONTINENTAL,AV MARECHAL MASCARENHAS DE MORAES,7935A,EM FRENTE A AUTOPEÇAS CONTINENTAL,IMBIRIBEIRA,626,CIDADE,ABALROAMENTO LONGITUDINAL,COM DUAS VITIMAS,2,1,,,,,,,,2,,Longo da via,Bom,Não existe,Perfeito estado,Seca,Perfeito estado,Não existe,Outras,"",Dupla,Canteiro central,"",""
8199,2019-09-20T00:00:00,07:30:00,SEM VÍTIMA,FINALIZADA,TORREÃO,AV NORTE,"","",PEDRAGON,AV NORTE,"",PEDRAGON,TORREÃO,,CIDADE,COLISÃO TRASEIRA,COLISÃO DE 2 CARROS,2,,,,,,,,,0,,Longo da via,Bom,"",Perfeito estado,Seca,Perfeito estado,"","",60 km/h,Dupla,Canteiro central,"",""
8200,2019-09-20T00:00:00,07:43:00,SEM VÍTIMA,FINALIZADA,ESPINHEIRO,RUA DR VICENTE MEIRA,114,RUA AMELIA,"",RUA DR VICENTE MEIRA,114,"",ESPINHEIRO,,CIDADE,COLISÃO TRASEIRA,COLISÃO S/VITIMAS ENTRE AUTO E UMA MOTO,1,1,,,,,,,,0,,Cruzamento,Bom,Não existe,Perfeito estado,Seca,Perfeito estado,Não existe,Placas Pare,"",Dupla,Não existe,"",""
8201,2019-09-20T00:00:00,07:49:00,SEM VÍTIMA,FINALIZADA,TAMARINEIRA,RUA PADRE ROMA,"","","",RUA PADRE ROMA,"","",TAMARINEIRA,223,CIDADE,COLISÃO TRASEIRA,COLISÃO S/VITIMAS ENTRE DOIS AUTOS E UM ONIBUS,2,,,,,1,,,,0,,Longo da via,Chuvoso,Sem defeito,Perfeito estado,Molhada,Perfeito estado,Não existe,"","",Dupla,Canteiro central,"",""
8202,2019-09-20T00:00:00,07:59:00,SEM VÍTIMA,FINALIZADA,AFOGADOS,RUA VINTE E UM DE ABRIL,565,RUA MANUEL PADILHA,"",RUA VINTE E UM DE ABRIL,565,"",AFOGADOS,,CIDADE,ABALROAMENTO LONGITUDINAL,COLISÃO DE UM CARRO E UM CAMINHÃO,1,,,,,,1,,,0,,Longo da via,Bom,Não existe,Não existente,Seca,Mal conservada,Não existe,Não há placas,"",Dupla,Não existe,"",""
8203,2019-09-20T00:00:00,08:17:00,COM VÍTIMA,FINALIZADA,PAISSANDU,AV GOVERNADOR AGAMENON MAGALHAES,141,"",EM FRENTE A CLINICA VETERINARIA VET MAIS,AV GOVERNADOR AGAMENON MAGALHAES,141,EM FRENTE A CLINICA VETERINARIA VET MAIS,PAISSANDU,,BOA VIAGEM,ABALROAMENTO LONGITUDINAL,"COM UMA VITMA SENDO SOCORRIDA PELO SAMU,CTTU NO LOCAL",1,1,,,,,,,,1,,Longo da via,Chuvoso,Não existe,Perfeito estado,Molhada,Perfeito estado,"","",60 km/h,Dupla,"","",""
8204,2019-09-20T00:00:00,10:02:00,SEM VÍTIMA,CANCELADA,BAIRRO DO RECIFE,AV ALFREDO LISBOA,"","",EM FRENTE AO SHOPPING PAÇO ALFANDEGA,AV ALFREDO LISBOA,"",EM FRENTE AO SHOPPING PAÇO ALFANDEGA,BAIRRO DO RECIFE,,"",COLISÃO,ONIBUS E AUTO,1,,,,,1,,,,0,,"","","","","","","","","","","","",""
8205,2019-09-20T00:00:00,10:11:00,SEM VÍTIMA,CANCELADA,BOA VISTA,AV GOVERNADOR AGAMENON MAGALHAES,"","",EM FRENTE AO COLEGIO AMERICANO BATISTA,AV GOVERNADOR AGAMENON MAGALHAES,"",EM FRENTE AO COLEGIO AMERICANO BATISTA,BOA VISTA,,SUBURBIO,COLISÃO,DOIS AUTOS,2,,,,,,,,,0,,"","","","","","","","","","","","",""
8206,2019-09-20T00:00:00,10:28:00,SEM VÍTIMA,CANCELADA,BOA VISTA,RUA DO PRINCIPE,563,"",EM FRENTE AO HOSPITAL DO EXERCITO,RUA DO PRINCIPE,563,EM FRENTE AO HOSPITAL DO EXERCITO,BOA VISTA,,"",COLISÃO,DOIS AUTOS,2,,,,,,,,,0,,"","","","","","","","","","","","",""
8207,2019-09-20T00:00:00,10:34:00,SEM VÍTIMA,FINALIZADA,MADALENA,AV VISCONDE DE ALBUQUERQUE,732,"","",AV VISCONDE DE ALBUQUERQUE,732,"",MADALENA,,SUBURBIO,ABALROAMENTO LONGITUDINAL,"",1,,,,,1,,,,0,,Longo da via,Bom,Não existe,Incompleta,Seca,Perfeito estado,Não existe,R-6a,"",Única,Não existe,"",""
8208,2019-09-20T00:00:00,10:37:00,COM VÍTIMA,FINALIZADA,GRAÇAS,PRC DO ENTRONCAMENTO,132,"",EM FRENTE A PHARMAPELE,PRC DO ENTRONCAMENTO,132,EM FRENTE A PHARMAPELE,GRAÇAS,,CIDADE,ATROPELAMENTO,ATROPELAMENTO (ONIBUS X PEDESTRE),,,,,1,1,,,,1,,Longo da via,Bom,Não existe,Perfeito estado,Seca,Perfeito estado,Outros,Outras,40 km/h,Única,Não existe,"",""