_id,DATA,hora,natureza_acidente,situacao,bairro,endereco,numero,detalhe_endereco_acidente,complemento,endereco_cruzamento,numero_cruzamento,referencia_cruzamento,bairro_cruzamento,num_semaforo,sentido_via,tipo,descricao,auto,moto,ciclom,ciclista,pedestre,onibus,caminhao,viatura,outros,vitimas,vitimasfatais,acidente_verificado,tempo_clima,situacao_semaforo,sinalizacao,condicao_via,conservacao_via,ponto_controle,situacao_placa,velocidade_max_via,mao_direcao,divisao_via1,divisao_via2,divisao_via3
8209,2019-09-20T00:00:00,10:50:00,SEM VÍTIMA,FINALIZADA,ESTÂNCIA,AV DR JOSE RUFINO,617,"",ESCOLA PAROQUIAL SANTA LUZIA,AV DR JOSE RUFINO,617,ESCOLA PAROQUIAL SANTA LUZIA,ESTÂNCIA,,SUBURBIO,ABALROAMENTO TRANSVERSAL,SEM VITIMAS,2,,,,,,,,,0,,Longo da via,Chuvoso,Não existe,Perfeito estado,Molhada,Perfeito estado,Não existe,Outras,"",Dupla,Faixa contínua,"",""
8210,2019-09-20T00:00:00,11:16:00,SEM VÍTIMA,FINALIZADA,PINA,AV HERCULANO BANDEIRA,543,"",EM FRENTE AO MARTELINHO DE OURO,AV HERCULANO BANDEIRA,543,EM FRENTE AO MARTELINHO DE OURO,PINA,,SUBURBIO,ABALROAMENTO LONGITUDINAL,COLISÃO S/VITIMAS ENTRE UM AUTO E ONIBUS,1,,,,,1,,,,0,,Longo da via,Chuvoso,Não existe,Perfeito estado,Molhada,Perfeito estado,Não existe,R-6a,"",Única,Faixa seccionada,"",""
8211,2019-09-20T00:00:00,11:22:00,SEM VÍTIMA,FINALIZADA,ENCRUZILHADA,AV NORTE,"",AV JOAO DE BARROS,EM FRENTE A LOJA SUPER G,AV NORTE,"",EM FRENTE A LOJA SUPER G,ENCRUZILHADA,43,"",COLISÃO,SEM VITIMAS,2,,,,,,,,,0,,"","","","","","","","","","","","",""
8212,2019-09-20T00:00:00,11:36:00,SEM VÍTIMA,FINALIZADA,"",RUA SIQUEIRA CAMPOS,240,"","",RUA SIQUEIRA CAMPOS,240,"","",,SUBURBIO,ABALROAMENTO LONGITUDINAL,COLISÃO S/VITIMAS ENTRE DOIS AUTOS,1,,,,,,,1,,0,,Longo da via,Bom,Sem defeito,Perfeito estado,Seca,Perfeito estado,Não existe,Não há placas,"",Única,Não existe,"",""
8213,2019-09-20T00:00:00,12:06:00,SEM VÍTIMA,CANCELADA,AFLITOS,AV CONS ROSA E SILVA,"",RUA ANGUSTURA,EM FRENTE AO CLUBE NAUTICO CAPIBARIBE,AV CONS ROSA E SILVA,"",EM FRENTE AO CLUBE NAUTICO CAPIBARIBE,AFLITOS,,"",COLISÃO,ENTRE AUTO PASSEIO X CAMINHÃO S/V,1,,,,,,1,,,0,,"","","","","","","","","","","","",""
8214,2019-09-20T00:00:00,12:00:00,SEM VÍTIMA,CANCELADA,ROSARINHO,AV SANTOS DUMONT,"","",PADARIA SANTOS DUMONT,AV SANTOS DUMONT,"",PADARIA SANTOS DUMONT,ROSARINHO,,"",COLISÃO,ENTRE DOIS AUTO S/V,2,,,,,,,,,0,,"","","","","","","","","","","","",""
8215,2019-09-20T00:00:00,12:30:00,SEM VÍTIMA,FINALIZADA,AREIAS,AV RECIFE,"","",LADO OPOSTO AO GALETUS,AV RECIFE,"",LADO OPOSTO AO GALETUS,AREIAS,617,CIDADE,ABALROAMENTO LONGITUDINAL,COLISAO ENTRE AUTO E CARRETA S/V,1,,,,,,1,,,0,,Longo da via,Bom,Sem defeito,Perfeito estado,Seca,Perfeito estado,Outros,"","",Dupla,Faixa contínua,Faixa seccionada,Canteiro central
8216,2019-09-20T00:00:00,13:35:00,SEM VÍTIMA,FINALIZADA,GRAÇAS,AV RUI BARBOSA,579,"",SUPERMERCADO EXTRABOM,AV RUI BARBOSA,579,SUPERMERCADO EXTRABOM,GRAÇAS,126,CIDADE,ABALROAMENTO LONGITUDINAL,COLISÃO SEM VITIMA,1,,,,,1,,,,0,,Longo da via,Bom,Sem defeito,Perfeito estado,Seca,Perfeito estado,Faixa de pedestre,Outras,"",Única,Faixa contínua,Faixa seccionada,""
8217,2019-09-20T00:00:00,13:31:00,SEM VÍTIMA,FINALIZADA,ILHA DO LEITE,RUA FRANCISCO ALVES,"",PRC MIGUEL DE CERVANTES,SOB O SEMÁFORO Nº 508,RUA FRANCISCO ALVES,"",SOB O SEMÁFORO Nº 508,ILHA DO LEITE,,"",ABALROAMENTO LONGITUDINAL,COLISAO ENTRE CAMINHAO E AUTO S/V,1,,,,,,1,,,0,,"",Chuvoso,Sem defeito,Perfeito estado,Molhada,Perfeito estado,Faixa de pedestre,Outras,"",Dupla,Faixa contínua,Faixa seccionada,""
8218,2019-09-20T00:00:00,13:44:00,SEM VÍTIMA,FINALIZADA,ESPINHEIRO,RUA ALBERTO PAIVA,"","","",RUA ALBERTO PAIVA,"","",ESPINHEIRO,305,CIDADE,ABALROAMENTO LONGITUDINAL,COLISAO ENTRE CAMINHAO E AUTOS S/V,1,,,,,,1,,,0,,Longo da via,Bom,Sem defeito,Perfeito estado,Seca,Perfeito estado,Agente,Outras,"",Única,Faixa seccionada,"",""
8219,2019-09-20T00:00:00,14:04:00,COM VÍTIMA,FINALIZADA,DOIS UNIDOS,RUA BACHAREL SEVERINO T.G.DO NASCIMENTO,38B,"",ANTES DO TERMINAL DE DOIS UNIDOS NA BEIRA CANAL,RUA BACHAREL SEVERINO T.G.DO NASCIMENTO,38B,ANTES DO TERMINAL DE DOIS UNIDOS NA BEIRA CANAL,DOIS UNIDOS,,CIDADE,ATROPELAMENTO,ONIBUS ATROPELOU UM PEDESTRE,,,,,1,1,,,,1,,Longo da via,Bom,Não existe,Não existente,Seca,Perfeito estado,Não existe,Não há placas,40 km/h,Única,Não existe,"",""
8220,2019-09-20T00:00:00,14:46:00,SEM VÍTIMA,FINALIZADA,SANTO ANTÔNIO,PRC DA REPUBLICA,"","",PALACIO DO GOVERNO,PRC DA REPUBLICA,"",PALACIO DO GOVERNO,SANTO ANTÔNIO,,SUBURBIO,COLISÃO TRASEIRA,ENTRE DOIS AUTO S/V,2,,,,,,,,,0,,Longo da via,Bom,Sem defeito,Perfeito estado,Seca,Perfeito estado,Faixa de pedestre,Outras,"",Única,Faixa contínua,"",""
8221,2019-09-20T00:00:00,15:46:00,SEM VÍTIMA,FINALIZADA,BOA VIAGEM,RUA MINISTRO NELSON HUNGRIA,414,"","",RUA MINISTRO NELSON HUNGRIA,414,"",BOA VIAGEM,,SUBURBIO,COLISÃO TRASEIRA,COLISAO ENTRE CAMINHAO E AUTO S/V,1,,,,,,1,,,0,,Longo da via,Chuvoso,Não existe,Perfeito estado,Molhada,Perfeito estado,Não existe,Não há placas,"",Única,Não existe,"",""
8222,2019-09-20T00:00:00,16:02:00,COM VÍTIMA,FINALIZADA,CAMPO GRANDE,RUA PETRONILA BOTELHO,"",AV PROFESSOR JOSE DOS ANJOS,POR TRAZ DO CAMPO DO ARRUDA,RUA PETRONILA BOTELHO,"",POR TRAZ DO CAMPO DO ARRUDA,CAMPO GRANDE,554,SUBURBIO,ABALROAMENTO LONGITUDINAL,COLISÃO COM VITIMA,,1,,,,,1,,,1,,Cruzamento,Chuvoso,Sem defeito,Perfeito estado,Molhada,Perfeito estado,Faixa de pedestre,R-6a,"",Única,Faixa contínua,"",""
8223,2019-09-20T00:00:00,16:55:00,SEM VÍTIMA,FINALIZADA,IPSEP,RUA CACHOEIRA,334,"","",RUA CACHOEIRA,334,"",IPSEP,,CIDADE,CHOQUE VEÍCULO PARADO,ENTRE AUTO PASSEIO X MOTO S/V,1,1,,,,,,,,0,,Longo da via,Chuvoso,Não existe,Não existente,Molhada,Perfeito estado,Não existe,Placas Pare,"",Dupla,Não existe,"",""
8224,2019-09-20T00:00:00,17:13:00,SEM VÍTIMA,CANCELADA,IMBIRIBEIRA,AV MARECHAL MASCARENHAS DE MORAES,"","",E/F AO AEROPORTO S/T JSUB,AV MARECHAL MASCARENHAS DE MORAES,"",E/F AO AEROPORTO S/T JSUB,IMBIRIBEIRA,,"",COLISÃO,COLISAO ENTRE TAXI E AUTOS S/ V,2,,,,,,,,,0,,"","","","","","","","","","","","",""
8225,2019-09-20T00:00:00,17:17:00,SEM VÍTIMA,FINALIZADA,SANTO ANTÔNIO,RUA DO PEIXOTO,"","",EM FRENTE AO POSTE DE ILUMINAÇÃO PÚBLICA B 019924,RUA DO PEIXOTO,"",EM FRENTE AO POSTE DE ILUMINAÇÃO PÚBLICA B 019924,SANTO ANTÔNIO,,"",ABALROAMENTO LONGITUDINAL,CAMINHÃO X AUTO PASSEIO S/V,1,,,,,,1,,,0,,Longo da via,Chuvoso,Não existe,Não existente,Molhada,Mal iluminada,Não existe,Não há placas,30 km/h,Única,Não existe,"",""
8226,2019-09-20T00:00:00,17:33:00,SEM VÍTIMA,FINALIZADA,AFOGADOS,RUA SAO MIGUEL,116,RUA JOAQUIM DE VASCONCELOS PEREIRA,RUA JOAQUIM DE VE PEREIRA,RUA SAO MIGUEL,116,RUA JOAQUIM DE VE PEREIRA,AFOGADOS,,SUBURBIO,ABALROAMENTO LONGITUDINAL,COLISAO ENTRE CAMINHAO E AUTO S/V,1,,,,,,1,,,0,,Cruzamento,Chuvoso,Não existe,Incompleta,Molhada,Perfeito estado,Não existe,Não há placas,"",Dupla,Faixa contínua,"",""
8227,2019-09-20T00:00:00,18:05:00,COM VÍTIMA,FINALIZADA,BOA VIAGEM,RUA VISCONDE DE JEQUITINHONHA,1140,"",EDF MONTE PILHATUS,RUA VISCONDE DE JEQUITINHONHA,1140,EDF MONTE PILHATUS,BOA VIAGEM,,SUBURBIO,ABALROAMENTO LONGITUDINAL,ENTRE AUTO E MOTO. C/V,1,1,,,,,,,,1,,Longo da via,Chuvoso,Não existe,Perfeito estado,Molhada,Perfeito estado,Não existe,Não há placas,60 km/h,Única,Faixa seccionada,"",""
8228,2019-09-20T00:00:00,18:10:00,SEM VÍTIMA,FINALIZADA,AFOGADOS,RUA DA PAZ,235A,"",SONOFÁCIL,RUA DA PAZ,235A,SONOFÁCIL,AFOGADOS,,SUBURBIO,ABALROAMENTO LONGITUDINAL,ONIBUS X AUTO. S/V,1,,,,,1,,,,0,,Longo da via,Bom,Não existe,Perfeito estado,Seca,Perfeito estado,Não existe,R-6a,"",Única,Faixa contínua,Faixa seccionada,""
8229,2019-09-20T00:00:00,18:20:00,SEM VÍTIMA,FINALIZADA,MADALENA,RUA JOAO IVO DA SILVA,453,"",EM FRENTE AO Nº 453 / EDF QUEBRANGULO,RUA JOAO IVO DA SILVA,453,EM FRENTE AO Nº 453 / EDF QUEBRANGULO,MADALENA,,SUBURBIO,COLISÃO TRASEIRA,ENTRE 3 AUTOS. S/V,3,,,,,,,,,0,,Longo da via,Bom,Não existe,Ilegível,Seca,Mal conservada,Não existe,Não há placas,"",Única,Canal,"",""
8230,2019-09-20T00:00:00,18:38:00,SEM VÍTIMA,FINALIZADA,SANTO AMARO,AV GOVERNADOR AGAMENON MAGALHAES,"","",VIADUTO INDEPENDÊNCIA,AV GOVERNADOR AGAMENON MAGALHAES,"",VIADUTO INDEPENDÊNCIA,SANTO AMARO,,SUBURBIO,COLISÃO TRASEIRA,ENTRE 2 AUTOS. S/V,2,,,,,,,,,0,,Viaduto,Bom,Não existe,Perfeito estado,Seca,Perfeito estado,"",Não há placas,60 km/h,Dupla,Canal,"",""
8231,2019-09-20T00:00:00,20:28:00,SEM VÍTIMA,FINALIZADA,GRAÇAS,AV RUI BARBOSA,48,RUA AMELIA,POSTO SHELL,AV RUI BARBOSA,48,POSTO SHELL,GRAÇAS,48,CIDADE,ABALROAMENTO TRANSVERSAL,ENTRE 2 AUTOS E MOTO ( UM DOS CONDUTORES SE EVADIU DO LOCAL) S/V,1,1,,,,,,,,0,,Cruzamento,Chuvoso,Sem defeito,Perfeito estado,Molhada,Perfeito estado,Faixa de pedestre,Não há placas,60 km/h,Única,Faixa contínua,"",""
8232,2019-09-20T00:00:00,22:18:00,SEM VÍTIMA,FINALIZADA,CORDEIRO,RUA DR MIGUEL VIEIRA FERREIRA,"",EST DO FORTE DO ARRAIAL N. DO B. JESUS,SEMÁFORO 249,RUA DR MIGUEL VIEIRA FERREIRA,"",SEMÁFORO 249,CORDEIRO,249,SUBURBIO,ABALROAMENTO TRANSVERSAL,ENTRE 2 AUTOS. S/V,2,,,,,,,,,0,,Cruzamento,Chuvoso,Sem defeito,Perfeito estado,Molhada,Perfeito estado,Faixa de pedestre,R-6a,"","","","",""
8233,2019-09-20T00:00:00,22:54:00,SEM VÍTIMA,CANCELADA,GRAÇAS,RUA AMELIA,"",AV RUI BARBOSA,E/F AO POSTO BR,RUA AMELIA,"",E/F AO POSTO BR,GRAÇAS,,"",COLISÃO,ENTRE 2 AUTOS. S/V,2,,,,,,,,,0,,"","","","","","","","","","","","",""
8234,2019-09-20T00:00:00,23:30:00,SEM VÍTIMA,FINALIZADA,TORRÕES,RUA DR MIGUEL VIEIRA FERREIRA,370,"","",RUA DR MIGUEL VIEIRA FERREIRA,370,"",TORRÕES,,SUBURBIO,ABALROAMENTO LONGITUDINAL,ENTRE AUTO E MOTO ( CONDUTOR DA MOTO APRESENTA SINAIS DE EMBRIAGUEZ ) S/V,1,1,,,,,,,,0,,Longo da via,Chuvoso,Não existe,Não existente,Molhada,Perfeito estado,Não existe,Não há placas,"",Única,Não existe,"",""
8235,2019-09-20T00:00:00,23:52:00,COM VÍTIMA,FINALIZADA,PRADO,AV ENGENHEIRO ABDIAS DE CARVALHO,"",RUA CARLOS GOMES,AO LADO DO POSTO BR ( E/F A BIG CAR),AV ENGENHEIRO ABDIAS DE CARVALHO,"",AO LADO DO POSTO BR ( E/F A BIG CAR),PRADO,57,"",ABALROAMENTO TRANSVERSAL,AUTO E MOTO,1,1,,,,,,,,1,,Cruzamento,Chuvoso,Sem defeito,Perfeito estado,Molhada,Perfeito estado,Faixa de pedestre,R-6a,60 km/h,Dupla,Canteiro central,"",""
8236,2019-09-21T00:00:00,00:38:00,COM VÍTIMA,CANCELADA,PARNAMIRIM,RUA DR JOSE DE GOES,"","","E/F AO GAIAMUM GIGANTE, NA SUBIDA DO VIADUTO",RUA DR JOSE DE GOES,"","E/F AO GAIAMUM GIGANTE, NA SUBIDA DO VIADUTO",PARNAMIRIM,,"",COLISÃO,COLISAO COM VITIMAS,1,1,,,,,,,,1,,"","","","","","","","","","","","",""
8237,2019-09-21T00:00:00,01:22:00,SEM VÍTIMA,FINALIZADA,PINA,AV CONSELHEIRO AGUIAR,204,AV HERCULANO BANDEIRA,RESTAURANTE CLOCK,AV CONSELHEIRO AGUIAR,204,RESTAURANTE CLOCK,PINA,,SUBURBIO,COLISÃO TRASEIRA,"CONDUTORA CHOCOU-SE CONTRA UM POSTE DE ILUMINAÇÃO PÚBLICA, ENQUANTO TENTAVA FUGIR DA OPERAÇÃO LEI SECA.",2,,,,,,,,,0,,Longo da via,Bom,Sem defeito,Perfeito estado,Seca,Perfeito estado,Não existe,Não há placas,"",Única,Faixa seccionada,"",""
8238,2019-09-21T00:00:00,06:54:00,SEM VÍTIMA,FINALIZADA,SANTO AMARO,AV CRUZ CABUGA,"","",SHOPPING TACARUNA,AV CRUZ CABUGA,"",SHOPPING TACARUNA,SANTO AMARO,,CIDADE,CHOQUE OBJETO FIXO,"",,,,,,,1,,1,0,,Longo da via,Bom,Sem defeito,Perfeito estado,Seca,Perfeito estado,"",R-6a,40 km/h,Dupla,Blocos,"",""
8239,2019-09-21T00:00:00,07:23:00,COM VÍTIMA,FINALIZADA,SANTO AMARO,AV CRUZ CABUGA,"",AV NORTE,"ONIBUS DA EMPRESA CIDADE ALTA DE PLACA PCV2895, NÚMERO DE ORDEM 1169. MERCADO DE SANTO AMARO.",AV CRUZ CABUGA,"","ONIBUS DA EMPRESA CIDADE ALTA DE PLACA PCV2895, NÚMERO DE ORDEM 1169. MERCADO DE SANTO AMARO.",SANTO AMARO,455,CIDADE,CHOQUE OBJETO FIXO,"",,,,,,1,,,,1,,Longo da via,Bom,Sem defeito,Perfeito estado,Seca,Perfeito estado,Faixa de pedestre,"","",Dupla,Faixa contínua,"",""
8240,2019-09-21T00:00:00,08:11:00,SEM VÍTIMA,CANCELADA,BOA VIAGEM,AV DOM JOAO VI,"","",APÓS A SAIDA DO SHOPPING RECIFE,AV DOM JOAO VI,"",APÓS A SAIDA DO SHOPPING RECIFE,BOA VIAGEM,592,CIDADE,COLISÃO,SEM VITIMAS,2,,,,,,,,,0,,"","","","","","","","","","","","",""
8241,2019-09-21T00:00:00,08:32:00,SEM VÍTIMA,FINALIZADA,SÃO JOSÉ,AV SUL,"","",SENTIDO RECIFE ANTIGO - LADO OP. AOS ANTIGOS GALPÕES,AV SUL,"",SENTIDO RECIFE ANTIGO - LADO OP. AOS ANTIGOS GALPÕES,SÃO JOSÉ,76,CIDADE,COLISÃO TRASEIRA,SEM VITIMAS/CTTU NO LOCAL,2,,,,,,,,,0,,Longo da via,Bom,Sem defeito,Perfeito estado,Seca,Perfeito estado,"",Outras,"",Única,Faixa seccionada,Canteiro central,""
8242,2019-09-21T00:00:00,08:37:00,SEM VÍTIMA,FINALIZADA,MADALENA,RUA BENFICA,"","",AO LADO DA DPCA,RUA BENFICA,"",AO LADO DA DPCA,MADALENA,,CIDADE,ABALROAMENTO LONGITUDINAL,ONIBUS E AUTO,1,,,,,1,,,,0,,Longo da via,Bom,Não existe,Incompleta,Seca,Perfeito estado,Não existe,Não há placas,"",Única,Faixa contínua,"",""
8243,2019-09-21T00:00:00,09:13:00,SEM VÍTIMA,FINALIZADA,DERBY,RUA JORNALISTA PAULO BITTENCOURT,168,"",GRUPO MAXIMO EDUCACIONAL,RUA JORNALISTA PAULO BITTENCOURT,168,GRUPO MAXIMO EDUCACIONAL,DERBY,,SUBURBIO,CHOQUE VEÍCULO PARADO,SEM VITIMAS,2,,,,,,,,,0,,Longo da via,Bom,Não existe,Perfeito estado,Seca,Perfeito estado,Não existe,R-6a,30 km/h,Dupla,Faixa seccionada,"",""
8244,2019-09-21T00:00:00,09:32:00,SEM VÍTIMA,FINALIZADA,GRAÇAS,RUA DAS PERNAMBUCANAS,"","",EM FRENTE AO JAYME DA FONTE,RUA DAS PERNAMBUCANAS,"",EM FRENTE AO JAYME DA FONTE,GRAÇAS,,SUBURBIO,COLISÃO TRASEIRA,SEM VITIMAS,2,,,,,,,,,0,,Longo da via,Bom,Não existe,Perfeito estado,Seca,Perfeito estado,Não existe,"","",Dupla,Blocos,"",""
8245,2019-09-21T00:00:00,09:42:00,SEM VÍTIMA,FINALIZADA,ILHA DO LEITE,AV GOVERNADOR AGAMENON MAGALHAES,"","",EM FRENTE AO REAL HOSPITAL PORTUGUÊS,AV GOVERNADOR AGAMENON MAGALHAES,"",EM FRENTE AO REAL HOSPITAL PORTUGUÊS,ILHA DO LEITE,69,"",COLISÃO TRASEIRA,SEM VITIMAS,1,,,,,,1,,,0,,Longo da via,Bom,Sem defeito,Perfeito estado,Seca,Perfeito estado,Faixa de pedestre,"",60 km/h,Dupla,Canal,"",""
8246,2019-09-21T00:00:00,09:48:00,SEM VÍTIMA,FINALIZADA,PINA,RUA CAPITAO REBELINHO,123,"",PONTO DO AÇAI,RUA CAPITAO REBELINHO,123,PONTO DO AÇAI,PINA,,"",ABALROAMENTO LONGITUDINAL,ONIBUS E AUTO,1,,,,,1,,,,0,,Longo da via,Bom,Sem defeito,Perfeito estado,Seca,Perfeito estado,"",Outras,30 km/h,Única,Não existe,"",""
8247,2019-09-21T00:00:00,10:09:00,SEM VÍTIMA,FINALIZADA,PINA,AV HERCULANO BANDEIRA,"","",EM FRENTE AO RECIFE PRAIA HOTEL,AV HERCULANO BANDEIRA,"",EM FRENTE AO RECIFE PRAIA HOTEL,PINA,,CIDADE,ABALROAMENTO LONGITUDINAL,SEM VITIMAS,1,,,,,1,,,,0,,Cruzamento,Bom,Sem defeito,Perfeito estado,Seca,Perfeito estado,Faixa de pedestre,Outras,"",Única,Faixa seccionada,"",""
8248,2019-09-21T00:00:00,10:11:00,COM VÍTIMA,FINALIZADA,IPSEP,RUA JEAN EMILE FAVRE,"","",EM FRENTE AO SUPERMERCADO ARCO MIX,RUA JEAN EMILE FAVRE,"",EM FRENTE AO SUPERMERCADO ARCO MIX,IPSEP,,SUBURBIO,ATROPELAMENTO,MOTO E PEDESTRE,,1,,,1,,,,,2,,Longo da via,Bom,Sem defeito,Perfeito estado,Seca,Perfeito estado,"","","","","","",""
8249,2019-09-21T00:00:00,10:21:00,SEM VÍTIMA,CANCELADA,TEJIPIÓ,AV DR JOSE RUFINO,"","",EM FRENTE AO COLEGIO CASTELO BRANCO,AV DR JOSE RUFINO,"",EM FRENTE AO COLEGIO CASTELO BRANCO,TEJIPIÓ,156,CIDADE,COLISÃO,SEM VITIMAS,2,,,,,,,,,0,,"","","","","","","","","","","","",""
8250,2019-09-21T00:00:00,11:06:00,SEM VÍTIMA,CANCELADA,AFOGADOS,RUA SAO MIGUEL,27,LARGO DA PAZ,EM FRENTE A VIDRAÇARIA SÃO MIGUEL,RUA SAO MIGUEL,27,EM FRENTE A VIDRAÇARIA SÃO MIGUEL,AFOGADOS,,"",COLISÃO,COLISÃO SEM VITIMAS,1,1,,,,,,,,0,,"","","","","","","","","","","","",""
8251,2019-09-21T00:00:00,11:45:00,SEM VÍTIMA,FINALIZADA,COELHOS,TRV DO RAPOSO,536,AV AGOSTINHO GOMES,PONTE JOAQUIM CARDOSO,TRV DO RAPOSO,536,PONTE JOAQUIM CARDOSO,COELHOS,,SUBURBIO,ABALROAMENTO TRANSVERSAL,SEM VITIMAS,2,,,,,,,,,0,,Cruzamento,Bom,Não existe,Incompleta,Seca,Mal conservada,Faixa de retenção,Não há placas,"",Dupla,Faixa seccionada,Blocos,""
8252,2019-09-21T00:00:00,11:58:00,SEM VÍTIMA,FINALIZADA,IMBIRIBEIRA,AV MARECHAL MASCARENHAS DE MORAES,3547,RUA DR TAVARES CORREIA,APÓS O GERALDÃO 50METROS,AV MARECHAL MASCARENHAS DE MORAES,3547,APÓS O GERALDÃO 50METROS,IMBIRIBEIRA,289,AFOGADOS,COLISÃO,SEM VITIMAS,1,,,,,,1,,,0,,"","","","","","","","","","","","",""
8253,2019-09-21T00:00:00,12:42:00,COM VÍTIMA,FINALIZADA,BOA VIAGEM,RUA SA E SOUZA,480,RUA BALTAZAR PASSOS,ESQUINA DA CULTURA INGLESA / PADARIA PAN JOVEM,RUA SA E SOUZA,480,ESQUINA DA CULTURA INGLESA / PADARIA PAN JOVEM,BOA VIAGEM,,"",COLISÃO COM CICLISTA,COLISAO ENTRE AUTO E CICLISTA,1,,,1,,,,,,1,,Cruzamento,Bom,Não existe,Não existente,Seca,Perfeito estado,Não existe,Não há placas,"",Dupla,Faixa seccionada,"",""
8254,2019-09-21T00:00:00,13:14:00,SEM VÍTIMA,CANCELADA,IMBIRIBEIRA,AV MARECHAL MASCARENHAS DE MORAES,"","",EM FRENTE AO POSTO BR,AV MARECHAL MASCARENHAS DE MORAES,"",EM FRENTE AO POSTO BR,IMBIRIBEIRA,289,CIDADE,COLISÃO,COLISÃO S/VITIMAS ENTRE UMA CARRETA E UM AUTO,1,,,,,,1,,,0,,"","","","","","","","","","","","",""
8255,2019-09-21T00:00:00,13:28:00,SEM VÍTIMA,FINALIZADA,BOA VIAGEM,RUA RIBEIRO DE BRITO,1250,RUA AMALIA BERNARDINO DE SOUZA,"LOGO APÓS O HOTEL NACIONAL INN, Nº 1250",RUA RIBEIRO DE BRITO,1250,"LOGO APÓS O HOTEL NACIONAL INN, Nº 1250",BOA VIAGEM,,"",ABALROAMENTO LONGITUDINAL,COLISAO ENTRE DOIS AUTOS S/V,2,,,,,,,,,0,,"",Bom,Não existe,Perfeito estado,Seca,Perfeito estado,"",R-6b,"",Única,Faixa seccionada,"",""
8256,2019-09-21T00:00:00,13:28:00,SEM VÍTIMA,FINALIZADA,IPSEP,RUA PADRE LIMA E SA,"",RUA ADERBAL DE MELO,"",RUA PADRE LIMA E SA,"","",IPSEP,,SUBURBIO,ABALROAMENTO LONGITUDINAL,COLISÃO S/VITIMAS ENTRE DOIS AUTOS,2,,,,,,,,,0,,Cruzamento,Bom,Não existe,Perfeito estado,Seca,Perfeito estado,Não existe,Não há placas,"",Dupla,Não existe,"",""
8257,2019-09-21T00:00:00,13:30:00,SEM VÍTIMA,FINALIZADA,ALTO JOSÉ DO PINHO,RUA HORACIO SILVA,390,"","",RUA HORACIO SILVA,390,"",ALTO JOSÉ DO PINHO,,SUBURBIO,CHOQUE VEÍCULO PARADO,COLISÃO SEM VÍTIMA,2,,,,,,,,,0,,Longo da via,Bom,Não existe,Perfeito estado,Seca,Perfeito estado,"","","",Dupla,"","",""
8258,2019-09-21T00:00:00,13:34:00,SEM VÍTIMA,FINALIZADA,IMBIRIBEIRA,AV MARECHAL MASCARENHAS DE MORAES,3547,"",FRENTE A LAND ROVER,AV MARECHAL MASCARENHAS DE MORAES,3547,FRENTE A LAND ROVER,IMBIRIBEIRA,289,CIDADE,ABALROAMENTO LONGITUDINAL,COLISAO ENTRE AUTO E CAMINHAO,1,,,,,,,,2,0,,Longo da via,Bom,Sem defeito,Perfeito estado,Seca,"",Faixa de pedestre,R-6a,"",Única,Faixa seccionada,Canteiro central,""
8259,2019-09-21T00:00:00,14:49:00,COM VÍTIMA,FINALIZADA,SANTO AMARO,AV CRUZ CABUGA,304,RUA AFONSO COSTA,EM FRENTE A CTTU,AV CRUZ CABUGA,304,EM FRENTE A CTTU,SANTO AMARO,523,SUBURBIO,ABALROAMENTO LONGITUDINAL,COLISÃO C/VITIMAS ENTRE DUAS MOTOS ( A OUTRA MOTO EVADIU-SE DO LOCAL),,2,,,,,,,,2,,Cruzamento,Bom,Sem defeito,Perfeito estado,Seca,Perfeito estado,Faixa de pedestre,Placas Pare,"",Dupla,Faixa contínua,Faixa seccionada,""
8260,2019-09-21T00:00:00,16:35:00,SEM VÍTIMA,CANCELADA,TORRE,RUA JOSE DE HOLANDA,539,"",EM FRENTE A ACADEMIA TREINO E CIA,RUA JOSE DE HOLANDA,539,EM FRENTE A ACADEMIA TREINO E CIA,TORRE,,"",COLISÃO,COLISÃO SEM VÍTIMA,2,,,,,,,,,0,,"","","","","","","","","","","","",""
8261,2019-09-21T00:00:00,16:48:00,COM VÍTIMA,FINALIZADA,SAN MARTIN,RUA APULCRO DE ASSUNCAO,439,RUA MOSSORO,RUA DA ENTRADA DO BPTRAN,RUA APULCRO DE ASSUNCAO,439,RUA DA ENTRADA DO BPTRAN,SAN MARTIN,,ABDIAS DE CARVALHO,ATROPELAMENTO,AUTO E PEDESTRE,1,,,,1,,,,,1,,Longo da via,Bom,Não existe,Não existente,Seca,Perfeito estado,Não existe,Não há placas,30 km/h,Dupla,Não existe,"",""
8262,2019-09-21T00:00:00,17:47:00,COM VÍTIMA,FINALIZADA,SAN MARTIN,RUA VINTE E UM DE ABRIL,631,"",PROX. DA FARMACIA DROGASIL/ JUNTO AO GIRADOURO,RUA VINTE E UM DE ABRIL,631,PROX. DA FARMACIA DROGASIL/ JUNTO AO GIRADOURO,SAN MARTIN,,"",ATROPELAMENTO,MOTO E PEDESTRE,,1,,,1,,,,,1,,Longo da via,Bom,Não existe,"","","",Não existe,"","",Dupla,"","",""
8263,2019-09-21T00:00:00,17:54:00,SEM VÍTIMA,FINALIZADA,BAIRRO DO RECIFE,RUA MARIZ E BARROS,"","",POSTO PETROCAL,RUA MARIZ E BARROS,"",POSTO PETROCAL,BAIRRO DO RECIFE,,SUBURBIO,ABALROAMENTO TRANSVERSAL,"",2,,,,,,,,,0,,Cruzamento,Bom,Não existe,Perfeito estado,Seca,Perfeito estado,Não existe,R-6b,"",Única,Não existe,"",""