_id,DATA,hora,natureza_acidente,situacao,bairro,endereco,numero,detalhe_endereco_acidente,complemento,endereco_cruzamento,numero_cruzamento,referencia_cruzamento,bairro_cruzamento,num_semaforo,sentido_via,tipo,descricao,auto,moto,ciclom,ciclista,pedestre,onibus,caminhao,viatura,outros,vitimas,vitimasfatais,acidente_verificado,tempo_clima,situacao_semaforo,sinalizacao,condicao_via,conservacao_via,ponto_controle,situacao_placa,velocidade_max_via,mao_direcao,divisao_via1,divisao_via2,divisao_via3
8264,2019-09-21T00:00:00,18:26:00,SEM VÍTIMA,CANCELADA,BAIRRO DO RECIFE,AV DANTAS BARRETO,"",RUA DO PEIXOTO,NO CRUZAMENTO MESMO,AV DANTAS BARRETO,"",NO CRUZAMENTO MESMO,BAIRRO DO RECIFE,,"",COLISÃO,COLISAO SEM VITIMAS,1,,,,,1,,,,0,,"","","","","","","","","","","","",""
8265,2019-09-21T00:00:00,18:31:00,SEM VÍTIMA,CANCELADA,ENGENHO DO MEIO,RUA GOVERNADOR LOPO GARRO,"",RUA LINDOLFO COLOR,EM FRENTE AO EDF. PARQUE DOS NOBRES,RUA GOVERNADOR LOPO GARRO,"",EM FRENTE AO EDF. PARQUE DOS NOBRES,ENGENHO DO MEIO,,"",COLISÃO,ENTRE DOIS AUTO S/V,2,,,,,,,,,0,,"","","","","","","","","","","","",""
8266,2019-09-21T00:00:00,20:17:00,SEM VÍTIMA,FINALIZADA,BARRO,RUA JOSE NATARIO,232,"",EM FRENTE AO Nº 232,RUA JOSE NATARIO,232,EM FRENTE AO Nº 232,BARRO,,"",COLISÃO FRONTAL,ENTRE DUAS MOTOS COM VÍTIMAS,,2,,,,,,,,0,,Longo da via,Bom,Não existe,Perfeito estado,Seca,Perfeito estado,Não existe,Outras,"",Dupla,Não existe,"",""
8267,2019-09-21T00:00:00,21:04:00,SEM VÍTIMA,FINALIZADA,SAN MARTIN,RUA JOSE VELOSO,"",RUA APULCRO DE ASSUNCAO,EM FRENTE AO Nº 225 A,RUA JOSE VELOSO,"",EM FRENTE AO Nº 225 A,SAN MARTIN,,CIDADE,ABALROAMENTO TRANSVERSAL,COLISAO COM VITIMAS,1,1,,,,,,,,0,,Cruzamento,Bom,Não existe,Não existente,Seca,Perfeito estado,Não existe,Não há placas,"",Dupla,Não existe,"",""
8268,2019-09-21T00:00:00,21:36:00,SEM VÍTIMA,CANCELADA,VÁRZEA,RUA ABATIA,"","",EM FRENTE A PRAÇA DO CAXITO/ SORVETERIA DA BAIXINHA,RUA ABATIA,"",EM FRENTE A PRAÇA DO CAXITO/ SORVETERIA DA BAIXINHA,VÁRZEA,,"",COLISÃO,ENTRE DOIS AUTO S/V ( MOTORISTA EMBRIAGADO),2,,,,,,,,,0,,"","","","","","","","","","","","",""
8269,2019-09-21T00:00:00,21:55:00,SEM VÍTIMA,FINALIZADA,BOA VIAGEM,RUA ATLANTICO,"","",RESTAURANTE MINGUS,RUA ATLANTICO,"",RESTAURANTE MINGUS,BOA VIAGEM,,SUBURBIO,ABALROAMENTO LONGITUDINAL,AUTO PASSEIO S/V,1,,,,,,,,1,0,,Longo da via,Bom,Não existe,Incompleta,Seca,Perfeito estado,Não existe,Outras,"",Única,Não existe,"",""
8270,2019-09-21T00:00:00,22:01:00,COM VÍTIMA,FINALIZADA,SAN MARTIN,RUA VINTE E UM DE ABRIL,2857,"","",RUA VINTE E UM DE ABRIL,2857,"",SAN MARTIN,,CIDADE,COLISÃO COM CICLISTA,COLISAO ENTRE UMA BICICLETA E UMA MOTO,,1,,1,,,,,,2,,Cruzamento,Bom,Não existe,Perfeito estado,Seca,Perfeito estado,Não existe,Não há placas,"",Dupla,Faixa seccionada,"",""
8271,2019-09-21T00:00:00,23:16:00,COM VÍTIMA,CANCELADA,BOA VIAGEM,RUA DOS NAVEGANTES,2037,"",ESQUINA COM RESTAURANTE ILHA DOS NAVEGANTES,RUA DOS NAVEGANTES,2037,ESQUINA COM RESTAURANTE ILHA DOS NAVEGANTES,BOA VIAGEM,,"",COLISÃO,COLISAO COM VITIMAS,1,1,,,,,,,,1,,"","","","","","","","","","","","",""
8272,2019-09-22T00:00:00,01:31:00,SEM VÍTIMA,FINALIZADA,BOA VIAGEM,AV ENGENHEIRO DOMINGOS FERREIRA,"",RUA ALEXANDRINO MARTINS RODRIGUES,BOMPREÇO,AV ENGENHEIRO DOMINGOS FERREIRA,"",BOMPREÇO,BOA VIAGEM,303,SUBURBIO,ABALROAMENTO TRANSVERSAL,COLISAO COM VITIMAS,2,,,,,,,,,0,,Cruzamento,Bom,Sem defeito,Perfeito estado,Seca,Perfeito estado,Faixa de pedestre,Não há placas,60 km/h,Única,Canteiro central,"",""
8273,2019-09-22T00:00:00,06:32:00,SEM VÍTIMA,FINALIZADA,BOA VIAGEM,AV ARMINDO MOURA,"","",EM FRENTE MANUEL BEIRÃO,AV ARMINDO MOURA,"",EM FRENTE MANUEL BEIRÃO,BOA VIAGEM,,CIDADE,ABALROAMENTO TRANSVERSAL,COLISÃO SEM VITIMAS,1,1,,,,,,,,0,,Longo da via,Bom,Não existe,Perfeito estado,Seca,Perfeito estado,Não existe,R-6a,40 km/h,Dupla,Faixa seccionada,"",""
8274,2019-09-22T00:00:00,08:51:00,COM VÍTIMA,FINALIZADA,ILHA DO LEITE,RUA FRANCISCO ALVES,325,"",EM FRENTE AO EMPRESARIAL MULT MED ILHA CENTER,RUA FRANCISCO ALVES,325,EM FRENTE AO EMPRESARIAL MULT MED ILHA CENTER,ILHA DO LEITE,,CIDADE,COLISÃO TRASEIRA,AUTO E MOTO,1,1,,,,,,,,1,,Longo da via,Bom,Não existe,Incompleta,Seca,Perfeito estado,Não existe,Outras,"",Dupla,Faixa seccionada,"",""
8275,2019-09-22T00:00:00,12:20:00,SEM VÍTIMA,FINALIZADA,CASA AMARELA,AV NORTE,"","",MATERNIDADE PROFESSOR BARROS LIMA,AV NORTE,"",MATERNIDADE PROFESSOR BARROS LIMA,CASA AMARELA,256,CIDADE,COLISÃO TRASEIRA,ENTRE DOIS AUTO S/V,2,,,,,,,,,0,,Longo da via,Bom,"",Perfeito estado,Seca,Perfeito estado,"","",60 km/h,Dupla,Canteiro central,"",""
8276,2019-09-22T00:00:00,13:19:00,SEM VÍTIMA,FINALIZADA,BOA VIAGEM,AV BOA VIAGEM,1292,"","",AV BOA VIAGEM,1292,"",BOA VIAGEM,,SUBURBIO,ABALROAMENTO LONGITUDINAL,COLISÃO SEM VÍTIMA,1,1,,,,,,,,0,,Longo da via,Bom,Não existe,Perfeito estado,Seca,Perfeito estado,Não existe,Não há placas,60 km/h,Única,Faixa seccionada,"",""
8277,2019-09-22T00:00:00,13:59:00,SEM VÍTIMA,FINALIZADA,ILHA DO LEITE,AV GOVERNADOR AGAMENON MAGALHAES,4575,"",EMPRESARIAL NASSAU,AV GOVERNADOR AGAMENON MAGALHAES,4575,EMPRESARIAL NASSAU,ILHA DO LEITE,,"",COLISÃO TRASEIRA,COLISÃO SEM VÍTIMA,1,,,,,1,,,,0,,Longo da via,Bom,Sem defeito,Perfeito estado,Seca,Perfeito estado,Não existe,Outras,60 km/h,Dupla,Faixa seccionada,Canteiro central,""
8278,2019-09-22T00:00:00,15:15:00,SEM VÍTIMA,FINALIZADA,PRADO,AV ENGENHEIRO ABDIAS DE CARVALHO,"",RUA SANTA EDWIRGES,"",AV ENGENHEIRO ABDIAS DE CARVALHO,"","",PRADO,354,CIDADE,ABALROAMENTO TRANSVERSAL,ENTRE DOIS AUTO S/V,2,,,,,,,,,0,,Cruzamento,Bom,Sem defeito,Perfeito estado,Seca,Perfeito estado,Faixa de pedestre,R-6a,"",Dupla,Canteiro central,"",""
8279,2019-09-22T00:00:00,16:14:00,SEM VÍTIMA,FINALIZADA,IMBIRIBEIRA,RUA ITAJAI,"",RUA PAMPULHA,"",RUA ITAJAI,"","",IMBIRIBEIRA,,CIDADE,ABALROAMENTO TRANSVERSAL,COLISÃO SEM VÍTIMA,2,,,,,,,,,0,,Cruzamento,Bom,Não existe,Perfeito estado,Seca,Perfeito estado,Faixa de pedestre,Placas Pare,40 km/h,Dupla,Faixa seccionada,"",""
8280,2019-09-22T00:00:00,17:05:00,SEM VÍTIMA,CANCELADA,ILHA JOANA BEZERRA,AV BEIRA RIO,"","",ACADEMIA DA CIDADE - POLO JOANA BEZERRA,AV BEIRA RIO,"",ACADEMIA DA CIDADE - POLO JOANA BEZERRA,ILHA JOANA BEZERRA,,"",COLISÃO,ENTRE DOIS AUTO S/V,2,,,,,,,,,0,,"","","","","","","","","","","","",""
8281,2019-09-22T00:00:00,17:06:00,SEM VÍTIMA,FINALIZADA,BOA VISTA,RUA JOSE DE ALENCAR,"",RUA BARAO DE SAO BORJA,"",RUA JOSE DE ALENCAR,"","",BOA VISTA,,"",ABALROAMENTO TRANSVERSAL,COLISÃO SEM VÍTIMA,2,,,,,,,,,0,,Cruzamento,Bom,Não existe,Perfeito estado,Seca,Perfeito estado,Não existe,Placas Pare,"",Única,Não existe,"",""
8282,2019-09-22T00:00:00,18:13:00,SEM VÍTIMA,CANCELADA,JARDIM SÃO PAULO,RUA LEANDRO BARRETO,"","",E/F AO POSTO LA ROQUE,RUA LEANDRO BARRETO,"",E/F AO POSTO LA ROQUE,JARDIM SÃO PAULO,,"",COLISÃO,ENTRE DOIS AUTOS S/V,2,,,,,,,,,0,,"","","","","","","","","","","","",""
8283,2019-09-22T00:00:00,18:44:00,COM VÍTIMA,FINALIZADA,JARDIM SÃO PAULO,RUA LORENA,104,RUA BRAGANCA,APÓS O VIADUTO DE JARDIM SÃ0 PAULO,RUA LORENA,104,APÓS O VIADUTO DE JARDIM SÃ0 PAULO,JARDIM SÃO PAULO,,SUBURBIO,ABALROAMENTO TRANSVERSAL,ENTRE 2 MOTOS. C/V,2,,,,,,,,,3,,Cruzamento,Bom,Não existe,Perfeito estado,Seca,Perfeito estado,"",Placas Pare,"",Dupla,Não existe,"",""
8284,2019-09-22T00:00:00,19:46:00,SEM VÍTIMA,FINALIZADA,AFOGADOS,RUA COSME VIANA,"",RUA CORONEL ALFREDO DUARTE,SEMÁFORO 430,RUA COSME VIANA,"",SEMÁFORO 430,AFOGADOS,,"",CHOQUE OBJETO FIXO,CARRETA ACABA SE CHOCANDO CONTRA O SEMÁFORO 430 NA LOCALIDADE,,,,,,,1,,,0,,"","","","","","","","","","","","",""
8285,2019-09-22T00:00:00,20:07:00,SEM VÍTIMA,FINALIZADA,JARDIM SÃO PAULO,RUA NOSSA SENHORA DE FATIMA,"",RUA DR GUSTAVO PINTO,"",RUA NOSSA SENHORA DE FATIMA,"","",JARDIM SÃO PAULO,,"",ABALROAMENTO TRANSVERSAL,ENTRE AUTO E MOTO. S/V,1,1,,,,,,,,0,,Cruzamento,Chuvoso,Não existe,Não existente,Molhada,Mal iluminada,Não existe,Não há placas,"",Única,Não existe,"",""
8286,2019-09-22T00:00:00,21:06:00,SEM VÍTIMA,FINALIZADA,IMBIRIBEIRA,RUA ARQUITETO LUIZ NUNES,217,RUA JULIO VERNE,"",RUA ARQUITETO LUIZ NUNES,217,"",IMBIRIBEIRA,,SUBURBIO,ABALROAMENTO LONGITUDINAL,ENTRE AUTO E MOTO. S/V,1,1,,,,,,,,0,,"",Bom,Não existe,Perfeito estado,Seca,Perfeito estado,Não existe,"",40 km/h,Única,Faixa seccionada,"",""
8287,2019-09-22T00:00:00,22:45:00,SEM VÍTIMA,FINALIZADA,BEBERIBE,AV HILDEBRANDO DE VASCONCELOS,"",RUA URIEL DE HOLANDA,EM FRENTE A ESCOLA DE REFERÊNCIA DE BEBERIBE,AV HILDEBRANDO DE VASCONCELOS,"",EM FRENTE A ESCOLA DE REFERÊNCIA DE BEBERIBE,BEBERIBE,,"",COLISÃO TRASEIRA,ENTRE 2 AUTOS. S/V,2,,,,,,,,,0,,Cruzamento,Chuvoso,Sem defeito,Ilegível,Molhada,Mal iluminada,Faixa de pedestre,Não há placas,"",Dupla,Não existe,"",""
8288,2019-09-23T00:00:00,00:11:00,SEM VÍTIMA,FINALIZADA,ROSARINHO,RUA COUTO MAGALHAES,"",RUA ENGENHEIRO NESTOR MOREIRA REIS,"",RUA COUTO MAGALHAES,"","",ROSARINHO,,"",ABALROAMENTO TRANSVERSAL,COLISAO SEM VITIMAS,2,,,,,,,,,0,,Cruzamento,Bom,Não existe,Incompleta,Seca,Perfeito estado,Faixa de pedestre,Não há placas,"",Única,Não existe,"",""
8289,2019-09-23T00:00:00,05:31:00,SEM VÍTIMA,FINALIZADA,SANTO AMARO,AV CRUZ CABUGA,"",AV NORTE,"",AV CRUZ CABUGA,"","",SANTO AMARO,34,CIDADE,COLISÃO TRASEIRA,"COLISÃO ENTRE DOIS AUTOS, S/V.",2,,,,,,,,,0,,Cruzamento,Bom,Sem defeito,Perfeito estado,Seca,Perfeito estado,Faixa de pedestre,"","",Dupla,Faixa contínua,"",""
8290,2019-09-23T00:00:00,05:40:00,COM VÍTIMA,FINALIZADA,CASA FORTE,AV DEZESSETE DE AGOSTO,"","",E/F AO CPOR E PRAÇA FLOR DE SANTANA.,AV DEZESSETE DE AGOSTO,"",E/F AO CPOR E PRAÇA FLOR DE SANTANA.,CASA FORTE,,CIDADE,CHOQUE VEÍCULO PARADO,ÔNIBUS E AUTO.,1,,,,,1,,,,1,,Longo da via,Chuvoso,Sem defeito,Perfeito estado,Molhada,Perfeito estado,Faixa de pedestre,Outras,"",Dupla,Faixa contínua,"",""
8291,2019-09-23T00:00:00,07:14:00,COM VÍTIMA,FINALIZADA,ENGENHO DO MEIO,AV MUCIO UCHOA CAVALCANTE,415,"",EM FRENTE AO RESIDENCIAL ITALIA,AV MUCIO UCHOA CAVALCANTE,415,EM FRENTE AO RESIDENCIAL ITALIA,ENGENHO DO MEIO,,SUBURBIO,ABALROAMENTO TRANSVERSAL,AUTO E MOTO,1,1,,,,,,,,1,,Longo da via,Bom,Não existe,Perfeito estado,Seca,Perfeito estado,Não existe,Não há placas,"",Dupla,Não existe,"",""
8292,2019-09-23T00:00:00,08:13:00,SEM VÍTIMA,FINALIZADA,BOA VISTA,RUA DOM BOSCO,"",AV GOVERNADOR AGAMENON MAGALHAES,AO LADO DA FARMÁCIA DROGASIL,RUA DOM BOSCO,"",AO LADO DA FARMÁCIA DROGASIL,BOA VISTA,174,SUBURBIO,ABALROAMENTO LONGITUDINAL,COLISÃO S/VITIMAS ENTRE DOIS AUTOS,2,,,,,,,,,0,,Cruzamento,Bom,Sem defeito,Perfeito estado,Seca,Perfeito estado,Agente,Outras,60 km/h,Dupla,Canteiro central,"",""
8293,2019-09-23T00:00:00,08:26:00,SEM VÍTIMA,FINALIZADA,BOA VIAGEM,AV ENGENHEIRO DOMINGOS FERREIRA,"",RUA ARTUR MUNIZ,SUPERMECADO EXTRA,AV ENGENHEIRO DOMINGOS FERREIRA,"",SUPERMECADO EXTRA,BOA VIAGEM,380,SUBURBIO,ABALROAMENTO LONGITUDINAL,COLISÃO DE DOIS CARROS,2,,,,,,,,,0,,Cruzamento,Bom,Sem defeito,Perfeito estado,Seca,Perfeito estado,Faixa de pedestre,Outras,"",Dupla,Canteiro central,"",""
8294,2019-09-23T00:00:00,08:42:00,SEM VÍTIMA,FINALIZADA,CAMPO GRANDE,EST DE BELEM,1651,"",PONTO DE ÔNIBUS Nº 130305,EST DE BELEM,1651,PONTO DE ÔNIBUS Nº 130305,CAMPO GRANDE,,"",COLISÃO TRASEIRA,DOIS AUTOS,2,,,,,,,,,0,,Longo da via,Bom,Não existe,Perfeito estado,Seca,Perfeito estado,Não existe,R-6a,60 km/h,Dupla,Faixa contínua,"",""
8295,2019-09-23T00:00:00,09:13:00,SEM VÍTIMA,FINALIZADA,BOA VIAGEM,AV DOM JOAO VI,1003,"",OFICINA MARTELINHO DE OURO,AV DOM JOAO VI,1003,OFICINA MARTELINHO DE OURO,BOA VIAGEM,580,CIDADE,ABALROAMENTO LONGITUDINAL,COLISÃO S/VITIMAS ENTRE UM AUTO E UM CAMINHÃO,1,,,,,,1,,,0,,Longo da via,Bom,Sem defeito,Perfeito estado,Seca,Perfeito estado,Faixa de pedestre,Não há placas,50 km/h,"",Não existe,"",""
8296,2019-09-23T00:00:00,09:31:00,SEM VÍTIMA,FINALIZADA,SAN MARTIN,AV GENERAL SAN MARTIN,"","",PRÓXIMO A CAVALARIA DA PMPE,AV GENERAL SAN MARTIN,"",PRÓXIMO A CAVALARIA DA PMPE,SAN MARTIN,326,"",ABALROAMENTO LONGITUDINAL,COLISÃO ENTRE UM CAMINHÃO E UM AUTO,1,,,,,,1,,,0,,Longo da via,Bom,Sem defeito,Perfeito estado,Seca,Perfeito estado,Faixa de pedestre,Não há placas,"",Dupla,"","",""
8297,2019-09-23T00:00:00,09:37:00,SEM VÍTIMA,FINALIZADA,BOA VISTA,AV CONDE DA BOA VISTA,785,"",EM FRENTE AO BANCO SANTADER,AV CONDE DA BOA VISTA,785,EM FRENTE AO BANCO SANTADER,BOA VISTA,,CIDADE,COLISÃO TRASEIRA,COLISÃO S/VITIMAS ENTRE DOIS AUTOS,2,,,,,,,,,0,,Longo da via,Bom,"",Perfeito estado,Seca,Perfeito estado,Agente,Placas Pare,40 km/h,Dupla,Faixa seccionada,"",""
8298,2019-09-23T00:00:00,09:49:00,SEM VÍTIMA,FINALIZADA,CAXANGÁ,AV CAXANGA,4617,"",BRT RIACHO DO CABOUCO,AV CAXANGA,4617,BRT RIACHO DO CABOUCO,CAXANGÁ,608,CIDADE,COLISÃO TRASEIRA,COLISÃO SEM VITIMAS,2,,,,,1,,,,0,,Longo da via,Bom,Sem defeito,Perfeito estado,Seca,Perfeito estado,Faixa de pedestre,"","",Única,Faixa contínua,Faixa seccionada,""
8299,2019-09-23T00:00:00,10:09:00,SEM VÍTIMA,FINALIZADA,BOA VISTA,AV JOAO DE BARROS,"","",EM FRENTE AO CONSERVATÓRIO PERNAMBUCANO DE MÚSICAS,AV JOAO DE BARROS,"",EM FRENTE AO CONSERVATÓRIO PERNAMBUCANO DE MÚSICAS,BOA VISTA,,"",COLISÃO TRASEIRA,COLISÃO SEM VITIMAS,1,1,,,,,,,,0,,Longo da via,Bom,Não existe,Perfeito estado,Seca,Perfeito estado,Não existe,Não há placas,"",Única,Faixa seccionada,"",""
8300,2019-09-23T00:00:00,10:58:00,SEM VÍTIMA,FINALIZADA,BOA VISTA,PRC PARQUE AMORIM,"","",EM FRENTE AO WALMART,PRC PARQUE AMORIM,"",EM FRENTE AO WALMART,BOA VISTA,173,SUBURBIO,COLISÃO TRASEIRA,COLISÃO S/VITIMAS ENTRE UM ONIBUS E UM AUTO,1,,,,,1,,,,0,,Longo da via,Bom,Sem defeito,Perfeito estado,Seca,Perfeito estado,Faixa de pedestre,R-6a,"",Única,Faixa seccionada,"",""
8301,2019-09-23T00:00:00,11:14:00,SEM VÍTIMA,FINALIZADA,AREIAS,AV RECIFE,302,"",APOS O WALMART EM FRENTE A ACADEMIA FIT FORMA,AV RECIFE,302,APOS O WALMART EM FRENTE A ACADEMIA FIT FORMA,AREIAS,,"",COLISÃO,COLISÃO SEM VITIMAS,2,,,,,,,,,0,,"","","","","","","","","","","","",""
8302,2019-09-23T00:00:00,11:46:00,SEM VÍTIMA,FINALIZADA,ALTO JOSÉ BONIFÁCIO,1TR ALTO DA SERRINHA,S/N,"",EM FRENTE DO TERMINAL DO ONIBUS ALTO JOSE BONIFÁCIO,1TR ALTO DA SERRINHA,S/N,EM FRENTE DO TERMINAL DO ONIBUS ALTO JOSE BONIFÁCIO,ALTO JOSÉ BONIFÁCIO,,"",COLISÃO,COLISÃO S/VITIMIAS EM UM ONIBUS E UM AUTO,1,,,,,1,,,,0,,"","","","","","","","","","","","",""
8303,2019-09-23T00:00:00,12:23:00,COM VÍTIMA,FINALIZADA,TAMARINEIRA,RUA JUNDIA,"","",AO LADO DA FERREIRA COSTA,RUA JUNDIA,"",AO LADO DA FERREIRA COSTA,TAMARINEIRA,,SUBURBIO,COLISÃO COM CICLISTA,AUTO E BICICLETA.,1,,,1,,,,,,1,,Longo da via,Bom,Não existe,Perfeito estado,Seca,Perfeito estado,Não existe,Placas Pare,30 km/h,Dupla,Não existe,"",""
8304,2019-09-23T00:00:00,12:40:00,SEM VÍTIMA,FINALIZADA,VÁRZEA,RUA ACADEMICO HELIO RAMOS,"","",PROX AO TERMINAL DE CDU,RUA ACADEMICO HELIO RAMOS,"",PROX AO TERMINAL DE CDU,VÁRZEA,,"",COLISÃO,COLISAO ENTRE ONIBUS E AUTO S/V,1,,,,,1,,,,0,,"","","","","","","","","","","","",""
8305,2019-09-23T00:00:00,13:33:00,SEM VÍTIMA,FINALIZADA,BOA VIAGEM,RUA ERNESTO DE PAULA SANTOS,"",RUA AMALIA BERNARDINO DE SOUZA,"",RUA ERNESTO DE PAULA SANTOS,"","",BOA VIAGEM,,"",CHOQUE OBJETO FIXO,VEICULO ASSUSTOU COM A CARRETA E CHOCOU COM O MURO DA FACULDADE,1,,,,,,1,,1,0,,Cruzamento,Bom,Não existe,Perfeito estado,Seca,Perfeito estado,Não existe,Não há placas,"",Única,Faixa seccionada,"",""
8306,2019-09-23T00:00:00,13:51:00,SEM VÍTIMA,FINALIZADA,ARRUDA,RUA ZEFERINO AGRA,554,"",EM FRENTE A IGREJA BATISTA DO ARRUDA,RUA ZEFERINO AGRA,554,EM FRENTE A IGREJA BATISTA DO ARRUDA,ARRUDA,,"",COLISÃO TRASEIRA,SEM VITIMAS,2,,,,,,,,,0,,Longo da via,Bom,Não existe,Perfeito estado,Seca,Perfeito estado,Não existe,Placas Pare,30 km/h,Dupla,Não existe,"",""
8307,2019-09-23T00:00:00,14:23:00,SEM VÍTIMA,FINALIZADA,MANGUEIRA,"",227,"",AO LADO DO Nº 227 / PARQUE DO JIQUIÁ,"",227,AO LADO DO Nº 227 / PARQUE DO JIQUIÁ,MANGUEIRA,,SUBURBIO,ABALROAMENTO LONGITUDINAL,COLISÃO SEM VITIMAS,2,,,,,,,,,0,,Longo da via,Bom,Não existe,Não existente,Seca,"",Não existe,Não há placas,"","",Não existe,"",""
8308,2019-09-23T00:00:00,14:53:00,SEM VÍTIMA,FINALIZADA,NOVA DESCOBERTA,RUA NOVA DESCOBERTA,2071,"","",RUA NOVA DESCOBERTA,2071,"",NOVA DESCOBERTA,,CIDADE,CHOQUE VEÍCULO PARADO,COLISAO ENTRE DOIS ONIBUS,,,,,,2,,,,0,,Longo da via,Bom,Não existe,Perfeito estado,Seca,Perfeito estado,Não existe,"","",Dupla,Faixa seccionada,"",""
8309,2019-09-23T00:00:00,15:14:00,SEM VÍTIMA,FINALIZADA,PINA,AV ENGENHEIRO DOMINGOS FERREIRA,"","",LADO OPOSTO AO EXTRABOM,AV ENGENHEIRO DOMINGOS FERREIRA,"",LADO OPOSTO AO EXTRABOM,PINA,142,SUBURBIO,COLISÃO TRASEIRA,COLISÃO SEM VÍTIMA,2,,,,,,,,,0,,Longo da via,Bom,Sem defeito,Perfeito estado,Seca,Perfeito estado,Faixa de pedestre,R-6a,60 km/h,Dupla,Canteiro central,"",""
8310,2019-09-23T00:00:00,15:17:00,SEM VÍTIMA,FINALIZADA,AFOGADOS,RUA NICOLAU PEREIRA,"",RUA DA PAZ,PRÓXIMO A FÁBRICA ASA,RUA NICOLAU PEREIRA,"",PRÓXIMO A FÁBRICA ASA,AFOGADOS,73,SUBURBIO,ABALROAMENTO LONGITUDINAL,COLISÃO SEM VÍTIMA,1,,,,,1,,,,0,,Longo da via,Bom,Sem defeito,Perfeito estado,Seca,Perfeito estado,Faixa de pedestre,Não há placas,"",Única,"","",""
8311,2019-09-23T00:00:00,15:55:00,SEM VÍTIMA,FINALIZADA,PAISSANDU,AV GOVERNADOR AGAMENON MAGALHAES,"","",EM FRENTE AO HOSPITAL PORTUGUES E AO LADO DO AMBULATORIO MARIA FERNANDA/ SENTIDO ILHA DO LEITE,AV GOVERNADOR AGAMENON MAGALHAES,"",EM FRENTE AO HOSPITAL PORTUGUES E AO LADO DO AMBULATORIO MARIA FERNANDA/ SENTIDO ILHA DO LEITE,PAISSANDU,,"",COLISÃO,COLISÃO SEM VÍTIMA,2,,,,,,,,,0,,"","","","","","","","","","","","",""
8312,2019-09-23T00:00:00,15:58:00,SEM VÍTIMA,FINALIZADA,BARRO,AV DR JOSE RUFINO,1938,"",EM FRENTE AO COLÉGIO IMACULADA DA CONCEIÇÃO,AV DR JOSE RUFINO,1938,EM FRENTE AO COLÉGIO IMACULADA DA CONCEIÇÃO,BARRO,,SUBURBIO,ABALROAMENTO LONGITUDINAL,SEM VITIMAS,1,,,,,,1,,,0,,Longo da via,Bom,Não existe,Perfeito estado,Seca,Perfeito estado,Faixa de pedestre,Outras,"",Dupla,Faixa contínua,"",""
8313,2019-09-23T00:00:00,16:17:00,SEM VÍTIMA,FINALIZADA,DERBY,AV GOVERNADOR AGAMENON MAGALHAES,"",RUA JOAQUIM NABUCO,EM FRENTE A RESTAURAÇÃO,AV GOVERNADOR AGAMENON MAGALHAES,"",EM FRENTE A RESTAURAÇÃO,DERBY,74,"",COLISÃO TRASEIRA,ENGAVETAMENTO SEM VÍTIMA,4,,,,,,,,1,0,,Cruzamento,Bom,Sem defeito,Perfeito estado,Seca,Perfeito estado,Outros,Outras,60 km/h,Dupla,Canteiro central,"",""
8314,2019-09-23T00:00:00,17:39:00,SEM VÍTIMA,FINALIZADA,CASA FORTE,AV DEZESSETE DE AGOSTO,2187,"",FUNDAÇÃO JOAQUIM NABUCO,AV DEZESSETE DE AGOSTO,2187,FUNDAÇÃO JOAQUIM NABUCO,CASA FORTE,646,SUBURBIO,COLISÃO TRASEIRA,COLISAO ENTRE DOIS AUTOS S/V,2,,,,,,,,,0,,Longo da via,Bom,Sem defeito,Perfeito estado,"","",Faixa de retenção,Não há placas,60 km/h,Dupla,Faixa contínua,"",""
8315,2019-09-23T00:00:00,18:43:00,SEM VÍTIMA,FINALIZADA,SANTO AMARO,AV GOVERNADOR AGAMENON MAGALHAES,"","",EM CIMA DO VIADUTO,AV GOVERNADOR AGAMENON MAGALHAES,"",EM CIMA DO VIADUTO,SANTO AMARO,,"",COLISÃO TRASEIRA,COLISAO ENTRE AUTO E MOTO S/V,1,1,,,,,,,,0,,Viaduto,Bom,Não existe,Perfeito estado,Seca,Perfeito estado,Não existe,Não há placas,"",Única,Não existe,"",""
8316,2019-09-23T00:00:00,19:37:00,SEM VÍTIMA,FINALIZADA,BOA VIAGEM,RUA DEZ DE JULHO,210,RUA CAMBOIM,"",RUA DEZ DE JULHO,210,"",BOA VIAGEM,,SUBURBIO,ABALROAMENTO TRANSVERSAL,ENTRE DOIS AUTO S/V,2,,,,,,,,,0,,Longo da via,Bom,Não existe,Perfeito estado,Seca,Perfeito estado,Não existe,Não há placas,"",Única,Faixa seccionada,"",""
8317,2019-09-23T00:00:00,21:09:00,COM VÍTIMA,FINALIZADA,ESPINHEIRO,RUA AMELIA,280,RUA DO ESPINHEIRO,E/F A GALERIA,RUA AMELIA,280,E/F A GALERIA,ESPINHEIRO,195,CIDADE,ABALROAMENTO LONGITUDINAL,COLIAO ENTRE MOTO E AUTO COM UMA VITIMA,1,1,,,,,,,,1,,Cruzamento,Bom,Sem defeito,Perfeito estado,Seca,Perfeito estado,Faixa de pedestre,R-6a,"",Única,Faixa seccionada,"",""
8318,2019-09-23T00:00:00,21:16:00,SEM VÍTIMA,FINALIZADA,BOA VIAGEM,RUA JONATHAS DE VASCONCELOS,316,"",EM FRENTE A UNINASSAU,RUA JONATHAS DE VASCONCELOS,316,EM FRENTE A UNINASSAU,BOA VIAGEM,,SUBURBIO,ABALROAMENTO TRANSVERSAL,ENTRE DOIS AUTOS S/V,2,,,,,,,,,0,,Longo da via,Bom,Não existe,Não existente,Seca,Perfeito estado,Não existe,Não há placas,"",Dupla,Não existe,"",""