_id,DATA,hora,natureza_acidente,situacao,bairro,endereco,numero,detalhe_endereco_acidente,complemento,endereco_cruzamento,numero_cruzamento,referencia_cruzamento,bairro_cruzamento,num_semaforo,sentido_via,tipo,descricao,auto,moto,ciclom,ciclista,pedestre,onibus,caminhao,viatura,outros,vitimas,vitimasfatais,acidente_verificado,tempo_clima,situacao_semaforo,sinalizacao,condicao_via,conservacao_via,ponto_controle,situacao_placa,velocidade_max_via,mao_direcao,divisao_via1,divisao_via2,divisao_via3
8319,2019-09-23T00:00:00,22:54:00,SEM VÍTIMA,FINALIZADA,CAJUEIRO,RUA SEBASTIAO REGO BARROS,135,RUA ADOLFO SIMOES BARBOSA,"",RUA SEBASTIAO REGO BARROS,135,"",CAJUEIRO,,SUBURBIO,CHOQUE VEÍCULO PARADO,ENTRE DOIS AUTOS S/V,2,,,,,,,,,0,,Longo da via,Bom,Não existe,Não existente,Seca,Perfeito estado,Não existe,Não há placas,"",Dupla,Não existe,"",""
8320,2019-09-24T00:00:00,07:30:00,COM VÍTIMA,FINALIZADA,IMBIRIBEIRA,RUA BARAO DE AGUA BRANCA,160,RUA DUQUE ESTRADA,EM FRENTE A POUSADA SOL E MAR,RUA BARAO DE AGUA BRANCA,160,EM FRENTE A POUSADA SOL E MAR,IMBIRIBEIRA,,SUBURBIO,ABALROAMENTO TRANSVERSAL,AUTO E MOTO,1,1,,,,,,,,1,,Cruzamento,Bom,Não existe,Incompleta,Seca,Perfeito estado,Não existe,Placas Pare,30 km/h,Dupla,Não existe,"",""
8321,2019-09-24T00:00:00,07:51:00,SEM VÍTIMA,FINALIZADA,MADALENA,RUA BENFICA,92,"",LADO OPOSTO À PRAÇA DA BANDEIRA,RUA BENFICA,92,LADO OPOSTO À PRAÇA DA BANDEIRA,MADALENA,,SUBURBIO,ABALROAMENTO LONGITUDINAL,"",2,,,,,,,,,0,,Longo da via,Bom,Não existe,Perfeito estado,Seca,Perfeito estado,Não existe,Não há placas,40 km/h,Única,Não existe,"",""
8322,2019-09-24T00:00:00,07:52:00,SEM VÍTIMA,FINALIZADA,VÁRZEA,AV AFONSO OLINDENSE,1050,"",AO LADO DA MONTE CARLOS,AV AFONSO OLINDENSE,1050,AO LADO DA MONTE CARLOS,VÁRZEA,,SUBURBIO,COLISÃO TRASEIRA,COLISÃO SEM VITIMAS,3,,,,,,,,,0,,Longo da via,Bom,Não existe,Perfeito estado,Seca,Perfeito estado,"",Não há placas,40 km/h,Dupla,Faixa contínua,"",""
8323,2019-09-24T00:00:00,08:21:00,COM VÍTIMA,FINALIZADA,ILHA JOANA BEZERRA,VDO PAPA JOAO PAULO II,"","",SOBRE O VIADUTO JOANA BEZERRA,VDO PAPA JOAO PAULO II,"",SOBRE O VIADUTO JOANA BEZERRA,ILHA JOANA BEZERRA,,SUBURBIO,TOMBAMENTO,A MOTOCICLETA FOI ATINGIDA PELA CARGA QUE ESTAVA NO OUTRO VEÍCULO,,1,,,,,,,,1,,Viaduto,Bom,Não existe,Perfeito estado,Seca,Perfeito estado,Não existe,Não há placas,"",Dupla,Faixa seccionada,"",""
8324,2019-09-24T00:00:00,08:22:00,SEM VÍTIMA,FINALIZADA,ARRUDA,AV BEBERIBE,"","",BOMPREÇO,AV BEBERIBE,"",BOMPREÇO,ARRUDA,,SUBURBIO,ABALROAMENTO TRANSVERSAL,SEM VITIMAS,1,1,,,,,,,,0,,Longo da via,Bom,Não existe,Perfeito estado,Seca,Perfeito estado,Não existe,Outras,60 km/h,Dupla,Faixa contínua,"",""
8325,2019-09-24T00:00:00,08:28:00,SEM VÍTIMA,CANCELADA,BOA VIAGEM,RUA MINISTRO NELSON HUNGRIA,334,"",EM FRENTE A HOSPEDARIA GEBEL,RUA MINISTRO NELSON HUNGRIA,334,EM FRENTE A HOSPEDARIA GEBEL,BOA VIAGEM,,"",COLISÃO,COLISÃO S/VITIMAS ENTRE DOIS AUTOS,2,,,,,,,,,0,,"","","","","","","","","","","","",""
8326,2019-09-24T00:00:00,08:32:00,SEM VÍTIMA,FINALIZADA,ILHA DO RETIRO,RUA JOAO ELISIO RAMOS,24,"",AO LADO DO ESTADIO ADELMAR DA COSTA CARVALHO ( ILHA DO RETIRO),RUA JOAO ELISIO RAMOS,24,AO LADO DO ESTADIO ADELMAR DA COSTA CARVALHO ( ILHA DO RETIRO),ILHA DO RETIRO,,"",COLISÃO,COLISÃO S/VITIMA ENTRE DOIS AUTOS,2,,,,,,,,,0,,"","","","","","","","","","","","",""
8327,2019-09-24T00:00:00,09:25:00,SEM VÍTIMA,FINALIZADA,BOA VIAGEM,AV BOA VIAGEM,4558,"",EDF MARIA LEOPOLDINA,AV BOA VIAGEM,4558,EDF MARIA LEOPOLDINA,BOA VIAGEM,,CIDADE,ABALROAMENTO LONGITUDINAL,COLISÃO SEM VITIMAS,2,,,,,,,,,0,,Longo da via,Bom,Não existe,Perfeito estado,Seca,Perfeito estado,Não existe,Não há placas,60 km/h,Única,Faixa contínua,"",""
8328,2019-09-24T00:00:00,09:29:00,SEM VÍTIMA,FINALIZADA,IMBIRIBEIRA,AV MARECHAL MASCARENHAS DE MORAES,"","",EM FRENTE A USF CAFESÓPOLIS,AV MARECHAL MASCARENHAS DE MORAES,"",EM FRENTE A USF CAFESÓPOLIS,IMBIRIBEIRA,288,CIDADE,COLISÃO TRASEIRA,COLISÃO S/VITIMA ENTRE UMA AMBULANCIA E UM AUTO,1,,,,,1,,,1,0,,Longo da via,Bom,Sem defeito,Perfeito estado,Seca,Perfeito estado,Faixa de pedestre,R-6a,"",Dupla,Canteiro central,"",""
8329,2019-09-24T00:00:00,09:44:00,SEM VÍTIMA,FINALIZADA,MADALENA,RUA SPORT CLUBE DO RECIFE,"","",EM FRENTE AO Nº 98,RUA SPORT CLUBE DO RECIFE,"",EM FRENTE AO Nº 98,MADALENA,,SUBURBIO,ABALROAMENTO LONGITUDINAL,"",1,1,,,,,,,,0,,Longo da via,Bom,Sem defeito,"",Seca,Perfeito estado,Agente,Não há placas,40 km/h,Dupla,Canteiro central,"",""
8330,2019-09-24T00:00:00,10:18:00,SEM VÍTIMA,CANCELADA,BOA VIAGEM,RUA PEDRO BERGAMO,278,AV ENGENHEIRO DOMINGOS FERREIRA,RUA DA IMOBILIARIA MORADA SOL,RUA PEDRO BERGAMO,278,RUA DA IMOBILIARIA MORADA SOL,BOA VIAGEM,,"",COLISÃO,SEM VITIMAS,2,,,,,,,,,0,,"","","","","","","","","","","","",""
8331,2019-09-24T00:00:00,10:47:00,SEM VÍTIMA,FINALIZADA,AREIAS,AV DR JOSE RUFINO,"","",EM FRENTE AO POSTO DE GASOLINA SHELL,AV DR JOSE RUFINO,"",EM FRENTE AO POSTO DE GASOLINA SHELL,AREIAS,44,SUBURBIO,COLISÃO TRASEIRA,COLISÃO SEM VITIMAS,,1,,,,,,,2,0,,Longo da via,Bom,Sem defeito,Perfeito estado,Seca,Perfeito estado,Faixa de retenção,Não há placas,"",Dupla,Faixa contínua,"",""
8332,2019-09-24T00:00:00,11:06:00,SEM VÍTIMA,FINALIZADA,FUNDÃO,AV BEBERIBE,"",RUA CORONEL URBANO RIBEIRO DE SENA,"",AV BEBERIBE,"","",FUNDÃO,307,CIDADE,COLISÃO FRONTAL,COLISÃO SEM VITIMAS,1,1,,,,,,,,0,,Cruzamento,Bom,Sem defeito,Perfeito estado,Seca,Perfeito estado,Faixa de pedestre,Outras,"",Dupla,Faixa seccionada,"",""
8333,2019-09-24T00:00:00,11:30:00,COM VÍTIMA,FINALIZADA,PINA,AVENIDA CELSO FURTADO (VIA MANGUE),"","",SOBRE A PONTE ESTAIADA,AVENIDA CELSO FURTADO (VIA MANGUE),"",SOBRE A PONTE ESTAIADA,PINA,,SUBURBIO,ABALROAMENTO LONGITUDINAL,AUTO E MOTO,1,1,,,,,,,,1,,Ponte,Bom,Não existe,Perfeito estado,Seca,Perfeito estado,Não existe,Não há placas,"",Única,Faixa seccionada,"",""
8334,2019-09-24T00:00:00,11:39:00,SEM VÍTIMA,FINALIZADA,AREIAS,RUA IPOJUCA,632,RUA RIO SOLIMOES,"",RUA IPOJUCA,632,"",AREIAS,,CIDADE,COLISÃO TRASEIRA,SEM VITIMAS,2,,,,,1,,,,0,,Longo da via,Bom,Não existe,Perfeito estado,Seca,Perfeito estado,Não existe,Outras,"",Dupla,Não existe,"",""
8335,2019-09-24T00:00:00,11:51:00,SEM VÍTIMA,FINALIZADA,ENCRUZILHADA,AV BEBERIBE,"",RUA PROFESSOR OTAVIO DE FREITAS,"",AV BEBERIBE,"","",ENCRUZILHADA,,SUBURBIO,ABALROAMENTO TRANSVERSAL,COLISÃO SEM VITIMAS,2,,,,,,,,,0,,Cruzamento,Bom,Não existe,Perfeito estado,Seca,Perfeito estado,Não existe,Não há placas,60 km/h,Dupla,Faixa seccionada,"",""
8336,2019-09-24T00:00:00,12:02:00,SEM VÍTIMA,FINALIZADA,ESPINHEIRO,RUA DR BANDEIRA FILHO,"",AV GOVERNADOR AGAMENON MAGALHAES,SOBRE A PONTE,RUA DR BANDEIRA FILHO,"",SOBRE A PONTE,ESPINHEIRO,173,SUBURBIO,COLISÃO TRASEIRA,COLISAO ENTRE DOIS AUTOS S/V,2,,,,,,,,,0,,Ponte,Bom,Sem defeito,Perfeito estado,Seca,Perfeito estado,Agente,Outras,"",Única,Faixa seccionada,"",""
8337,2019-09-24T00:00:00,12:25:00,SEM VÍTIMA,FINALIZADA,BOA VIAGEM,RUA BARAO DE SOUZA LEAO,577,"","",RUA BARAO DE SOUZA LEAO,577,"",BOA VIAGEM,,CIDADE,ABALROAMENTO LONGITUDINAL,COLISÃO SEM VITIMAS,1,,,,,1,,,,0,,Longo da via,Bom,Não existe,Perfeito estado,Seca,Perfeito estado,Não existe,Outras,"",Única,Faixa seccionada,"",""
8338,2019-09-24T00:00:00,13:36:00,SEM VÍTIMA,FINALIZADA,ESPINHEIRO,RUA BARAO DE ITAMARACA,293,"",EM FRENTE AO INSTITUTO DE GESTÃO - INTG,RUA BARAO DE ITAMARACA,293,EM FRENTE AO INSTITUTO DE GESTÃO - INTG,ESPINHEIRO,,"",COLISÃO,COLISÃO SEM VÍTIMA,2,,,,,,,,,0,,"","","","","","","","","","","","",""
8339,2019-09-24T00:00:00,13:46:00,SEM VÍTIMA,FINALIZADA,ILHA DO LEITE,RUA FRANCISCO ALVES,28,AV FREI MATIAS TEVES,NEW ÓTICA,RUA FRANCISCO ALVES,28,NEW ÓTICA,ILHA DO LEITE,,SUBURBIO,ABALROAMENTO LONGITUDINAL,COLISÃO SEM VITIMAS,1,,,,,1,,,,0,,Cruzamento,Bom,Não existe,Perfeito estado,Seca,Perfeito estado,Faixa de pedestre,Placas Pare,"",Única,Faixa contínua,"",""
8340,2019-09-24T00:00:00,14:14:00,SEM VÍTIMA,FINALIZADA,VÁRZEA,RUA MARECHAL MANOEL LUIS OSORIO,447,RUA PROFESSOR ANTONIO COELHO,"",RUA MARECHAL MANOEL LUIS OSORIO,447,"",VÁRZEA,,SUBURBIO,ABALROAMENTO TRANSVERSAL,COLISÃO SEM VITIMAS,2,,,,,,,,,0,,Cruzamento,Bom,Não existe,Perfeito estado,Seca,Perfeito estado,Faixa de pedestre,R-1,"",Dupla,Faixa contínua,"",""
8341,2019-09-24T00:00:00,14:39:00,SEM VÍTIMA,FINALIZADA,BOA VIAGEM,RUA PADRE CARAPUCEIRO,"",RUA DOS NAVEGANTES,"",RUA PADRE CARAPUCEIRO,"","",BOA VIAGEM,,SUBURBIO,COLISÃO TRASEIRA,COLISÃO SEM VÍTIMA,2,,,,,,,,,0,,Longo da via,Bom,Sem defeito,Perfeito estado,Seca,Perfeito estado,Não existe,Não há placas,"",Única,Faixa seccionada,"",""
8342,2019-09-24T00:00:00,14:53:00,SEM VÍTIMA,FINALIZADA,ESTÂNCIA,RUA HAVAI,49,"","",RUA HAVAI,49,"",ESTÂNCIA,,CIDADE,COLISÃO FRONTAL,COLISAO ENTRE TAXI E MOTO S/V,1,1,,,,,,,,0,,Longo da via,Bom,Não existe,Não existente,Seca,Perfeito estado,Não existe,Não há placas,"",Dupla,Não existe,"",""
8343,2019-09-24T00:00:00,15:15:00,SEM VÍTIMA,FINALIZADA,SANTO AMARO,AV NORTE,"","","",AV NORTE,"","",SANTO AMARO,397,SUBURBIO,COLISÃO TRASEIRA,COLISÃO SEM VÍTIMA,2,,,,,,,,,0,,Longo da via,Bom,Sem defeito,Perfeito estado,Seca,Perfeito estado,Faixa de pedestre,Não há placas,60 km/h,"",Faixa seccionada,"",""
8344,2019-09-24T00:00:00,15:21:00,COM VÍTIMA,FINALIZADA,VÁRZEA,RUA MARECHAL MANOEL LUIS OSORIO,85,"",E/F AO HAPVIDA CAXANGÁ,RUA MARECHAL MANOEL LUIS OSORIO,85,E/F AO HAPVIDA CAXANGÁ,VÁRZEA,,SUBURBIO,ABALROAMENTO TRANSVERSAL,COLISAO ENTRE DOIS AUTOS E UMA MOTO COM UMA VITIMA,2,1,,,,,,,,1,,Longo da via,Bom,Não existe,Perfeito estado,Seca,Perfeito estado,Não existe,R-6a,"",Dupla,Não existe,"",""
8345,2019-09-24T00:00:00,15:29:00,SEM VÍTIMA,FINALIZADA,DERBY,AV MONTEVIDEU,172,"",EM FRENTE AO Nº 172,AV MONTEVIDEU,172,EM FRENTE AO Nº 172,DERBY,,CIDADE,COLISÃO TRASEIRA,COLISÃO SEM VITIMAS,1,1,,,,,,,,0,,Longo da via,Bom,Não existe,Perfeito estado,Seca,Perfeito estado,Não existe,Outras,"",Única,Faixa seccionada,"",""
8346,2019-09-24T00:00:00,23:26:00,SEM VÍTIMA,FINALIZADA,BOA VISTA,PRC PARQUE AMORIM,34,"",SUPERMERCADO WALMART,PRC PARQUE AMORIM,34,SUPERMERCADO WALMART,BOA VISTA,173,SUBURBIO,ABALROAMENTO LONGITUDINAL,DOIS AUTOS SEM VÍTIMAS,2,,,,,,,,,0,,Longo da via,Bom,Sem defeito,Não existente,Seca,Perfeito estado,Faixa de pedestre,Não há placas,"",Única,Não existe,"",""
8347,2019-09-24T00:00:00,15:47:00,SEM VÍTIMA,FINALIZADA,CABANGA,AV SUL,"","",RUA ITABIRA / EM FRENTE AO PREDIO NEXEL,AV SUL,"",RUA ITABIRA / EM FRENTE AO PREDIO NEXEL,CABANGA,,CIDADE,ABALROAMENTO LONGITUDINAL,COLISÃO SEM VITIMAS,2,,,,,,,,,0,,Longo da via,Bom,Sem defeito,Perfeito estado,Seca,Perfeito estado,Não existe,Não há placas,"",Dupla,Canteiro central,"",""
8348,2019-09-24T00:00:00,15:50:00,COM VÍTIMA,FINALIZADA,CABANGA,AV SUL,209,RUA ITAPIRA,EM FRENTE A EMPRESA PORTELA,AV SUL,209,EM FRENTE A EMPRESA PORTELA,CABANGA,,CIDADE,COLISÃO TRASEIRA,AUTO E MOTO,1,1,,,,,,,,1,,Longo da via,Bom,Sem defeito,Perfeito estado,Seca,Perfeito estado,Não existe,Não há placas,"",Única,Faixa seccionada,"",""
8349,2019-09-24T00:00:00,16:10:00,SEM VÍTIMA,FINALIZADA,SANTO AMARO,AV CRUZ CABUGA,"","","EM FRENTE AO TACARUNA, JUNTO DO MUDO CLUB CISNES",AV CRUZ CABUGA,"","EM FRENTE AO TACARUNA, JUNTO DO MUDO CLUB CISNES",SANTO AMARO,,"",COLISÃO,COLISÃO SEM VITIMAS,1,,,,,,,,1,0,,"","","","","","","","","","","","",""
8350,2019-09-24T00:00:00,17:32:00,SEM VÍTIMA,FINALIZADA,AREIAS,AV DR JOSE RUFINO,1301,"",SUPERMERCADO ARCO MIX,AV DR JOSE RUFINO,1301,SUPERMERCADO ARCO MIX,AREIAS,,CIDADE,ABALROAMENTO LONGITUDINAL,COLISÃO SEM VITIMAS,1,,,,,1,,,,0,,Longo da via,Bom,Não existe,Perfeito estado,Seca,Perfeito estado,Não existe,Outras,"",Dupla,Faixa contínua,"",""
8351,2019-09-24T00:00:00,17:57:00,SEM VÍTIMA,FINALIZADA,MUSTARDINHA,RUA VINTE E UM DE ABRIL,929,AV MANOEL GONCALVES DA LUZ,"",RUA VINTE E UM DE ABRIL,929,"",MUSTARDINHA,245,SUBURBIO,ABALROAMENTO LONGITUDINAL,COLISAO ENTRE ONIBUS E AUTO S/V,1,,,,,1,,,,0,,Cruzamento,Bom,Sem defeito,Incompleta,Seca,Perfeito estado,Não existe,R-6a,30 km/h,Dupla,Faixa contínua,"",""
8352,2019-09-24T00:00:00,18:24:00,SEM VÍTIMA,FINALIZADA,ESTÂNCIA,AV RECIFE,"","",EM FRENTE AO Nº 272,AV RECIFE,"",EM FRENTE AO Nº 272,ESTÂNCIA,,SUBURBIO,ABALROAMENTO LONGITUDINAL,COLISAO SEM VITIMAS,1,,,,,,1,,,0,,Longo da via,Bom,Não existe,Perfeito estado,Seca,Perfeito estado,Não existe,Não há placas,"",Dupla,Faixa seccionada,"",""
8353,2019-09-24T00:00:00,18:25:00,SEM VÍTIMA,FINALIZADA,PINA,AV ANTONIO DE GOES,"",AV CONSELHEIRO AGUIAR,EM FRENTE A CASA DA BATERIA,AV ANTONIO DE GOES,"",EM FRENTE A CASA DA BATERIA,PINA,226,CIDADE,ABALROAMENTO LONGITUDINAL,ONIBUS X AUTO PASSEIO S/V,1,,,,,1,,,,0,,"",Bom,Sem defeito,Perfeito estado,Seca,Perfeito estado,Faixa de pedestre,"","","","","",""
8354,2019-09-24T00:00:00,18:35:00,COM VÍTIMA,FINALIZADA,SANTO AMARO,AV GOVERNADOR AGAMENON MAGALHAES,"",RUA ODORICO MENDES,E/F A CENTRAL DE FLAGRANTES,AV GOVERNADOR AGAMENON MAGALHAES,"",E/F A CENTRAL DE FLAGRANTES,SANTO AMARO,49,"",COLISÃO COM CICLISTA,AUTO E BICICLETA,1,,,1,,,,,,1,,Cruzamento,Bom,Sem defeito,Perfeito estado,Seca,Perfeito estado,Faixa de retenção,Outras,60 km/h,Única,Faixa seccionada,"",""
8355,2019-09-24T00:00:00,18:49:00,SEM VÍTIMA,FINALIZADA,CORDEIRO,AV INACIO MONTEIRO,"",RUA CONS SILVEIRA DE SOUZA,"",AV INACIO MONTEIRO,"","",CORDEIRO,,SUBURBIO,ABALROAMENTO TRANSVERSAL,COLISAO SEM VITIMAS,2,,,,,,,,,0,,Cruzamento,Bom,Não existe,Perfeito estado,Seca,Perfeito estado,Outros,Não há placas,"",Dupla,Faixa contínua,"",""
8356,2019-09-24T00:00:00,20:30:00,COM VÍTIMA,FINALIZADA,BOA VIAGEM,RUA ERNESTO DE PAULA SANTOS,"",RUA AMALIA BERNARDINO DE SOUZA,EM FRENTE AO POSTO BR,RUA ERNESTO DE PAULA SANTOS,"",EM FRENTE AO POSTO BR,BOA VIAGEM,,SUBURBIO,ABALROAMENTO TRANSVERSAL,ENTRE DUAS MOTOS COM VÍTIMA,,2,,,,,,,,2,,Cruzamento,Bom,Não existe,Incompleta,Seca,Perfeito estado,Não existe,R-6a,"",Única,Faixa seccionada,"",""
8357,2019-09-24T00:00:00,21:33:00,SEM VÍTIMA,FINALIZADA,CASA AMARELA,AV NORTE,7148,"","",AV NORTE,7148,"",CASA AMARELA,424,CIDADE,CHOQUE OBJETO FIXO,AUTO PASSEIO X SEMÁFORO,1,,,,,,,,,0,,Longo da via,Bom,Sem defeito,Perfeito estado,Seca,Perfeito estado,Faixa de pedestre,Outras,"",Dupla,Faixa seccionada,Canteiro central,""
8358,2019-09-24T00:00:00,21:43:00,SEM VÍTIMA,FINALIZADA,AREIAS,RUA JOSE NATARIO,"","",SOB O PONTILHÃO DO METRÔ,RUA JOSE NATARIO,"",SOB O PONTILHÃO DO METRÔ,AREIAS,,SUBURBIO,CHOQUE VEÍCULO PARADO,COLISAO SEM VITIMAS,2,,,,,,,,,0,,Longo da via,Bom,Não existe,Perfeito estado,Seca,Mal iluminada,Não existe,Não há placas,40 km/h,Dupla,Não existe,"",""
8359,2019-09-24T00:00:00,23:53:00,SEM VÍTIMA,FINALIZADA,AREIAS,AV DR JOSE RUFINO,"","","",AV DR JOSE RUFINO,"","",AREIAS,44,SUBURBIO,COLISÃO TRASEIRA,ENTRE DOIS AUTO S/V,2,,,,,,,,,0,,Longo da via,Bom,Sem defeito,Perfeito estado,Seca,Perfeito estado,Faixa de pedestre,Outras,"",Dupla,Faixa contínua,Faixa seccionada,""
8360,2019-09-25T00:00:00,06:45:00,SEM VÍTIMA,FINALIZADA,IMBIRIBEIRA,AV MARECHAL MASCARENHAS DE MORAES,4651,RUA CAPITAO JOAO PONTES,JUSTIÇA DO TRABALHO,AV MARECHAL MASCARENHAS DE MORAES,4651,JUSTIÇA DO TRABALHO,IMBIRIBEIRA,471,"",COLISÃO TRASEIRA,SEM VITIMAS,3,,,,,,,,,0,,Cruzamento,Bom,Sem defeito,Perfeito estado,Seca,Perfeito estado,Faixa de pedestre,Não há placas,60 km/h,Dupla,Canteiro central,"",""
8361,2019-09-25T00:00:00,07:10:00,SEM VÍTIMA,CANCELADA,CAXANGÁ,AV CAXANGA,"","",AO LADO DA UPA DA CAXANGA,AV CAXANGA,"",AO LADO DA UPA DA CAXANGA,CAXANGÁ,,CIDADE,COLISÃO,COLISÃO SEM VITIMAS,,1,,,,1,,,,0,,"","","","","","","","","","","","",""
8362,2019-09-25T00:00:00,07:46:00,COM VÍTIMA,DUPLICIDADE,MACAXEIRA,AV NORTE,"","","",AV NORTE,"","",MACAXEIRA,,"",ENGAVETAMENTO,"",4,,,,,,,,,1,,"","","","","","","","","","","","",""
8363,2019-09-25T00:00:00,08:47:00,COM VÍTIMA,FINALIZADA,BOA VISTA,RUA DO HOSPICIO,"",AV MARIO MELO,EM FRENTE AO IEP,RUA DO HOSPICIO,"",EM FRENTE AO IEP,BOA VISTA,171,CIDADE,ATROPELAMENTO,ATROPELAMENTO COM UMA VITIMA.,1,,,,1,,,,,1,,Cruzamento,Bom,Sem defeito,Perfeito estado,Seca,Perfeito estado,Não existe,Outras,"",Dupla,Faixa contínua,"",""
8364,2019-09-25T00:00:00,08:57:00,COM VÍTIMA,FINALIZADA,MACAXEIRA,AV NORTE,"","",PROX AORESTAURANTE BOI NORTE GRILL. LADO OPOSTO A ACADEMIA DA CIDADE.,AV NORTE,"",PROX AORESTAURANTE BOI NORTE GRILL. LADO OPOSTO A ACADEMIA DA CIDADE.,MACAXEIRA,,CIDADE,COLISÃO TRASEIRA,TRÊS AUTOS E UM CAMINHÃO.,3,,,,,,1,,,1,,Longo da via,Bom,Não existe,Perfeito estado,Seca,Perfeito estado,Não existe,Não há placas,60 km/h,Dupla,Canteiro central,"",""
8365,2019-09-25T00:00:00,09:14:00,COM VÍTIMA,FINALIZADA,BONGI,RUA SANTA EDWIRGES,295,RUA PADRE TEOFILO TWORZ,RUA DA IGREJA PRESBITERIANA DO PREDO / RUA DO CANAL,RUA SANTA EDWIRGES,295,RUA DA IGREJA PRESBITERIANA DO PREDO / RUA DO CANAL,BONGI,,CIDADE,ABALROAMENTO TRANSVERSAL,MOTO E AUTO,1,1,,,,,,,,1,,Cruzamento,Bom,Não existe,Ilegível,Seca,Mal conservada,Outros,Outras,"",Única,Não existe,"",""
8366,2019-09-25T00:00:00,09:31:00,SEM VÍTIMA,FINALIZADA,BOA VIAGEM,AV BOA VIAGEM,2820,"","",AV BOA VIAGEM,2820,"",BOA VIAGEM,,CIDADE,ABALROAMENTO LONGITUDINAL,COLISÃO SEM VITIMAS,1,1,,,,,,,,0,,Longo da via,Bom,Não existe,Perfeito estado,Seca,Perfeito estado,Não existe,Não há placas,60 km/h,Única,Faixa seccionada,"",""
8367,2019-09-25T00:00:00,"",SEM VÍTIMA,FINALIZADA,SANTO AMARO,AV GOVERNADOR AGAMENON MAGALHAES,"","",PRÓXIMO AO POSTO BR,AV GOVERNADOR AGAMENON MAGALHAES,"",PRÓXIMO AO POSTO BR,SANTO AMARO,378,SUBURBIO,ABALROAMENTO LONGITUDINAL,COLISÃO DE DOIS CARROS,2,,,,,,,,,0,,Longo da via,Bom,Sem defeito,Perfeito estado,Seca,Perfeito estado,Faixa de pedestre,Não há placas,60 km/h,Dupla,Canal,"",""
8368,2019-09-25T00:00:00,09:57:00,COM VÍTIMA,FINALIZADA,SANTO AMARO,AV DR JAYME DA FONTE,420,"",EM FRENTE A COMPESA/NO RETORNO,AV DR JAYME DA FONTE,420,EM FRENTE A COMPESA/NO RETORNO,SANTO AMARO,,SUBURBIO,ABALROAMENTO TRANSVERSAL,AUTO E MOTO. HOUVE EVASÃO DE UMA DAS PARTES ENVOLVIDAS.,1,1,,,,,,,,1,,Longo da via,Bom,Não existe,Perfeito estado,Seca,Perfeito estado,Não existe,Não há placas,"",Dupla,Canteiro central,"",""
8369,2019-09-25T00:00:00,10:01:00,SEM VÍTIMA,FINALIZADA,BOA VISTA,PRC DO DERBY,"","",PRAÇA DO DERBY / NA PARADA DO BRT,PRC DO DERBY,"",PRAÇA DO DERBY / NA PARADA DO BRT,BOA VISTA,,CIDADE,CHOQUE VEÍCULO PARADO,COLISÃO SEM VITIMAS,1,,,,,1,,,,0,,Longo da via,Bom,Não existe,Perfeito estado,Seca,Perfeito estado,Agente,Não há placas,30 km/h,Única,Faixa seccionada,"",""
8370,2019-09-25T00:00:00,10:10:00,SEM VÍTIMA,FINALIZADA,BOA VIAGEM,RUA BARAO DE SOUZA LEAO,698,RUA JOSE DOMINGUES DA SILVA,FARMACIA PAGUE MENOS,RUA BARAO DE SOUZA LEAO,698,FARMACIA PAGUE MENOS,BOA VIAGEM,,"",ABALROAMENTO LONGITUDINAL,DOIS AUTO,1,,,,,,,,,0,,Cruzamento,Bom,Não existe,Perfeito estado,Seca,Perfeito estado,Não existe,Placas Pare,30 km/h,Única,Faixa seccionada,"",""
8371,2019-09-25T00:00:00,10:48:00,SEM VÍTIMA,FINALIZADA,PINA,RUA CACILDA IOLANDA PORCIUNCULA,"",AV ANTONIO DE GOES,LADO OPOSTO AO CLUBE LIBANO,RUA CACILDA IOLANDA PORCIUNCULA,"",LADO OPOSTO AO CLUBE LIBANO,PINA,,CIDADE,COLISÃO TRASEIRA,COLISÃO DE DOIS CARROS,2,,,,,,,,,0,,"",Bom,Não existe,Perfeito estado,Seca,Perfeito estado,Não existe,Placas Pare,"",Única,Faixa seccionada,"",""
8372,2019-09-25T00:00:00,11:15:00,SEM VÍTIMA,FINALIZADA,AFOGADOS,RUA SAO MIGUEL,1130,RUA PEDRO CABRAL DE OLIVEIRA,"",RUA SAO MIGUEL,1130,"",AFOGADOS,,CIDADE,ABALROAMENTO TRANSVERSAL,ONIBUS E AUTO,1,,,,,1,,,,0,,Cruzamento,Bom,Não existe,Perfeito estado,Seca,Perfeito estado,Não existe,R-6a,"",Única,Faixa contínua,Faixa seccionada,""
8373,2019-09-25T00:00:00,11:21:00,COM VÍTIMA,FINALIZADA,AFOGADOS,PTE DO MOTOCOLOMBO,"","",SOBRE A PONTE.,PTE DO MOTOCOLOMBO,"",SOBRE A PONTE.,AFOGADOS,,CIDADE,COLISÃO TRASEIRA,COLISAO ENTRE CAMINHÃO E DUAS MOTOS,,2,,,,,1,,,2,,Ponte,Bom,Sem defeito,Perfeito estado,Seca,Perfeito estado,Outros,Outras,60 km/h,Única,Canteiro central,"",""
8374,2019-09-25T00:00:00,11:36:00,SEM VÍTIMA,FINALIZADA,JORDÃO,AV MARIA IRENE,1542,"",EDF. JAIME RAMALHO,AV MARIA IRENE,1542,EDF. JAIME RAMALHO,JORDÃO,,SUBURBIO,COLISÃO TRASEIRA,COLISÃO DE UMA KOMB E UM CARRO,2,,,,,,,,,0,,Longo da via,Bom,Não existe,Incompleta,Seca,Perfeito estado,Não existe,Não há placas,40 km/h,Dupla,Não existe,"",""