_id,DATA,hora,natureza_acidente,situacao,bairro,endereco,numero,detalhe_endereco_acidente,complemento,endereco_cruzamento,numero_cruzamento,referencia_cruzamento,bairro_cruzamento,num_semaforo,sentido_via,tipo,descricao,auto,moto,ciclom,ciclista,pedestre,onibus,caminhao,viatura,outros,vitimas,vitimasfatais,acidente_verificado,tempo_clima,situacao_semaforo,sinalizacao,condicao_via,conservacao_via,ponto_controle,situacao_placa,velocidade_max_via,mao_direcao,divisao_via1,divisao_via2,divisao_via3
8375,2019-09-25T00:00:00,11:41:00,SEM VÍTIMA,CANCELADA,TORRE,RUA REAL DA TORRE,"",RUA CONDE DE IRAJA,AO LADO DO SUPERMERCADO EXTRA BOM,RUA REAL DA TORRE,"",AO LADO DO SUPERMERCADO EXTRA BOM,TORRE,,"",COLISÃO,COLISÃO SEM VITMAS,2,,,,,,,,,0,,"","","","","","","","","","","","",""
8376,2019-09-25T00:00:00,11:47:00,SEM VÍTIMA,CANCELADA,BOA VIAGEM,AV CONSELHEIRO AGUIAR,"","",EM FRENTE A GALERIA CENTER SUL,AV CONSELHEIRO AGUIAR,"",EM FRENTE A GALERIA CENTER SUL,BOA VIAGEM,,"",COLISÃO,COLISÃO SEM VITIMAS,2,,,,,,,,,0,,"","","","","","","","","","","","",""
8377,2019-09-25T00:00:00,1049592:00:00,SEM VÍTIMA,FINALIZADA,BOA VIAGEM,RUA PADRE CARAPUCEIRO,"",RUA DOS NAVEGANTES,"",RUA PADRE CARAPUCEIRO,"","",BOA VIAGEM,,SUBURBIO,ABALROAMENTO LONGITUDINAL,COLISAO ENTRE DOIS AUTOS S/V,2,,,,,,,,,0,,Longo da via,Bom,Sem defeito,Perfeito estado,Seca,Perfeito estado,Não existe,Não há placas,"",Única,Não existe,"",""
8378,2019-09-25T00:00:00,12:30:00,SEM VÍTIMA,FINALIZADA,ESPINHEIRO,RUA DA HORA,248,"",LADO OPOSTO A LOTERIA DO ESPINHEIRO,RUA DA HORA,248,LADO OPOSTO A LOTERIA DO ESPINHEIRO,ESPINHEIRO,,"",CHOQUE VEÍCULO PARADO,COLISAO ENTRE MOTO E AUTO S/V,1,1,,,,,,,,0,,Longo da via,Bom,Sem defeito,Perfeito estado,Seca,Perfeito estado,Faixa de pedestre,R-6a,"",Única,Faixa seccionada,"",""
8379,2019-09-25T00:00:00,12:46:00,SEM VÍTIMA,FINALIZADA,AREIAS,AV DR JOSE RUFINO,841,"",EMLURB,AV DR JOSE RUFINO,841,EMLURB,AREIAS,,CIDADE,ABALROAMENTO LONGITUDINAL,COLISAO ENTRE CAMINHAO E ONIBUS S/V,,,,,,1,1,,,0,,Longo da via,Bom,Não existe,Perfeito estado,Seca,Perfeito estado,Faixa de pedestre,R-6a,"",Dupla,Faixa seccionada,"",""
8380,2019-09-25T00:00:00,12:56:00,SEM VÍTIMA,FINALIZADA,BOA VIAGEM,AV ENGENHEIRO DOMINGOS FERREIRA,"","",E/F A DROGARIA SAO PAULO,AV ENGENHEIRO DOMINGOS FERREIRA,"",E/F A DROGARIA SAO PAULO,BOA VIAGEM,,"",COLISÃO TRASEIRA,COLISAO ENTRE DOIS AUTOS S/V,2,,,,,,,,,0,,Longo da via,Bom,Não existe,Perfeito estado,Seca,Perfeito estado,Não existe,Outras,"",Dupla,Faixa seccionada,Canteiro central,""
8381,2019-09-25T00:00:00,13:04:00,SEM VÍTIMA,FINALIZADA,JORDÃO,RUA ALBERTO LUNDGREN,"",RUA DR ALVARO FERRAZ,"",RUA ALBERTO LUNDGREN,"","",JORDÃO,,SUBURBIO,ABALROAMENTO LONGITUDINAL,COLISAO ENTRE AUTO E CAMINHAO S/V,1,,,,,,1,,,0,,"",Bom,Não existe,Perfeito estado,Seca,Perfeito estado,"",Placas Pare,40 km/h,Dupla,Não existe,"",""
8382,2019-09-25T00:00:00,15:30:00,SEM VÍTIMA,FINALIZADA,IMBIRIBEIRA,AV PRESIDENTE DUTRA,"","",NA DESCIDA DO VIADUTO TANCREDO NEVES SENTIDO BR 101,AV PRESIDENTE DUTRA,"",NA DESCIDA DO VIADUTO TANCREDO NEVES SENTIDO BR 101,IMBIRIBEIRA,,SUBURBIO,COLISÃO TRASEIRA,COLISÃO SEM VÍTIMA,2,,,,,,,,,0,,Longo da via,Bom,Não existe,Perfeito estado,Seca,Perfeito estado,Não existe,Não há placas,60 km/h,Dupla,Canteiro central,"",""
8383,2019-09-25T00:00:00,15:31:00,SEM VÍTIMA,FINALIZADA,AREIAS,AV DR JOSE RUFINO,514,"","",AV DR JOSE RUFINO,514,"",AREIAS,,"",ABALROAMENTO LONGITUDINAL,COLISÃO SEM VÍTIMA,1,,,,,,,,,0,,Longo da via,Bom,Não existe,Ilegível,Molhada,Mal conservada,Não existe,R-6a,"",Dupla,Não existe,"",""
8384,2019-09-25T00:00:00,15:44:00,SEM VÍTIMA,FINALIZADA,DERBY,PTE ESTACIO COIMBRA,"","",SOBRE A PONTE ESTÁCIO COIMBRA,PTE ESTACIO COIMBRA,"",SOBRE A PONTE ESTÁCIO COIMBRA,DERBY,,"",CHOQUE VEÍCULO PARADO,COLISÃO SEM VITIMA,3,,,,,,,,,0,,Ponte,Bom,Não existe,Perfeito estado,Seca,Perfeito estado,Não existe,Não há placas,"",Dupla,Faixa seccionada,Blocos,""
8385,2019-09-25T00:00:00,15:46:00,COM VÍTIMA,FINALIZADA,IMBIRIBEIRA,AV MARECHAL MASCARENHAS DE MORAES,4080,"",LADO OPOSTO A VENEZA MATERIAL DE CONSTRUÇÃO.,AV MARECHAL MASCARENHAS DE MORAES,4080,LADO OPOSTO A VENEZA MATERIAL DE CONSTRUÇÃO.,IMBIRIBEIRA,310,SUBURBIO,ABALROAMENTO TRANSVERSAL,COLISAO ENTRE AUTO E MOTO COM UMA VITIMA,1,1,,,,,,,,1,,Longo da via,Bom,Sem defeito,Perfeito estado,Seca,Perfeito estado,Outros,R-6a,"",Dupla,Faixa seccionada,Canteiro central,""
8386,2019-09-25T00:00:00,15:53:00,SEM VÍTIMA,FINALIZADA,PAISSANDU,VIADUTO CAPITAO TEMUDO,"","",SENTIDO OLINDA / BOA VIAGEM,VIADUTO CAPITAO TEMUDO,"",SENTIDO OLINDA / BOA VIAGEM,PAISSANDU,,"",COLISÃO TRASEIRA,COLISÃO SEM VÍTIMA,2,,,,,,,,,0,,Viaduto,Bom,Não existe,"",Seca,Perfeito estado,"",Não há placas,60 km/h,Dupla,Canteiro central,"",""
8387,2019-09-25T00:00:00,16:38:00,SEM VÍTIMA,FINALIZADA,JARDIM SÃO PAULO,RUA LEANDRO BARRETO,"",RUA LORENA,"",RUA LEANDRO BARRETO,"","",JARDIM SÃO PAULO,,SUBURBIO,ABALROAMENTO TRANSVERSAL,COLISAO ENTRE DOIS AUTOS S/V,2,,,,,,,,,0,,Cruzamento,Bom,Não existe,Não existente,Seca,Perfeito estado,Não existe,Não há placas,30 km/h,"","","",""
8388,2019-09-25T00:00:00,17:40:00,SEM VÍTIMA,FINALIZADA,SANTO ANTÔNIO,AV DOM PEDRO I - IMPERADOR,"",PRC DA REPUBLICA,DE ESQUINA AO TRIBUNAL DE JUSTIÇA,AV DOM PEDRO I - IMPERADOR,"",DE ESQUINA AO TRIBUNAL DE JUSTIÇA,SANTO ANTÔNIO,,"",COLISÃO,COLISÃO SEM VITIMA,1,1,,,,,,,,0,,"","","","","","","","","","","","",""
8389,2019-09-25T00:00:00,18:18:00,SEM VÍTIMA,FINALIZADA,AREIAS,AV DR JOSE RUFINO,"","",LADO OPOSTO AO CENTRO DE TREINAMENTO HONDA,AV DR JOSE RUFINO,"",LADO OPOSTO AO CENTRO DE TREINAMENTO HONDA,AREIAS,,"",COLISÃO TRASEIRA,ENTRE 3 AUTOS. S/V,3,,,,,,,,,0,,Longo da via,Bom,Não existe,Perfeito estado,Seca,Perfeito estado,Não existe,Outras,50 km/h,Dupla,Faixa contínua,Faixa seccionada,""
8390,2019-09-25T00:00:00,19:20:00,SEM VÍTIMA,FINALIZADA,GRAÇAS,RUA ALBERTO PAIVA,"","",AO LADO DO COLÉGIO MARISTA,RUA ALBERTO PAIVA,"",AO LADO DO COLÉGIO MARISTA,GRAÇAS,,"",CHOQUE VEÍCULO PARADO,ENTRE 2 AUTOS. S/V,2,,,,,,,,,0,,Longo da via,Bom,Não existe,Perfeito estado,Seca,Perfeito estado,Não existe,Placas Pare,"",Única,Faixa seccionada,"",""
8391,2019-09-25T00:00:00,19:24:00,SEM VÍTIMA,FINALIZADA,SANTO ANTÔNIO,AV MARTINS DE BARROS,"",PTE BUARQUE DE MACEDO,PONTE BUARQUE DE MACEDO,AV MARTINS DE BARROS,"",PONTE BUARQUE DE MACEDO,SANTO ANTÔNIO,164,"",ABALROAMENTO LONGITUDINAL,ÕNIBUS X AUTO PASSEIO. S/V,1,,,,,1,,,,0,,Ponte,Bom,Sem defeito,Perfeito estado,Seca,Perfeito estado,Faixa de pedestre,Não há placas,"",Única,Faixa contínua,Faixa seccionada,""
8392,2019-09-25T00:00:00,19:33:00,SEM VÍTIMA,FINALIZADA,DERBY,AV GOVERNADOR AGAMENON MAGALHAES,107,"",EM FRENTE AO HAPVIDA,AV GOVERNADOR AGAMENON MAGALHAES,107,EM FRENTE AO HAPVIDA,DERBY,,"",ABALROAMENTO TRANSVERSAL,ÕNIBUS X AUTO PASSEIO. S/V,1,,,,,1,,,,0,,Longo da via,Bom,Não existe,Perfeito estado,Seca,Perfeito estado,Não existe,Não há placas,"",Dupla,Faixa seccionada,Canteiro central,""
8393,2019-09-25T00:00:00,20:01:00,SEM VÍTIMA,FINALIZADA,ESPINHEIRO,RUA CONS PORTELA,"",RUA QUARENTA E OITO,"",RUA CONS PORTELA,"","",ESPINHEIRO,11,CIDADE,ABALROAMENTO LONGITUDINAL,ENTRE 2 AUTOS. S/V,2,,,,,,,,,0,,Cruzamento,Bom,Sem defeito,Perfeito estado,Seca,Perfeito estado,Faixa de pedestre,Outras,"",Única,Faixa seccionada,"",""
8394,2019-09-25T00:00:00,20:50:00,COM VÍTIMA,FINALIZADA,ARRUDA,RUA MEM DE SA,234,"",E/F A COCA COLA,RUA MEM DE SA,234,E/F A COCA COLA,ARRUDA,,CIDADE,ABALROAMENTO LONGITUDINAL,AUTO E MOTO.,1,1,,,,,,,,1,,Longo da via,Bom,Sem defeito,Não existente,Seca,Perfeito estado,Não existe,Não há placas,"","",Não existe,"",""
8395,2019-09-25T00:00:00,23:27:00,SEM VÍTIMA,CANCELADA,BOA VIAGEM,RUA PROFESSOR JOSE BRANDAO,"",AV BOA VIAGEM,ED. MIRANTE,RUA PROFESSOR JOSE BRANDAO,"",ED. MIRANTE,BOA VIAGEM,,"",COLISÃO,ENTRE 2 AUTOS. S/V,2,,,,,,,,,0,,"","","","","","","","","","","","",""
8396,2019-09-26T00:00:00,01:37:00,COM VÍTIMA,FINALIZADA,BOA VIAGEM,RUA BARAO DE SOUZA LEAO,"",RUA RIO AZUL,EM FRENTE AO MERCADO TREVO,RUA BARAO DE SOUZA LEAO,"",EM FRENTE AO MERCADO TREVO,BOA VIAGEM,,CIDADE,ABALROAMENTO TRANSVERSAL,"COLISÃO ENTRE DOIS AUTOS, C/V.",2,,,,,,,,,1,,Cruzamento,Bom,Sem defeito,Incompleta,Seca,Perfeito estado,"",Outras,"",Única,Faixa seccionada,"",""
8397,2019-09-26T00:00:00,07:15:00,SEM VÍTIMA,FINALIZADA,SANTO AMARO,AV GOVERNADOR AGAMENON MAGALHAES,2864,RUA NICARAGUA,AO LADO DO BANCO SANTANDER,AV GOVERNADOR AGAMENON MAGALHAES,2864,AO LADO DO BANCO SANTANDER,SANTO AMARO,,DERBY,COLISÃO,SEM VITMAS,3,,,,,,,,,0,,"","","","","","","","","","","","",""
8398,2019-09-26T00:00:00,07:25:00,SEM VÍTIMA,FINALIZADA,MADALENA,RUA DEMOCRITO DE SOUZA FILHO,271,RUA ALTINHO,"",RUA DEMOCRITO DE SOUZA FILHO,271,"",MADALENA,,CIDADE,ABALROAMENTO LONGITUDINAL,SEM VITIMAS,1,,1,,,,,,,0,,Longo da via,Bom,Não existe,Perfeito estado,Seca,Perfeito estado,Agente,Outras,"",Única,Faixa contínua,Faixa seccionada,""
8399,2019-09-26T00:00:00,07:30:00,SEM VÍTIMA,CANCELADA,ENCRUZILHADA,AV BEBERIBE,66,"",LATERAL DA FARMACIA PAGUE MENOS,AV BEBERIBE,66,LATERAL DA FARMACIA PAGUE MENOS,ENCRUZILHADA,,SUBURBIO,COLISÃO,ONIBUS E MOTO,,1,,,,1,,,,0,,"","","","","","","","","","","","",""
8400,2019-09-26T00:00:00,08:05:00,SEM VÍTIMA,FINALIZADA,IPUTINGA,AV CAXANGA,4617,"",EM FRENTE A FIAT ITALIANA,AV CAXANGA,4617,EM FRENTE A FIAT ITALIANA,IPUTINGA,608,CIDADE,ABALROAMENTO LONGITUDINAL,SEM VITIMA/CTTU SUB INSP IRANILDO VT 20 VAI FAZER B.O,1,1,,,,,,,,0,,Longo da via,Bom,Sem defeito,Perfeito estado,Seca,Perfeito estado,Faixa de retenção,R-6a,"",Dupla,Canteiro central,"",""
8401,2019-09-26T00:00:00,08:14:00,SEM VÍTIMA,FINALIZADA,GRAÇAS,AV RUI BARBOSA,"","",AGÊNCIA SANTANDER,AV RUI BARBOSA,"",AGÊNCIA SANTANDER,GRAÇAS,,CIDADE,COLISÃO TRASEIRA,DOIS AUTOS,2,,,,,,,,,0,,Longo da via,Bom,Não existe,Perfeito estado,Seca,Perfeito estado,Faixa de pedestre,Outras,"",Única,Faixa seccionada,"",""
8402,2019-09-26T00:00:00,08:18:00,COM VÍTIMA,FINALIZADA,PINA,AV ENGENHEIRO DOMINGOS FERREIRA,40,"",EM FRENTE AO ARMAZEM BEIRA MAR,AV ENGENHEIRO DOMINGOS FERREIRA,40,EM FRENTE AO ARMAZEM BEIRA MAR,PINA,,SUBURBIO,ABALROAMENTO LONGITUDINAL,AUTO E MOTO,1,1,,,,,,,,1,,Longo da via,Bom,Sem defeito,Perfeito estado,Seca,Perfeito estado,Não existe,Não há placas,60 km/h,Única,Faixa contínua,"",""
8403,2019-09-26T00:00:00,08:23:00,SEM VÍTIMA,FINALIZADA,SANCHO,AV LIBERDADE,839 A,AV PADRE IBIAPINA,EM FRENTE A FARMACIA TRIUNFO,AV LIBERDADE,839 A,EM FRENTE A FARMACIA TRIUNFO,SANCHO,,SUBURBIO,ABALROAMENTO LONGITUDINAL,SEM VITIMAS,1,,,,,1,,,,0,,Cruzamento,Bom,Não existe,Perfeito estado,Seca,Perfeito estado,"",R-6a,"",Dupla,Não existe,"",""
8404,2019-09-26T00:00:00,09:08:00,SEM VÍTIMA,FINALIZADA,DERBY,PRC DO DERBY,"",AV GOVERNADOR AGAMENON MAGALHAES,SOB O SEMÁFORO Nº 075,PRC DO DERBY,"",SOB O SEMÁFORO Nº 075,DERBY,75,CIDADE,ABALROAMENTO LONGITUDINAL,DOIS AUTOS,2,,,,,,,,,0,,Longo da via,Bom,Sem defeito,Perfeito estado,Seca,Perfeito estado,Agente,Não há placas,"",Dupla,"","",""
8405,2019-09-26T00:00:00,09:10:00,SEM VÍTIMA,FINALIZADA,TORRÕES,AV ENGENHEIRO ABDIAS DE CARVALHO,3974,"",PLANETA SHOW,AV ENGENHEIRO ABDIAS DE CARVALHO,3974,PLANETA SHOW,TORRÕES,,SUBURBIO,COLISÃO TRASEIRA,COLISÃO ENTRE DOIS CARROS,2,,,,,,,,,0,,Longo da via,Bom,Sem defeito,Perfeito estado,Seca,Perfeito estado,Não existe,Outras,"",Dupla,Canteiro central,"",""
8406,2019-09-26T00:00:00,09:46:00,SEM VÍTIMA,FINALIZADA,CASA AMARELA,AV NORTE,4997,"","",AV NORTE,4997,"",CASA AMARELA,,CIDADE,ABALROAMENTO LONGITUDINAL,DOIS AUTOS,2,,,,,,,,,0,,Longo da via,Bom,Não existe,Perfeito estado,Seca,Perfeito estado,Não existe,Não há placas,60 km/h,Dupla,Canteiro central,"",""
8407,2019-09-26T00:00:00,09:52:00,SEM VÍTIMA,FINALIZADA,IMBIRIBEIRA,AV MARECHAL MASCARENHAS DE MORAES,4490,"",LADO OPOSTO TRE,AV MARECHAL MASCARENHAS DE MORAES,4490,LADO OPOSTO TRE,IMBIRIBEIRA,,SUBURBIO,ABALROAMENTO LONGITUDINAL,SEM VITIMAS,1,,,,,1,,,,0,,Longo da via,Bom,Não existe,Incompleta,Seca,Mal conservada,Não existe,Não há placas,"",Dupla,Canteiro central,"",""
8408,2019-09-26T00:00:00,11:18:00,SEM VÍTIMA,FINALIZADA,IMBIRIBEIRA,AV MARECHAL MASCARENHAS DE MORAES,440,"","",AV MARECHAL MASCARENHAS DE MORAES,440,"",IMBIRIBEIRA,,CIDADE,ABALROAMENTO LONGITUDINAL,COLISÃO DE CARRO PARTICULAR COM CARRO FORTE,1,,,,,,,,1,0,,Longo da via,Bom,Não existe,Perfeito estado,Seca,Perfeito estado,Não existe,Não há placas,60 km/h,Dupla,Canteiro central,"",""
8409,2019-09-26T00:00:00,11:24:00,SEM VÍTIMA,FINALIZADA,BEBERIBE,RUA URIEL DE HOLANDA,107,"","",RUA URIEL DE HOLANDA,107,"",BEBERIBE,,SUBURBIO,ABALROAMENTO LONGITUDINAL,ONIBUS E AUTO,1,,,,,1,,,,0,,Longo da via,Bom,Não existe,Incompleta,Seca,Perfeito estado,Não existe,Outras,30 km/h,Única,Canteiro central,"",""
8410,2019-09-26T00:00:00,11:32:00,SEM VÍTIMA,FINALIZADA,BEBERIBE,RUA URIEL DE HOLANDA,107,"",ESPOSENDE CALÇADOS,RUA URIEL DE HOLANDA,107,ESPOSENDE CALÇADOS,BEBERIBE,,CIDADE,ABALROAMENTO LONGITUDINAL,COLISÃO DE UM CARRO E UM ÔNIBUS,1,,,,,1,,,,0,,Longo da via,Bom,Não existe,Perfeito estado,Seca,Perfeito estado,Outros,Não há placas,"",Dupla,Canteiro central,"",""
8411,2019-09-26T00:00:00,11:49:00,SEM VÍTIMA,FINALIZADA,MADALENA,RUA BENFICA,"","",EM FRENTE BOSH SERVICE,RUA BENFICA,"",EM FRENTE BOSH SERVICE,MADALENA,,CIDADE,ABALROAMENTO LONGITUDINAL,"COLISÃO DE UM CARRO E UMA MOTO, GUARDA NO LOCAL",1,1,,,,,,,,0,,Longo da via,Bom,Não existe,Perfeito estado,Seca,Perfeito estado,Não existe,Não há placas,"",Dupla,Faixa contínua,"",""
8412,2019-09-26T00:00:00,12:19:00,SEM VÍTIMA,FINALIZADA,TORRE,RUA LAGOA DO RANCHO,"","",PRAÇA GREGÓRIO BEZERRA,RUA LAGOA DO RANCHO,"",PRAÇA GREGÓRIO BEZERRA,TORRE,,SUBURBIO,ABALROAMENTO LONGITUDINAL,COLISÃO SEM VÍTIMAS ENTRE MOTO E AUTO,1,1,,,,,,,,0,,Longo da via,Bom,Não existe,Não existente,Seca,Perfeito estado,Não existe,Não há placas,"",Dupla,Não existe,"",""
8413,2019-09-26T00:00:00,12:21:00,SEM VÍTIMA,CANCELADA,CORDEIRO,RUA IPINIRAS,"","",PROXIMO A MARCOS LAVA JATO,RUA IPINIRAS,"",PROXIMO A MARCOS LAVA JATO,CORDEIRO,,"",COLISÃO,COLISÃO SEM VITIMAS ENTRE DOIS AUTOS,2,,,,,,,,,0,,"","","","","","","","","","","","",""
8414,2019-09-26T00:00:00,12:28:00,SEM VÍTIMA,FINALIZADA,BOMBA DO HEMETÉRIO,RUA BOMBA DO HEMETERIO,"",RUA SAO SEBASTIAO,MERCADINHO COMPRE MAIS,RUA BOMBA DO HEMETERIO,"",MERCADINHO COMPRE MAIS,BOMBA DO HEMETÉRIO,,SUBURBIO,ABALROAMENTO TRANSVERSAL,COLISÃO SEM VÍTIMA ENTRE MOTO E AUTO,1,1,,,,,,,,0,,Longo da via,Bom,Não existe,Perfeito estado,Seca,Perfeito estado,Outros,Outras,"",Dupla,Faixa seccionada,"",""
8415,2019-09-26T00:00:00,13:14:00,SEM VÍTIMA,FINALIZADA,SANTO AMARO,RUA DOS PALMARES,"",RUA DO POMBAL,RUA DOS PALMARES,RUA DOS PALMARES,"",RUA DOS PALMARES,SANTO AMARO,,"",ABALROAMENTO TRANSVERSAL,COLISÃO SEM VÍTIMA ENVOLVENDO DOIS AUTOS,2,,,,,,,,,0,,Cruzamento,Bom,Não existe,Perfeito estado,Seca,Perfeito estado,Faixa de pedestre,Não há placas,"",Dupla,Canteiro central,"",""
8416,2019-09-26T00:00:00,13:29:00,SEM VÍTIMA,FINALIZADA,AFOGADOS,RUA JOAQUIM DE VASCONCELOS PEREIRA,100,"","",RUA JOAQUIM DE VASCONCELOS PEREIRA,100,"",AFOGADOS,,SUBURBIO,ABALROAMENTO LONGITUDINAL,COLISAO ENTRE CAMINHAO E AUTO S S/V,1,,,,,,1,,,0,,Longo da via,Bom,Não existe,Perfeito estado,Seca,Perfeito estado,Não existe,Não há placas,"",Única,Não existe,"",""
8417,2019-09-26T00:00:00,14:19:00,SEM VÍTIMA,FINALIZADA,SAN MARTIN,RUA DELMIRO GOUVEIA,"","",EM FRENTE A PRAÇA CAVALARIA,RUA DELMIRO GOUVEIA,"",EM FRENTE A PRAÇA CAVALARIA,SAN MARTIN,326,SUBURBIO,ABALROAMENTO LONGITUDINAL,COLISAO ENTRE AUTO E MOTO S/V,1,1,,,,,,,,0,,Longo da via,Bom,Sem defeito,Perfeito estado,Seca,Perfeito estado,Faixa de retenção,Não há placas,"",Dupla,Não existe,"",""
8418,2019-09-26T00:00:00,14:59:00,SEM VÍTIMA,CANCELADA,PINA,AV HERCULANO BANDEIRA,563,"",E/F AO CARTORIO 8 OFICIO DE NOTAS TABELIONATO FIGUEIREDO,AV HERCULANO BANDEIRA,563,E/F AO CARTORIO 8 OFICIO DE NOTAS TABELIONATO FIGUEIREDO,PINA,,"",COLISÃO,COLISAO ENTRE ONIBUS E AUTOS S/V,1,,,,,1,,,,0,,"","","","","","","","","","","","",""
8419,2019-09-26T00:00:00,15:06:00,SEM VÍTIMA,FINALIZADA,PINA,AV HERCULANO BANDEIRA,"",RUA SAO LUIZ,EM FRENTE A FARMACIA DO TRABALHADOR,AV HERCULANO BANDEIRA,"",EM FRENTE A FARMACIA DO TRABALHADOR,PINA,,SUBURBIO,ABALROAMENTO TRANSVERSAL,COLISAO ENTRE DOIS AUTOS S/V,2,,,,,,,,,0,,"",Bom,Não existe,Incompleta,Seca,Mal conservada,Não existe,Outras,60 km/h,Única,Faixa seccionada,"",""
8420,2019-09-26T00:00:00,15:09:00,SEM VÍTIMA,CANCELADA,CAMPO GRANDE,RUA ODORICO MENDES,65,"",PROX. DO CLUB DAS PAES E/F AO COLEGIO JESUS CRUCIFCADO,RUA ODORICO MENDES,65,PROX. DO CLUB DAS PAES E/F AO COLEGIO JESUS CRUCIFCADO,CAMPO GRANDE,,"",COLISÃO,COLISÃO SEM VITIMA,2,,,,,,,,,0,,"","","","","","","","","","","","",""
8421,2019-09-26T00:00:00,15:25:00,SEM VÍTIMA,FINALIZADA,BOA VIAGEM,AV ENGENHEIRO DOMINGOS FERREIRA,2842,"",LADO OPOSTO AO BANCO DO NORDESTE,AV ENGENHEIRO DOMINGOS FERREIRA,2842,LADO OPOSTO AO BANCO DO NORDESTE,BOA VIAGEM,,SUBURBIO,COLISÃO TRASEIRA,COLISÃO SEM VITIMA,2,,,,,,,,,0,,Longo da via,Bom,Não existe,Perfeito estado,Seca,Perfeito estado,Outros,R-6a,"",Única,Canteiro central,"",""
8422,2019-09-26T00:00:00,15:32:00,SEM VÍTIMA,FINALIZADA,ILHA DO RETIRO,RUA SPORT CLUBE DO RECIFE,98,RUA BENFICA,CRED. GESTANTE,RUA SPORT CLUBE DO RECIFE,98,CRED. GESTANTE,ILHA DO RETIRO,,SUBURBIO,ABALROAMENTO LONGITUDINAL,COLISÃO SEM VITIMA,2,,,,,,,,,0,,"",Bom,Não existe,Perfeito estado,Seca,Perfeito estado,Não existe,Outras,"",Dupla,Faixa contínua,"",""
8423,2019-09-26T00:00:00,15:34:00,COM VÍTIMA,FINALIZADA,IPSEP,AV RECIFE,2309,"",MARTELINHO DE OURO.,AV RECIFE,2309,MARTELINHO DE OURO.,IPSEP,16,SUBURBIO,ABALROAMENTO LONGITUDINAL,AUTO E MOTO COM UMA VÍTIMA,1,1,,,,,,,,1,,Longo da via,Bom,Sem defeito,Perfeito estado,Seca,Mal conservada,Agente,R-6a,60 km/h,Dupla,Canteiro central,"",""
8424,2019-09-26T00:00:00,16:11:00,SEM VÍTIMA,FINALIZADA,PINA,AV HERCULANO BANDEIRA,598,"","",AV HERCULANO BANDEIRA,598,"",PINA,,SUBURBIO,COLISÃO TRASEIRA,COLISAO ENTRE DOIS AUTOS S/V BATEDOR DA MOTO 34 E 05 NO LOCAL,2,,,,,,,,,0,,Longo da via,Bom,Não existe,Perfeito estado,Seca,Perfeito estado,Não existe,Outras,60 km/h,Única,Faixa seccionada,"",""
8425,2019-09-26T00:00:00,16:15:00,SEM VÍTIMA,FINALIZADA,AFOGADOS,RUA DA PAZ,"","","",RUA DA PAZ,"","",AFOGADOS,,"",ABALROAMENTO LONGITUDINAL,ENTRE DOIS AUTO PASSEIO S/V,2,,,,,,,,,0,,Longo da via,Bom,Sem defeito,Perfeito estado,Seca,Perfeito estado,"",Não há placas,"",Única,"","",""
8426,2019-09-26T00:00:00,16:16:00,SEM VÍTIMA,FINALIZADA,ESTÂNCIA,AV RECIFE,5388,"","",AV RECIFE,5388,"",ESTÂNCIA,,SUBURBIO,ABALROAMENTO LONGITUDINAL,COLISÃO SEM VITIMA,1,,,,,,1,,,0,,Longo da via,Bom,Não existe,Perfeito estado,Seca,Perfeito estado,Não existe,Outras,"",Dupla,Faixa seccionada,Canteiro central,""
8427,2019-09-26T00:00:00,16:29:00,SEM VÍTIMA,FINALIZADA,CAXANGÁ,AV CAXANGA,2351,"",EM FRENTE AO N 2351,AV CAXANGA,2351,EM FRENTE AO N 2351,CAXANGÁ,235,CIDADE,COLISÃO TRASEIRA,COLISAO AUTO E MOTO S/V,1,1,,,,,,,,0,,Longo da via,Bom,Sem defeito,Perfeito estado,Seca,Perfeito estado,Faixa de pedestre,R-6a,"",Dupla,Faixa contínua,Canteiro central,""
8428,2019-09-26T00:00:00,16:35:00,COM VÍTIMA,FINALIZADA,BONGI,AV ENGENHEIRO ABDIAS DE CARVALHO,"",RUA TIJUCAS,E/F A PRAÇA DA CHESF S/T SUB,AV ENGENHEIRO ABDIAS DE CARVALHO,"",E/F A PRAÇA DA CHESF S/T SUB,BONGI,,"",COLISÃO COM CICLISTA,COLISAO ENTRE AUTO E CICLISTA COM UMA VITIMA,1,,,1,,,,,,1,,Cruzamento,Bom,Sem defeito,Perfeito estado,Seca,Perfeito estado,Faixa de pedestre,R-4a,"",Dupla,Canteiro central,"",""
8429,2019-09-26T00:00:00,17:13:00,SEM VÍTIMA,CANCELADA,NOVA DESCOBERTA,RUA NOVA DESCOBERTA,1921,"",AO LADO HAMBURGUERIA DO MADRUGADA,RUA NOVA DESCOBERTA,1921,AO LADO HAMBURGUERIA DO MADRUGADA,NOVA DESCOBERTA,,"",COLISÃO,ENTRE AUTO PASSEIO X ONIBUS,1,,,,,1,,,,0,,"","","","","","","","","","","","",""