_id,DATA,hora,natureza_acidente,situacao,bairro,endereco,numero,detalhe_endereco_acidente,complemento,endereco_cruzamento,numero_cruzamento,referencia_cruzamento,bairro_cruzamento,num_semaforo,sentido_via,tipo,descricao,auto,moto,ciclom,ciclista,pedestre,onibus,caminhao,viatura,outros,vitimas,vitimasfatais,acidente_verificado,tempo_clima,situacao_semaforo,sinalizacao,condicao_via,conservacao_via,ponto_controle,situacao_placa,velocidade_max_via,mao_direcao,divisao_via1,divisao_via2,divisao_via3
8484,2019-09-28T00:00:00,12:22:00,COM VÍTIMA,FINALIZADA,IMBIRIBEIRA,AV MARECHAL MASCARENHAS DE MORAES,"","",LADO OPOSTO AO AEROPORTO/ SENTIDO CIDADE (VIA LOCAL SOBRE A LINHA FERREA),AV MARECHAL MASCARENHAS DE MORAES,"",LADO OPOSTO AO AEROPORTO/ SENTIDO CIDADE (VIA LOCAL SOBRE A LINHA FERREA),IMBIRIBEIRA,,"",COLISÃO TRASEIRA,COLISÃO COM VÍTIMA,1,,1,,,,,,,1,,Longo da via,Bom,Não existe,Não existente,Seca,Perfeito estado,"",Não há placas,60 km/h,Única,Canteiro central,"",""
8485,2019-09-28T00:00:00,13:12:00,SEM VÍTIMA,FINALIZADA,VÁRZEA,RUA EMILIANO BRAGA,"",RUA PROFESSOR CHAVES BATISTA,"",RUA EMILIANO BRAGA,"","",VÁRZEA,,SUBURBIO,ABALROAMENTO TRANSVERSAL,COLISÃO SEM VÍTIMA,2,,,,,,,,,0,,Cruzamento,Bom,Não existe,Perfeito estado,Seca,Perfeito estado,Faixa de retenção,R-1,"",Única,Faixa contínua,"",""
8486,2019-09-28T00:00:00,13:57:00,SEM VÍTIMA,CANCELADA,AFLITOS,RUA CARNEIRO VILELA,688,"",NA RUA DO RESTAURANTE CAJÁ,RUA CARNEIRO VILELA,688,NA RUA DO RESTAURANTE CAJÁ,AFLITOS,,"",COLISÃO,COLISAO ENTRE DOIS AUTOS S/V,2,,,,,,,,,0,,"","","","","","","","","","","","",""
8487,2019-09-28T00:00:00,14:03:00,SEM VÍTIMA,FINALIZADA,ESTÂNCIA,AV JOAO CABRAL DE MELO NETO,"",AV RECIFE,"",AV JOAO CABRAL DE MELO NETO,"","",ESTÂNCIA,259,SUBURBIO,ABALROAMENTO LONGITUDINAL,COLISÃO SEM VÍTIMA,1,,,,,,1,,,0,,Cruzamento,Bom,Sem defeito,Perfeito estado,Seca,Perfeito estado,Faixa de pedestre,Outras,60 km/h,Dupla,Canteiro central,"",""
8488,2019-09-28T00:00:00,15:00:00,SEM VÍTIMA,FINALIZADA,IMBIRIBEIRA,RUA JATICY,62,"",AO LADO DO POSTO BR,RUA JATICY,62,AO LADO DO POSTO BR,IMBIRIBEIRA,,"",ABALROAMENTO LONGITUDINAL,SEM VITIMAS.,1,,,,,,1,,,0,,Longo da via,Bom,Não existe,Não existente,Seca,Mal conservada,Não existe,Não há placas,30 km/h,Dupla,Não existe,"",""
8489,2019-09-28T00:00:00,15:05:00,COM VÍTIMA,FINALIZADA,AFOGADOS,RUA NICOLAU PEREIRA,410,"",EM FRENTE AO ARAMAZEM CORAL,RUA NICOLAU PEREIRA,410,EM FRENTE AO ARAMAZEM CORAL,AFOGADOS,,CIDADE,ABALROAMENTO LONGITUDINAL,COLISÃO COM VÍTIMA,,1,,,,,,,,1,,Longo da via,Bom,Não existe,Perfeito estado,Seca,Perfeito estado,Não existe,R-6a,"",Única,Faixa seccionada,"",""
8490,2019-09-28T00:00:00,15:32:00,SEM VÍTIMA,FINALIZADA,CASA FORTE,RUA NESTOR SILVA,70,PRC JORNALISTA FRANCISCO PESSOA DE QUEIROZ JR,"",RUA NESTOR SILVA,70,"",CASA FORTE,,SUBURBIO,ABALROAMENTO LONGITUDINAL,COLISAO ENTRE DOIS AUTOS S/V,2,,,,,,,,,0,,Longo da via,Bom,Não existe,Perfeito estado,Seca,Perfeito estado,Outros,Placas Pare,"",Dupla,Faixa contínua,"",""
8491,2019-09-28T00:00:00,16:19:00,SEM VÍTIMA,FINALIZADA,BEBERIBE,PRC DA CONVENCAO,"","",MERCADO PUBLICO DE BEBERIBE,PRC DA CONVENCAO,"",MERCADO PUBLICO DE BEBERIBE,BEBERIBE,,SUBURBIO,ABALROAMENTO LONGITUDINAL,COLISÃO SEM VÍTIMA,1,,,,,1,,,,0,,Longo da via,Bom,Não existe,Não existente,Seca,Perfeito estado,"",Não há placas,40 km/h,Única,Não existe,"",""
8492,2019-09-28T00:00:00,16:29:00,SEM VÍTIMA,FINALIZADA,SAN MARTIN,RUA JOSE VELOSO,69,"",EM FRENTE AO RESTAURANTE GRAVEIRO REFEIÇÕES,RUA JOSE VELOSO,69,EM FRENTE AO RESTAURANTE GRAVEIRO REFEIÇÕES,SAN MARTIN,,CIDADE,COLISÃO TRASEIRA,COLISAO ENTRE CAMINHAO E AUTO S/V,1,,,,,,1,,,0,,Longo da via,Bom,Não existe,Incompleta,Seca,Mal conservada,Não existe,Não há placas,"",Dupla,Não existe,"",""
8493,2019-09-28T00:00:00,18:22:00,SEM VÍTIMA,FINALIZADA,BOA VIAGEM,AV CONSELHEIRO AGUIAR,2775,"",LAVANDERIA VIVAZ,AV CONSELHEIRO AGUIAR,2775,LAVANDERIA VIVAZ,BOA VIAGEM,,CIDADE,ABALROAMENTO LONGITUDINAL,ENTRE 2 AUTOS. S/V,2,,,,,,,,,0,,Longo da via,Bom,Sem defeito,Perfeito estado,Seca,Perfeito estado,"",R-6a,40 km/h,Única,"","",""
8494,2019-09-28T00:00:00,18:32:00,SEM VÍTIMA,FINALIZADA,SANTO ANTÔNIO,RUA FREI CANECA,187,RUA FLORIANO PEIXOTO,PRAÇA JOAQUIM NABUCO,RUA FREI CANECA,187,PRAÇA JOAQUIM NABUCO,SANTO ANTÔNIO,,"",ABALROAMENTO LONGITUDINAL,POLO X RENAULT DUSTER,2,,,,,,,,,0,,Longo da via,Bom,Não existe,Perfeito estado,Seca,Perfeito estado,"",Placas Pare,"",Única,Não existe,"",""
8495,2019-09-28T00:00:00,19:22:00,SEM VÍTIMA,FINALIZADA,BOA VIAGEM,RUA ERNESTO DE PAULA SANTOS,"",RUA CORONEL ANIZIO RODRIGUES COELHO,EM FRENTE A PADARIA DELICATESSEN,RUA ERNESTO DE PAULA SANTOS,"",EM FRENTE A PADARIA DELICATESSEN,BOA VIAGEM,,"",ABALROAMENTO LONGITUDINAL,MERCEDES X HONDA CIT,2,,,,,,,,,0,,Cruzamento,Bom,Não existe,Ilegível,Seca,Mal conservada,Não existe,Não há placas,"",Dupla,Faixa seccionada,"",""
8496,2019-09-28T00:00:00,20:17:00,SEM VÍTIMA,FINALIZADA,CAXANGÁ,AV JOAQUIM RIBEIRO,"",RUA RIBEIRO PESSOA,"",AV JOAQUIM RIBEIRO,"","",CAXANGÁ,281,CIDADE,ABALROAMENTO LONGITUDINAL,FIAT PONTO X LOGAN,2,,,,,,,,,0,,Cruzamento,Bom,Sem defeito,Perfeito estado,Seca,Perfeito estado,Faixa de pedestre,Não há placas,"",Dupla,Canteiro central,"",""
8497,2019-09-28T00:00:00,20:30:00,SEM VÍTIMA,CANCELADA,IPUTINGA,RUA PROFESSOR CHAVES BATISTA,"","",AO LADO DO BOI BRASA / PRÓX A DROGASIL,RUA PROFESSOR CHAVES BATISTA,"",AO LADO DO BOI BRASA / PRÓX A DROGASIL,IPUTINGA,,"",COLISÃO,ENTRE 2 AUTOS. S/V,2,,,,,,,,,0,,"","","","","","","","","","","","",""
8498,2019-09-28T00:00:00,21:24:00,COM VÍTIMA,FINALIZADA,CAMPO GRANDE,RUA ODORICO MENDES,"",RUA VISCONDE DE CAIRU,"PRÓX AO CLUBE DAS PÁS, SNT CID",RUA ODORICO MENDES,"","PRÓX AO CLUBE DAS PÁS, SNT CID",CAMPO GRANDE,,SUBURBIO,ABALROAMENTO TRANSVERSAL,ENTRE AUTO E MOTO. C/V,1,1,,,,,,,,1,,Cruzamento,Bom,Não existe,Perfeito estado,Seca,Perfeito estado,Faixa de retenção,Placas Pare,"",Dupla,Faixa seccionada,"",""
8499,2019-09-28T00:00:00,22:59:00,COM VÍTIMA,FINALIZADA,SANTO AMARO,RUA DOS PALMARES,"","",ENF. AO PROCAP,RUA DOS PALMARES,"",ENF. AO PROCAP,SANTO AMARO,,SUBURBIO,CHOQUE,MOTORISTA ALCOOLIZADO CHOCA VEICULO NO POSTE OBS: POSTO COM TRANSFORMADOR INCLINADO PARA VIA,1,,,,,,,,1,1,,Longo da via,Bom,Não existe,Perfeito estado,Seca,Mal iluminada,Outros,Outras,"",Dupla,Faixa seccionada,"",""
8500,2019-09-29T00:00:00,00:36:00,COM VÍTIMA,FINALIZADA,IBURA,RUA VALE DO ITAJAI,107,"",HA 100 METROS DA UPA LAGOA ENCANTADA,RUA VALE DO ITAJAI,107,HA 100 METROS DA UPA LAGOA ENCANTADA,IBURA,,SUBURBIO,ABALROAMENTO LONGITUDINAL,COLISÃO DUAS MOTOS - COM DUAS VITIMAS,,2,,,,,,,,1,,Longo da via,Bom,Não existe,Incompleta,Seca,Perfeito estado,"",Não há placas,30 km/h,Dupla,Não existe,"",""
8501,2019-09-29T00:00:00,01:22:00,COM VÍTIMA,FINALIZADA,BOA VIAGEM,AV CONSELHEIRO AGUIAR,2696,RUA PROFESSOR JOSE BRANDAO,EM FRENTE A FARMACIA EXTRA FARMA,AV CONSELHEIRO AGUIAR,2696,EM FRENTE A FARMACIA EXTRA FARMA,BOA VIAGEM,549,C,ABALROAMENTO TRANSVERSAL,COLISÃO AUTO X MOTO - COM UMA VITIMA SENDO SOCORRIDA PELO SAMU,1,1,,,,,,,,1,,Cruzamento,Bom,Sem defeito,Perfeito estado,Seca,Perfeito estado,Faixa de pedestre,R-6a,"",Única,Faixa contínua,"",""
8502,2019-09-29T00:00:00,01:47:00,COM VÍTIMA,FINALIZADA,SAN MARTIN,RUA VINTE E UM DE ABRIL,2320,"",EM FRENTE A NIDA MODAS/SENTIDO GIRADOURO DE SAN MARTIN,RUA VINTE E UM DE ABRIL,2320,EM FRENTE A NIDA MODAS/SENTIDO GIRADOURO DE SAN MARTIN,SAN MARTIN,,"",COLISÃO COM CICLISTA,"COM TRES VITIMAS AGUARDANDO SAMU,COLISÃO MOTO E BICICLETA",,1,,1,,,,,,3,,"","","","","","","","","","","","",""
8503,2019-09-29T00:00:00,05:00:00,SEM VÍTIMA,CANCELADA,SAN MARTIN,AV GENERAL SAN MARTIN,624,RUA GOMES TABORDA,EM FRENTE A FARMACIA DROGASIL,AV GENERAL SAN MARTIN,624,EM FRENTE A FARMACIA DROGASIL,SAN MARTIN,67,"",COLISÃO,SEM VITIMAS/AUTO E MOTO,1,1,,,,,,,,0,,"","","","","","","","","","","","",""
8504,2019-09-29T00:00:00,05:54:00,SEM VÍTIMA,FINALIZADA,JIQUIÁ,RUA BEZINHA,56,"","",RUA BEZINHA,56,"",JIQUIÁ,,SUBURBIO,COLISÃO TRASEIRA,SEM VITIMAS DOIS AUTO PASSEIO,2,,,,,,,,,0,,Longo da via,Bom,Não existe,Ilegível,Seca,Mal conservada,Não existe,Não há placas,"",Dupla,Não existe,"",""
8505,2019-09-29T00:00:00,06:30:00,SEM VÍTIMA,FINALIZADA,PINA,AV ANTONIO DE GOES,"","",POSTE DE Nº B 001645,AV ANTONIO DE GOES,"",POSTE DE Nº B 001645,PINA,226,CIDADE,COLISÃO TRASEIRA,DOIS AUTOS,2,,,,,,,,,0,,Longo da via,Bom,Sem defeito,Perfeito estado,Seca,Perfeito estado,Faixa de pedestre,"",60 km/h,Única,Faixa contínua,"",""
8506,2019-09-29T00:00:00,08:05:00,SEM VÍTIMA,FINALIZADA,DERBY,AV GOVERNADOR AGAMENON MAGALHAES,"","",PRAÇA DO DERBY,AV GOVERNADOR AGAMENON MAGALHAES,"",PRAÇA DO DERBY,DERBY,,SUBURBIO,ABALROAMENTO LONGITUDINAL,COLISÃO DE DOIS CARROS,2,,,,,,,,,0,,Longo da via,Bom,Não existe,Perfeito estado,Seca,Perfeito estado,Não existe,Não há placas,"",Única,Canteiro central,"",""
8507,2019-09-29T00:00:00,08:52:00,SEM VÍTIMA,FINALIZADA,JORDÃO,AV CENTENARIO ALBERTO SANTOS DUMONT,"","",ACESSO AO TÚNEL FELIPE CAMARÃO,AV CENTENARIO ALBERTO SANTOS DUMONT,"",ACESSO AO TÚNEL FELIPE CAMARÃO,JORDÃO,,"",COLISÃO TRASEIRA,COLISÃO SEM VITIMAS,2,,,,,,,,,0,,Longo da via,Bom,Não existe,Perfeito estado,Seca,Perfeito estado,Não existe,"","",Única,"","",""
8508,2019-09-29T00:00:00,11:23:00,SEM VÍTIMA,FINALIZADA,IPSEP,RUA JEAN EMILE FAVRE,422,RUA ITAMARACA,"",RUA JEAN EMILE FAVRE,422,"",IPSEP,,SUBURBIO,ABALROAMENTO LONGITUDINAL,COLISÃO DE DOIS CARROS,1,,,,,1,,,,0,,"",Bom,Não existe,Perfeito estado,Seca,Perfeito estado,Não existe,Não há placas,"",Única,"","",""
8509,2019-09-29T00:00:00,12:21:00,SEM VÍTIMA,CANCELADA,BOA VIAGEM,RUA VISCONDE DE JEQUITINHONHA,1360,"","APOS O LAÇADOR O SEGUNDO SEMÁFORO, SENTIDO PIEDADE... EDIF. TOBAGO",RUA VISCONDE DE JEQUITINHONHA,1360,"APOS O LAÇADOR O SEGUNDO SEMÁFORO, SENTIDO PIEDADE... EDIF. TOBAGO",BOA VIAGEM,,"",COLISÃO,COLISÃO SEM VITIMA,1,,,,,1,,,,0,,"","","","","","","","","","","","",""
8510,2019-09-29T00:00:00,12:45:00,SEM VÍTIMA,FINALIZADA,VÁRZEA,PRC PINTO DAMASO,2005,RUA AMARO GOMES POROCA,PRAÇA DA VÁRZEA,PRC PINTO DAMASO,2005,PRAÇA DA VÁRZEA,VÁRZEA,,"",ABALROAMENTO LONGITUDINAL,COLISÃO SEM VÍTIMA,2,,,,,,,,,0,,"",Bom,Não existe,Perfeito estado,Seca,Perfeito estado,Não existe,Não há placas,40 km/h,Única,Não existe,"",""
8511,2019-09-29T00:00:00,14:32:00,SEM VÍTIMA,FINALIZADA,PRADO,RUA PADRE TEOFILO TWORZ,"",RUA SANTA EDWIRGES,EM FRENTE AO POSTE DE Nº B 029653,RUA PADRE TEOFILO TWORZ,"",EM FRENTE AO POSTE DE Nº B 029653,PRADO,,CIDADE,ABALROAMENTO TRANSVERSAL,"",2,,,,,,,,,0,,Cruzamento,Bom,Não existe,Incompleta,Seca,Perfeito estado,Não existe,R-6a,"",Dupla,Canal,"",""
8512,2019-09-29T00:00:00,15:02:00,SEM VÍTIMA,FINALIZADA,BOA VISTA,RUA DOM BOSCO,1216,"",PRÓXIMO AO COLÉGIO AMERICANO BATISTA,RUA DOM BOSCO,1216,PRÓXIMO AO COLÉGIO AMERICANO BATISTA,BOA VISTA,,"",ABALROAMENTO LONGITUDINAL,COLISÃO SEM VÍTIMA,2,,,,,,,,,0,,Longo da via,Bom,Não existe,Perfeito estado,Seca,Perfeito estado,Não existe,R-6a,40 km/h,Única,Faixa seccionada,"",""
8513,2019-09-29T00:00:00,16:51:00,SEM VÍTIMA,CANCELADA,BAIRRO DO RECIFE,AV ALFREDO LISBOA,"","",EM FRENTE AO PARADOR/ PROX. DO ARMAZEM QUATORZE,AV ALFREDO LISBOA,"",EM FRENTE AO PARADOR/ PROX. DO ARMAZEM QUATORZE,BAIRRO DO RECIFE,,"",COLISÃO,COLISÃO SEM VÍTIMA,2,,,,,,,,,0,,"","","","","","","","","","","","",""
8514,2019-09-29T00:00:00,17:32:00,SEM VÍTIMA,FINALIZADA,SÃO JOSÉ,AV N S DO CARMO,"","",AO LADO DA NARCISO ENXOVAIS,AV N S DO CARMO,"",AO LADO DA NARCISO ENXOVAIS,SÃO JOSÉ,,SUBURBIO,ABALROAMENTO LONGITUDINAL,COLISÃO SEM VÍTIMA,1,,,,,1,,,,0,,Longo da via,Bom,Não existe,Perfeito estado,Seca,Perfeito estado,Não existe,Não há placas,"",Dupla,Faixa seccionada,"",""
8515,2019-09-29T00:00:00,17:35:00,SEM VÍTIMA,FINALIZADA,IMBIRIBEIRA,RUA IZABEL DE SOUZA,378,RUA PAMPULHA,EDF ELBECO,RUA IZABEL DE SOUZA,378,EDF ELBECO,IMBIRIBEIRA,450,SUBURBIO,COLISÃO TRASEIRA,COLISÃO SEM VÍTIMA,2,,,,,,,,,0,,Longo da via,Nublado,Sem defeito,Perfeito estado,Seca,Perfeito estado,Faixa de pedestre,Outras,"",Única,"","",""
8516,2019-09-29T00:00:00,17:46:00,COM VÍTIMA,FINALIZADA,IBURA,AV DOIS RIOS,"",LAD DA COHAB,EM FRENTE DA POLICLINICA,AV DOIS RIOS,"",EM FRENTE DA POLICLINICA,IBURA,,"",ABALROAMENTO LONGITUDINAL,COLISÃO COM VITIMA/ SAMU NO LOCAL,,1,,,,1,,,,1,,Longo da via,Bom,Não existe,Incompleta,Seca,Mal iluminada,Não existe,Outras,"",Dupla,Faixa contínua,"",""
8517,2019-09-29T00:00:00,19:38:00,SEM VÍTIMA,FINALIZADA,ESPINHEIRO,RUA DA HORA,"",RUA BARAO DE ITAMARACA,OPOSTO AO Nº 254,RUA DA HORA,"",OPOSTO AO Nº 254,ESPINHEIRO,,CIDADE,CHOQUE VEÍCULO PARADO,TRES AUTOS OBS: SUSPEITA DE EMBRIAGUEZ,2,,,,,,,,1,0,,"",Bom,"",Perfeito estado,Seca,Perfeito estado,Faixa de retenção,"",40 km/h,Única,Faixa seccionada,"",""
8518,2019-09-29T00:00:00,19:47:00,SEM VÍTIMA,FINALIZADA,IMBIRIBEIRA,AV MARECHAL MASCARENHAS DE MORAES,"","",EM FRENTE A ANAC,AV MARECHAL MASCARENHAS DE MORAES,"",EM FRENTE A ANAC,IMBIRIBEIRA,,"",COLISÃO TRASEIRA,MOTO X CARRO S/V (OBS: SUSPEITA DE EMBRIAGUEZ),1,1,,,,,,,,0,,Longo da via,Bom,Sem defeito,Perfeito estado,Seca,Perfeito estado,Não existe,Outras,"",Dupla,Canteiro central,"",""
8519,2019-09-29T00:00:00,21:11:00,SEM VÍTIMA,FINALIZADA,ARRUDA,AV PROFESSOR JOSE DOS ANJOS,"",RUA PETRONILA BOTELHO,"",AV PROFESSOR JOSE DOS ANJOS,"","",ARRUDA,554,SUBURBIO,ABALROAMENTO LONGITUDINAL,TRES AUTO,3,,,,,,,,,0,,Cruzamento,Bom,Sem defeito,Incompleta,Seca,Perfeito estado,Faixa de pedestre,Outras,40 km/h,Dupla,Canal,"",""
8520,2019-09-29T00:00:00,21:25:00,SEM VÍTIMA,FINALIZADA,IMBIRIBEIRA,AV MARECHAL MASCARENHAS DE MORAES,"","",EM FRENTE A LOCALIZA,AV MARECHAL MASCARENHAS DE MORAES,"",EM FRENTE A LOCALIZA,IMBIRIBEIRA,,CIDADE,ABALROAMENTO TRANSVERSAL,ENTRE DOIS AUTO S/V,2,,,,,,,,,0,,Longo da via,Bom,Não existe,Perfeito estado,Seca,Perfeito estado,Não existe,Outras,60 km/h,Dupla,Faixa contínua,"",""
8521,2019-09-29T00:00:00,21:30:00,COM VÍTIMA,FINALIZADA,MADALENA,RUA REAL DA TORRE,292,"",APÓS O MERCADO DA MADALENA/ E/F AO CENTRO DE FORMAÇÃO DE EDUCADORES,RUA REAL DA TORRE,292,APÓS O MERCADO DA MADALENA/ E/F AO CENTRO DE FORMAÇÃO DE EDUCADORES,MADALENA,,SUBURBIO,COLISÃO TRASEIRA,MOTO X AUTO PASSEIO COM VÍTIMA,1,1,,,,,,,,1,,Longo da via,Bom,Não existe,Perfeito estado,Seca,Perfeito estado,Outros,Outras,50 km/h,Única,Faixa seccionada,"",""
8522,2019-09-29T00:00:00,23:30:00,SEM VÍTIMA,FINALIZADA,GRAÇAS,AV RUI BARBOSA,"",RUA ALBERTO PAIVA,EM FRENTE A PEDRAGON,AV RUI BARBOSA,"",EM FRENTE A PEDRAGON,GRAÇAS,,CIDADE,ABALROAMENTO LONGITUDINAL,JEEP X AUTO,2,,,,,,,,,0,,Cruzamento,Bom,Sem defeito,Perfeito estado,Seca,Perfeito estado,Faixa de pedestre,"","",Única,Faixa seccionada,"",""
8523,2019-09-30T00:00:00,00:39:00,SEM VÍTIMA,CANCELADA,IBURA,RUA DR BENIGNO JORDAO DE VASCONCELOS,"","",AO LADO DA UPA DE LAGOA ENCANTADA,RUA DR BENIGNO JORDAO DE VASCONCELOS,"",AO LADO DA UPA DE LAGOA ENCANTADA,IBURA,,"",COLISÃO,"COLISÃO ENTRE DOIS AUTOS, SEM VÍTIMAS.",2,,,,,,,,,0,,"","","","","","","","","","","","",""
8524,2019-09-30T00:00:00,07:02:00,SEM VÍTIMA,FINALIZADA,BOA VIAGEM,AV BOA VIAGEM,6576,"",EDF. CANAVIAL,AV BOA VIAGEM,6576,EDF. CANAVIAL,BOA VIAGEM,,CIDADE,COLISÃO TRASEIRA,COLISÃO S/VITIMAS ENTRE DOIS AUTOS,2,,,,,,,,,0,,Longo da via,Bom,Não existe,Perfeito estado,Seca,Perfeito estado,Não existe,Não há placas,60 km/h,Única,Faixa seccionada,"",""
8525,2019-09-30T00:00:00,07:18:00,COM VÍTIMA,FINALIZADA,AFOGADOS,RUA VINTE E UM DE ABRIL,"",RUA VISCONDE DE PELOTAS,E/F LOJA PIPOQUEIRA,RUA VINTE E UM DE ABRIL,"",E/F LOJA PIPOQUEIRA,AFOGADOS,334,"",COLISÃO COM CICLISTA,AUTO E CICLISTA,1,,,1,,,,,,1,,Cruzamento,Bom,Sem defeito,Perfeito estado,Seca,Perfeito estado,Faixa de pedestre,R-6a,"",Única,Não existe,"",""
8526,2019-09-30T00:00:00,07:27:00,SEM VÍTIMA,FINALIZADA,"",RUA JOAO FERNANDES VIEIRA,"","",LADO OPOSTO AO Nº 769 / IGREJA BATISTA DA CAPUNGA,RUA JOAO FERNANDES VIEIRA,"",LADO OPOSTO AO Nº 769 / IGREJA BATISTA DA CAPUNGA,"",,CIDADE,ABALROAMENTO LONGITUDINAL,COLISÃO S/VITIMAS ENTRE DOIS AUTOS,2,,,,,,,,,0,,Longo da via,Bom,Não existe,"",Seca,Perfeito estado,Não existe,"","",Única,"","",""
8527,2019-09-30T00:00:00,07:39:00,COM VÍTIMA,FINALIZADA,MACAXEIRA,AV NORTE,7487,RUA TIJUCAL,EM FRENTE A ESCOLA TECNICA MIGUEL BATISTA,AV NORTE,7487,EM FRENTE A ESCOLA TECNICA MIGUEL BATISTA,MACAXEIRA,451,CIDADE,COLISÃO TRASEIRA,"ENTRE DOIS AUTOS PASSEIO, COM UMA VITIMA SAMU NO LOCAL",2,,,,,,,,,1,,Longo da via,Bom,Sem defeito,Perfeito estado,Seca,Perfeito estado,Outros,R-6a,"",Dupla,Faixa contínua,Canteiro central,""
8528,2019-09-30T00:00:00,08:20:00,SEM VÍTIMA,FINALIZADA,BOA VIAGEM,RUA CAMBOIM,"",RUA COPACABANA,"",RUA CAMBOIM,"","",BOA VIAGEM,,SUBURBIO,ABALROAMENTO LONGITUDINAL,COLISÃO S/VITIMAS ENTRE DOIS AUTOS,1,,,,,,,,1,0,,Cruzamento,Bom,Não existe,Não existente,Seca,Perfeito estado,Não existe,Não há placas,"",Dupla,Faixa seccionada,"",""
8529,2019-09-30T00:00:00,08:22:00,SEM VÍTIMA,FINALIZADA,AREIAS,AV TENENTE FELIPE BANDEIRA DE MELO,46,AV CAPITAO GREGORIO DE CALDAS,BIG BOMPREÇO,AV TENENTE FELIPE BANDEIRA DE MELO,46,BIG BOMPREÇO,AREIAS,,CIDADE,COLISÃO TRASEIRA,SEM VITIMAS,2,,,,,,,,,0,,Longo da via,Bom,Não existe,Perfeito estado,Seca,Perfeito estado,"",Outras,"",Dupla,Faixa contínua,Faixa seccionada,""
8530,2019-09-30T00:00:00,08:43:00,SEM VÍTIMA,FINALIZADA,ARRUDA,AV BEBERIBE,1310,"","",AV BEBERIBE,1310,"",ARRUDA,,"",CHOQUE VEÍCULO PARADO,COLISÃO SEM VITIMAS,2,,,,,,,,,0,,Longo da via,Bom,Não existe,Perfeito estado,Seca,Perfeito estado,Outros,Outras,"",Dupla,Canteiro central,"",""
8531,2019-09-30T00:00:00,08:53:00,COM VÍTIMA,FINALIZADA,SÃO JOSÉ,AV DANTAS BARRETO,"","",EM FRENTE AO TERMINAL DE ONIBUS DA 1002,AV DANTAS BARRETO,"",EM FRENTE AO TERMINAL DE ONIBUS DA 1002,SÃO JOSÉ,,CIDADE,ABALROAMENTO LONGITUDINAL,COLISÃO COM VITIMA SOCORRIDOS PELO SAMU,1,1,,,,,,,,1,,Longo da via,Bom,Não existe,Perfeito estado,Seca,Perfeito estado,Não existe,Não há placas,"",Dupla,Canteiro central,"",""
8532,2019-09-30T00:00:00,10:01:00,COM VÍTIMA,FINALIZADA,SANTO AMARO,RUA TREZE DE MAIO,954,RUA FREI CASSIMIRO,EM FRENTE A BORRACHARIA MODESTO BORRACHARIA,RUA TREZE DE MAIO,954,EM FRENTE A BORRACHARIA MODESTO BORRACHARIA,SANTO AMARO,,SUBURBIO,ABALROAMENTO LONGITUDINAL,COLISÃO DE UM CARRO COM UMA MOTO. / LOCAL DESCARACTERIZADO.,1,1,,,,,,,,1,,Cruzamento,Bom,Não existe,Perfeito estado,Seca,Perfeito estado,Outros,Outras,60 km/h,Dupla,Faixa contínua,"",""
8533,2019-09-30T00:00:00,11:16:00,SEM VÍTIMA,FINALIZADA,POÇO DA PANELA,AV DEZESSETE DE AGOSTO,1465,"","",AV DEZESSETE DE AGOSTO,1465,"",POÇO DA PANELA,,SUBURBIO,COLISÃO TRASEIRA,COLISÃO S/VITIMAS ENTRE TRES AUTOS,3,,,,,,,,,0,,Longo da via,Bom,Não existe,Perfeito estado,Seca,Perfeito estado,Não existe,Não há placas,"",Dupla,Faixa contínua,"",""
8534,2019-09-30T00:00:00,12:01:00,SEM VÍTIMA,FINALIZADA,PARNAMIRIM,RUA JOAO TUDE DE MELO,"",RUA VIRGINIA LORETO,"",RUA JOAO TUDE DE MELO,"","",PARNAMIRIM,649,"",COLISÃO TRASEIRA,COLISAO ENTRE DOIS AUTOS S/V,2,,,,,,,,,0,,Longo da via,Bom,Sem defeito,Perfeito estado,Seca,Perfeito estado,Faixa de pedestre,"","",Dupla,Canteiro central,"",""
8535,2019-09-30T00:00:00,12:22:00,SEM VÍTIMA,FINALIZADA,CORDEIRO,RUA DR JOAO LACERDA,395,"",EM FRENTE AO PERPART,RUA DR JOAO LACERDA,395,EM FRENTE AO PERPART,CORDEIRO,,SUBURBIO,ABALROAMENTO LONGITUDINAL,COLISÃO SEM VÍTIMA,2,,,,,,,,,0,,Longo da via,Bom,Não existe,Perfeito estado,Seca,Perfeito estado,Não existe,Outras,"",Dupla,Faixa seccionada,"",""
8536,2019-09-30T00:00:00,12:37:00,COM VÍTIMA,FINALIZADA,BOA VISTA,RUA JOSE DE ALENCAR,438,"",EM FRENTE A DEFENSORIA PUBLICA,RUA JOSE DE ALENCAR,438,EM FRENTE A DEFENSORIA PUBLICA,BOA VISTA,,CIDADE,ATROPELAMENTO,AUTO E PEDESTRE,1,,,,1,,,,,1,,Longo da via,Bom,Não existe,Perfeito estado,Seca,Perfeito estado,Não existe,Não há placas,"",Única,Não existe,"",""
8537,2019-09-30T00:00:00,12:39:00,SEM VÍTIMA,CANCELADA,JORDÃO,RUA CANAL DO JORDAO,257,"",PROX A FEIRA ESQUINA DA OFICINA MARTELINHO DE OURO,RUA CANAL DO JORDAO,257,PROX A FEIRA ESQUINA DA OFICINA MARTELINHO DE OURO,JORDÃO,,"",COLISÃO,COLISAO ENTRE AUTO E MOTO S/V,1,1,,,,,,,,0,,"","","","","","","","","","","","",""
8538,2019-09-30T00:00:00,12:57:00,SEM VÍTIMA,CANCELADA,ÁGUA FRIA,AV BEBERIBE,2315,"",E/F AO DEPOSITO DO ITALIANO,AV BEBERIBE,2315,E/F AO DEPOSITO DO ITALIANO,ÁGUA FRIA,,"",COLISÃO,COLISAO ENTRE AUTO E MOTO S/V,1,1,,,,,,,,0,,"","","","","","","","","","","","",""