_id,DATA,hora,natureza_acidente,situacao,bairro,endereco,numero,detalhe_endereco_acidente,complemento,endereco_cruzamento,numero_cruzamento,referencia_cruzamento,bairro_cruzamento,num_semaforo,sentido_via,tipo,descricao,auto,moto,ciclom,ciclista,pedestre,onibus,caminhao,viatura,outros,vitimas,vitimasfatais,acidente_verificado,tempo_clima,situacao_semaforo,sinalizacao,condicao_via,conservacao_via,ponto_controle,situacao_placa,velocidade_max_via,mao_direcao,divisao_via1,divisao_via2,divisao_via3
8539,2019-09-30T00:00:00,13:17:00,SEM VÍTIMA,FINALIZADA,IMBIRIBEIRA,AV MARECHAL MASCARENHAS DE MORAES,"","",VIADUTO TANCREDO NEVES,AV MARECHAL MASCARENHAS DE MORAES,"",VIADUTO TANCREDO NEVES,IMBIRIBEIRA,,CIDADE,ABALROAMENTO LONGITUDINAL,COLISÃO SEM VÍTIMA,2,,,,,,,,,0,,Longo da via,Bom,Não existe,Não existente,Seca,Perfeito estado,Não existe,Não há placas,"",Dupla,Canteiro central,"",""
8540,2019-09-30T00:00:00,13:58:00,SEM VÍTIMA,FINALIZADA,MADALENA,AV CAXANGA,459,"","",AV CAXANGA,459,"",MADALENA,,CIDADE,ABALROAMENTO LONGITUDINAL,COLISAO ENTRE AUTO E MOTO S/V,1,1,,,,,,,,0,,Longo da via,Bom,Não existe,Perfeito estado,Seca,Perfeito estado,Não existe,R-6a,"",Dupla,Canteiro central,"",""
8541,2019-09-30T00:00:00,14:39:00,SEM VÍTIMA,FINALIZADA,DERBY,RUA JENER DE SOUZA,"",PRC DO DERBY,EM FRENTE AO QUARTEL DA POLÍCIA MILITAR,RUA JENER DE SOUZA,"",EM FRENTE AO QUARTEL DA POLÍCIA MILITAR,DERBY,,"",ABALROAMENTO LONGITUDINAL,COLISAO ENTRE ONIBUS E AUTO S/V,1,,,,,1,,,,0,,Cruzamento,Bom,Não existe,Perfeito estado,Seca,Perfeito estado,Não existe,R-1,"",Dupla,Canteiro central,"",""
8542,2019-09-30T00:00:00,15:15:00,SEM VÍTIMA,FINALIZADA,BARRO,AV CENTRAL,"","",ESTAÇÃO DO BARRO,AV CENTRAL,"",ESTAÇÃO DO BARRO,BARRO,,SUBURBIO,ABALROAMENTO TRANSVERSAL,COLISÃO SEM VÍTIMA,2,,,,,,,,,0,,Longo da via,Bom,Não existe,Incompleta,Seca,Perfeito estado,Não existe,Outras,"",Dupla,Canteiro central,"",""
8543,2019-09-30T00:00:00,15:27:00,SEM VÍTIMA,FINALIZADA,IMBIRIBEIRA,AV MARECHAL MASCARENHAS DE MORAES,"","",EM FRENTE AO AEROPORTO,AV MARECHAL MASCARENHAS DE MORAES,"",EM FRENTE AO AEROPORTO,IMBIRIBEIRA,570,SUBURBIO,COLISÃO TRASEIRA,COLISAO ENTRE DOIS AUTOS S/V,2,,,,,,,,,0,,Longo da via,Bom,Sem defeito,Perfeito estado,Seca,Perfeito estado,Faixa de pedestre,Outras,60 km/h,Dupla,Canteiro central,"",""
8544,2019-09-30T00:00:00,16:01:00,SEM VÍTIMA,FINALIZADA,ARRUDA,AV PROFESSOR JOSE DOS ANJOS,82,"","",AV PROFESSOR JOSE DOS ANJOS,82,"",ARRUDA,,SUBURBIO,CHOQUE OBJETO FIXO,VEICULO CHOCOU COM UM FERRO DE PROTEÇAO,1,,,,,,,,,0,,Longo da via,Bom,Não existe,Perfeito estado,Seca,Perfeito estado,Outros,Outras,"",Única,Faixa contínua,"",""
8545,2019-09-30T00:00:00,16:06:00,SEM VÍTIMA,FINALIZADA,CORDEIRO,AV MAURICIO DE NASSAU,"","",POR TRAS DO PARQUE DA EXPOSIÇAO DE ANIMAIS,AV MAURICIO DE NASSAU,"",POR TRAS DO PARQUE DA EXPOSIÇAO DE ANIMAIS,CORDEIRO,,CIDADE,COLISÃO TRASEIRA,COLISAO ENTRE DOIS AUTOS S/V,2,,,,,,,,,0,,Longo da via,Bom,Não existe,Perfeito estado,Seca,Perfeito estado,Não existe,Não há placas,"",Dupla,Faixa contínua,"",""
8546,2019-09-30T00:00:00,16:48:00,SEM VÍTIMA,FINALIZADA,BOA VIAGEM,AV DOM JOAO VI,"","",NA RUA DO CANAL DO SHOPPING RECIFE S/T PINA,AV DOM JOAO VI,"",NA RUA DO CANAL DO SHOPPING RECIFE S/T PINA,BOA VIAGEM,,"",COLISÃO,COLISAO ENTRE MOTO E AUTOS S/V,1,1,,,,,,,,0,,"","","","","","","","","","","","",""
8547,2019-09-30T00:00:00,16:49:00,SEM VÍTIMA,FINALIZADA,BOA VISTA,RUA AURORA,49,"",ESTACIONAMENTO AURORA,RUA AURORA,49,ESTACIONAMENTO AURORA,BOA VISTA,,"",COLISÃO TRASEIRA,COLISÃO SEM VITIMA,,2,,,,,,,,0,,Longo da via,Bom,Sem defeito,Perfeito estado,Seca,Perfeito estado,"","","",Única,"","",""
8548,2019-09-30T00:00:00,17:02:00,SEM VÍTIMA,FINALIZADA,CORDEIRO,AV CAXANGA,"",RUA GREGORIO JUNIOR,"",AV CAXANGA,"","",CORDEIRO,236,CIDADE,ABALROAMENTO LONGITUDINAL,COLISÃO ENVOLVENDO DUAS MOTOCICLETAS E UM AUTO,1,2,,,,,,,,0,,Cruzamento,Bom,Sem defeito,Perfeito estado,Seca,Perfeito estado,Faixa de pedestre,R-6a,"",Dupla,Canteiro central,"",""
8549,2019-09-30T00:00:00,17:07:00,SEM VÍTIMA,FINALIZADA,BOA VISTA,RUA DOM BOSCO,1082,"",POSTO BR,RUA DOM BOSCO,1082,POSTO BR,BOA VISTA,27,"",ABALROAMENTO LONGITUDINAL,COLISAO ENTRE ONIBUS E AUTOS S/V,1,,,,,1,,,,0,,Longo da via,Bom,Sem defeito,Perfeito estado,Seca,Perfeito estado,"","",40 km/h,Única,"","",""
8550,2019-09-30T00:00:00,17:13:00,SEM VÍTIMA,FINALIZADA,BOA VISTA,AV GOVERNADOR AGAMENON MAGALHAES,"","",CIRCULO MILITAR,AV GOVERNADOR AGAMENON MAGALHAES,"",CIRCULO MILITAR,BOA VISTA,,CIDADE,COLISÃO TRASEIRA,COLISÃO SEM VITIMA,2,1,,,,,,,,0,,Longo da via,Bom,Não existe,Perfeito estado,Seca,Perfeito estado,Não existe,Outras,60 km/h,Dupla,Canteiro central,"",""
8551,2019-09-30T00:00:00,17:15:00,SEM VÍTIMA,FINALIZADA,ESTÂNCIA,AV DR JOSE RUFINO,"","",COLEGIO VISAO,AV DR JOSE RUFINO,"",COLEGIO VISAO,ESTÂNCIA,,SUBURBIO,ABALROAMENTO LONGITUDINAL,COLISAO ENTRE AUTO E CAMINHAO BAÚ,1,,,,,,1,,,0,,Longo da via,Bom,"",Incompleta,Seca,"","",Outras,"",Dupla,Faixa contínua,Faixa seccionada,""
8552,2019-09-30T00:00:00,17:32:00,SEM VÍTIMA,FINALIZADA,ÁGUA FRIA,RUA SAO BENTO,238,"",EDF SANTA TEREZA,RUA SAO BENTO,238,EDF SANTA TEREZA,ÁGUA FRIA,,SUBURBIO,ABALROAMENTO LONGITUDINAL,COLISAO ENTRE AUTO E ONIBUS S/V,1,,,,,1,,,,0,,Longo da via,Bom,Não existe,Perfeito estado,Seca,Perfeito estado,Não existe,Outras,"",Única,Faixa seccionada,"",""
8553,2019-09-30T00:00:00,18:06:00,SEM VÍTIMA,FINALIZADA,GRAÇAS,RUA AMELIA,"",RUA ALBERTO PAIVA,SUBIDA DA PONTE DA RUA AMÉLIA,RUA AMELIA,"",SUBIDA DA PONTE DA RUA AMÉLIA,GRAÇAS,,SUBURBIO,ABALROAMENTO LONGITUDINAL,COLISÃO SEM VITIMA,2,,,,,,,,,0,,Longo da via,Bom,Não existe,Não existente,Seca,Perfeito estado,Não existe,Não há placas,"",Dupla,Faixa contínua,"",""
8554,2019-09-30T00:00:00,18:27:00,SEM VÍTIMA,FINALIZADA,"",RUA SA E SOUZA,1122,"",FARMÁCIA DROGASIL,RUA SA E SOUZA,1122,FARMÁCIA DROGASIL,"",,SUBURBIO,ABALROAMENTO LONGITUDINAL,ONIBUS BORBOREMA X FORD KA,1,,,,,1,,,,0,,Longo da via,Bom,Não existe,Perfeito estado,Seca,Perfeito estado,Não existe,Não há placas,"",Dupla,Faixa seccionada,"",""
8555,2019-09-30T00:00:00,18:36:00,COM VÍTIMA,FINALIZADA,IPSEP,RUA PAMPULHA,"",RUA CACHOEIRA,"",RUA PAMPULHA,"","",IPSEP,,"",ABALROAMENTO TRANSVERSAL,COLISAO ENVOLVENDO DOIS AUTOS,2,,,,,,,,,1,,Cruzamento,Bom,Não existe,Perfeito estado,Seca,Perfeito estado,Não existe,Placas Pare,"",Única,Faixa contínua,Faixa seccionada,""
8556,2019-09-30T00:00:00,18:36:00,COM VÍTIMA,FINALIZADA,VÁRZEA,AV PROFESSOR ARTUR DE SA,572,"",CEMITERIO DA VÁRZEA,AV PROFESSOR ARTUR DE SA,572,CEMITERIO DA VÁRZEA,VÁRZEA,,SUBURBIO,ABALROAMENTO LONGITUDINAL,COLISÃO COM VITIMA / AGUARDANDO SAMU NO LOCAL,1,1,,,,,,,,1,,Longo da via,Bom,Não existe,Ilegível,Seca,Perfeito estado,Não existe,Não há placas,"",Dupla,Faixa seccionada,"",""
8557,2019-09-30T00:00:00,18:56:00,SEM VÍTIMA,FINALIZADA,VÁRZEA,RUA GASTAO VIDIGAL,"","",TERMINAL TIP CAXANGÁ,RUA GASTAO VIDIGAL,"",TERMINAL TIP CAXANGÁ,VÁRZEA,,SUBURBIO,ABALROAMENTO LONGITUDINAL,ONIBUS VIAÇAO MIRIM X CLASSIC,1,,,,,1,,,,0,,Longo da via,Bom,Não existe,Não existente,Seca,Perfeito estado,Não existe,Não há placas,"",Dupla,Faixa seccionada,"",""
8558,2019-09-30T00:00:00,19:16:00,SEM VÍTIMA,FINALIZADA,BOA VIAGEM,AV FERNANDO SIMOES BARBOSA,554,RUA RIBEIRO DE BRITO,"",AV FERNANDO SIMOES BARBOSA,554,"",BOA VIAGEM,332,SUBURBIO,ABALROAMENTO LONGITUDINAL,ENTRE AUTO E ÔNIBUS. S.V,1,,,,,1,,,,0,,Cruzamento,Bom,Sem defeito,Perfeito estado,Seca,Perfeito estado,Faixa de pedestre,R-6a,"",Única,Faixa seccionada,"",""
8559,2019-09-30T00:00:00,19:39:00,SEM VÍTIMA,CANCELADA,BOA VIAGEM,RUA SA E SOUZA,440,RUA BALTAZAR PASSOS,ESQUINA COM A LANCHONETE NATIVA,RUA SA E SOUZA,440,ESQUINA COM A LANCHONETE NATIVA,BOA VIAGEM,,"",COLISÃO,ENTRE 2 AUTOS. S/V,2,,,,,,,,,0,,"","","","","","","","","","","","",""
8560,2019-10-01T00:00:00,00:44:00,SEM VÍTIMA,FINALIZADA,BOA VIAGEM,RUA VISCONDE DE JEQUITINHONHA,"",RUA DR VICENTE GOMES,"",RUA VISCONDE DE JEQUITINHONHA,"","",BOA VIAGEM,433,SUBURBIO,ABALROAMENTO TRANSVERSAL,ENTRE DOIS AUTO S/V,2,,,,,,,,,0,,Cruzamento,Bom,Sem defeito,Perfeito estado,Seca,Perfeito estado,Faixa de pedestre,Não há placas,"",Única,Faixa contínua,Faixa seccionada,Canteiro central
8561,2019-10-01T00:00:00,06:48:00,SEM VÍTIMA,FINALIZADA,BOA VISTA,RUA DO HOSPICIO,561,"",EM FRENTE À SUBSEÇÃO DE ATENDIMENTO DE INATIVOS DO HMAR,RUA DO HOSPICIO,561,EM FRENTE À SUBSEÇÃO DE ATENDIMENTO DE INATIVOS DO HMAR,BOA VISTA,,CIDADE,COLISÃO TRASEIRA,SEM VITIMAS,3,,,,,,,,,0,,Longo da via,Bom,Não existe,Perfeito estado,Seca,Perfeito estado,Não existe,Outras,"",Dupla,Blocos,"",""
8562,2019-10-01T00:00:00,07:07:00,COM VÍTIMA,FINALIZADA,SÃO JOSÉ,AV SUL,457,"",PROX A SAIDA DO GALO EM FRENTE AO POSTO DE GASOLINA PETROBRÁS.,AV SUL,457,PROX A SAIDA DO GALO EM FRENTE AO POSTO DE GASOLINA PETROBRÁS.,SÃO JOSÉ,,CIDADE,ABALROAMENTO LONGITUDINAL,AUTO E MOTO,1,1,,,,,,,,1,,Longo da via,Bom,Não existe,Não existente,Seca,Perfeito estado,Não existe,Não há placas,60 km/h,Única,Faixa seccionada,"",""
8563,2019-10-01T00:00:00,07:14:00,SEM VÍTIMA,FINALIZADA,IMBIRIBEIRA,RUA ARQUITETO LUIZ NUNES,341,"",ATRÁS DO ASSAÍ ATACADISTA,RUA ARQUITETO LUIZ NUNES,341,ATRÁS DO ASSAÍ ATACADISTA,IMBIRIBEIRA,,SUBURBIO,ABALROAMENTO LONGITUDINAL,MOTO E AUTO,1,1,,,,,,,,0,,Longo da via,Bom,Não existe,Perfeito estado,Seca,Perfeito estado,Não existe,Não há placas,"",Dupla,Faixa contínua,"",""
8564,2019-10-01T00:00:00,08:10:00,SEM VÍTIMA,CANCELADA,AFOGADOS,LARGO DA PAZ,29,RUA SAO MIGUEL,EM FRENTE A LOJA NARCISO,LARGO DA PAZ,29,EM FRENTE A LOJA NARCISO,AFOGADOS,53,"",COLISÃO,SEM VITIMAS,2,1,,,,,,,,0,,"","","","","","","","","","","","",""
8565,2019-10-01T00:00:00,08:14:00,SEM VÍTIMA,DUPLICIDADE,IMBIRIBEIRA,AV MARECHAL MASCARENHAS DE MORAES,6997,"",NO INICIO DO MURO DO AEROPORTO,AV MARECHAL MASCARENHAS DE MORAES,6997,NO INICIO DO MURO DO AEROPORTO,IMBIRIBEIRA,,AEROPORTO,COLISÃO,SEM VITIMAS,3,,,,,,,,,0,,"","","","","","","","","","","","",""
8566,2019-10-01T00:00:00,08:22:00,SEM VÍTIMA,FINALIZADA,IMBIRIBEIRA,AV MARECHAL MASCARENHAS DE MORAES,6997,"","",AV MARECHAL MASCARENHAS DE MORAES,6997,"",IMBIRIBEIRA,,CIDADE,COLISÃO TRASEIRA,COLISÃO DE 3 CARROS (SANDUICHE). 1 CARRO IMPOSSIBILITADO DE LOCOMOÇÃO,3,,,,,,,,,0,,Longo da via,Bom,Não existe,Incompleta,Seca,Perfeito estado,Não existe,Não há placas,"",Dupla,Canteiro central,"",""
8567,2019-10-01T00:00:00,08:26:00,COM VÍTIMA,FINALIZADA,IBURA,AV DOM HELDER CAMARA,351,"",NA LINHA DO TREM ( NOS TRILHOS),AV DOM HELDER CAMARA,351,NA LINHA DO TREM ( NOS TRILHOS),IBURA,,"",COLISÃO TRASEIRA,MOTOCICLETA ENVOLVIDA NO ACIDENTE COM UM SEGUNDO VEÍCULO NÃO IDENTIFICADO POR TER SE EVADIDO DO LOCAL.,1,1,,,,,,,,1,,Longo da via,Bom,Não existe,Não existente,Seca,Mal conservada,Não existe,Não há placas,40 km/h,Dupla,Canteiro central,"",""
8568,2019-10-01T00:00:00,08:28:00,COM VÍTIMA,FINALIZADA,CAXANGÁ,AV CAXANGA,4435,"",EM FRENTE AO BOI E BRASA,AV CAXANGA,4435,EM FRENTE AO BOI E BRASA,CAXANGÁ,230,CIDADE,COLISÃO TRASEIRA,AUTO E MOTO,1,1,,,,,,,,1,,Longo da via,Bom,Sem defeito,Perfeito estado,Seca,Perfeito estado,Faixa de retenção,Outras,"",Dupla,Canteiro central,"",""
8569,2019-10-01T00:00:00,08:30:00,SEM VÍTIMA,FINALIZADA,DERBY,PRC DO DERBY,"",RUA JENER DE SOUZA,SOB O SEMÁFORO 418,PRC DO DERBY,"",SOB O SEMÁFORO 418,DERBY,,CIDADE,ABALROAMENTO LONGITUDINAL,SEM VITIMAS,2,,,,,,,,,0,,Cruzamento,Bom,Sem defeito,Perfeito estado,Seca,Perfeito estado,Faixa de pedestre,"","",Única,Canteiro central,"",""
8570,2019-10-01T00:00:00,08:35:00,SEM VÍTIMA,FINALIZADA,SANTO AMARO,AV GOVERNADOR AGAMENON MAGALHAES,"","",EM FRENTE A CONCESSIONÁRIA AGAMENON,AV GOVERNADOR AGAMENON MAGALHAES,"",EM FRENTE A CONCESSIONÁRIA AGAMENON,SANTO AMARO,,"",ABALROAMENTO TRANSVERSAL,COLISÃO SEM VITIMAS,1,,,,,1,,,,0,,Longo da via,Bom,Sem defeito,Perfeito estado,Seca,Perfeito estado,"","",60 km/h,Dupla,Faixa seccionada,Canal,""
8571,2019-10-01T00:00:00,08:40:00,SEM VÍTIMA,FINALIZADA,ENCRUZILHADA,AV JOAO DE BARROS,1883,"",LADO OPOSTO AO BRADESCO,AV JOAO DE BARROS,1883,LADO OPOSTO AO BRADESCO,ENCRUZILHADA,43,CIDADE,ABALROAMENTO LONGITUDINAL,UM CARRO COM UM CAMINHÃO,2,,,,,,,,1,0,,Longo da via,Bom,Sem defeito,Perfeito estado,Seca,Perfeito estado,Não existe,R-6a,"",Única,Não existe,"",""
8572,2019-10-01T00:00:00,09:04:00,SEM VÍTIMA,FINALIZADA,MADALENA,RUA JOSE OSORIO,76,"","",RUA JOSE OSORIO,76,"",MADALENA,,SUBURBIO,ABALROAMENTO TRANSVERSAL,COLISÃO DE 2 CARROS,2,,,,,,,,,0,,Longo da via,Bom,Sem defeito,Perfeito estado,Seca,Perfeito estado,Faixa de pedestre,Outras,50 km/h,Única,Faixa seccionada,"",""
8573,2019-10-01T00:00:00,09:33:00,SEM VÍTIMA,FINALIZADA,PINA,AV ANTONIO DE GOES,"","",FRENTE AO Nº 170,AV ANTONIO DE GOES,"",FRENTE AO Nº 170,PINA,,CIDADE,COLISÃO TRASEIRA,COLISÃO SEM VITIMAS,2,,,,,,,,,0,,Longo da via,Bom,Sem defeito,Perfeito estado,Seca,Perfeito estado,Agente,Outras,60 km/h,Única,Faixa contínua,Faixa seccionada,Canteiro central
8574,2019-10-01T00:00:00,09:36:00,SEM VÍTIMA,FINALIZADA,ENCRUZILHADA,AV JOAO DE BARROS,1912,"",APÓS O SEMÁFORO,AV JOAO DE BARROS,1912,APÓS O SEMÁFORO,ENCRUZILHADA,664,CIDADE,ABALROAMENTO LONGITUDINAL,"COLISÃO DE UM CARRO COM UM CAMINHÃO, GUARDA NO LOCAL",1,,,,,,1,,,0,,Longo da via,Bom,Sem defeito,Perfeito estado,Seca,Perfeito estado,Não existe,Não há placas,"",Única,Não existe,"",""
8575,2019-10-01T00:00:00,09:43:00,SEM VÍTIMA,CANCELADA,PINA,AV HERCULANO BANDEIRA,543,"",EM FRENTE AO MARTELINHO DE OURO,AV HERCULANO BANDEIRA,543,EM FRENTE AO MARTELINHO DE OURO,PINA,,BOA VIAGEM,COLISÃO,COLISÃO SEM VITIMAS,1,,,,,,1,,,0,,"","","","","","","","","","","","",""
8576,2019-10-01T00:00:00,10:03:00,COM VÍTIMA,FINALIZADA,IBURA,RUA RIO TAPADO,"","",EM FRENTE EMPRESA ECO ESTAÇÃO. ALÇA DE SAÍDA DA BR 101.,RUA RIO TAPADO,"",EM FRENTE EMPRESA ECO ESTAÇÃO. ALÇA DE SAÍDA DA BR 101.,IBURA,,SUBURBIO,CHOQUE OBJETO FIXO,VITIMA SOCORRIDA PELO SAMU,1,,,,,,,,,1,,Longo da via,Bom,Não existe,Não existente,Seca,Perfeito estado,Não existe,Não há placas,"",Única,Não existe,"",""
8577,2019-10-01T00:00:00,10:07:00,SEM VÍTIMA,FINALIZADA,BOA VIAGEM,RUA DOS NAVEGANTES,972,RUA RIBEIRO DE BRITO,"",RUA DOS NAVEGANTES,972,"",BOA VIAGEM,,SUBURBIO,ABALROAMENTO TRANSVERSAL,DOIS AUTOS,2,,,,,,,,,0,,Cruzamento,Bom,Não existe,Perfeito estado,Seca,Perfeito estado,Outros,Placas Pare,"",Única,Não existe,"",""
8578,2019-10-01T00:00:00,10:16:00,SEM VÍTIMA,FINALIZADA,BOA VISTA,RUA DO PRINCIPE,482,"","",RUA DO PRINCIPE,482,"",BOA VISTA,,CIDADE,COLISÃO TRASEIRA,COLISÃO SEM VITIMAS,2,,,,,,,,,0,,Longo da via,Bom,"",Perfeito estado,Seca,Perfeito estado,"","","","","","",""
8579,2019-10-01T00:00:00,10:58:00,SEM VÍTIMA,FINALIZADA,ILHA DO RETIRO,AV ENGENHEIRO ABDIAS DE CARVALHO,125,"",AO LADO DO POSTO SHELL,AV ENGENHEIRO ABDIAS DE CARVALHO,125,AO LADO DO POSTO SHELL,ILHA DO RETIRO,,CIDADE,COLISÃO TRASEIRA,COLISÃO DE 4 CARROS,4,,,,,,,,,0,,Longo da via,Bom,Sem defeito,Perfeito estado,Seca,Perfeito estado,Faixa de pedestre,Outras,60 km/h,Única,Canteiro central,"",""
8580,2019-10-01T00:00:00,11:22:00,SEM VÍTIMA,FINALIZADA,MADALENA,RUA BENFICA,505,"",EM FRENTE AO CLUBE INTERNACIONAL,RUA BENFICA,505,EM FRENTE AO CLUBE INTERNACIONAL,MADALENA,,CIDADE,ABALROAMENTO LONGITUDINAL,COLISÃO SEM VITIMAS,1,,,,,,1,,,0,,Longo da via,Bom,Não existe,Perfeito estado,Seca,Perfeito estado,Não existe,Não há placas,"",Dupla,Canteiro central,"",""
8581,2019-10-01T00:00:00,12:13:00,SEM VÍTIMA,PENDENTE,CORDEIRO,AV CAXANGA,2421,"",PROX A EXPOSIÇAO DE ANIMAIS S/T CID,AV CAXANGA,2421,PROX A EXPOSIÇAO DE ANIMAIS S/T CID,CORDEIRO,,"",ENGAVETAMENTO,ENGAVETAMENTO ENTRE TRES AUTOS S/V,3,,,,,,,,,0,,"","","","","","","","","","","","",""
8582,2019-10-01T00:00:00,12:19:00,SEM VÍTIMA,FINALIZADA,BOA VIAGEM,AV ENGENHEIRO DOMINGOS FERREIRA,3042,"",EM FRENTE DO BANCO SANTANDER E ESQUINA COM CARREFOUR,AV ENGENHEIRO DOMINGOS FERREIRA,3042,EM FRENTE DO BANCO SANTANDER E ESQUINA COM CARREFOUR,BOA VIAGEM,,"",COLISÃO,COLISÃO SEM VITIMAS,3,4,,,,,,,,0,,"","","","","","","","","","","","",""
8583,2019-10-01T00:00:00,12:30:00,SEM VÍTIMA,FINALIZADA,CORDEIRO,AV GENERAL SAN MARTIN,"","",EM FRENTE AO COMPAZ,AV GENERAL SAN MARTIN,"",EM FRENTE AO COMPAZ,CORDEIRO,,"",ABALROAMENTO LONGITUDINAL,COLISÃO SEM VITIMAS,2,,,,,,,,,0,,Longo da via,Bom,Não existe,Perfeito estado,Seca,Perfeito estado,Não existe,Não há placas,"",Dupla,Faixa contínua,"",""
8584,2019-10-01T00:00:00,12:57:00,SEM VÍTIMA,FINALIZADA,BOA VIAGEM,RUA PADRE BERNADINO PESSOA,"","",AO LADO DA PAMESA,RUA PADRE BERNADINO PESSOA,"",AO LADO DA PAMESA,BOA VIAGEM,144,"",COLISÃO TRASEIRA,COLISÃO SEM VITIMAS,2,,,,,,,,,0,,Longo da via,Bom,Sem defeito,Perfeito estado,Seca,Perfeito estado,Não existe,R-6a,40 km/h,Única,Não existe,"",""
8585,2019-10-01T00:00:00,13:04:00,SEM VÍTIMA,FINALIZADA,ESTÂNCIA,AV RECIFE,408,"",EM FRENTE AO MAKRO,AV RECIFE,408,EM FRENTE AO MAKRO,ESTÂNCIA,,CIDADE,COLISÃO TRASEIRA,COLISAO ENTRE TRES AUTOS S/V,3,,,,,,,,,0,,Longo da via,Bom,Não existe,Perfeito estado,Seca,Perfeito estado,Não existe,Não há placas,"",Dupla,Canteiro central,"",""
8586,2019-10-01T00:00:00,13:36:00,COM VÍTIMA,FINALIZADA,JARDIM SÃO PAULO,RUA JOSE NATARIO,52,"",EM FRENTE A PREVIDENCIA SOCIAL E AO LADO DA IGREJA PRESBITERIANA.,RUA JOSE NATARIO,52,EM FRENTE A PREVIDENCIA SOCIAL E AO LADO DA IGREJA PRESBITERIANA.,JARDIM SÃO PAULO,,SUBURBIO,COLISÃO,CAMINHÃO E CARROÇA,,,,,,,1,,1,1,,Longo da via,Bom,Sem defeito,Perfeito estado,Seca,Perfeito estado,Outros,Outras,50 km/h,Única,Faixa seccionada,"",""
8587,2019-10-01T00:00:00,13:49:00,SEM VÍTIMA,FINALIZADA,BOA VIAGEM,AV ENGENHEIRO DOMINGOS FERREIRA,1818,"",PRÓXIMO AO EXTRA SUPERMERCADO,AV ENGENHEIRO DOMINGOS FERREIRA,1818,PRÓXIMO AO EXTRA SUPERMERCADO,BOA VIAGEM,297,"",COLISÃO TRASEIRA,COLISÃO SEM VITIMAS,3,,,,,,,,,0,,"",Bom,Sem defeito,Perfeito estado,Seca,Perfeito estado,Faixa de pedestre,Não há placas,60 km/h,Única,Faixa seccionada,"",""
8588,2019-10-01T00:00:00,14:06:00,SEM VÍTIMA,CANCELADA,ENCRUZILHADA,AV BEBERIBE,570,"",E/F AO PADEIRÃO,AV BEBERIBE,570,E/F AO PADEIRÃO,ENCRUZILHADA,,"",COLISÃO,COLISAO ENTRE DOIS AUTOS S/V,2,,,,,,,,,0,,"","","","","","","","","","","","",""
8589,2019-10-01T00:00:00,14:10:00,SEM VÍTIMA,FINALIZADA,AFOGADOS,RUA VINTE E UM DE ABRIL,482,"",PROX AO CLUBE FERROVIARIO,RUA VINTE E UM DE ABRIL,482,PROX AO CLUBE FERROVIARIO,AFOGADOS,,"",COLISÃO,COLISAO ENTRE AUTO E TAXI S/V,2,,,,,,,,,0,,"","","","","","","","","","","","",""
8590,2019-10-01T00:00:00,14:15:00,SEM VÍTIMA,FINALIZADA,ROSARINHO,RUA TREZE DE JUNHO,"","",EM FRENTE AO SEMÁFORO 456,RUA TREZE DE JUNHO,"",EM FRENTE AO SEMÁFORO 456,ROSARINHO,456,"",ABALROAMENTO LONGITUDINAL,COLISÃO SEM VÍTIMA,1,1,,,,,,,,0,,Longo da via,Bom,Sem defeito,Perfeito estado,Molhada,Perfeito estado,Faixa de pedestre,Não há placas,"",Única,Não existe,"",""
8591,2019-10-01T00:00:00,14:25:00,SEM VÍTIMA,FINALIZADA,ESPINHEIRO,RUA DO ESPINHEIRO,119,"",LADO OPOSTO AO HAPVIDA RECIFE,RUA DO ESPINHEIRO,119,LADO OPOSTO AO HAPVIDA RECIFE,ESPINHEIRO,,"",ABALROAMENTO LONGITUDINAL,COLISAO ENTRE DOIS AUTOS SV,1,,,,,,,,1,0,,Longo da via,Bom,Não existe,Perfeito estado,Seca,Perfeito estado,Não existe,R-6a,"",Única,Faixa seccionada,"",""
8592,2019-10-01T00:00:00,14:50:00,SEM VÍTIMA,FINALIZADA,IPSEP,RUA JEAN EMILE FAVRE,862,"",SUPERMERCADO ARCO MIX,RUA JEAN EMILE FAVRE,862,SUPERMERCADO ARCO MIX,IPSEP,,SUBURBIO,ABALROAMENTO LONGITUDINAL,COLISÃO SEM VITIMA,2,,,,,,,,,0,,Longo da via,Bom,Não existe,Perfeito estado,Seca,Perfeito estado,Não existe,R-6a,"",Dupla,Faixa contínua,"",""
8593,2019-10-01T00:00:00,15:28:00,SEM VÍTIMA,FINALIZADA,IPSEP,RUA ADERBAL DE MELO,611,RUA PADRE LIMA E SA,"",RUA ADERBAL DE MELO,611,"",IPSEP,,"",ABALROAMENTO TRANSVERSAL,COLISÃO SEM VITIMA,2,,,,,,,,,0,,Cruzamento,Bom,Não existe,Incompleta,Seca,Perfeito estado,Faixa de retenção,"","",Dupla,Não existe,"",""