_id,DATA,hora,natureza_acidente,situacao,bairro,endereco,numero,detalhe_endereco_acidente,complemento,endereco_cruzamento,numero_cruzamento,referencia_cruzamento,bairro_cruzamento,num_semaforo,sentido_via,tipo,descricao,auto,moto,ciclom,ciclista,pedestre,onibus,caminhao,viatura,outros,vitimas,vitimasfatais,acidente_verificado,tempo_clima,situacao_semaforo,sinalizacao,condicao_via,conservacao_via,ponto_controle,situacao_placa,velocidade_max_via,mao_direcao,divisao_via1,divisao_via2,divisao_via3
8762,2019-10-05T00:00:00,13:32:00,SEM VÍTIMA,FINALIZADA,MORRO DA CONCEIÇÃO,COR DO BARTOLOMEU,45A,"",PRÓXIMO A GIOVANA BARROS ALIANÇA,COR DO BARTOLOMEU,45A,PRÓXIMO A GIOVANA BARROS ALIANÇA,MORRO DA CONCEIÇÃO,79,CIDADE,COLISÃO TRASEIRA,COLISÃO SEM VÍTIMA,1,,1,,,,,,,0,,Longo da via,Bom,Sem defeito,Ilegível,Seca,Perfeito estado,Faixa de pedestre,R-6a,"",Dupla,Faixa seccionada,"",""
8763,2019-10-05T00:00:00,14:23:00,SEM VÍTIMA,FINALIZADA,MANGUEIRA,AV RECIFE,5460,"",LADO OPOSTO AO HOTEL ESTORIL,AV RECIFE,5460,LADO OPOSTO AO HOTEL ESTORIL,MANGUEIRA,,CIDADE,COLISÃO TRASEIRA,COLISAO ENTRE TRES AUTOS E UMA MOTO S/V,3,1,,,,,,,,0,,Longo da via,Bom,Não existe,Perfeito estado,Seca,Perfeito estado,Não existe,Não há placas,50 km/h,Dupla,Faixa seccionada,"",""
8764,2019-10-05T00:00:00,14:35:00,COM VÍTIMA,FINALIZADA,ESPINHEIRO,RUA DO ESPINHEIRO,800,"",EM FRENTE AO EDIF. PIO X12 E A ESCOLA SABER VIVER. LADO OPOSTO A GALERIA FRANCISCO ACCIOLY.,RUA DO ESPINHEIRO,800,EM FRENTE AO EDIF. PIO X12 E A ESCOLA SABER VIVER. LADO OPOSTO A GALERIA FRANCISCO ACCIOLY.,ESPINHEIRO,,"",ABALROAMENTO LONGITUDINAL,AUTO E MOTO.,1,1,,,,,,,,1,,Longo da via,Bom,Não existe,Perfeito estado,Seca,Perfeito estado,Não existe,R-6a,40 km/h,Única,Faixa seccionada,"",""
8765,2019-10-05T00:00:00,14:38:00,SEM VÍTIMA,FINALIZADA,BEBERIBE,AV BEBERIBE,3530,"",E/F AO RESIDENCIAL JOAO PAULO SEGUNDO,AV BEBERIBE,3530,E/F AO RESIDENCIAL JOAO PAULO SEGUNDO,BEBERIBE,,"",COLISÃO,"",1,1,,,,,,,,0,,"","","","","","","","","","","","",""
8766,2019-10-05T00:00:00,14:59:00,SEM VÍTIMA,FINALIZADA,AREIAS,AV RECIFE,956,"",COCO E CIA,AV RECIFE,956,COCO E CIA,AREIAS,,SUBURBIO,COLISÃO TRASEIRA,COLISÃO SEM VÍTIMA,2,,,,,,,,,0,,Longo da via,Bom,Não existe,Incompleta,Seca,Perfeito estado,Não existe,Não há placas,60 km/h,Única,Faixa seccionada,"",""
8767,2019-10-05T00:00:00,15:04:00,SEM VÍTIMA,FINALIZADA,BOA VIAGEM,RUA VISCONDE DE JEQUITINHONHA,"",RUA PROFESSOR MARIO CASTRO,SOB O SEMÁFORO 158 / VIA LOCAL,RUA VISCONDE DE JEQUITINHONHA,"",SOB O SEMÁFORO 158 / VIA LOCAL,BOA VIAGEM,158,SUBURBIO,ABALROAMENTO LONGITUDINAL,COLISÃO SEM VÍTIMA,2,,,,,,,,,0,,Cruzamento,Bom,Sem defeito,Perfeito estado,Seca,Perfeito estado,Faixa de pedestre,R-26,40 km/h,Única,Canteiro central,"",""
8768,2019-10-05T00:00:00,15:13:00,SEM VÍTIMA,FINALIZADA,SANTO AMARO,RUA AFONSO PENA,"",RUA DOS PALMARES,"",RUA AFONSO PENA,"","",SANTO AMARO,,CIDADE,ABALROAMENTO LONGITUDINAL,COLISÃO SEM VITIMA,1,,,,,1,,,,0,,"",Bom,Não existe,Perfeito estado,Seca,Perfeito estado,Não existe,Placas Pare,30 km/h,Dupla,Não existe,"",""
8769,2019-10-05T00:00:00,16:47:00,SEM VÍTIMA,FINALIZADA,JOANA BEZERRA,RUA IBIPORA,12,"",AO LADO DA UNIDADE DE SAÚDE DA FAMÍLIA ( SÃO JOSÉ DO COQUE),RUA IBIPORA,12,AO LADO DA UNIDADE DE SAÚDE DA FAMÍLIA ( SÃO JOSÉ DO COQUE),JOANA BEZERRA,,SUBURBIO,COLISÃO TRASEIRA,COLISÃO SEM VITIMA,1,,,,,1,,,,0,,Longo da via,Chuvoso,Não existe,Ilegível,Molhada,Mal conservada,Outros,Outras,"",Única,Canteiro central,"",""
8770,2019-10-05T00:00:00,16:57:00,COM VÍTIMA,FINALIZADA,IPUTINGA,AV MAURICIO DE NASSAU,31,"",BORRACHARIA DO ALEMÃO,AV MAURICIO DE NASSAU,31,BORRACHARIA DO ALEMÃO,IPUTINGA,,"",COLISÃO,COLISÃO COM VITIMA,1,1,,,,,,,,1,,"","","","","","","","","","","","",""
8771,2019-10-05T00:00:00,20:05:00,SEM VÍTIMA,FINALIZADA,DOIS UNIDOS,RUA GENERAL LABATUT,31,RUA BARAO DE PAJEU,"",RUA GENERAL LABATUT,31,"",DOIS UNIDOS,,SUBURBIO,COLISÃO TRASEIRA,DUAS VT DA POLICIA MILITAR,2,,,,,,,,,0,,Longo da via,Bom,Não existe,Perfeito estado,Seca,"",Não existe,Não há placas,"","",Não existe,"",""
8772,2019-10-05T00:00:00,21:06:00,SEM VÍTIMA,FINALIZADA,CASA AMARELA,EST DO ENCANAMENTO,"",RUA MARECHAL RONDON,CASA DE EVENTO ESTRIPULIA,EST DO ENCANAMENTO,"",CASA DE EVENTO ESTRIPULIA,CASA AMARELA,,CIDADE,ABALROAMENTO TRANSVERSAL,"",2,,,,,,,,,0,,Cruzamento,Bom,Não existe,Perfeito estado,Seca,Perfeito estado,Não existe,Placas Pare,"",Única,Faixa seccionada,"",""
8773,2019-10-05T00:00:00,21:45:00,SEM VÍTIMA,CANCELADA,JORDÃO,RUA NOVA CANAA,"","",PROX AO TERMINAL DE JORDÃO/ E/F AO MERCADINHO CANAA,RUA NOVA CANAA,"",PROX AO TERMINAL DE JORDÃO/ E/F AO MERCADINHO CANAA,JORDÃO,,"",COLISÃO,ENTRE AUTO PASSEIO X MOTO S/V,1,1,,,,,,,,0,,"","","","","","","","","","","","",""
8774,2019-10-05T00:00:00,22:14:00,SEM VÍTIMA,FINALIZADA,MADALENA,AV JOSE GONCALVES DE MEDEIROS,"","",AO LADO DA LANCHONETE MAC DONALD'S,AV JOSE GONCALVES DE MEDEIROS,"",AO LADO DA LANCHONETE MAC DONALD'S,MADALENA,,SUBURBIO,ABALROAMENTO LONGITUDINAL,PALIO X HB 20,2,,,,,,,,,0,,Longo da via,Bom,Não existe,Ilegível,Seca,Perfeito estado,Não existe,Não há placas,"",Dupla,Não existe,"",""
8775,2019-10-05T00:00:00,22:27:00,COM VÍTIMA,FINALIZADA,MADALENA,RUA BENFICA,"",RUA JOAO IVO DA SILVA,EM FRENTE AO MUSEU DA ABOLIÇÃO,RUA BENFICA,"",EM FRENTE AO MUSEU DA ABOLIÇÃO,MADALENA,257,SUBURBIO,COLISÃO TRASEIRA,AUTO PASSEIO X MOTO COM VÍTIMA,1,1,,,,,,,,1,,Esquina,Bom,Sem defeito,Perfeito estado,Seca,Perfeito estado,Não existe,Outras,"",Dupla,Faixa contínua,Canteiro central,""
8776,2019-10-05T00:00:00,22:32:00,COM VÍTIMA,FINALIZADA,ESPINHEIRO,RUA BARAO DE ITAMARACA,"",RUA DO ESPINHEIRO,"",RUA BARAO DE ITAMARACA,"","",ESPINHEIRO,86,CIDADE,ABALROAMENTO TRANSVERSAL,AUTO PASSEIO X MOTO COM VÍTIMA,1,1,,,,,,,,1,,Cruzamento,Bom,Sem defeito,Perfeito estado,Seca,Perfeito estado,Faixa de pedestre,Não há placas,40 km/h,Dupla,Faixa contínua,"",""
8777,2019-10-05T00:00:00,22:34:00,SEM VÍTIMA,FINALIZADA,CORDEIRO,AV CAXANGA,"","","",AV CAXANGA,"","",CORDEIRO,80,CIDADE,COLISÃO TRASEIRA,ONIBUS X PEUGEOT,1,,,,,1,,,,0,,Longo da via,Bom,Sem defeito,Perfeito estado,Seca,Perfeito estado,Faixa de retenção,Outras,"",Dupla,Canteiro central,"",""
8778,2019-10-06T00:00:00,00:12:00,SEM VÍTIMA,FINALIZADA,JARDIM SÃO PAULO,RUA ATOR ELPIDIO CAMARA,246,RUA ITA,"",RUA ATOR ELPIDIO CAMARA,246,"",JARDIM SÃO PAULO,,CIDADE,ABALROAMENTO LONGITUDINAL,POLO X ONIX,2,,,,,,,,,0,,"",Bom,Não existe,Perfeito estado,Seca,Perfeito estado,Não existe,Não há placas,"",Dupla,Não existe,"",""
8779,2019-10-06T00:00:00,00:57:00,SEM VÍTIMA,FINALIZADA,SANTO ANTÔNIO,AV DANTAS BARRETO,"",AV GUARARAPES,"",AV DANTAS BARRETO,"","",SANTO ANTÔNIO,15,SUBURBIO,ABALROAMENTO TRANSVERSAL,ONIBUS X HB 20,1,,,,,1,,,,0,,Cruzamento,Bom,Sem defeito,Perfeito estado,Seca,Perfeito estado,Faixa de pedestre,Não há placas,40 km/h,Única,Faixa seccionada,"",""
8780,2019-10-06T00:00:00,02:29:00,SEM VÍTIMA,FINALIZADA,VÁRZEA,RUA PROFESSOR ANTONIO COELHO,"",RUA EMILIANO BRAGA,"",RUA PROFESSOR ANTONIO COELHO,"","",VÁRZEA,,CIDADE,ABALROAMENTO TRANSVERSAL,FIAT BRAVO X FOX,2,,,,,,,,,0,,Cruzamento,Bom,Não existe,Perfeito estado,Seca,Perfeito estado,Faixa de pedestre,Placas Pare,"",Única,Faixa seccionada,"",""
8781,2019-10-06T00:00:00,03:24:00,SEM VÍTIMA,CANCELADA,BAIRRO DO RECIFE,RUA DR ASCANIO PEIXOTO,100,"",NA ENTRADA DO PORTO DO RECIFE,RUA DR ASCANIO PEIXOTO,100,NA ENTRADA DO PORTO DO RECIFE,BAIRRO DO RECIFE,,"",CHOQUE,VEICULO CHOCOU-SE COM GELO - BAIANO OBS: GELO-BAIANO NO MEIO DA VIA,1,,,,,,,,1,0,,"","","","","","","","","","","","",""
8782,2019-10-06T00:00:00,03:34:00,SEM VÍTIMA,CANCELADA,BOA VIAGEM,RUA VISCONDE DE JEQUITINHONHA,138,"",ENF. A CHURRASCARIA PONTEIO,RUA VISCONDE DE JEQUITINHONHA,138,ENF. A CHURRASCARIA PONTEIO,BOA VIAGEM,,"",COLISÃO,VOYAGE X HB 20,2,,,,,,,,,0,,"","","","","","","","","","","","",""
8783,2019-10-06T00:00:00,04:18:00,SEM VÍTIMA,FINALIZADA,CAMPO GRANDE,EST DE BELEM,"",RUA JERONIMO VILELA,"",EST DE BELEM,"","",CAMPO GRANDE,26,SUBURBIO,COLISÃO FRONTAL,TRES AUTO,3,,,,,,,,,0,,Cruzamento,Bom,Sem defeito,Perfeito estado,Seca,Perfeito estado,Faixa de pedestre,Outras,40 km/h,Dupla,Faixa contínua,"",""
8784,2019-10-06T00:00:00,04:26:00,COM VÍTIMA,FINALIZADA,BOA VIAGEM,AV ENGENHEIRO DOMINGOS FERREIRA,2600,RUA PROFESSOR JOSE BRANDAO,AO LADO DA FARMACIA INDEPENDENTE,AV ENGENHEIRO DOMINGOS FERREIRA,2600,AO LADO DA FARMACIA INDEPENDENTE,BOA VIAGEM,550,SUBURBIO,ABALROAMENTO TRANSVERSAL,AUTO E MOTO,1,1,,,,,,,,1,,Cruzamento,Bom,Sem defeito,Perfeito estado,Seca,Perfeito estado,"",Não há placas,"",Única,Faixa seccionada,"",""
8785,2019-10-06T00:00:00,05:53:00,SEM VÍTIMA,FINALIZADA,SANTO ANTÔNIO,AV MARTINS DE BARROS,"",RUA SIQUEIRA CAMPOS,"",AV MARTINS DE BARROS,"","",SANTO ANTÔNIO,,SUBURBIO,ABALROAMENTO LONGITUDINAL,SEM VITIMAS,2,,,,,,,,,0,,"",Bom,Não existe,Perfeito estado,Seca,Perfeito estado,"",Não há placas,"",Única,Não existe,"",""
8786,2019-10-06T00:00:00,06:00:00,SEM VÍTIMA,FINALIZADA,IMBIRIBEIRA,AV MARECHAL MASCARENHAS DE MORAES,"",AV MARECHAL MASCARENHAS DE MORAES,"",AV MARECHAL MASCARENHAS DE MORAES,"","",IMBIRIBEIRA,,SUBURBIO,COLISÃO TRASEIRA,SEM VITIMAS,2,,,,,,,,,0,,Cruzamento,Bom,Sem defeito,Perfeito estado,Seca,Perfeito estado,Faixa de retenção,Outras,"",Dupla,Canteiro central,"",""
8787,2019-10-06T00:00:00,07:50:00,COM VÍTIMA,FINALIZADA,TORREÃO,AV NORTE,"","",EM FRENTE A PRAÇA DA PÍNCANHA,AV NORTE,"",EM FRENTE A PRAÇA DA PÍNCANHA,TORREÃO,376,CIDADE,CHOQUE OBJETO FIXO,VITIMAS SOCORRIDAS PELO SAMU,1,,,,,,,,,2,,Longo da via,Bom,Sem defeito,Perfeito estado,Seca,Perfeito estado,Faixa de pedestre,Outras,"",Dupla,Faixa seccionada,"",""
8788,2019-10-06T00:00:00,08:06:00,SEM VÍTIMA,FINALIZADA,BRASÍLIA TEIMOSA,RUA DAGOBERTO PIRES,293,"",E/F A LOJA BOLOS.COM,RUA DAGOBERTO PIRES,293,E/F A LOJA BOLOS.COM,BRASÍLIA TEIMOSA,,"",COLISÃO,COLISÃO S/VITIMAS ENTRE UMA MOTO E UM AUTO,1,1,,,,,,,,0,,"","","","","","","","","","","","",""
8789,2019-10-06T00:00:00,09:43:00,SEM VÍTIMA,FINALIZADA,VÁRZEA,AV AFONSO OLINDENSE,"","",SECRETARIA DE EDUCAÇÃO,AV AFONSO OLINDENSE,"",SECRETARIA DE EDUCAÇÃO,VÁRZEA,,SUBURBIO,ABALROAMENTO LONGITUDINAL,S/VITIMAS ENTRE AUTO E MOTO,1,1,,,,,,,,0,,Longo da via,Bom,Não existe,Perfeito estado,Seca,Perfeito estado,Não existe,Outras,30 km/h,Dupla,Faixa contínua,"",""
8790,2019-10-06T00:00:00,09:50:00,SEM VÍTIMA,FINALIZADA,MADALENA,AV ENGENHEIRO ABDIAS DE CARVALHO,"",EST DOS REMEDIOS,"",AV ENGENHEIRO ABDIAS DE CARVALHO,"","",MADALENA,52,CIDADE,COLISÃO TRASEIRA,SEM VITIMAS,1,,,,,,1,,,0,,Cruzamento,Bom,Sem defeito,Perfeito estado,Seca,Perfeito estado,Faixa de retenção,R-6a,"",Dupla,Canteiro central,"",""
8791,2019-10-06T00:00:00,09:54:00,SEM VÍTIMA,FINALIZADA,DOIS IRMÃOS,RUA FARIAS NEVES,"",RUA DOIS IRMAOS,PRAÇA FARIAS NEVES,RUA FARIAS NEVES,"",PRAÇA FARIAS NEVES,DOIS IRMÃOS,,SUBURBIO,CHOQUE VEÍCULO PARADO,COLISÃO S/VITIMAS ENTRE UM ONIBUS E UM AUTO,1,,,,,1,,,,0,,Longo da via,Bom,Não existe,"",Seca,Perfeito estado,"",Não há placas,"",Dupla,"","",""
8792,2019-10-06T00:00:00,10:22:00,SEM VÍTIMA,FINALIZADA,BOA VIAGEM,RUA ARTUR MUNIZ,1590,AV BOA VIAGEM,AO LADO DO EDIFÍCIO PRINCESA ISABEL,RUA ARTUR MUNIZ,1590,AO LADO DO EDIFÍCIO PRINCESA ISABEL,BOA VIAGEM,,SUBURBIO,ABALROAMENTO LONGITUDINAL,"",1,,,,,,1,,,0,,"",Bom,Não existe,Perfeito estado,Seca,Perfeito estado,Não existe,R-6b,30 km/h,Dupla,Faixa seccionada,"",""
8793,2019-10-06T00:00:00,12:28:00,SEM VÍTIMA,FINALIZADA,CASA AMARELA,RUA PADRE LEMOS,361,"",PRÓXIMO A LOJA BAHIA,RUA PADRE LEMOS,361,PRÓXIMO A LOJA BAHIA,CASA AMARELA,,CIDADE,COLISÃO FRONTAL,COLISÃO SEM VÍTIMA,2,,,,,,,,,0,,Longo da via,Bom,Sem defeito,Perfeito estado,Seca,Perfeito estado,"",Outras,"",Dupla,Faixa seccionada,"",""
8794,2019-10-06T00:00:00,14:30:00,SEM VÍTIMA,FINALIZADA,BOA VIAGEM,RUA PADRE CARAPUCEIRO,"","",EM FRENTE A PARADA DE ÔNIBUS DE Nº 10178,RUA PADRE CARAPUCEIRO,"",EM FRENTE A PARADA DE ÔNIBUS DE Nº 10178,BOA VIAGEM,321,SUBURBIO,COLISÃO TRASEIRA,COLISÃO SEM VÍTIMA,,,,,,2,,,,0,,Longo da via,Bom,Sem defeito,Perfeito estado,Seca,Perfeito estado,Faixa de pedestre,R-6a,"",Única,Não existe,"",""
8795,2019-10-06T00:00:00,17:01:00,SEM VÍTIMA,FINALIZADA,AREIAS,AV DR JOSE RUFINO,5180,"","",AV DR JOSE RUFINO,5180,"",AREIAS,,CIDADE,ABALROAMENTO LONGITUDINAL,COLISÃO SEM VITIMA,,,,,,1,1,,,0,,Longo da via,Bom,Não existe,Perfeito estado,Seca,Perfeito estado,Não existe,Outras,50 km/h,Dupla,Faixa contínua,"",""
8796,2019-10-06T00:00:00,17:25:00,SEM VÍTIMA,FINALIZADA,CAMPINA DO BARRETO,RUA DAS MOCAS,1791,"",PIZZARIA VERONA,RUA DAS MOCAS,1791,PIZZARIA VERONA,CAMPINA DO BARRETO,,SUBURBIO,COLISÃO TRASEIRA,COLISÃO SEM VITIMA,2,,,,,,,,,0,,Longo da via,Bom,Não existe,Perfeito estado,Seca,Perfeito estado,Não existe,Outras,"",Dupla,Faixa seccionada,"",""
8797,2019-10-06T00:00:00,17:31:00,SEM VÍTIMA,FINALIZADA,DERBY,RUA GUILHERME PINTO,360,"",PRÓXIMO À PRAÇA JOÃO PEREIRA BORGES,RUA GUILHERME PINTO,360,PRÓXIMO À PRAÇA JOÃO PEREIRA BORGES,DERBY,,CIDADE,ABALROAMENTO LONGITUDINAL,COLISÃO SEM VITIMA,2,,,,,,,,,0,,Longo da via,Bom,Não existe,"",Seca,Perfeito estado,Não existe,Não há placas,"",Única,Não existe,"",""
8798,2019-10-06T00:00:00,18:16:00,COM VÍTIMA,FINALIZADA,IPSEP,RUA RIO TOCANTINS,777,RUA JEAN EMILE FAVRE,ENF A FARMACIA SANTA LUZIA E FARMACIOA PERMANENTE,RUA RIO TOCANTINS,777,ENF A FARMACIA SANTA LUZIA E FARMACIOA PERMANENTE,IPSEP,101,"",ABALROAMENTO TRANSVERSAL,AUTO E MOTO,1,1,,,,,,,,2,,Cruzamento,Bom,Sem defeito,Ilegível,Seca,Mal iluminada,Faixa de pedestre,R-6a,60 km/h,Dupla,Faixa contínua,"",""
8799,2019-10-06T00:00:00,18:35:00,SEM VÍTIMA,CANCELADA,SANCHO,RUA ORFEU DO CARNAVAL,S/N,"",AO LADO DO PRESIDIO FREI DAMIAO // AO LADO DO POSTO 4,RUA ORFEU DO CARNAVAL,S/N,AO LADO DO PRESIDIO FREI DAMIAO // AO LADO DO POSTO 4,SANCHO,,"",CHOQUE,VT DA PO0LICIA MILITA COM POSTO OBS: O POSTO NAO FOI DANIFICADO SO A VT,,,,,,,,1,1,0,,"","","","","","","","","","","","",""
8800,2019-10-06T00:00:00,19:39:00,COM VÍTIMA,FINALIZADA,CASA AMARELA,"EST DAS UBAIAS,",105,RUA RAIMUNDO FREIXEIRA,PROX AO SUPERMERCADO BOM DE MAIS E EDIFICIO AKHINOS.,"EST DAS UBAIAS,",105,PROX AO SUPERMERCADO BOM DE MAIS E EDIFICIO AKHINOS.,CASA AMARELA,,LESTE,COLISÃO FRONTAL,AUTO E MOTO.,1,1,,,,,,,,1,,Esquina,Bom,Não existe,Perfeito estado,Seca,Perfeito estado,"","","",Dupla,Faixa seccionada,"",""
8801,2019-10-06T00:00:00,20:16:00,COM VÍTIMA,CANCELADA,BAIRRO DO RECIFE,AV RIO BRANCO,240,CAIS DO APOLO,"SEMÁFORO 019, E/F AO BANCO DO BRASIL / NA DESCIDA DA PTE BUARQUE DE MACEDO",AV RIO BRANCO,240,"SEMÁFORO 019, E/F AO BANCO DO BRASIL / NA DESCIDA DA PTE BUARQUE DE MACEDO",BAIRRO DO RECIFE,,"",COLISÃO,"ENTRE AUTO E MOTO ( CARRO SE EVADIU DO LOCAL, PERMANECENDO APENAS O CONDUTOR DA MOTO. A POLÍCIA ESTA PRESENTE ) C/V",1,1,,,,,,,,1,,"","","","","","","","","","","","",""
8802,2019-10-06T00:00:00,22:02:00,SEM VÍTIMA,FINALIZADA,AFOGADOS,LARGO DA PAZ,186,"",LADO OPOSTO A CAIXA ECONÔMICA,LARGO DA PAZ,186,LADO OPOSTO A CAIXA ECONÔMICA,AFOGADOS,73,SUBURBIO,ABALROAMENTO LONGITUDINAL,ENTRE AUTO E CAMINHÃO. S/V,1,,,,,,1,,,0,,Longo da via,Bom,Sem defeito,Perfeito estado,Seca,Perfeito estado,Não existe,Outras,"",Única,Faixa seccionada,"",""
8803,2019-10-07T00:00:00,07:06:00,COM VÍTIMA,FINALIZADA,BAIRRO DO RECIFE,AV MILITAR,"","",PRÓXIMO AO PORTO DO RECIFE. NO TERMINAL MARÍTIMO.,AV MILITAR,"",PRÓXIMO AO PORTO DO RECIFE. NO TERMINAL MARÍTIMO.,BAIRRO DO RECIFE,,SUBURBIO,COLISÃO COM CICLISTA,AUTO E BICICLETA,1,,,1,,,,,,1,,Longo da via,Bom,Não existe,Perfeito estado,Seca,Perfeito estado,Agente,Não há placas,40 km/h,Única,Faixa seccionada,"",""
8804,2019-10-07T00:00:00,08:03:00,SEM VÍTIMA,FINALIZADA,ESTÂNCIA,AV RECIFE,"","",LADO OPOSTO A BRINKS,AV RECIFE,"",LADO OPOSTO A BRINKS,ESTÂNCIA,620,"",ABALROAMENTO LONGITUDINAL,2 MOTOS E AUTO,1,2,,,,,,,,0,,Longo da via,Bom,Sem defeito,Perfeito estado,Seca,Perfeito estado,Faixa de pedestre,Outras,60 km/h,Dupla,Canteiro central,"",""
8805,2019-10-07T00:00:00,08:04:00,SEM VÍTIMA,FINALIZADA,ENCRUZILHADA,RUA MARQUES DO PARANA,"",RUA ALFREDO DE CASTRO,"",RUA MARQUES DO PARANA,"","",ENCRUZILHADA,,SUBURBIO,ABALROAMENTO LONGITUDINAL,ONIBUS E AUTO,1,,,,,1,,,,0,,Cruzamento,Bom,Não existe,Não existente,Seca,Perfeito estado,Não existe,"","",Única,Não existe,"",""
8806,2019-10-07T00:00:00,08:11:00,SEM VÍTIMA,FINALIZADA,ESTÂNCIA,AV RECIFE,5520,"",SOBRE O PONTILHÃO DO METRÔ SANTA LUZIA,AV RECIFE,5520,SOBRE O PONTILHÃO DO METRÔ SANTA LUZIA,ESTÂNCIA,,SUBURBIO,ABALROAMENTO LONGITUDINAL,SEM VITIMAS,1,,,,,,1,,2,0,,Viaduto,Bom,Não existe,Perfeito estado,Seca,Perfeito estado,Não existe,Não há placas,"",Dupla,Canteiro central,"",""
8807,2019-10-07T00:00:00,08:24:00,SEM VÍTIMA,FINALIZADA,AFOGADOS,RUA SAO MIGUEL,1485,"",EM FRENTE AO ARMAZEM ACHAQUI,RUA SAO MIGUEL,1485,EM FRENTE AO ARMAZEM ACHAQUI,AFOGADOS,,CIDADE,COLISÃO TRASEIRA,COLISÃO SEM VITIMAS,2,,,,,,,,,0,,Longo da via,Bom,Não existe,Não existente,Seca,Perfeito estado,Não existe,Não há placas,"",Dupla,Faixa contínua,"",""
8808,2019-10-07T00:00:00,08:55:00,SEM VÍTIMA,FINALIZADA,AFOGADOS,RUA COSME VIANA,"",EST DO BONGI,IMBIRIBEIRA VEÍCULOS,RUA COSME VIANA,"",IMBIRIBEIRA VEÍCULOS,AFOGADOS,100,CIDADE,ABALROAMENTO LONGITUDINAL,SEM VITIMAS VT 11 CTTU VAI FAZER O B.O,2,,,,,,,,,0,,Cruzamento,Bom,Sem defeito,Perfeito estado,Seca,Perfeito estado,Faixa de pedestre,"","",Dupla,Faixa contínua,Faixa seccionada,""
8809,2019-10-07T00:00:00,09:17:00,SEM VÍTIMA,FINALIZADA,HIPÓDROMO,EST DE BELEM,611,"","",EST DE BELEM,611,"",HIPÓDROMO,,CIDADE,COLISÃO TRASEIRA,COLISÃO SEM VITIMAS,2,,,,,,,,,0,,Longo da via,Bom,Não existe,Perfeito estado,Seca,Perfeito estado,Não existe,R-6a,60 km/h,Dupla,Faixa contínua,"",""
8810,2019-10-07T00:00:00,09:23:00,SEM VÍTIMA,EM ABERTO,ESPINHEIRO,AV GOVERNADOR AGAMENON MAGALHAES,2864,"",AO LADO DO BANCO SANTANDER SELECT,AV GOVERNADOR AGAMENON MAGALHAES,2864,AO LADO DO BANCO SANTANDER SELECT,ESPINHEIRO,,"",COLISÃO TRASEIRA,"",3,,,,,,,,,0,,Longo da via,Bom,Não existe,Perfeito estado,Seca,Perfeito estado,Não existe,"","",Dupla,Canal,"",""
8811,2019-10-07T00:00:00,09:57:00,SEM VÍTIMA,FINALIZADA,BOA VIAGEM,AV BOA VIAGEM,3520,"",EM FRENTE AO Nº 3520 ( EDF. VILA DO CONDE),AV BOA VIAGEM,3520,EM FRENTE AO Nº 3520 ( EDF. VILA DO CONDE),BOA VIAGEM,,CIDADE,COLISÃO TRASEIRA,COLISÃO SEM VITIMAS,2,,,,,,,,,0,,Longo da via,Bom,Não existe,Perfeito estado,Seca,Perfeito estado,Não existe,Não há placas,60 km/h,Única,Faixa seccionada,"",""
8812,2019-10-07T00:00:00,10:00:00,SEM VÍTIMA,FINALIZADA,BOA VISTA,AV MANOEL BORBA,131,"","",AV MANOEL BORBA,131,"",BOA VISTA,,SUBURBIO,ABALROAMENTO LONGITUDINAL,COLISÃO SEM VITIMAS,2,,,,,,,,,0,,Longo da via,Bom,Não existe,Perfeito estado,Seca,Perfeito estado,Agente,Não há placas,30 km/h,Única,Faixa seccionada,"",""
8813,2019-10-07T00:00:00,10:31:00,SEM VÍTIMA,FINALIZADA,CASA FORTE,RUA JORGE GOMES DE SA,"",RUA DONA OLEGARINHA,"",RUA JORGE GOMES DE SA,"","",CASA FORTE,,SUBURBIO,ABALROAMENTO LONGITUDINAL,ONIBUS E MOTOCICLETA,,,1,,,1,,,,0,,"",Bom,Não existe,Perfeito estado,Seca,Perfeito estado,Não existe,Não há placas,"",Dupla,Não existe,"",""
8814,2019-10-07T00:00:00,11:04:00,SEM VÍTIMA,FINALIZADA,IPUTINGA,RUA DR NINA RODRIGUES,159,"","",RUA DR NINA RODRIGUES,159,"",IPUTINGA,,"",ABALROAMENTO LONGITUDINAL,AUTO E MOTO,1,1,,,,,,,,0,,Longo da via,Bom,Não existe,Não existente,Seca,Perfeito estado,Não existe,Não há placas,"",Dupla,Não existe,"",""
8815,2019-10-07T00:00:00,11:33:00,SEM VÍTIMA,FINALIZADA,IMBIRIBEIRA,AV MARECHAL MASCARENHAS DE MORAES,"","",EM FRENTE A CONCESSIONARIA HONDA AUTOLINE,AV MARECHAL MASCARENHAS DE MORAES,"",EM FRENTE A CONCESSIONARIA HONDA AUTOLINE,IMBIRIBEIRA,,CIDADE,ABALROAMENTO LONGITUDINAL,COLISÃO SEM VITIMAS,2,1,,,,,,,,0,,Longo da via,Bom,Sem defeito,Perfeito estado,Seca,Perfeito estado,Faixa de pedestre,Outras,60 km/h,Dupla,Canteiro central,"",""
8816,2019-10-07T00:00:00,11:38:00,SEM VÍTIMA,FINALIZADA,MACAXEIRA,AV NORTE,"","",LADO OPOSOTO AO POSTE 1009360,AV NORTE,"",LADO OPOSOTO AO POSTE 1009360,MACAXEIRA,,SUBURBIO,COLISÃO TRASEIRA,DOIS CAMINHÕES,,,,,,,2,,,0,,Longo da via,Bom,Não existe,Perfeito estado,Seca,Perfeito estado,Não existe,R-6a,"",Dupla,Faixa seccionada,"",""