_id,DATA,hora,natureza_acidente,situacao,bairro,endereco,numero,detalhe_endereco_acidente,complemento,endereco_cruzamento,numero_cruzamento,referencia_cruzamento,bairro_cruzamento,num_semaforo,sentido_via,tipo,descricao,auto,moto,ciclom,ciclista,pedestre,onibus,caminhao,viatura,outros,vitimas,vitimasfatais,acidente_verificado,tempo_clima,situacao_semaforo,sinalizacao,condicao_via,conservacao_via,ponto_controle,situacao_placa,velocidade_max_via,mao_direcao,divisao_via1,divisao_via2,divisao_via3
8817,2019-10-07T00:00:00,11:59:00,SEM VÍTIMA,FINALIZADA,IBURA,AV SERRA DA MANTIQUEIRA,"",AV JORNALISTA COSTA PORTO,EM FRENTE AO VAREJÃO BRASILEIRO,AV SERRA DA MANTIQUEIRA,"",EM FRENTE AO VAREJÃO BRASILEIRO,IBURA,,"",ABALROAMENTO LONGITUDINAL,COLISÃO SEM VITIMAS,1,,,,,1,,,,0,,"",Bom,Não existe,Não existente,Seca,Perfeito estado,Não existe,Não há placas,"",Dupla,Não existe,"",""
8818,2019-10-07T00:00:00,14:02:00,SEM VÍTIMA,FINALIZADA,BOA VIAGEM,AV BOA VIAGEM,"","",SEMÁFORO 004,AV BOA VIAGEM,"",SEMÁFORO 004,BOA VIAGEM,4,SUBURBIO,COLISÃO TRASEIRA,COLISÃO SEM VÍTIMA,3,,,,,,,,,0,,Longo da via,Bom,Sem defeito,Perfeito estado,Seca,Perfeito estado,Faixa de pedestre,Não há placas,"",Única,Faixa seccionada,"",""
8819,2019-10-07T00:00:00,14:10:00,COM VÍTIMA,FINALIZADA,CASA AMARELA,AV NORTE,"","",EM FRENTE A PRAÇA DO TRABALHO E A UPINHA,AV NORTE,"",EM FRENTE A PRAÇA DO TRABALHO E A UPINHA,CASA AMARELA,,CIDADE,TOMBAMENTO,MOTOCICLISTA DERRAPOU NO OLEO DERRAMADO NA VIA E SERÁ SOCORRIDO PELO SAMU,,1,,,,,,,,1,,Longo da via,Bom,Não existe,Perfeito estado,Oleosa,Perfeito estado,Não existe,Não há placas,60 km/h,Dupla,Canteiro central,"",""
8820,2019-10-07T00:00:00,14:14:00,SEM VÍTIMA,FINALIZADA,MADALENA,RUA SEVERINO PESSOA,391,"","",RUA SEVERINO PESSOA,391,"",MADALENA,,"",ABALROAMENTO LONGITUDINAL,COLISÃO SEM VITIMA,2,,,,,,,,,0,,Longo da via,Bom,Não existe,Não existente,Seca,Perfeito estado,Não existe,Não há placas,"",Dupla,Não existe,"",""
8821,2019-10-07T00:00:00,14:21:00,SEM VÍTIMA,CANCELADA,BOA VIAGEM,RUA PROFESSOR JULIO FERREIRA DE MELO,572,RUA FAUSTINO PORTO,EM FRENTE DO EDIF. JARDIM DAS TULIPAS / COLEGIO MOTIVO,RUA PROFESSOR JULIO FERREIRA DE MELO,572,EM FRENTE DO EDIF. JARDIM DAS TULIPAS / COLEGIO MOTIVO,BOA VIAGEM,,"",COLISÃO,COLISÃO SEM VITIMA,1,1,,,,,,,,0,,"","","","","","","","","","","","",""
8822,2019-10-07T00:00:00,14:26:00,COM VÍTIMA,FINALIZADA,APIPUCOS,RUA DE APIPUCOS,420,RUA GOVERNADOR SEABRA,"CAMA TEX - LOJA DE COLCHÕES, CAMAS E ACESSÓRIOS.",RUA DE APIPUCOS,420,"CAMA TEX - LOJA DE COLCHÕES, CAMAS E ACESSÓRIOS.",APIPUCOS,,SUBURBIO,ABALROAMENTO TRANSVERSAL,AUTO E MOTO.,1,1,,,,,,,,1,,Cruzamento,Bom,Não existe,Perfeito estado,Seca,Perfeito estado,Não existe,R-6a,60 km/h,Dupla,Faixa contínua,"",""
8823,2019-10-07T00:00:00,14:36:00,SEM VÍTIMA,FINALIZADA,BARRO,AV DR JOSE RUFINO,2125,"",EM FRENTE AO ALAMEDA PARK RESIDENCE,AV DR JOSE RUFINO,2125,EM FRENTE AO ALAMEDA PARK RESIDENCE,BARRO,213,CIDADE,ABALROAMENTO LONGITUDINAL,COLISAO ENTRE AUTO E CARRETA,1,,,,,,,,1,0,,Longo da via,Bom,Sem defeito,Perfeito estado,Seca,Perfeito estado,Faixa de pedestre,Outras,"",Dupla,Faixa contínua,Faixa seccionada,""
8824,2019-10-07T00:00:00,15:08:00,SEM VÍTIMA,FINALIZADA,BOA VISTA,AV GOVERNADOR CARLOS DE LIMA CAVALCANTI,"",RUA MIGUEL COUTO,"",AV GOVERNADOR CARLOS DE LIMA CAVALCANTI,"","",BOA VISTA,,CIDADE,COLISÃO TRASEIRA,COLISÃO SEM VÍTIMA,1,1,,,,,,,,0,,Longo da via,Bom,Não existe,Não existente,Seca,Perfeito estado,Não existe,Não há placas,40 km/h,Dupla,Canteiro central,"",""
8825,2019-10-07T00:00:00,15:15:00,SEM VÍTIMA,FINALIZADA,CAMPO GRANDE,AV PROFESSOR JOSE DOS ANJOS,141,"","",AV PROFESSOR JOSE DOS ANJOS,141,"",CAMPO GRANDE,,CIDADE,COLISÃO TRASEIRA,COLISÃO SEM VÍTIMA,2,,,,,,,,,0,,Longo da via,Bom,Não existe,Perfeito estado,Seca,Perfeito estado,Não existe,Não há placas,"",Única,Faixa seccionada,"",""
8826,2019-10-07T00:00:00,15:15:00,SEM VÍTIMA,FINALIZADA,PINA,AV HERCULANO BANDEIRA,376,"",EM FRENTE AO Nº 376 SENT. ÚNICO,AV HERCULANO BANDEIRA,376,EM FRENTE AO Nº 376 SENT. ÚNICO,PINA,,SUBURBIO,ABALROAMENTO LONGITUDINAL,COLISAO ENTRE DOIS AUTOS S/V,2,,,,,,,,,0,,Longo da via,Bom,Não existe,Perfeito estado,Seca,Perfeito estado,Não existe,Não há placas,"",Única,Faixa seccionada,"",""
8827,2019-10-07T00:00:00,16:21:00,SEM VÍTIMA,FINALIZADA,BOA VISTA,AV CONDE DA BOA VISTA,1176,"",PRÓXIMO AO GRAU TECNICO,AV CONDE DA BOA VISTA,1176,PRÓXIMO AO GRAU TECNICO,BOA VISTA,,SUBURBIO,ABALROAMENTO LONGITUDINAL,COLISAO ENTRE AUTO E ONIBUS S/V,1,,,,,1,,,,0,,Longo da via,Bom,Não existe,Perfeito estado,Seca,"",Não existe,Não há placas,"",Dupla,Faixa contínua,"",""
8828,2019-10-07T00:00:00,16:56:00,SEM VÍTIMA,FINALIZADA,SANTO AMARO,AV GOVERNADOR AGAMENON MAGALHAES,"",RUA TUPINAMBAS,AO LADO DA REITORIA DA UPE,AV GOVERNADOR AGAMENON MAGALHAES,"",AO LADO DA REITORIA DA UPE,SANTO AMARO,,"",ABALROAMENTO TRANSVERSAL,COLISÃO SEM VÍTIMA,2,,,,,,,,,0,,"",Bom,Não existe,Não existente,Seca,Perfeito estado,Não existe,Não há placas,"",Dupla,Não existe,"",""
8829,2019-10-07T00:00:00,17:08:00,SEM VÍTIMA,FINALIZADA,COELHOS,RUA DOS COELHOS,"","",EM FRENTE AO HOSPITAL IMIP,RUA DOS COELHOS,"",EM FRENTE AO HOSPITAL IMIP,COELHOS,359,SUBURBIO,COLISÃO TRASEIRA,COLISÃO SEM VÍTIMA,1,1,,,,,,,,0,,Longo da via,Bom,Sem defeito,Incompleta,Seca,Perfeito estado,Faixa de pedestre,R-6a,"","","","",""
8830,2019-10-07T00:00:00,17:13:00,SEM VÍTIMA,FINALIZADA,BAIRRO DO RECIFE,AV MARQUES DE OLINDA,"",RUA MARIZ E BARROS,"",AV MARQUES DE OLINDA,"","",BAIRRO DO RECIFE,,SUBURBIO,COLISÃO TRASEIRA,AUTOMÓVEL X BICICLETA,1,,,1,,,,,,0,,Cruzamento,Bom,Não existe,Ilegível,Seca,Perfeito estado,Não existe,Placas Pare,"",Única,Faixa seccionada,"",""
8831,2019-10-07T00:00:00,17:28:00,SEM VÍTIMA,FINALIZADA,IMBIRIBEIRA,RUA ANTONIO PAES BARRETO,240,"",IGREJA BATISTA,RUA ANTONIO PAES BARRETO,240,IGREJA BATISTA,IMBIRIBEIRA,,CIDADE,ABALROAMENTO LONGITUDINAL,COLISÃO SEM VITMA,,,,,,,1,,1,0,,Longo da via,Bom,Não existe,Não existente,Seca,Perfeito estado,Não existe,Não há placas,"",Dupla,Não existe,"",""
8832,2019-10-07T00:00:00,18:01:00,SEM VÍTIMA,FINALIZADA,BOA VIAGEM,RUA BARAO DE SOUZA LEAO,"","",EM FRENTE AO Nº 626,RUA BARAO DE SOUZA LEAO,"",EM FRENTE AO Nº 626,BOA VIAGEM,,"",COLISÃO TRASEIRA,ENTRE AUTO PASSEIO E TÁXI. S/V,2,,,,,,,,,0,,Longo da via,Bom,Sem defeito,Perfeito estado,Seca,Perfeito estado,"",Outras,"",Única,Faixa seccionada,"",""
8833,2019-10-07T00:00:00,18:05:00,COM VÍTIMA,FINALIZADA,IPSEP,AV RECIFE,105A,"",EM FRENTE AO SAL E BRASA / SENT. BR. EM FRENTE TAMBÉM A MARCENARIA GT,AV RECIFE,105A,EM FRENTE AO SAL E BRASA / SENT. BR. EM FRENTE TAMBÉM A MARCENARIA GT,IPSEP,393,BR 101,COLISÃO COM CICLISTA,MOTO E BICICLETA.,,1,,1,,,,,,2,,Longo da via,Bom,Sem defeito,Perfeito estado,Seca,Perfeito estado,Faixa de pedestre,"",60 km/h,"",Canteiro central,"",""
8834,2019-10-07T00:00:00,19:44:00,SEM VÍTIMA,CANCELADA,AFOGADOS,RUA DA PAZ,396,"",E/F AO BANCO ITAU E PRAÇA DA PAZ,RUA DA PAZ,396,E/F AO BANCO ITAU E PRAÇA DA PAZ,AFOGADOS,,"",COLISÃO,ENTRE 2 AUTOS. S.V,2,,,,,,,,,0,,"","","","","","","","","","","","",""
8835,2019-10-07T00:00:00,20:29:00,SEM VÍTIMA,FINALIZADA,IMBIRIBEIRA,AV SUL,"","",POR TRÁS DO HOME CENTER FERREIRA COSTA,AV SUL,"",POR TRÁS DO HOME CENTER FERREIRA COSTA,IMBIRIBEIRA,,SUBURBIO,COLISÃO TRASEIRA,ENTRE 2 AUTOS. S.V,2,,,,,,,,,0,,Longo da via,Bom,Não existe,Perfeito estado,Seca,Perfeito estado,Não existe,Não há placas,"",Dupla,Não existe,"",""
8836,2019-10-07T00:00:00,23:03:00,SEM VÍTIMA,FINALIZADA,ILHA DO RETIRO,AV ENGENHEIRO ABDIAS DE CARVALHO,"",AV JOSE GONCALVES DE MEDEIROS,"",AV ENGENHEIRO ABDIAS DE CARVALHO,"","",ILHA DO RETIRO,355,SUBURBIO,ABALROAMENTO LONGITUDINAL,GOL X VOYAGE,2,,,,,,,,,0,,Cruzamento,Bom,Sem defeito,Perfeito estado,Seca,Perfeito estado,Faixa de pedestre,Outras,"",Dupla,Canteiro central,"",""
8837,2019-10-08T00:00:00,06:16:00,SEM VÍTIMA,CANCELADA,CURADO,RUA ONZE DE AGOSTO,"","",AO LADO DA ESCOLA MONSENHOR ALVARO NEGRO MONTE,RUA ONZE DE AGOSTO,"",AO LADO DA ESCOLA MONSENHOR ALVARO NEGRO MONTE,CURADO,440,"",COLISÃO,DOIS AUTOS,2,,,,,,,,,0,,"","","","","","","","","","","","",""
8838,2019-10-08T00:00:00,06:48:00,SEM VÍTIMA,FINALIZADA,BOA VIAGEM,RUA RIBEIRO DE BRITO,1326,RUA AMALIA BERNARDINO DE SOUZA,"",RUA RIBEIRO DE BRITO,1326,"",BOA VIAGEM,,CIDADE,ABALROAMENTO TRANSVERSAL,DOIS AUTOS,2,,,,,,,,,0,,Cruzamento,Bom,Não existe,Incompleta,Seca,Perfeito estado,Não existe,Não há placas,"",Única,Faixa seccionada,"",""
8839,2019-10-08T00:00:00,06:58:00,SEM VÍTIMA,FINALIZADA,DOIS IRMÃOS,RUA VEREADOR PETRUS CAMARA,140,"","",RUA VEREADOR PETRUS CAMARA,140,"",DOIS IRMÃOS,,SUBURBIO,COLISÃO FRONTAL,DOIS AUTOS,2,,,,,,,,,0,,Longo da via,Bom,Não existe,Não existente,Seca,Perfeito estado,Não existe,Não há placas,30 km/h,Dupla,Não existe,"",""
8840,2019-10-08T00:00:00,07:24:00,SEM VÍTIMA,FINALIZADA,DERBY,RUA AMARO BEZERRA,598,"",LAPAC ANÁLISES MÉDICAS,RUA AMARO BEZERRA,598,LAPAC ANÁLISES MÉDICAS,DERBY,,CIDADE,ABALROAMENTO LONGITUDINAL,DOIS AUTOS,2,,,,,,,,,0,,Longo da via,Bom,Não existe,Incompleta,Seca,Perfeito estado,Não existe,Outras,"",Única,Não existe,"",""
8841,2019-10-08T00:00:00,08:30:00,SEM VÍTIMA,FINALIZADA,JARDIM SÃO PAULO,AV PIRACICABA,722,"","",AV PIRACICABA,722,"",JARDIM SÃO PAULO,,CIDADE,COLISÃO TRASEIRA,DOIS AUTOS,2,,,,,,,,,0,,Longo da via,Bom,Não existe,Não existente,Seca,Mal conservada,Não existe,Não há placas,"",Dupla,Não existe,"",""
8842,2019-10-08T00:00:00,08:45:00,VÍTIMA FATAL,FINALIZADA,NOVA DESCOBERTA,AV VEREADOR OTACILIO AZEVEDO,2239,"",EM FRENTE A KINITOS,AV VEREADOR OTACILIO AZEVEDO,2239,EM FRENTE A KINITOS,NOVA DESCOBERTA,,SUBURBIO,COLISÃO FRONTAL,AUTO E MOTO,1,1,,,,,,,,1,1,Longo da via,Bom,Não existe,Incompleta,Seca,Perfeito estado,Não existe,Outras,40 km/h,Dupla,Faixa seccionada,"",""
8843,2019-10-08T00:00:00,09:00:00,COM VÍTIMA,FINALIZADA,CAMPO GRANDE,RUA JERONIMO VILELA,"",EST DE BELEM,AO LADO DO COLEGIO JESUS CRUCIFICADO,RUA JERONIMO VILELA,"",AO LADO DO COLEGIO JESUS CRUCIFICADO,CAMPO GRANDE,26,CIDADE,ABALROAMENTO LONGITUDINAL,MOTO E CAMINHAO,1,1,,,,,,,,1,,Cruzamento,Bom,Sem defeito,Perfeito estado,Seca,"",Faixa de pedestre,Placas Pare,"",Dupla,Faixa seccionada,"",""
8844,2019-10-08T00:00:00,09:17:00,COM VÍTIMA,FINALIZADA,VÁRZEA,RUA EMILIANO BRAGA,425,RUA PROFESSOR ANTONIO COELHO,EM FRENTE AO RESIDENSIAL JOAO NOBREGA/ EM FRENTE AO TERMINAL,RUA EMILIANO BRAGA,425,EM FRENTE AO RESIDENSIAL JOAO NOBREGA/ EM FRENTE AO TERMINAL,VÁRZEA,,SUBURBIO,ABALROAMENTO TRANSVERSAL,AUTO E MOTO,1,1,,,,,,,,1,,Cruzamento,Bom,Não existe,Perfeito estado,Seca,Perfeito estado,Faixa de pedestre,Placas Pare,"",Única,Faixa contínua,Faixa seccionada,""
8845,2019-10-08T00:00:00,09:25:00,SEM VÍTIMA,CANCELADA,CORDEIRO,AV CAXANGA,"","","EM FRENTE A CENTRO CAR, SENT. CIDADE",AV CAXANGA,"","EM FRENTE A CENTRO CAR, SENT. CIDADE",CORDEIRO,,"",COLISÃO,TRES AUTOS,3,,,,,,,,,0,,"","","","","","","","","","","","",""
8846,2019-10-08T00:00:00,10:25:00,SEM VÍTIMA,FINALIZADA,GRAÇAS,AV RUI BARBOSA,458,"",BOTECO PORTO FERREIRO,AV RUI BARBOSA,458,BOTECO PORTO FERREIRO,GRAÇAS,,CIDADE,COLISÃO TRASEIRA,DOIS AUTOS,2,,,,,,,,,0,,Longo da via,Bom,Não existe,Perfeito estado,Seca,Perfeito estado,Não existe,Outras,"",Única,Faixa seccionada,"",""
8847,2019-10-08T00:00:00,10:28:00,SEM VÍTIMA,FINALIZADA,TORRÕES,AV ENGENHEIRO ABDIAS DE CARVALHO,"","",ESQUINA COM A UPA DOS TORRÕES,AV ENGENHEIRO ABDIAS DE CARVALHO,"",ESQUINA COM A UPA DOS TORRÕES,TORRÕES,,SUBURBIO,COLISÃO TRASEIRA,DOIS AUTOS,2,,,,,,,,,0,,Cruzamento,Bom,"",Perfeito estado,Seca,Perfeito estado,"","",60 km/h,Dupla,Canteiro central,"",""
8848,2019-10-08T00:00:00,10:56:00,SEM VÍTIMA,FINALIZADA,BOA VIAGEM,AV CONSELHEIRO AGUIAR,3321,"","",AV CONSELHEIRO AGUIAR,3321,"",BOA VIAGEM,,CIDADE,ABALROAMENTO LONGITUDINAL,CAMINHÃO E ONIBUS,,,,,,1,1,,,0,,Longo da via,Bom,Não existe,Perfeito estado,Seca,Perfeito estado,Outros,Outras,"",Única,Faixa seccionada,"",""
8849,2019-10-08T00:00:00,11:17:00,SEM VÍTIMA,FINALIZADA,CAXANGÁ,AV CAXANGA,4251,RUA PROFESSOR ANTONIO COELHO,"",AV CAXANGA,4251,"",CAXANGÁ,,CIDADE,ABALROAMENTO LONGITUDINAL,SEM VITIMAS,1,,,,,1,,,,0,,Longo da via,Bom,"","",Seca,Perfeito estado,"","","",Dupla,Canteiro central,"",""
8850,2019-10-08T00:00:00,11:21:00,COM VÍTIMA,FINALIZADA,ILHA JOANA BEZERRA,RUA CONCEICAO DE MACABU,"","",AO LADO DO POSTO DE SAUDE SAO JOSE DO COPE. NA SAÍDA DO TERMINAL DE INTEGRAÇÃO DA JOANA BEZERRA.,RUA CONCEICAO DE MACABU,"",AO LADO DO POSTO DE SAUDE SAO JOSE DO COPE. NA SAÍDA DO TERMINAL DE INTEGRAÇÃO DA JOANA BEZERRA.,ILHA JOANA BEZERRA,,CIDADE,COLISÃO COM CICLISTA,ONIBUS E CICLISTA.,,,,1,,1,,,,1,,Longo da via,Bom,Não existe,Incompleta,Seca,Perfeito estado,Não existe,R-6a,"",Única,Não existe,"",""
8851,2019-10-08T00:00:00,11:24:00,SEM VÍTIMA,CANCELADA,ILHA DO LEITE,RUA JOAQUIM DE BRITO,240,"",RUA DA FREE SABOR / EM FRENTE A PRAÇA DA PIRAMIDE,RUA JOAQUIM DE BRITO,240,RUA DA FREE SABOR / EM FRENTE A PRAÇA DA PIRAMIDE,ILHA DO LEITE,,"",COLISÃO,DOIS AUTOS,2,,,,,,,,,0,,"","","","","","","","","","","","",""
8852,2019-10-08T00:00:00,12:32:00,SEM VÍTIMA,FINALIZADA,AFOGADOS,RUA SAO MIGUEL,71,"",LOJAS AMERICANAS,RUA SAO MIGUEL,71,LOJAS AMERICANAS,AFOGADOS,,SUBURBIO,ABALROAMENTO LONGITUDINAL,ENTRE DOIS AUTO S/V,2,,,,,,,,,0,,Longo da via,Bom,Não existe,Perfeito estado,Seca,Perfeito estado,Não existe,Outras,"",Dupla,Faixa contínua,Faixa seccionada,""
8853,2019-10-08T00:00:00,13:14:00,SEM VÍTIMA,FINALIZADA,BOA VIAGEM,RUA VISCONDE DE JEQUITINHONHA,"","",EM FRENTE AO Nº154,RUA VISCONDE DE JEQUITINHONHA,"",EM FRENTE AO Nº154,BOA VIAGEM,,SUBURBIO,COLISÃO TRASEIRA,ENTRE AUTO PASSEIO X CAMINHÃO,1,,,,,,1,,,0,,Longo da via,Bom,Sem defeito,Perfeito estado,Seca,Perfeito estado,Não existe,Não há placas,"",Única,Faixa seccionada,"",""
8854,2019-10-08T00:00:00,13:52:00,SEM VÍTIMA,FINALIZADA,ENGENHO DO MEIO,RUA ANTONIO CURADO,928,RUA ARARUNA,"",RUA ANTONIO CURADO,928,"",ENGENHO DO MEIO,,"",ABALROAMENTO TRANSVERSAL,COLISÃO COM VITIMA,2,,,,,,,,,0,,Cruzamento,Bom,Não existe,Incompleta,Seca,Perfeito estado,Não existe,Não há placas,"",Dupla,Não existe,"",""
8855,2019-10-08T00:00:00,14:29:00,COM VÍTIMA,FINALIZADA,AFOGADOS,RUA IMPERIAL,1485,"",APOS O VIADUTO PROX AO FEIRAO DE CARROS S/T AFOGADOS COM UMA VITIMA,RUA IMPERIAL,1485,APOS O VIADUTO PROX AO FEIRAO DE CARROS S/T AFOGADOS COM UMA VITIMA,AFOGADOS,,SUBURBIO,ABALROAMENTO LONGITUDINAL,COLISAO ENTRE AUTO E MOTO.,1,1,,,,,,,,1,,Longo da via,Bom,Não existe,"",Seca,Perfeito estado,Não existe,Outras,"","",Faixa contínua,Faixa seccionada,""
8856,2019-10-08T00:00:00,14:36:00,SEM VÍTIMA,FINALIZADA,CORDEIRO,RUA GOMES TABORDA,767,"",EM FRENTE A GALERIA JOÃO LEITE SOBRINHO,RUA GOMES TABORDA,767,EM FRENTE A GALERIA JOÃO LEITE SOBRINHO,CORDEIRO,,CIDADE,COLISÃO TRASEIRA,COLISÃO SEM VITIMA,2,,,,,,,,,0,,Longo da via,Bom,Não existe,Ilegível,Seca,Perfeito estado,Não existe,Não há placas,"",Dupla,Faixa seccionada,"",""
8857,2019-10-08T00:00:00,14:46:00,SEM VÍTIMA,FINALIZADA,IMBIRIBEIRA,AV MARECHAL MASCARENHAS DE MORAES,"","",PRÓXIMO AO CLUBE RODOVIÁRIO E A UPA DA IMBIRIBEIRA,AV MARECHAL MASCARENHAS DE MORAES,"",PRÓXIMO AO CLUBE RODOVIÁRIO E A UPA DA IMBIRIBEIRA,IMBIRIBEIRA,,CIDADE,ABALROAMENTO LONGITUDINAL,ENTRE AUTO PASSEIO X CAMINHÃO S/V,1,,,,,,,,1,0,,Longo da via,Bom,Sem defeito,Perfeito estado,Seca,Perfeito estado,Não existe,Não há placas,60 km/h,Dupla,Canteiro central,"",""
8858,2019-10-08T00:00:00,15:16:00,SEM VÍTIMA,FINALIZADA,CABANGA,RUA COMANDANTE ANTONIO MANHAES DE MATTOS,472,AV SATURNINO DE BRITO,EM FRENTE A COMPESA,RUA COMANDANTE ANTONIO MANHAES DE MATTOS,472,EM FRENTE A COMPESA,CABANGA,,SUBURBIO,COLISÃO TRASEIRA,COLISÃO SEM VITIMA,2,,,,,,,,,0,,Longo da via,Bom,Sem defeito,Perfeito estado,Seca,Perfeito estado,Não existe,Não há placas,60 km/h,Dupla,Não existe,"",""
8859,2019-10-08T00:00:00,15:16:00,SEM VÍTIMA,FINALIZADA,CASA AMARELA,AV NORTE,"","",SOB O SEMÁFORO Nº 96,AV NORTE,"",SOB O SEMÁFORO Nº 96,CASA AMARELA,96,SUBURBIO,COLISÃO TRASEIRA,ENTRE AUTO PASSEIO X ONIBUS S/V,1,,,,,1,,,,0,,Cruzamento,Bom,Sem defeito,Perfeito estado,Seca,Perfeito estado,Faixa de pedestre,"","",Dupla,Faixa seccionada,"",""
8860,2019-10-08T00:00:00,15:40:00,COM VÍTIMA,FINALIZADA,IPUTINGA,AV CAXANGA,3243,"",EM FRENTE AO ARCO MIX,AV CAXANGA,3243,EM FRENTE AO ARCO MIX,IPUTINGA,,CIDADE,ABALROAMENTO LONGITUDINAL,"COLISÃO COM VÍTIMA, ENVOLVENDO CAMINHÃO E MOTOCICLETA (CAMINHÃO EVADIU-SE, DE ACORDO COM A VÍTIMA E CONDUTORA DA MOTOCICLETA).",,1,,,,,1,,,1,,Longo da via,Bom,Não existe,Perfeito estado,Seca,Perfeito estado,Não existe,R-6a,"",Dupla,Canteiro central,"",""
8861,2019-10-08T00:00:00,16:55:00,SEM VÍTIMA,CANCELADA,BOA VIAGEM,AV CONSELHEIRO AGUIAR,4834,"",PROX AO POSTO IPIRANGA E/F AO MERCADO BOA VIAGEM,AV CONSELHEIRO AGUIAR,4834,PROX AO POSTO IPIRANGA E/F AO MERCADO BOA VIAGEM,BOA VIAGEM,,"",COLISÃO,COLISAO ENTRE AUTO E MOTO S/V,1,1,,,,,,,,0,,"","","","","","","","","","","","",""
8862,2019-10-08T00:00:00,17:00:00,SEM VÍTIMA,FINALIZADA,BOA VIAGEM,RUA BISPO CARDOSO AYRES,"","",EM FRENTE AO POSTE Nº B 012048,RUA BISPO CARDOSO AYRES,"",EM FRENTE AO POSTE Nº B 012048,BOA VIAGEM,,SUBURBIO,ABALROAMENTO TRANSVERSAL,COLISÃO COM VITIMA/ BOMBEIRO NO LOCAL,3,,,,,,,,,0,,Longo da via,Bom,Não existe,Perfeito estado,Seca,Perfeito estado,Não existe,Não há placas,"",Dupla,Não existe,"",""
8863,2019-10-08T00:00:00,17:03:00,SEM VÍTIMA,CANCELADA,ILHA DO RETIRO,PRC DA BANDEIRA,"","",EM FRENTE AO SPORT CLUBE DO RECIFE,PRC DA BANDEIRA,"",EM FRENTE AO SPORT CLUBE DO RECIFE,ILHA DO RETIRO,,"",COLISÃO,ENTRE DOIS AUTO S/V,2,,,,,,,,,0,,"","","","","","","","","","","","",""
8864,2019-10-08T00:00:00,17:49:00,SEM VÍTIMA,FINALIZADA,CABANGA,AV SUL,"",RUA CARLOS COELHO LEAL VALENTE,"",AV SUL,"","",CABANGA,260,CIDADE,ABALROAMENTO TRANSVERSAL,COLISÃO SEM VITIMA,1,1,,,,,,,,0,,Cruzamento,Bom,Sem defeito,Perfeito estado,Seca,Perfeito estado,Faixa de pedestre,Outras,60 km/h,Dupla,Canteiro central,"",""
8865,2019-10-08T00:00:00,18:02:00,SEM VÍTIMA,FINALIZADA,TAMARINEIRA,RUA CONEGO BARATA,436,RUA SILVEIRA LIRA,LADO OPOSTO A FERREIRA COSTA,RUA CONEGO BARATA,436,LADO OPOSTO A FERREIRA COSTA,TAMARINEIRA,,SUBURBIO,ABALROAMENTO TRANSVERSAL,ÕNIBUS X AUTO PASSEIO. S/V,1,,,,,1,,,,0,,Cruzamento,Bom,Não existe,Perfeito estado,Seca,Perfeito estado,Não existe,Não há placas,"",Dupla,Canteiro central,"",""
8866,2019-10-08T00:00:00,18:36:00,COM VÍTIMA,FINALIZADA,DERBY,AV GOVERNADOR AGAMENON MAGALHAES,287,"","E/F AO HOSPITAL HAPVIDA, SNT BV. PISTA LOCAL.",AV GOVERNADOR AGAMENON MAGALHAES,287,"E/F AO HOSPITAL HAPVIDA, SNT BV. PISTA LOCAL.",DERBY,,SUBURBIO,ABALROAMENTO LONGITUDINAL,ENTRE AUTO E MOTO. C/V,1,1,,,,,,,,1,,Longo da via,Bom,Não existe,Perfeito estado,Seca,Perfeito estado,Não existe,R-6a,"",Dupla,Canal,"",""
8867,2019-10-08T00:00:00,18:50:00,SEM VÍTIMA,FINALIZADA,"",RUA BENFICA,"","",EM FRENTE A ACADEMIA FERNANDINHO BELTRAO,RUA BENFICA,"",EM FRENTE A ACADEMIA FERNANDINHO BELTRAO,"",,SUBURBIO,ABALROAMENTO LONGITUDINAL,ONIBUS X HRV,1,,,,,1,,,,0,,Longo da via,Bom,Não existe,Perfeito estado,Seca,Perfeito estado,Faixa de retenção,Outras,"",Única,Faixa seccionada,"",""
8868,2019-10-08T00:00:00,19:41:00,SEM VÍTIMA,FINALIZADA,AFOGADOS,RUA SAO MIGUEL,893,"","",RUA SAO MIGUEL,893,"",AFOGADOS,423,SUBURBIO,COLISÃO TRASEIRA,ENTRE 2 AUTOS. S/V,2,,,,,,,,,0,,Longo da via,Bom,Sem defeito,Perfeito estado,Seca,Perfeito estado,Faixa de pedestre,Não há placas,"",Dupla,Faixa contínua,"",""
8869,2019-10-08T00:00:00,19:45:00,SEM VÍTIMA,FINALIZADA,MADALENA,RUA REAL DA TORRE,"",RUA JOSE OSORIO,SEMÁFORO Nº 179,RUA REAL DA TORRE,"",SEMÁFORO Nº 179,MADALENA,,"",ABALROAMENTO LONGITUDINAL,"",1,,,,,1,,,,0,,Cruzamento,Bom,Sem defeito,Perfeito estado,Seca,Perfeito estado,Faixa de pedestre,R-6a,40 km/h,Única,"","",""
8870,2019-10-08T00:00:00,20:15:00,SEM VÍTIMA,FINALIZADA,MACAXEIRA,AV NORTE,"","","",AV NORTE,"","",MACAXEIRA,671,SUBURBIO,COLISÃO TRASEIRA,ENTRE 2 AUTOS. S/V,2,,,,,,,,,0,,Longo da via,Bom,Sem defeito,Perfeito estado,Seca,Perfeito estado,Faixa de pedestre,Outras,"",Dupla,Canteiro central,"",""