_id,DATA,hora,natureza_acidente,situacao,bairro,endereco,numero,detalhe_endereco_acidente,complemento,endereco_cruzamento,numero_cruzamento,referencia_cruzamento,bairro_cruzamento,num_semaforo,sentido_via,tipo,descricao,auto,moto,ciclom,ciclista,pedestre,onibus,caminhao,viatura,outros,vitimas,vitimasfatais,acidente_verificado,tempo_clima,situacao_semaforo,sinalizacao,condicao_via,conservacao_via,ponto_controle,situacao_placa,velocidade_max_via,mao_direcao,divisao_via1,divisao_via2,divisao_via3
8980,2019-10-11T00:00:00,16:44:00,SEM VÍTIMA,FINALIZADA,IMBIRIBEIRA,AV MARECHAL MASCARENHAS DE MORAES,"","",EM FRENTE A PALLETS / ANTES DA PONTE MOTOCOLOMBÓ,AV MARECHAL MASCARENHAS DE MORAES,"",EM FRENTE A PALLETS / ANTES DA PONTE MOTOCOLOMBÓ,IMBIRIBEIRA,,CIDADE,ABALROAMENTO LONGITUDINAL,COLISÃO SEM VÍTIMA/ CONDUTORA ORIENTADA A RETIRAR DA VIA PARA NÃO OBSTRUIR O TRANSITO,1,,,,,,1,,,0,,Longo da via,Bom,Não existe,Perfeito estado,Seca,Perfeito estado,"",Não há placas,60 km/h,Dupla,Faixa contínua,"",""
8981,2019-10-11T00:00:00,16:55:00,SEM VÍTIMA,FINALIZADA,ILHA DO RETIRO,EST DOS REMEDIOS,"",RUA TABAIARES,AO LADO DA HYUNDAI,EST DOS REMEDIOS,"",AO LADO DA HYUNDAI,ILHA DO RETIRO,390,CIDADE,ABALROAMENTO LONGITUDINAL,COLISÃO SEM VÍTIMA,1,,,,,1,,,,0,,Cruzamento,Bom,Sem defeito,Perfeito estado,Seca,Perfeito estado,Outros,R-6a,"",Única,"","",""
8982,2019-10-11T00:00:00,17:18:00,COM VÍTIMA,FINALIZADA,TORREÃO,RUA OTHON PARAISO,161,RUA DJALMA FARIAS,"",RUA OTHON PARAISO,161,"",TORREÃO,,SUBURBIO,ABALROAMENTO LONGITUDINAL,AUTO E MOTO.,1,1,,,,,,,,1,,Longo da via,Bom,Não existe,Incompleta,Seca,Perfeito estado,Não existe,Outras,"",Única,Canteiro central,"",""
8983,2019-10-11T00:00:00,17:22:00,COM VÍTIMA,FINALIZADA,IBURA,RUA DR BENIGNO JORDAO DE VASCONCELOS,15,"",EM FRENTE AO DEPOSITO ALTAS HORAS,RUA DR BENIGNO JORDAO DE VASCONCELOS,15,EM FRENTE AO DEPOSITO ALTAS HORAS,IBURA,,SUBURBIO,COLISÃO FRONTAL,"MOTO, AUTO E CAMINHÃO ENVOLVIDOS.",1,1,,,,,1,,,1,,Longo da via,Bom,Não existe,Não existente,Seca,Perfeito estado,Não existe,Não há placas,"",Dupla,Não existe,"",""
8984,2019-10-11T00:00:00,17:24:00,SEM VÍTIMA,FINALIZADA,BOA VIAGEM,AV ENGENHEIRO DOMINGOS FERREIRA,3920,"",RESTAURANTE FAMILIA JULIANO,AV ENGENHEIRO DOMINGOS FERREIRA,3920,RESTAURANTE FAMILIA JULIANO,BOA VIAGEM,,SUBURBIO,ABALROAMENTO LONGITUDINAL,COLISÃO SEM VITIMA,1,,,,,1,,,,0,,Longo da via,Bom,Não existe,Perfeito estado,Seca,Perfeito estado,Faixa de pedestre,Não há placas,60 km/h,Única,Faixa seccionada,"",""
8985,2019-10-11T00:00:00,17:40:00,SEM VÍTIMA,FINALIZADA,TEJIPIÓ,RUA QUINZE DE NOVEMBRO,501,RUA PAPA JOAO VINTE E TRES,EM FRENTE AO Nº 501,RUA QUINZE DE NOVEMBRO,501,EM FRENTE AO Nº 501,TEJIPIÓ,,SUBURBIO,ABALROAMENTO LONGITUDINAL,COLISÃO SEM VITIMA,2,,,,,,,,,0,,"",Bom,Não existe,Não existente,Seca,Perfeito estado,Não existe,Não há placas,"",Dupla,Não existe,"",""
8986,2019-10-11T00:00:00,18:04:00,SEM VÍTIMA,CANCELADA,ILHA DO LEITE,RUA ESTADO DE ISRAEL,"","",E/ F AO CAFÉ SÃO BRAZ,RUA ESTADO DE ISRAEL,"",E/ F AO CAFÉ SÃO BRAZ,ILHA DO LEITE,,"",COLISÃO,COLISAO SEM VITIMAS,2,,,,,,,,,0,,"","","","","","","","","","","","",""
8987,2019-10-11T00:00:00,18:20:00,SEM VÍTIMA,CANCELADA,SÃO JOSÉ,RUA IMPERIAL,125,RUA PIRACEMA,PROX A IGREJA MATRIZ DO BAIRRO SAO JOSE,RUA IMPERIAL,125,PROX A IGREJA MATRIZ DO BAIRRO SAO JOSE,SÃO JOSÉ,,"",COLISÃO,COROLA X ONIBUS,1,,,,,1,,,,0,,"","","","","","","","","","","","",""
8988,2019-10-11T00:00:00,18:33:00,SEM VÍTIMA,FINALIZADA,TORRÕES,RUA ZUMBI DOS PALMARES,"",AV BICENTENARIO DA REVOLUCAO FRANCESA,"",RUA ZUMBI DOS PALMARES,"","",TORRÕES,,SUBURBIO,CHOQUE VEÍCULO PARADO,COLISAO SEM VITIMAS,1,,,,,1,,,,0,,Cruzamento,Bom,Não existe,Não existente,Seca,Perfeito estado,Não existe,R-6a,"",Dupla,Não existe,"",""
8989,2019-10-11T00:00:00,18:41:00,SEM VÍTIMA,FINALIZADA,SANTO AMARO,AV NORTE,414,RUA VINTE E QUATRO DE AGOSTO,OPOSTO DO 21º CSM,AV NORTE,414,OPOSTO DO 21º CSM,SANTO AMARO,463,SUBURBIO,ABALROAMENTO LONGITUDINAL,COLISAO SEM VITIMAS,2,,,,,,,,,0,,Longo da via,Bom,Sem defeito,Perfeito estado,Seca,Perfeito estado,Faixa de retenção,Não há placas,"",Única,Faixa seccionada,"",""
8990,2019-10-11T00:00:00,18:57:00,SEM VÍTIMA,FINALIZADA,SÃO JOSÉ,AV SUL,69,RUA CERRO CORA,"",AV SUL,69,"",SÃO JOSÉ,,CIDADE,ABALROAMENTO LONGITUDINAL,COLISAO COM VITIMAS,1,1,,,,,,,,0,,Longo da via,Bom,Não existe,Perfeito estado,Seca,Perfeito estado,Não existe,Não há placas,"",Única,Faixa seccionada,"",""
8991,2019-10-11T00:00:00,19:01:00,SEM VÍTIMA,FINALIZADA,GRAÇAS,AV RUI BARBOSA,"","",EM FRENTE AO BANCO SANTANDER,AV RUI BARBOSA,"",EM FRENTE AO BANCO SANTANDER,GRAÇAS,,CIDADE,COLISÃO TRASEIRA,COLISAO SEM VITIMAS,3,,,,,,,,,0,,Longo da via,Bom,Não existe,Perfeito estado,Seca,Perfeito estado,Faixa de pedestre,R-6a,"",Única,Faixa contínua,"",""
8992,2019-10-11T00:00:00,19:06:00,SEM VÍTIMA,FINALIZADA,AFOGADOS,RUA DA PAZ,125,"","",RUA DA PAZ,125,"",AFOGADOS,,"",ABALROAMENTO LONGITUDINAL,ONIBUS X COROLA,1,,,,,1,,,,0,,Longo da via,Bom,Sem defeito,Perfeito estado,Seca,Perfeito estado,"","","",Única,"","",""
8993,2019-10-11T00:00:00,19:19:00,COM VÍTIMA,FINALIZADA,IPSEP,RUA JEAN EMILE FAVRE,862,"",PROX AO SUPERMERCADO ARCO MIX,RUA JEAN EMILE FAVRE,862,PROX AO SUPERMERCADO ARCO MIX,IPSEP,,CIDADE,ATROPELAMENTO,"MOTOCICLETA, AUTO E ÔNIBUS ENVOLVIDOS.",1,1,,,1,1,,,,2,,Longo da via,Bom,Não existe,Perfeito estado,Seca,Perfeito estado,"",Não há placas,"",Dupla,Faixa,"",""
8994,2019-10-11T00:00:00,19:43:00,SEM VÍTIMA,FINALIZADA,TORRE,PRC PROFESSOR BARRETO CAMPELLO,"","",EM FRENTE A PARÓQUIA NOSSA SENHORA DO ROSÁRIO,PRC PROFESSOR BARRETO CAMPELLO,"",EM FRENTE A PARÓQUIA NOSSA SENHORA DO ROSÁRIO,TORRE,,"",ABALROAMENTO TRANSVERSAL,LOGAN X UP,2,,,,,,,,,0,,Longo da via,Bom,Não existe,Perfeito estado,Seca,Perfeito estado,Não existe,Não há placas,"",Única,Faixa seccionada,"",""
8995,2019-10-11T00:00:00,19:45:00,SEM VÍTIMA,FINALIZADA,AFOGADOS,RUA NICOLAU PEREIRA,"",RUA DO ACRE,"",RUA NICOLAU PEREIRA,"","",AFOGADOS,,SUBURBIO,COLISÃO TRASEIRA,COLISAO SEM VITIMAS,1,,,,,1,,,,0,,"",Bom,Sem defeito,Perfeito estado,Seca,Perfeito estado,Não existe,Outras,"",Única,Não existe,"",""
8996,2019-10-11T00:00:00,20:08:00,SEM VÍTIMA,CANCELADA,BOMBA DO HEMETÉRIO,RUA CHA DE ALEGRIA,164,"",TERMINAL DE ONIBUS CHA DE ALEGRIA,RUA CHA DE ALEGRIA,164,TERMINAL DE ONIBUS CHA DE ALEGRIA,BOMBA DO HEMETÉRIO,,"",COLISÃO,ONIBUS CAXANGA X VOYAGE,1,,,,,1,,,,0,,"","","","","","","","","","","","",""
8997,2019-10-11T00:00:00,20:13:00,COM VÍTIMA,CANCELADA,ILHA JOANA BEZERRA,PTE JOAQUIM CARDOSO,"","",NA SUBIDA DA PONTE //SENTIDO IMIP,PTE JOAQUIM CARDOSO,"",NA SUBIDA DA PONTE //SENTIDO IMIP,ILHA JOANA BEZERRA,,"",COLISÃO,AUTO E MOTO,1,1,,,,,,,,1,,"","","","","","","","","","","","",""
8998,2019-10-11T00:00:00,20:17:00,SEM VÍTIMA,CANCELADA,TORRE,RUA MARQUES DE MARICA,"","",NA PRAÇA MESMO,RUA MARQUES DE MARICA,"",NA PRAÇA MESMO,TORRE,,"",COLISÃO,COLISAO SEM VITIMAS,2,,,,,,,,,0,,"","","","","","","","","","","","",""
8999,2019-10-11T00:00:00,20:23:00,SEM VÍTIMA,FINALIZADA,IMBIRIBEIRA,AV MARECHAL MASCARENHAS DE MORAES,"","",SEMÁFORO 531,AV MARECHAL MASCARENHAS DE MORAES,"",SEMÁFORO 531,IMBIRIBEIRA,531,SUBURBIO,COLISÃO TRASEIRA,COLISAO SEM VITIMAS,2,,,,,,,,,0,,Longo da via,Bom,Sem defeito,Perfeito estado,Seca,Perfeito estado,Faixa de pedestre,Não há placas,"",Dupla,Canteiro central,"",""
9000,2019-10-11T00:00:00,21:09:00,SEM VÍTIMA,FINALIZADA,BOA VISTA,RUA GERVASIO PIRES,249,"",LADO OPOSTO A COLCHÕES ORTOBOM,RUA GERVASIO PIRES,249,LADO OPOSTO A COLCHÕES ORTOBOM,BOA VISTA,,SUBURBIO,CHOQUE VEÍCULO PARADO,CAMINHAO X MOTO OBS: VT 30 DA CTTU ESTA NO LOCAL,,1,,,,,1,,,0,,Longo da via,Bom,Não existe,Perfeito estado,Seca,Perfeito estado,Faixa de pedestre,R-6a,30 km/h,Única,Não existe,"",""
9001,2019-10-11T00:00:00,21:31:00,SEM VÍTIMA,FINALIZADA,JIQUIÁ,RUA DANIEL ANTONIO RODRIGUES,300,RUA DES DIRCEU BORGES,"",RUA DANIEL ANTONIO RODRIGUES,300,"",JIQUIÁ,,SUBURBIO,COLISÃO TRASEIRA,COLISAO SEM VITIMAS,2,,,,,,,,,0,,Longo da via,Bom,Não existe,Não existente,Seca,Mal conservada,Não existe,Não há placas,10 km/h,Dupla,Não existe,"",""
9002,2019-10-11T00:00:00,21:41:00,COM VÍTIMA,FINALIZADA,BOA VIAGEM,RUA ERNESTO DE PAULA SANTOS,"",RUA AMALIA BERNARDINO DE SOUZA,NA DESCIDA DO VIADUTO TRANQUEDO NEVES // POSTO BR // SENTIDO BOA VIAGEM,RUA ERNESTO DE PAULA SANTOS,"",NA DESCIDA DO VIADUTO TRANQUEDO NEVES // POSTO BR // SENTIDO BOA VIAGEM,BOA VIAGEM,,BEIRA MAR,ABALROAMENTO LONGITUDINAL,DOIS AUTOS,2,,,,,,,,,1,,Esquina,Bom,Não existe,Não existente,Seca,Perfeito estado,Não existe,Não há placas,"",Única,Faixa seccionada,"",""
9003,2019-10-11T00:00:00,23:20:00,SEM VÍTIMA,FINALIZADA,VÁRZEA,AV PROFESSOR LUIZ FREIRE,700,"",ITEP,AV PROFESSOR LUIZ FREIRE,700,ITEP,VÁRZEA,,CIDADE,COLISÃO TRASEIRA,FORD KA X SIENA,2,,,,,,,,,0,,Longo da via,Bom,Não existe,Incompleta,Seca,Perfeito estado,Não existe,Outras,"",Dupla,Faixa seccionada,"",""
9004,2019-10-11T00:00:00,23:56:00,SEM VÍTIMA,FINALIZADA,IBURA,AV DOIS RIOS,"","",EM FRENTE AO MR SUPERMERCADO,AV DOIS RIOS,"",EM FRENTE AO MR SUPERMERCADO,IBURA,,SUBURBIO,COLISÃO TRASEIRA,COLISÃO ENTRE CAMINHÃO E AUTO S/V,1,,,,,,2,,,0,,Longo da via,Bom,Não existe,Perfeito estado,Seca,Perfeito estado,Não existe,Não há placas,"",Dupla,Faixa contínua,"",""
9005,2019-10-12T00:00:00,01:22:00,SEM VÍTIMA,FINALIZADA,"",AV GOVERNADOR AGAMENON MAGALHAES,"","",SEMÁFORO 173,AV GOVERNADOR AGAMENON MAGALHAES,"",SEMÁFORO 173,"",173,"",ABALROAMENTO LONGITUDINAL,COLISÃO ENTRE DOIS AUTOS S/V,2,,,,,,,,,0,,Longo da via,Bom,Sem defeito,Perfeito estado,Seca,Perfeito estado,Faixa de pedestre,Outras,"",Dupla,Canal,"",""
9006,2019-10-12T00:00:00,03:29:00,SEM VÍTIMA,CANCELADA,BOA VISTA,RUA JOSE DE ALENCAR,"",RUA BARAO DE SAO BORJA,"",RUA JOSE DE ALENCAR,"","",BOA VISTA,,"",COLISÃO,COLISÃO ENTRE DOIS AUTOS S/V,2,,,,,,,,,0,,"","","","","","","","","","","","",""
9007,2019-10-12T00:00:00,06:36:00,SEM VÍTIMA,FINALIZADA,CASA AMARELA,RUA PAULA BATISTA,334,"",SOB O SEMÁFORO,RUA PAULA BATISTA,334,SOB O SEMÁFORO,CASA AMARELA,136,CIDADE,COLISÃO TRASEIRA,MOTO E AUTO,1,1,,,,,,,,0,,Cruzamento,Bom,Sem defeito,Perfeito estado,Seca,Perfeito estado,Faixa de pedestre,"","",Dupla,Faixa contínua,"",""
9008,2019-10-12T00:00:00,07:45:00,COM VÍTIMA,FINALIZADA,SANTO ANTÔNIO,PTE PRINCESA IZABEL,"","",SOBRE A PONTE PRINCESA IZABEL,PTE PRINCESA IZABEL,"",SOBRE A PONTE PRINCESA IZABEL,SANTO ANTÔNIO,,SUBURBIO,COLISÃO TRASEIRA,COLISÃO COM 3 VEÍCULOS.,3,,,,,,,,,2,,Ponte,Bom,Não existe,Perfeito estado,Seca,Perfeito estado,Não existe,Não há placas,"",Dupla,Faixa contínua,Faixa seccionada,""
9009,2019-10-12T00:00:00,08:47:00,SEM VÍTIMA,FINALIZADA,SANTO AMARO,RUA DOS PALMARES,"",RUA MAJOR CODECEIRA,EM FRENTE AO LABORATORIO MUNICIPAL DE SAUDE PUBLICA,RUA DOS PALMARES,"",EM FRENTE AO LABORATORIO MUNICIPAL DE SAUDE PUBLICA,SANTO AMARO,,"",COLISÃO,COLISÃO SEM VITIMAS,2,,,,,,,,,0,,"","","","","","","","","","","","",""
9010,2019-10-12T00:00:00,10:37:00,SEM VÍTIMA,FINALIZADA,SANTO ANTÔNIO,RUA DO SOL,"",RUA ULHOA CINTRA,"",RUA DO SOL,"","",SANTO ANTÔNIO,,CIDADE,ABALROAMENTO LONGITUDINAL,DOIS AUTOS VT- 21 NO LOCAL INSP. ANTONIO E CORREIA,2,,,,,,,,,0,,Cruzamento,Bom,Não existe,Perfeito estado,Seca,Perfeito estado,Não existe,R-6a,"",Única,Faixa contínua,Faixa seccionada,""
9011,2019-10-12T00:00:00,11:21:00,SEM VÍTIMA,FINALIZADA,ESPINHEIRO,RUA QUARENTA E OITO,"",RUA CONS PORTELA,"",RUA QUARENTA E OITO,"","",ESPINHEIRO,,CIDADE,ABALROAMENTO LONGITUDINAL,DOIS AUTOS,2,,,,,,,,,0,,Cruzamento,Bom,Sem defeito,Perfeito estado,Seca,Perfeito estado,Faixa de pedestre,Não há placas,40 km/h,Única,Faixa seccionada,"",""
9012,2019-10-12T00:00:00,11:26:00,SEM VÍTIMA,CANCELADA,ILHA DO RETIRO,RUA SPORT CLUBE DO RECIFE,"","",EM FRENTE A LOJA DO SPORT,RUA SPORT CLUBE DO RECIFE,"",EM FRENTE A LOJA DO SPORT,ILHA DO RETIRO,,SUBURBIO,COLISÃO,SEM VITIMAS,2,,,,,,,,,0,,"","","","","","","","","","","","",""
9013,2019-10-12T00:00:00,11:45:00,SEM VÍTIMA,FINALIZADA,VÁRZEA,AV CAXANGA,5602,RUA RODRIGUES FERREIRA,"",AV CAXANGA,5602,"",VÁRZEA,232,CIDADE,ABALROAMENTO TRANSVERSAL,SEM VITIMAS,1,,,,,1,,,,0,,Longo da via,Bom,Sem defeito,Perfeito estado,Seca,Perfeito estado,Faixa de pedestre,Outras,"",Dupla,Faixa contínua,Faixa seccionada,Canteiro central
9014,2019-10-12T00:00:00,12:55:00,SEM VÍTIMA,FINALIZADA,IMBIRIBEIRA,AV MARECHAL MASCARENHAS DE MORAES,5803,RUA DEZ DE JULHO,EM FRENTE AO POSTO DE GASOLINA IPIRANGA,AV MARECHAL MASCARENHAS DE MORAES,5803,EM FRENTE AO POSTO DE GASOLINA IPIRANGA,IMBIRIBEIRA,,CIDADE,COLISÃO TRASEIRA,COLISÃO SEM VÍTIMA,2,,,,,,,,,0,,Cruzamento,Bom,Não existe,Perfeito estado,Seca,Perfeito estado,Não existe,Não há placas,"",Única,Não existe,"",""
9015,2019-10-12T00:00:00,13:03:00,SEM VÍTIMA,CANCELADA,PINA,AV ENCANTA MOCA,63,"","CASA, POR TRAZ DA GALERIA JOANA DARC...A RUA FICA PROX. A IGREJA DO PINA",AV ENCANTA MOCA,63,"CASA, POR TRAZ DA GALERIA JOANA DARC...A RUA FICA PROX. A IGREJA DO PINA",PINA,,"",COLISÃO,COLISÃO SEM VÍTIMA,2,,,,,,,,,0,,"","","","","","","","","","","","",""
9016,2019-10-12T00:00:00,13:25:00,COM VÍTIMA,FINALIZADA,JIQUIÁ,RUA PASSO DA SANTA CRUZ,29,AV DR JOSE RUFINO,EM FRENTE A ANTIGA FABRICA YOLANDA,RUA PASSO DA SANTA CRUZ,29,EM FRENTE A ANTIGA FABRICA YOLANDA,JIQUIÁ,,SUBURBIO,CHOQUE VEÍCULO PARADO,ENTRE DOIS AUTOS E UMA MOTO.,2,1,,,,,,,,1,,Longo da via,Bom,Não existe,Não existente,Seca,Mal conservada,Não existe,Não há placas,"",Dupla,Não existe,"",""
9017,2019-10-12T00:00:00,14:22:00,SEM VÍTIMA,FINALIZADA,PINA,AV ANTONIO DE GOES,340,"",SOB O SEMÁFORO 277,AV ANTONIO DE GOES,340,SOB O SEMÁFORO 277,PINA,277,CIDADE,COLISÃO TRASEIRA,COLISÃO SEM VÍTIMA,2,,,,,,,,,0,,Longo da via,Bom,Sem defeito,Perfeito estado,Seca,Perfeito estado,Faixa de pedestre,"",60 km/h,Única,Canteiro central,"",""
9018,2019-10-12T00:00:00,14:45:00,SEM VÍTIMA,FINALIZADA,GRAÇAS,RUA ESMERALDINO BANDEIRA,55,RUA BRUNO MAIA,EM FRENTE A LOJA SIANINHA,RUA ESMERALDINO BANDEIRA,55,EM FRENTE A LOJA SIANINHA,GRAÇAS,126,"",ABALROAMENTO TRANSVERSAL,COLISÃO SEM VÍTIMA,2,,,,,,,,,0,,Cruzamento,Bom,Sem defeito,Perfeito estado,Seca,Perfeito estado,Faixa de pedestre,Placas Dê a preferência,"",Única,Não existe,"",""
9019,2019-10-12T00:00:00,15:46:00,COM VÍTIMA,FINALIZADA,JOANA BEZERRA,AV MARTIN LUTHER KING,"","",PROX. A ACADEMIA DA CIDADE,AV MARTIN LUTHER KING,"",PROX. A ACADEMIA DA CIDADE,JOANA BEZERRA,,SUBURBIO,ATROPELAMENTO,ÔNIBUS E PEDESTRE,,,,,1,1,,,,1,,Longo da via,Bom,Não existe,Perfeito estado,Seca,Perfeito estado,Não existe,R-6a,"",Única,Canteiro central,"",""
9020,2019-10-12T00:00:00,15:47:00,SEM VÍTIMA,FINALIZADA,IPSEP,RUA JEAN EMILE FAVRE,750,RUA POTENGY,FARMÁCIA PERMANENTE,RUA JEAN EMILE FAVRE,750,FARMÁCIA PERMANENTE,IPSEP,564,CIDADE,COLISÃO TRASEIRA,COLISÃO SEM VÍTIMA,3,,,,,,,,,0,,Longo da via,Bom,Sem defeito,Perfeito estado,Seca,Perfeito estado,Faixa de pedestre,Outras,"",Dupla,Faixa contínua,"",""
9021,2019-10-12T00:00:00,17:57:00,SEM VÍTIMA,FINALIZADA,"",AV CAXANGA,"","","",AV CAXANGA,"","","",,SUBURBIO,COLISÃO FRONTAL,COLISAO SEM VITIMAS,2,,,,,,,,,0,,Longo da via,Nublado,Não existe,Perfeito estado,Seca,Perfeito estado,Não existe,Outras,60 km/h,Dupla,Canteiro central,"",""
9022,2019-10-12T00:00:00,18:48:00,SEM VÍTIMA,EQUIPE NO LOCAL,AFLITOS,RUA MANUEL DE CARVALHO,363,RUA CARNEIRO VILELA,"",RUA MANUEL DE CARVALHO,363,"",AFLITOS,,SUBURBIO,ABALROAMENTO LONGITUDINAL,COLISÃO ENTRE DOIS AUTOS S/V,2,,,,,,,,,0,,Cruzamento,Bom,Não existe,Incompleta,Seca,Perfeito estado,Não existe,Placas Pare,"",Única,Não existe,"",""
9023,2019-10-12T00:00:00,19:13:00,SEM VÍTIMA,FINALIZADA,IMBIRIBEIRA,RUA DR LUIZ CORREA DE OLIVEIRA,97,"","",RUA DR LUIZ CORREA DE OLIVEIRA,97,"",IMBIRIBEIRA,,SUBURBIO,CHOQUE VEÍCULO PARADO,COLISÃO ENTRE DOIS AUTOS S/V,2,,,,,,,,,0,,Longo da via,Bom,Não existe,Perfeito estado,Seca,Perfeito estado,Não existe,Outras,"",Dupla,Não existe,"",""
9024,2019-10-12T00:00:00,19:38:00,COM VÍTIMA,FINALIZADA,SANTO AMARO,AV GOVERNADOR AGAMENON MAGALHAES,"",AV DR JAYME DA FONTE,"",AV GOVERNADOR AGAMENON MAGALHAES,"","",SANTO AMARO,49,SUBURBIO,ATROPELAMENTO,AUTO E PEDESTRE.,1,,,,1,,,,,1,,Cruzamento,"",Sem defeito,Perfeito estado,Seca,"",Faixa de pedestre,R-24a,"",Dupla,Faixa seccionada,Canteiro central,""
9025,2019-10-12T00:00:00,20:55:00,COM VÍTIMA,FINALIZADA,BOMBA DO HEMETÉRIO,RUA BOMBA DO HEMETERIO,405,RUA ESMERALDAS,"EM EM FRENTE A FUNERARIA CANAÃ, PROX DO BAR DO TUCA VERSÁTIL",RUA BOMBA DO HEMETERIO,405,"EM EM FRENTE A FUNERARIA CANAÃ, PROX DO BAR DO TUCA VERSÁTIL",BOMBA DO HEMETÉRIO,,SUBURBIO,ABALROAMENTO TRANSVERSAL,DOIS AUTOS E UMA MOTO.,2,1,,,,,,,,1,,Longo da via,Bom,Não existe,Perfeito estado,Seca,Perfeito estado,"",Outras,"",Dupla,Faixa seccionada,"",""
9026,2019-10-12T00:00:00,22:54:00,SEM VÍTIMA,FINALIZADA,IPUTINGA,AV CAXANGA,"",RUA MANOEL JOAQUIM DE ALMEIDA,"",AV CAXANGA,"","",IPUTINGA,533,CIDADE,ABALROAMENTO LONGITUDINAL,ENTRE 2 AUTOS. S/V,2,,,,,,,,,0,,Cruzamento,Bom,Sem defeito,Incompleta,Seca,Perfeito estado,Não existe,Não há placas,60 km/h,Dupla,Canteiro central,"",""
9027,2019-10-12T00:00:00,22:58:00,SEM VÍTIMA,FINALIZADA,CAJUEIRO,AV CIDADE DE MONTEIRO,"",RUA DR ALBERTO WANDERLEY,"",AV CIDADE DE MONTEIRO,"","",CAJUEIRO,,SUBURBIO,ABALROAMENTO TRANSVERSAL,ENTRE MOTO E AUTO. S/V,1,1,,,,,,,,0,,Cruzamento,Bom,Não existe,Ilegível,Seca,Perfeito estado,Outros,Placas Pare,30 km/h,Dupla,Faixa contínua,"",""
9028,2019-10-13T00:00:00,00:53:00,SEM VÍTIMA,FINALIZADA,IPSEP,RUA ADERBAL DE MELO,"",RUA HELIO BRANDAO,"",RUA ADERBAL DE MELO,"","",IPSEP,,"",ABALROAMENTO TRANSVERSAL,"COLISÃO ENTRE AUTO E MOTO, C/V",1,1,,,,,,,,0,,Cruzamento,Bom,Não existe,Ilegível,Seca,Mal iluminada,Não existe,Placas Pare,"",Dupla,Não existe,"",""
9029,2019-10-13T00:00:00,01:04:00,SEM VÍTIMA,FINALIZADA,JORDÃO,RUA RIO XINGU,45,"","",RUA RIO XINGU,45,"",JORDÃO,,SUBURBIO,COLISÃO FRONTAL,"COLISÃO ENTRE DOIS AUTOS, S/V",2,,,,,,,,,0,,Longo da via,Bom,Não existe,Incompleta,Seca,Perfeito estado,Não existe,Não há placas,"",Dupla,Não existe,"",""
9030,2019-10-13T00:00:00,03:44:00,SEM VÍTIMA,FINALIZADA,CAMPO GRANDE,RUA ODORICO MENDES,301,"","",RUA ODORICO MENDES,301,"",CAMPO GRANDE,,SUBURBIO,COLISÃO FRONTAL,"COLISÃO ENTRE DOIS AUTOS, S/V",2,,,,,,,,,0,,Longo da via,Bom,Não existe,Incompleta,Seca,Perfeito estado,Não existe,Outras,"",Dupla,Faixa seccionada,"",""
9031,2019-10-13T00:00:00,06:11:00,SEM VÍTIMA,FINALIZADA,IPSEP,RUA ITAJAI,162,RUA ITACARI,EM FRENTE Nº 162 / INOVE,RUA ITAJAI,162,EM FRENTE Nº 162 / INOVE,IPSEP,,"",ABALROAMENTO TRANSVERSAL,COLISÃO SEM VITIMAS,2,,,,,,,,,0,,Cruzamento,Bom,Não existe,Perfeito estado,Seca,Perfeito estado,Faixa de pedestre,Placas Pare,"",Dupla,Faixa contínua,"",""
9032,2019-10-13T00:00:00,07:38:00,COM VÍTIMA,FINALIZADA,BOA VIAGEM,AV FERNANDO SIMOES BARBOSA,"","",EMFRENTE AO RESTAURANTE PARRAXAXA,AV FERNANDO SIMOES BARBOSA,"",EMFRENTE AO RESTAURANTE PARRAXAXA,BOA VIAGEM,,SUBURBIO,ATROPELAMENTO,MOTO E PEDESTRE.,,1,,,1,,,,,3,,Longo da via,Bom,Não existe,Perfeito estado,Seca,Perfeito estado,Não existe,R-6a,60 km/h,Única,Faixa seccionada,"",""
9033,2019-10-13T00:00:00,07:47:00,COM VÍTIMA,FINALIZADA,IMBIRIBEIRA,AV MARECHAL MASCARENHAS DE MORAES,7787,"",EM FRENTE AO GERALDÃO,AV MARECHAL MASCARENHAS DE MORAES,7787,EM FRENTE AO GERALDÃO,IMBIRIBEIRA,,CIDADE,ATROPELAMENTO,ÔNIBUS E PEDESTRE,,,,,1,1,,,,1,,Longo da via,Bom,Sem defeito,Perfeito estado,Seca,Perfeito estado,Faixa de pedestre,R-6a,"",Dupla,Faixa contínua,Faixa seccionada,Canteiro central
9034,2019-10-13T00:00:00,12:29:00,COM VÍTIMA,FINALIZADA,IMBIRIBEIRA,RUA SARGENTO SILVINO DE MACEDO,"",RUA BARAO DE AGUA BRANCA,NA RUA DO MOTEL SUL E A FARMÁCIA FTB,RUA SARGENTO SILVINO DE MACEDO,"",NA RUA DO MOTEL SUL E A FARMÁCIA FTB,IMBIRIBEIRA,,"",ABALROAMENTO LONGITUDINAL,AUTO E MOTO.,1,1,,,,,,,,1,,Esquina,Bom,Não existe,Não existente,Seca,Perfeito estado,Não existe,Não há placas,"",Dupla,Não existe,"",""