_id,DATA,hora,natureza_acidente,situacao,bairro,endereco,numero,detalhe_endereco_acidente,complemento,endereco_cruzamento,numero_cruzamento,referencia_cruzamento,bairro_cruzamento,num_semaforo,sentido_via,tipo,descricao,auto,moto,ciclom,ciclista,pedestre,onibus,caminhao,viatura,outros,vitimas,vitimasfatais,acidente_verificado,tempo_clima,situacao_semaforo,sinalizacao,condicao_via,conservacao_via,ponto_controle,situacao_placa,velocidade_max_via,mao_direcao,divisao_via1,divisao_via2,divisao_via3
9035,2019-10-13T00:00:00,13:19:00,COM VÍTIMA,FINALIZADA,SANTO AMARO,AV DR JAYME DA FONTE,"",AV GOVERNADOR AGAMENON MAGALHAES,NA ESQUINA DO CAMPO DO ONZE,AV DR JAYME DA FONTE,"",NA ESQUINA DO CAMPO DO ONZE,SANTO AMARO,49,SUBURBIO,ABALROAMENTO TRANSVERSAL,AUTO E MOTO.,1,1,,,,,,,,1,,Cruzamento,Bom,Sem defeito,Perfeito estado,Seca,Perfeito estado,Faixa de pedestre,R-19,60 km/h,Dupla,Canal,"",""
9036,2019-10-13T00:00:00,14:47:00,SEM VÍTIMA,EQUIPE NO LOCAL,JARDIM SÃO PAULO,AV LIBERDADE,110,"",AO LADO DO CONDOMÍNIO CLUB VILA JARDIM,AV LIBERDADE,110,AO LADO DO CONDOMÍNIO CLUB VILA JARDIM,JARDIM SÃO PAULO,,SUBURBIO,COLISÃO TRASEIRA,COLISÃO SEM VITIMA,2,,,,,,,,,0,,Longo da via,Chuvoso,Não existe,Perfeito estado,Molhada,Perfeito estado,Outros,R-6a,"",Dupla,"","",""
9037,2019-10-13T00:00:00,15:22:00,SEM VÍTIMA,FINALIZADA,ILHA DO RETIRO,RUA SPORT CLUBE DO RECIFE,"","",EM FRENTE A FACULDADE DE ADMINISTRAÇÃO E DIREITO DE PERNAMBUCO,RUA SPORT CLUBE DO RECIFE,"",EM FRENTE A FACULDADE DE ADMINISTRAÇÃO E DIREITO DE PERNAMBUCO,ILHA DO RETIRO,481,SUBURBIO,COLISÃO TRASEIRA,SEM VITIMAS,3,,,,,,,,,0,,Longo da via,Chuvoso,Sem defeito,Perfeito estado,Molhada,Perfeito estado,"",R-6a,"",Dupla,Faixa seccionada,Canteiro central,""
9038,2019-10-13T00:00:00,16:58:00,SEM VÍTIMA,FINALIZADA,BOA VIAGEM,RUA AMALIA BERNARDINO DE SOUZA,210,"",EDIFÍCIO JOÃO SALES ASFORA,RUA AMALIA BERNARDINO DE SOUZA,210,EDIFÍCIO JOÃO SALES ASFORA,BOA VIAGEM,,"",ABALROAMENTO TRANSVERSAL,COLISÃO SEM VITIMA,2,,,,,,,,,0,,Longo da via,Chuvoso,Não existe,Não existente,Molhada,Mal iluminada,Não existe,Não há placas,40 km/h,Dupla,Não existe,"",""
9039,2019-10-13T00:00:00,17:05:00,SEM VÍTIMA,FINALIZADA,BOA VIAGEM,AV ARMINDO MOURA,500,"",EM FRENTE AO SEGUNDO COMANDO AREO REGIONAL,AV ARMINDO MOURA,500,EM FRENTE AO SEGUNDO COMANDO AREO REGIONAL,BOA VIAGEM,,SUBURBIO,ABALROAMENTO LONGITUDINAL,SEM VITIMAS,2,,,,,,,,,0,,Longo da via,Bom,"",Perfeito estado,Seca,Perfeito estado,Não existe,Não há placas,"",Dupla,"","",""
9040,2019-10-13T00:00:00,18:37:00,SEM VÍTIMA,FINALIZADA,ILHA DO LEITE,AV GOVERNADOR AGAMENON MAGALHAES,"",RUA PAISSANDU,SOB O SEMÁFORO Nº 069,AV GOVERNADOR AGAMENON MAGALHAES,"",SOB O SEMÁFORO Nº 069,ILHA DO LEITE,69,"",ABALROAMENTO LONGITUDINAL,ENTRE 2 AUTOS. S/V,2,,,,,,,,,0,,"",Chuvoso,Sem defeito,Perfeito estado,Molhada,Perfeito estado,Faixa de pedestre,"","",Dupla,Faixa contínua,Canteiro central,""
9041,2019-10-13T00:00:00,18:42:00,SEM VÍTIMA,CANCELADA,JORDÃO,AV MARIA IRENE,"","",APÓS A BASE ÁREA / E.F A EQUIPADORA ALTO NÍVEL,AV MARIA IRENE,"",APÓS A BASE ÁREA / E.F A EQUIPADORA ALTO NÍVEL,JORDÃO,,"",COLISÃO,ENTRE 2 AUTOS. S/V,,,,,,,,,,0,,"","","","","","","","","","","","",""
9042,2019-10-13T00:00:00,19:25:00,SEM VÍTIMA,FINALIZADA,"",RUA SA E SOUZA,"",RUA LUIZ PIMENTEL,VERDFRUT,RUA SA E SOUZA,"",VERDFRUT,"",,"",ABALROAMENTO TRANSVERSAL,ENTRE 2 AUTOS. S/V,2,,,,,,,,,0,,Cruzamento,Chuvoso,Não existe,Perfeito estado,Molhada,Perfeito estado,Não existe,Não há placas,"",Dupla,Faixa seccionada,"",""
9043,2019-10-13T00:00:00,19:28:00,COM VÍTIMA,CANCELADA,CAXANGÁ,AV CAXANGA,383,"",E/F A CENTROCAR,AV CAXANGA,383,E/F A CENTROCAR,CAXANGÁ,,"",COLISÃO,ENTRE AUTO E MOTO. C/V,1,1,,,,,,,,1,,"","","","","","","","","","","","",""
9044,2019-10-13T00:00:00,20:38:00,SEM VÍTIMA,FINALIZADA,AREIAS,AV RECIFE,1040,"","",AV RECIFE,1040,"",AREIAS,494,SUBURBIO,COLISÃO TRASEIRA,COLISÃO ENTRE VIATURA DA LEI SECA E DOIS AUTOS S/V,3,,,,,,,,,0,,Longo da via,Chuvoso,Sem defeito,Perfeito estado,Molhada,Perfeito estado,Faixa de retenção,Outras,"",Dupla,Canteiro central,"",""
9045,2019-10-13T00:00:00,20:58:00,SEM VÍTIMA,FINALIZADA,CURADO,AV PREFEITO ANTONIO PEREIRA,"","",TERMINAL INTEGRADO DE PASSAGEIRO DO RECIFE,AV PREFEITO ANTONIO PEREIRA,"",TERMINAL INTEGRADO DE PASSAGEIRO DO RECIFE,CURADO,,CIDADE,COLISÃO TRASEIRA,COLISÃO ENTRE DOIS AUTOS S/V,2,,,,,,,,,0,,Longo da via,Chuvoso,Não existe,Incompleta,Molhada,Mal conservada,Não existe,Outras,"",Dupla,Não existe,"",""
9046,2019-10-13T00:00:00,21:35:00,COM VÍTIMA,FINALIZADA,CASA FORTE,RUA CASA FORTE,"","",E/F A IGREJA MATRIZ DE CASA FORTE,RUA CASA FORTE,"",E/F A IGREJA MATRIZ DE CASA FORTE,CASA FORTE,,SUBURBIO,COLISÃO FRONTAL,AUTO E MOTO.,1,1,,,,,,,,1,,Longo da via,Chuvoso,Não existe,Incompleta,Molhada,Perfeito estado,Faixa de pedestre,Outras,"",Única,Outros,"",""
9047,2019-10-13T00:00:00,22:06:00,SEM VÍTIMA,CANCELADA,BARRO,RUA PERI-MIRIM,"","",PRÓX A IGREJA DO BARRO,RUA PERI-MIRIM,"",PRÓX A IGREJA DO BARRO,BARRO,,"",COLISÃO,ENTRE 2 AUTOS. S/V,2,,,,,,,,,0,,"","","","","","","","","","","","",""
9048,2019-10-13T00:00:00,22:24:00,SEM VÍTIMA,FINALIZADA,ESTÂNCIA,RUA JOAO TEIXEIRA,40,"",EM FRENTE AO COLEGIO VISÃO,RUA JOAO TEIXEIRA,40,EM FRENTE AO COLEGIO VISÃO,ESTÂNCIA,82,CIDADE,ABALROAMENTO LONGITUDINAL,COLISÃO ENTRE DOIS AUTOS S/V,2,,,,,,,,,0,,Longo da via,Chuvoso,Sem defeito,Perfeito estado,Molhada,Perfeito estado,Não existe,Não há placas,"",Única,Não existe,"",""
9049,2019-10-13T00:00:00,23:32:00,SEM VÍTIMA,FINALIZADA,BOA VIAGEM,RUA DEZ DE JULHO,"",RUA CAMBOIM,"",RUA DEZ DE JULHO,"","",BOA VIAGEM,,CIDADE,ABALROAMENTO TRANSVERSAL,COLISÃO ENTRE DOIS AUTOS S/V,2,,,,,,,,,0,,Cruzamento,Chuvoso,Não existe,Perfeito estado,Molhada,Perfeito estado,"",Outras,"",Única,"","",""
9050,2019-10-14T00:00:00,01:02:00,SEM VÍTIMA,FINALIZADA,PAISSANDU,AV GOVERNADOR AGAMENON MAGALHAES,"",RUA PAISSANDU,"",AV GOVERNADOR AGAMENON MAGALHAES,"","",PAISSANDU,69,SUBURBIO,ABALROAMENTO LONGITUDINAL,COLISÃO ENTRE DOIS AUTOS S/V,2,,,,,,,,,0,,Cruzamento,Bom,Sem defeito,Perfeito estado,Seca,Perfeito estado,Faixa de pedestre,Não há placas,"",Dupla,Canteiro central,"",""
9051,2019-10-14T00:00:00,05:00:00,SEM VÍTIMA,CANCELADA,ALTO JOSÉ BONIFÁCIO,RUA ALTO JOSE BONIFACIO,247,"",PRÓX A FEIRA DA RODINHA,RUA ALTO JOSE BONIFACIO,247,PRÓX A FEIRA DA RODINHA,ALTO JOSÉ BONIFÁCIO,,"",CHOQUE,VEÍCULO CHOCOU-SE CONTRA O MURO DA RESIDÊNCIA,1,,,,,,,,,0,,"","","","","","","","","","","","",""
9052,2019-10-14T00:00:00,05:48:00,SEM VÍTIMA,FINALIZADA,CORDEIRO,AV INACIO MONTEIRO,"",RUA DR MIGUEL VIEIRA FERREIRA,DROGARIA CORDEIRO,AV INACIO MONTEIRO,"",DROGARIA CORDEIRO,CORDEIRO,566,"",ABALROAMENTO TRANSVERSAL,COLISÃO ENTRE DOIS AUTOS,2,,,,,,,,,0,,Cruzamento,Chuvoso,Sem defeito,Perfeito estado,Molhada,Perfeito estado,"",Outras,"",Dupla,Faixa contínua,"",""
9053,2019-10-14T00:00:00,07:21:00,COM VÍTIMA,CANCELADA,BOA VIAGEM,RUA ANTONIO FALCAO,301,"",EM FRENTE AO LE PARC BOA VIAGEM,RUA ANTONIO FALCAO,301,EM FRENTE AO LE PARC BOA VIAGEM,BOA VIAGEM,,"",COLISÃO COM CICLISTA,VITIMA A ESPERA DO SAMU,1,,,1,,,,,,1,,"","","","","","","","","","","","",""
9054,2019-10-14T00:00:00,07:40:00,SEM VÍTIMA,FINALIZADA,GRAÇAS,RUA AMELIA,"",RUA ESMERALDINO BANDEIRA,"",RUA AMELIA,"","",GRAÇAS,,CIDADE,ABALROAMENTO LONGITUDINAL,DOIS AUTOS,2,,,,,,,,,0,,Longo da via,Bom,Não existe,Perfeito estado,Seca,Perfeito estado,Não existe,Outras,40 km/h,Única,Não existe,"",""
9055,2019-10-14T00:00:00,07:57:00,SEM VÍTIMA,FINALIZADA,SANTO ANTÔNIO,RUA DO SOL,"",PTE PRINCESA IZABEL,TEATRO SANTA ISABEL,RUA DO SOL,"",TEATRO SANTA ISABEL,SANTO ANTÔNIO,,CIDADE,ABALROAMENTO LONGITUDINAL,ONIBUS E AUTO,1,,,,,1,,,,0,,Cruzamento,Bom,Não existe,Perfeito estado,Seca,Perfeito estado,Não existe,Não há placas,"",Única,Faixa seccionada,"",""
9056,2019-10-14T00:00:00,07:10:00,COM VÍTIMA,FINALIZADA,PINA,AV HERCULANO BANDEIRA,"",AV BOA VIAGEM,POLO PINA. POSTO BR.,AV HERCULANO BANDEIRA,"",POLO PINA. POSTO BR.,PINA,104,CIDADE,COLISÃO TRASEIRA,AUTO E MOTO.,1,1,,,,,,,,1,,Longo da via,Bom,Sem defeito,Perfeito estado,Seca,Perfeito estado,Agente,Outras,60 km/h,Única,Faixa contínua,Faixa seccionada,""
9057,2019-10-14T00:00:00,08:31:00,SEM VÍTIMA,CANCELADA,SÃO JOSÉ,PRC DAS CINCO PONTAS,"","",NA ESQUINA DO FORTE / SENT AV SUL,PRC DAS CINCO PONTAS,"",NA ESQUINA DO FORTE / SENT AV SUL,SÃO JOSÉ,414,"",COLISÃO,VT DA PM E MOTO,,1,,,,,,1,,0,,"","","","","","","","","","","","",""
9058,2019-10-14T00:00:00,08:32:00,SEM VÍTIMA,FINALIZADA,AFOGADOS,RUA AUGUSTO CALHEIROS,"",RUA EMILIA TORREAO,"",RUA AUGUSTO CALHEIROS,"","",AFOGADOS,653,SUBURBIO,COLISÃO TRASEIRA,COLISÃO SEM VITIMAS,1,1,,,,,,,,0,,Cruzamento,Bom,Sem defeito,Perfeito estado,Seca,Perfeito estado,Faixa de pedestre,R-6a,"",Única,Faixa contínua,Faixa seccionada,""
9059,2019-10-14T00:00:00,08:35:00,SEM VÍTIMA,FINALIZADA,APIPUCOS,RUA DE APIPUCOS,538,"",EM FRENTE AO Nº 538,RUA DE APIPUCOS,538,EM FRENTE AO Nº 538,APIPUCOS,,SUBURBIO,COLISÃO TRASEIRA,TRES AUTOS,3,,,,,,,,,0,,Longo da via,Bom,Não existe,Incompleta,Seca,Perfeito estado,Não existe,Não há placas,"",Dupla,Faixa contínua,"",""
9060,2019-10-14T00:00:00,08:47:00,SEM VÍTIMA,CANCELADA,DOIS UNIDOS,RUA BELA VISTA,188,"",EM FRENTE A MERCEARIA RODRIGUES,RUA BELA VISTA,188,EM FRENTE A MERCEARIA RODRIGUES,DOIS UNIDOS,,"",COLISÃO,COLISÃO SEM VITIMAS,1,,,,,,1,,,0,,"","","","","","","","","","","","",""
9061,2019-10-14T00:00:00,08:59:00,SEM VÍTIMA,FINALIZADA,ILHA DO RETIRO,RUA SPORT CLUBE DO RECIFE,"","",LADO OPOSTO AO SPORT CLUBE DO RECIFE,RUA SPORT CLUBE DO RECIFE,"",LADO OPOSTO AO SPORT CLUBE DO RECIFE,ILHA DO RETIRO,481,SUBURBIO,COLISÃO TRASEIRA,COLISÃO SEM VITIMAS,2,,,,,,,,,0,,Longo da via,Bom,Sem defeito,Perfeito estado,Seca,Perfeito estado,Faixa de pedestre,R-6a,"",Dupla,Faixa seccionada,Canteiro central,""
9062,2019-10-14T00:00:00,09:04:00,COM VÍTIMA,FINALIZADA,CASA AMARELA,RUA XAVANTES,150,RUA OSCAR DE BARROS,PROX. AO INSTITUTO NOVAS IDEIAS,RUA XAVANTES,150,PROX. AO INSTITUTO NOVAS IDEIAS,CASA AMARELA,,SUBURBIO,ABALROAMENTO TRANSVERSAL,AUTO E MOTO.,1,1,,,,,,,,1,,Cruzamento,Bom,Não existe,Incompleta,Seca,Perfeito estado,Não existe,Placas Pare,"",Dupla,"","",""
9063,2019-10-14T00:00:00,09:38:00,SEM VÍTIMA,FINALIZADA,SANTO AMARO,RUA DOS PALMARES,"","",OPOSTO A DEFESA CIVIL,RUA DOS PALMARES,"",OPOSTO A DEFESA CIVIL,SANTO AMARO,,SUBURBIO,COLISÃO TRASEIRA,DOIS AUTOS,2,,,,,,,,,0,,Longo da via,Bom,Não existe,Perfeito estado,Seca,Perfeito estado,Não existe,"","",Dupla,Canteiro central,"",""
9064,2019-10-14T00:00:00,10:07:00,SEM VÍTIMA,FINALIZADA,BOA VIAGEM,RUA DR VICENTE GOMES,441,"",OFICINA AUTO ELÉTRICA MOISÉS,RUA DR VICENTE GOMES,441,OFICINA AUTO ELÉTRICA MOISÉS,BOA VIAGEM,,CIDADE,COLISÃO TRASEIRA,SEM VITIMAS,1,,,,,1,,,,0,,"",Bom,Sem defeito,Perfeito estado,Seca,Perfeito estado,Não existe,Não há placas,"",Única,Não existe,"",""
9065,2019-10-14T00:00:00,10:16:00,SEM VÍTIMA,FINALIZADA,CASA AMARELA,AV NORTE,4741,"",ARMAZEM CORAL,AV NORTE,4741,ARMAZEM CORAL,CASA AMARELA,,CIDADE,COLISÃO TRASEIRA,DOIS AUTOS,2,,,,,,,,,0,,Longo da via,Bom,Sem defeito,Perfeito estado,Seca,Perfeito estado,Outros,Outras,"",Dupla,Canteiro central,"",""
9066,2019-10-14T00:00:00,10:35:00,SEM VÍTIMA,CANCELADA,NOVA DESCOBERTA,RUA CORREGO DA AREIA,897,"",NO TERMINAL DAS VANS,RUA CORREGO DA AREIA,897,NO TERMINAL DAS VANS,NOVA DESCOBERTA,,"",COLISÃO,VAN E AUTO PASSEIO,2,,,,,,,,,0,,"","","","","","","","","","","","",""
9067,2019-10-14T00:00:00,10:55:00,SEM VÍTIMA,FINALIZADA,"",PTE RAIMUNDO FARIAS,"",AV GOVERNADOR AGAMENON MAGALHAES,SOB O SEMÁFORO Nº 037,PTE RAIMUNDO FARIAS,"",SOB O SEMÁFORO Nº 037,"",37,"",ABALROAMENTO LONGITUDINAL,SEM VITIMAS,1,,,,,1,,,,0,,Cruzamento,Bom,Sem defeito,Perfeito estado,Seca,Perfeito estado,Faixa de pedestre,"",60 km/h,Dupla,Faixa seccionada,Canteiro central,""
9068,2019-10-14T00:00:00,11:51:00,SEM VÍTIMA,FINALIZADA,IPUTINGA,AV CAXANGA,"","",EM FRENTE AO TI SEVERINO NUNES PEREIRA,AV CAXANGA,"",EM FRENTE AO TI SEVERINO NUNES PEREIRA,IPUTINGA,270,CIDADE,ABALROAMENTO LONGITUDINAL,COLISÃO SEM VITIMAS,1,,,,,1,,,,0,,Longo da via,Bom,Sem defeito,Perfeito estado,Seca,"",Faixa de pedestre,R-6a,"",Dupla,Canteiro central,"",""
9069,2019-10-14T00:00:00,12:04:00,SEM VÍTIMA,FINALIZADA,IPSEP,AV DOM HELDER CAMARA,"","",AO LADO DO ANTIGO NÚCLEO DA POLÍCIA MILITAR,AV DOM HELDER CAMARA,"",AO LADO DO ANTIGO NÚCLEO DA POLÍCIA MILITAR,IPSEP,55,CIDADE,ABALROAMENTO LONGITUDINAL,COLISÃO SEM VITIMAS,1,,,,,,,,1,0,,Longo da via,Bom,Sem defeito,Ilegível,Seca,Perfeito estado,Não existe,Não há placas,"",Única,Não existe,"",""
9070,2019-10-14T00:00:00,12:13:00,SEM VÍTIMA,FINALIZADA,SANTO AMARO,RUA DO POMBAL,"",RUA FREI CASSIMIRO,"",RUA DO POMBAL,"","",SANTO AMARO,,SUBURBIO,ABALROAMENTO TRANSVERSAL,MOTO X AUTO PASSEIO S/V,1,1,,,,,,,,0,,Cruzamento,Bom,Não existe,Perfeito estado,Seca,Perfeito estado,Não existe,Não há placas,"",Dupla,Faixa seccionada,"",""
9071,2019-10-14T00:00:00,13:33:00,SEM VÍTIMA,FINALIZADA,MADALENA,AV VISCONDE DE ALBUQUERQUE,500,"",FARMACIAS INDEPENDENTE,AV VISCONDE DE ALBUQUERQUE,500,FARMACIAS INDEPENDENTE,MADALENA,50,SUBURBIO,ABALROAMENTO LONGITUDINAL,COLISAO ENTRE DOIS AUTOS S/V,2,,,,,,,,,0,,Longo da via,Bom,Sem defeito,Incompleta,Seca,Perfeito estado,Não existe,Outras,"",Única,Não existe,"",""
9072,2019-10-14T00:00:00,13:11:00,SEM VÍTIMA,FINALIZADA,BOA VIAGEM,RUA JOSE DA SILVA LUCENA,"","",EM FRENTE AO ESTACIONAMENTO DO GGE,RUA JOSE DA SILVA LUCENA,"",EM FRENTE AO ESTACIONAMENTO DO GGE,BOA VIAGEM,,"",COLISÃO COM CICLISTA,COLISAO ENTRE AUTO E CILISTA,1,,,1,,,,,,0,,"",Bom,Não existe,Não existente,Seca,Perfeito estado,Não existe,Não há placas,"",Dupla,Não existe,"",""
9073,2019-10-14T00:00:00,13:33:00,SEM VÍTIMA,FINALIZADA,ROSARINHO,AV NORTE,"","",LADO OPOSTO A PADARIA ROSARINHO,AV NORTE,"",LADO OPOSTO A PADARIA ROSARINHO,ROSARINHO,,SUBURBIO,ABALROAMENTO LONGITUDINAL,COLISAO ENTRE AUTO E CARRETA S/V,1,,,,,,1,,,0,,Longo da via,Bom,Não existe,Perfeito estado,Seca,Perfeito estado,Não existe,Não há placas,40 km/h,Dupla,Canteiro central,"",""
9074,2019-10-14T00:00:00,13:41:00,COM VÍTIMA,FINALIZADA,IMBIRIBEIRA,AV GENERAL MAC ARTHUR,475,RUA JORGE DE LIMA,"APOS O LE PARQUE, ANTES DA ESTAÇÃO ANTÔNIO FALCÃO, EM FRENTE AO GALETINHO DO MATUTO",AV GENERAL MAC ARTHUR,475,"APOS O LE PARQUE, ANTES DA ESTAÇÃO ANTÔNIO FALCÃO, EM FRENTE AO GALETINHO DO MATUTO",IMBIRIBEIRA,402,SUBURBIO,COLISÃO COM CICLISTA,AUTO E BICICLETA.,1,,,1,,,,,,1,,Cruzamento,Bom,Sem defeito,Perfeito estado,Seca,Perfeito estado,Faixa de pedestre,Outras,"",Única,Faixa contínua,Faixa seccionada,""
9075,2019-10-14T00:00:00,14:10:00,SEM VÍTIMA,CANCELADA,SANTO AMARO,AV NORTE,886,"",E/F AO SEAD/ AO LADO DO CENTRO DA JUVENTUDE DE SANTO AMARO,AV NORTE,886,E/F AO SEAD/ AO LADO DO CENTRO DA JUVENTUDE DE SANTO AMARO,SANTO AMARO,397,"",COLISÃO,ENTRE DOIS AUTOS S/V,2,,,,,,,,,0,,"","","","","","","","","","","","",""
9076,2019-10-14T00:00:00,14:24:00,SEM VÍTIMA,FINALIZADA,IMBIRIBEIRA,AV MARECHAL MASCARENHAS DE MORAES,"","",EM FRENTE AO Nº 1472,AV MARECHAL MASCARENHAS DE MORAES,"",EM FRENTE AO Nº 1472,IMBIRIBEIRA,,"",COLISÃO TRASEIRA,COLISAO ENTRE TRES AUTOS S/V,2,,,,,,,,,0,,Longo da via,Bom,Sem defeito,Perfeito estado,Seca,Perfeito estado,Não existe,Não há placas,"",Única,Faixa seccionada,"",""
9077,2019-10-14T00:00:00,15:04:00,SEM VÍTIMA,FINALIZADA,IMBIRIBEIRA,AV MARECHAL MASCARENHAS DE MORAES,2837,"",DIVEPE,AV MARECHAL MASCARENHAS DE MORAES,2837,DIVEPE,IMBIRIBEIRA,,CIDADE,ABALROAMENTO LONGITUDINAL,COLISAO ENTRE DOIS AUTOS S/V,2,,,,,,,,,0,,Longo da via,Bom,Não existe,Perfeito estado,Seca,Perfeito estado,Não existe,Não há placas,60 km/h,Dupla,Canteiro central,"",""
9078,2019-10-14T00:00:00,15:05:00,COM VÍTIMA,FINALIZADA,TAMARINEIRA,AV NORTE,3645,"",LADO OPOSTO A ALARM CENTER (3652),AV NORTE,3645,LADO OPOSTO A ALARM CENTER (3652),TAMARINEIRA,,CIDADE,CHOQUE VEÍCULO PARADO,CAMINHÃO E MOTOCICLETA.,,1,,,,,1,,,1,,Longo da via,Bom,Não existe,Perfeito estado,Seca,Perfeito estado,Não existe,Não há placas,60 km/h,Dupla,Canteiro central,"",""
9079,2019-10-14T00:00:00,15:07:00,SEM VÍTIMA,CANCELADA,CASA AMARELA,RUA JAPARANDUBA,149,"",EM FRENTE AO BAR DO LUCIO,RUA JAPARANDUBA,149,EM FRENTE AO BAR DO LUCIO,CASA AMARELA,,"",COLISÃO,COLISÃO SEM VITIMAS,2,,,,,,,,,0,,"","","","","","","","","","","","",""
9080,2019-10-14T00:00:00,15:16:00,SEM VÍTIMA,DUPLICIDADE,CASA AMARELA,AV NORTE,"","",EM FRENTE A IGREJA QUADRANGULAR,AV NORTE,"",EM FRENTE A IGREJA QUADRANGULAR,CASA AMARELA,,CIDADE,COLISÃO,COLISÃO SEM VITIMAS,2,,,,,,,,,0,,"","","","","","","","","","","","",""
9081,2019-10-14T00:00:00,15:29:00,SEM VÍTIMA,FINALIZADA,BOA VISTA,RUA DOM BOSCO,"","",COLÉGIO AMERICANO BATISTA,RUA DOM BOSCO,"",COLÉGIO AMERICANO BATISTA,BOA VISTA,174,"",ABALROAMENTO LONGITUDINAL,ENTRE DOIS AUTOS S/V,2,,,,,,,,,0,,Longo da via,Chuvoso,Sem defeito,Perfeito estado,Seca,Perfeito estado,Faixa de retenção,Não há placas,"",Única,Faixa contínua,"",""
9082,2019-10-14T00:00:00,15:32:00,SEM VÍTIMA,FINALIZADA,CASA AMARELA,AV NORTE,6210,RUA DES FONSECA GALVAO,ESQUINA DAS RUAS,AV NORTE,6210,ESQUINA DAS RUAS,CASA AMARELA,,SUBURBIO,COLISÃO TRASEIRA,"",2,,,,,,,,,0,,"",Bom,Não existe,Incompleta,Seca,Perfeito estado,Não existe,Outras,"",Dupla,Canteiro central,"",""
9083,2019-10-14T00:00:00,15:34:00,COM VÍTIMA,FINALIZADA,VÁRZEA,AV CAXANGA,"",RUA GASTAO VIDIGAL,"",AV CAXANGA,"","",VÁRZEA,281,"",COLISÃO TRASEIRA,DUAS MOTOS.,,2,,,,,,,,1,,Longo da via,Bom,Sem defeito,Perfeito estado,Seca,Perfeito estado,Faixa de pedestre,Outras,"",Dupla,Canteiro central,"",""
9084,2019-10-14T00:00:00,15:39:00,SEM VÍTIMA,FINALIZADA,CAXANGÁ,AV CAXANGA,"",EST DO BARBALHO,SOB O SEMÁFORO Nº 533,AV CAXANGA,"",SOB O SEMÁFORO Nº 533,CAXANGÁ,533,SUBURBIO,ABALROAMENTO LONGITUDINAL,COLIAO ENTRE DOIS AUTOS S/V,2,,,,,,,,,0,,Cruzamento,Bom,Sem defeito,Perfeito estado,Seca,Perfeito estado,"",Outras,"",Dupla,Canteiro central,"",""
9085,2019-10-14T00:00:00,15:43:00,SEM VÍTIMA,FINALIZADA,SANTO AMARO,RUA DA SAUDADE,"","",EM FRENTE A ESCOLA GENERAL E. DANTAS BARRETO,RUA DA SAUDADE,"",EM FRENTE A ESCOLA GENERAL E. DANTAS BARRETO,SANTO AMARO,,CIDADE,ABALROAMENTO LONGITUDINAL,ONIBUS X AUTO PASSEIO S/V,1,,,,,1,,,,0,,Longo da via,Chuvoso,Não existe,Perfeito estado,Molhada,Perfeito estado,"","","","","","",""
9086,2019-10-14T00:00:00,15:45:00,SEM VÍTIMA,FINALIZADA,BEBERIBE,AV BEBERIBE,"","",PRAÇA DA CONVENÇÃO,AV BEBERIBE,"",PRAÇA DA CONVENÇÃO,BEBERIBE,,"",ABALROAMENTO LONGITUDINAL,COLIAO ENTRE ONIBUS E AUTOS S/V,1,,,,,1,,,,0,,"",Bom,Não existe,Perfeito estado,Seca,Perfeito estado,Outros,Outras,"",Única,Outros,"",""
9087,2019-10-14T00:00:00,15:50:00,COM VÍTIMA,FINALIZADA,TOTÓ,AV LIBERDADE,"",RUA JUVENCIO MARQUES DA CUNHA,PROX AO SABORES E SALGADOS. DOM NINOS PIZZARIA,AV LIBERDADE,"",PROX AO SABORES E SALGADOS. DOM NINOS PIZZARIA,TOTÓ,440,SUBURBIO,ATROPELAMENTO,AUTO E PEDESTRE.,1,,,,1,,,,,1,,Longo da via,Bom,Não existe,"",Seca,Perfeito estado,Não existe,Não há placas,40 km/h,Dupla,Não existe,"",""
9088,2019-10-14T00:00:00,16:15:00,SEM VÍTIMA,CANCELADA,BOA VIAGEM,RUA AVIADOR SEVERIANO LINS,131,"",NA RUA DA NIKITA NATAÇAO E/F AO EDF CANUVA,RUA AVIADOR SEVERIANO LINS,131,NA RUA DA NIKITA NATAÇAO E/F AO EDF CANUVA,BOA VIAGEM,,"",COLISÃO,COLISAO ENTRE DOIS AUTOS S/V,2,,,,,,,,,0,,"","","","","","","","","","","","",""
9089,2019-10-14T00:00:00,16:16:00,SEM VÍTIMA,FINALIZADA,PARNAMIRIM,AV DEZESSETE DE AGOSTO,125,"",EMPÓRIO FRUTARIA,AV DEZESSETE DE AGOSTO,125,EMPÓRIO FRUTARIA,PARNAMIRIM,,CIDADE,ABALROAMENTO LONGITUDINAL,COLISÃO SEM VITIMA,1,,,,,,1,,,0,,Longo da via,Bom,Não existe,Perfeito estado,Seca,Perfeito estado,Não existe,Outras,"",Dupla,Faixa contínua,"",""
9090,2019-10-14T00:00:00,17:22:00,SEM VÍTIMA,FINALIZADA,SANTO AMARO,RUA TREZE DE MAIO,914,RUA FREI CASSIMIRO,"",RUA TREZE DE MAIO,914,"",SANTO AMARO,,SUBURBIO,ABALROAMENTO TRANSVERSAL,COLISÃO SEM VITMA,1,1,,,,,,,,0,,Longo da via,Bom,Não existe,Perfeito estado,Seca,Perfeito estado,Não existe,Não há placas,"",Dupla,Faixa contínua,"",""
9091,2019-10-14T00:00:00,17:47:00,SEM VÍTIMA,FINALIZADA,BOA VIAGEM,AV ENGENHEIRO DOMINGOS FERREIRA,"","",EM FRENTE AO EXTRA,AV ENGENHEIRO DOMINGOS FERREIRA,"",EM FRENTE AO EXTRA,BOA VIAGEM,297,SUBURBIO,COLISÃO TRASEIRA,ENTRE DOIS AUTOS S/V,2,1,,,,,,,,0,,Longo da via,Bom,Sem defeito,Perfeito estado,Seca,Perfeito estado,Faixa de pedestre,Outras,60 km/h,Dupla,Faixa contínua,Faixa seccionada,Canteiro central