_id,DATA,hora,natureza_acidente,situacao,bairro,endereco,numero,detalhe_endereco_acidente,complemento,endereco_cruzamento,numero_cruzamento,referencia_cruzamento,bairro_cruzamento,num_semaforo,sentido_via,tipo,descricao,auto,moto,ciclom,ciclista,pedestre,onibus,caminhao,viatura,outros,vitimas,vitimasfatais,acidente_verificado,tempo_clima,situacao_semaforo,sinalizacao,condicao_via,conservacao_via,ponto_controle,situacao_placa,velocidade_max_via,mao_direcao,divisao_via1,divisao_via2,divisao_via3
9092,2019-10-14T00:00:00,18:01:00,SEM VÍTIMA,FINALIZADA,BOA VISTA,AV CONDE DA BOA VISTA,"","",BANCO DO NORDESTE,AV CONDE DA BOA VISTA,"",BANCO DO NORDESTE,BOA VISTA,,SUBURBIO,COLISÃO TRASEIRA,SUPERVISOR RAY EDUARDO DA CTTU NO LOCAL,2,,,,,,,,,0,,Longo da via,Bom,"",Perfeito estado,Seca,Perfeito estado,Faixa de retenção,R-6c,"",Dupla,Faixa contínua,"",""
9093,2019-10-14T00:00:00,18:08:00,COM VÍTIMA,FINALIZADA,IPSEP,RUA CACHOEIRA,"",RUA JAMAICA,E/F A FACULDADE BOA VIAGEM,RUA CACHOEIRA,"",E/F A FACULDADE BOA VIAGEM,IPSEP,,"",ABALROAMENTO TRANSVERSAL,DUAS MOTOS.,,2,,,,,,,,2,,Cruzamento,Bom,Não existe,Perfeito estado,Seca,Perfeito estado,Não existe,Não há placas,40 km/h,Dupla,Faixa contínua,"",""
9094,2019-10-14T00:00:00,18:50:00,COM VÍTIMA,FINALIZADA,SANTO AMARO,AV NORTE,886,"",E/F A ESTAÇÃO FUTURO / SEMÁFORO 397 / NAS PROXIMIDADES DO SENAI,AV NORTE,886,E/F A ESTAÇÃO FUTURO / SEMÁFORO 397 / NAS PROXIMIDADES DO SENAI,SANTO AMARO,397,CIDADE,COLISÃO COM CICLISTA,ENTRE AUTO E CICLISTA.,1,,,1,,,,,,1,,Longo da via,Chuvoso,Sem defeito,Perfeito estado,Molhada,Perfeito estado,Faixa de pedestre,Outras,"",Dupla,Faixa seccionada,Canteiro central,""
9095,2019-10-14T00:00:00,20:09:00,COM VÍTIMA,FINALIZADA,TEJIPIÓ,RUA FALCAO DE LACERDA,233,"",ENF. AO RESIDENCIAL MONTEIRO LOBATO // ESTAÇAO KIDS,RUA FALCAO DE LACERDA,233,ENF. AO RESIDENCIAL MONTEIRO LOBATO // ESTAÇAO KIDS,TEJIPIÓ,,SUBURBIO,ABALROAMENTO TRANSVERSAL,AUTO E MOTO.,1,1,,,,,,,,1,,Longo da via,Chuvoso,Não existe,Perfeito estado,Molhada,Perfeito estado,Não existe,Não há placas,"",Dupla,Faixa contínua,"",""
9096,2019-10-14T00:00:00,20:31:00,SEM VÍTIMA,FINALIZADA,BOA VIAGEM,AV ENGENHEIRO DOMINGOS FERREIRA,"",RUA RIBEIRO DE BRITO,"",AV ENGENHEIRO DOMINGOS FERREIRA,"","",BOA VIAGEM,155,SUBURBIO,COLISÃO TRASEIRA,ENTRE 2 AUTOS. S.V,2,,,,,,,,,0,,Longo da via,Chuvoso,Sem defeito,Perfeito estado,Molhada,Perfeito estado,Faixa de pedestre,Outras,"",Única,Canteiro central,"",""
9097,2019-10-14T00:00:00,20:51:00,SEM VÍTIMA,FINALIZADA,"",AV SUL,545,"",EM FRENTE AO EDIFÍCIO PIER MAURÍCIO NASSAU,AV SUL,545,EM FRENTE AO EDIFÍCIO PIER MAURÍCIO NASSAU,"",,CIDADE,ABALROAMENTO LONGITUDINAL,ENTRE 2 AUTOS E CAMINHÃO. S/V,2,,,,,,1,,,0,,Longo da via,Chuvoso,Sem defeito,Perfeito estado,Molhada,Perfeito estado,Outros,Outras,"",Dupla,Blocos,"",""
9098,2019-10-14T00:00:00,20:56:00,SEM VÍTIMA,FINALIZADA,SANTO AMARO,AV GOVERNADOR AGAMENON MAGALHAES,"","",SOBRE O VIADUTO INDEPENDENTE,AV GOVERNADOR AGAMENON MAGALHAES,"",SOBRE O VIADUTO INDEPENDENTE,SANTO AMARO,,CIDADE,CHOQUE VEÍCULO PARADO,LANDER 250 X CLASSIC,1,1,,,,,,,,0,,Viaduto,Chuvoso,Não existe,Perfeito estado,Molhada,Perfeito estado,"",Não há placas,60 km/h,Dupla,Canal,"",""
9099,2019-10-14T00:00:00,21:10:00,COM VÍTIMA,CANCELADA,TAMARINEIRA,AV NORTE,4274,"","E/F A IMPÉRIO PIZZARIA , SNT MACAXEIRA E EDF FABIANA / PRÓX AO POSTO BR",AV NORTE,4274,"E/F A IMPÉRIO PIZZARIA , SNT MACAXEIRA E EDF FABIANA / PRÓX AO POSTO BR",TAMARINEIRA,,"",ATROPELAMENTO,"",,1,,,1,,,,,2,,"","","","","","","","","","","","",""
9100,2019-10-14T00:00:00,21:23:00,COM VÍTIMA,FINALIZADA,AREIAS,AV RECIFE,5005,"",SENTIDO AEROPORTO // PRÓXIMO A BRINKS.,AV RECIFE,5005,SENTIDO AEROPORTO // PRÓXIMO A BRINKS.,AREIAS,,CIDADE,ABALROAMENTO LONGITUDINAL,AUTO E MOTO.,1,1,,,,,,,,1,,Longo da via,Chuvoso,Não existe,Perfeito estado,Molhada,Perfeito estado,"",Não há placas,"",Dupla,Canteiro central,"",""
9101,2019-10-14T00:00:00,22:31:00,COM VÍTIMA,FINALIZADA,IBURA,AV DOIS RIOS,13B,"",E/F AO MERCADINHO RENASCER E AO SESI,AV DOIS RIOS,13B,E/F AO MERCADINHO RENASCER E AO SESI,IBURA,,SUBURBIO,ABALROAMENTO LONGITUDINAL,ENTRE AUTO E MOTO.,1,1,,,,,,,,1,,Longo da via,Chuvoso,Não existe,Perfeito estado,Molhada,Perfeito estado,Não existe,Não há placas,"",Dupla,Faixa contínua,"",""
9102,2019-10-15T00:00:00,05:20:00,COM VÍTIMA,FINALIZADA,SANCHO,AV LIBERDADE,"","",EM FRENTE AO CEMITÉRIO PARQUE DAS FLORES,AV LIBERDADE,"",EM FRENTE AO CEMITÉRIO PARQUE DAS FLORES,SANCHO,,CIDADE,COLISÃO TRASEIRA,COLISÃO ENTRE MOTO E ÔNIBUS.,,1,,,,1,,,,1,,Longo da via,Bom,Não existe,Perfeito estado,Seca,Perfeito estado,Não existe,R-6c,"",Dupla,Faixa,"",""
9103,2019-10-15T00:00:00,07:08:00,SEM VÍTIMA,FINALIZADA,VÁRZEA,PTE MARECHAL HUMBERTO CASTELO BRANCO,"","","",PTE MARECHAL HUMBERTO CASTELO BRANCO,"","",VÁRZEA,,CIDADE,COLISÃO TRASEIRA,COLISÃO SEM VITIMAS,2,,,,,,,,,0,,Ponte,Bom,Não existe,Não existente,Seca,Perfeito estado,Não existe,Não há placas,"",Dupla,Canteiro central,"",""
9104,2019-10-15T00:00:00,07:31:00,SEM VÍTIMA,EM ABERTO,MADALENA,RUA BENFICA,98,RUA SPORT CLUBE DO RECIFE,"",RUA BENFICA,98,"",MADALENA,,SUBURBIO,ABALROAMENTO LONGITUDINAL,"",1,,,,,1,,,,0,,"",Bom,Não existe,Perfeito estado,Seca,Perfeito estado,Não existe,Não há placas,40 km/h,Única,Não existe,"",""
9105,2019-10-15T00:00:00,07:38:00,SEM VÍTIMA,FINALIZADA,BARRO,AV DR JOSE RUFINO,1897,RUA ANDRE DIAS FIGUEREDO,AO LADO OPOSTO IMPÉRIO,AV DR JOSE RUFINO,1897,AO LADO OPOSTO IMPÉRIO,BARRO,,CIDADE,ABALROAMENTO TRANSVERSAL,"",1,1,,,,,,,,0,,Cruzamento,Bom,Não existe,Perfeito estado,Seca,Perfeito estado,Outros,R-6a,60 km/h,Dupla,Faixa contínua,Faixa seccionada,""
9106,2019-10-15T00:00:00,08:06:00,SEM VÍTIMA,FINALIZADA,PAISSANDU,AV GOVERNADOR AGAMENON MAGALHAES,141,"",EM FRENTE A CLÍNICA VETERINÁRIA VETMAIS,AV GOVERNADOR AGAMENON MAGALHAES,141,EM FRENTE A CLÍNICA VETERINÁRIA VETMAIS,PAISSANDU,,"",ABALROAMENTO LONGITUDINAL,COLISÃO SEM VITIMAS,1,,,,,,1,,,0,,Longo da via,Bom,Sem defeito,Perfeito estado,Seca,Perfeito estado,"",Não há placas,60 km/h,Dupla,Faixa seccionada,Canteiro central,""
9107,2019-10-15T00:00:00,08:16:00,SEM VÍTIMA,FINALIZADA,ENCRUZILHADA,RUA VISCONDE DE MAMANGUAPE,"","",EM FRENTE AO CISAM,RUA VISCONDE DE MAMANGUAPE,"",EM FRENTE AO CISAM,ENCRUZILHADA,,SUBURBIO,ABALROAMENTO LONGITUDINAL,SEM VITIMAS,2,,,,,,,,,0,,Longo da via,Bom,Não existe,Perfeito estado,Seca,Perfeito estado,Não existe,"","",Dupla,Não existe,"",""
9108,2019-10-15T00:00:00,09:03:00,COM VÍTIMA,FINALIZADA,CABANGA,AV ENGENHEIRO JOSE ESTELITA,"","",PROX A LOMBADA ELETRONICA EM FRENTE AO ANTIGO ARMAZEM CAIS JOSE ESTELITA,AV ENGENHEIRO JOSE ESTELITA,"",PROX A LOMBADA ELETRONICA EM FRENTE AO ANTIGO ARMAZEM CAIS JOSE ESTELITA,CABANGA,,SUBURBIO,COLISÃO TRASEIRA,AUTO E MOTO.,1,1,,,,,,,,1,,Longo da via,Bom,Não existe,Incompleta,Seca,Perfeito estado,Não existe,R-19,"",Dupla,Canteiro central,"",""
9109,2019-10-15T00:00:00,09:15:00,SEM VÍTIMA,FINALIZADA,DOIS UNIDOS,AV HILDEBRANDO DE VASCONCELOS,1614,"",EM FRENTE AO SUPERMERCADO DOIS UNIDOS,AV HILDEBRANDO DE VASCONCELOS,1614,EM FRENTE AO SUPERMERCADO DOIS UNIDOS,DOIS UNIDOS,,SUBURBIO,CHOQUE VEÍCULO PARADO,DOIS CAMINHOES,,,,,,,2,,,0,,Longo da via,Bom,Não existe,Perfeito estado,Seca,Perfeito estado,Não existe,R-6a,30 km/h,Dupla,Não existe,"",""
9110,2019-10-15T00:00:00,09:18:00,SEM VÍTIMA,FINALIZADA,DERBY,PRC DO DERBY,"","",APÓS O SEMÁFORO 040,PRC DO DERBY,"",APÓS O SEMÁFORO 040,DERBY,,CIDADE,ABALROAMENTO LONGITUDINAL,SEM VITIMAS /CTTU VÃO FAZER O B.O,1,,,,,,1,,,0,,Longo da via,Bom,Sem defeito,Perfeito estado,Seca,Perfeito estado,Faixa de pedestre,Outras,"",Única,Outros,"",""
9111,2019-10-15T00:00:00,09:19:00,SEM VÍTIMA,FINALIZADA,SANTO AMARO,RUA FREI CASSIMIRO,"",RUA COELHO LEITE,AO LADO DO SENAI,RUA FREI CASSIMIRO,"",AO LADO DO SENAI,SANTO AMARO,,CIDADE,ABALROAMENTO TRANSVERSAL,COLISÃO SEM VITIMAS,2,,,,,,,,,0,,Cruzamento,Bom,Não existe,Incompleta,Seca,Mal conservada,Não existe,Placas Pare,"",Dupla,Faixa contínua,"",""
9112,2019-10-15T00:00:00,09:25:00,SEM VÍTIMA,FINALIZADA,ENCRUZILHADA,RUA DR EDUARDO WANDERLEY,"",RUA LUIZ DE CAMOES,"",RUA DR EDUARDO WANDERLEY,"","",ENCRUZILHADA,,SUBURBIO,ABALROAMENTO TRANSVERSAL,SEM VITIMAS,2,,,,,,,,,0,,Cruzamento,Bom,Não existe,Perfeito estado,Seca,Perfeito estado,"","","",Dupla,Faixa seccionada,"",""
9113,2019-10-15T00:00:00,09:25:00,SEM VÍTIMA,FINALIZADA,BOA VISTA,RUA DO PRINCIPE,333,"","",RUA DO PRINCIPE,333,"",BOA VISTA,176,CIDADE,ABALROAMENTO LONGITUDINAL,"",1,1,,,,,,,,0,,Longo da via,Bom,Sem defeito,Perfeito estado,Seca,Perfeito estado,Faixa de pedestre,R-6a,"",Única,Faixa seccionada,"",""
9114,2019-10-15T00:00:00,09:58:00,SEM VÍTIMA,FINALIZADA,BOA VIAGEM,RUA BARAO DE SOUZA LEAO,"","",EM FRENTE AO POSTE Nº B 012151,RUA BARAO DE SOUZA LEAO,"",EM FRENTE AO POSTE Nº B 012151,BOA VIAGEM,,"",ABALROAMENTO LONGITUDINAL,SEM VITIMAS/VT10 CCTU NO LOCAL,1,,,,,,1,,,0,,Longo da via,Bom,Sem defeito,Perfeito estado,Seca,Perfeito estado,Faixa de retenção,Não há placas,"",Única,Faixa seccionada,"",""
9115,2019-10-15T00:00:00,10:29:00,SEM VÍTIMA,FINALIZADA,MACAXEIRA,RUA FLAVIO GUERRA,505,RUA CANDIDA,"",RUA FLAVIO GUERRA,505,"",MACAXEIRA,,SUBURBIO,ABALROAMENTO LONGITUDINAL,COLISÃO SEM VITIMAS,1,1,,,,,,,,0,,"",Bom,Não existe,Incompleta,Seca,Mal conservada,Não existe,Não há placas,"",Dupla,Não existe,"",""
9116,2019-10-15T00:00:00,10:48:00,SEM VÍTIMA,FINALIZADA,MONTEIRO,AV DEZESSETE DE AGOSTO,2413,"",EDF BARÃO DE SUASSUNA,AV DEZESSETE DE AGOSTO,2413,EDF BARÃO DE SUASSUNA,MONTEIRO,,CIDADE,COLISÃO TRASEIRA,COLISÃO SEM VITIMAS VT02 CTTU VAI FAZER O B.O,2,,,,,,,,,0,,Longo da via,Bom,Não existe,Perfeito estado,Seca,Perfeito estado,Não existe,Outras,60 km/h,Dupla,Faixa seccionada,"",""
9117,2019-10-15T00:00:00,11:48:00,SEM VÍTIMA,CANCELADA,BOA VIAGEM,RUA CAPITAO REBELINHO,440,"",POR TRAS DO HOTEL TRANSAMERICA,RUA CAPITAO REBELINHO,440,POR TRAS DO HOTEL TRANSAMERICA,BOA VIAGEM,,"",COLISÃO,DOIS AUTOS,2,,,,,,,,,0,,"","","","","","","","","","","","",""
9118,2019-10-15T00:00:00,12:03:00,SEM VÍTIMA,FINALIZADA,PRADO,RUA GOMES TABORDA,1157,RUA CONCEICAO DE MELU,"",RUA GOMES TABORDA,1157,"",PRADO,,CIDADE,ABALROAMENTO LONGITUDINAL,COLISAO ENTRE CAMINHAO E AUTO S/V,1,,,,,,1,,,0,,"",Bom,Não existe,Perfeito estado,Seca,Perfeito estado,"","",30 km/h,Dupla,Faixa seccionada,"",""
9119,2019-10-15T00:00:00,12:32:00,SEM VÍTIMA,CANCELADA,CORDEIRO,AV MAURICIO DE NASSAU,501,AV CAXANGA,PROX A LOMBADA ELETRONICA,AV MAURICIO DE NASSAU,501,PROX A LOMBADA ELETRONICA,CORDEIRO,,"",COLISÃO,COLISAO ENTRE DOIS AUTOS S/V,2,,,,,,,,,0,,"","","","","","","","","","","","",""
9120,2019-10-15T00:00:00,12:40:00,SEM VÍTIMA,FINALIZADA,BOA VIAGEM,AV DOM JOAO VI,"","",POR TRAS DO BOMPREÇO,AV DOM JOAO VI,"",POR TRAS DO BOMPREÇO,BOA VIAGEM,543,"",COLISÃO,SEM VITIMAS,2,,,,,,,,,0,,"","","","","","","","","","","","",""
9121,2019-10-15T00:00:00,12:58:00,SEM VÍTIMA,FINALIZADA,TEJIPIÓ,RUA FALCAO DE LACERDA,133,"",OPOSTO A MERCEARIA DA FAMÍLIA,RUA FALCAO DE LACERDA,133,OPOSTO A MERCEARIA DA FAMÍLIA,TEJIPIÓ,,CIDADE,CHOQUE VEÍCULO PARADO,COLISÃO SEM VÍTIMA,1,1,,,,,,,,0,,Longo da via,Bom,Não existe,Perfeito estado,Seca,Perfeito estado,Outros,R-19,40 km/h,Dupla,Faixa contínua,"",""
9122,2019-10-15T00:00:00,13:36:00,SEM VÍTIMA,FINALIZADA,CASA AMARELA,AV NORTE,4578,RUA GUIMARAES PEIXOTO,SOB O SEMÁFORO Nº 096,AV NORTE,4578,SOB O SEMÁFORO Nº 096,CASA AMARELA,96,CIDADE,ABALROAMENTO LONGITUDINAL,"",1,,,,,,,,1,0,,Cruzamento,Bom,Sem defeito,Perfeito estado,Seca,Perfeito estado,Faixa de pedestre,R-6a,60 km/h,Dupla,Canteiro central,"",""
9123,2019-10-15T00:00:00,13:49:00,SEM VÍTIMA,FINALIZADA,AREIAS,AV TENENTE FELIPE BANDEIRA DE MELO,97,RUA ANTONIO PINHEIRO,"",AV TENENTE FELIPE BANDEIRA DE MELO,97,"",AREIAS,,SUBURBIO,ABALROAMENTO TRANSVERSAL,SEM VITIMAS,2,,,,,,,,,0,,Cruzamento,Bom,Não existe,Perfeito estado,Seca,Perfeito estado,Outros,Outras,"",Dupla,Não existe,"",""
9124,2019-10-15T00:00:00,13:56:00,SEM VÍTIMA,FINALIZADA,BOA VIAGEM,RUA JOSE PARAISO,135,RUA ANTONIO PASSOS,"",RUA JOSE PARAISO,135,"",BOA VIAGEM,,CIDADE,ABALROAMENTO TRANSVERSAL,SEM VITIMAS,1,1,,,,,,,,0,,Cruzamento,Bom,Não existe,Perfeito estado,Seca,Perfeito estado,Faixa de retenção,Placas Pare,30 km/h,Única,Faixa seccionada,"",""
9125,2019-10-15T00:00:00,14:20:00,COM VÍTIMA,FINALIZADA,ESPINHEIRO,AV GOVERNADOR AGAMENON MAGALHAES,2749,"",PRÓXIMO A JEEP.,AV GOVERNADOR AGAMENON MAGALHAES,2749,PRÓXIMO A JEEP.,ESPINHEIRO,,CIDADE,ABALROAMENTO LONGITUDINAL,AUTO E MOTO.,1,1,,,,,,,,1,,Longo da via,Bom,Não existe,Perfeito estado,Seca,Perfeito estado,Não existe,R-6a,"",Dupla,Faixa seccionada,"",""
9126,2019-10-15T00:00:00,14:34:00,COM VÍTIMA,FINALIZADA,BOA VIAGEM,RUA ERNESTO DE PAULA SANTOS,174,RUA AMALIA BERNARDINO DE SOUZA,EM FRENTE AO POSTO BR E UNINASSAU,RUA ERNESTO DE PAULA SANTOS,174,EM FRENTE AO POSTO BR E UNINASSAU,BOA VIAGEM,,CIDADE,ABALROAMENTO TRANSVERSAL,AUTO E MOTO.,1,1,,,,,,,,3,,Cruzamento,Bom,Não existe,Perfeito estado,Seca,Perfeito estado,"",Não há placas,50 km/h,Única,Faixa seccionada,"",""
9127,2019-10-15T00:00:00,15:41:00,SEM VÍTIMA,FINALIZADA,BOA VIAGEM,AV ENGENHEIRO DOMINGOS FERREIRA,"","","",AV ENGENHEIRO DOMINGOS FERREIRA,"","",BOA VIAGEM,324,SUBURBIO,COLISÃO TRASEIRA,COLISÃO SEM VITIMA,2,,,,,,,,,0,,Longo da via,Bom,Sem defeito,Perfeito estado,Seca,Perfeito estado,Faixa de pedestre,"","",Única,Faixa contínua,Canteiro central,""
9128,2019-10-15T00:00:00,16:09:00,SEM VÍTIMA,FINALIZADA,BOA VIAGEM,RUA JOSE ADERVAL CHAVES,162,"",EM FRENTE A RADIOFACE,RUA JOSE ADERVAL CHAVES,162,EM FRENTE A RADIOFACE,BOA VIAGEM,,"",COLISÃO,COLISÃO SEM VITIMA,2,,,,,,,,,0,,"","","","","","","","","","","","",""
9129,2019-10-15T00:00:00,16:19:00,SEM VÍTIMA,FINALIZADA,IPSEP,AV RECIFE,3108,"",SEM 212,AV RECIFE,3108,SEM 212,IPSEP,,SUBURBIO,COLISÃO TRASEIRA,COLISAO ENTRE TRES AUTOS S/V,3,,,,,,,,,0,,Longo da via,Bom,Não existe,Perfeito estado,Seca,Perfeito estado,Não existe,Não há placas,60 km/h,Dupla,Faixa seccionada,"",""
9130,2019-10-15T00:00:00,16:38:00,COM VÍTIMA,CANCELADA,MADALENA,AV JOSE GONCALVES DE MEDEIROS,84,"",POR TRAS DO EXTRA,AV JOSE GONCALVES DE MEDEIROS,84,POR TRAS DO EXTRA,MADALENA,,"",COLISÃO,COLISÃO COM VÍTIMA,1,1,,,,,,,,1,,"","","","","","","","","","","","",""
9131,2019-10-15T00:00:00,16:40:00,SEM VÍTIMA,FINALIZADA,BOA VISTA,AV LINS PETIT,195,"","",AV LINS PETIT,195,"",BOA VISTA,,SUBURBIO,COLISÃO TRASEIRA,COLISAO ENTRE TRES AUTOS S/V,3,,,,,,,,,0,,Longo da via,Bom,Não existe,Incompleta,Seca,Perfeito estado,Não existe,Não há placas,"",Única,Faixa contínua,"",""
9132,2019-10-15T00:00:00,17:55:00,SEM VÍTIMA,FINALIZADA,BAIRRO DO RECIFE,PTE GIRATORIA,"","",NO CENTRO DA PONTE,PTE GIRATORIA,"",NO CENTRO DA PONTE,BAIRRO DO RECIFE,,SUBURBIO,COLISÃO TRASEIRA,COLISAO ENTRE TRES AUTOS S/V,3,,,,,,,,,0,,Ponte,Bom,Não existe,Perfeito estado,Seca,Perfeito estado,Não existe,Não há placas,"",Dupla,Canteiro central,"",""
9133,2019-10-15T00:00:00,18:09:00,SEM VÍTIMA,FINALIZADA,AFOGADOS,RUA DA PAZ,143,"",EM FRENTE A FÁBRICA ASA,RUA DA PAZ,143,EM FRENTE A FÁBRICA ASA,AFOGADOS,73,SUBURBIO,COLISÃO TRASEIRA,COLISÃO ENTRE TRÊS AUTOS S/V,3,,,,,,,,,0,,Longo da via,Bom,Sem defeito,Perfeito estado,Seca,Perfeito estado,Faixa de pedestre,Outras,"",Única,Faixa seccionada,"",""
9134,2019-10-15T00:00:00,18:28:00,SEM VÍTIMA,FINALIZADA,DERBY,PTE RAIMUNDO LEITAO,"","",SEMÁFORO 174,PTE RAIMUNDO LEITAO,"",SEMÁFORO 174,DERBY,174,SUBURBIO,ABALROAMENTO LONGITUDINAL,COLISAO ENVOLVENDO DOIS AUTOS SEM VITIMA,2,,,,,,,,,0,,Ponte,Bom,Sem defeito,Perfeito estado,Seca,Perfeito estado,Agente,"","",Única,Faixa contínua,"",""
9135,2019-10-15T00:00:00,18:35:00,SEM VÍTIMA,FINALIZADA,BEBERIBE,AV BEBERIBE,3530,RUA CONS BARROS BARRETO,EM FRENTE AO CONDOMÍNIO DO CONJUNTO JOÃO PAULO II,AV BEBERIBE,3530,EM FRENTE AO CONDOMÍNIO DO CONJUNTO JOÃO PAULO II,BEBERIBE,,CIDADE,ABALROAMENTO TRANSVERSAL,COLISÃO ENTRE DOIS AUTOS S/V,2,,,,,,,,,0,,Longo da via,Bom,Não existe,Incompleta,Seca,Perfeito estado,Não existe,Não há placas,"",Dupla,Faixa contínua,Faixa seccionada,""
9136,2019-10-15T00:00:00,18:40:00,SEM VÍTIMA,FINALIZADA,ESPINHEIRO,PRC PARQUE AMORIM,"","",AO LADO DA MC DONALD'S,PRC PARQUE AMORIM,"",AO LADO DA MC DONALD'S,ESPINHEIRO,173,SUBURBIO,COLISÃO TRASEIRA,COLISÃO ENTRE DOIS AUTOS S/V,2,,,,,,,,,0,,Ponte,Bom,Sem defeito,Perfeito estado,Seca,Perfeito estado,Faixa de pedestre,Não há placas,"",Única,Não existe,"",""
9137,2019-10-15T00:00:00,18:40:00,SEM VÍTIMA,FINALIZADA,AFOGADOS,PTE DO MOTOCOLOMBO,"","",SOBRE A PONTE,PTE DO MOTOCOLOMBO,"",SOBRE A PONTE,AFOGADOS,,CIDADE,ABALROAMENTO LONGITUDINAL,ENTRE DOIS AUTOS S/V,2,,,,,,,,,0,,Ponte,Bom,Não existe,Não existente,Seca,Mal conservada,Não existe,Não há placas,"",Única,Blocos,"",""
9138,2019-10-15T00:00:00,18:58:00,SEM VÍTIMA,FINALIZADA,ÁGUA FRIA,RUA ZEFERINO AGRA,26,AV BEBERIBE,"",RUA ZEFERINO AGRA,26,"",ÁGUA FRIA,,SUBURBIO,ABALROAMENTO LONGITUDINAL,COLISÃO ENTRE AUTO E MOTO S/V,1,1,,,,,,,,0,,Longo da via,Bom,Não existe,Não existente,Seca,Perfeito estado,Não existe,Não há placas,"",Dupla,Não existe,"",""
9139,2019-10-15T00:00:00,19:15:00,SEM VÍTIMA,FINALIZADA,AFLITOS,AV CONS ROSA E SILVA,"",AV DR MALAQUIAS,POSTO DE GASOLINA SHELL,AV CONS ROSA E SILVA,"",POSTO DE GASOLINA SHELL,AFLITOS,214,"",ABALROAMENTO LONGITUDINAL,ENTRE DOIS AUTOS S/V,2,,,,,,,,,0,,Cruzamento,Bom,Sem defeito,Perfeito estado,Seca,Perfeito estado,Faixa de pedestre,Não há placas,"",Única,Faixa contínua,"",""
9140,2019-10-15T00:00:00,19:56:00,SEM VÍTIMA,FINALIZADA,BOA VIAGEM,RUA TENENTE DOMINGOS DE BRITO,87,RUA BRUNO VELOSO,"",RUA TENENTE DOMINGOS DE BRITO,87,"",BOA VIAGEM,,SUBURBIO,ABALROAMENTO LONGITUDINAL,ENTRE DOIS AUTOS S/V,2,,,,,,,,,0,,"",Bom,Não existe,Perfeito estado,Seca,Perfeito estado,Não existe,Não há placas,"",Única,Não existe,"",""
9141,2019-10-15T00:00:00,20:35:00,SEM VÍTIMA,CANCELADA,SANTO AMARO,AV GOVERNADOR AGAMENON MAGALHAES,"","","EM FRENTE AO POSTO DISLUB, PROX DO SHOPPING TACARUNA",AV GOVERNADOR AGAMENON MAGALHAES,"","EM FRENTE AO POSTO DISLUB, PROX DO SHOPPING TACARUNA",SANTO AMARO,,OLINDA,COLISÃO,COLISÃO AUTO E CAMINHÃO S/V,1,,,,,,1,,,0,,"","","","","","","","","","","","",""
9142,2019-10-15T00:00:00,21:01:00,SEM VÍTIMA,FINALIZADA,BOA VIAGEM,RUA FRANCISCO DA CUNHA,870,RUA FELIX DE BRITO E MELO,"",RUA FRANCISCO DA CUNHA,870,"",BOA VIAGEM,,CIDADE,ABALROAMENTO LONGITUDINAL,ENTRE DOIS AUTOS S/V,2,,,,,,,,,0,,Longo da via,Bom,Não existe,Não existente,Seca,Perfeito estado,Não existe,Não há placas,"",Única,Não existe,"",""
9143,2019-10-15T00:00:00,21:21:00,COM VÍTIMA,FINALIZADA,TORRE,RUA JOSE BONIFACIO,"",RUA VITORIANO PALHARES,AO LADO DO ATACADO DOS PRESENTES,RUA JOSE BONIFACIO,"",AO LADO DO ATACADO DOS PRESENTES,TORRE,301,SUBURBIO,ABALROAMENTO TRANSVERSAL,COLISÃO ENTRE AUTO E MOTO C/V,1,1,,,,,,,,1,,Esquina,Bom,Sem defeito,Incompleta,Seca,Mal iluminada,Não existe,Não há placas,"",Única,Não existe,"",""
9144,2019-10-15T00:00:00,22:36:00,SEM VÍTIMA,CANCELADA,MORRO DA CONCEIÇÃO,EST MORRO DA CONCEICAO,225,"","PROX DE BINA BURGUER, PROX DO LOJÃO DAS CARNES",EST MORRO DA CONCEICAO,225,"PROX DE BINA BURGUER, PROX DO LOJÃO DAS CARNES",MORRO DA CONCEIÇÃO,,"",COLISÃO,COLISÃO ENTRE TRÊS AUTOS S/V,3,,,,,,,,,0,,"","","","","","","","","","","","",""
9145,2019-10-15T00:00:00,22:53:00,SEM VÍTIMA,CANCELADA,CASA AMARELA,EST DO ARRAIAL,"","",E/F AO COLEGIO PERALTA,EST DO ARRAIAL,"",E/F AO COLEGIO PERALTA,CASA AMARELA,,"",COLISÃO,AUTO PASSEIO X MOTO S/V,1,1,,,,,,,,0,,"","","","","","","","","","","","",""
9146,2019-10-16T00:00:00,07:04:00,SEM VÍTIMA,FINALIZADA,BOA VIAGEM,RUA DEZ DE JULHO,"",AV MARECHAL JUAREZ TAVORA,"",RUA DEZ DE JULHO,"","",BOA VIAGEM,,"",COLISÃO TRASEIRA,AUTO E CAMINHÃO,1,,,,,,1,,,0,,Cruzamento,Bom,Sem defeito,Perfeito estado,Seca,Perfeito estado,Faixa de pedestre,Não há placas,"",Única,Não existe,"",""