_id,DATA,hora,natureza_acidente,situacao,bairro,endereco,numero,detalhe_endereco_acidente,complemento,endereco_cruzamento,numero_cruzamento,referencia_cruzamento,bairro_cruzamento,num_semaforo,sentido_via,tipo,descricao,auto,moto,ciclom,ciclista,pedestre,onibus,caminhao,viatura,outros,vitimas,vitimasfatais,acidente_verificado,tempo_clima,situacao_semaforo,sinalizacao,condicao_via,conservacao_via,ponto_controle,situacao_placa,velocidade_max_via,mao_direcao,divisao_via1,divisao_via2,divisao_via3
9147,2019-10-16T00:00:00,07:20:00,SEM VÍTIMA,FINALIZADA,ÁGUA FRIA,AV BEBERIBE,2228,RUA DR EUDES COSTA,ESQUINA DAS RUAS,AV BEBERIBE,2228,ESQUINA DAS RUAS,ÁGUA FRIA,187,CIDADE,ABALROAMENTO LONGITUDINAL,AUTO E ONIBUS,1,,,,,1,,,,0,,"",Bom,Sem defeito,Perfeito estado,Seca,Perfeito estado,Não existe,"","",Dupla,Faixa contínua,"",""
9148,2019-10-16T00:00:00,07:57:00,SEM VÍTIMA,CANCELADA,CAMPO GRANDE,RUA PADRE CAPISTRANO,31,"",E/F AO EDF SILVINO LOPES,RUA PADRE CAPISTRANO,31,E/F AO EDF SILVINO LOPES,CAMPO GRANDE,,"",COLISÃO,COLISÃO S/VITIMAS E UMA MOTO E UM AUTO,1,1,,,,,,,,0,,"","","","","","","","","","","","",""
9149,2019-10-16T00:00:00,08:04:00,SEM VÍTIMA,FINALIZADA,BOA VIAGEM,RUA ERNESTO DE PAULA SANTOS,"",RUA JONATHAS DE VASCONCELOS,RUA JONATHAS DE VASCONCELOS ( CRUZAMENTO),RUA ERNESTO DE PAULA SANTOS,"",RUA JONATHAS DE VASCONCELOS ( CRUZAMENTO),BOA VIAGEM,,SUBURBIO,ABALROAMENTO TRANSVERSAL,COLISÃO SEM VITIMAS,1,1,,,,,,,,0,,Cruzamento,Bom,Não existe,Incompleta,Seca,Perfeito estado,Não existe,Não há placas,"","",Faixa seccionada,"",""
9150,2019-10-16T00:00:00,08:19:00,SEM VÍTIMA,EM ABERTO,TORRE,AV BEIRA RIO,"",RUA DOM JOAO DE SOUZA,"",AV BEIRA RIO,"","",TORRE,,CIDADE,ABALROAMENTO TRANSVERSAL,"",1,,,,,,,,,0,,Longo da via,Bom,Não existe,Perfeito estado,Seca,Perfeito estado,Faixa de pedestre,Placas Pare,"",Dupla,Faixa seccionada,"",""
9151,2019-10-16T00:00:00,08:27:00,COM VÍTIMA,FINALIZADA,MADALENA,RUA SPORT CLUBE DO RECIFE,"","",EM FRENTE A LOJA OFICIAL DO SPORT,RUA SPORT CLUBE DO RECIFE,"",EM FRENTE A LOJA OFICIAL DO SPORT,MADALENA,,CIDADE,CHOQUE VEÍCULO PARADO,COLISÃO COM VÍTIMA ENTRE AUTO E MOTO.,1,1,,,,,,,,1,,Longo da via,Bom,Não existe,Perfeito estado,Seca,Perfeito estado,"",Outras,"",Dupla,Canteiro central,"",""
9152,2019-10-16T00:00:00,08:35:00,SEM VÍTIMA,FINALIZADA,CORDEIRO,RUA DR MIGUEL VIEIRA FERREIRA,721,RUA PROFESSOR JOAQUIM XAVIER DE BRITO,"",RUA DR MIGUEL VIEIRA FERREIRA,721,"",CORDEIRO,541,CIDADE,ABALROAMENTO LONGITUDINAL,CAMINHAO E AUTO,1,,,,,,1,,,0,,Cruzamento,Bom,Sem defeito,Perfeito estado,Seca,Perfeito estado,Não existe,Não há placas,"",Dupla,Não existe,"",""
9153,2019-10-16T00:00:00,08:44:00,SEM VÍTIMA,CANCELADA,CORDEIRO,EST DO FORTE DO ARRAIAL N. DO B. JESUS,797,RUA WALFRIDO DE MEDEIROS,EM FRENTE A LOJA PLASC FORTE,EST DO FORTE DO ARRAIAL N. DO B. JESUS,797,EM FRENTE A LOJA PLASC FORTE,CORDEIRO,,"",COLISÃO,COLIÃO SEM VITIMAS,1,2,,,,,,,,0,,"","","","","","","","","","","","",""
9154,2019-10-16T00:00:00,09:15:00,SEM VÍTIMA,FINALIZADA,BOA VIAGEM,AV ENGENHEIRO DOMINGOS FERREIRA,1450,"",BENETTI INTERIORES,AV ENGENHEIRO DOMINGOS FERREIRA,1450,BENETTI INTERIORES,BOA VIAGEM,,SUBURBIO,COLISÃO TRASEIRA,COLISÃO SEM VITIMAS,3,,,,,,,,,0,,Longo da via,Bom,Não existe,Perfeito estado,Seca,Perfeito estado,Não existe,Não há placas,"",Dupla,Canteiro central,"",""
9155,2019-10-16T00:00:00,09:26:00,SEM VÍTIMA,FINALIZADA,SÃO JOSÉ,RUA FLORIANO PEIXOTO,"","","",RUA FLORIANO PEIXOTO,"","",SÃO JOSÉ,668,SUBURBIO,COLISÃO TRASEIRA,DOIS AUTOS,2,,,,,,,,,0,,Longo da via,Bom,Sem defeito,Perfeito estado,Seca,Perfeito estado,Não existe,Não há placas,"",Única,Faixa contínua,"",""
9156,2019-10-16T00:00:00,09:35:00,SEM VÍTIMA,FINALIZADA,BOA VIAGEM,AV BOA VIAGEM,1230,RUA PEDRO AMERICO GALVAO,"",AV BOA VIAGEM,1230,"",BOA VIAGEM,,CIDADE,ABALROAMENTO TRANSVERSAL,COLISÃO SEM VITIMAS,2,,,,,,,,,0,,"",Bom,Não existe,Perfeito estado,Seca,Perfeito estado,Não existe,Placas Pare,"",Única,Não existe,"",""
9157,2019-10-16T00:00:00,09:47:00,SEM VÍTIMA,FINALIZADA,AREIAS,AV RECIFE,4480,"",TAMBAÍ,AV RECIFE,4480,TAMBAÍ,AREIAS,,SUBURBIO,COLISÃO TRASEIRA,DOIS AUTOS,2,,,,,,,,,0,,Longo da via,Bom,Sem defeito,Perfeito estado,Seca,Perfeito estado,Não existe,Outras,"",Dupla,Faixa contínua,Faixa seccionada,Canteiro central
9158,2019-10-16T00:00:00,09:51:00,SEM VÍTIMA,FINALIZADA,PINA,"",290,"",ENTRADA DO TÚNEL JOSUÉ DE CASTRO,"",290,ENTRADA DO TÚNEL JOSUÉ DE CASTRO,PINA,,"",ABALROAMENTO LONGITUDINAL,ONIBUS E AUTO,1,,,,,1,,,,0,,Longo da via,Bom,Não existe,Perfeito estado,Seca,Perfeito estado,Não existe,Não há placas,60 km/h,Única,Faixa contínua,"",""
9159,2019-10-16T00:00:00,10:26:00,COM VÍTIMA,FINALIZADA,SÃO JOSÉ,AV SUL,2077,"",EM FRENTE A SECRETARIA DA FAZENDA,AV SUL,2077,EM FRENTE A SECRETARIA DA FAZENDA,SÃO JOSÉ,,CIDADE,COLISÃO TRASEIRA,COLISÃO C/VITIMA ENTRE UM AUTO E MOTO,1,1,,,,,,,,1,,Longo da via,Bom,Sem defeito,Perfeito estado,Seca,Perfeito estado,Não existe,Não há placas,"",Única,Faixa seccionada,"",""
9160,2019-10-16T00:00:00,10:32:00,SEM VÍTIMA,FINALIZADA,DERBY,RUA MANOEL CAETANO,42,RUA ANA ANGELICA,"",RUA MANOEL CAETANO,42,"",DERBY,,CIDADE,ABALROAMENTO TRANSVERSAL,COLISÃO SEM VITIMAS,2,,,,,,,,,0,,Longo da via,Bom,Não existe,Perfeito estado,Seca,Perfeito estado,Não existe,Outras,"",Única,Não existe,"",""
9161,2019-10-16T00:00:00,10:35:00,SEM VÍTIMA,FINALIZADA,IPSEP,AV SENADOR ROBERT KENNEDY,56,RUA DR OTAVIO BANDEIRA,"",AV SENADOR ROBERT KENNEDY,56,"",IPSEP,,"",CHOQUE VEÍCULO PARADO,COLISÃO SEM VITIMAS,1,,,,,,,,1,0,,Longo da via,Bom,Não existe,Não existente,Seca,Perfeito estado,Não existe,Não há placas,"",Dupla,Não existe,"",""
9162,2019-10-16T00:00:00,10:37:00,SEM VÍTIMA,FINALIZADA,COELHOS,RUA PADRE VENANCIO,77,"","",RUA PADRE VENANCIO,77,"",COELHOS,,CIDADE,ABALROAMENTO LONGITUDINAL,DOIS AUTOS,2,,,,,,,,,0,,Longo da via,Bom,Não existe,Incompleta,Seca,Perfeito estado,Não existe,R-6a,"",Dupla,Não existe,"",""
9163,2019-10-16T00:00:00,10:52:00,SEM VÍTIMA,FINALIZADA,CAJUEIRO,RUA LUIZ CLERICUZZI,340,RUA VIRGILIO DE MELO FRANCO,EM FRENTE AO Nº 340,RUA LUIZ CLERICUZZI,340,EM FRENTE AO Nº 340,CAJUEIRO,,SUBURBIO,ABALROAMENTO LONGITUDINAL,"",2,,,,,,,,,0,,Cruzamento,Bom,Não existe,Não existente,Seca,Perfeito estado,Não existe,Não há placas,"",Dupla,Não existe,"",""
9164,2019-10-16T00:00:00,10:52:00,SEM VÍTIMA,FINALIZADA,TORRE,PRC PROFESSOR BARRETO CAMPELLO,155,"",EM FRENTE AO EDIFICIO MIQUEAS RODRIGUES,PRC PROFESSOR BARRETO CAMPELLO,155,EM FRENTE AO EDIFICIO MIQUEAS RODRIGUES,TORRE,,"",COLISÃO,COLISÃO SEM VITIMAS,2,,,,,,,,,0,,"","","","","","","","","","","","",""
9165,2019-10-16T00:00:00,11:08:00,SEM VÍTIMA,FINALIZADA,IMBIRIBEIRA,AV MARECHAL MASCARENHAS DE MORAES,"","","",AV MARECHAL MASCARENHAS DE MORAES,"","",IMBIRIBEIRA,534,SUBURBIO,COLISÃO TRASEIRA,DOIS AUTOS,2,,,,,,,,,0,,Cruzamento,Bom,Sem defeito,Perfeito estado,Seca,Perfeito estado,Faixa de pedestre,R-6a,"",Dupla,Canteiro central,"",""
9166,2019-10-16T00:00:00,11:11:00,COM VÍTIMA,FINALIZADA,BOA VISTA,AV CONDE DA BOA VISTA,1379,"",EM FRENTE AO POSTO DE GASOLINA SHELL E A ESTAÇÃO PADRE INGLÊS 2,AV CONDE DA BOA VISTA,1379,EM FRENTE AO POSTO DE GASOLINA SHELL E A ESTAÇÃO PADRE INGLÊS 2,BOA VISTA,,SUBURBIO,ATROPELAMENTO,ÔNIBUS E PEDESTRE,,,,,1,1,,,,1,,Longo da via,Bom,Não existe,Perfeito estado,Seca,Perfeito estado,Não existe,R-6c,"",Dupla,Faixa contínua,"",""
9167,2019-10-16T00:00:00,11:21:00,SEM VÍTIMA,FINALIZADA,BOA VIAGEM,RUA BALTAZAR PASSOS,550,RUA JOSE HIPOLITO CARDOSO,"",RUA BALTAZAR PASSOS,550,"",BOA VIAGEM,,SUBURBIO,ABALROAMENTO TRANSVERSAL,DOIS AUTOS,2,,,,,,,,,0,,Cruzamento,Bom,Não existe,Perfeito estado,Seca,Perfeito estado,Não existe,Não há placas,"",Única,Não existe,"",""
9168,2019-10-16T00:00:00,11:58:00,SEM VÍTIMA,FINALIZADA,ESPINHEIRO,RUA DO ESPINHEIRO,119,"",EM FRENTE AO HAPVIDA RECIFE,RUA DO ESPINHEIRO,119,EM FRENTE AO HAPVIDA RECIFE,ESPINHEIRO,,SUBURBIO,ABALROAMENTO LONGITUDINAL,ENTRE DOIS AUTOS S/V,2,,,,,,,,,0,,Longo da via,Bom,Não existe,Perfeito estado,Seca,Perfeito estado,Não existe,Outras,"",Única,Faixa seccionada,"",""
9169,2019-10-16T00:00:00,12:16:00,SEM VÍTIMA,FINALIZADA,BOA VISTA,AV GOVERNADOR AGAMENON MAGALHAES,"","",OPOSTO AO POSTE NºB 025628,AV GOVERNADOR AGAMENON MAGALHAES,"",OPOSTO AO POSTE NºB 025628,BOA VISTA,,"",COLISÃO TRASEIRA,COLISÃO SEM VÍTIMA,3,,,,,,,,,0,,Longo da via,Bom,Não existe,Perfeito estado,Seca,Perfeito estado,Não existe,Não há placas,"",Dupla,Canal,"",""
9170,2019-10-16T00:00:00,12:17:00,SEM VÍTIMA,FINALIZADA,ÁGUA FRIA,EST VELHA DE AGUA FRIA,"","",EM FRENTE AO POSTO DE GASOLINA NORTE BRAZ,EST VELHA DE AGUA FRIA,"",EM FRENTE AO POSTO DE GASOLINA NORTE BRAZ,ÁGUA FRIA,,CIDADE,ABALROAMENTO LONGITUDINAL,ONIBUS X AUTO PASSEIO S/V,1,,,,,1,,,,0,,"",Bom,Não existe,Perfeito estado,Seca,Perfeito estado,Outros,"","",Dupla,Canteiro central,"",""
9171,2019-10-16T00:00:00,12:24:00,SEM VÍTIMA,FINALIZADA,IMBIRIBEIRA,RUA ITACARI,"",RUA ITAJAI,"",RUA ITACARI,"","",IMBIRIBEIRA,,SUBURBIO,ABALROAMENTO TRANSVERSAL,COLISÃO SEM VÍTIMA,3,,,,,,,,,0,,Cruzamento,Bom,Não existe,Incompleta,Seca,Mal conservada,Faixa de pedestre,Placas Pare,"",Dupla,Faixa contínua,"",""
9172,2019-10-16T00:00:00,13:14:00,SEM VÍTIMA,FINALIZADA,DOIS IRMÃOS,PRC FARIAS NEVES,"","",COMPESA,PRC FARIAS NEVES,"",COMPESA,DOIS IRMÃOS,,SUBURBIO,COLISÃO TRASEIRA,COLISAO ENTRE AUTO E MOTO S/V,1,1,,,,,,,,0,,Longo da via,Bom,Não existe,Ilegível,Seca,Perfeito estado,Não existe,Não há placas,20 km/h,Única,Não existe,"",""
9173,2019-10-16T00:00:00,13:35:00,SEM VÍTIMA,FINALIZADA,AFOGADOS,RUA VINTE E UM DE ABRIL,1070,"","",RUA VINTE E UM DE ABRIL,1070,"",AFOGADOS,,CIDADE,COLISÃO TRASEIRA,COLISAO ENTRE DOIS AUTOS S/V,2,,,,,,,,,0,,Longo da via,Bom,Não existe,Perfeito estado,Seca,Perfeito estado,Não existe,Não há placas,"",Dupla,Não existe,"",""
9174,2019-10-16T00:00:00,14:02:00,SEM VÍTIMA,FINALIZADA,CORDEIRO,AV ENGENHEIRO ABDIAS DE CARVALHO,"","",CAMARÃO DO LÉO,AV ENGENHEIRO ABDIAS DE CARVALHO,"",CAMARÃO DO LÉO,CORDEIRO,,CIDADE,COLISÃO TRASEIRA,COLISÃO SEM VÍTIMA,2,,,,,,,,,0,,Longo da via,Bom,Não existe,Perfeito estado,Seca,Perfeito estado,Não existe,Outras,"",Dupla,Faixa seccionada,Canteiro central,""
9175,2019-10-16T00:00:00,14:30:00,SEM VÍTIMA,CANCELADA,ENCRUZILHADA,EST DE BELEM,86,RUA ODORICO MENDES,E/F A CLINICA VETERINARIA BICHO SOLTO /PROX AO COLEGIO JESUS CRUCIFICADO,EST DE BELEM,86,E/F A CLINICA VETERINARIA BICHO SOLTO /PROX AO COLEGIO JESUS CRUCIFICADO,ENCRUZILHADA,,"",COLISÃO,ENTRE ONIBUS X AUTO PASSEIO S/V,1,,,,,1,,,,0,,"","","","","","","","","","","","",""
9176,2019-10-16T00:00:00,14:34:00,SEM VÍTIMA,FINALIZADA,"",RUA GENERAL SALGADO,380,RUA COSMORAMA,SHARK ARENA,RUA GENERAL SALGADO,380,SHARK ARENA,"",,CIDADE,ABALROAMENTO TRANSVERSAL,COLISÃO SEM VÍTIMA,2,,,,,,,,,0,,Cruzamento,Bom,Não existe,Perfeito estado,Seca,Perfeito estado,"",Placas Pare,40 km/h,Única,Faixa seccionada,"",""
9177,2019-10-16T00:00:00,16:22:00,SEM VÍTIMA,FINALIZADA,CASA AMARELA,AV NORTE,"","",EM FRENTE AO REI DA PICANHA,AV NORTE,"",EM FRENTE AO REI DA PICANHA,CASA AMARELA,,CIDADE,COLISÃO TRASEIRA,ONIBUS X AUTO PASSEIO S/V,1,,,,,1,,,,0,,Longo da via,Bom,Sem defeito,Perfeito estado,Seca,Perfeito estado,Outros,Outras,"",Dupla,Canteiro central,"",""
9178,2019-10-16T00:00:00,17:14:00,SEM VÍTIMA,FINALIZADA,AFOGADOS,RUA JACIRA,"",RUA CINCO DE NOVEMBRO,EM FRENTE AO N 151,RUA JACIRA,"",EM FRENTE AO N 151,AFOGADOS,,CIDADE,ABALROAMENTO TRANSVERSAL,COLISÃO SEM VÍTIMA,2,,,,,,,,,0,,Cruzamento,Bom,Não existe,Não existente,Seca,Perfeito estado,Não existe,Não há placas,"",Dupla,Não existe,"",""
9179,2019-10-16T00:00:00,17:37:00,SEM VÍTIMA,FINALIZADA,CORDEIRO,AV CAXANGA,1443,"",EM FRENTE AO Nº 1443,AV CAXANGA,1443,EM FRENTE AO Nº 1443,CORDEIRO,80,CIDADE,COLISÃO TRASEIRA,COLISÃO SEM VÍTIMA,3,,,,,,,,,0,,Longo da via,Bom,Sem defeito,Perfeito estado,Seca,Perfeito estado,"",Outras,"",Dupla,Canteiro central,"",""
9180,2019-10-16T00:00:00,18:05:00,SEM VÍTIMA,FINALIZADA,MADALENA,RUA BENFICA,"","",EM FRENTE AO MUSEU DA ABOLIÇÃO,RUA BENFICA,"",EM FRENTE AO MUSEU DA ABOLIÇÃO,"",257,CIDADE,ABALROAMENTO LONGITUDINAL,AUTO PASSEIO X BRT S/V,1,,,,,1,,,,0,,Longo da via,Bom,Sem defeito,Incompleta,Seca,Perfeito estado,Não existe,Não há placas,"",Dupla,Faixa contínua,"",""
9181,2019-10-16T00:00:00,18:10:00,SEM VÍTIMA,FINALIZADA,PRADO,AV ENGENHEIRO ABDIAS DE CARVALHO,"",RUA SANTA EDWIRGES,POSTO PETROBRAS,AV ENGENHEIRO ABDIAS DE CARVALHO,"",POSTO PETROBRAS,PRADO,354,SUBURBIO,ABALROAMENTO LONGITUDINAL,ENTRE DOIS AUTOS S/V,2,,,,,,,,,0,,Longo da via,Bom,Sem defeito,Perfeito estado,Seca,Perfeito estado,Faixa de pedestre,Outras,"",Dupla,Faixa contínua,Faixa seccionada,Canteiro central
9182,2019-10-16T00:00:00,18:28:00,SEM VÍTIMA,FINALIZADA,DERBY,AV GOVERNADOR AGAMENON MAGALHAES,4261,"","",AV GOVERNADOR AGAMENON MAGALHAES,4261,"",DERBY,,"",ABALROAMENTO LONGITUDINAL,ONIBUS X AUTO PASSEIO S/V,1,,,,,1,,,,0,,Longo da via,Bom,Sem defeito,Perfeito estado,Seca,Perfeito estado,Não existe,Não há placas,"",Dupla,Canal,"",""
9183,2019-10-16T00:00:00,20:11:00,COM VÍTIMA,FINALIZADA,ESTÂNCIA,AV JOAO CABRAL DE MELO NETO,"",AV RECIFE,ENTRADA DE JARDIM SÃO PAULO,AV JOAO CABRAL DE MELO NETO,"",ENTRADA DE JARDIM SÃO PAULO,ESTÂNCIA,259,CIDADE,CHOQUE OBJETO FIXO,VEICULO CHOCOU-SE COM POSTE DE ILUMINAÇÃO E CAPOTOU.,1,,,,,,,,,1,,Cruzamento,Bom,Sem defeito,"",Seca,"",Faixa de pedestre,Não há placas,"",Dupla,Canteiro central,"",""
9184,2019-10-16T00:00:00,20:54:00,SEM VÍTIMA,FINALIZADA,"",RUA PROFESSOR MARIO CASTRO,222,"","",RUA PROFESSOR MARIO CASTRO,222,"","",,SUBURBIO,CHOQUE VEÍCULO PARADO,COROLLA X HONDA CIVIC,2,,,,,,,,,0,,Longo da via,Bom,Não existe,Ilegível,Seca,Mal conservada,Não existe,R-6a,"",Dupla,Faixa contínua,"",""
9185,2019-10-16T00:00:00,21:11:00,COM VÍTIMA,FINALIZADA,BONGI,AV ENGENHEIRO ABDIAS DE CARVALHO,"",AV GENERAL SAN MARTIN,"",AV ENGENHEIRO ABDIAS DE CARVALHO,"",AV GENERAL SAN MARTIN,BONGI,58,SUBURBIO,ABALROAMENTO TRANSVERSAL,AUTO PASSEIO X MOTO,1,1,,,,,,,,1,,Cruzamento,Bom,Sem defeito,Perfeito estado,Seca,Perfeito estado,Faixa de pedestre,R-6a,50 km/h,Dupla,Canteiro central,"",""
9186,2019-10-16T00:00:00,21:31:00,SEM VÍTIMA,FINALIZADA,"",RUA COPACABANA,"","",EM FRENTE ESCOLA DE REF. PROFESSOR FERNANDO UCHOA,RUA COPACABANA,"",EM FRENTE ESCOLA DE REF. PROFESSOR FERNANDO UCHOA,"",,SUBURBIO,CHOQUE VEÍCULO PARADO,LOGAN X VT DESCARECTERIZADA (POLICIA),2,,,,,,,,,0,,Longo da via,Bom,Não existe,Perfeito estado,Seca,Perfeito estado,Faixa de pedestre,Não há placas,"",Dupla,"","",""
9187,2019-10-16T00:00:00,22:12:00,COM VÍTIMA,CANCELADA,MADALENA,RUA JOAO IVO DA SILVA,"","",E/F A ESQUINA DA PICANHA/ PROX AO TÚNEL DA ABOLIÇÃO,RUA JOAO IVO DA SILVA,"",E/F A ESQUINA DA PICANHA/ PROX AO TÚNEL DA ABOLIÇÃO,MADALENA,,"",COLISÃO COM CICLISTA,AUTO PASSEIO X CICLISTA COM VÍTIMA,1,,,1,,,,,,1,,"","","","","","","","","","","","",""
9188,2019-10-17T00:00:00,06:19:00,SEM VÍTIMA,FINALIZADA,ROSARINHO,AV PROFESSOR JOSE DOS ANJOS,1530,"","",AV PROFESSOR JOSE DOS ANJOS,1530,"",ROSARINHO,,CIDADE,COLISÃO TRASEIRA,COLISÃO EM SEGUIDA DE CHOQUE CONDUTOR BATEU CONTRA POSTE SEM VITIMAS,2,,,,,,,,,0,,Cruzamento,Bom,Não existe,Perfeito estado,Seca,Perfeito estado,Faixa de pedestre,Não há placas,"",Única,Faixa seccionada,Canal,""
9189,2019-10-17T00:00:00,07:18:00,SEM VÍTIMA,CANCELADA,ESTÂNCIA,AV DR JOSE RUFINO,726,"",EM FRENTE A BORRACHARIA FLORESTA AUTO PEÇAS,AV DR JOSE RUFINO,726,EM FRENTE A BORRACHARIA FLORESTA AUTO PEÇAS,ESTÂNCIA,,SUBURBIO,COLISÃO,COLISÃO S/VITIMAS ENTRE DOIS AUTOS,2,,,,,,,,,0,,"","","","","","","","","","","","",""
9190,2019-10-17T00:00:00,07:39:00,COM VÍTIMA,FINALIZADA,CORDEIRO,RUA N S DA SAUDE,309,"",PRÓXIMO AO PARQUE DO CAIARA.,RUA N S DA SAUDE,309,PRÓXIMO AO PARQUE DO CAIARA.,CORDEIRO,,"",ABALROAMENTO LONGITUDINAL,AUTO E MOTO.,1,1,,,,,,,,1,,Longo da via,Bom,Não existe,Perfeito estado,Seca,Perfeito estado,Não existe,Placas Pare,"",Dupla,Faixa seccionada,"",""
9191,2019-10-17T00:00:00,09:17:00,SEM VÍTIMA,FINALIZADA,DERBY,AV GOVERNADOR AGAMENON MAGALHAES,"",RUA HENRIQUE DIAS,SOB O SEMÁFORO Nº068,AV GOVERNADOR AGAMENON MAGALHAES,"",SOB O SEMÁFORO Nº068,DERBY,,"",ABALROAMENTO LONGITUDINAL,COLISÃO S/VITIMAS ENTRE DUAS MOTOS,,2,,,,,,,,0,,Cruzamento,Bom,Sem defeito,Perfeito estado,Seca,Perfeito estado,Faixa de pedestre,Outras,"",Dupla,Canteiro central,"",""
9192,2019-10-17T00:00:00,09:31:00,SEM VÍTIMA,FINALIZADA,BOA VIAGEM,AV CONSELHEIRO AGUIAR,"",RUA PROFESSOR OSIAS RIBEIRO,JIAZEDI,AV CONSELHEIRO AGUIAR,"",JIAZEDI,BOA VIAGEM,,CIDADE,ABALROAMENTO TRANSVERSAL,SEM VITIMAS,1,1,,,,,,,,0,,Cruzamento,Bom,Não existe,Perfeito estado,Seca,Perfeito estado,Outros,Placas Pare,60 km/h,Única,Faixa seccionada,"",""
9193,2019-10-17T00:00:00,09:38:00,SEM VÍTIMA,CANCELADA,CORDEIRO,RUA GOMES TABORDA,1357,"",E/F AO POSTO PETRONAC,RUA GOMES TABORDA,1357,E/F AO POSTO PETRONAC,CORDEIRO,67,"",COLISÃO,COLISÃO S/VITIMAS ENTRE DOIS AUTOS,2,,,,,,,,,0,,"","","","","","","","","","","","",""
9194,2019-10-17T00:00:00,11:07:00,SEM VÍTIMA,FINALIZADA,SANTO ANTÔNIO,PRC DA REPUBLICA,"",RUA DO SOL,PRÓXIMO AO TEATRO SANTA ISABEL,PRC DA REPUBLICA,"",PRÓXIMO AO TEATRO SANTA ISABEL,SANTO ANTÔNIO,,CIDADE,ABALROAMENTO LONGITUDINAL,COLISÃO SEM VITIMAS,1,,,,,1,,,,0,,Cruzamento,Bom,Não existe,Incompleta,Seca,Perfeito estado,Não existe,R-6a,"","","","",""
9195,2019-10-17T00:00:00,11:08:00,SEM VÍTIMA,FINALIZADA,BOA VIAGEM,RUA ERNESTO DE PAULA SANTOS,550,"","",RUA ERNESTO DE PAULA SANTOS,550,"",BOA VIAGEM,,"",COLISÃO TRASEIRA,SEM VITIMAS,1,1,,,,,,,,0,,Longo da via,Bom,Sem defeito,Perfeito estado,Seca,Perfeito estado,Não existe,Não há placas,60 km/h,Única,Faixa seccionada,"",""
9196,2019-10-17T00:00:00,11:09:00,COM VÍTIMA,FINALIZADA,SANTO AMARO,AV GOVERNADOR AGAMENON MAGALHAES,"","",EM FRENTE AO MINISTÉRIO DO TRABALHO,AV GOVERNADOR AGAMENON MAGALHAES,"",EM FRENTE AO MINISTÉRIO DO TRABALHO,SANTO AMARO,108,BOA VIAGEM,COLISÃO TRASEIRA,AUTO E MOTO.,1,1,,,,,,,,1,,Longo da via,Bom,Sem defeito,Perfeito estado,Seca,Perfeito estado,Faixa de pedestre,"",60 km/h,Dupla,Canal,"",""
9197,2019-10-17T00:00:00,11:20:00,COM VÍTIMA,FINALIZADA,CAXANGÁ,AV CAXANGA,1165,"",EM FRENTE A CAIXA ECONOMICA FEDERAL.,AV CAXANGA,1165,EM FRENTE A CAIXA ECONOMICA FEDERAL.,CAXANGÁ,,CIDADE,ATROPELAMENTO,AUTO E PEDESTRE.,1,,,,1,,,,,1,,Longo da via,Bom,"",Perfeito estado,Seca,Perfeito estado,"",R-6a,"",Dupla,Canteiro central,"",""
9198,2019-10-17T00:00:00,11:31:00,SEM VÍTIMA,FINALIZADA,BOA VIAGEM,RUA PADRE CARAPUCEIRO,825,"",EM FRENTE AO EDIFÍCIO GREEN PARK,RUA PADRE CARAPUCEIRO,825,EM FRENTE AO EDIFÍCIO GREEN PARK,BOA VIAGEM,,SUBURBIO,CHOQUE VEÍCULO PARADO,SEM VITIMAS,2,,,,,,,,,0,,Longo da via,Bom,Não existe,Incompleta,Seca,Mal conservada,Não existe,Não há placas,"",Única,Faixa seccionada,"",""
9199,2019-10-17T00:00:00,11:52:00,SEM VÍTIMA,FINALIZADA,CASA FORTE,AV DEZESSETE DE AGOSTO,2187,"",FUNDAÇÃO JOAQUIM NABUCO,AV DEZESSETE DE AGOSTO,2187,FUNDAÇÃO JOAQUIM NABUCO,CASA FORTE,646,CIDADE,COLISÃO TRASEIRA,COLISÃO S/VITIMAS ENTRE DOIS AUTOS,2,,,,,,,,,0,,Longo da via,Bom,Sem defeito,Perfeito estado,Seca,Perfeito estado,Faixa de pedestre,R-6a,60 km/h,Dupla,Faixa contínua,"",""
9200,2019-10-17T00:00:00,12:11:00,SEM VÍTIMA,CANCELADA,BOA VIAGEM,RUA ERNESTO DE PAULA SANTOS,"",AV CONSELHEIRO AGUIAR,E/F AO HABI´S,RUA ERNESTO DE PAULA SANTOS,"",E/F AO HABI´S,BOA VIAGEM,127,"",COLISÃO,COLISAO SEM VITIMAS,1,,,,,,1,,,0,,"","","","","","","","","","","","",""
9201,2019-10-17T00:00:00,12:32:00,COM VÍTIMA,FINALIZADA,IMBIRIBEIRA,AV MARECHAL MASCARENHAS DE MORAES,"","",E/F A EUROVIA,AV MARECHAL MASCARENHAS DE MORAES,"",E/F A EUROVIA,IMBIRIBEIRA,534,BOA VIAGEM,ACID. DE PERCURSO,OLÉO DERRAMADO NA VIA,,1,,,,,,,,1,,"","","","","","","","","","","","",""
9202,2019-10-17T00:00:00,15:10:00,SEM VÍTIMA,FINALIZADA,BAIRRO DO RECIFE,AV ALFREDO LISBOA,505,"",CAIXA CULTURAL,AV ALFREDO LISBOA,505,CAIXA CULTURAL,BAIRRO DO RECIFE,,SUBURBIO,COLISÃO TRASEIRA,COLISÃO SEM VÍTIMA,1,,,,,,1,,,0,,Longo da via,Bom,Não existe,Perfeito estado,Seca,Perfeito estado,Faixa de pedestre,R-6a,"",Única,Faixa seccionada,"",""