_id,DATA,hora,natureza_acidente,situacao,bairro,endereco,numero,detalhe_endereco_acidente,complemento,endereco_cruzamento,numero_cruzamento,referencia_cruzamento,bairro_cruzamento,num_semaforo,sentido_via,tipo,descricao,auto,moto,ciclom,ciclista,pedestre,onibus,caminhao,viatura,outros,vitimas,vitimasfatais,acidente_verificado,tempo_clima,situacao_semaforo,sinalizacao,condicao_via,conservacao_via,ponto_controle,situacao_placa,velocidade_max_via,mao_direcao,divisao_via1,divisao_via2,divisao_via3
9203,2019-10-17T00:00:00,15:12:00,SEM VÍTIMA,FINALIZADA,"","","",CAIS DO APOLO,"","","","","",19,SUBURBIO,ABALROAMENTO TRANSVERSAL,COLISAO SEM VITIMAS,2,,,,,,,,,0,,Ponte,Bom,Sem defeito,Perfeito estado,Seca,Perfeito estado,Faixa de pedestre,"","",Única,Faixa contínua,"",""
9204,2019-10-17T00:00:00,15:19:00,SEM VÍTIMA,FINALIZADA,SÃO JOSÉ,AV MARTINS DE BARROS,451,"","",AV MARTINS DE BARROS,451,"",SÃO JOSÉ,,SUBURBIO,ABALROAMENTO LONGITUDINAL,COLISAO ENTRE AUTO E ONIBUS S/V,2,,,,,1,,,,0,,Longo da via,Bom,Não existe,Ilegível,Seca,Perfeito estado,Agente,Placas Pare,"",Única,Faixa seccionada,"",""
9205,2019-10-17T00:00:00,15:31:00,SEM VÍTIMA,FINALIZADA,SAN MARTIN,AV GENERAL SAN MARTIN,2482,"",APÓS O COLÉGIO ADVENTISTA,AV GENERAL SAN MARTIN,2482,APÓS O COLÉGIO ADVENTISTA,SAN MARTIN,,SUBURBIO,ABALROAMENTO LONGITUDINAL,COLISÃO SEM VÍTIMA,1,1,,,,,,,,0,,Longo da via,Bom,Não existe,Perfeito estado,Seca,Perfeito estado,Não existe,Não há placas,"",Dupla,Faixa contínua,"",""
9206,2019-10-17T00:00:00,15:36:00,SEM VÍTIMA,CANCELADA,AFOGADOS,RUA TABAIARES,1700,"",E/F A CONCESSIONARIA PAVI HYUNDAI,RUA TABAIARES,1700,E/F A CONCESSIONARIA PAVI HYUNDAI,AFOGADOS,,"",COLISÃO,COLISO ENTRE AUTO E MOTO S/V,1,1,,,,,,,,0,,"","","","","","","","","","","","",""
9207,2019-10-17T00:00:00,15:57:00,SEM VÍTIMA,FINALIZADA,ILHA DO RETIRO,RUA SPORT CLUBE DO RECIFE,98,RUA BENFICA,LADO OPOSTO AO SPORT CLUB DO RECIFE,RUA SPORT CLUBE DO RECIFE,98,LADO OPOSTO AO SPORT CLUB DO RECIFE,ILHA DO RETIRO,,SUBURBIO,ABALROAMENTO LONGITUDINAL,COLISAO ENTRE AUTO E CAMINHAO S/V,1,,,,,,1,,,0,,"",Bom,Não existe,Perfeito estado,Seca,Perfeito estado,Não existe,Não há placas,"","",Não existe,"",""
9208,2019-10-17T00:00:00,15:58:00,SEM VÍTIMA,FINALIZADA,SANTO AMARO,AV GOVERNADOR AGAMENON MAGALHAES,"","",LADO OPOSTO A QUITANDARIA,AV GOVERNADOR AGAMENON MAGALHAES,"",LADO OPOSTO A QUITANDARIA,SANTO AMARO,,SUBURBIO,COLISÃO TRASEIRA,COLISAO SEM VITIMAS,2,,,,,,,,,0,,Longo da via,Bom,Não existe,Perfeito estado,Seca,Perfeito estado,Agente,Não há placas,30 km/h,Única,Faixa seccionada,"",""
9209,2019-10-17T00:00:00,16:03:00,COM VÍTIMA,FINALIZADA,CORDEIRO,AV CAXANGA,1964,"",EM FRENTE A ASSEMBLEIA DE DEUS,AV CAXANGA,1964,EM FRENTE A ASSEMBLEIA DE DEUS,CORDEIRO,267,SUBURBIO,ABALROAMENTO LONGITUDINAL,AUTO E MOTO.,1,1,,,,,,,,1,,Longo da via,Bom,Sem defeito,Perfeito estado,Seca,Perfeito estado,Faixa de pedestre,R-6a,"",Dupla,Faixa seccionada,Canteiro central,""
9210,2019-10-17T00:00:00,16:05:00,SEM VÍTIMA,CANCELADA,ÁGUA FRIA,AV BEBERIBE,"","",APOS O CANAL DA CONTRUÇAO EM BAIXO DO SEMAFORO 698,AV BEBERIBE,"",APOS O CANAL DA CONTRUÇAO EM BAIXO DO SEMAFORO 698,ÁGUA FRIA,,"",COLISÃO,COLISAO ENTRE AUTO E CAMINHAO S/V,1,,,,,,1,,,0,,"","","","","","","","","","","","",""
9211,2019-10-17T00:00:00,17:40:00,SEM VÍTIMA,FINALIZADA,IMBIRIBEIRA,RUA ITACARE,"",RUA ITAJAI,LADO SUL DO BANCO DO BRASIL,RUA ITACARE,"",LADO SUL DO BANCO DO BRASIL,IMBIRIBEIRA,,SUBURBIO,ABALROAMENTO TRANSVERSAL,COLISAO ENTRE DOIS AUTOS S/V,2,,,,,,,,,0,,Cruzamento,Bom,Não existe,Não existente,Seca,Perfeito estado,Não existe,Não há placas,40 km/h,Dupla,Não existe,"",""
9212,2019-10-17T00:00:00,17:43:00,SEM VÍTIMA,FINALIZADA,SANTO AMARO,AV DR JAYME DA FONTE,19A,"",PRÓXIMO AO CAMPO DO 11,AV DR JAYME DA FONTE,19A,PRÓXIMO AO CAMPO DO 11,SANTO AMARO,,SUBURBIO,ABALROAMENTO LONGITUDINAL,COLISAO SEM VITMAS,1,,,,,,1,,,0,,Longo da via,Bom,Não existe,Não existente,Seca,Perfeito estado,Não existe,Não há placas,"",Dupla,Canteiro central,"",""
9213,2019-10-17T00:00:00,17:46:00,SEM VÍTIMA,FINALIZADA,SANTO ANTÔNIO,AV ENGENHEIRO JOSE ESTELITA,"","",PRÓXIMO A SUBIDA DO VIADUTO DAS 5 PONTAS,AV ENGENHEIRO JOSE ESTELITA,"",PRÓXIMO A SUBIDA DO VIADUTO DAS 5 PONTAS,SANTO ANTÔNIO,,CIDADE,COLISÃO TRASEIRA,COLISAO ENTRE AUTO E MOTO S/V,1,1,,,,,,,,0,,Longo da via,Bom,Não existe,Perfeito estado,Seca,Perfeito estado,Outros,Outras,60 km/h,Dupla,Canteiro central,"",""
9214,2019-10-17T00:00:00,18:56:00,VÍTIMA FATAL,FINALIZADA,ALTO JOSÉ BONIFÁCIO,RUA ALTO DA SERRINHA,109,"",E/F AO ARMAZEM SHALOM,RUA ALTO DA SERRINHA,109,E/F AO ARMAZEM SHALOM,ALTO JOSÉ BONIFÁCIO,,SUBURBIO,COLISÃO COM CICLISTA,ONIBUS X CICLISTA COM VÍTAMA FATAL,,,,1,,1,,,,,1,Longo da via,Bom,Não existe,Não existente,Seca,Perfeito estado,Não existe,Não há placas,"",Dupla,Não existe,"",""
9215,2019-10-17T00:00:00,19:11:00,SEM VÍTIMA,CANCELADA,GRAÇAS,RUA DAS PERNAMBUCANAS,"",RUA GUILHERME PINTO,E/F AO EDF. CAP FERRAT,RUA DAS PERNAMBUCANAS,"",E/F AO EDF. CAP FERRAT,GRAÇAS,,"",COLISÃO,ENTRE DOIS AUTOS S/V,2,,,,,,,,,0,,"","","","","","","","","","","","",""
9216,2019-10-17T00:00:00,19:20:00,COM VÍTIMA,FINALIZADA,IMBIRIBEIRA,VIADUTO TANCREDO NEVES,"","",SOBRE O VIADUTO TRANQUEDO NEVES ( NO MEIO DO VIADUTO) SENTIDO SHOPPING RECIFE,VIADUTO TANCREDO NEVES,"",SOBRE O VIADUTO TRANQUEDO NEVES ( NO MEIO DO VIADUTO) SENTIDO SHOPPING RECIFE,IMBIRIBEIRA,,BOA VIAGEM,COLISÃO COM CICLISTA,MOTO X CICLISTA,,1,,1,,,,,,2,,Viaduto,Bom,Não existe,Perfeito estado,Seca,Perfeito estado,Não existe,Não há placas,"",Dupla,Faixa seccionada,"",""
9217,2019-10-17T00:00:00,20:02:00,COM VÍTIMA,FINALIZADA,PINA,AV ENGENHEIRO DOMINGOS FERREIRA,"","",E/F AO POSTO TOTAL,AV ENGENHEIRO DOMINGOS FERREIRA,"",E/F AO POSTO TOTAL,PINA,,SUBURBIO,ABALROAMENTO LONGITUDINAL,AUTO PASSEIO X MOTO COM VÍTIMA,1,1,,,,,,,,1,,Longo da via,Bom,Não existe,Perfeito estado,Seca,Perfeito estado,Não existe,Outras,"",Única,Faixa seccionada,"",""
9218,2019-10-17T00:00:00,20:18:00,SEM VÍTIMA,FINALIZADA,IPSEP,RUA HELIO BRANDAO,"",RUA TRINTA E UM DE MARCO,"",RUA HELIO BRANDAO,"","",IPSEP,,SUBURBIO,COLISÃO TRASEIRA,FIAT STILO X RANGE ROVER,2,,,,,,,,,0,,Longo da via,Chuvoso,Não existe,Perfeito estado,Molhada,Mal iluminada,Não existe,Não há placas,"",Dupla,Faixa seccionada,"",""
9219,2019-10-17T00:00:00,21:04:00,COM VÍTIMA,CANCELADA,CORDEIRO,RUA GOMES TABORDA,"",AV GENERAL SAN MARTIN,PROX AO COMPAZ,RUA GOMES TABORDA,"",PROX AO COMPAZ,CORDEIRO,,"",COLISÃO,GOL X MOTO,1,1,,,,,,,,1,,"","","","","","","","","","","","",""
9220,2019-10-17T00:00:00,21:20:00,SEM VÍTIMA,FINALIZADA,BOA VIAGEM,RUA ERNESTO DE PAULA SANTOS,"",RUA DOS NAVEGANTES,"",RUA ERNESTO DE PAULA SANTOS,"","",BOA VIAGEM,,CIDADE,ABALROAMENTO TRANSVERSAL,PALIO X FOX,2,,,,,,,,,0,,Cruzamento,Chuvoso,Não existe,Perfeito estado,Molhada,Perfeito estado,"",Placas Pare,"",Única,Faixa seccionada,"",""
9221,2019-10-17T00:00:00,21:46:00,SEM VÍTIMA,FINALIZADA,BOA VIAGEM,AV MARECHAL MASCARENHAS DE MORAES,4455,"","",AV MARECHAL MASCARENHAS DE MORAES,4455,"",BOA VIAGEM,,CIDADE,COLISÃO TRASEIRA,ENTRE DOIS AUTOS S/V,2,,,,,,,,,0,,Longo da via,Chuvoso,Não existe,Perfeito estado,Molhada,Perfeito estado,Não existe,"","",Dupla,Canteiro central,"",""
9222,2019-10-17T00:00:00,22:02:00,COM VÍTIMA,CANCELADA,AREIAS,AV DR JOSE RUFINO,"",RUA IPOJUCA,E/F AO POSTO SHELL,AV DR JOSE RUFINO,"",E/F AO POSTO SHELL,AREIAS,,"",COLISÃO,ENTRE AUTO PASSEIO X MOTO COM VÍTIMA,1,1,,,,,,,,1,,"","","","","","","","","","","","",""
9223,2019-10-17T00:00:00,22:06:00,SEM VÍTIMA,FINALIZADA,CASA AMARELA,RUA PADRE LEMOS,185,"",EM FRENTE AO POSTO BR,RUA PADRE LEMOS,185,EM FRENTE AO POSTO BR,CASA AMARELA,,CIDADE,ABALROAMENTO LONGITUDINAL,MOTO X AUTO PASSEIO S/V,1,1,,,,,,,,0,,Longo da via,Chuvoso,Não existe,Perfeito estado,Molhada,Perfeito estado,Não existe,Não há placas,"",Única,Faixa seccionada,"",""
9224,2019-10-17T00:00:00,22:22:00,SEM VÍTIMA,FINALIZADA,IMBIRIBEIRA,AV MARECHAL MASCARENHAS DE MORAES,"","",POSTO DE COMBUSTÍVEL SHELL,AV MARECHAL MASCARENHAS DE MORAES,"",POSTO DE COMBUSTÍVEL SHELL,IMBIRIBEIRA,,SUBURBIO,COLISÃO TRASEIRA,ONIBUS X AUTO PASSEIO S/V,1,,,,,1,,,,0,,Longo da via,Bom,Não existe,Perfeito estado,Seca,Perfeito estado,Não existe,R-6a,"",Dupla,Canteiro central,"",""
9225,2019-10-17T00:00:00,23:06:00,SEM VÍTIMA,FINALIZADA,BOA VIAGEM,AV ENGENHEIRO DOMINGOS FERREIRA,"",RUA ANTONIO FALCAO,SEMÁFORO 145,AV ENGENHEIRO DOMINGOS FERREIRA,"",SEMÁFORO 145,BOA VIAGEM,145,SUBURBIO,ABALROAMENTO LONGITUDINAL,ONIBUS X CAMINHÃO GUICHO S/V,,,,,,1,1,,,0,,"",Bom,Sem defeito,Perfeito estado,Seca,Perfeito estado,Faixa de pedestre,Outras,"",Única,Canteiro central,"",""
9226,2019-10-18T00:00:00,04:48:00,SEM VÍTIMA,FINALIZADA,COQUEIRAL,RUA PAULINO DE FARIAS,518,"","",RUA PAULINO DE FARIAS,518,"",COQUEIRAL,,SUBURBIO,COLISÃO FRONTAL,"",,,,,,2,,,,0,,Longo da via,Chuvoso,Não existe,Não existente,Molhada,Perfeito estado,Não existe,Não há placas,"",Dupla,Não existe,"",""
9227,2019-10-18T00:00:00,06:26:00,SEM VÍTIMA,FINALIZADA,CORDEIRO,AV ENGENHEIRO ABDIAS DE CARVALHO,"",AV GENERAL SAN MARTIN,COMPAZ,AV ENGENHEIRO ABDIAS DE CARVALHO,"",COMPAZ,CORDEIRO,58,CIDADE,COLISÃO TRASEIRA,CAMINHÃO E AUTO,1,,,,,,1,,,0,,Cruzamento,Chuvoso,Sem defeito,Perfeito estado,Molhada,Perfeito estado,Faixa de pedestre,Não há placas,60 km/h,Dupla,Canteiro central,"",""
9228,2019-10-18T00:00:00,07:33:00,SEM VÍTIMA,FINALIZADA,MADALENA,AV BEIRA RIO,"","",ESQUINA COM RUA CONDE DE IRAJÁ,AV BEIRA RIO,"",ESQUINA COM RUA CONDE DE IRAJÁ,MADALENA,630,SUBURBIO,CHOQUE VEÍCULO PARADO,SEM VITIMAS,2,,,,,,,,,0,,Longo da via,Chuvoso,Sem defeito,Perfeito estado,Molhada,Perfeito estado,Faixa de pedestre,Outras,"","",Faixa contínua,Faixa seccionada,""
9229,2019-10-18T00:00:00,08:03:00,SEM VÍTIMA,FINALIZADA,BONGI,AV ENGENHEIRO ABDIAS DE CARVALHO,"","",GALERIA JAIME CAVALCANTE,AV ENGENHEIRO ABDIAS DE CARVALHO,"",GALERIA JAIME CAVALCANTE,BONGI,375,CIDADE,COLISÃO TRASEIRA,COLISÃO S/VITIMAS ENTRE DOIS AUTOS,2,,,,,,,,,0,,Longo da via,Bom,Sem defeito,Perfeito estado,Seca,Perfeito estado,"","","",Dupla,Canteiro central,"",""
9230,2019-10-18T00:00:00,08:30:00,SEM VÍTIMA,FINALIZADA,PINA,AVENIDA CELSO FURTADO (VIA MANGUE),"","",EM MEDIAÇÃOES AO ANTIGO AEROCLUB DO PINA,AVENIDA CELSO FURTADO (VIA MANGUE),"",EM MEDIAÇÃOES AO ANTIGO AEROCLUB DO PINA,PINA,,CIDADE,COLISÃO TRASEIRA,DOIS AUTOS,2,,,,,,,,,0,,Longo da via,Bom,Não existe,Perfeito estado,Seca,Perfeito estado,Não existe,Outras,60 km/h,Dupla,Canteiro central,"",""
9231,2019-10-18T00:00:00,09:00:00,SEM VÍTIMA,CANCELADA,SANTANA,RUA SAMUEL FARIAS,229,"",EM FRENTE A OFICINA AUTO FORTE,RUA SAMUEL FARIAS,229,EM FRENTE A OFICINA AUTO FORTE,SANTANA,,"",COLISÃO,COLISÃO SEM VITIMAS,2,,,,,,,,,0,,"","","","","","","","","","","","",""
9232,2019-10-18T00:00:00,08:57:00,SEM VÍTIMA,FINALIZADA,AFOGADOS,RUA QUITERIO INACIO DE MELLO,234,"",E/F A AUTO CENTER AFOGADOS (SENT.IMBIRIBEIRA),RUA QUITERIO INACIO DE MELLO,234,E/F A AUTO CENTER AFOGADOS (SENT.IMBIRIBEIRA),AFOGADOS,,"",COLISÃO,COLISÃO /VITIMAS ENTRE UM AUTO E CAMINHÃO,1,,,,,,1,,,0,,"","","","","","","","","","","","",""
9233,2019-10-18T00:00:00,09:12:00,SEM VÍTIMA,FINALIZADA,IPUTINGA,RUA PROFESSOR JULIO OLIVEIRA,7770,AV PROFESSOR JOAQUIM CAVALCANTI,FRENTE AO Nº 7770,RUA PROFESSOR JULIO OLIVEIRA,7770,FRENTE AO Nº 7770,IPUTINGA,,CIDADE,ABALROAMENTO LONGITUDINAL,AUTO E CAMINHÃO,1,,,,,,1,,,0,,Cruzamento,Chuvoso,Não existe,Incompleta,Molhada,Perfeito estado,"",Outras,"",Única,Não existe,"",""
9234,2019-10-18T00:00:00,10:06:00,SEM VÍTIMA,FINALIZADA,AREIAS,AV RECIFE,"","",BR MUNCK E CAMINHÕES,AV RECIFE,"",BR MUNCK E CAMINHÕES,AREIAS,620,"",COLISÃO TRASEIRA,COLISÃO S/VITIMAS ENTRE UM AUTO E MOTO,,1,,,,1,,,,0,,Longo da via,Chuvoso,Sem defeito,Perfeito estado,Molhada,Perfeito estado,Faixa de retenção,"","",Dupla,Canteiro central,"",""
9235,2019-10-18T00:00:00,10:11:00,SEM VÍTIMA,FINALIZADA,AFOGADOS,RUA JOAO CARLOS GUIMARAES,"","",AO LADO DO BANCO BRADESCO,RUA JOAO CARLOS GUIMARAES,"",AO LADO DO BANCO BRADESCO,AFOGADOS,,CIDADE,ABALROAMENTO LONGITUDINAL,AUTO E ONIBUS,1,,,,,1,,,,0,,Longo da via,Nublado,Não existe,Incompleta,Molhada,Perfeito estado,Não existe,Não há placas,"",Única,Não existe,"",""
9236,2019-10-18T00:00:00,10:12:00,SEM VÍTIMA,CANCELADA,IBURA,RUA DR BENIGNO JORDAO DE VASCONCELOS,20,"",AO LADO DA UPA DO IBURA,RUA DR BENIGNO JORDAO DE VASCONCELOS,20,AO LADO DA UPA DO IBURA,IBURA,,"",COLISÃO,COLISÃO S/VITIMAS ENTRE DOIS AUTOS,2,,,,,,,,,0,,"","","","","","","","","","","","",""
9237,2019-10-18T00:00:00,10:41:00,SEM VÍTIMA,CANCELADA,BOA VIAGEM,RUA BARAO DE SOUZA LEAO,"","",EM FRENTE AO RESTAURANTE COSTA BRAVA,RUA BARAO DE SOUZA LEAO,"",EM FRENTE AO RESTAURANTE COSTA BRAVA,BOA VIAGEM,,"",COLISÃO,COLISÃO SEM VITIMAS,1,,,,,1,,,,0,,"","","","","","","","","","","","",""
9238,2019-10-18T00:00:00,10:57:00,SEM VÍTIMA,FINALIZADA,BOA VIAGEM,AV CONSELHEIRO AGUIAR,4310,"",EM FRENTE A ACADEMIA SMART FIT,AV CONSELHEIRO AGUIAR,4310,EM FRENTE A ACADEMIA SMART FIT,BOA VIAGEM,127,CIDADE,COLISÃO TRASEIRA,DOIS AUTOS,2,,,,,,,,,0,,Longo da via,Bom,Sem defeito,Perfeito estado,Seca,Perfeito estado,Faixa de pedestre,Outras,60 km/h,Única,Faixa contínua,"",""
9239,2019-10-18T00:00:00,11:17:00,SEM VÍTIMA,CANCELADA,DERBY,RUA DR SEVERINO PINHEIRO,"","",EM FRENTE AO QUARTEL DO DERBY,RUA DR SEVERINO PINHEIRO,"",EM FRENTE AO QUARTEL DO DERBY,DERBY,,"",COLISÃO,COLISÃO SEM VITIMAS,2,,,,,,,,,0,,"","","","","","","","","","","","",""
9240,2019-10-18T00:00:00,11:27:00,SEM VÍTIMA,FINALIZADA,GUABIRABA,AV VEREADOR OTACILIO AZEVEDO,4674,"","",AV VEREADOR OTACILIO AZEVEDO,4674,"",GUABIRABA,,SUBURBIO,CHOQUE VEÍCULO PARADO,COLISÃO SEM VITIMAS,2,,,,,,,,,0,,Cruzamento,Chuvoso,Não existe,Perfeito estado,Molhada,Mal conservada,Outros,Placas Pare,"",Dupla,Não existe,"",""
9241,2019-10-18T00:00:00,11:42:00,SEM VÍTIMA,FINALIZADA,SÃO JOSÉ,AV SUL,1247,"",APÓS O VIADUTO CAPITÃO TEMUDO,AV SUL,1247,APÓS O VIADUTO CAPITÃO TEMUDO,SÃO JOSÉ,,CIDADE,COLISÃO TRASEIRA,COLISÃO SEM VITIMAS,2,,,,,,,,,0,,Longo da via,Chuvoso,Não existe,Incompleta,Molhada,Mal conservada,Não existe,Outras,"",Dupla,Canteiro central,"",""
9242,2019-10-18T00:00:00,11:50:00,SEM VÍTIMA,CANCELADA,BOA VIAGEM,RUA BALTAZAR PASSOS,"",RUA SA E SOUZA,PROX. A CULTURA INGLESA,RUA BALTAZAR PASSOS,"",PROX. A CULTURA INGLESA,BOA VIAGEM,,"",COLISÃO,DOIS AUTOS,2,,,,,,,,,0,,"","","","","","","","","","","","",""
9243,2019-10-18T00:00:00,12:13:00,SEM VÍTIMA,FINALIZADA,IMBIRIBEIRA,AV SUL,78,RUA JOSE DA SILVA LUCENA,CARNEIRO ALMEIDA TRANSPORTE,AV SUL,78,CARNEIRO ALMEIDA TRANSPORTE,IMBIRIBEIRA,,CIDADE,ABALROAMENTO LONGITUDINAL,COLISÃO SEM VÍTIMA,3,,,,,,,,,0,,Longo da via,Chuvoso,Não existe,Incompleta,Molhada,Perfeito estado,Não existe,Não há placas,"",Dupla,Não existe,"",""
9244,2019-10-18T00:00:00,12:17:00,SEM VÍTIMA,FINALIZADA,ILHA DO LEITE,AV GOVERNADOR AGAMENON MAGALHAES,"","",APÓS O SEMÁFRO 349,AV GOVERNADOR AGAMENON MAGALHAES,"",APÓS O SEMÁFRO 349,ILHA DO LEITE,,"",ABALROAMENTO LONGITUDINAL,COLISAO ENTRE ONIBUS E AUTOS S/V,1,,,,,1,,,,0,,Longo da via,Chuvoso,Com defeito,"",Molhada,"",Faixa de pedestre,"",60 km/h,Dupla,Canteiro central,"",""
9245,2019-10-18T00:00:00,12:34:00,SEM VÍTIMA,FINALIZADA,AFOGADOS,AV SUL,"",RUA NICOLAU PEREIRA,"",AV SUL,"","",AFOGADOS,,"",ABALROAMENTO LONGITUDINAL,COLISÃO SEM VÍTIMA,1,,,,,1,,,,0,,Longo da via,Chuvoso,"",Não existente,Molhada,Perfeito estado,"",Não há placas,"",Única,"","",""
9246,2019-10-18T00:00:00,12:37:00,SEM VÍTIMA,FINALIZADA,ILHA DO RETIRO,RUA ASTORGA,436,RUA COMENDADOR BENTO AGUIAR,"",RUA ASTORGA,436,"",ILHA DO RETIRO,,SUBURBIO,ABALROAMENTO TRANSVERSAL,COLISÃO SEM VÍTIMA,1,1,,,,,,,,0,,Cruzamento,Bom,Não existe,Não existente,Seca,Perfeito estado,"",Não há placas,"",Dupla,Não existe,"",""
9247,2019-10-18T00:00:00,12:54:00,SEM VÍTIMA,DUPLICIDADE,ILHA DO RETIRO,RUA COMENDADOR BENTO AGUIAR,436,"",PROX A HUMANA´S HOME CARE,RUA COMENDADOR BENTO AGUIAR,436,PROX A HUMANA´S HOME CARE,ILHA DO RETIRO,,"",COLISÃO,COLISAO ENTRE OMOTO E AUTOS S/V,1,1,,,,,,,,0,,"","","","","","","","","","","","",""
9248,2019-10-18T00:00:00,13:58:00,COM VÍTIMA,FINALIZADA,BOA VIAGEM,RUA JOSE DA SILVA LUCENA,241,"",E/F A LOJA DE VINHOS LACOMEX,RUA JOSE DA SILVA LUCENA,241,E/F A LOJA DE VINHOS LACOMEX,BOA VIAGEM,,SUBURBIO,ABALROAMENTO TRANSVERSAL,DOIS AUTOS,2,,,,,,,,,1,,Longo da via,Chuvoso,Não existe,Perfeito estado,Molhada,Perfeito estado,Não existe,Não há placas,"",Dupla,Não existe,"",""
9249,2019-10-18T00:00:00,14:41:00,SEM VÍTIMA,FINALIZADA,ÁGUA FRIA,AV BEBERIBE,2041,"",EM FRENTE AO Nº 2041,AV BEBERIBE,2041,EM FRENTE AO Nº 2041,ÁGUA FRIA,,CIDADE,ABALROAMENTO LONGITUDINAL,COLISÃO SEM VÍTIMA,1,,,,,1,,,,0,,Longo da via,Bom,Não existe,Perfeito estado,Seca,Perfeito estado,Não existe,"","",Dupla,Faixa contínua,"",""
9250,2019-10-18T00:00:00,15:07:00,SEM VÍTIMA,FINALIZADA,ESPINHEIRO,RUA MARQUES DO PARANA,"",RUA ALFREDO DE CARVALHO,"",RUA MARQUES DO PARANA,"","",ESPINHEIRO,,CIDADE,ABALROAMENTO TRANSVERSAL,COLISAO ENTRE AUTO E ONIBUS S/V,1,,,,,1,,,,0,,Cruzamento,Nublado,Não existe,Perfeito estado,Seca,Perfeito estado,Faixa de pedestre,Outras,30 km/h,Única,Não existe,"",""
9251,2019-10-18T00:00:00,15:21:00,SEM VÍTIMA,FINALIZADA,BOA VIAGEM,AV ENGENHEIRO DOMINGOS FERREIRA,2600,RUA PROFESSOR JOSE BRANDAO,FARMÁCIAS INDEPENDENTE,AV ENGENHEIRO DOMINGOS FERREIRA,2600,FARMÁCIAS INDEPENDENTE,BOA VIAGEM,550,"",COLISÃO TRASEIRA,COLISAO SEM VITIMAS,2,,,,,,,,,0,,Longo da via,Chuvoso,Sem defeito,Perfeito estado,Seca,Perfeito estado,Faixa de pedestre,Não há placas,60 km/h,Única,Faixa seccionada,"",""
9252,2019-10-18T00:00:00,15:30:00,COM VÍTIMA,FINALIZADA,SANTO AMARO,AV NORTE,"",RUA AURORA,PONTE LIMOEIRO,AV NORTE,"",PONTE LIMOEIRO,SANTO AMARO,243,"",ABALROAMENTO TRANSVERSAL,AUTO E MOTO.,1,1,,,,,,,,1,,Longo da via,Bom,Sem defeito,Perfeito estado,Seca,Perfeito estado,Faixa de pedestre,R-25d,"",Dupla,Canteiro central,"",""
9253,2019-10-18T00:00:00,15:34:00,SEM VÍTIMA,FINALIZADA,APIPUCOS,RUA DE APIPUCOS,687,"",LADO OPOSTO AO Nº 687,RUA DE APIPUCOS,687,LADO OPOSTO AO Nº 687,APIPUCOS,,SUBURBIO,COLISÃO FRONTAL,COLISÃO SEM VÍTIMA,,1,,,,,1,,,0,,Longo da via,Bom,Não existe,Perfeito estado,Seca,Perfeito estado,Não existe,"","",Dupla,Faixa contínua,"",""
9254,2019-10-18T00:00:00,15:43:00,SEM VÍTIMA,CANCELADA,GUABIRABA,EST DOS MACACOS,504 A,"",ANTES DO TERMINAL DA VAN,EST DOS MACACOS,504 A,ANTES DO TERMINAL DA VAN,GUABIRABA,,"",COLISÃO,COLISAO ENTRE CAMINHAO E AUTO S/V,1,,,,,,1,,,0,,"","","","","","","","","","","","",""
9255,2019-10-18T00:00:00,16:04:00,COM VÍTIMA,FINALIZADA,MUSTARDINHA,AV MANOEL GONCALVES DA LUZ,"",RUA JOSE MOREIRA REIS,E/F AO SESI DA MUSTARDINHA,AV MANOEL GONCALVES DA LUZ,"",E/F AO SESI DA MUSTARDINHA,MUSTARDINHA,,MANGUEIRA,ABALROAMENTO TRANSVERSAL,CAMINHÃO E MOTO.,,1,,,,,1,,,1,,Cruzamento,Chuvoso,Não existe,Incompleta,Molhada,Perfeito estado,Não existe,R-6a,"",Dupla,Faixa seccionada,"",""
9256,2019-10-18T00:00:00,17:21:00,SEM VÍTIMA,FINALIZADA,IMBIRIBEIRA,AV MARECHAL MASCARENHAS DE MORAES,522,"",EM FRENTE A LOJA HOT CAR PNEUS,AV MARECHAL MASCARENHAS DE MORAES,522,EM FRENTE A LOJA HOT CAR PNEUS,IMBIRIBEIRA,286,SUBURBIO,ABALROAMENTO LONGITUDINAL,"",2,1,,,,,,,,0,,Longo da via,Bom,Sem defeito,Perfeito estado,Seca,Perfeito estado,Faixa de pedestre,Outras,60 km/h,Dupla,Faixa seccionada,Canteiro central,""
9257,2019-10-18T00:00:00,17:27:00,SEM VÍTIMA,FINALIZADA,BOMBA DO HEMETÉRIO,EST VELHA DE AGUA FRIA,1485,RUA RIOLANDIA,CLINICARDIO,EST VELHA DE AGUA FRIA,1485,CLINICARDIO,BOMBA DO HEMETÉRIO,,CIDADE,ABALROAMENTO LONGITUDINAL,COLISÃO SEM VÍTIMA,1,,,,,1,,,,0,,"",Bom,Não existe,Perfeito estado,Seca,Perfeito estado,Não existe,Outras,"",Única,Faixa seccionada,"",""
9258,2019-10-18T00:00:00,17:47:00,COM VÍTIMA,FINALIZADA,AREIAS,AV RECIFE,943,"",PROXIMO AO HOSPITAL PAN DE AREIAS,AV RECIFE,943,PROXIMO AO HOSPITAL PAN DE AREIAS,AREIAS,,CIDADE,COLISÃO COM CICLISTA,"ACIDENTE ENVOLVENDO AUTO, MOTO E BICICLETA.",1,1,,1,,,,,,1,,Longo da via,Bom,Não existe,Perfeito estado,Seca,Perfeito estado,Faixa de pedestre,"",60 km/h,Única,Canteiro central,"",""