_id,DATA,hora,natureza_acidente,situacao,bairro,endereco,numero,detalhe_endereco_acidente,complemento,endereco_cruzamento,numero_cruzamento,referencia_cruzamento,bairro_cruzamento,num_semaforo,sentido_via,tipo,descricao,auto,moto,ciclom,ciclista,pedestre,onibus,caminhao,viatura,outros,vitimas,vitimasfatais,acidente_verificado,tempo_clima,situacao_semaforo,sinalizacao,condicao_via,conservacao_via,ponto_controle,situacao_placa,velocidade_max_via,mao_direcao,divisao_via1,divisao_via2,divisao_via3
9259,2019-10-18T00:00:00,18:25:00,SEM VÍTIMA,FINALIZADA,IMBIRIBEIRA,RUA ARQUITETO LUIZ NUNES,630,"","PROXIMIDADES DO COLÉGIO PINHEIROS, ESQUINA COM O LAVA JATO PRIME LAVA CAR",RUA ARQUITETO LUIZ NUNES,630,"PROXIMIDADES DO COLÉGIO PINHEIROS, ESQUINA COM O LAVA JATO PRIME LAVA CAR",IMBIRIBEIRA,,"",COLISÃO,ENTRE 2 AUTOS. S/V,2,,,,,,,,,0,,"","","","","","","","","","","","",""
9260,2019-10-18T00:00:00,18:42:00,COM VÍTIMA,FINALIZADA,BOA VIAGEM,RUA DEZ DE JULHO,210,RUA CAMBOIM,PROX A EMPRESA MAISON CRISTAL,RUA DEZ DE JULHO,210,PROX A EMPRESA MAISON CRISTAL,BOA VIAGEM,,SUBURBIO,ABALROAMENTO TRANSVERSAL,DOIS AUTOS E UMA MOTO.,2,1,,,,,,,,1,,Cruzamento,Bom,Não existe,Perfeito estado,Seca,Perfeito estado,Faixa de retenção,Placas Pare,"",Única,Faixa seccionada,"",""
9261,2019-10-18T00:00:00,18:52:00,COM VÍTIMA,FINALIZADA,TEJIPIÓ,AV DR JOSE RUFINO,2923,"",PROX A ESCOLA ALBERTO TORRE E RESIDENCIAL PEDRO MACHADO.,AV DR JOSE RUFINO,2923,PROX A ESCOLA ALBERTO TORRE E RESIDENCIAL PEDRO MACHADO.,TEJIPIÓ,,SUBURBIO,ABALROAMENTO LONGITUDINAL,AUTO E MOTO,1,1,,,,,,,,2,,Longo da via,Chuvoso,Não existe,Perfeito estado,Molhada,Perfeito estado,Outros,Outras,"",Dupla,Faixa contínua,"",""
9262,2019-10-18T00:00:00,19:54:00,COM VÍTIMA,FINALIZADA,CASA AMARELA,RUA DA HARMONIA,301,RUA MAJOR NEREU GUERRA,PROX AGALERIA VIA APIR,RUA DA HARMONIA,301,PROX AGALERIA VIA APIR,CASA AMARELA,598,SUBURBIO,COLISÃO FRONTAL,AUTO E MOTO,1,1,,,,,,,,2,,Longo da via,Bom,Sem defeito,Perfeito estado,Seca,Perfeito estado,Faixa de pedestre,Não há placas,30 km/h,Dupla,Faixa contínua,"",""
9263,2019-10-18T00:00:00,20:46:00,SEM VÍTIMA,FINALIZADA,CASA AMARELA,AV NORTE,4861,RUA ARNOLDO MAGALHAES,"",AV NORTE,4861,"",CASA AMARELA,,CIDADE,ABALROAMENTO TRANSVERSAL,ENTRE 2 AUTOS. S/V,2,,,,,,,,,0,,Longo da via,Bom,Não existe,Incompleta,Seca,Mal conservada,Não existe,Placas Pare,"",Única,Faixa seccionada,"",""
9264,2019-10-18T00:00:00,21:00:00,SEM VÍTIMA,FINALIZADA,IPSEP,RUA PAMPULHA,"",RUA ITAJAI,"",RUA PAMPULHA,"","",IPSEP,,"",ABALROAMENTO TRANSVERSAL,ENTRE 2 AUTOS. S/V,1,,,,,,,,1,0,,Cruzamento,Chuvoso,Não existe,Incompleta,Molhada,Mal iluminada,"",Placas Pare,"",Única,Faixa seccionada,"",""
9265,2019-10-18T00:00:00,21:16:00,COM VÍTIMA,FINALIZADA,IPUTINGA,RUA N S DA SAUDE,551,AV MAURICIO DE NASSAU,PROX AO RESIDENCIAL CLUBE DO AUTOMOVEL,RUA N S DA SAUDE,551,PROX AO RESIDENCIAL CLUBE DO AUTOMOVEL,IPUTINGA,88,SUBURBIO,ABALROAMENTO TRANSVERSAL,DOIS AUTOS.,2,,,,,,,,,1,,Cruzamento,Chuvoso,Sem defeito,Perfeito estado,Molhada,Perfeito estado,Faixa de pedestre,Outras,"",Dupla,Faixa contínua,"",""
9266,2019-10-18T00:00:00,22:20:00,SEM VÍTIMA,FINALIZADA,IBURA,AV RECIFE,796,"",JJK VEÍCULOS,AV RECIFE,796,JJK VEÍCULOS,IBURA,247,SUBURBIO,COLISÃO TRASEIRA,ENTRE 2 AUTOS. S/V,2,,,,,,,,,0,,Longo da via,Chuvoso,Sem defeito,Perfeito estado,Molhada,Perfeito estado,"","","",Única,Faixa seccionada,"",""
9267,2019-10-18T00:00:00,22:41:00,SEM VÍTIMA,CANCELADA,LINHA DO TIRO,RUA PROFESSOR JOSE AMARINO DOS REIS,931,"",AO LADO DA BARRACA DO ESPETINHO,RUA PROFESSOR JOSE AMARINO DOS REIS,931,AO LADO DA BARRACA DO ESPETINHO,LINHA DO TIRO,,"",COLISÃO,ENTRE AUTO E MOTO. S/V,1,1,,,,,,,,0,,"","","","","","","","","","","","",""
9268,2019-10-19T00:00:00,03:03:00,SEM VÍTIMA,FINALIZADA,IMBIRIBEIRA,RUA ENGENHEIRO JOSE BRANDAO CAVALCANTE,884,"",POINT DO ARAÇA,RUA ENGENHEIRO JOSE BRANDAO CAVALCANTE,884,POINT DO ARAÇA,IMBIRIBEIRA,,SUBURBIO,COLISÃO FRONTAL,"COLISÃO ENTRE AUTO E MOTO, S/V // CONDUTOR DO AUTOMÓVEL APARENTEMENTE ENCONTRA-SE EMBRIAGADO",1,1,,,,,,,,0,,Longo da via,Chuvoso,Não existe,Perfeito estado,Molhada,Perfeito estado,Não existe,Placas Pare,"",Única,Não existe,"",""
9269,2019-10-19T00:00:00,03:09:00,COM VÍTIMA,FINALIZADA,BOA VISTA,RUA OSVALDO CRUZ,412,"",PRAÇA OSVALDO CRUZ // E/F AO TEATRO VALDEMAR DE OLIVEIRA,RUA OSVALDO CRUZ,412,PRAÇA OSVALDO CRUZ // E/F AO TEATRO VALDEMAR DE OLIVEIRA,BOA VISTA,,CIDADE,ATROPELAMENTO,AUTO E PEDESTRE.,1,,,,1,,,,,1,,Longo da via,Bom,Não existe,Perfeito estado,Seca,Perfeito estado,Outros,"","",Única,Não existe,"",""
9270,2019-10-19T00:00:00,07:35:00,COM VÍTIMA,FINALIZADA,BEBERIBE,RUA URIEL DE HOLANDA,"","",EM FRENTE A ESCOLA PEDRO CELSO,RUA URIEL DE HOLANDA,"",EM FRENTE A ESCOLA PEDRO CELSO,BEBERIBE,,PRAÇA DA CONVENÇÃO,ABALROAMENTO LONGITUDINAL,AUTO E MOTO. INFORMAÇÕES DE QUE O AUTO DE PLACA SE EVADIU DO LOCAL DO ACIDENTE.,1,1,,,,,,,,1,,Longo da via,Bom,Não existe,Perfeito estado,Seca,Mal conservada,Faixa de pedestre,R-6a,"",Dupla,Faixa contínua,"",""
9271,2019-10-19T00:00:00,08:15:00,COM VÍTIMA,FINALIZADA,BOMBA DO HEMETÉRIO,RUA PROFESSOR JOSE AMARINO DOS REIS,379,"",PRÓXIMO A IGREJA BATISTA NO CORREGO DO TIRO.,RUA PROFESSOR JOSE AMARINO DOS REIS,379,PRÓXIMO A IGREJA BATISTA NO CORREGO DO TIRO.,BOMBA DO HEMETÉRIO,,SUBURBIO,COLISÃO FRONTAL,ÔNIBUS E MOTO.,1,1,,,,,,,,2,,Longo da via,Bom,Não existe,Perfeito estado,Seca,Perfeito estado,Outros,R-6a,30 km/h,Dupla,Faixa contínua,"",""
9272,2019-10-19T00:00:00,08:29:00,SEM VÍTIMA,FINALIZADA,SAN MARTIN,RUA VISCONDE PARNAIBA,240,"","",RUA VISCONDE PARNAIBA,240,"",SAN MARTIN,,"",COLISÃO FRONTAL,COLISÃO S/VITIMAS ENTRE DOIS AUTOS,2,,,,,,,,,0,,Longo da via,Bom,Não existe,Perfeito estado,Seca,Perfeito estado,Não existe,Não há placas,"",Dupla,Não existe,"",""
9273,2019-10-19T00:00:00,10:20:00,SEM VÍTIMA,FINALIZADA,PINA,AV CONSUL JOSEPH NOUJAIM,"",RUA NOGUEIRA DE SOUZA,"",AV CONSUL JOSEPH NOUJAIM,"","",PINA,658,SUBURBIO,ABALROAMENTO TRANSVERSAL,COLISÃO S/VITIMAS ENTRE DOIS AUTOS,2,,,,,,,,,0,,Cruzamento,Bom,Sem defeito,Perfeito estado,Seca,Perfeito estado,Faixa de pedestre,"","",Única,Faixa seccionada,"",""
9274,2019-10-19T00:00:00,10:55:00,SEM VÍTIMA,FINALIZADA,CASA AMARELA,AV NORTE,6717,"",EM FRENTE AO POSTO PETROBRAS,AV NORTE,6717,EM FRENTE AO POSTO PETROBRAS,CASA AMARELA,,CIDADE,ABALROAMENTO LONGITUDINAL,COLISÃO S/VITIMAS ENTRE UM AUTO E CAMINHÃO,1,,,,,,1,,,0,,Longo da via,Bom,Não existe,Perfeito estado,Seca,Perfeito estado,Não existe,Outras,60 km/h,Dupla,Canteiro central,"",""
9275,2019-10-19T00:00:00,11:43:00,SEM VÍTIMA,FINALIZADA,PAISSANDU,RUA GENERAL JOAQUIM INACIO,"","",SOB O SEMÁFORO,RUA GENERAL JOAQUIM INACIO,"",SOB O SEMÁFORO,PAISSANDU,69,SUBURBIO,ABALROAMENTO LONGITUDINAL,COLISÃO S/VITIMAS ENTRE DOIS AUTOS,2,,,,,,,,,0,,Longo da via,Bom,Sem defeito,Perfeito estado,Seca,Perfeito estado,Faixa de pedestre,Outras,60 km/h,Única,Faixa contínua,"",""
9276,2019-10-19T00:00:00,14:26:00,COM VÍTIMA,FINALIZADA,CASA AMARELA,RUA PADRE LEMOS,66,"",EM FRENTE A FARMACIA PAGUE MENOS E PATIO DA FEIRA,RUA PADRE LEMOS,66,EM FRENTE A FARMACIA PAGUE MENOS E PATIO DA FEIRA,CASA AMARELA,,SUBURBIO,ATROPELAMENTO,AUTO E PEDESTRE.,1,,,,1,,,,,1,,Longo da via,Bom,Não existe,Perfeito estado,Seca,Perfeito estado,Não existe,R-6a,"",Dupla,Faixa seccionada,"",""
9277,2019-10-19T00:00:00,16:12:00,SEM VÍTIMA,FINALIZADA,JORDÃO,AV DONA CARENTINA,1,"",BAR O PAU DO INDIO,AV DONA CARENTINA,1,BAR O PAU DO INDIO,JORDÃO,,SUBURBIO,ABALROAMENTO TRANSVERSAL,COLISAO ENTRE DOIS AUTOS S/V,2,,,,,,,,,0,,Longo da via,Bom,Não existe,Incompleta,Seca,Perfeito estado,Não existe,Não há placas,"",Dupla,Não existe,"",""
9278,2019-10-19T00:00:00,16:13:00,SEM VÍTIMA,FINALIZADA,ÁGUA FRIA,AV BEBERIBE,1995,"",EM FRENTE DA FEIRA NOVA DE ÁGUA FRIA,AV BEBERIBE,1995,EM FRENTE DA FEIRA NOVA DE ÁGUA FRIA,ÁGUA FRIA,405,CIDADE,ABALROAMENTO LONGITUDINAL,DOIS AUTOS,2,,,,,,,,,0,,Longo da via,Bom,Sem defeito,Perfeito estado,Seca,Perfeito estado,Faixa de pedestre,R-6a,40 km/h,Única,Não existe,"",""
9279,2019-10-19T00:00:00,16:49:00,SEM VÍTIMA,FINALIZADA,PASSARINHO,RUA ANDORINHA,55,"",EN FRENTE A PADARIA DO GALEGO,RUA ANDORINHA,55,EN FRENTE A PADARIA DO GALEGO,PASSARINHO,,SUBURBIO,CHOQUE VEÍCULO PARADO,COLISAO ENTRE ONIBUS E AUTRO S/V,1,,,,,1,,,,0,,Longo da via,Bom,Não existe,Não existente,Seca,Mal conservada,Não existe,Não há placas,"",Dupla,Não existe,"",""
9280,2019-10-19T00:00:00,17:26:00,COM VÍTIMA,FINALIZADA,PRADO,RUA CARLOS GOMES,708,RUA DINIZ BARRETO,EM FRENTE A GALERIA SANTA EDWIGES,RUA CARLOS GOMES,708,EM FRENTE A GALERIA SANTA EDWIGES,PRADO,,SUBURBIO,ABALROAMENTO LONGITUDINAL,AUTO E MOTO.,1,1,,,,,,,,2,,Cruzamento,Bom,Não existe,Perfeito estado,Seca,Perfeito estado,Outros,R-6a,"",Única,Faixa seccionada,Outros,""
9281,2019-10-19T00:00:00,17:45:00,SEM VÍTIMA,FINALIZADA,CASA FORTE,RUA IGARASSU,40,"",SOBRANCELHAS DESING,RUA IGARASSU,40,SOBRANCELHAS DESING,CASA FORTE,485,CIDADE,ABALROAMENTO LONGITUDINAL,COLISAO ENTRE DOIS AUTOS S/V,2,,,,,,,,,0,,Longo da via,Bom,Sem defeito,Perfeito estado,Seca,Perfeito estado,"",R-4b,"",Única,"","",""
9282,2019-10-19T00:00:00,18:58:00,SEM VÍTIMA,FINALIZADA,VÁRZEA,AV PROFESSOR ARTUR DE SA,1308,"",LADO ESQUERDO DO BAR DA KELLY,AV PROFESSOR ARTUR DE SA,1308,LADO ESQUERDO DO BAR DA KELLY,VÁRZEA,,SUBURBIO,CHOQUE OBJETO FIXO,AUTO CHOCOU-SE CONTRA O MURO DO RESTAURANTE NO LOCAL. S/V,1,,,,,,,,,0,,Longo da via,Bom,Não existe,Não existente,Seca,Perfeito estado,Não existe,Não há placas,"",Única,Faixa seccionada,"",""
9283,2019-10-19T00:00:00,19:18:00,SEM VÍTIMA,FINALIZADA,ÁGUA FRIA,AV BEBERIBE,"",RUA ZEFERINO AGRA,"",AV BEBERIBE,"","",ÁGUA FRIA,,SUBURBIO,ABALROAMENTO LONGITUDINAL,ENTRE AUTO E MOTO. S/V,1,1,,,,,,,,0,,"",Bom,Não existe,Perfeito estado,Seca,Perfeito estado,Faixa de pedestre,Outras,"",Dupla,Faixa contínua,"",""
9284,2019-10-19T00:00:00,21:03:00,SEM VÍTIMA,FINALIZADA,SÃO JOSÉ,RUA IMPERIAL,1217,RUA ANNA BEZERRA,"",RUA IMPERIAL,1217,"",SÃO JOSÉ,,SUBURBIO,ABALROAMENTO LONGITUDINAL,HB 20 X LOGAN X AUTO,3,,,,,,,,1,0,,Cruzamento,Bom,Não existe,Incompleta,Seca,Perfeito estado,Não existe,R-6a,"",Única,Faixa seccionada,"",""
9285,2019-10-19T00:00:00,22:00:00,SEM VÍTIMA,FINALIZADA,CASA FORTE,RUA LEONARDO BEZERRA CAVALCANTE,587,"",LOJA MUNDO PET PROX AO PARRAXAXA,RUA LEONARDO BEZERRA CAVALCANTE,587,LOJA MUNDO PET PROX AO PARRAXAXA,CASA FORTE,,"",CHOQUE,VEICULO CHOCA-SE COM MURO DO PET SHOPPING,1,,,,,,,,,0,,"","","","","","","","","","","","",""
9286,2019-10-19T00:00:00,23:04:00,SEM VÍTIMA,CANCELADA,GRAÇAS,AV RUI BARBOSA,"",RUA AMALIA,PROX AO POSTO BR E POSTO SHELL OBS: AO LADO DO POSTO BR E LOJA CHEVROLET,AV RUI BARBOSA,"",PROX AO POSTO BR E POSTO SHELL OBS: AO LADO DO POSTO BR E LOJA CHEVROLET,GRAÇAS,,"",COLISÃO,HONDA CIT X SIENA,2,,,,,,,,,0,,"","","","","","","","","","","","",""
9287,2019-10-19T00:00:00,23:10:00,SEM VÍTIMA,FINALIZADA,CASA FORTE,RUA JORGE GOMES DE SA,"",RUA ASTERIO RUFINO ALVES,"",RUA JORGE GOMES DE SA,"","",CASA FORTE,,SUBURBIO,ABALROAMENTO TRANSVERSAL,ENTRE 2 AUTOS. S.V,2,,,,,,,,,0,,"",Bom,Não existe,Incompleta,Seca,Perfeito estado,Não existe,Outras,"",Dupla,Não existe,"",""
9288,2019-10-19T00:00:00,23:21:00,COM VÍTIMA,CANCELADA,CAMPO GRANDE,RUA MARIA AUGUSTA DE SOUZA,272,RUA FARIAS NEVES,PROX AO MERCADO PUBLICO DE SITIO NOVO,RUA MARIA AUGUSTA DE SOUZA,272,PROX AO MERCADO PUBLICO DE SITIO NOVO,CAMPO GRANDE,,"",COLISÃO,TAXI X AMAROK OBS:: SUSPEITA DE EMBRIAGUEZ,2,,,,,,,,,1,,"","","","","","","","","","","","",""
9289,2019-10-20T00:00:00,03:51:00,COM VÍTIMA,FINALIZADA,TORRÕES,AV BICENTENARIO DA REVOLUCAO FRANCESA,1015,RUA ZUMBI DOS PALMARES,"EM FRENTE A LOJINHA FRANCYS, PROX DE ROBERTO MÓVEIS",AV BICENTENARIO DA REVOLUCAO FRANCESA,1015,"EM FRENTE A LOJINHA FRANCYS, PROX DE ROBERTO MÓVEIS",TORRÕES,,SUBURBIO,ABALROAMENTO TRANSVERSAL,COLISÃO ENTRE AUTO E MOTO,1,,1,,,,,,,1,,Cruzamento,Bom,Não existe,Perfeito estado,Seca,Perfeito estado,Não existe,Não há placas,"",Dupla,Não existe,"",""
9290,2019-10-20T00:00:00,06:28:00,SEM VÍTIMA,FINALIZADA,CASA AMARELA,AV NORTE,"","",SEMÁFORO 065,AV NORTE,"",SEMÁFORO 065,CASA AMARELA,65,CIDADE,COLISÃO TRASEIRA,COLISÃO SEM VÍTIMA,2,,,,,,,,,0,,Longo da via,Bom,Sem defeito,Perfeito estado,Seca,Perfeito estado,Faixa de pedestre,Não há placas,"",Dupla,Canteiro central,"",""
9291,2019-10-20T00:00:00,07:14:00,COM VÍTIMA,FINALIZADA,PINA,AV ANTONIO DE GOES,340,"",EM FRENTE AO EMPRESARIAL NEWTON MELO,AV ANTONIO DE GOES,340,EM FRENTE AO EMPRESARIAL NEWTON MELO,PINA,277,CIDADE,ABALROAMENTO LONGITUDINAL,DOIS AUTOS,2,,,,,,,,,1,,Longo da via,Bom,Sem defeito,Perfeito estado,Seca,Perfeito estado,Faixa de pedestre,Outras,60 km/h,Única,Canteiro central,"",""
9292,2019-10-20T00:00:00,07:29:00,SEM VÍTIMA,CANCELADA,SANTO AMARO,RUA ODORICO MENDES,831,"",AO LADO DO PRÉDIO 13º TERCEIRO BATALHÃO,RUA ODORICO MENDES,831,AO LADO DO PRÉDIO 13º TERCEIRO BATALHÃO,SANTO AMARO,49,"",COLISÃO,COLISÃO S/VITIMAS ENTRE DOIS AUTOS,2,,,,,,,,,0,,"","","","","","","","","","","","",""
9293,2019-10-20T00:00:00,08:51:00,SEM VÍTIMA,CANCELADA,JORDÃO,AV MARIA IRENE,117,"",AO LADO DA ASSEMBLEIA DE DEUS,AV MARIA IRENE,117,AO LADO DA ASSEMBLEIA DE DEUS,JORDÃO,,"",COLISÃO,COLISÃO S/VITIMAS ENTRE DOIS AUTOS,2,,,,,,,,,0,,"","","","","","","","","","","","",""
9294,2019-10-20T00:00:00,09:39:00,SEM VÍTIMA,FINALIZADA,IMBIRIBEIRA,RUA ITACARI,301,RUA ITAJAI,"",RUA ITACARI,301,"",IMBIRIBEIRA,,SUBURBIO,ABALROAMENTO TRANSVERSAL,DOIS AUTOS,2,,,,,,,,,0,,Cruzamento,Bom,Não existe,Perfeito estado,Seca,Perfeito estado,Não existe,Placas Pare,"",Dupla,Não existe,"",""
9295,2019-10-20T00:00:00,09:55:00,SEM VÍTIMA,FINALIZADA,AFOGADOS,RUA NICOLAU PEREIRA,"","",MERCADO DE AFOGADOS,RUA NICOLAU PEREIRA,"",MERCADO DE AFOGADOS,AFOGADOS,,SUBURBIO,COLISÃO TRASEIRA,AUTO E MOTO VT- 12 NO LOCAL,1,1,,,,,,,,0,,Longo da via,Bom,"",Perfeito estado,Seca,Perfeito estado,"","","",Única,"","",""
9296,2019-10-20T00:00:00,10:00:00,SEM VÍTIMA,FINALIZADA,SANTO AMARO,AV CRUZ CABUGA,665,RUA FREI CASSIMIRO,SEMÁFORO,AV CRUZ CABUGA,665,SEMÁFORO,SANTO AMARO,627,CIDADE,ABALROAMENTO LONGITUDINAL,UM ONIBUS E AUTO,1,,,,,1,,,1,0,,Longo da via,Bom,Sem defeito,Perfeito estado,Seca,Perfeito estado,Faixa de pedestre,R-6a,"",Dupla,Faixa contínua,"",""
9297,2019-10-20T00:00:00,10:26:00,SEM VÍTIMA,FINALIZADA,MADALENA,AV ENGENHEIRO ABDIAS DE CARVALHO,"",RUA JOAO IVO DA SILVA,PRÓXIMO AO POSTO DE COMBUSTÍVEL BR,AV ENGENHEIRO ABDIAS DE CARVALHO,"",PRÓXIMO AO POSTO DE COMBUSTÍVEL BR,MADALENA,132,CIDADE,COLISÃO TRASEIRA,ONIBUS E AUTO PASSEIO,1,,,,,1,,,,0,,Cruzamento,Bom,Sem defeito,Perfeito estado,Seca,Perfeito estado,Faixa de pedestre,Outras,"",Dupla,Canteiro central,"",""
9298,2019-10-20T00:00:00,11:21:00,SEM VÍTIMA,FINALIZADA,CORDEIRO,AV CAXANGA,"","",BANCO ITAU,AV CAXANGA,"",BANCO ITAU,CORDEIRO,,CIDADE,COLISÃO TRASEIRA,TRES AUTOS,3,,,,,,,,,0,,Longo da via,Bom,Não existe,Perfeito estado,Seca,Perfeito estado,Não existe,Outras,60 km/h,Dupla,Canteiro central,"",""
9299,2019-10-20T00:00:00,11:22:00,COM VÍTIMA,FINALIZADA,VASCO DA GAMA,RUA VASCO DA GAMA,762,"",PROX A LOJA FRANGO NOVO,RUA VASCO DA GAMA,762,PROX A LOJA FRANGO NOVO,VASCO DA GAMA,,CIDADE,ABALROAMENTO LONGITUDINAL,DOIS AUTOS E UMA MOTO.,2,1,,,,,,,,1,,Longo da via,Bom,Não existe,Incompleta,Seca,Perfeito estado,Não existe,Não há placas,"",Dupla,Não existe,"",""
9300,2019-10-20T00:00:00,12:14:00,SEM VÍTIMA,FINALIZADA,IPSEP,RUA ADERBAL DE MELO,135,RUA HELIO BRANDAO,CHAMBARIL E FEIJOADA DO JOÃO,RUA ADERBAL DE MELO,135,CHAMBARIL E FEIJOADA DO JOÃO,IPSEP,,"",ABALROAMENTO LONGITUDINAL,COLISÃO S/VITIMAS ENTRE DOIS AUTOS (VEÍCULO DA SEMAFÓRICA SERTEL),2,,,,,,,,,0,,Cruzamento,Bom,Não existe,Perfeito estado,Seca,Perfeito estado,Não existe,Placas Pare,"",Dupla,Não existe,"",""
9301,2019-10-20T00:00:00,16:17:00,SEM VÍTIMA,FINALIZADA,SAN MARTIN,AV ENGENHEIRO ABDIAS DE CARVALHO,"",AV GENERAL SAN MARTIN,COMPAZ,AV ENGENHEIRO ABDIAS DE CARVALHO,"",COMPAZ,SAN MARTIN,58,"",COLISÃO TRASEIRA,ENTRE 2 AUTOS. S/V,2,,,,,,,,,0,,Longo da via,Bom,Sem defeito,Perfeito estado,Seca,Perfeito estado,Faixa de pedestre,"","",Dupla,Canteiro central,"",""
9302,2019-10-20T00:00:00,16:23:00,SEM VÍTIMA,FINALIZADA,BONGI,RUA ALEXANDRE PADILHA,240 A,"","",RUA ALEXANDRE PADILHA,240 A,"",BONGI,,SUBURBIO,ABALROAMENTO TRANSVERSAL,ENTRE AUTO E MOTO. S/V,1,1,,,,,,,,0,,Longo da via,Bom,Não existe,Não existente,Seca,Perfeito estado,Não existe,Não há placas,30 km/h,Dupla,Não existe,"",""
9303,2019-10-20T00:00:00,18:45:00,SEM VÍTIMA,CANCELADA,CASA AMARELA,AV NORTE,"","",E/F AO SUPERMERCADO MAIS VOCE/ RETIFICA PADRÃO,AV NORTE,"",E/F AO SUPERMERCADO MAIS VOCE/ RETIFICA PADRÃO,CASA AMARELA,,"",COLISÃO,ONIBUS X AUTO PASSEIO S/V,1,,,,,1,,,,0,,"","","","","","","","","","","","",""
9304,2019-10-20T00:00:00,19:01:00,SEM VÍTIMA,FINALIZADA,BOA VIAGEM,AV CONSELHEIRO AGUIAR,"","","",AV CONSELHEIRO AGUIAR,"","",BOA VIAGEM,,CIDADE,ABALROAMENTO TRANSVERSAL,TAXI X FIAT PALIO,2,,,,,,,,,0,,Cruzamento,Bom,Sem defeito,Ilegível,Seca,Mal iluminada,Faixa de pedestre,Não há placas,60 km/h,Única,Faixa seccionada,"",""
9305,2019-10-20T00:00:00,19:10:00,COM VÍTIMA,FINALIZADA,CABANGA,PTE AGAMENON MAGALHAES,"","",PONTE DO PINA CONTINUAÇÃO DA AV ENGº ANTONIO DE GOIS,PTE AGAMENON MAGALHAES,"",PONTE DO PINA CONTINUAÇÃO DA AV ENGº ANTONIO DE GOIS,CABANGA,,SUBURBIO,TOMBAMENTO,MOTO,,1,,,,,,,,1,,Ponte,Bom,Não existe,Perfeito estado,Seca,Perfeito estado,Não existe,Não há placas,"",Única,Canteiro central,"",""
9306,2019-10-20T00:00:00,20:18:00,SEM VÍTIMA,FINALIZADA,CASA AMARELA,RUA DA CAROLINA,4,RUA ALEXANDRINO,"",RUA DA CAROLINA,4,"",CASA AMARELA,,"",CHOQUE VEÍCULO PARADO,ONIBUS X ONIX,1,,,,,1,,,,0,,"",Bom,Não existe,Não existente,Seca,Perfeito estado,Não existe,Não há placas,"",Dupla,Não existe,"",""
9307,2019-10-20T00:00:00,21:10:00,SEM VÍTIMA,FINALIZADA,PRADO,AV ENGENHEIRO ABDIAS DE CARVALHO,"",RUA JOAO IVO DA SILVA,"",AV ENGENHEIRO ABDIAS DE CARVALHO,"","",PRADO,132,CIDADE,ABALROAMENTO TRANSVERSAL,AMBULÂNCIA X AUTO PASSEIO S/V,2,,,,,,,,,0,,Cruzamento,Bom,Sem defeito,Perfeito estado,Seca,Perfeito estado,Faixa de pedestre,Outras,"",Dupla,Canteiro central,"",""
9308,2019-10-20T00:00:00,22:00:00,COM VÍTIMA,FINALIZADA,BOMBA DO HEMETÉRIO,RUA BOMBA DO HEMETERIO,306,"",PROX AO GIGANTES DO SAMBA/ E/F A FARMACIA KIFARMA,RUA BOMBA DO HEMETERIO,306,PROX AO GIGANTES DO SAMBA/ E/F A FARMACIA KIFARMA,BOMBA DO HEMETÉRIO,,SUBURBIO,COLISÃO TRASEIRA,MOTO X AUTO PASSEIO COM VÍTIMA,1,1,,,,,,,,1,,Longo da via,Bom,Não existe,Não existente,Seca,Mal conservada,Não existe,Não há placas,"",Dupla,Não existe,"",""
9309,2019-10-20T00:00:00,23:05:00,COM VÍTIMA,FINALIZADA,MUSTARDINHA,AV MANOEL GONCALVES DA LUZ,492,RUA JOAO TRAJANO DA SILVA,E/F AO ATAREJO ESPERANÇA/ PROX AO SESI,AV MANOEL GONCALVES DA LUZ,492,E/F AO ATAREJO ESPERANÇA/ PROX AO SESI,MUSTARDINHA,,"",ABALROAMENTO TRANSVERSAL,MOTO X AUTO PASSEIO COM VÍTIMA,1,1,,,,,,,,1,,Cruzamento,Bom,Não existe,Perfeito estado,Seca,Perfeito estado,Outros,Outras,"",Dupla,Faixa seccionada,"",""
9310,2019-10-21T00:00:00,06:26:00,SEM VÍTIMA,FINALIZADA,BOA VISTA,RUA GERVASIO PIRES,631,"",COLÉGIO ADVENTISTA,RUA GERVASIO PIRES,631,COLÉGIO ADVENTISTA,BOA VISTA,41,CIDADE,ABALROAMENTO LONGITUDINAL,COLISÃO SEM VITIMAS,2,,,,,,,,,0,,Longo da via,Bom,Sem defeito,Perfeito estado,Seca,Perfeito estado,Outros,Outras,"",Única,Faixa seccionada,"",""
9311,2019-10-21T00:00:00,07:16:00,SEM VÍTIMA,FINALIZADA,PINA,AV HERCULANO BANDEIRA,1001,"",EM FRENTE AO ATACADO DA CONSTRUÇAO,AV HERCULANO BANDEIRA,1001,EM FRENTE AO ATACADO DA CONSTRUÇAO,PINA,,SUBURBIO,ABALROAMENTO LONGITUDINAL,ONIBUS E AUTO,1,,,,,1,,,,0,,Longo da via,Bom,Sem defeito,Perfeito estado,Seca,Perfeito estado,Faixa de pedestre,R-6a,60 km/h,Única,Faixa contínua,Faixa seccionada,""
9312,2019-10-21T00:00:00,07:19:00,SEM VÍTIMA,FINALIZADA,BOA VISTA,AV GOVERNADOR AGAMENON MAGALHAES,"",RUA DOM BOSCO,"",AV GOVERNADOR AGAMENON MAGALHAES,"","",BOA VISTA,174,"",COLISÃO TRASEIRA,COLISÃO S/VITIMAS ENTRE DOIS AUTOS,2,,,,,,,,,0,,Cruzamento,Bom,Sem defeito,Perfeito estado,Seca,Perfeito estado,Faixa de pedestre,"",60 km/h,Dupla,Canteiro central,"",""