_id,DATA,hora,natureza_acidente,situacao,bairro,endereco,numero,detalhe_endereco_acidente,complemento,endereco_cruzamento,numero_cruzamento,referencia_cruzamento,bairro_cruzamento,num_semaforo,sentido_via,tipo,descricao,auto,moto,ciclom,ciclista,pedestre,onibus,caminhao,viatura,outros,vitimas,vitimasfatais,acidente_verificado,tempo_clima,situacao_semaforo,sinalizacao,condicao_via,conservacao_via,ponto_controle,situacao_placa,velocidade_max_via,mao_direcao,divisao_via1,divisao_via2,divisao_via3
9313,2019-10-21T00:00:00,07:23:00,COM VÍTIMA,CANCELADA,DERBY,AV GOVERNADOR AGAMENON MAGALHAES,138,"",E/F A FACE IMAGEM (SENT. BOA VIAGEM) (VIA PRINCIPAL),AV GOVERNADOR AGAMENON MAGALHAES,138,E/F A FACE IMAGEM (SENT. BOA VIAGEM) (VIA PRINCIPAL),DERBY,68,"",COLISÃO,COLISÃO C/VITIMA ENTRE UMA MOTO E UM AUTO,1,1,,,,,,,,2,,"","","","","","","","","","","","",""
9314,2019-10-21T00:00:00,07:32:00,SEM VÍTIMA,FINALIZADA,JORDÃO,RUA BOANERGES PEREIRA,8,"",COMERCIAL MONTEIRO,RUA BOANERGES PEREIRA,8,COMERCIAL MONTEIRO,JORDÃO,,SUBURBIO,COLISÃO,COLISÃO S/VITIMAS ENTRE UMA MOTO E UM AUTO,1,1,,,,,,,,0,,Longo da via,Bom,Não existe,Perfeito estado,Seca,Perfeito estado,Não existe,Outras,"",Dupla,Não existe,"",""
9315,2019-10-21T00:00:00,08:08:00,SEM VÍTIMA,CANCELADA,IMBIRIBEIRA,RUA PAMPULHA,325,"",NA RUA DO COLEGIO SANTA TERESA,RUA PAMPULHA,325,NA RUA DO COLEGIO SANTA TERESA,IMBIRIBEIRA,,"",COLISÃO,DOIS AUTOS,2,,,,,,,,,0,,"","","","","","","","","","","","",""
9316,2019-10-21T00:00:00,08:47:00,COM VÍTIMA,FINALIZADA,IPSEP,AV RECIFE,3021,"",LADO OPOSTO AO POSTO FEDERAL.,AV RECIFE,3021,LADO OPOSTO AO POSTO FEDERAL.,IPSEP,,SUBURBIO,CHOQUE OBJETO FIXO,CONDUTOR DA MOTOCICLETA INFORMOU QUE O ACIDENTE SE CONSUMOU APÓS DESVIAR DE UM PEDESTRE.,,1,,,,,,,,1,,Longo da via,Bom,Não existe,Perfeito estado,Seca,Perfeito estado,"",Não há placas,"",Dupla,Faixa seccionada,Canteiro central,""
9317,2019-10-21T00:00:00,09:25:00,SEM VÍTIMA,FINALIZADA,ESPINHEIRO,RUA AMELIA,"",AV CONS ROSA E SILVA,"",RUA AMELIA,"","",ESPINHEIRO,46,CIDADE,ABALROAMENTO LONGITUDINAL,COLISÃO SEM VITIMAS,2,,,,,,,,,0,,Cruzamento,Bom,Sem defeito,Perfeito estado,Seca,Perfeito estado,Faixa de pedestre,R-6a,40 km/h,Única,Faixa contínua,"",""
9318,2019-10-21T00:00:00,10:00:00,SEM VÍTIMA,FINALIZADA,GRAÇAS,RUA ESMERALDINO BANDEIRA,55,RUA BRUNO MAIA,"",RUA ESMERALDINO BANDEIRA,55,"",GRAÇAS,,CIDADE,ABALROAMENTO TRANSVERSAL,"",2,,,,,,,,,0,,Cruzamento,Bom,Não existe,Perfeito estado,Seca,Perfeito estado,Não existe,Placas Dê a preferência,"",Única,Não existe,"",""
9319,2019-10-21T00:00:00,10:22:00,SEM VÍTIMA,FINALIZADA,BOA VIAGEM,AV BOA VIAGEM,4268,"",EM FRENTE AO HOTEL VILA LOBOS,AV BOA VIAGEM,4268,EM FRENTE AO HOTEL VILA LOBOS,BOA VIAGEM,,CIDADE,CHOQUE VEÍCULO PARADO,5 AUTOS,5,,,,,,,,,0,,Longo da via,Bom,Não existe,Perfeito estado,Seca,Perfeito estado,Não existe,Não há placas,"",Única,Faixa seccionada,"",""
9320,2019-10-21T00:00:00,10:50:00,SEM VÍTIMA,FINALIZADA,TOTÓ,RUA PLANURA,92,"",PROX. AO TERMINAL DE ONIBUS TOTO BOA VIAGEM,RUA PLANURA,92,PROX. AO TERMINAL DE ONIBUS TOTO BOA VIAGEM,TOTÓ,,"",CHOQUE,VAN CHOCOU-SE COM MURO,1,,,,,,,,,0,,"","","","","","","","","","","","",""
9321,2019-10-21T00:00:00,11:18:00,SEM VÍTIMA,FINALIZADA,ESTÂNCIA,RUA ANDRE VIEIRA DE MELO,316,AV DR JOSE RUFINO,AO LADO DO Nº 316,RUA ANDRE VIEIRA DE MELO,316,AO LADO DO Nº 316,ESTÂNCIA,,SUBURBIO,ABALROAMENTO LONGITUDINAL,COLISÃO S/VITIMAS ENTRE DOIS AUTOS,2,,,,,,,,,0,,"",Bom,Não existe,Não existente,Seca,Perfeito estado,Não existe,Não há placas,"",Dupla,Não existe,"",""
9322,2019-10-21T00:00:00,12:31:00,SEM VÍTIMA,FINALIZADA,CASA AMARELA,RUA ARNOLDO MAGALHAES,"","",EM FRENTE AO Nº 80,RUA ARNOLDO MAGALHAES,"",EM FRENTE AO Nº 80,CASA AMARELA,,SUBURBIO,ABALROAMENTO LONGITUDINAL,COLISÃO SEM VÍTIMA,1,1,,,,,,,,0,,Longo da via,Bom,Não existe,Perfeito estado,Seca,Perfeito estado,Não existe,Não há placas,"",Dupla,Não existe,"",""
9323,2019-10-21T00:00:00,13:13:00,SEM VÍTIMA,FINALIZADA,SANTO ANTÔNIO,RUA DO SOL,281,PRC DA REPUBLICA,TEATRO SANTA IZABEL,RUA DO SOL,281,TEATRO SANTA IZABEL,SANTO ANTÔNIO,,CIDADE,ABALROAMENTO LONGITUDINAL,COLISÃO SEM VÍTIMA,1,,,,,1,,,,0,,Longo da via,Bom,Não existe,Perfeito estado,Seca,Mal conservada,Não existe,Não há placas,"",Única,Faixa contínua,"",""
9324,2019-10-21T00:00:00,13:13:00,SEM VÍTIMA,FINALIZADA,BARRO,AV DR JOSE RUFINO,2870,"",PRÓXIMO A MD LOCAÇÃO,AV DR JOSE RUFINO,2870,PRÓXIMO A MD LOCAÇÃO,BARRO,,CIDADE,COLISÃO TRASEIRA,COLISAO SEM VITIMAS,2,,,,,,,,1,0,,Longo da via,Bom,Não existe,Perfeito estado,Seca,Perfeito estado,Não existe,R-6a,"",Dupla,Faixa contínua,"",""
9325,2019-10-21T00:00:00,13:56:00,SEM VÍTIMA,FINALIZADA,VASCO DA GAMA,RUA DOIS DE FEVEREIRO,"",RUA VASCO DA GAMA,EM FRENTE AO Nº 610,RUA DOIS DE FEVEREIRO,"",EM FRENTE AO Nº 610,VASCO DA GAMA,,SUBURBIO,COLISÃO TRASEIRA,COLISÃO S/VITIMAS ENTRE UM MICROONIBUS E UM AUTO,1,,,,,1,,,,0,,"",Bom,Não existe,"",Seca,Perfeito estado,Não existe,R-6a,"",Dupla,Não existe,"",""
9326,2019-10-21T00:00:00,14:02:00,SEM VÍTIMA,FINALIZADA,SANTO AMARO,RUA ARTUR COUTINHO,143,RUA COELHO LEITE,"",RUA ARTUR COUTINHO,143,"",SANTO AMARO,,CIDADE,COLISÃO TRASEIRA,"",2,,,,,,,,,0,,Cruzamento,Bom,Não existe,Incompleta,Seca,Mal conservada,Não existe,Placas Pare,"",Dupla,Não existe,"",""
9327,2019-10-21T00:00:00,14:45:00,COM VÍTIMA,FINALIZADA,IPUTINGA,AV CAXANGA,3560,"",LADO OPOSTO AO RESTAURANTE BRAZETTUS. EM FRENTE A ESCOLA PADRE DEHON.,AV CAXANGA,3560,LADO OPOSTO AO RESTAURANTE BRAZETTUS. EM FRENTE A ESCOLA PADRE DEHON.,IPUTINGA,229,SUBURBIO,COLISÃO COM CICLISTA,ÔNIBUS E BICICLETA. O ÔNIBUS SE EVADIU DO LOCAL DO ACIDENTE.,,,,1,,1,,,,1,,Longo da via,Bom,Sem defeito,Perfeito estado,Seca,Perfeito estado,Faixa de pedestre,R-6a,"",Dupla,Faixa,Canteiro central,""
9328,2019-10-21T00:00:00,14:54:00,SEM VÍTIMA,FINALIZADA,MACAXEIRA,SUB DA UNIAO,491,RUA MARIA AMALIA,QUADRA DO CAMPO DA UNIÃO,SUB DA UNIAO,491,QUADRA DO CAMPO DA UNIÃO,MACAXEIRA,,SUBURBIO,ABALROAMENTO LONGITUDINAL,COLISÃO S/VITIMAS ENTRE UM ONIBUS E VIATURA DA POLÍCIA,1,,,,,1,,,,0,,"",Bom,Não existe,Não existente,Seca,Perfeito estado,Não existe,Não há placas,30 km/h,Dupla,Não existe,"",""
9329,2019-10-21T00:00:00,15:20:00,COM VÍTIMA,FINALIZADA,AREIAS,AV DR JOSE RUFINO,1495,RUA IPOJUCA,E/F AO POSTO SHELL E IGREJA PRESBITERIANA DE AREIAS.,AV DR JOSE RUFINO,1495,E/F AO POSTO SHELL E IGREJA PRESBITERIANA DE AREIAS.,AREIAS,44,"",ABALROAMENTO LONGITUDINAL,AUTO E MOTO.,1,1,,,,,,,,1,,Cruzamento,Bom,Sem defeito,Incompleta,Seca,Perfeito estado,Faixa de pedestre,R-6a,"",Dupla,Faixa contínua,"",""
9330,2019-10-21T00:00:00,15:46:00,SEM VÍTIMA,FINALIZADA,CASA FORTE,AV DEZESSETE DE AGOSTO,"","",EM FRENTE AO CPOR,AV DEZESSETE DE AGOSTO,"",EM FRENTE AO CPOR,CASA FORTE,389,SUBURBIO,COLISÃO TRASEIRA,COLISÃO SEM VÍTIMA,3,,,,,,,,,0,,Longo da via,Bom,Sem defeito,Perfeito estado,Seca,Perfeito estado,Faixa de pedestre,"","",Dupla,Faixa contínua,"",""
9331,2019-10-21T00:00:00,15:58:00,SEM VÍTIMA,CANCELADA,PARNAMIRIM,AV PARNAMIRIM,278,"",E/F AO CEPRO CENTRO DE EDUACAÇAO PROFICIONAL,AV PARNAMIRIM,278,E/F AO CEPRO CENTRO DE EDUACAÇAO PROFICIONAL,PARNAMIRIM,,"",COLISÃO,COLISAO ENTRE AUTO E CAMINHAO S/V,1,,,,,,1,,,0,,"","","","","","","","","","","","",""
9332,2019-10-21T00:00:00,16:00:00,COM VÍTIMA,FINALIZADA,ZUMBI,AV CAXANGA,1214,RUA SOUZA BANDEIRA,E/F A DROGASIL E FUNERÁRIA SANTA PAULA.,AV CAXANGA,1214,E/F A DROGASIL E FUNERÁRIA SANTA PAULA.,ZUMBI,236,SUBURBIO,ABALROAMENTO TRANSVERSAL,COLISÃO C/VITIMA ENTRE AUTO E MOTO (AUTO SE EVADIU DO LOCAL),1,1,,,,,,,,1,,Cruzamento,Bom,Sem defeito,Perfeito estado,Seca,Perfeito estado,Faixa de pedestre,Outras,"",Dupla,Canteiro central,"",""
9333,2019-10-21T00:00:00,16:59:00,SEM VÍTIMA,FINALIZADA,PRADO,AV ENGENHEIRO ABDIAS DE CARVALHO,"","",EM FRENTE A ENGEFRIO,AV ENGENHEIRO ABDIAS DE CARVALHO,"",EM FRENTE A ENGEFRIO,PRADO,,CIDADE,COLISÃO TRASEIRA,COLISAO ENTRE TRES AUTOS S/V,3,,,,,,,,,0,,Longo da via,Bom,Não existe,Perfeito estado,Seca,Perfeito estado,Não existe,Não há placas,"",Dupla,Canteiro central,"",""
9334,2019-10-21T00:00:00,19:09:00,SEM VÍTIMA,FINALIZADA,BOMBA DO HEMETÉRIO,RUA CHA DE ALEGRIA,"","",EM FRENTE AO Nº 26,RUA CHA DE ALEGRIA,"",EM FRENTE AO Nº 26,BOMBA DO HEMETÉRIO,,SUBURBIO,CHOQUE VEÍCULO PARADO,ENTRE AUTO E MOTO. S/V,1,,,,,,,,,0,,Longo da via,Bom,Não existe,Perfeito estado,Seca,Perfeito estado,Não existe,Não há placas,"",Dupla,Faixa contínua,"",""
9335,2019-10-21T00:00:00,19:51:00,SEM VÍTIMA,CANCELADA,CASA AMARELA,RUA XAVANTES,150,RUA OSCAR DE BARROS,PRÓX AO SUPERMERCADO CANELA,RUA XAVANTES,150,PRÓX AO SUPERMERCADO CANELA,CASA AMARELA,,"",COLISÃO,ENTRE 2 AUTOS. S/V,2,,,,,,,,,0,,"","","","","","","","","","","","",""
9336,2019-10-21T00:00:00,20:06:00,COM VÍTIMA,CANCELADA,VASCO DA GAMA,RUA DIADEMA,756,"",E/F A GALERIA PROJETARTS / PRÓX AO CAMPO DO VASCO DA GAMA,RUA DIADEMA,756,E/F A GALERIA PROJETARTS / PRÓX AO CAMPO DO VASCO DA GAMA,VASCO DA GAMA,,"",ATROPELAMENTO,ENTRE AUTO E PEDESTRE. C/V,1,,,,1,,,,,1,,"","","","","","","","","","","","",""
9337,2019-10-21T00:00:00,20:55:00,SEM VÍTIMA,CANCELADA,JORDÃO,RUA COLARES,128,"","APÓS A PASSARELA DA BR, SEGUNDA RUA A DIREITA",RUA COLARES,128,"APÓS A PASSARELA DA BR, SEGUNDA RUA A DIREITA",JORDÃO,,"",ACID. DE PERCURSO,AUTO SE CHOCOU CONTRA A RESIDÊNCIA. S.V,1,,,,,,,,,0,,"","","","","","","","","","","","",""
9338,2019-10-21T00:00:00,22:12:00,COM VÍTIMA,FINALIZADA,CAXANGÁ,AV CAXANGA,5612,"","PRÓX A ASSEMBLEIA DE DEUS E AO T.I/ E/F AO EDF TORRES DO MIRANTE, SNT CAMARAGIBE",AV CAXANGA,5612,"PRÓX A ASSEMBLEIA DE DEUS E AO T.I/ E/F AO EDF TORRES DO MIRANTE, SNT CAMARAGIBE",CAXANGÁ,232,SUBURBIO,COLISÃO TRASEIRA,ENTRE AUTO E MOTO. C/V,1,1,,,,,,,,1,,Longo da via,Bom,Sem defeito,Perfeito estado,Seca,Perfeito estado,Faixa de pedestre,Não há placas,"",Dupla,Faixa contínua,"",""
9339,2019-10-21T00:00:00,23:00:00,SEM VÍTIMA,CANCELADA,COHAB,RUA VALE DO ITAJAI,75,RUA DR BENIGNO JORDAO DE VASCONCELOS,AO LADO DO CAMPO DA LAGOA ENCANTADA,RUA VALE DO ITAJAI,75,AO LADO DO CAMPO DA LAGOA ENCANTADA,COHAB,,"",COLISÃO,ENTRE 2 AUTOS. S/V,2,,,,,,,,,0,,"","","","","","","","","","","","",""
9340,2019-10-22T00:00:00,06:32:00,SEM VÍTIMA,CANCELADA,TAMARINEIRA,EST DO ARRAIAL,2621,"",AO LADO DO HOSPITAL AGAMENON MAGALHÃES,EST DO ARRAIAL,2621,AO LADO DO HOSPITAL AGAMENON MAGALHÃES,TAMARINEIRA,,SUBURBIO,COLISÃO,SEM VITIMAS,1,,,,,1,,,,0,,"","","","","","","","","","","","",""
9341,2019-10-22T00:00:00,07:31:00,SEM VÍTIMA,FINALIZADA,SANTO AMARO,AV CRUZ CABUGA,"",RUA DR JOAO VIEIRA DE MENEZES,EM FRENTE A FACULDADE FAMA,AV CRUZ CABUGA,"",EM FRENTE A FACULDADE FAMA,SANTO AMARO,,CIDADE,ABALROAMENTO TRANSVERSAL,COLISÃO SEM VITIMAS,1,1,,,,,,,,0,,Cruzamento,Bom,Sem defeito,Perfeito estado,Seca,Perfeito estado,"","","",Dupla,Faixa contínua,Faixa seccionada,""
9342,2019-10-22T00:00:00,08:22:00,SEM VÍTIMA,FINALIZADA,IMBIRIBEIRA,RUA CANAL DO JORDAO,"",AV MARECHAL MASCARENHAS DE MORAES,AO LADO DO Nº 6997,RUA CANAL DO JORDAO,"",AO LADO DO Nº 6997,IMBIRIBEIRA,,CIDADE,ABALROAMENTO LONGITUDINAL,DOIS AUTOS,2,,,,,,,,,0,,Longo da via,Bom,Não existe,Incompleta,Seca,Mal conservada,Não existe,Não há placas,"",Única,Não existe,"",""
9343,2019-10-22T00:00:00,08:24:00,SEM VÍTIMA,CANCELADA,BOA VIAGEM,AV CONSELHEIRO AGUIAR,4214,"",E/F AO GALETTUS,AV CONSELHEIRO AGUIAR,4214,E/F AO GALETTUS,BOA VIAGEM,,"",COLISÃO,COLISÃO S/VITIMAS ENTRE DOIS AUTOS,2,,,,,,,,,0,,"","","","","","","","","","","","",""
9344,2019-10-22T00:00:00,09:01:00,SEM VÍTIMA,CANCELADA,TORREÃO,RUA OTHON PARAISO,"","",EM FRENTE A DELEGACIA DO ESPINHEIRO,RUA OTHON PARAISO,"",EM FRENTE A DELEGACIA DO ESPINHEIRO,TORREÃO,,"",COLISÃO,COLISÃO SEM VITIMAS,2,,,,,,,,,0,,"","","","","","","","","","","","",""
9345,2019-10-22T00:00:00,09:02:00,SEM VÍTIMA,FINALIZADA,BAIRRO DO RECIFE,CAIS DO APOLO,445 B,"",EM FRENTE A TRF,CAIS DO APOLO,445 B,EM FRENTE A TRF,BAIRRO DO RECIFE,,SUBURBIO,COLISÃO TRASEIRA,SEM VITIMAS,1,,,,,1,,,,0,,Longo da via,Bom,Não existe,Perfeito estado,Seca,Perfeito estado,Não existe,Não há placas,40 km/h,Dupla,Canteiro central,"",""
9346,2019-10-22T00:00:00,09:20:00,SEM VÍTIMA,FINALIZADA,BOA VISTA,RUA JOAO FERNANDES VIEIRA,769,PRC PARQUE AMORIM,IGREJA BATISTA DA CAPUNGA,RUA JOAO FERNANDES VIEIRA,769,IGREJA BATISTA DA CAPUNGA,BOA VISTA,,CIDADE,ABALROAMENTO LONGITUDINAL,COLISÃO S/VTIMAS ENTRE DOIS AUTO,2,,,,,,,,,0,,Longo da via,Bom,Não existe,Não existente,Seca,Perfeito estado,Não existe,Não há placas,"",Única,Não existe,"",""
9347,2019-10-22T00:00:00,09:25:00,SEM VÍTIMA,CANCELADA,BOA VIAGEM,AV CONSELHEIRO AGUIAR,"","",ENTRE O BANCO SAFRA E AO BRADESCO,AV CONSELHEIRO AGUIAR,"",ENTRE O BANCO SAFRA E AO BRADESCO,BOA VIAGEM,,"",COLISÃO,COLISÃO SEM VITIMAS,2,,,,,,,,,0,,"","","","","","","","","","","","",""
9348,2019-10-22T00:00:00,09:33:00,SEM VÍTIMA,FINALIZADA,ILHA DO RETIRO,RUA DONA MARIA VIEIRA,46,"","",RUA DONA MARIA VIEIRA,46,"",ILHA DO RETIRO,,"",ABALROAMENTO TRANSVERSAL,COLISÃO SEM VITIMAS,2,,,,,,,,,0,,Cruzamento,Bom,"",Perfeito estado,Seca,Perfeito estado,"",Outras,"","","","",""
9349,2019-10-22T00:00:00,10:28:00,SEM VÍTIMA,FINALIZADA,JOANA BEZERRA,"","","",TERMINAL INTEGRADO JOANA BEZERRA,"","",TERMINAL INTEGRADO JOANA BEZERRA,JOANA BEZERRA,,"",ABALROAMENTO LONGITUDINAL,CARRO DORT E ONIBUS,,,,,,1,1,,,0,,"",Bom,Não existe,Não existente,Seca,Perfeito estado,Não existe,Não há placas,"",Única,Não existe,"",""
9350,2019-10-22T00:00:00,10:43:00,SEM VÍTIMA,FINALIZADA,BOA VIAGEM,RUA GENERAL EDSON AMANCIO RAMALHO,"","","LADO OPOSTO AO BIG BOMPREÇO, EM FRENTE AO POSTE B 006030",RUA GENERAL EDSON AMANCIO RAMALHO,"","LADO OPOSTO AO BIG BOMPREÇO, EM FRENTE AO POSTE B 006030",BOA VIAGEM,,CIDADE,COLISÃO TRASEIRA,DOIS AUTOS,2,,,,,,,,,0,,Longo da via,Bom,Não existe,Perfeito estado,Seca,Perfeito estado,Não existe,Outras,"",Dupla,Canteiro central,"",""
9351,2019-10-22T00:00:00,10:51:00,SEM VÍTIMA,FINALIZADA,SANTO AMARO,AV NORTE,"",AV CRUZ CABUGA,"",AV NORTE,"","",SANTO AMARO,34,SUBURBIO,CHOQUE OBJETO FIXO,CAMINHÃO DANIFICOU O SEMÁFORO E O MESMO ENCONTRA-SE APAGADO,,,,,,,,,1,0,,Cruzamento,Bom,Sem defeito,Perfeito estado,Seca,Perfeito estado,Agente,Outras,"",Dupla,"","",""
9352,2019-10-22T00:00:00,10:52:00,SEM VÍTIMA,FINALIZADA,BOA VIAGEM,AV ENGENHEIRO DOMINGOS FERREIRA,"","",EM FRENTE A FARMACIA PAQUE MENOS,AV ENGENHEIRO DOMINGOS FERREIRA,"",EM FRENTE A FARMACIA PAQUE MENOS,BOA VIAGEM,139,SUBURBIO,COLISÃO TRASEIRA,DOIS AUTOS,2,,,,,,,,,0,,Longo da via,Bom,Sem defeito,Perfeito estado,Seca,Perfeito estado,"",Não há placas,"",Única,Faixa seccionada,"",""
9353,2019-10-22T00:00:00,11:04:00,COM VÍTIMA,FINALIZADA,JARDIM SÃO PAULO,AV RECIFE,5630,AV JOAO CABRAL DE MELO NETO,LABORATÓRIO CERPE,AV RECIFE,5630,LABORATÓRIO CERPE,JARDIM SÃO PAULO,259,CEASA,COLISÃO COM CICLISTA,AUTO E BICICLETA.,1,,,1,,,,,,1,,Longo da via,Bom,Desligado,Perfeito estado,Seca,Perfeito estado,Faixa de pedestre,Outras,"",Dupla,Faixa contínua,Faixa seccionada,Canteiro central
9354,2019-10-22T00:00:00,11:12:00,SEM VÍTIMA,FINALIZADA,JARDIM SÃO PAULO,AV RECIFE,5630,"",LABORATÓRIO CERPE,AV RECIFE,5630,LABORATÓRIO CERPE,JARDIM SÃO PAULO,259,CIDADE,COLISÃO TRASEIRA,SEM VITIMAS/CTTU NO LOCAL VT14,2,,,,,,,,,0,,Longo da via,Bom,Sem defeito,Incompleta,Seca,Perfeito estado,Faixa de pedestre,R-4a,60 km/h,Única,Faixa contínua,Canteiro central,""
9355,2019-10-22T00:00:00,11:15:00,SEM VÍTIMA,CANCELADA,DERBY,AV GOVERNADOR AGAMENON MAGALHAES,"","",EM FRENTE AO BRADESCO,AV GOVERNADOR AGAMENON MAGALHAES,"",EM FRENTE AO BRADESCO,DERBY,,"",COLISÃO,COLISÃO SEM VITIMA,2,,,,,,,,,0,,"","","","","","","","","","","","",""
9356,2019-10-22T00:00:00,11:29:00,SEM VÍTIMA,FINALIZADA,AREIAS,AV RECIFE,4030,"",LADO OPOSTO AO SUPERMERCADO MAKRO,AV RECIFE,4030,LADO OPOSTO AO SUPERMERCADO MAKRO,AREIAS,461,"",COLISÃO TRASEIRA,COLISÃO SEM VITIMAS,1,,,,,,1,,,0,,Longo da via,Bom,Sem defeito,Perfeito estado,Seca,Perfeito estado,"",Outras,"",Dupla,Canteiro central,"",""
9357,2019-10-22T00:00:00,11:42:00,SEM VÍTIMA,FINALIZADA,BOA VIAGEM,AV DES JOSE NEVES,683,"",400 METROS APOS A FERREIRA PINTO,AV DES JOSE NEVES,683,400 METROS APOS A FERREIRA PINTO,BOA VIAGEM,,"",COLISÃO,COLISÃO S/VITIMAS ENTRE DOIS AUTOS,2,,,,,,,,,0,,"","","","","","","","","","","","",""
9358,2019-10-22T00:00:00,11:55:00,SEM VÍTIMA,FINALIZADA,DERBY,RUA JOAQUIM NABUCO,171,"",EM FRENTE AO HEMOPE,RUA JOAQUIM NABUCO,171,EM FRENTE AO HEMOPE,DERBY,,SUBURBIO,ABALROAMENTO LONGITUDINAL,COLISÃO SEM VITIMAS,2,,,,,,,,,0,,Longo da via,Bom,Não existe,Perfeito estado,Seca,Perfeito estado,"",R-6a,"",Única,Faixa seccionada,"",""
9359,2019-10-22T00:00:00,12:00:00,SEM VÍTIMA,CANCELADA,ESPINHEIRO,RUA QUARENTA E OITO,395,"",PROX AO CHINA 48/ E/F EDF. ARAÇOIABA,RUA QUARENTA E OITO,395,PROX AO CHINA 48/ E/F EDF. ARAÇOIABA,ESPINHEIRO,,"",COLISÃO,MOTO X AUTO PASSEIO S/V,1,1,,,,,,,,0,,"","","","","","","","","","","","",""
9360,2019-10-22T00:00:00,12:05:00,SEM VÍTIMA,DUPLICIDADE,GRAÇAS,RUA JOAQUIM NABUCO,"","",EM FRENTE AO HEMOPE E HOSPITAL SANTA JOANA,RUA JOAQUIM NABUCO,"",EM FRENTE AO HEMOPE E HOSPITAL SANTA JOANA,GRAÇAS,,"",COLISÃO,COLISÃO SEM VÍTIMA,2,,,,,,,,,0,,"","","","","","","","","","","","",""
9361,2019-10-22T00:00:00,12:32:00,SEM VÍTIMA,FINALIZADA,BOA VISTA,AV CONDE DA BOA VISTA,1223,"","",AV CONDE DA BOA VISTA,1223,"",BOA VISTA,,CIDADE,COLISÃO TRASEIRA,COLISÃO SEM VÍTIMA,2,,,,,,,,,0,,Longo da via,Bom,Não existe,Perfeito estado,Seca,Perfeito estado,Não existe,Não há placas,"",Dupla,Faixa contínua,"",""
9362,2019-10-22T00:00:00,12:41:00,SEM VÍTIMA,FINALIZADA,TOTÓ,RUA PAULINO DE FARIAS,806,RUA MARACAI,MERCADO DO GALEGO,RUA PAULINO DE FARIAS,806,MERCADO DO GALEGO,TOTÓ,,CIDADE,ABALROAMENTO TRANSVERSAL,COLISÃO SEM VÍTIMA,1,,,,,1,,,,0,,Longo da via,Bom,Não existe,Incompleta,Seca,Perfeito estado,"","","",Dupla,Não existe,"",""
9363,2019-10-22T00:00:00,12:44:00,SEM VÍTIMA,FINALIZADA,BOA VIAGEM,RUA VISCONDE DE JEQUITINHONHA,"","",POR TRAS DO PARQUE DONA LINDÚ,RUA VISCONDE DE JEQUITINHONHA,"",POR TRAS DO PARQUE DONA LINDÚ,BOA VIAGEM,,SUBURBIO,ABALROAMENTO LONGITUDINAL,COLISAO ENTRE DOIS AUTOS S/V,2,,,,,,,,,0,,Longo da via,Bom,Não existe,Perfeito estado,Seca,Perfeito estado,Não existe,R-6a,"",Única,Canteiro central,"",""
9364,2019-10-22T00:00:00,13:05:00,SEM VÍTIMA,FINALIZADA,IPSEP,AV RECIFE,"","",LADO OPOSTO BATERIAS HELIAR,AV RECIFE,"",LADO OPOSTO BATERIAS HELIAR,IPSEP,337,CIDADE,COLISÃO TRASEIRA,COLISÃO SEM VÍTIMA,2,,,,,,,,,0,,Longo da via,Bom,Sem defeito,Perfeito estado,Seca,Perfeito estado,"",Não há placas,60 km/h,Dupla,Canteiro central,"",""
9365,2019-10-22T00:00:00,13:15:00,SEM VÍTIMA,FINALIZADA,CAMPO GRANDE,EST DE BELEM,1011,"","",EST DE BELEM,1011,"",CAMPO GRANDE,,CIDADE,ABALROAMENTO LONGITUDINAL,COLISÃO SEM VÍTIMA,1,,,,,1,,,,0,,Longo da via,Bom,Não existe,Perfeito estado,Seca,Perfeito estado,Não existe,Outras,60 km/h,Dupla,Faixa contínua,"",""
9366,2019-10-22T00:00:00,13:21:00,SEM VÍTIMA,FINALIZADA,BOA VIAGEM,RUA COSMORAMA,"",AV MARECHAL JUAREZ TAVORA,AO LADO DO COLÉGIO MADRE DE DEUS,RUA COSMORAMA,"",AO LADO DO COLÉGIO MADRE DE DEUS,BOA VIAGEM,,"",ABALROAMENTO LONGITUDINAL,ENTRE DOIS AUTO S/V,2,,,,,,,,,0,,"",Bom,Sem defeito,Perfeito estado,Seca,Perfeito estado,Não existe,Não há placas,40 km/h,Única,Canteiro central,"",""
9367,2019-10-22T00:00:00,13:25:00,VÍTIMA FATAL,FINALIZADA,VÁRZEA,RUA GASTAO VIDIGAL,699,"",EM FRENTE AO MOTEL TROPICAL,RUA GASTAO VIDIGAL,699,EM FRENTE AO MOTEL TROPICAL,VÁRZEA,,CIDADE,COLISÃO COM CICLISTA,ÔNIBUS E BICICLETA.,,,,1,,1,,,,,1,Longo da via,Bom,Não existe,Perfeito estado,Seca,Perfeito estado,Outros,Outras,"",Dupla,Faixa contínua,"",""
9368,2019-10-22T00:00:00,13:30:00,SEM VÍTIMA,FINALIZADA,CASA FORTE,AV DEZESSETE DE AGOSTO,125,"",EMPÓRIO FRUTARIA,AV DEZESSETE DE AGOSTO,125,EMPÓRIO FRUTARIA,CASA FORTE,,CIDADE,COLISÃO TRASEIRA,COLISAO ENTRE CAMINHAO E AUTOS S/V,1,,,,,,1,,,0,,Longo da via,Bom,Não existe,"",Seca,Perfeito estado,Não existe,R-6a,"",Dupla,Faixa contínua,"",""
9369,2019-10-22T00:00:00,14:01:00,SEM VÍTIMA,FINALIZADA,IPUTINGA,AV CAXANGA,3489,RUA GENERAL CANDIDO BORGES CASTELO BRANCO,"",AV CAXANGA,3489,"",IPUTINGA,229,CIDADE,COLISÃO TRASEIRA,ENTRE DOIS AUTO S/V,2,,,,,,,,,0,,Cruzamento,Bom,Sem defeito,Perfeito estado,Seca,Perfeito estado,Faixa de pedestre,R-6a,"",Dupla,Canteiro central,"",""