_id,DATA,hora,natureza_acidente,situacao,bairro,endereco,numero,detalhe_endereco_acidente,complemento,endereco_cruzamento,numero_cruzamento,referencia_cruzamento,bairro_cruzamento,num_semaforo,sentido_via,tipo,descricao,auto,moto,ciclom,ciclista,pedestre,onibus,caminhao,viatura,outros,vitimas,vitimasfatais,acidente_verificado,tempo_clima,situacao_semaforo,sinalizacao,condicao_via,conservacao_via,ponto_controle,situacao_placa,velocidade_max_via,mao_direcao,divisao_via1,divisao_via2,divisao_via3
9370,2019-10-22T00:00:00,14:03:00,SEM VÍTIMA,FINALIZADA,DERBY,AV GOVERNADOR AGAMENON MAGALHAES,"","",EM FRENTE AO SEMÁFORO NÚMERO 068,AV GOVERNADOR AGAMENON MAGALHAES,"",EM FRENTE AO SEMÁFORO NÚMERO 068,DERBY,68,"",COLISÃO TRASEIRA,COLISAO ENTRE DOIS AUTOS S/V,2,,,,,,,,,0,,Longo da via,Bom,Sem defeito,Perfeito estado,Seca,Perfeito estado,Faixa de pedestre,R-6a,60 km/h,Dupla,Canal,"",""
9371,2019-10-22T00:00:00,14:19:00,SEM VÍTIMA,FINALIZADA,"",RUA DIVISOPOLIS,1051,RUA EXP TEODORO SATIVA,JÔ MODAS,RUA DIVISOPOLIS,1051,JÔ MODAS,"",,SUBURBIO,ABALROAMENTO LONGITUDINAL,COLISÃO SEM VÍTIMA,1,,,,,1,,,,0,,"",Bom,Não existe,Perfeito estado,Seca,Perfeito estado,Não existe,Outras,"",Dupla,Não existe,"",""
9372,2019-10-22T00:00:00,15:10:00,SEM VÍTIMA,FINALIZADA,DERBY,AV GOVERNADOR AGAMENON MAGALHAES,"","","EM FRENTE AO HOSPITAL MEMORIAL SÃO JOSÉ , FAIXA PRINCIPAL DA AVENIDA",AV GOVERNADOR AGAMENON MAGALHAES,"","EM FRENTE AO HOSPITAL MEMORIAL SÃO JOSÉ , FAIXA PRINCIPAL DA AVENIDA",DERBY,,"",COLISÃO TRASEIRA,COLISÃO SEM VÍTIMA,1,,,,,1,,,,0,,Longo da via,Bom,Sem defeito,Perfeito estado,Seca,Perfeito estado,Faixa de pedestre,"",60 km/h,Dupla,Canal,"",""
9373,2019-10-22T00:00:00,15:18:00,SEM VÍTIMA,CANCELADA,IBURA,AV DOM HELDER CAMARA,"",AV RECIFE,AO LADO DO NUCLEO DA POLICIA/ SENTIDO AV RECIFE,AV DOM HELDER CAMARA,"",AO LADO DO NUCLEO DA POLICIA/ SENTIDO AV RECIFE,IBURA,,"",COLISÃO,COLISÃO SEM VÍTIMA,3,,,,,,,,,0,,"","","","","","","","","","","","",""
9374,2019-10-22T00:00:00,15:31:00,SEM VÍTIMA,FINALIZADA,GRAÇAS,RUA DR BANDEIRA FILHO,205,"",EM FRENTE AO Nº 205,RUA DR BANDEIRA FILHO,205,EM FRENTE AO Nº 205,GRAÇAS,,SUBURBIO,ABALROAMENTO LONGITUDINAL,COLISÃO SEM VÍTIMA,1,,,,,1,,,,0,,Longo da via,Bom,Não existe,Perfeito estado,Seca,Perfeito estado,Não existe,Não há placas,"",Única,Não existe,"",""
9375,2019-10-22T00:00:00,15:35:00,COM VÍTIMA,FINALIZADA,BOA VIAGEM,AV BOA VIAGEM,4200,"",E/F AO EDF. RIBELA,AV BOA VIAGEM,4200,E/F AO EDF. RIBELA,BOA VIAGEM,113,CIDADE,ABALROAMENTO LONGITUDINAL,DOIS AUTOS E UMA MOTO.,2,1,,,,,,,,1,,Longo da via,Bom,Não existe,Perfeito estado,Seca,Perfeito estado,Não existe,R-6a,60 km/h,Única,Faixa seccionada,"",""
9376,2019-10-22T00:00:00,15:46:00,COM VÍTIMA,FINALIZADA,AFOGADOS,EST DOS REMEDIOS,"",EST DO BONGI,E/F AO POSTO BR,EST DOS REMEDIOS,"",E/F AO POSTO BR,AFOGADOS,394,CIDADE,COLISÃO TRASEIRA,DOIS AUTOS E UMA MOTO.,2,1,,,,,,,,1,,Longo da via,Bom,Com defeito,Perfeito estado,Seca,Perfeito estado,Faixa de pedestre,R-6a,"",Única,Faixa contínua,"",""
9377,2019-10-22T00:00:00,15:47:00,SEM VÍTIMA,FINALIZADA,BOA VIAGEM,AV CONSELHEIRO AGUIAR,4777,"",EM FRENTE AO ITAÚ,AV CONSELHEIRO AGUIAR,4777,EM FRENTE AO ITAÚ,BOA VIAGEM,,SUBURBIO,ABALROAMENTO LONGITUDINAL,COLISAO ENTRE ONIBUS E AUTO S/V,1,,,,,1,,,,0,,Longo da via,Bom,Sem defeito,Perfeito estado,Seca,Perfeito estado,Não existe,Não há placas,"",Única,Faixa seccionada,"",""
9378,2019-10-22T00:00:00,15:56:00,SEM VÍTIMA,FINALIZADA,IMBIRIBEIRA,AV MARECHAL MASCARENHAS DE MORAES,2967,"",FERREIRA COSTA,AV MARECHAL MASCARENHAS DE MORAES,2967,FERREIRA COSTA,IMBIRIBEIRA,,CIDADE,ABALROAMENTO LONGITUDINAL,ENTRE CAMINHÃO X MOTO S/V,,1,,,,,1,,,0,,Longo da via,Bom,Não existe,Não existente,Seca,Perfeito estado,Não existe,Não há placas,"",Dupla,Canteiro central,"",""
9379,2019-10-22T00:00:00,15:58:00,SEM VÍTIMA,FINALIZADA,BOA VIAGEM,AV CONSELHEIRO AGUIAR,3197,RUA MAMANGUAPE,FARMACIA DROGASIL,AV CONSELHEIRO AGUIAR,3197,FARMACIA DROGASIL,BOA VIAGEM,,CIDADE,COLISÃO TRASEIRA,COLISAO ENTRE ONIBUS E AUTOS S/V,1,,,,,1,,,,0,,Longo da via,Bom,Não existe,Perfeito estado,Seca,Perfeito estado,Não existe,Não há placas,60 km/h,Única,Faixa seccionada,"",""
9380,2019-10-22T00:00:00,16:19:00,SEM VÍTIMA,FINALIZADA,ESPINHEIRO,AV GOVERNADOR AGAMENON MAGALHAES,"","",EM FRENTE AO CÍRCULO MILITAR DO RECIFE,AV GOVERNADOR AGAMENON MAGALHAES,"",EM FRENTE AO CÍRCULO MILITAR DO RECIFE,ESPINHEIRO,,"",ABALROAMENTO LONGITUDINAL,COLISAO ENTRE ONIBUS E AUTOS S/V,1,,,,,1,,,,0,,Longo da via,Bom,Não existe,Perfeito estado,Seca,Perfeito estado,Não existe,Não há placas,"",Dupla,Faixa contínua,"",""
9381,2019-10-22T00:00:00,16:25:00,SEM VÍTIMA,FINALIZADA,BOA VIAGEM,AV ENGENHEIRO DOMINGOS FERREIRA,4060,RUA RIBEIRO DE BRITO,EM FRENTE AO EMPRESARIAL BLUE TOWER,AV ENGENHEIRO DOMINGOS FERREIRA,4060,EM FRENTE AO EMPRESARIAL BLUE TOWER,BOA VIAGEM,155,SUBURBIO,COLISÃO TRASEIRA,COLIAO ENTRE AUTO E ONIBUS,1,,,,,1,,,,0,,Longo da via,Bom,Sem defeito,Perfeito estado,Seca,Perfeito estado,"",Não há placas,"",Única,Faixa seccionada,Canteiro central,""
9382,2019-10-22T00:00:00,16:22:00,SEM VÍTIMA,CANCELADA,IBURA,RUA ENGENHO TABARE,25,"",PROXIMO AO PRIVILEGE AÇAI,RUA ENGENHO TABARE,25,PROXIMO AO PRIVILEGE AÇAI,IBURA,,"",COLISÃO,COLISÃO SEM VÍTIMA,2,,,,,,,,,0,,"","","","","","","","","","","","",""
9383,2019-10-22T00:00:00,16:31:00,SEM VÍTIMA,FINALIZADA,BAIRRO DO RECIFE,AV ALFREDO LISBOA,"","",EM FRENTE AO MARCO ZERO,AV ALFREDO LISBOA,"",EM FRENTE AO MARCO ZERO,BAIRRO DO RECIFE,,CIDADE,COLISÃO TRASEIRA,ENTRE DOIS AUTO S/V,2,,,,,,,,,0,,Longo da via,Bom,Não existe,Perfeito estado,Seca,Perfeito estado,Faixa de pedestre,Não há placas,"",Única,Faixa seccionada,"",""
9384,2019-10-22T00:00:00,16:32:00,SEM VÍTIMA,CANCELADA,VÁRZEA,RUA ACADEMICO HELIO RAMOS,"",RUA JOAO FRANCISCO LISBOA,EM FRENTE A SAIDA DO CTG DA UFPE,RUA ACADEMICO HELIO RAMOS,"",EM FRENTE A SAIDA DO CTG DA UFPE,VÁRZEA,,"",COLISÃO,COLISÃO SEM VÍTIMA,2,,,,,,,,,0,,"","","","","","","","","","","","",""
9385,2019-10-22T00:00:00,16:51:00,SEM VÍTIMA,FINALIZADA,ILHA DO LEITE,RUA ESTADO DE ISRAEL,"","",SOB O SEMÁFORO DE Nº 653,RUA ESTADO DE ISRAEL,"",SOB O SEMÁFORO DE Nº 653,ILHA DO LEITE,653,CIDADE,ABALROAMENTO LONGITUDINAL,COLISÃO SEM VÍTIMA ENVOLVENDO AUTO E MOTO DA CTTU,1,1,,,,,,,,0,,Longo da via,Bom,Sem defeito,Perfeito estado,Seca,Perfeito estado,Faixa de pedestre,Outras,"",Única,Faixa seccionada,"",""
9386,2019-10-22T00:00:00,16:53:00,SEM VÍTIMA,FINALIZADA,ESTÂNCIA,AV RECIFE,"","",LADO OPOSTO AO Nº 5520,AV RECIFE,"",LADO OPOSTO AO Nº 5520,ESTÂNCIA,,CIDADE,COLISÃO TRASEIRA,COLISAO ENTRE DOIS AUTOS S/V,2,,,,,,,,,0,,Longo da via,Bom,Não existe,"",Seca,Perfeito estado,"","","",Dupla,Canteiro central,"",""
9387,2019-10-22T00:00:00,16:59:00,SEM VÍTIMA,FINALIZADA,ILHA DO LEITE,RUA ESTADO DE ISRAEL,"","","",RUA ESTADO DE ISRAEL,"","",ILHA DO LEITE,653,SUBURBIO,COLISÃO TRASEIRA,MOTO X AUTO PASSEIO S/V,1,1,,,,,,,,0,,Cruzamento,Bom,Sem defeito,Perfeito estado,Seca,Perfeito estado,Faixa de pedestre,Outras,"",Única,Faixa contínua,Faixa seccionada,""
9388,2019-10-22T00:00:00,17:06:00,SEM VÍTIMA,FINALIZADA,IPSEP,AV RECIFE,2586,"",POSTO DE GASOLINA SHELL,AV RECIFE,2586,POSTO DE GASOLINA SHELL,IPSEP,55,"",COLISÃO TRASEIRA,ENTRE DOIS AUTOS S/V,2,,,,,,,,,0,,Longo da via,Bom,Sem defeito,Perfeito estado,Seca,Perfeito estado,Faixa de pedestre,"","",Dupla,Canteiro central,"",""
9389,2019-10-22T00:00:00,18:11:00,SEM VÍTIMA,FINALIZADA,DERBY,AV GOVERNADOR AGAMENON MAGALHAES,"","",CRUZAMENTO DO SEMÁFORO 075,AV GOVERNADOR AGAMENON MAGALHAES,"",CRUZAMENTO DO SEMÁFORO 075,DERBY,75,"",ABALROAMENTO TRANSVERSAL,AMBUIALNCIA X FIAT IDEIA,2,,,,,,,,,0,,Cruzamento,Bom,Sem defeito,Perfeito estado,Seca,Perfeito estado,"","",60 km/h,Única,Canal,"",""
9390,2019-10-22T00:00:00,18:49:00,SEM VÍTIMA,FINALIZADA,TEJIPIÓ,AV DR JOSE RUFINO,"","",EM FRENTE AO Nº 3068,AV DR JOSE RUFINO,"",EM FRENTE AO Nº 3068,TEJIPIÓ,,CIDADE,ABALROAMENTO LONGITUDINAL,ONIBUS X AUTO PASSEIO S/V,1,,,,,1,,,,0,,Longo da via,Bom,Não existe,Perfeito estado,Seca,Perfeito estado,Não existe,Não há placas,"",Dupla,Não existe,"",""
9391,2019-10-22T00:00:00,19:08:00,SEM VÍTIMA,FINALIZADA,VASCO DA GAMA,RUA RESPLENDOR,134,"","",RUA RESPLENDOR,134,"",VASCO DA GAMA,,SUBURBIO,ABALROAMENTO LONGITUDINAL,CAMINHÃO X AUTO PASSEIO S/V,1,,,,,,1,,,0,,Longo da via,Bom,Não existe,Não existente,Seca,Mal conservada,Não existe,Não há placas,"",Dupla,Não existe,"",""
9392,2019-10-22T00:00:00,19:59:00,SEM VÍTIMA,FINALIZADA,CASA AMARELA,EST DO ARRAIAL,3900,"",BANCO SANTANDER,EST DO ARRAIAL,3900,BANCO SANTANDER,CASA AMARELA,,SUBURBIO,ABALROAMENTO LONGITUDINAL,ONIBUS GLOBO X RENAULT DUSTER,1,,,,,1,,,,0,,Longo da via,Bom,Não existe,Perfeito estado,Seca,Perfeito estado,Não existe,Não há placas,"",Única,Faixa seccionada,"",""
9393,2019-10-22T00:00:00,22:27:00,SEM VÍTIMA,FINALIZADA,CAXANGÁ,RUA ENGENHEIRO ANDRE DIAS DE ARRUDA FALCAO,3,RUA VEREADOR CANUTO VICTOR DE CARVALHO,HOTEL SAGITÁRIO,RUA ENGENHEIRO ANDRE DIAS DE ARRUDA FALCAO,3,HOTEL SAGITÁRIO,CAXANGÁ,,SUBURBIO,CHOQUE VEÍCULO PARADO,CAMINHAO X GOL,1,,,,,,,,2,0,,Cruzamento,Bom,Não existe,Não existente,Seca,Mal iluminada,Não existe,Não há placas,"",Dupla,Não existe,"",""
9394,2019-10-22T00:00:00,23:10:00,SEM VÍTIMA,FINALIZADA,ARRUDA,RUA DAS MOCAS,1090,RUA DA REGENERACAO,"",RUA DAS MOCAS,1090,"",ARRUDA,472,SUBURBIO,CHOQUE VEÍCULO PARADO,VOYAGE X SANDERO,2,,,,,,,,,0,,Longo da via,Bom,Sem defeito,Perfeito estado,Seca,Perfeito estado,Não existe,Não há placas,"",Dupla,Faixa seccionada,"",""
9395,2019-10-22T00:00:00,23:54:00,SEM VÍTIMA,FINALIZADA,SAN MARTIN,AV JOAO CABRAL DE MELO NETO,"",AV RECIFE,"",AV JOAO CABRAL DE MELO NETO,"","",SAN MARTIN,259,"",COLISÃO TRASEIRA,MOTO E DOIS AUTOS PASSEIO S/V,2,1,,,,,,,,0,,Longo da via,Bom,Sem defeito,Perfeito estado,Seca,Perfeito estado,Não existe,Outras,"",Dupla,Canteiro central,"",""
9396,2019-10-23T00:00:00,00:34:00,SEM VÍTIMA,FINALIZADA,BOA VIAGEM,RUA DEZ DE JULHO,210,RUA CAMBOIM,MAISON CHRISTAL,RUA DEZ DE JULHO,210,MAISON CHRISTAL,BOA VIAGEM,,SUBURBIO,ABALROAMENTO TRANSVERSAL,COLISÃO ENTRE DOIS AUTOS S/V,2,,,,,,,,,0,,Cruzamento,Bom,Não existe,Perfeito estado,Seca,Perfeito estado,"",Placas Pare,"",Única,Faixa seccionada,"",""
9397,2019-10-23T00:00:00,07:37:00,SEM VÍTIMA,FINALIZADA,ESPINHEIRO,RUA MARQUES DO PARANA,209,RUA ALFREDO DE CARVALHO,MARTELINHO DE OURO NOBREAKAR,RUA MARQUES DO PARANA,209,MARTELINHO DE OURO NOBREAKAR,ESPINHEIRO,,CIDADE,ABALROAMENTO TRANSVERSAL,SEM VITIMAS,1,,,,,1,,,,0,,Cruzamento,Bom,Não existe,Perfeito estado,Seca,Perfeito estado,Faixa de pedestre,R-6a,40 km/h,Única,Faixa seccionada,"",""
9398,2019-10-23T00:00:00,08:25:00,COM VÍTIMA,CANCELADA,SANTO AMARO,AV DR JAYME DA FONTE,"","",POR TRAS DO HOSPITAL DA MARINHA,AV DR JAYME DA FONTE,"",POR TRAS DO HOSPITAL DA MARINHA,SANTO AMARO,,"",ACID. DE PERCURSO,MOTO / CHOCOU-SE COM MEIO FIO,,1,,,,,,,,1,,"","","","","","","","","","","","",""
9399,2019-10-23T00:00:00,09:00:00,SEM VÍTIMA,CANCELADA,BOA VIAGEM,RUA BRUNO VELOSO,268,"",E/F A GALERIA MASCATE,RUA BRUNO VELOSO,268,E/F A GALERIA MASCATE,BOA VIAGEM,,"",COLISÃO,COLISÃO S/VITIMAS ENTRE DOIS AUTOS,2,,,,,,,,,0,,"","","","","","","","","","","","",""
9400,2019-10-23T00:00:00,09:05:00,SEM VÍTIMA,FINALIZADA,IMBIRIBEIRA,AV MARECHAL MASCARENHAS DE MORAES,"","",EM FRENTE AO AEROPORTO,AV MARECHAL MASCARENHAS DE MORAES,"",EM FRENTE AO AEROPORTO,IMBIRIBEIRA,,SUBURBIO,COLISÃO TRASEIRA,"",2,,,,,,,,,0,,Longo da via,Bom,Não existe,Perfeito estado,Seca,Perfeito estado,Não existe,Não há placas,"",Dupla,Canteiro central,"",""
9401,2019-10-23T00:00:00,09:11:00,SEM VÍTIMA,CANCELADA,IMBIRIBEIRA,RUA PAMPULHA,"",AV MARECHAL MASCARENHAS DE MORAES,AO LADO DA RENAULT SELECT,RUA PAMPULHA,"",AO LADO DA RENAULT SELECT,IMBIRIBEIRA,534,"",COLISÃO,SEM VITIMAS,,,,,,,2,,,0,,"","","","","","","","","","","","",""
9402,2019-10-23T00:00:00,09:46:00,COM VÍTIMA,FINALIZADA,IMBIRIBEIRA,AV GENERAL MAC ARTHUR,475,RUA JORGE DE LIMA,GIOVANNI SONDA,AV GENERAL MAC ARTHUR,475,GIOVANNI SONDA,IMBIRIBEIRA,402,CIDADE,ABALROAMENTO LONGITUDINAL,AUTO E MOTO,1,1,,,,,,,,1,,Cruzamento,Bom,Sem defeito,Perfeito estado,Seca,Perfeito estado,Outros,Outras,40 km/h,Única,Faixa contínua,"",""
9403,2019-10-23T00:00:00,10:37:00,SEM VÍTIMA,FINALIZADA,ESPINHEIRO,AV GOVERNADOR AGAMENON MAGALHAES,2754,"",EM FRENTE AO BANCO DO NORDESTE,AV GOVERNADOR AGAMENON MAGALHAES,2754,EM FRENTE AO BANCO DO NORDESTE,ESPINHEIRO,78,"",COLISÃO TRASEIRA,COLISÃO S/VITIMAS ENTRE TRES AUTOS,3,,,,,,,,,0,,Longo da via,Bom,Sem defeito,Perfeito estado,Seca,Perfeito estado,Faixa de pedestre,R-6a,"",Dupla,Faixa seccionada,"",""
9404,2019-10-23T00:00:00,11:26:00,SEM VÍTIMA,FINALIZADA,TORRE,RUA JOSE BONIFACIO,"",RUA DONA IZABEL DE BARROS,EM FRENTE A HONDA,RUA JOSE BONIFACIO,"",EM FRENTE A HONDA,TORRE,301,SUBURBIO,ABALROAMENTO LONGITUDINAL,COLISÃO S/VITIMA ENTRE DOIS AUTOS,2,,,,,,,,,0,,"",Bom,Sem defeito,Perfeito estado,Seca,Perfeito estado,Não existe,"","",Única,Não existe,"",""
9405,2019-10-23T00:00:00,11:33:00,SEM VÍTIMA,FINALIZADA,IBURA,RUA COLARES,128,"","",RUA COLARES,128,"",IBURA,,"",CHOQUE OBJETO FIXO,VEICULO DESGOVERNARDO CAIU DENTRO DA CASA DA SOLICITANTE,1,,,,,,,,,0,,Longo da via,Bom,Não existe,Não existente,Seca,Mal conservada,Não existe,Não há placas,"",Dupla,Não existe,"",""
9406,2019-10-23T00:00:00,13:27:00,SEM VÍTIMA,FINALIZADA,MADALENA,RUA REAL DA TORRE,"","",EM FRENTE AO REST. BOI NO BAFO,RUA REAL DA TORRE,"",EM FRENTE AO REST. BOI NO BAFO,MADALENA,192,SUBURBIO,COLISÃO TRASEIRA,COLISAO ENTRE CAMINHAO E AUTOS S/V,1,,,,,,1,,,0,,Longo da via,Bom,Sem defeito,Perfeito estado,Seca,Perfeito estado,Faixa de pedestre,R-6a,"",Única,Faixa contínua,"",""
9407,2019-10-23T00:00:00,15:25:00,SEM VÍTIMA,FINALIZADA,ÁGUA FRIA,RUA ALEGRE,"",AV BEBERIBE,"",RUA ALEGRE,"","",ÁGUA FRIA,64,SUBURBIO,ABALROAMENTO LONGITUDINAL,COLISAO ENTRE ONIBUS E AUTOS S/V,1,,,,,1,,,,0,,Cruzamento,Bom,Sem defeito,Perfeito estado,Seca,Perfeito estado,Faixa de pedestre,R-6a,60 km/h,Única,Não existe,"",""
9408,2019-10-23T00:00:00,15:27:00,COM VÍTIMA,FINALIZADA,PRADO,AV ENGENHEIRO ABDIAS DE CARVALHO,"",RUA JOAO IVO DA SILVA,"",AV ENGENHEIRO ABDIAS DE CARVALHO,"","",PRADO,132,SUBURBIO,COLISÃO TRASEIRA,COLISÃO COM VÍTIMA,,2,,,,,,,,2,,Cruzamento,Bom,Sem defeito,Perfeito estado,Seca,Perfeito estado,Faixa de pedestre,R-6a,60 km/h,Dupla,Canteiro central,"",""
9409,2019-10-23T00:00:00,15:52:00,SEM VÍTIMA,CANCELADA,PAISSANDU,RUA SPORT CLUBE DO RECIFE,"","",SOBRE A PONTE S/T CLUBE DO SPORT,RUA SPORT CLUBE DO RECIFE,"",SOBRE A PONTE S/T CLUBE DO SPORT,PAISSANDU,,"",COLISÃO,COLISAO ENTRE DOIS AUTOS S/V,2,,,,,,,,,0,,"","","","","","","","","","","","",""
9410,2019-10-23T00:00:00,15:35:00,SEM VÍTIMA,FINALIZADA,ESPINHEIRO,RUA CONS PORTELA,285,RUA BARAO DE ITAMARACA,EM FRENTE A IGREJA MATRIZ DO ESPINHEIRO,RUA CONS PORTELA,285,EM FRENTE A IGREJA MATRIZ DO ESPINHEIRO,ESPINHEIRO,464,"",ABALROAMENTO LONGITUDINAL,COLISÃO SEM VÍTIMA,2,,,,,,,,,0,,Cruzamento,Bom,Sem defeito,Perfeito estado,Seca,Perfeito estado,Faixa de pedestre,R-6a,"",Única,Faixa contínua,"",""
9411,2019-10-23T00:00:00,16:14:00,SEM VÍTIMA,FINALIZADA,ESPINHEIRO,AV GOVERNADOR AGAMENON MAGALHAES,2864,"",PRÓXIMO AO BANCO SANTANDER,AV GOVERNADOR AGAMENON MAGALHAES,2864,PRÓXIMO AO BANCO SANTANDER,ESPINHEIRO,,"",COLISÃO TRASEIRA,COLISAO ENTRE DOIS AUTOS S/V,2,,,,,,,,,0,,Longo da via,Bom,Não existe,Perfeito estado,Seca,Perfeito estado,Não existe,R-6a,"",Única,Faixa seccionada,"",""
9412,2019-10-23T00:00:00,16:36:00,SEM VÍTIMA,CANCELADA,AFOGADOS,RUA SAO MIGUEL,"","",EM FRENTE AO COLEGIO AMAURY DE MEDEIROS,RUA SAO MIGUEL,"",EM FRENTE AO COLEGIO AMAURY DE MEDEIROS,AFOGADOS,,"",COLISÃO,COLISÃO SEM VÍTIMA,1,,,,,1,,,,0,,"","","","","","","","","","","","",""
9413,2019-10-23T00:00:00,17:18:00,SEM VÍTIMA,FINALIZADA,NOVA DESCOBERTA,AV VEREADOR OTACILIO AZEVEDO,"","",E/F A UPA DE NOVA DESCOBERTA,AV VEREADOR OTACILIO AZEVEDO,"",E/F A UPA DE NOVA DESCOBERTA,NOVA DESCOBERTA,,"",COLISÃO,COLISAO ENTRE AUTO E MOTO S/V,1,1,,,,,,,,0,,"","","","","","","","","","","","",""
9414,2019-10-23T00:00:00,18:06:00,SEM VÍTIMA,FINALIZADA,BOA VIAGEM,AVENIDA CELSO FURTADO (VIA MANGUE),"","",APÓS O EXTRA,AVENIDA CELSO FURTADO (VIA MANGUE),"",APÓS O EXTRA,BOA VIAGEM,,SUBURBIO,COLISÃO TRASEIRA,TRÊS AUTOS S/V,3,,,,,,,,,0,,Longo da via,Bom,Não existe,Perfeito estado,Seca,Perfeito estado,Não existe,Não há placas,60 km/h,Dupla,Canteiro central,"",""
9415,2019-10-23T00:00:00,18:31:00,SEM VÍTIMA,FINALIZADA,GRAÇAS,RUA ANTONIO NOVAIS,"",RUA SOUZA DE ANDRADE,"",RUA ANTONIO NOVAIS,"","",GRAÇAS,,SUBURBIO,ABALROAMENTO TRANSVERSAL,JEEP X MOTO,1,1,,,,,,,,0,,Cruzamento,Bom,Não existe,Perfeito estado,Seca,Perfeito estado,Não existe,Não há placas,"",Dupla,Não existe,"",""
9416,2019-10-23T00:00:00,18:38:00,SEM VÍTIMA,FINALIZADA,TORRÕES,AV ENGENHEIRO ABDIAS DE CARVALHO,962,"","",AV ENGENHEIRO ABDIAS DE CARVALHO,962,"",TORRÕES,,SUBURBIO,COLISÃO TRASEIRA,ENTRE DOIS AUTOS S/V,2,,,,,,,,,0,,Longo da via,Bom,Não existe,Perfeito estado,Seca,Perfeito estado,Não existe,Não há placas,"",Dupla,Faixa seccionada,Canteiro central,""
9417,2019-10-23T00:00:00,18:42:00,SEM VÍTIMA,FINALIZADA,CAMPO GRANDE,RUA BARAO DE VERA CRUZ,947,"",AO LADO DO RESTAURANTE VENTURA,RUA BARAO DE VERA CRUZ,947,AO LADO DO RESTAURANTE VENTURA,CAMPO GRANDE,,SUBURBIO,ABALROAMENTO LONGITUDINAL,ENTRE DOIS AUTOS S/V,2,,,,,,,,,0,,Longo da via,Bom,Não existe,Não existente,Seca,Perfeito estado,"",Não há placas,"",Dupla,Não existe,"",""
9418,2019-10-23T00:00:00,19:15:00,SEM VÍTIMA,FINALIZADA,MADALENA,RUA JOSE OSORIO,"","",PONTE DA CAPUNGA,RUA JOSE OSORIO,"",PONTE DA CAPUNGA,MADALENA,,SUBURBIO,COLISÃO TRASEIRA,ENTRE DOIS AUTOS S/V,2,,,,,,,,,0,,Ponte,Bom,Sem defeito,Perfeito estado,Seca,Perfeito estado,Faixa de pedestre,Não há placas,"",Única,Faixa seccionada,"",""
9419,2019-10-23T00:00:00,19:43:00,SEM VÍTIMA,FINALIZADA,DERBY,RUA AMARO BEZERRA,489,"","",RUA AMARO BEZERRA,489,"",DERBY,,SUBURBIO,COLISÃO TRASEIRA,ONIBUS X AUTO PASSEIO S/V,1,,,,,1,,,,0,,Longo da via,Bom,Não existe,Incompleta,Seca,Perfeito estado,Não existe,R-6a,"",Única,Não existe,"",""
9420,2019-10-23T00:00:00,19:48:00,SEM VÍTIMA,FINALIZADA,IMBIRIBEIRA,AV MARECHAL MASCARENHAS DE MORAES,"","",LADO OPOSTO AO ATACADO DOS PRESENTES,AV MARECHAL MASCARENHAS DE MORAES,"",LADO OPOSTO AO ATACADO DOS PRESENTES,IMBIRIBEIRA,,SUBURBIO,ABALROAMENTO LONGITUDINAL,ONIX X FORD KA,2,,,,,,,,,0,,Longo da via,Bom,Não existe,Perfeito estado,Seca,Perfeito estado,Não existe,Não há placas,60 km/h,Dupla,Canteiro central,"",""
9421,2019-10-23T00:00:00,20:01:00,COM VÍTIMA,FINALIZADA,PAISSANDU,RUA GENERAL JOAQUIM INACIO,495,"",ENF . AO EMPRESARIAL SÁ LEITAO,RUA GENERAL JOAQUIM INACIO,495,ENF . AO EMPRESARIAL SÁ LEITAO,PAISSANDU,,SUBURBIO,ATROPELAMENTO,AUTO E PEDESTRE,1,,,,1,,,,,1,,Longo da via,Bom,Não existe,Perfeito estado,Seca,Perfeito estado,Não existe,Não há placas,"",Única,Faixa seccionada,"",""
9422,2019-10-23T00:00:00,20:03:00,SEM VÍTIMA,FINALIZADA,DERBY,RUA JENER DE SOUZA,"",RUA DR SEVERINO PINHEIRO,QUARTEL DA PM,RUA JENER DE SOUZA,"",QUARTEL DA PM,DERBY,40,SUBURBIO,ABALROAMENTO TRANSVERSAL,VIATURA DA PC/ AUTO PASSEIO,2,,,,,,,,,0,,Cruzamento,Bom,Sem defeito,Perfeito estado,Seca,Perfeito estado,"",Outras,"",Dupla,Canteiro central,"",""
9423,2019-10-23T00:00:00,21:36:00,SEM VÍTIMA,FINALIZADA,SANTO ANTÔNIO,PTE PRINCESA IZABEL,"","",POR TRÁS DO TEATRO SANTA ISABEL,PTE PRINCESA IZABEL,"",POR TRÁS DO TEATRO SANTA ISABEL,SANTO ANTÔNIO,,CIDADE,ABALROAMENTO LONGITUDINAL,AUTO X ONIBUS SANFONA,1,,,,,1,,,,0,,Ponte,Bom,Não existe,Perfeito estado,Seca,Perfeito estado,Não existe,Não há placas,"",Dupla,Faixa contínua,"",""
9424,2019-10-24T00:00:00,00:47:00,COM VÍTIMA,FINALIZADA,BOA VIAGEM,RUA RIBEIRO DE BRITO,1326,RUA AMALIA BERNARDINO DE SOUZA,PROX DA IGREJA COMUNIDADE BOM JESUS,RUA RIBEIRO DE BRITO,1326,PROX DA IGREJA COMUNIDADE BOM JESUS,BOA VIAGEM,,CIDADE,ABALROAMENTO LONGITUDINAL,COLISÃO ENTRE DOIS AUTOS C/V,2,,,,,,,,,1,,Cruzamento,Bom,Não existe,Perfeito estado,Seca,Perfeito estado,Não existe,Não há placas,"",Única,Faixa seccionada,"",""