_id,DATA,hora,natureza_acidente,situacao,bairro,endereco,numero,detalhe_endereco_acidente,complemento,endereco_cruzamento,numero_cruzamento,referencia_cruzamento,bairro_cruzamento,num_semaforo,sentido_via,tipo,descricao,auto,moto,ciclom,ciclista,pedestre,onibus,caminhao,viatura,outros,vitimas,vitimasfatais,acidente_verificado,tempo_clima,situacao_semaforo,sinalizacao,condicao_via,conservacao_via,ponto_controle,situacao_placa,velocidade_max_via,mao_direcao,divisao_via1,divisao_via2,divisao_via3
9425,2019-10-24T00:00:00,06:21:00,SEM VÍTIMA,FINALIZADA,BOA VISTA,RUA GERVASIO PIRES,"",LGO DA SANTA CRUZ,SOB O SEMÁFORO 221,RUA GERVASIO PIRES,"",SOB O SEMÁFORO 221,BOA VISTA,221,SUBURBIO,ABALROAMENTO TRANSVERSAL,SEM VITIMAS,1,1,,,,,,,,0,,Longo da via,Bom,Sem defeito,Perfeito estado,Seca,Perfeito estado,Faixa de pedestre,"","","",Faixa seccionada,"",""
9426,2019-10-24T00:00:00,07:02:00,SEM VÍTIMA,FINALIZADA,IPSEP,RUA VIRGINIA HERACLIO,639,RUA PINTOR ANTONIO ALBUQUERQUE,"",RUA VIRGINIA HERACLIO,639,"",IPSEP,,SUBURBIO,ABALROAMENTO TRANSVERSAL,MOTO E AUTO,1,1,,,,,,,,0,,Cruzamento,Bom,Não existe,Ilegível,Seca,Mal conservada,Não existe,Não há placas,"",Dupla,Não existe,"",""
9427,2019-10-24T00:00:00,07:21:00,SEM VÍTIMA,FINALIZADA,ILHA DO LEITE,AV GOVERNADOR AGAMENON MAGALHAES,4775,"",EM FRENTE AO EMPRESARIAL THOMAS EDSON,AV GOVERNADOR AGAMENON MAGALHAES,4775,EM FRENTE AO EMPRESARIAL THOMAS EDSON,ILHA DO LEITE,,"",COLISÃO TRASEIRA,COLISAO SEM VITIMA,2,,,,,,,,,0,,Longo da via,Bom,Não existe,Perfeito estado,Seca,Perfeito estado,Não existe,Não há placas,"",Única,Faixa seccionada,"",""
9428,2019-10-24T00:00:00,07:27:00,SEM VÍTIMA,CANCELADA,CAMPO GRANDE,RUA JERONIMO VILELA,86,"",EM FRENTE AO PET SHOP,RUA JERONIMO VILELA,86,EM FRENTE AO PET SHOP,CAMPO GRANDE,,"",COLISÃO,CAMINHAO AUTO PASSEIO,1,,,,,,1,,,0,,"","","","","","","","","","","","",""
9429,2019-10-24T00:00:00,07:45:00,SEM VÍTIMA,FINALIZADA,JOANA BEZERRA,PTE JOSE DE BARROS LIMA,"","",LADO OPOSTO A ACADEMIA DA CIDADE,PTE JOSE DE BARROS LIMA,"",LADO OPOSTO A ACADEMIA DA CIDADE,JOANA BEZERRA,,CIDADE,COLISÃO TRASEIRA,SEM VITIMAS,1,,,,,1,,,,0,,Ponte,Bom,Não existe,Perfeito estado,Seca,Perfeito estado,Não existe,Não há placas,"",Dupla,Faixa contínua,Faixa seccionada,""
9430,2019-10-24T00:00:00,07:51:00,SEM VÍTIMA,FINALIZADA,DERBY,AV GOVERNADOR AGAMENON MAGALHAES,4775,"",EM FRENTE AO EDIFÍCIO THOMAS EDSON,AV GOVERNADOR AGAMENON MAGALHAES,4775,EM FRENTE AO EDIFÍCIO THOMAS EDSON,DERBY,,SUBURBIO,ABALROAMENTO LONGITUDINAL,COLISÃO SEM VITIMAS,2,,,,,,,,,0,,Longo da via,Bom,Sem defeito,Perfeito estado,Seca,Perfeito estado,Não existe,Placas Pare,"",Única,Faixa seccionada,"",""
9431,2019-10-24T00:00:00,08:04:00,SEM VÍTIMA,FINALIZADA,CASA FORTE,RUA DR JOAO SANTOS FILHO,290,"",EM FRENTE AO ESTACIONAMENTO PLACA SHOPPING CASA FORTE,RUA DR JOAO SANTOS FILHO,290,EM FRENTE AO ESTACIONAMENTO PLACA SHOPPING CASA FORTE,CASA FORTE,,CIDADE,ABALROAMENTO LONGITUDINAL,SEM VITIMAS/CTTU NO LOCAL,2,,,,,,,,,0,,Longo da via,Bom,Não existe,Perfeito estado,Seca,Perfeito estado,Agente,"",30 km/h,Única,Não existe,"",""
9432,2019-10-24T00:00:00,08:16:00,COM VÍTIMA,FINALIZADA,VASCO DA GAMA,RUA VASCO DA GAMA,503,"",EM FRENTE A IGREJA CATOLICA SÃO SEBASTIÃO,RUA VASCO DA GAMA,503,EM FRENTE A IGREJA CATOLICA SÃO SEBASTIÃO,VASCO DA GAMA,,SUBURBIO,COLISÃO TRASEIRA,CAMINHÃO E MOTO.,,1,,,,,1,,,1,,Longo da via,Bom,Não existe,Perfeito estado,Seca,Perfeito estado,Outros,Outras,30 km/h,Dupla,Não existe,"",""
9433,2019-10-24T00:00:00,08:44:00,COM VÍTIMA,FINALIZADA,COELHOS,RUA DOS COELHOS,467,"",EM FRENTE AO IMIP,RUA DOS COELHOS,467,EM FRENTE AO IMIP,COELHOS,,SUBURBIO,COLISÃO FRONTAL,AUTO E MOTO.,1,1,,,,,,,,2,,Longo da via,Bom,Sem defeito,Perfeito estado,Seca,Perfeito estado,Faixa de pedestre,R-6a,30 km/h,Dupla,Faixa contínua,"",""
9434,2019-10-24T00:00:00,09:17:00,SEM VÍTIMA,FINALIZADA,CASA AMARELA,RUA CONS PERETTI,"",RUA OSCAR DE BARROS,"",RUA CONS PERETTI,"","",CASA AMARELA,,SUBURBIO,ABALROAMENTO TRANSVERSAL,SEM VITIMAS,1,,,,,1,,,,0,,Cruzamento,Bom,Não existe,Incompleta,Seca,Perfeito estado,Não existe,Placas Pare,30 km/h,Dupla,Não existe,"",""
9435,2019-10-24T00:00:00,09:30:00,SEM VÍTIMA,FINALIZADA,DERBY,RUA JENER DE SOUZA,"","",AO LADO DO CAMPO DO QUARTEL DA PM,RUA JENER DE SOUZA,"",AO LADO DO CAMPO DO QUARTEL DA PM,DERBY,,"",ABALROAMENTO LONGITUDINAL,"SEM VITIMAS/CTTU NO LOCAL ,VT33",1,1,,,,,,,,0,,Longo da via,Bom,Não existe,Perfeito estado,Seca,Perfeito estado,Não existe,Outras,"",Dupla,Canteiro central,"",""
9436,2019-10-24T00:00:00,10:13:00,SEM VÍTIMA,FINALIZADA,BOA VIAGEM,AV MARECHAL MASCARENHAS DE MORAES,"","","",AV MARECHAL MASCARENHAS DE MORAES,"","",BOA VIAGEM,385,SUBURBIO,COLISÃO TRASEIRA,SEM VITIMAS,1,,,,,,1,,,0,,Cruzamento,Bom,Sem defeito,Perfeito estado,Seca,Perfeito estado,Faixa de pedestre,"",60 km/h,Dupla,Canteiro central,"",""
9437,2019-10-24T00:00:00,10:19:00,SEM VÍTIMA,FINALIZADA,TAMARINEIRA,RUA GOMES COUTINHO,264,"",EM FRENTE AO Nº 264,RUA GOMES COUTINHO,264,EM FRENTE AO Nº 264,TAMARINEIRA,,"",COLISÃO TRASEIRA,"",3,,,,,,,,,0,,Longo da via,Bom,Não existe,Perfeito estado,Seca,"",Outros,Outras,"",Única,"","",""
9438,2019-10-24T00:00:00,10:35:00,SEM VÍTIMA,CANCELADA,CASA AMARELA,RUA PADRE LEMOS,500,"",EM FRENTE AO CORREIOS,RUA PADRE LEMOS,500,EM FRENTE AO CORREIOS,CASA AMARELA,,"",COLISÃO,AUTO E MOTO,1,1,,,,,,,,0,,"","","","","","","","","","","","",""
9439,2019-10-24T00:00:00,11:06:00,SEM VÍTIMA,CANCELADA,ÁGUA FRIA,RUA DR EUDES COSTA,75,"",EM FRENTE A CASA LOTERICA PARAIBA,RUA DR EUDES COSTA,75,EM FRENTE A CASA LOTERICA PARAIBA,ÁGUA FRIA,,"",COLISÃO,COLISÃO SEM VITIMAS,,,,,,1,1,,,0,,"","","","","","","","","","","","",""
9440,2019-10-24T00:00:00,11:23:00,SEM VÍTIMA,CANCELADA,IMBIRIBEIRA,AV MARECHAL MASCARENHAS DE MORAES,6997,"","APOS A KRO PNEUS, SENT. AEROPORTO",AV MARECHAL MASCARENHAS DE MORAES,6997,"APOS A KRO PNEUS, SENT. AEROPORTO",IMBIRIBEIRA,,"",COLISÃO,AUTO E CAMINHÃO,1,,,,,,1,,,0,,"","","","","","","","","","","","",""
9441,2019-10-24T00:00:00,12:07:00,SEM VÍTIMA,FINALIZADA,"",AV GOVERNADOR AGAMENON MAGALHAES,1114,"",AO LADO DO TRE-PE,AV GOVERNADOR AGAMENON MAGALHAES,1114,AO LADO DO TRE-PE,"",,"",COLISÃO TRASEIRA,COLISÃO SEM VITIMAS,2,,,,,,,,,0,,Longo da via,Bom,Não existe,Perfeito estado,Seca,Perfeito estado,Não existe,Não há placas,60 km/h,Dupla,Faixa contínua,Faixa seccionada,Canteiro central
9442,2019-10-24T00:00:00,12:18:00,SEM VÍTIMA,FINALIZADA,BOA VIAGEM,AV CONSELHEIRO AGUIAR,2525,"","",AV CONSELHEIRO AGUIAR,2525,"",BOA VIAGEM,,CIDADE,ABALROAMENTO LONGITUDINAL,COLISÃO SEM VÍTIMA,2,,,,,,,,,0,,Longo da via,Bom,Não existe,Perfeito estado,Seca,Perfeito estado,Não existe,Não há placas,"",Única,Faixa seccionada,"",""
9443,2019-10-24T00:00:00,12:30:00,COM VÍTIMA,FINALIZADA,SANTO AMARO,RUA TREZE DE MAIO,"",RUA PEDRO AFONSO,AO LADO DA SOCIEDADE BIBLICA DO BRASIL,RUA TREZE DE MAIO,"",AO LADO DA SOCIEDADE BIBLICA DO BRASIL,SANTO AMARO,427,"",ABALROAMENTO LONGITUDINAL,AUTO E MOTO,1,1,,,,,,,,1,,Cruzamento,Bom,Sem defeito,Perfeito estado,Seca,Perfeito estado,"","","",Dupla,Faixa contínua,"",""
9444,2019-10-24T00:00:00,12:36:00,SEM VÍTIMA,FINALIZADA,CASA FORTE,AV DEZESSETE DE AGOSTO,1316,PRC DE CASA FORTE,"",AV DEZESSETE DE AGOSTO,1316,"",CASA FORTE,372,SUBURBIO,COLISÃO TRASEIRA,COLISAO SEM VITIMAS,1,1,,,,,,,,0,,Longo da via,Bom,Sem defeito,Perfeito estado,Seca,Perfeito estado,Faixa de pedestre,R-6a,"",Dupla,Faixa contínua,"",""
9445,2019-10-24T00:00:00,13:11:00,SEM VÍTIMA,FINALIZADA,PARNAMIRIM,RUA ASTRONAUTA NEIL ARMSTRONG,160,"",EDF. RESIDENCIAIS DO PARNAMIRIM,RUA ASTRONAUTA NEIL ARMSTRONG,160,EDF. RESIDENCIAIS DO PARNAMIRIM,PARNAMIRIM,,"",ABALROAMENTO LONGITUDINAL,COLISAO ENTRE DOIS AUTOS S/V,2,,,,,,,,,0,,Longo da via,Bom,Não existe,Perfeito estado,Seca,Perfeito estado,Não existe,Outras,"",Única,Não existe,"",""
9446,2019-10-24T00:00:00,13:57:00,SEM VÍTIMA,FINALIZADA,PINA,RUA AMADOR BUENO,209,RUA FREIRE DE ANDRADE,AO LADO DO SHOPPING RIOMAR,RUA AMADOR BUENO,209,AO LADO DO SHOPPING RIOMAR,PINA,,CIDADE,ABALROAMENTO LONGITUDINAL,COLISAO ENTRE DOIS AUTOS S/V BATEDOR DA MOTO 04 E 22 NO LOCAL,1,1,,,,,,,,0,,"",Bom,Não existe,Incompleta,Seca,"",Outros,Outras,"","","","",""
9447,2019-10-24T00:00:00,13:58:00,SEM VÍTIMA,CANCELADA,TAMARINEIRA,RUA PADRE ROMA,34,"",E/F EDF SENADOR ANTONIO FARIAS,RUA PADRE ROMA,34,E/F EDF SENADOR ANTONIO FARIAS,TAMARINEIRA,,"",COLISÃO,COLISAO SEM VITIMAS,2,,,,,,,,,0,,"","","","","","","","","","","","",""
9448,2019-10-24T00:00:00,14:51:00,SEM VÍTIMA,FINALIZADA,SANTO AMARO,RUA TREZE DE MAIO,967B,RUA FREI CASSIMIRO,EM FRENTE A BORRACHARIA MODESTO,RUA TREZE DE MAIO,967B,EM FRENTE A BORRACHARIA MODESTO,SANTO AMARO,,SUBURBIO,ABALROAMENTO TRANSVERSAL,COLISÃO SEM VÍTIMA,4,,,,,,,,,0,,Cruzamento,Bom,Não existe,Perfeito estado,Seca,Perfeito estado,Não existe,Placas Pare,"",Dupla,Faixa contínua,"",""
9449,2019-10-24T00:00:00,14:58:00,COM VÍTIMA,FINALIZADA,TEJIPIÓ,RUA FALCAO DE LACERDA,387,"",NO SEMÁFORO 285,RUA FALCAO DE LACERDA,387,NO SEMÁFORO 285,TEJIPIÓ,285,CIDADE,ABALROAMENTO TRANSVERSAL,AUTO E MOTO,1,1,,,,,,,,1,,Longo da via,Bom,Sem defeito,Perfeito estado,Seca,Perfeito estado,Faixa de pedestre,Outras,"",Dupla,Faixa contínua,"",""
9450,2019-10-24T00:00:00,15:11:00,SEM VÍTIMA,CANCELADA,MACAXEIRA,RUA MASSARANDUBA,50,"",RUA RESIDENCIAL NÃO TEM ESTABELECIMENTOS PARA REFERENCIAS,RUA MASSARANDUBA,50,RUA RESIDENCIAL NÃO TEM ESTABELECIMENTOS PARA REFERENCIAS,MACAXEIRA,,"",COLISÃO,COLISÃO SEM VÍTIMA,2,,,,,,,,,0,,"","","","","","","","","","","","",""
9451,2019-10-24T00:00:00,16:37:00,SEM VÍTIMA,FINALIZADA,SANTO ANTÔNIO,RUA DO SOL,"","",TEATRO SANTA ISABEL,RUA DO SOL,"",TEATRO SANTA ISABEL,SANTO ANTÔNIO,,CIDADE,ABALROAMENTO LONGITUDINAL,COLISAO SEM VITIMAS,1,,,,,1,,,,0,,Longo da via,Bom,Não existe,Perfeito estado,Seca,Perfeito estado,Não existe,"","",Única,Faixa seccionada,"",""
9452,2019-10-24T00:00:00,17:32:00,SEM VÍTIMA,FINALIZADA,BOA VIAGEM,RUA SA E SOUZA,"",RUA CAPITAO ZUZINHA,"",RUA SA E SOUZA,"","",BOA VIAGEM,420,"",ABALROAMENTO LONGITUDINAL,COLISÃO SEM VÍTIMA,1,,,,,1,,,,0,,Cruzamento,Bom,Sem defeito,Perfeito estado,Seca,Perfeito estado,Faixa de pedestre,Não há placas,"",Dupla,Não existe,"",""
9453,2019-10-24T00:00:00,17:55:00,SEM VÍTIMA,FINALIZADA,BAIRRO DO RECIFE,PTE GIRATORIA,"","","",PTE GIRATORIA,"","",BAIRRO DO RECIFE,477,"",ABALROAMENTO LONGITUDINAL,ENTRE ÕNIBUS E AUTO PASSEIO. S/V,1,,,,,1,,,,0,,Longo da via,Bom,"",Não existente,Seca,Mal iluminada,Não existe,Não há placas,"",Única,Não existe,"",""
9454,2019-10-24T00:00:00,18:10:00,SEM VÍTIMA,FINALIZADA,IBURA,AV DOIS RIOS,"","",EM FRENTE MR SUPERMERCADO,AV DOIS RIOS,"",EM FRENTE MR SUPERMERCADO,IBURA,325,SUBURBIO,ABALROAMENTO LONGITUDINAL,CAMINHAO X CELTA,1,,,,,,1,,,0,,Longo da via,Bom,Sem defeito,Perfeito estado,Seca,Perfeito estado,Faixa de pedestre,Não há placas,40 km/h,"",Faixa contínua,"",""
9455,2019-10-24T00:00:00,18:13:00,SEM VÍTIMA,FINALIZADA,ILHA DO RETIRO,TUNEL CHICO SCIENCE,"","",NO TÚNEL CHICO SCIENCE,TUNEL CHICO SCIENCE,"",NO TÚNEL CHICO SCIENCE,ILHA DO RETIRO,,SUBURBIO,ABALROAMENTO LONGITUDINAL,ONIBUS BORBOREMA X AUTO,1,,,,,1,,,,0,,Longo da via,Bom,Não existe,Perfeito estado,Seca,Perfeito estado,Não existe,Não há placas,"",Única,Não existe,"",""
9456,2019-10-24T00:00:00,18:22:00,SEM VÍTIMA,FINALIZADA,IMBIRIBEIRA,AV MARECHAL MASCARENHAS DE MORAES,"","",EM FRENTE AO DESKONTÃO ATACADO,AV MARECHAL MASCARENHAS DE MORAES,"",EM FRENTE AO DESKONTÃO ATACADO,IMBIRIBEIRA,,CIDADE,ABALROAMENTO LONGITUDINAL,CAMINHAO BAU X PALIO,1,,,,,,,,1,0,,Longo da via,Bom,Não existe,Perfeito estado,Seca,Perfeito estado,Não existe,Outras,60 km/h,Dupla,Faixa seccionada,Canteiro central,""
9457,2019-10-24T00:00:00,19:06:00,COM VÍTIMA,FINALIZADA,CASA AMARELA,AV NORTE,5673,RUA OSCAR DE BARROS,ENF. A MADEREIRA POLIDA E ACADEMIA DA CIDADE.,AV NORTE,5673,ENF. A MADEREIRA POLIDA E ACADEMIA DA CIDADE.,CASA AMARELA,,CIDADE,ATROPELAMENTO,MOTO X PEDESTRE,,1,,,1,,,,,2,,Longo da via,Bom,Não existe,"",Seca,Perfeito estado,Não existe,Outras,"",Dupla,Faixa seccionada,Canteiro central,""
9458,2019-10-24T00:00:00,22:10:00,SEM VÍTIMA,FINALIZADA,JARDIM SÃO PAULO,RUA LORENA,93,RUA BRAGANCA,"",RUA LORENA,93,"",JARDIM SÃO PAULO,,SUBURBIO,ABALROAMENTO TRANSVERSAL,CELTA X GOL BRANCO,2,,,,,,,,,0,,Cruzamento,Bom,Não existe,Incompleta,Seca,Perfeito estado,Não existe,Placas Pare,"",Dupla,Não existe,"",""
9459,2019-10-25T00:00:00,07:32:00,SEM VÍTIMA,FINALIZADA,ARRUDA,RUA SAO BENTO,"",AV BEBERIBE,"",RUA SAO BENTO,"","",ARRUDA,64,CIDADE,ABALROAMENTO LONGITUDINAL,CAMINHÃO E AUTO,1,,,,,,1,,,0,,Cruzamento,Bom,Sem defeito,Perfeito estado,Seca,Perfeito estado,Faixa de pedestre,"","",Única,Faixa contínua,Faixa seccionada,""
9460,2019-10-25T00:00:00,08:06:00,SEM VÍTIMA,CANCELADA,JARDIM SÃO PAULO,PRC DO JARDIM SAO PAULO,3,"",EM FRENTE A MARCELO REFEIÇÕES,PRC DO JARDIM SAO PAULO,3,EM FRENTE A MARCELO REFEIÇÕES,JARDIM SÃO PAULO,,"",COLISÃO,SEM VITIMAS,2,,,,,,,,,0,,"","","","","","","","","","","","",""
9461,2019-10-25T00:00:00,08:20:00,SEM VÍTIMA,FINALIZADA,IPSEP,RUA ALDEMAR DE OLIVEIRA,"",RUA ABDIAS CABRAL DE MOURA,"",RUA ALDEMAR DE OLIVEIRA,"","",IPSEP,,CIDADE,ABALROAMENTO LONGITUDINAL,SEM VITIMAS,1,,,,,,1,,,0,,Cruzamento,Bom,Não existe,"",Seca,Perfeito estado,Não existe,Não há placas,"",Dupla,Não existe,"",""
9462,2019-10-25T00:00:00,08:57:00,COM VÍTIMA,FINALIZADA,CASA AMARELA,EST DO ARRAIAL,2723,"",E/F AO HOSPITAL AGAMENON MAGALHAES,EST DO ARRAIAL,2723,E/F AO HOSPITAL AGAMENON MAGALHAES,CASA AMARELA,295,SUBURBIO,COLISÃO COM CICLISTA,COLISÃO C/VTIMA ENTRE ONIBUS E CICLISTA,,,,1,,1,,,,1,,Longo da via,Bom,Sem defeito,Perfeito estado,Seca,Perfeito estado,Não existe,R-6a,"",Única,Faixa seccionada,"",""
9463,2019-10-25T00:00:00,09:12:00,SEM VÍTIMA,FINALIZADA,JARDIM SÃO PAULO,PRC DO JARDIM SAO PAULO,"","",MARCELO E MERE REFEIÇÕES EM FRENTE,PRC DO JARDIM SAO PAULO,"",MARCELO E MERE REFEIÇÕES EM FRENTE,JARDIM SÃO PAULO,,SUBURBIO,COLISÃO TRASEIRA,SEM VITIMAS,2,,,,,,,,,0,,"",Bom,Não existe,Perfeito estado,Seca,Perfeito estado,"",R-34,"",Única,"","",""
9464,2019-10-25T00:00:00,09:21:00,SEM VÍTIMA,FINALIZADA,ESTÂNCIA,AV DR JOSE RUFINO,"",RUA BALIZA,AO LADO DO COLÉGIO INDEPENDÊNCIA,AV DR JOSE RUFINO,"",AO LADO DO COLÉGIO INDEPENDÊNCIA,ESTÂNCIA,,SUBURBIO,ABALROAMENTO LONGITUDINAL,SEM VITIMAS,1,,,,,1,,,,0,,"",Bom,Não existe,Perfeito estado,Seca,Perfeito estado,Não existe,"","",Dupla,Faixa contínua,"",""
9465,2019-10-25T00:00:00,09:35:00,SEM VÍTIMA,FINALIZADA,BOA VISTA,RUA DO PRINCIPE,213,"",EM FRENTE AO CALDINHO DO PRÍNCIPE,RUA DO PRINCIPE,213,EM FRENTE AO CALDINHO DO PRÍNCIPE,BOA VISTA,,CIDADE,ABALROAMENTO TRANSVERSAL,ONIBUS E AUTO,1,,,,,1,,,,0,,Longo da via,Bom,Sem defeito,Perfeito estado,Seca,Perfeito estado,Outros,Outras,"",Única,Faixa seccionada,"",""
9466,2019-10-25T00:00:00,09:44:00,SEM VÍTIMA,FINALIZADA,BOA VIAGEM,AV DES JOSE NEVES,907,"",APÓS O MARTELINHO DE OURO,AV DES JOSE NEVES,907,APÓS O MARTELINHO DE OURO,BOA VIAGEM,580,CIDADE,CHOQUE VEÍCULO PARADO,DOIS AUTOS,2,,,,,,,,,0,,Longo da via,Bom,Sem defeito,Incompleta,Seca,Mal conservada,Faixa de retenção,Não há placas,50 km/h,Dupla,Canteiro central,"",""
9467,2019-10-25T00:00:00,09:59:00,SEM VÍTIMA,FINALIZADA,SANTO ANTÔNIO,RUA FLORIANO PEIXOTO,"","",EM FRENTE A PRAÇA JOAQUIM NABUCO,RUA FLORIANO PEIXOTO,"",EM FRENTE A PRAÇA JOAQUIM NABUCO,SANTO ANTÔNIO,,SUBURBIO,ABALROAMENTO LONGITUDINAL,COLISÃO SEM VITIMAS,1,,,,,,1,,,0,,Longo da via,Bom,Sem defeito,Perfeito estado,Seca,Perfeito estado,Não existe,"","",Única,Faixa seccionada,"",""
9468,2019-10-25T00:00:00,10:53:00,SEM VÍTIMA,FINALIZADA,DERBY,AV GOVERNADOR AGAMENON MAGALHAES,"","",EM FRENTE A RADIO FACE,AV GOVERNADOR AGAMENON MAGALHAES,"",EM FRENTE A RADIO FACE,DERBY,,SUBURBIO,ABALROAMENTO LONGITUDINAL,SEM VITIMAS,1,,,,,1,,,,0,,Longo da via,Bom,Não existe,Perfeito estado,Seca,Perfeito estado,Não existe,Não há placas,"",Dupla,Canteiro central,"",""
9469,2019-10-25T00:00:00,11:26:00,SEM VÍTIMA,FINALIZADA,BOA VIAGEM,RUA DOS NAVEGANTES,1030,"","",RUA DOS NAVEGANTES,1030,"",BOA VIAGEM,,"",CHOQUE VEÍCULO PARADO,COLISÃO S/VITIMAS ENTRE DOIS AUTOS,3,,,,,,,,,0,,Longo da via,Bom,Não existe,Perfeito estado,Seca,Perfeito estado,Não existe,Não há placas,"",Única,Não existe,"",""
9470,2019-10-25T00:00:00,11:33:00,SEM VÍTIMA,FINALIZADA,MACAXEIRA,AV NORTE,"",RUA MARIA CANDIDA,NO SEMAFORO,AV NORTE,"",NO SEMAFORO,MACAXEIRA,296,CIDADE,COLISÃO TRASEIRA,SEM VITIMAS,1,1,,,,,,,,0,,"","","","","","","","","","","","",""
9471,2019-10-25T00:00:00,11:55:00,SEM VÍTIMA,FINALIZADA,BONGI,AV ENGENHEIRO ABDIAS DE CARVALHO,1701,"",EM FRENTE POSTO BR,AV ENGENHEIRO ABDIAS DE CARVALHO,1701,EM FRENTE POSTO BR,BONGI,,CIDADE,ABALROAMENTO LONGITUDINAL,COLISAO SEM VITIMAS,1,,,,,,1,,1,0,,Longo da via,Bom,Não existe,Perfeito estado,Seca,Perfeito estado,Não existe,R-6a,60 km/h,Dupla,Faixa seccionada,Canteiro central,""
9472,2019-10-25T00:00:00,12:38:00,SEM VÍTIMA,FINALIZADA,CAMPO GRANDE,RUA ODORICO MENDES,"",RUA VISCONDE DE CAIRU,PRÓXIMO AO CLUBE DAS PAZ,RUA ODORICO MENDES,"",PRÓXIMO AO CLUBE DAS PAZ,CAMPO GRANDE,,SUBURBIO,ABALROAMENTO TRANSVERSAL,COLISAO SEM VITIMAS,2,,,,,,,,,0,,Cruzamento,Bom,Não existe,Perfeito estado,Seca,Perfeito estado,Não existe,Placas Pare,"",Dupla,Faixa seccionada,"",""
9473,2019-10-25T00:00:00,12:40:00,SEM VÍTIMA,FINALIZADA,ILHA DO RETIRO,RUA TABAIARES,182,"",EM FRENTE A ESCOLA MUNICIPAL MÉRCIA DE ALBUQUERQUE FERREIRA,RUA TABAIARES,182,EM FRENTE A ESCOLA MUNICIPAL MÉRCIA DE ALBUQUERQUE FERREIRA,ILHA DO RETIRO,,CIDADE,ABALROAMENTO LONGITUDINAL,COLISAO ENTRE DOIS AUTOS S/V,2,,,,,,,,,0,,Longo da via,Bom,Não existe,Perfeito estado,Seca,Perfeito estado,Faixa de pedestre,Não há placas,"",Dupla,Faixa seccionada,"",""
9474,2019-10-25T00:00:00,12:44:00,SEM VÍTIMA,FINALIZADA,BOA VIAGEM,RUA VISCONDE DE JEQUITINHONHA,650,"",GALERIA JEQUITINHONHA,RUA VISCONDE DE JEQUITINHONHA,650,GALERIA JEQUITINHONHA,BOA VIAGEM,,SUBURBIO,COLISÃO TRASEIRA,COLISÃO SEM VÍTIMA,1,,,,,1,,,,0,,Longo da via,Bom,Não existe,Perfeito estado,Seca,Perfeito estado,Não existe,"",30 km/h,Única,Não existe,"",""
9475,2019-10-25T00:00:00,13:16:00,SEM VÍTIMA,FINALIZADA,CAXANGÁ,RUA PROFESSOR ARMANDO DE MEIRA LINS,"","",POR TRAS DA MADEREIRA ESPLENDOR,RUA PROFESSOR ARMANDO DE MEIRA LINS,"",POR TRAS DA MADEREIRA ESPLENDOR,CAXANGÁ,,"",COLISÃO,COLISAO SEM VITIMAS/ UM AUTO E UMA CARROCERIA DE CAMINHÃO SEM PLACAS,1,,,,,,1,,,0,,"","","","","","","","","","","","",""
9476,2019-10-25T00:00:00,13:21:00,SEM VÍTIMA,CANCELADA,IPSEP,AV RECIFE,"","",PROX A PIZZARIA ATLANTICO S/T SUB,AV RECIFE,"",PROX A PIZZARIA ATLANTICO S/T SUB,IPSEP,,"",COLISÃO,COLISAO ENTRE DOIS AUTOS S/V,2,,,,,,,,,0,,"","","","","","","","","","","","",""
9477,2019-10-25T00:00:00,13:22:00,COM VÍTIMA,FINALIZADA,ILHA JOANA BEZERRA,AV BEIRA RIO,"","",PRÓXIMO A ACADEMIA DA CIDADE,AV BEIRA RIO,"",PRÓXIMO A ACADEMIA DA CIDADE,ILHA JOANA BEZERRA,,"",COLISÃO FRONTAL,"",1,1,,,,,,,,1,,Longo da via,Bom,Não existe,Perfeito estado,Seca,Perfeito estado,Não existe,Não há placas,"",Dupla,Faixa contínua,"",""
9478,2019-10-25T00:00:00,13:54:00,SEM VÍTIMA,FINALIZADA,PINA,AV ANTONIO DE GOES,340,"",LOJA ICONNECT ( EM FRENTE),AV ANTONIO DE GOES,340,LOJA ICONNECT ( EM FRENTE),PINA,277,CIDADE,COLISÃO TRASEIRA,COLISÃO SEM VÍTIMA,1,1,,,,,,,,0,,Longo da via,Bom,Sem defeito,Perfeito estado,Seca,Perfeito estado,Faixa de pedestre,Não há placas,60 km/h,Única,Canteiro central,"",""
9479,2019-10-25T00:00:00,14:09:00,SEM VÍTIMA,FINALIZADA,TEJIPIÓ,RUA GENERAL MANUEL RABELO,"","",E/F A IGREJA DE TEJIPIO,RUA GENERAL MANUEL RABELO,"",E/F A IGREJA DE TEJIPIO,TEJIPIÓ,,"",ENGAVETAMENTO,ENGAVETAMENTO DE QUATRO AUTOS S/V,4,,,,,,,,,0,,"","","","","","","","","","","","",""
9480,2019-10-25T00:00:00,14:13:00,SEM VÍTIMA,FINALIZADA,ESPINHEIRO,RUA DR VICENTE MEIRA,82,"","",RUA DR VICENTE MEIRA,82,"",ESPINHEIRO,,SUBURBIO,ABALROAMENTO LONGITUDINAL,COLISÃO SEM VÍTIMA,2,,,,,,,,,0,,Longo da via,Bom,Não existe,Perfeito estado,Seca,Perfeito estado,Não existe,"",20 km/h,Dupla,Não existe,"",""