_id,DATA,hora,natureza_acidente,situacao,bairro,endereco,numero,detalhe_endereco_acidente,complemento,endereco_cruzamento,numero_cruzamento,referencia_cruzamento,bairro_cruzamento,num_semaforo,sentido_via,tipo,descricao,auto,moto,ciclom,ciclista,pedestre,onibus,caminhao,viatura,outros,vitimas,vitimasfatais,acidente_verificado,tempo_clima,situacao_semaforo,sinalizacao,condicao_via,conservacao_via,ponto_controle,situacao_placa,velocidade_max_via,mao_direcao,divisao_via1,divisao_via2,divisao_via3
9481,2019-10-25T00:00:00,14:34:00,SEM VÍTIMA,FINALIZADA,BOA VIAGEM,AV BOA VIAGEM,"","",EM FRENTE AO Nº 4632,AV BOA VIAGEM,"",EM FRENTE AO Nº 4632,BOA VIAGEM,,"",COLISÃO TRASEIRA,COLISÃO SEM VÍTIMA,2,,,,,,,,,0,,Longo da via,Bom,Não existe,Perfeito estado,Seca,Perfeito estado,Não existe,Não há placas,"",Única,Não existe,"",""
9482,2019-10-25T00:00:00,14:49:00,SEM VÍTIMA,FINALIZADA,IPSEP,RUA GONCALVES DE MAGALHAES,1090,"","",RUA GONCALVES DE MAGALHAES,1090,"",IPSEP,,CIDADE,COLISÃO TRASEIRA,COLISAO SEM VITIMAS,1,1,,,,,,,,0,,Longo da via,Bom,Não existe,Perfeito estado,Seca,Perfeito estado,"",Não há placas,"",Única,Não existe,"",""
9483,2019-10-25T00:00:00,17:05:00,SEM VÍTIMA,FINALIZADA,BOA VIAGEM,AV ENGENHEIRO DOMINGOS FERREIRA,3856,"","",AV ENGENHEIRO DOMINGOS FERREIRA,3856,"",BOA VIAGEM,,SUBURBIO,COLISÃO TRASEIRA,"",2,,,,,,,,,0,,Longo da via,Bom,"",Perfeito estado,Seca,Perfeito estado,"",Não há placas,60 km/h,Única,Canteiro central,"",""
9484,2019-10-25T00:00:00,18:08:00,SEM VÍTIMA,FINALIZADA,IMBIRIBEIRA,AV MARECHAL MASCARENHAS DE MORAES,"","",SEMÁFORO 396,AV MARECHAL MASCARENHAS DE MORAES,"",SEMÁFORO 396,IMBIRIBEIRA,396,CIDADE,ABALROAMENTO LONGITUDINAL,ENTRE MOTO E AUTO PASSEIO. S/V,1,1,,,,,,,,0,,Longo da via,Bom,Sem defeito,Perfeito estado,Seca,Perfeito estado,Faixa de pedestre,Outras,60 km/h,Dupla,Faixa seccionada,Canteiro central,""
9485,2019-10-25T00:00:00,18:20:00,SEM VÍTIMA,DUPLICIDADE,IMBIRIBEIRA,AV MARECHAL MASCARENHAS DE MORAES,945,"",ENF. A LOJA GRILLO // SENTIDO AEROPORTO,AV MARECHAL MASCARENHAS DE MORAES,945,ENF. A LOJA GRILLO // SENTIDO AEROPORTO,IMBIRIBEIRA,532,"",COLISÃO,MOTO X TAXI,1,1,,,,,,,,0,,"","","","","","","","","","","","",""
9486,2019-10-25T00:00:00,18:49:00,SEM VÍTIMA,FINALIZADA,ESPINHEIRO,AV GOVERNADOR AGAMENON MAGALHAES,"",RUA ANTONIO SIMOES,"",AV GOVERNADOR AGAMENON MAGALHAES,"","",ESPINHEIRO,,"",ABALROAMENTO LONGITUDINAL,FEIZER X BROOS,,2,,,,,,,,0,,Longo da via,Bom,Não existe,Perfeito estado,Seca,Perfeito estado,Não existe,Não há placas,"",Única,Não existe,"",""
9487,2019-10-25T00:00:00,18:55:00,SEM VÍTIMA,FINALIZADA,PARNAMIRIM,AV PARNAMIRIM,380,"","",AV PARNAMIRIM,380,"",PARNAMIRIM,,SUBURBIO,ABALROAMENTO LONGITUDINAL,ENTRE CAMINHÃO DA COCA-COLA E AUTO PASSEIO. S/V,1,,,,,,1,,,0,,Longo da via,Bom,Não existe,Perfeito estado,Seca,Perfeito estado,Não existe,R-6a,40 km/h,Única,Faixa contínua,"",""
9488,2019-10-25T00:00:00,19:51:00,SEM VÍTIMA,CANCELADA,AFLITOS,AV SANTOS DUMONT,508,RUA TELES JUNIOR,PROX A EXTRA FARMA,AV SANTOS DUMONT,508,PROX A EXTRA FARMA,AFLITOS,,"",COLISÃO,HB 20 X MOTO,1,1,,,,,,,,0,,"","","","","","","","","","","","",""
9489,2019-10-25T00:00:00,20:10:00,COM VÍTIMA,FINALIZADA,CAMPO GRANDE,RUA SAO CAETANO,"",RUA PROFESSOR FRANCISCO DA TRINDADE,PROX AO CLUBE DAS PAZ,RUA SAO CAETANO,"",PROX AO CLUBE DAS PAZ,CAMPO GRANDE,,SUBURBIO,ABALROAMENTO TRANSVERSAL,MOTO X FIAT UNO,1,1,,,,,,,,1,,Cruzamento,Bom,Não existe,Perfeito estado,Seca,Perfeito estado,Não existe,Placas Pare,"",Dupla,Faixa contínua,Faixa seccionada,""
9490,2019-10-25T00:00:00,22:40:00,SEM VÍTIMA,CANCELADA,IMBIRIBEIRA,RUA SARGENTO SILVINO DE MACEDO,241,RUA JOSE DA SILVA LUCENA,PROX A LACOMEX VINHOS DESTILADOS,RUA SARGENTO SILVINO DE MACEDO,241,PROX A LACOMEX VINHOS DESTILADOS,IMBIRIBEIRA,,"",COLISÃO,HB 20 PRATA X FORD KA,2,,,,,,,,,0,,"","","","","","","","","","","","",""
9491,2019-10-25T00:00:00,22:50:00,SEM VÍTIMA,FINALIZADA,GRAÇAS,RUA JOAQUIM NABUCO,"",AV GOVERNADOR AGAMENON MAGALHAES,OPOSTO AO HR,RUA JOAQUIM NABUCO,"",OPOSTO AO HR,GRAÇAS,174,SUBURBIO,ABALROAMENTO LONGITUDINAL,ENTRE 2 AUTOS. S/V,2,,,,,,,,,0,,Longo da via,Bom,Sem defeito,Perfeito estado,Seca,Perfeito estado,"",Não há placas,"",Única,Faixa seccionada,"",""
9492,2019-10-25T00:00:00,23:01:00,SEM VÍTIMA,FINALIZADA,SANTO AMARO,RUA DOS PALMARES,"",RUA TREZE DE MAIO,"",RUA DOS PALMARES,"","",SANTO AMARO,30,CIDADE,ABALROAMENTO TRANSVERSAL,HB 20 X SANDERO OBS: VEICULOS NAO SAI DO MEIO DA VIA EIXO QUEBRADO,2,,,,,,,,,0,,Cruzamento,Bom,Sem defeito,Perfeito estado,Seca,Perfeito estado,Faixa de pedestre,"","",Dupla,Faixa contínua,Canteiro central,""
9493,2019-10-25T00:00:00,23:13:00,SEM VÍTIMA,FINALIZADA,COHAB,AV JORNALISTA COSTA PORTO,"","",EM FRENTE A COMPESA,AV JORNALISTA COSTA PORTO,"",EM FRENTE A COMPESA,COHAB,,CIDADE,ABALROAMENTO LONGITUDINAL,ENTRE 2 AUTOS. S/V,2,,,,,,,,,0,,Longo da via,Bom,Não existe,Perfeito estado,Seca,Perfeito estado,Não existe,Não há placas,"",Dupla,Não existe,"",""
9494,2019-10-26T00:00:00,01:22:00,SEM VÍTIMA,FINALIZADA,AFOGADOS,RUA VINTE E UM DE ABRIL,"",RUA VISCONDE DE PELOTAS,SEMÁFORO 334,RUA VINTE E UM DE ABRIL,"",SEMÁFORO 334,AFOGADOS,334,"",ABALROAMENTO TRANSVERSAL,"COLISÃO ENTRE DOIS AUTOS, SEM VITÍMAS",2,,,,,,,,,0,,Cruzamento,Bom,Sem defeito,Perfeito estado,Seca,Perfeito estado,Faixa de pedestre,Outras,"",Única,Faixa seccionada,"",""
9495,2019-10-26T00:00:00,03:53:00,SEM VÍTIMA,FINALIZADA,BOA VIAGEM,AV BOA VIAGEM,3754,"",ED. PEDRA DO MAR,AV BOA VIAGEM,3754,ED. PEDRA DO MAR,BOA VIAGEM,,CIDADE,CHOQUE OBJETO FIXO,VEÍCULO CHOCOU-SE CONTRA O MURO DO EDIFÍCIO,1,,,,,,,,,0,,Longo da via,Bom,Não existe,Perfeito estado,Seca,Perfeito estado,Outros,Não há placas,"",Única,Faixa seccionada,"",""
9496,2019-10-26T00:00:00,06:13:00,SEM VÍTIMA,CANCELADA,BOA VIAGEM,RUA FELIX DE BRITO E MELO,3256,AV CONSELHEIRO AGUIAR,E/F AO BRADESCO,RUA FELIX DE BRITO E MELO,3256,E/F AO BRADESCO,BOA VIAGEM,,"",COLISÃO,"COLISÃO ENTRE DOIS AUTOS, SEM VITÍMAS",2,,,,,,,,,0,,"","","","","","","","","","","","",""
9497,2019-10-26T00:00:00,07:07:00,SEM VÍTIMA,FINALIZADA,CAMPO GRANDE,RUA FRANKLIN TAVORA,"",RUA OLIVEIRA FONSECA,EDIFÍCIO KORINTHIOS,RUA FRANKLIN TAVORA,"",EDIFÍCIO KORINTHIOS,CAMPO GRANDE,,"",ABALROAMENTO TRANSVERSAL,COLISÃO SEM VITIMAS,2,,,,,,,,,0,,Cruzamento,Bom,Não existe,Perfeito estado,Seca,Perfeito estado,"","","",Dupla,"","",""
9498,2019-10-26T00:00:00,07:53:00,SEM VÍTIMA,FINALIZADA,BOA VIAGEM,AV ENGENHEIRO DOMINGOS FERREIRA,2574,"",AO LADO DA FARMACIA INDEPENDENTE,AV ENGENHEIRO DOMINGOS FERREIRA,2574,AO LADO DA FARMACIA INDEPENDENTE,BOA VIAGEM,,SUBURBIO,ABALROAMENTO LONGITUDINAL,COLISÃO SEM VITIMAS,1,1,,,,,,,,0,,Longo da via,Bom,Sem defeito,Perfeito estado,Seca,Perfeito estado,Faixa de pedestre,R-6a,60 km/h,Única,Faixa seccionada,Canteiro central,""
9499,2019-10-26T00:00:00,09:22:00,SEM VÍTIMA,FINALIZADA,MANGABEIRA,AV NORTE,"","",SESC,AV NORTE,"",SESC,MANGABEIRA,364,SUBURBIO,CHOQUE VEÍCULO PARADO,DOIS AUTOS,2,,,,,,,,,0,,Longo da via,Bom,Sem defeito,Perfeito estado,Seca,Perfeito estado,Faixa de pedestre,Placas Pare,"",Única,Faixa contínua,"",""
9500,2019-10-26T00:00:00,11:51:00,SEM VÍTIMA,FINALIZADA,IMBIRIBEIRA,AV MARECHAL MASCARENHAS DE MORAES,3963,"",EM FRENTE A TUPAN,AV MARECHAL MASCARENHAS DE MORAES,3963,EM FRENTE A TUPAN,IMBIRIBEIRA,,CIDADE,ABALROAMENTO LONGITUDINAL,AUTO E ONIBUS,1,,,,,1,,,,0,,Longo da via,Bom,Não existe,Perfeito estado,Seca,Perfeito estado,Não existe,R-6a,"",Dupla,Faixa contínua,"",""
9501,2019-10-26T00:00:00,12:14:00,SEM VÍTIMA,FINALIZADA,"",RUA BALTAZAR PASSOS,"",RUA SA E SOUZA,ESQUINA COM A CULTURA INGLESA,RUA BALTAZAR PASSOS,"",ESQUINA COM A CULTURA INGLESA,"",,"",ABALROAMENTO TRANSVERSAL,COLISAO ENTRE DOIS AUTOS S/V,2,,,,,,,,,0,,Cruzamento,Bom,Não existe,Perfeito estado,Seca,Perfeito estado,"",Placas Pare,"",Única,"","",""
9502,2019-10-26T00:00:00,12:14:00,SEM VÍTIMA,FINALIZADA,JARDIM SÃO PAULO,AV SAO PAULO,258,"","",AV SAO PAULO,258,"",JARDIM SÃO PAULO,,SUBURBIO,ABALROAMENTO TRANSVERSAL,ENTRE DOIS AUTOS S/V,2,,,,,,,,,0,,Longo da via,Bom,Não existe,"","","",Não existe,Não há placas,30 km/h,Dupla,Não existe,"",""
9503,2019-10-26T00:00:00,12:19:00,SEM VÍTIMA,FINALIZADA,BOA VIAGEM,RUA ERNESTO DE PAULA SANTOS,803,"","",RUA ERNESTO DE PAULA SANTOS,803,"",BOA VIAGEM,,"",ABALROAMENTO LONGITUDINAL,COLISAO ENTRE ONIBUS E AUTO S/V,1,,,,,1,,,,0,,Longo da via,Bom,Não existe,Perfeito estado,Seca,Perfeito estado,"",Não há placas,"",Única,Faixa seccionada,"",""
9504,2019-10-26T00:00:00,12:20:00,SEM VÍTIMA,FINALIZADA,VÁRZEA,RUA GENERAL POLIDORO,"","",EM FRENTE AO NÚMERO 468,RUA GENERAL POLIDORO,"",EM FRENTE AO NÚMERO 468,VÁRZEA,,"",COLISÃO TRASEIRA,ONIBUS X AUTO PASSEIO S/V,1,,,,,1,,,,0,,Longo da via,Bom,Não existe,Não existente,Seca,Perfeito estado,Não existe,Não há placas,"",Dupla,Não existe,"",""
9505,2019-10-26T00:00:00,12:52:00,SEM VÍTIMA,CANCELADA,AFLITOS,RUA MANUEL DE CARVALHO,481,"",POR TRAS DO CLUBE NAUTICO,RUA MANUEL DE CARVALHO,481,POR TRAS DO CLUBE NAUTICO,AFLITOS,,"",COLISÃO,COLISAO ENTRE DOIS AUTOS S/V,2,,,,,,,,,0,,"","","","","","","","","","","","",""
9506,2019-10-26T00:00:00,13:10:00,SEM VÍTIMA,CANCELADA,GRAÇAS,AV RUI BARBOSA,"","",E/F A PEDRAGON,AV RUI BARBOSA,"",E/F A PEDRAGON,GRAÇAS,,"",COLISÃO,ENTRE DOIS AUTOS S/V,2,,,,,,,,,0,,"","","","","","","","","","","","",""
9507,2019-10-26T00:00:00,13:10:00,SEM VÍTIMA,CANCELADA,BOA VIAGEM,RUA CAPITAO ZUZINHA,210,"",E/F A MAISON CHRISTAL RECEPÇOES,RUA CAPITAO ZUZINHA,210,E/F A MAISON CHRISTAL RECEPÇOES,BOA VIAGEM,,"",COLISÃO,COLISAO ENTRE DOIS AUTOS S/V,2,,,,,,,,,0,,"","","","","","","","","","","","",""
9508,2019-10-26T00:00:00,13:46:00,SEM VÍTIMA,CANCELADA,CORDEIRO,RUA GOMES TABORDA,"","",E/F A PADARIA SONHO DE MEL,RUA GOMES TABORDA,"",E/F A PADARIA SONHO DE MEL,CORDEIRO,,"",COLISÃO,COLISAO ENTRE AUTO E MOTO S/V,1,1,,,,,,,,0,,"","","","","","","","","","","","",""
9509,2019-10-26T00:00:00,13:55:00,COM VÍTIMA,FINALIZADA,CAMPO GRANDE,RUA MARQUES DE BAIPENDI,82,"",PROX A PRAÇA DO HIPODROMO,RUA MARQUES DE BAIPENDI,82,PROX A PRAÇA DO HIPODROMO,CAMPO GRANDE,,SUBURBIO,ABALROAMENTO TRANSVERSAL,COLISAO ENTRE TAXI E MOTO COM UMA VITIMA,1,1,,,,,,,,1,,Cruzamento,Bom,Não existe,Não existente,Seca,Perfeito estado,Não existe,Não há placas,"",Dupla,Não existe,"",""
9510,2019-10-26T00:00:00,15:00:00,SEM VÍTIMA,FINALIZADA,BOA VIAGEM,RUA DHALIA,67,"",E/F AO HOTEL FIT,RUA DHALIA,67,E/F AO HOTEL FIT,BOA VIAGEM,,"",COLISÃO,COLISAO ENTRE DOIS AUTOS S/V,2,,,,,,,,,0,,"","","","","","","","","","","","",""
9511,2019-10-26T00:00:00,15:14:00,SEM VÍTIMA,PENDENTE,IBURA,RUA JORNALISTA EDSON REGIS,"","",E/F AO CRISTAL HOTEL,RUA JORNALISTA EDSON REGIS,"",E/F AO CRISTAL HOTEL,IBURA,,"",COLISÃO,COLISAO ENTRE AUTO E MOTO S/V,1,1,,,,,,,,0,,"","","","","","","","","","","","",""
9512,2019-10-26T00:00:00,15:54:00,SEM VÍTIMA,FINALIZADA,IPSEP,AV RECIFE,2843,"",EM FRENTE AO SEMÁFORO DE Nº 337,AV RECIFE,2843,EM FRENTE AO SEMÁFORO DE Nº 337,IPSEP,337,"",COLISÃO TRASEIRA,COLISAO ENTRE DOIS AUTOS S/V,2,,,,,,,,,0,,Longo da via,Bom,Sem defeito,Perfeito estado,Seca,Perfeito estado,Faixa de pedestre,Outras,"",Dupla,Canteiro central,"",""
9513,2019-10-26T00:00:00,16:20:00,SEM VÍTIMA,CANCELADA,IBURA,AV QUEIXARAMOBIM,"","",NO TERMINAL DO UR2,AV QUEIXARAMOBIM,"",NO TERMINAL DO UR2,IBURA,,"",COLISÃO,COLISAO ENTRE MOTO E ONIBUSS/V,1,1,,,,,,,,0,,"","","","","","","","","","","","",""
9514,2019-10-26T00:00:00,16:27:00,SEM VÍTIMA,FINALIZADA,TORRE,RUA MARCOS ANDRE,"","",POR TRÁS DO ANTIGO BANORTE,RUA MARCOS ANDRE,"",POR TRÁS DO ANTIGO BANORTE,TORRE,,SUBURBIO,CHOQUE VEÍCULO PARADO,"",2,,,,,,,,,0,,Longo da via,Bom,Não existe,Incompleta,Seca,Perfeito estado,"","","",Dupla,Faixa contínua,"",""
9515,2019-10-26T00:00:00,17:18:00,SEM VÍTIMA,FINALIZADA,VÁRZEA,RUA PROFESSOR CHAVES BATISTA,4474,AV CAXANGA,"",RUA PROFESSOR CHAVES BATISTA,4474,"",VÁRZEA,230,"",COLISÃO TRASEIRA,COLISAO SEM VITIMAS,2,,,,,,,,,0,,Cruzamento,Bom,Sem defeito,Perfeito estado,Seca,Perfeito estado,"",Outras,60 km/h,Única,Faixa seccionada,"",""
9516,2019-10-26T00:00:00,19:13:00,SEM VÍTIMA,FINALIZADA,DERBY,AV GOVERNADOR AGAMENON MAGALHAES,211,"","",AV GOVERNADOR AGAMENON MAGALHAES,211,"",DERBY,,SUBURBIO,COLISÃO TRASEIRA,TRES AUTOS,3,,,,,,,,,0,,Longo da via,Bom,Não existe,Perfeito estado,Seca,Perfeito estado,Outros,Outras,"",Única,Faixa seccionada,"",""
9517,2019-10-26T00:00:00,20:48:00,COM VÍTIMA,FINALIZADA,IPUTINGA,RUA DES OSCAR COUTINHO,"",RUA LEAL DE BARROS,PROX A PADARIA PURA MASSA,RUA DES OSCAR COUTINHO,"",PROX A PADARIA PURA MASSA,IPUTINGA,,SUBURBIO,ABALROAMENTO TRANSVERSAL,COLISAO COM VITIMAS,1,1,,,,,,,,2,,Longo da via,Bom,Não existe,Não existente,Seca,Perfeito estado,"",Não há placas,30 km/h,Dupla,Não existe,"",""
9518,2019-10-26T00:00:00,22:14:00,SEM VÍTIMA,FINALIZADA,CAMPO GRANDE,RUA FRANKLIN TAVORA,"",RUA FARIAS NEVES,"",RUA FRANKLIN TAVORA,"","",CAMPO GRANDE,,SUBURBIO,COLISÃO TRASEIRA,FORD KA X ONIX BRANCO,2,,,,,,,,,0,,Cruzamento,Bom,Não existe,Ilegível,"",Perfeito estado,Faixa de retenção,Não há placas,"",Dupla,Não existe,"",""
9519,2019-10-26T00:00:00,22:20:00,SEM VÍTIMA,FINALIZADA,PINA,AV ANTONIO DE GOES,"","",POSTO BR,AV ANTONIO DE GOES,"",POSTO BR,PINA,,SUBURBIO,ABALROAMENTO LONGITUDINAL,COLISAO SEM VITIMAS,2,,,,,,,,,0,,Longo da via,Bom,Sem defeito,Perfeito estado,Seca,Perfeito estado,Faixa de pedestre,Não há placas,"",Única,Faixa seccionada,"",""
9520,2019-10-26T00:00:00,22:32:00,COM VÍTIMA,FINALIZADA,BOA VIAGEM,AV CONSELHEIRO AGUIAR,"",RUA MARIA CAROLINA,CRUZAMENTO MESMO,AV CONSELHEIRO AGUIAR,"",CRUZAMENTO MESMO,BOA VIAGEM,,CIDADE,ABALROAMENTO LONGITUDINAL,COLISAO COM VITIMAS,1,1,,,,,,,,1,,Longo da via,Bom,Não existe,Perfeito estado,Seca,Perfeito estado,"",Outras,"",Única,Faixa seccionada,"",""
9521,2019-10-27T00:00:00,01:13:00,SEM VÍTIMA,FINALIZADA,BAIRRO DO RECIFE,RUA MARIZ E BARROS,"",RUA DA MOEDA,LADO OPOSTO AO Nº 113,RUA MARIZ E BARROS,"",LADO OPOSTO AO Nº 113,BAIRRO DO RECIFE,,CIDADE,CHOQUE VEÍCULO PARADO,COLISÃO ENTRE DOIS AUTOS S/V,2,,,,,,,,,0,,Longo da via,Bom,Sem defeito,Perfeito estado,Seca,Perfeito estado,Não existe,"","",Única,Não existe,"",""
9522,2019-10-27T00:00:00,04:03:00,SEM VÍTIMA,FINALIZADA,DERBY,PRC DO DERBY,"","",10 METROS ANTES CRUZAMENTO RUA JENER DE SOUZA,PRC DO DERBY,"",10 METROS ANTES CRUZAMENTO RUA JENER DE SOUZA,DERBY,,CIDADE,CHOQUE VEÍCULO PARADO,COLISÃO ENTRE TRÊS AUTOS S/V,2,,,,,,,,,0,,Longo da via,Bom,Sem defeito,Incompleta,Seca,Mal iluminada,Não existe,Não há placas,"",Única,Faixa seccionada,"",""
9523,2019-10-27T00:00:00,06:20:00,SEM VÍTIMA,FINALIZADA,BOA VIAGEM,RUA TENENTE DOMINGOS DE BRITO,500,"","",RUA TENENTE DOMINGOS DE BRITO,500,"",BOA VIAGEM,,"",CHOQUE VEÍCULO PARADO,DOIS AUTOS,2,,,,,,,,,0,,Longo da via,Bom,Não existe,Ilegível,Seca,Mal iluminada,Não existe,Não há placas,"",Única,Não existe,"",""
9524,2019-10-27T00:00:00,07:48:00,SEM VÍTIMA,FINALIZADA,BOA VIAGEM,RUA DOS NAVEGANTES,74,"",PROX. A CONSTRUTORA CASA ALTA,RUA DOS NAVEGANTES,74,PROX. A CONSTRUTORA CASA ALTA,BOA VIAGEM,,"",COLISÃO,DOIS AUTOS,2,,,,,,,,,0,,"","","","","","","","","","","","",""
9525,2019-10-27T00:00:00,08:26:00,SEM VÍTIMA,FINALIZADA,BOA VIAGEM,RUA JONATHAS DE VASCONCELOS,1368,"",EM FRENTE A UNINASSAU,RUA JONATHAS DE VASCONCELOS,1368,EM FRENTE A UNINASSAU,BOA VIAGEM,,"",COLISÃO,DOIS AUTOS,2,,,,,,,,,0,,"","","","","","","","","","","","",""
9526,2019-10-27T00:00:00,09:29:00,SEM VÍTIMA,FINALIZADA,DOIS UNIDOS,AV HILDEBRANDO DE VASCONCELOS,"","",EM FRENTE A COMPESA,AV HILDEBRANDO DE VASCONCELOS,"",EM FRENTE A COMPESA,DOIS UNIDOS,,SUBURBIO,CHOQUE OBJETO FIXO,VEÍCULO CHOCOU-SE COM UM POSTE,1,,,,,,,,,0,,Longo da via,Bom,Não existe,Perfeito estado,Seca,Perfeito estado,"","","",Dupla,"","",""
9527,2019-10-27T00:00:00,10:07:00,SEM VÍTIMA,FINALIZADA,TORRE,RUA JOSE BONIFACIO,"",RUA MARCOS ANDRE,AO LADO DO CARREFOUR,RUA JOSE BONIFACIO,"",AO LADO DO CARREFOUR,TORRE,487,CIDADE,ABALROAMENTO LONGITUDINAL,DOIS AUTOS,2,,,,,,,,,0,,Cruzamento,Bom,Sem defeito,Perfeito estado,Seca,Perfeito estado,"","","","","","",""
9528,2019-10-27T00:00:00,12:00:00,COM VÍTIMA,FINALIZADA,ESPINHEIRO,AV NORTE,"",RUA MARQUES DO PARANA,EM FRENTE A NISSAN. PROIMO À ESCOLA DE FREVO,AV NORTE,"",EM FRENTE A NISSAN. PROIMO À ESCOLA DE FREVO,ESPINHEIRO,56,"",ABALROAMENTO TRANSVERSAL,"COM UMA VITIMA ,SAMU NO LOCAL,",1,1,,,,,,,,1,,Cruzamento,Bom,Sem defeito,Perfeito estado,Seca,Perfeito estado,Faixa de pedestre,R-4b,"",Dupla,Canteiro central,"",""
9529,2019-10-27T00:00:00,13:02:00,SEM VÍTIMA,FINALIZADA,PINA,AV ANTONIO DE GOES,"","",TÚNEL JOSUÉ DE CASTRO,AV ANTONIO DE GOES,"",TÚNEL JOSUÉ DE CASTRO,PINA,,CIDADE,COLISÃO TRASEIRA,COLISÃO SEM VÍTIMA,2,,,,,,,,,0,,"",Bom,Não existe,Não existente,Seca,Perfeito estado,Não existe,Não há placas,"",Única,Faixa seccionada,"",""
9530,2019-10-27T00:00:00,13:43:00,COM VÍTIMA,FINALIZADA,BOA VIAGEM,RUA PADRE BERNADINO PESSOA,"",RUA MINISTRO NELSON HUNGRIA,"",RUA PADRE BERNADINO PESSOA,"","",BOA VIAGEM,,"",ABALROAMENTO TRANSVERSAL,"COM TRÊS VITIMAS, AS DUAS VÍTIMAS DA MOTO SOCORRIDAS POR ORGÃO OFICIAL E O CONDUTOR DO AUTO SOCORRIDO POR MEIOS PRÓPRIOS",1,1,,,,,,,,3,,Cruzamento,Bom,Não existe,Perfeito estado,Seca,Perfeito estado,Faixa de pedestre,"",40 km/h,Única,Não existe,"",""
9531,2019-10-27T00:00:00,15:20:00,COM VÍTIMA,FINALIZADA,NOVA DESCOBERTA,RUA NOVA DESCOBERTA,1838,"","",RUA NOVA DESCOBERTA,1838,"",NOVA DESCOBERTA,,SUBURBIO,ABALROAMENTO LONGITUDINAL,COLISAO COM VITIMAS,,2,,,,,,,,3,,Longo da via,"",Não existe,Ilegível,Seca,Perfeito estado,Não existe,Outras,"",Dupla,Faixa contínua,Faixa seccionada,""
9532,2019-10-27T00:00:00,16:55:00,COM VÍTIMA,FINALIZADA,BARRO,AV DR JOSE RUFINO,2203,"",EM FRENTE AO COLEGIO IMACULADA,AV DR JOSE RUFINO,2203,EM FRENTE AO COLEGIO IMACULADA,BARRO,,CIDADE,COLISÃO FRONTAL,"COM DUAS VITIMAS ,BOMBEIROS NO LOCAL/VT 15 CTTU NO LOCAL",1,1,,,,,,,,2,,Longo da via,Bom,Sem defeito,Perfeito estado,Seca,Perfeito estado,Faixa de retenção,Outras,40 km/h,Dupla,Faixa contínua,"",""
9533,2019-10-27T00:00:00,17:48:00,SEM VÍTIMA,FINALIZADA,PAISSANDU,TUNEL CHICO SCIENCE,"","",SOB O TÚNEL CHICO SCIENCE,TUNEL CHICO SCIENCE,"",SOB O TÚNEL CHICO SCIENCE,PAISSANDU,,CIDADE,ABALROAMENTO LONGITUDINAL,ENTRE 2 AUTOS. S/V,2,,,,,,,,,0,,"",Bom,Não existe,Perfeito estado,Seca,Perfeito estado,Não existe,Não há placas,"",Única,Faixa contínua,"",""
9534,2019-10-27T00:00:00,18:52:00,SEM VÍTIMA,FINALIZADA,DERBY,AV GOVERNADOR AGAMENON MAGALHAES,"","",EM FRENTE AO BANCO DO BRASIL - VIA LOCAL,AV GOVERNADOR AGAMENON MAGALHAES,"",EM FRENTE AO BANCO DO BRASIL - VIA LOCAL,DERBY,,"",ABALROAMENTO LONGITUDINAL,ENTRE 2 AUTOS. S/V,2,,,,,,,,,0,,Longo da via,Bom,Não existe,Perfeito estado,Seca,Perfeito estado,Não existe,Outras,"",Dupla,Canteiro central,"",""
9535,2019-10-27T00:00:00,19:27:00,SEM VÍTIMA,FINALIZADA,SANTO ANTÔNIO,AV N S DO CARMO,50,"","",AV N S DO CARMO,50,"",SANTO ANTÔNIO,,"",ABALROAMENTO LONGITUDINAL,ONIBUS X AUTO PASSEIO S/V,1,,,,,1,,,,0,,Longo da via,Bom,Não existe,Perfeito estado,Seca,Perfeito estado,Não existe,Outras,"",Dupla,Faixa contínua,"",""
9536,2019-10-27T00:00:00,19:39:00,SEM VÍTIMA,CANCELADA,BOA VIAGEM,RUA JOSE DOMINGUES DA SILVA,113,"",NA RUA DA FARMACIA PERMANENTE,RUA JOSE DOMINGUES DA SILVA,113,NA RUA DA FARMACIA PERMANENTE,BOA VIAGEM,,"",COLISÃO,ENTRE AUTO E MOTO. S/V,1,1,,,,,,,,0,,"","","","","","","","","","","","",""
9537,2019-10-27T00:00:00,19:54:00,SEM VÍTIMA,FINALIZADA,VÁRZEA,AV BARAO DE BONITO,"","",EM FRENTE AO Nº 343,AV BARAO DE BONITO,"",EM FRENTE AO Nº 343,VÁRZEA,,SUBURBIO,ABALROAMENTO LONGITUDINAL,ENTRE DOIS AUTOS S/V,2,,,,,,,,,0,,Longo da via,Bom,Não existe,Incompleta,Seca,Perfeito estado,Não existe,"","",Dupla,Não existe,"",""
9538,2019-10-27T00:00:00,20:49:00,SEM VÍTIMA,FINALIZADA,PRADO,AV ENGENHEIRO ABDIAS DE CARVALHO,"",RUA JOAO IVO DA SILVA,"",AV ENGENHEIRO ABDIAS DE CARVALHO,"","",PRADO,132,SUBURBIO,ABALROAMENTO LONGITUDINAL,ENTRE 2 AUTOS. S/V,2,,,,,,,,,0,,Cruzamento,Bom,Sem defeito,Perfeito estado,Seca,Perfeito estado,Faixa de pedestre,Não há placas,60 km/h,Dupla,Canteiro central,"",""