_id,DATA,hora,natureza_acidente,situacao,bairro,endereco,numero,detalhe_endereco_acidente,complemento,endereco_cruzamento,numero_cruzamento,referencia_cruzamento,bairro_cruzamento,num_semaforo,sentido_via,tipo,descricao,auto,moto,ciclom,ciclista,pedestre,onibus,caminhao,viatura,outros,vitimas,vitimasfatais,acidente_verificado,tempo_clima,situacao_semaforo,sinalizacao,condicao_via,conservacao_via,ponto_controle,situacao_placa,velocidade_max_via,mao_direcao,divisao_via1,divisao_via2,divisao_via3
9539,2019-10-28T00:00:00,07:11:00,SEM VÍTIMA,FINALIZADA,CORDEIRO,AV MAURICIO DE NASSAU,"",RUA DR JOAO LACERDA,"",AV MAURICIO DE NASSAU,"","",CORDEIRO,597,CIDADE,ABALROAMENTO LONGITUDINAL,SEM VITIMAS,1,,,,,,1,,,0,,Longo da via,Bom,Sem defeito,Perfeito estado,Seca,Perfeito estado,Faixa de pedestre,Não há placas,30 km/h,Dupla,Faixa seccionada,"",""
9540,2019-10-28T00:00:00,08:40:00,SEM VÍTIMA,FINALIZADA,ÁGUA FRIA,RUA DR EUDES COSTA,21,"",JUNIOR MOVEIS,RUA DR EUDES COSTA,21,JUNIOR MOVEIS,ÁGUA FRIA,,"",ABALROAMENTO LONGITUDINAL,COLISÃO SEM VITIMAS,2,,,,,,,,,0,,Longo da via,Bom,Não existe,Perfeito estado,Seca,Perfeito estado,Não existe,Outras,"",Dupla,Faixa seccionada,"",""
9541,2019-10-28T00:00:00,08:43:00,SEM VÍTIMA,FINALIZADA,CORDEIRO,AV INACIO MONTEIRO,"",RUA DR MIGUEL VIEIRA FERREIRA,"",AV INACIO MONTEIRO,"","",CORDEIRO,566,"",ABALROAMENTO TRANSVERSAL,COLISÃO S/VITIMAS ENTRE DOIS AUTOS,2,,,,,,,,,0,,Cruzamento,Bom,Sem defeito,Perfeito estado,Seca,Perfeito estado,Faixa de pedestre,"","",Dupla,"","",""
9542,2019-10-28T00:00:00,09:20:00,SEM VÍTIMA,FINALIZADA,ESTÂNCIA,AV DR JOSE RUFINO,"",RUA MORAIS E SILVA,"",AV DR JOSE RUFINO,"","",ESTÂNCIA,,SUBURBIO,ABALROAMENTO TRANSVERSAL,COLISÃO S/VITIMAS ENTRE UM CAMINHÃO E UM AUTO,1,,,,,,1,,,0,,Cruzamento,Bom,Não existe,Ilegível,Seca,Perfeito estado,Não existe,Outras,40 km/h,Dupla,Faixa contínua,"",""
9543,2019-10-28T00:00:00,10:06:00,SEM VÍTIMA,FINALIZADA,SAN MARTIN,AV GENERAL SAN MARTIN,"","",LADO OPOSTO A CAVALARIA DA PMPE,AV GENERAL SAN MARTIN,"",LADO OPOSTO A CAVALARIA DA PMPE,SAN MARTIN,326,SUBURBIO,COLISÃO TRASEIRA,COLISÃO S/VITIMAS ENTRE DOIS AUTOS,2,,,,,,,,,0,,Longo da via,Bom,Sem defeito,Perfeito estado,Seca,Perfeito estado,Faixa de pedestre,R-6a,"",Dupla,"","",""
9544,2019-10-28T00:00:00,10:09:00,SEM VÍTIMA,FINALIZADA,BOA VIAGEM,AV CONSELHEIRO AGUIAR,2034,RUA PROFESSOR OSIAS RIBEIRO,"",AV CONSELHEIRO AGUIAR,2034,"",BOA VIAGEM,,CIDADE,COLISÃO TRASEIRA,dois auto,2,,,,,,,,,0,,Longo da via,Bom,Não existe,Perfeito estado,Seca,Perfeito estado,Não existe,Não há placas,"",Única,Faixa seccionada,"",""
9545,2019-10-28T00:00:00,11:00:00,SEM VÍTIMA,FINALIZADA,MADALENA,RUA CLOVIS BEVILAQUA,115,"","",RUA CLOVIS BEVILAQUA,115,"",MADALENA,,"",ABALROAMENTO LONGITUDINAL,COLISÃO SEM VTIMAS,2,,,,,,,,,0,,Longo da via,Bom,Não existe,Não existente,Seca,Perfeito estado,Não existe,Não há placas,"",Dupla,Não existe,"",""
9546,2019-10-28T00:00:00,11:18:00,COM VÍTIMA,FINALIZADA,PRADO,EST DO BONGI,97,RUA COSME VIANA,EM FRENTE A IGREJA BATISTA DOS REMEDIOS,EST DO BONGI,97,EM FRENTE A IGREJA BATISTA DOS REMEDIOS,PRADO,100,CIDADE,COLISÃO COM CICLISTA,COM UMA VITIMA SENDO SOCORRIDA PELO SAMU,1,,,1,,,,,,1,,Longo da via,Bom,Sem defeito,Perfeito estado,Seca,Perfeito estado,Não existe,R-4b,"",Dupla,Não existe,"",""
9547,2019-10-28T00:00:00,11:23:00,SEM VÍTIMA,FINALIZADA,MADALENA,RUA JOSE OSORIO,886,"",EM FRENTE AO Nº 886,RUA JOSE OSORIO,886,EM FRENTE AO Nº 886,MADALENA,,SUBURBIO,COLISÃO TRASEIRA,TRES AUTOS,2,,,,,,,,,0,,Longo da via,Bom,Não existe,Incompleta,Seca,Perfeito estado,Não existe,"","",Dupla,Faixa contínua,"",""
9548,2019-10-28T00:00:00,11:29:00,SEM VÍTIMA,FINALIZADA,BOA VIAGEM,RUA SERINHAEM,44,RUA BRUNO VELOSO,"",RUA SERINHAEM,44,"",BOA VIAGEM,,SUBURBIO,ABALROAMENTO LONGITUDINAL,AUTO E CAMINHAO,1,,,,,,1,,,0,,Longo da via,Bom,Não existe,Não existente,Seca,Perfeito estado,Não existe,Outras,"",Única,Não existe,"",""
9549,2019-10-28T00:00:00,11:31:00,SEM VÍTIMA,CANCELADA,ESTÂNCIA,RUA NOSSA SENHORA DE FATIMA,18,"",AOLADO DA RECIPÃO,RUA NOSSA SENHORA DE FATIMA,18,AOLADO DA RECIPÃO,ESTÂNCIA,261,"",COLISÃO,COLISAO S/VITIMAS ENTRE DOIS AUTOS,2,,,,,,,,,0,,"","","","","","","","","","","","",""
9550,2019-10-28T00:00:00,12:32:00,SEM VÍTIMA,CANCELADA,BOA VIAGEM,AV CONSELHEIRO AGUIAR,1350,"",EM FRENTE AO CONJUNTO PERNAMBUCANO,AV CONSELHEIRO AGUIAR,1350,EM FRENTE AO CONJUNTO PERNAMBUCANO,BOA VIAGEM,,"",COLISÃO,COLISÃO SEM VÍTIMA,2,,,,,,,,,0,,"","","","","","","","","","","","",""
9551,2019-10-28T00:00:00,12:48:00,COM VÍTIMA,FINALIZADA,PINA,AV CONSELHEIRO AGUIAR,1212,"",E/F A CASA DESIGNER,AV CONSELHEIRO AGUIAR,1212,E/F A CASA DESIGNER,PINA,,CIDADE,ABALROAMENTO TRANSVERSAL,COLISAO ENTRE AUTO E MOTO COM UMA VITIMA,1,1,,,,,,,,1,,Cruzamento,Bom,Sem defeito,Perfeito estado,Seca,Perfeito estado,Não existe,Outras,"",Única,Faixa seccionada,"",""
9552,2019-10-28T00:00:00,12:53:00,COM VÍTIMA,FINALIZADA,MADALENA,RUA JOSE OSORIO,"","",EM FRENTE A AVS MULTIMARCAS,RUA JOSE OSORIO,"",EM FRENTE A AVS MULTIMARCAS,MADALENA,489,"",COLISÃO,COLISÃO COM VÍTIMA,1,1,,,,,,,,2,,"","","","","","","","","","","","",""
9553,2019-10-28T00:00:00,13:03:00,SEM VÍTIMA,FINALIZADA,MADALENA,RUA BENFICA,960,"",CASA DA BATERIA,RUA BENFICA,960,CASA DA BATERIA,MADALENA,51,CIDADE,ABALROAMENTO LONGITUDINAL,COLISÃO SEM VÍTIMA,2,,,,,,,,,0,,Longo da via,Bom,Sem defeito,Perfeito estado,Seca,Perfeito estado,Faixa de pedestre,Outras,"","","","",""
9554,2019-10-28T00:00:00,13:05:00,SEM VÍTIMA,FINALIZADA,SANTO AMARO,AV GOVERNADOR AGAMENON MAGALHAES,"","",VIADUTO INDEPENDÊNCIA,AV GOVERNADOR AGAMENON MAGALHAES,"",VIADUTO INDEPENDÊNCIA,SANTO AMARO,,"",COLISÃO TRASEIRA,COLISAO ENTRE DOIS AUTOS S/V,2,,,,,,,,,0,,Viaduto,Bom,Não existe,Perfeito estado,Seca,Perfeito estado,Não existe,Não há placas,"",Dupla,Canal,"",""
9555,2019-10-28T00:00:00,13:16:00,SEM VÍTIMA,FINALIZADA,BOA VISTA,RUA DA AURORA,"",RUA PRINCESA IZABEL,"",RUA DA AURORA,"","",BOA VISTA,,CIDADE,ABALROAMENTO LONGITUDINAL,COLISÃO SEM VÍTIMA,1,,,,,1,,,,0,,Cruzamento,Bom,Sem defeito,Perfeito estado,Seca,Perfeito estado,Faixa de pedestre,Outras,40 km/h,Única,Não existe,"",""
9556,2019-10-28T00:00:00,13:41:00,COM VÍTIMA,FINALIZADA,AREIAS,AV DR JOSE RUFINO,"",RUA IPOJUCA,E/F AO POSTO SHELL. IGREJA PRESBITERIANA DE AREIAS,AV DR JOSE RUFINO,"",E/F AO POSTO SHELL. IGREJA PRESBITERIANA DE AREIAS,AREIAS,44,"",ABALROAMENTO LONGITUDINAL,MOTO X AUTO PASSEIO COM VÍTIMA,1,1,,,,,,,,1,,Longo da via,Bom,Sem defeito,Perfeito estado,Seca,Perfeito estado,Faixa de pedestre,"","",Dupla,Faixa contínua,"",""
9557,2019-10-28T00:00:00,13:50:00,SEM VÍTIMA,FINALIZADA,CORDEIRO,AV CAXANGA,"","","",AV CAXANGA,"","",CORDEIRO,234,CIDADE,COLISÃO TRASEIRA,ENTRE DOIS AUTOS S/V,2,,,,,,,,,0,,Longo da via,Bom,Sem defeito,Perfeito estado,Seca,Perfeito estado,Faixa de pedestre,"","",Dupla,Faixa contínua,Faixa seccionada,Canteiro central
9558,2019-10-28T00:00:00,14:33:00,COM VÍTIMA,FINALIZADA,BARRO,AV DR JOSE RUFINO,"","",PROXIMO AO POSTO IMPERIO E AO PARK SOCIETY DO BARRO,AV DR JOSE RUFINO,"",PROXIMO AO POSTO IMPERIO E AO PARK SOCIETY DO BARRO,BARRO,,CIDADE,ABALROAMENTO LONGITUDINAL,COLISÃO COM VÍTIMA,1,1,,,,,,,,1,,Longo da via,Bom,Não existe,Perfeito estado,Seca,Perfeito estado,"","","",Dupla,"","",""
9559,2019-10-28T00:00:00,14:53:00,SEM VÍTIMA,FINALIZADA,BOA VIAGEM,RUA FELIX DE BRITO E MELO,"",AV FERNANDO SIMOES BARBOSA,AO LADO DO BIG BOMPREÇO,RUA FELIX DE BRITO E MELO,"",AO LADO DO BIG BOMPREÇO,BOA VIAGEM,544,SUBURBIO,COLISÃO TRASEIRA,ENTRE DOIS AUTOS S/V,2,,,,,,,,,0,,Cruzamento,Bom,Sem defeito,Perfeito estado,Seca,Perfeito estado,"",Não há placas,"",Única,Não existe,"",""
9560,2019-10-28T00:00:00,15:26:00,SEM VÍTIMA,FINALIZADA,PAISSANDU,RUA GENERAL JOAQUIM INACIO,"","",EM FRENTE AO SEMÁFORO Nº 653,RUA GENERAL JOAQUIM INACIO,"",EM FRENTE AO SEMÁFORO Nº 653,PAISSANDU,653,SUBURBIO,ABALROAMENTO TRANSVERSAL,COLISAO ENTRE DOIS AUTOS S/V,2,,,,,,,,,0,,Longo da via,Bom,Sem defeito,Perfeito estado,Seca,Perfeito estado,Não existe,R-6a,"",Dupla,Faixa contínua,"",""
9561,2019-10-28T00:00:00,15:30:00,SEM VÍTIMA,FINALIZADA,BOA VIAGEM,RUA ERNESTO DE PAULA SANTOS,775,"",EM FRENTE AO LINK FESTAS,RUA ERNESTO DE PAULA SANTOS,775,EM FRENTE AO LINK FESTAS,BOA VIAGEM,,"",ABALROAMENTO LONGITUDINAL,DOIS AUTOS S/V,2,,,,,,,,,0,,Longo da via,Bom,Não existe,Perfeito estado,Seca,Perfeito estado,Não existe,R-6a,40 km/h,Única,Faixa seccionada,"",""
9562,2019-10-28T00:00:00,16:23:00,SEM VÍTIMA,FINALIZADA,BOA VIAGEM,RUA TENENTE JOAO CICERO,"",RUA FRANCISCO DA CUNHA,"",RUA TENENTE JOAO CICERO,"","",BOA VIAGEM,,"",ABALROAMENTO LONGITUDINAL,ENTRE DOIS AUTOS S/V,1,,,,,,1,,,0,,Cruzamento,Bom,Não existe,Perfeito estado,Seca,Perfeito estado,"",Placas Pare,"",Única,Não existe,"",""
9563,2019-10-28T00:00:00,17:17:00,SEM VÍTIMA,FINALIZADA,TAMARINEIRA,AV NORTE,3714,"","",AV NORTE,3714,"",TAMARINEIRA,,SUBURBIO,COLISÃO TRASEIRA,COLISAO ENTRE TRES AUTOS S/V,3,,,,,,,,,0,,Longo da via,Bom,Não existe,Perfeito estado,Seca,Perfeito estado,Não existe,Não há placas,60 km/h,Dupla,Canteiro central,"",""
9564,2019-10-28T00:00:00,17:22:00,SEM VÍTIMA,EQUIPE EM DESLOCAMENTO,CORDEIRO,AV ENGENHEIRO ABDIAS DE CARVALHO,2840,"",CAMARÃO DO LÉO,AV ENGENHEIRO ABDIAS DE CARVALHO,2840,CAMARÃO DO LÉO,CORDEIRO,,SUBURBIO,COLISÃO TRASEIRA,COLISAO ENTRE CAMINHAO E AUTOS S/V,1,,,,,,,,1,0,,Longo da via,Bom,"",Perfeito estado,Seca,Perfeito estado,"","","",Dupla,Canteiro central,"",""
9565,2019-10-28T00:00:00,17:27:00,COM VÍTIMA,FINALIZADA,AFOGADOS,RUA SAO MIGUEL,"","",PROX AO BODE DO NÓ,RUA SAO MIGUEL,"",PROX AO BODE DO NÓ,AFOGADOS,,SUBURBIO,COLISÃO TRASEIRA,DOIS AUTOS E MOTO COM VÍTIMA,2,1,,,,,,,,1,,Longo da via,Bom,Não existe,Perfeito estado,Seca,Perfeito estado,Não existe,Outras,"",Dupla,Faixa contínua,"",""
9566,2019-10-28T00:00:00,17:28:00,SEM VÍTIMA,FINALIZADA,BOA VIAGEM,AVENIDA CELSO FURTADO (VIA MANGUE),"","",VIA MANGUE,AVENIDA CELSO FURTADO (VIA MANGUE),"",VIA MANGUE,BOA VIAGEM,,SUBURBIO,COLISÃO TRASEIRA,COLISÃO SEM VÍTIMA,2,,,,,,,,,0,,Longo da via,Bom,Não existe,Incompleta,Seca,Mal iluminada,Não existe,Não há placas,"",Única,Não existe,"",""
9567,2019-10-28T00:00:00,17:57:00,COM VÍTIMA,FINALIZADA,MADALENA,AV BEIRA RIO,330,"",PROX A ILHA DO RETIRO/ E/F AO EDF MARIA AMELIA,AV BEIRA RIO,330,PROX A ILHA DO RETIRO/ E/F AO EDF MARIA AMELIA,MADALENA,,SUBURBIO,COLISÃO,MOTO X AUTO PASSEIO COM VÍTIMA,1,1,,,,,,,,2,,Longo da via,Bom,Não existe,Perfeito estado,Seca,Perfeito estado,"","","",Dupla,Faixa seccionada,"",""
9568,2019-10-28T00:00:00,18:28:00,SEM VÍTIMA,FINALIZADA,SÃO JOSÉ,RUA DO MUNIZ,84,RUA DA CONCORDIA,SEDE DO GALO,RUA DO MUNIZ,84,SEDE DO GALO,SÃO JOSÉ,408,SUBURBIO,ABALROAMENTO LONGITUDINAL,AUTO PASSEIO X CAMINHÃO S/V,1,,,,,,1,,,0,,Longo da via,Bom,"",Perfeito estado,Seca,Perfeito estado,Faixa de pedestre,Outras,"",Única,Faixa contínua,"",""
9569,2019-10-28T00:00:00,21:55:00,COM VÍTIMA,FINALIZADA,BEBERIBE,AV BEBERIBE,4330,"",DEPOIS DA PIZZARIA HAGE E ACADEMIA H 5 FIT,AV BEBERIBE,4330,DEPOIS DA PIZZARIA HAGE E ACADEMIA H 5 FIT,BEBERIBE,,SUBURBIO,ACID. DE PERCURSO,ACIDENTE DE PERCURSO COM BURACO NA VIA,,1,,,,,,,1,1,,Longo da via,Bom,Não existe,Incompleta,Seca,Mal conservada,Não existe,Não há placas,"","","","",""
9570,2019-10-29T00:00:00,00:22:00,SEM VÍTIMA,FINALIZADA,BOA VIAGEM,VIADUTO TANCREDO NEVES,"","",ATACADÃO,VIADUTO TANCREDO NEVES,"",ATACADÃO,BOA VIAGEM,,CIDADE,ABALROAMENTO LONGITUDINAL,COLISÃO ENTRE DOIS AUTOS S/V,2,,,,,,,,,0,,Viaduto,Bom,Não existe,Perfeito estado,Seca,Perfeito estado,Não existe,Não há placas,"",Única,Faixa seccionada,"",""
9571,2019-10-29T00:00:00,06:53:00,SEM VÍTIMA,FINALIZADA,VÁRZEA,AV PREFEITO ANTONIO PEREIRA,"","",PRÓXIMO AO HOTEL BLUE LOVE,AV PREFEITO ANTONIO PEREIRA,"",PRÓXIMO AO HOTEL BLUE LOVE,VÁRZEA,,CIDADE,ABALROAMENTO LONGITUDINAL,ONIBUS E AUTO,1,,,,,1,,,,0,,Longo da via,Bom,Não existe,Não existente,Seca,Perfeito estado,Não existe,Não há placas,40 km/h,Dupla,Canteiro central,"",""
9572,2019-10-29T00:00:00,07:20:00,SEM VÍTIMA,FINALIZADA,ROSARINHO,AV NORTE,2981,"",LADO OPOSTO A EXTRAFARMA,AV NORTE,2981,LADO OPOSTO A EXTRAFARMA,ROSARINHO,,CIDADE,COLISÃO TRASEIRA,COLISÃO SEM VITIMAS,1,,,,,1,,,,0,,Longo da via,Bom,Não existe,Perfeito estado,Seca,Perfeito estado,Não existe,R-6a,60 km/h,Dupla,Canteiro central,"",""
9573,2019-10-29T00:00:00,07:30:00,SEM VÍTIMA,CANCELADA,AREIAS,AV RECIFE,1540,"",EM FRENTE AO MOTEL CARTIER,AV RECIFE,1540,EM FRENTE AO MOTEL CARTIER,AREIAS,,BOA VIAGEM,COLISÃO,COLISÃO SEM VITIMAS,2,,,,,,,,,0,,"","","","","","","","","","","","",""
9574,2019-10-29T00:00:00,07:37:00,SEM VÍTIMA,FINALIZADA,BOA VIAGEM,RUA DEZ DE JULHO,"",AV VINTE E TRES DE OUTUBRO,ESTAÇÃO AEROPORTO,RUA DEZ DE JULHO,"",ESTAÇÃO AEROPORTO,BOA VIAGEM,,CIDADE,ABALROAMENTO TRANSVERSAL,DOIS AUTOS,2,,,,,,,,,0,,Cruzamento,Bom,Não existe,Perfeito estado,Seca,Perfeito estado,Não existe,Não há placas,"",Única,Faixa seccionada,"",""
9575,2019-10-29T00:00:00,08:07:00,SEM VÍTIMA,FINALIZADA,BOA VISTA,RUA BARAO DE SAO BORJA,137,RUA JOSE DE ALENCAR,HOTEL BOA VISTA,RUA BARAO DE SAO BORJA,137,HOTEL BOA VISTA,BOA VISTA,,"",ABALROAMENTO TRANSVERSAL,DOIS AUTOS,2,,,,,,,,,0,,Cruzamento,Bom,Não existe,Perfeito estado,Seca,Perfeito estado,Não existe,Placas Pare,"",Única,Não existe,"",""
9576,2019-10-29T00:00:00,08:09:00,COM VÍTIMA,FINALIZADA,BOA VIAGEM,RUA BALTAZAR PEREIRA,1205,AV CONSELHEIRO AGUIAR,E/F A CASA DESING,RUA BALTAZAR PEREIRA,1205,E/F A CASA DESING,BOA VIAGEM,,CIDADE,ABALROAMENTO LONGITUDINAL,COLISÃO C/VITIMA ENTRE UMA MOTO E AUTO,1,1,,,,,,,,1,,Esquina,Bom,Não existe,Perfeito estado,Seca,Perfeito estado,Não existe,Outras,60 km/h,Única,Faixa contínua,"",""
9577,2019-10-29T00:00:00,08:21:00,SEM VÍTIMA,FINALIZADA,ENCRUZILHADA,RUA DONA JULIETA,"",RUA FREDERICO,CONFRARIA DO MAR,RUA DONA JULIETA,"",CONFRARIA DO MAR,ENCRUZILHADA,,SUBURBIO,ABALROAMENTO TRANSVERSAL,COLISÃO /VITIMAS ENTRE UMA MOTO E UM AUTO,1,1,,,,,,,,0,,Cruzamento,Bom,Não existe,Perfeito estado,Seca,Perfeito estado,"","","",Dupla,"","",""
9578,2019-10-29T00:00:00,08:22:00,SEM VÍTIMA,DUPLICIDADE,PONTO DE PARADA,RUA DONA JULIETA,"","",EM FRENTE A CONFRARIA DO MAR,RUA DONA JULIETA,"",EM FRENTE A CONFRARIA DO MAR,PONTO DE PARADA,,"",COLISÃO,COLISÃO SEM VITIMAS,1,1,,,,,,,,0,,"","","","","","","","","","","","",""
9579,2019-10-29T00:00:00,08:27:00,COM VÍTIMA,FINALIZADA,CASA AMARELA,AV NORTE,"","",LADO OPOSTO AO Nº 5916 - SUPERMERCADO MAIS VOCÊ,AV NORTE,"",LADO OPOSTO AO Nº 5916 - SUPERMERCADO MAIS VOCÊ,CASA AMARELA,,CIDADE,ABALROAMENTO LONGITUDINAL,DUAS MOTOS,,2,,,,,,,,1,,Longo da via,Bom,Sem defeito,Perfeito estado,Seca,Perfeito estado,Faixa de pedestre,"","",Dupla,Canteiro central,"",""
9580,2019-10-29T00:00:00,09:05:00,COM VÍTIMA,FINALIZADA,ENCRUZILHADA,RUA FERNANDO CESAR,255,RUA AMARO COUTINHO,E/F DORNAS COMEDORIA,RUA FERNANDO CESAR,255,E/F DORNAS COMEDORIA,ENCRUZILHADA,,SUBURBIO,ABALROAMENTO TRANSVERSAL,COLISÃO C/VITIMA ENTRE UMA MOTO E UM AUTO,1,1,,,,,,,,1,,Cruzamento,Bom,Não existe,Perfeito estado,Seca,Perfeito estado,Faixa de pedestre,Placas Pare,30 km/h,Única,Faixa seccionada,"",""
9581,2019-10-29T00:00:00,09:12:00,SEM VÍTIMA,FINALIZADA,PINA,AV ANTONIO DE GOES,303,"",FRENTE AO NÚMERO 303,AV ANTONIO DE GOES,303,FRENTE AO NÚMERO 303,PINA,,CIDADE,COLISÃO TRASEIRA,4 AUTOS,4,,,,,,,,,0,,Longo da via,Bom,Sem defeito,Perfeito estado,Seca,Perfeito estado,Agente,Outras,60 km/h,Única,Faixa contínua,Faixa seccionada,Canteiro central
9582,2019-10-29T00:00:00,09:30:00,SEM VÍTIMA,FINALIZADA,"",PTE ESTACIO COIMBRA,"","","",PTE ESTACIO COIMBRA,"","","",,CIDADE,COLISÃO TRASEIRA,COLISÃO S/VITIMAS ENTRE TRES AUTOS,3,,,,,,,,,0,,Ponte,Bom,Não existe,Perfeito estado,Seca,Perfeito estado,Não existe,Não há placas,"",Dupla,Faixa contínua,"",""
9583,2019-10-29T00:00:00,09:38:00,SEM VÍTIMA,FINALIZADA,MUSTARDINHA,AV MANOEL GONCALVES DA LUZ,563,"",LADO OPOSTO A ULTRAGAZ,AV MANOEL GONCALVES DA LUZ,563,LADO OPOSTO A ULTRAGAZ,MUSTARDINHA,,CIDADE,ABALROAMENTO LONGITUDINAL,COLISÃO S/VITIMAS ENTRE MICROONIUS E UM AUTO,1,,,,,1,,,,0,,Longo da via,Bom,Não existe,Não existente,Seca,Perfeito estado,Não existe,Outras,40 km/h,Dupla,Não existe,"",""
9584,2019-10-29T00:00:00,09:38:00,SEM VÍTIMA,FINALIZADA,BOA VISTA,AV GOVERNADOR AGAMENON MAGALHAES,"","",SOB O SEMÁFORO 078,AV GOVERNADOR AGAMENON MAGALHAES,"",SOB O SEMÁFORO 078,BOA VISTA,78,SUBURBIO,COLISÃO TRASEIRA,DOIS AUTOS,2,,,,,,,,,0,,Longo da via,Bom,Sem defeito,Perfeito estado,Seca,Perfeito estado,Faixa de pedestre,Outras,60 km/h,Dupla,Canteiro central,"",""
9585,2019-10-29T00:00:00,09:48:00,SEM VÍTIMA,FINALIZADA,BOA VIAGEM,RUA ANTONIO FALCAO,402,"",AO LADO DO SUPERMERCADO CARREFOUR,RUA ANTONIO FALCAO,402,AO LADO DO SUPERMERCADO CARREFOUR,BOA VIAGEM,,CIDADE,ABALROAMENTO TRANSVERSAL,COLISÃO S/VITIMAS ENTRE DOIS AUTOS,2,,,,,,,,,0,,Longo da via,Bom,Sem defeito,Perfeito estado,Seca,Perfeito estado,Faixa de pedestre,Não há placas,"",Única,Faixa seccionada,"",""
9586,2019-10-29T00:00:00,09:57:00,SEM VÍTIMA,FINALIZADA,BOA VIAGEM,AV CONSELHEIRO AGUIAR,2738,"","",AV CONSELHEIRO AGUIAR,2738,"",BOA VIAGEM,,"",COLISÃO TRASEIRA,COLISÃO SEM VITIMAS,3,,,,,,,,,0,,Longo da via,Bom,Sem defeito,Perfeito estado,Seca,Perfeito estado,"","","",Única,Faixa seccionada,"",""
9587,2019-10-29T00:00:00,10:02:00,SEM VÍTIMA,FINALIZADA,BOA VISTA,RUA GERVASIO PIRES,"",AV MANOEL BORBA,"",RUA GERVASIO PIRES,"","",BOA VISTA,169,SUBURBIO,ABALROAMENTO LONGITUDINAL,SEM VÍTIMA,2,,,,,,,,,0,,Cruzamento,Bom,Sem defeito,Perfeito estado,Seca,Perfeito estado,Faixa de pedestre,Outras,"",Única,Faixa seccionada,"",""
9588,2019-10-29T00:00:00,10:24:00,COM VÍTIMA,FINALIZADA,BOA VIAGEM,RUA WALDEMAR NERY CARNEIRO MONTEIRO,"",RUA BISPO CARDOSO AYRES,EM FRENTE A CLINICA DE VETERINARIO VET CENTER,RUA WALDEMAR NERY CARNEIRO MONTEIRO,"",EM FRENTE A CLINICA DE VETERINARIO VET CENTER,BOA VIAGEM,,SUBURBIO,ABALROAMENTO TRANSVERSAL,COLISÃO COM VITIMA A ESPERA DO SAMU,2,,,,,,,,,1,,Cruzamento,Bom,Não existe,Perfeito estado,Seca,Perfeito estado,Faixa de pedestre,Placas Pare,"",Dupla,Faixa seccionada,"",""
9589,2019-10-29T00:00:00,10:51:00,SEM VÍTIMA,FINALIZADA,ILHA DO LEITE,AV GOVERNADOR AGAMENON MAGALHAES,4775,"",EM FRENTE AO EMPRESARIAL THOMAS EDISON,AV GOVERNADOR AGAMENON MAGALHAES,4775,EM FRENTE AO EMPRESARIAL THOMAS EDISON,ILHA DO LEITE,69,"",COLISÃO TRASEIRA,DOIS AUTOS,2,,,,,,,,,0,,Longo da via,Bom,Sem defeito,Perfeito estado,Seca,Perfeito estado,Agente,Outras,60 km/h,Dupla,Faixa seccionada,Canteiro central,Canal
9590,2019-10-29T00:00:00,11:16:00,SEM VÍTIMA,FINALIZADA,ESPINHEIRO,RUA AMELIA,"",AV RUI BARBOSA,AO LADO DO POSTO BR,RUA AMELIA,"",AO LADO DO POSTO BR,ESPINHEIRO,48,CIDADE,ABALROAMENTO LONGITUDINAL,DOIS AUTOS,2,,,,,,,,,0,,Longo da via,Bom,Sem defeito,Perfeito estado,Seca,Perfeito estado,Faixa de pedestre,Outras,"",Única,Faixa seccionada,"",""
9591,2019-10-29T00:00:00,11:31:00,SEM VÍTIMA,FINALIZADA,SAN MARTIN,RUA APULCRO DE ASSUNCAO,225,RUA DUARTE FILHO,"",RUA APULCRO DE ASSUNCAO,225,"",SAN MARTIN,,"",ABALROAMENTO TRANSVERSAL,COLISÃO SEM VITIMAS,2,,,,,,,,,0,,Cruzamento,Bom,Não existe,Perfeito estado,Seca,Perfeito estado,Outros,Outras,"",Dupla,Não existe,"",""
9592,2019-10-29T00:00:00,11:40:00,SEM VÍTIMA,FINALIZADA,IMBIRIBEIRA,RUA ITAUBA,234,RUA JOAQUIM BANDEIRA,"",RUA ITAUBA,234,"",IMBIRIBEIRA,,SUBURBIO,ABALROAMENTO TRANSVERSAL,VT DA PM E AUTO PASSEIO,2,,,,,,,,,0,,Cruzamento,Bom,Não existe,Perfeito estado,Seca,Perfeito estado,"",Placas Pare,"",Dupla,Não existe,"",""
9593,2019-10-29T00:00:00,11:45:00,SEM VÍTIMA,FINALIZADA,IMBIRIBEIRA,AV MARECHAL MASCARENHAS DE MORAES,"","",AO LADO DO AEROPORTO,AV MARECHAL MASCARENHAS DE MORAES,"",AO LADO DO AEROPORTO,IMBIRIBEIRA,625,SUBURBIO,COLISÃO TRASEIRA,COLISÃO S/ VITIMAS ENTRE CAMINHA E AUTO,1,,,,,,1,,,0,,Longo da via,Bom,Sem defeito,Perfeito estado,Seca,Perfeito estado,Faixa de retenção,Não há placas,"",Dupla,Canteiro central,"",""