_id,DATA,hora,natureza_acidente,situacao,bairro,endereco,numero,detalhe_endereco_acidente,complemento,endereco_cruzamento,numero_cruzamento,referencia_cruzamento,bairro_cruzamento,num_semaforo,sentido_via,tipo,descricao,auto,moto,ciclom,ciclista,pedestre,onibus,caminhao,viatura,outros,vitimas,vitimasfatais,acidente_verificado,tempo_clima,situacao_semaforo,sinalizacao,condicao_via,conservacao_via,ponto_controle,situacao_placa,velocidade_max_via,mao_direcao,divisao_via1,divisao_via2,divisao_via3
9594,2019-10-29T00:00:00,12:05:00,SEM VÍTIMA,FINALIZADA,CORDEIRO,RUA TIJUCAS,271,"",CARNE DE SOL DO JOÃO,RUA TIJUCAS,271,CARNE DE SOL DO JOÃO,CORDEIRO,,"",COLISÃO,COLISAO SEM VITIMAS,2,,,,,,,,,0,,"","","","","","","","","","","","",""
9595,2019-10-29T00:00:00,12:08:00,SEM VÍTIMA,CANCELADA,TEJIPIÓ,RUA PIRAMBOIA,771,"",EM FRENTE AO RESTAURANTE REGIONAL COMIDA DA TERRA,RUA PIRAMBOIA,771,EM FRENTE AO RESTAURANTE REGIONAL COMIDA DA TERRA,TEJIPIÓ,,"",COLISÃO,COLISÃO SEM VÍTIMA,1,1,,,,,,,,0,,"","","","","","","","","","","","",""
9596,2019-10-29T00:00:00,12:29:00,SEM VÍTIMA,CANCELADA,MADALENA,RUA JOSE OSORIO,267,"",PROX AO RM EXPRESS E/F A FARMACIA INDEPENDENTE,RUA JOSE OSORIO,267,PROX AO RM EXPRESS E/F A FARMACIA INDEPENDENTE,MADALENA,,"",COLISÃO,COLISAO SEM VITIMAS,2,,,,,,,,,0,,"","","","","","","","","","","","",""
9597,2019-10-29T00:00:00,13:02:00,SEM VÍTIMA,CANCELADA,AREIAS,AV RECIFE,"","",E/F AO MAKRO,AV RECIFE,"",E/F AO MAKRO,AREIAS,,"",COLISÃO,COLISAO SEM VITIMAS,3,,,,,,,,,0,,"","","","","","","","","","","","",""
9598,2019-10-29T00:00:00,13:14:00,SEM VÍTIMA,FINALIZADA,MADALENA,RUA REAL DA TORRE,522,"",EM FRENTE AO MERCADO DA MADALENA,RUA REAL DA TORRE,522,EM FRENTE AO MERCADO DA MADALENA,MADALENA,,CIDADE,COLISÃO TRASEIRA,COLISAO SEM VITIMAS,2,,,,,,,,,0,,Longo da via,Bom,Não existe,Perfeito estado,Seca,Perfeito estado,Não existe,Outras,"",Única,Faixa seccionada,"",""
9599,2019-10-29T00:00:00,13:27:00,SEM VÍTIMA,FINALIZADA,MADALENA,RUA REAL DA TORRE,954,RUA PROFESSORA ANUNCIADA DA ROCHA MELO,POSTO TORRE,RUA REAL DA TORRE,954,POSTO TORRE,MADALENA,,CIDADE,COLISÃO TRASEIRA,COLISAO SEM VITIMAS,2,,,,,,,,,0,,Longo da via,Bom,Não existe,Perfeito estado,Seca,Perfeito estado,Não existe,R-6a,60 km/h,Única,Faixa seccionada,"",""
9600,2019-10-29T00:00:00,14:05:00,SEM VÍTIMA,FINALIZADA,MADALENA,RUA REAL DA TORRE,"","",EM FRENTE AO MERCADO DA MADALENA,RUA REAL DA TORRE,"",EM FRENTE AO MERCADO DA MADALENA,MADALENA,,SUBURBIO,COLISÃO TRASEIRA,COLISÃO SEM VÍTIMA,1,1,,,,,,,,0,,Longo da via,Bom,Não existe,Perfeito estado,Seca,Perfeito estado,Outros,Outras,"",Única,Faixa seccionada,"",""
9601,2019-10-29T00:00:00,14:17:00,SEM VÍTIMA,FINALIZADA,IMBIRIBEIRA,AV PINHEIROS,"",RUA ARQUITETO LUIZ NUNES,SOB O SEMÁFORO Nº 537,AV PINHEIROS,"",SOB O SEMÁFORO Nº 537,IMBIRIBEIRA,537,"",ABALROAMENTO LONGITUDINAL,COLISAO SEM VITIMAS,1,1,,,,,,,,0,,Longo da via,Bom,Sem defeito,Perfeito estado,Seca,Perfeito estado,Faixa de retenção,Não há placas,"",Dupla,Faixa seccionada,"",""
9602,2019-10-29T00:00:00,14:18:00,COM VÍTIMA,FINALIZADA,TORRE,AV BEIRA RIO,"",RUA CONDE DE IRAJA,NO SEMÁFORO 630,AV BEIRA RIO,"",NO SEMÁFORO 630,TORRE,630,SUBURBIO,COLISÃO COM CICLISTA,COLISÃO COM VÍTIMA,,1,,1,,,,,,1,,Cruzamento,Bom,Sem defeito,Perfeito estado,Seca,Perfeito estado,Faixa de pedestre,Placas Pare,"",Única,Faixa contínua,Canteiro central,""
9603,2019-10-29T00:00:00,14:20:00,SEM VÍTIMA,FINALIZADA,BRASÍLIA TEIMOSA,RUA ARABAIANA,653,RUA GOLFINHO,"",RUA ARABAIANA,653,"",BRASÍLIA TEIMOSA,,CIDADE,ABALROAMENTO LONGITUDINAL,COLISAO ENTRE DOIS AUTOS S/V,2,,,,,,,,,0,,Cruzamento,Bom,Não existe,Perfeito estado,Seca,Perfeito estado,Não existe,Não há placas,"",Única,Não existe,"",""
9604,2019-10-29T00:00:00,14:42:00,SEM VÍTIMA,FINALIZADA,ILHA DO LEITE,RUA DR JOAO ASFORA,285,AV FREI MATIAS TEVES,AO LADO EDF. GRAHAM BELL,RUA DR JOAO ASFORA,285,AO LADO EDF. GRAHAM BELL,ILHA DO LEITE,122,CIDADE,ABALROAMENTO LONGITUDINAL,COLISAO ENTRE DOIS AUTOS S/V,2,,,,,,,,,0,,Cruzamento,Bom,Sem defeito,Perfeito estado,Seca,Perfeito estado,Faixa de pedestre,R-6a,"",Única,Não existe,"",""
9605,2019-10-29T00:00:00,14:49:00,SEM VÍTIMA,FINALIZADA,ESPINHEIRO,AV CONS ROSA E SILVA,"",RUA JOSE CLEMENTINO,AO LADO DO Nº 1701,AV CONS ROSA E SILVA,"",AO LADO DO Nº 1701,ESPINHEIRO,,SUBURBIO,ABALROAMENTO TRANSVERSAL,COLISAO ENTRE DOIS AUTOS S/V,2,,,,,,,,,0,,Cruzamento,Bom,Não existe,Perfeito estado,Seca,Perfeito estado,Não existe,"","",Única,Faixa seccionada,"",""
9606,2019-10-29T00:00:00,15:08:00,SEM VÍTIMA,FINALIZADA,ILHA DO LEITE,RUA PAISSANDU,678,"",EM FRENTE AO Nº 678,RUA PAISSANDU,678,EM FRENTE AO Nº 678,ILHA DO LEITE,,SUBURBIO,COLISÃO TRASEIRA,COLISÃO SEM VÍTIMA,2,,,,,,,,,0,,Longo da via,Bom,Não existe,Perfeito estado,Seca,Perfeito estado,Não existe,"","",Única,Faixa seccionada,"",""
9607,2019-10-29T00:00:00,15:17:00,SEM VÍTIMA,FINALIZADA,BOA VISTA,AV JOAO DE BARROS,471,"",CLUBE DOS OFICIAIS PM/CBM -PE,AV JOAO DE BARROS,471,CLUBE DOS OFICIAIS PM/CBM -PE,BOA VISTA,,CIDADE,CHOQUE OBJETO FIXO,COLISAO SEM VITIMAS,,,,,,,1,,,0,,Longo da via,Bom,Não existe,Perfeito estado,Seca,Perfeito estado,Não existe,R-6a,60 km/h,Única,Faixa seccionada,"",""
9608,2019-10-29T00:00:00,15:46:00,SEM VÍTIMA,FINALIZADA,BOA VIAGEM,RUA PROFESSOR AUGUSTO LINS E SILVA,80,RUA JOAO EUGENIO DE LIMA,"",RUA PROFESSOR AUGUSTO LINS E SILVA,80,"",BOA VIAGEM,,SUBURBIO,ABALROAMENTO LONGITUDINAL,COLISAO ENTRE DOIS AUTOS S/V,2,,,,,,,,,0,,Cruzamento,Bom,Não existe,Incompleta,Seca,Perfeito estado,Não existe,Não há placas,"",Dupla,Não existe,"",""
9609,2019-10-29T00:00:00,17:16:00,SEM VÍTIMA,FINALIZADA,PINA,RUA MANOEL DE BRITO,150,"",PRÓXIMO AO 19 BPM,RUA MANOEL DE BRITO,150,PRÓXIMO AO 19 BPM,PINA,,"",ABALROAMENTO LONGITUDINAL,COLISAO SEM VITIMAS,,1,,,,1,,,,0,,Longo da via,Bom,Não existe,"","","","",Não há placas,40 km/h,Única,Não existe,"",""
9610,2019-10-29T00:00:00,17:21:00,SEM VÍTIMA,FINALIZADA,MACAXEIRA,AV NORTE,7787,"","",AV NORTE,7787,"",MACAXEIRA,,SUBURBIO,COLISÃO TRASEIRA,COLISAO ENTRE AUTO E MOTO S/V,1,1,,,,,,,,0,,Longo da via,Bom,Sem defeito,Perfeito estado,Seca,Perfeito estado,"","","",Dupla,Canteiro central,"",""
9611,2019-10-29T00:00:00,17:36:00,SEM VÍTIMA,FINALIZADA,MADALENA,AV BEIRA RIO,"",RUA JOSE OSORIO,PONTE DA CAPUNGA,AV BEIRA RIO,"",PONTE DA CAPUNGA,MADALENA,387,SUBURBIO,ABALROAMENTO LONGITUDINAL,COLISÃO SEM VÍTIMA/ UMAS DAS PARTE EVADIU SE DO LOCAL E JÁ TEM UM AGENTE DE PONTO FIXO NO LOCAL,1,,,,,,,,,0,,Cruzamento,Bom,Sem defeito,Perfeito estado,Seca,Perfeito estado,Faixa de pedestre,Não há placas,"",Única,Faixa seccionada,"",""
9612,2019-10-29T00:00:00,17:47:00,SEM VÍTIMA,FINALIZADA,CASA FORTE,AV DEZESSETE DE AGOSTO,500,RUA DR JOAO SANTOS FILHO,LADO OPOSTO AO Nº 500,AV DEZESSETE DE AGOSTO,500,LADO OPOSTO AO Nº 500,CASA FORTE,,CIDADE,ABALROAMENTO TRANSVERSAL,COLISÃO SEM VÍTIMA,1,1,,,,,,,,0,,"",Bom,Não existe,Perfeito estado,Seca,Perfeito estado,Faixa de retenção,Placas Pare,"",Dupla,Faixa contínua,"",""
9613,2019-10-29T00:00:00,18:03:00,SEM VÍTIMA,FINALIZADA,BOA VISTA,RUA DO PRINCIPE,"",RUA DO HOSPICIO,PRÓXIMO AO HOSPITAL GERAL DO EXÉRCITO,RUA DO PRINCIPE,"",PRÓXIMO AO HOSPITAL GERAL DO EXÉRCITO,BOA VISTA,31,CIDADE,ABALROAMENTO LONGITUDINAL,ONIBUS X AUTO PASSEIO S/V,1,,,,,1,,,,0,,"",Bom,Sem defeito,Incompleta,Seca,Perfeito estado,Faixa de pedestre,Não há placas,"",Única,Canteiro central,"",""
9614,2019-10-29T00:00:00,18:04:00,SEM VÍTIMA,FINALIZADA,BOA VISTA,RUA DOM BOSCO,9,"",AO LADO EMLURB,RUA DOM BOSCO,9,AO LADO EMLURB,BOA VISTA,,SUBURBIO,COLISÃO TRASEIRA,"",2,,,,,,,,,0,,Longo da via,Bom,Não existe,Perfeito estado,Seca,Perfeito estado,Agente,Outras,"",Única,Faixa contínua,"",""
9615,2019-10-29T00:00:00,18:16:00,SEM VÍTIMA,FINALIZADA,JARDIM SÃO PAULO,AV SAO PAULO,"","",EM FRENTE AO GILSON CIDRIM,AV SAO PAULO,"",EM FRENTE AO GILSON CIDRIM,JARDIM SÃO PAULO,,"",ABALROAMENTO TRANSVERSAL,SPIN X COBALT,2,,,,,,,,,0,,Longo da via,Bom,Não existe,Incompleta,Seca,Perfeito estado,Não existe,"",30 km/h,Dupla,Não existe,"",""
9616,2019-10-29T00:00:00,18:21:00,SEM VÍTIMA,CANCELADA,ÁGUA FRIA,RUA ZEFERINO AGRA,430,"",AO LADO DE IGREJA ADVENTISTA E A IGREJA SANTO ANTONIO,RUA ZEFERINO AGRA,430,AO LADO DE IGREJA ADVENTISTA E A IGREJA SANTO ANTONIO,ÁGUA FRIA,,"",COLISÃO,ENTRE DOIS AUTOS S/V,2,,,,,,,,,0,,"","","","","","","","","","","","",""
9617,2019-10-29T00:00:00,18:23:00,SEM VÍTIMA,FINALIZADA,MADALENA,AV BEIRA RIO,"",RUA JOSE OSORIO,PONTE DA CAPUNGA,AV BEIRA RIO,"",PONTE DA CAPUNGA,MADALENA,,SUBURBIO,ABALROAMENTO LONGITUDINAL,CAMINHAO X FIAT,1,,,,,,1,,,0,,Cruzamento,Bom,Sem defeito,Perfeito estado,Seca,Perfeito estado,Agente,Não há placas,"",Única,Faixa seccionada,"",""
9618,2019-10-29T00:00:00,18:30:00,SEM VÍTIMA,FINALIZADA,BOA VIAGEM,RUA JOAO CARDOSO AIRES,647,RUA ALMIRANTE BATISTA LEAO,HAPVIDA,RUA JOAO CARDOSO AIRES,647,HAPVIDA,BOA VIAGEM,,SUBURBIO,ABALROAMENTO LONGITUDINAL,ENTRE DOIS AUTOS S/V,2,,,,,,,,,0,,Cruzamento,Bom,Não existe,Perfeito estado,Seca,Perfeito estado,Faixa de retenção,Não há placas,"",Dupla,Faixa seccionada,"",""
9619,2019-10-29T00:00:00,18:35:00,COM VÍTIMA,FINALIZADA,CASA AMARELA,EST DO ARRAIAL,4638,"",ENF AO RESTAURANTE ENCANTO NORDESTINO,EST DO ARRAIAL,4638,ENF AO RESTAURANTE ENCANTO NORDESTINO,CASA AMARELA,,SUBURBIO,ABALROAMENTO LONGITUDINAL,ONIX X XRE 300,1,1,,,,,,,,1,,Longo da via,Bom,Não existe,Perfeito estado,Seca,Perfeito estado,Não existe,Outras,"",Única,Faixa seccionada,"",""
9620,2019-10-29T00:00:00,18:53:00,SEM VÍTIMA,FINALIZADA,ESTÂNCIA,RUA MORAIS E SILVA,"",AV ESTANCIA,"",RUA MORAIS E SILVA,"","",ESTÂNCIA,,SUBURBIO,ABALROAMENTO TRANSVERSAL,ENTRE DOIS AUTOS S/V,2,,,,,,,,,0,,Cruzamento,Bom,Não existe,Não existente,Seca,Perfeito estado,Não existe,Não há placas,"",Única,Não existe,"",""
9621,2019-10-29T00:00:00,19:33:00,SEM VÍTIMA,FINALIZADA,ESPINHEIRO,RUA DO ESPINHEIRO,"",RUA SANTO ELIAS,"",RUA DO ESPINHEIRO,"","",ESPINHEIRO,,CIDADE,ABALROAMENTO LONGITUDINAL,CELTA X FORD KA,2,,,,,,,,,0,,Cruzamento,Bom,Não existe,Perfeito estado,Seca,Perfeito estado,Faixa de pedestre,R-6a,"",Única,Faixa seccionada,"",""
9622,2019-10-29T00:00:00,19:41:00,COM VÍTIMA,CANCELADA,BARRO,AV DR JOSE RUFINO,2319,"",ENF A PANIFICADORA TONY ALBUQUERQUE,AV DR JOSE RUFINO,2319,ENF A PANIFICADORA TONY ALBUQUERQUE,BARRO,,"",COLISÃO,MOTO X HOND FIT,,,,,,,,,,1,,"","","","","","","","","","","","",""
9623,2019-10-29T00:00:00,20:11:00,SEM VÍTIMA,FINALIZADA,CORDEIRO,AV MARIO ALVARES PEREIRA DE LYRA,"",RUA AMBROSIO MACHADO,"",AV MARIO ALVARES PEREIRA DE LYRA,"","",CORDEIRO,134,SUBURBIO,COLISÃO FRONTAL,DOIS AUTOS,2,,,,,,,,,0,,Longo da via,Bom,Sem defeito,Perfeito estado,Seca,Perfeito estado,"",Não há placas,"",Única,Não existe,"",""
9624,2019-10-29T00:00:00,20:17:00,COM VÍTIMA,FINALIZADA,SÃO JOSÉ,AV SUL,"","",AO LADO DAS CINCO PONTAS,AV SUL,"",AO LADO DAS CINCO PONTAS,SÃO JOSÉ,,CIDADE,CHOQUE OBJETO FIXO,ONIBUS DA VERA CRUZ COLIDIU COM TRES POSTES,,,,,,1,,,,1,,Longo da via,Bom,Não existe,Perfeito estado,Seca,Perfeito estado,Não existe,R-6a,60 km/h,Dupla,Canteiro central,"",""
9625,2019-10-29T00:00:00,21:30:00,SEM VÍTIMA,FINALIZADA,IMBIRIBEIRA,VIADUTO TANCREDO NEVES,"","",AV SUL GOV. CID SAMPAIO,VIADUTO TANCREDO NEVES,"",AV SUL GOV. CID SAMPAIO,IMBIRIBEIRA,,SUBURBIO,COLISÃO FRONTAL,DOIS AUTOS,2,,,,,,,,,0,,Viaduto,Bom,Não existe,Não existente,Seca,Perfeito estado,Não existe,Não há placas,"",Única,Não existe,"",""
9626,2019-10-29T00:00:00,21:50:00,SEM VÍTIMA,FINALIZADA,VÁRZEA,AV CAXANGA,"","","",AV CAXANGA,"","",VÁRZEA,,SUBURBIO,COLISÃO TRASEIRA,TRES AUTOS S/V,3,,,,,,,,,0,,Longo da via,Bom,"","","","",Não existe,R-6a,"",Dupla,Canteiro central,"",""
9627,2019-10-29T00:00:00,23:07:00,SEM VÍTIMA,FINALIZADA,GRAÇAS,AV GOVERNADOR AGAMENON MAGALHAES,"",RUA DR BANDEIRA FILHO,MAC DONALDS,AV GOVERNADOR AGAMENON MAGALHAES,"",MAC DONALDS,GRAÇAS,173,SUBURBIO,ABALROAMENTO TRANSVERSAL,AMBULANCIA X AUTO PASSEIO S/V,1,,,,,,1,,,0,,Cruzamento,Bom,Sem defeito,Perfeito estado,Seca,Perfeito estado,Faixa de pedestre,Não há placas,"",Dupla,Canal,"",""
9628,2019-10-30T00:00:00,07:33:00,SEM VÍTIMA,CANCELADA,AREIAS,AV RECIFE,S/N,"",LADO OPOSTO AO CONJ. IGNEZ ANDREAZZA,AV RECIFE,S/N,LADO OPOSTO AO CONJ. IGNEZ ANDREAZZA,AREIAS,,"",COLISÃO,COLISÃO S/VITIMAS ENTRE UMA MOTO E UM CAMINHÃO,1,,,,,,1,,,0,,"","","","","","","","","","","","",""
9629,2019-10-30T00:00:00,07:33:00,COM VÍTIMA,FINALIZADA,MADALENA,AV JOSE GONCALVES DE MEDEIROS,118,RUA SENADOR FABIO DE BARROS,EM FRENTE AO EXTRA SUPERMERCADOS,AV JOSE GONCALVES DE MEDEIROS,118,EM FRENTE AO EXTRA SUPERMERCADOS,MADALENA,,SUBURBIO,ABALROAMENTO LONGITUDINAL,"COM UMA VITIMA ,SAMU NO LOCAL",1,1,,,,,,,,1,,Longo da via,Bom,Não existe,Ilegível,Seca,Mal conservada,Não existe,R-6a,"",Dupla,Faixa contínua,"",""
9630,2019-10-30T00:00:00,07:38:00,SEM VÍTIMA,CANCELADA,DERBY,AV GOVERNADOR AGAMENON MAGALHAES,"","",EM FRENTE AO HOSPITAL DA RESTAURAÇÃO,AV GOVERNADOR AGAMENON MAGALHAES,"",EM FRENTE AO HOSPITAL DA RESTAURAÇÃO,DERBY,,BOA VIAGEM,COLISÃO,COLISÃO SEM VITIMAS,1,,,,,1,,,,0,,"","","","","","","","","","","","",""
9631,2019-10-30T00:00:00,07:51:00,SEM VÍTIMA,FINALIZADA,SANCHO,AV LIBERDADE,276,"",LADO OPOSTO A HBC RAÇÕES,AV LIBERDADE,276,LADO OPOSTO A HBC RAÇÕES,SANCHO,,SUBURBIO,COLISÃO TRASEIRA,COLISÃO SEM VITIMAS,2,,,,,,,,,0,,Longo da via,Bom,Não existe,Perfeito estado,Seca,Perfeito estado,Não existe,R-6a,"",Dupla,Faixa contínua,"",""
9632,2019-10-30T00:00:00,07:52:00,SEM VÍTIMA,FINALIZADA,SANTO AMARO,AV NORTE,710,RUA TREZE DE MAIO,SEMÁFORO 036,AV NORTE,710,SEMÁFORO 036,SANTO AMARO,36,CIDADE,COLISÃO TRASEIRA,MOTO E AUTO PONTO FIXO GM NO LOCAL,1,1,,,,,,,,0,,Cruzamento,Bom,Sem defeito,Perfeito estado,Seca,Perfeito estado,Agente,"",60 km/h,Única,Faixa seccionada,Canteiro central,""
9633,2019-10-30T00:00:00,08:00:00,SEM VÍTIMA,FINALIZADA,CASA AMARELA,RUA GUEDES PEREIRA,114,"","",RUA GUEDES PEREIRA,114,"",CASA AMARELA,,CIDADE,ABALROAMENTO TRANSVERSAL,SEM VITIMAS,2,,,,,,,,,0,,Longo da via,Bom,Não existe,Perfeito estado,Seca,Perfeito estado,Não existe,Outras,"",Única,Não existe,"",""
9634,2019-10-30T00:00:00,08:08:00,SEM VÍTIMA,FINALIZADA,SAN MARTIN,AV CONSUL VILARES FRAGOSO,"",AV GENERAL SAN MARTIN,"",AV CONSUL VILARES FRAGOSO,"","",SAN MARTIN,326,CIDADE,COLISÃO TRASEIRA,COLISÃO S/ VITIMAS ENTRE DOIS AUTOS,2,,,,,,,,,0,,Cruzamento,Bom,Sem defeito,Perfeito estado,Seca,Perfeito estado,Faixa de pedestre,R-6a,"",Dupla,Faixa seccionada,"",""
9635,2019-10-30T00:00:00,08:12:00,SEM VÍTIMA,FINALIZADA,PRADO,AV ENGENHEIRO ABDIAS DE CARVALHO,"",RUA CARLOS GOMES,"EM FRENTE A FAMARCIA PAGUE MENOS, SENT. AFOGADOS",AV ENGENHEIRO ABDIAS DE CARVALHO,"","EM FRENTE A FAMARCIA PAGUE MENOS, SENT. AFOGADOS",PRADO,57,CIDADE,COLISÃO COM CICLISTA,AUTO E CICLISTA,,1,,1,,,,,,0,,Longo da via,Bom,Sem defeito,Perfeito estado,Seca,Perfeito estado,Faixa de pedestre,Outras,"",Dupla,Faixa contínua,Faixa seccionada,Canteiro central
9636,2019-10-30T00:00:00,08:13:00,SEM VÍTIMA,FINALIZADA,AFOGADOS,RUA VISCONDE DE PELOTAS,"",RUA VINTE E UM DE ABRIL,"",RUA VISCONDE DE PELOTAS,"","",AFOGADOS,334,SUBURBIO,ABALROAMENTO LONGITUDINAL,SEM VITIMAS,1,,,,,,1,,,0,,Cruzamento,Bom,Sem defeito,Perfeito estado,Seca,Perfeito estado,"",Outras,"",Única,Faixa seccionada,"",""
9637,2019-10-30T00:00:00,08:29:00,SEM VÍTIMA,CANCELADA,SÃO JOSÉ,AV SUL,1576,"",LADO OPOSTO A IGREJA BATISTA DA IMPERIAL,AV SUL,1576,LADO OPOSTO A IGREJA BATISTA DA IMPERIAL,SÃO JOSÉ,,"",COLISÃO,COLISÃO S/VITIMA ENTRE UMA MOTO E UM AUTO,1,1,,,,,,,,0,,"","","","","","","","","","","","",""
9638,2019-10-30T00:00:00,08:32:00,SEM VÍTIMA,FINALIZADA,DERBY,RUA DA BAIXA VERDE,"",RUA JENER DE SOUZA,AO LADO DA PRAÇA JENNER DE SOUZA,RUA DA BAIXA VERDE,"",AO LADO DA PRAÇA JENNER DE SOUZA,DERBY,,CIDADE,COLISÃO TRASEIRA,DOIS AUTOS,2,,,,,,,,,0,,Cruzamento,Bom,Não existe,Perfeito estado,Seca,Perfeito estado,Faixa de pedestre,"","",Dupla,Faixa contínua,"",""
9639,2019-10-30T00:00:00,08:42:00,SEM VÍTIMA,FINALIZADA,ESPINHEIRO,AV CONS ROSA E SILVA,"","","",AV CONS ROSA E SILVA,"","",ESPINHEIRO,46,SUBURBIO,COLISÃO TRASEIRA,COLISÃO SEM VITIMAS,3,,,,,,,,,0,,Longo da via,Bom,Sem defeito,Perfeito estado,Seca,Perfeito estado,Faixa de pedestre,"","",Única,Faixa seccionada,"",""
9640,2019-10-30T00:00:00,08:43:00,COM VÍTIMA,FINALIZADA,DERBY,AV GOVERNADOR AGAMENON MAGALHAES,75,AV GOVERNADOR CARLOS DE LIMA CAVALCANTI,EM FRENTE A MAC DONALDS,AV GOVERNADOR AGAMENON MAGALHAES,75,EM FRENTE A MAC DONALDS,DERBY,,CIDADE,ATROPELAMENTO,"ATROPELAMENTO COM DUAS VITIMAS ,CONDUTOR E PEDESTRE/GM NO LOCAL",,1,,,1,,,,,1,,Cruzamento,Bom,Sem defeito,Perfeito estado,Seca,Perfeito estado,Agente,Placas Dê a preferência,60 km/h,Dupla,Canteiro central,"",""
9641,2019-10-30T00:00:00,08:54:00,SEM VÍTIMA,FINALIZADA,IPSEP,AV RECIFE,"","",EM FRENTE AO RESTAURANTE SAL E BRASA,AV RECIFE,"",EM FRENTE AO RESTAURANTE SAL E BRASA,IPSEP,,SUBURBIO,ABALROAMENTO LONGITUDINAL,ONIBUS E AUTO,1,,,,,1,,,,0,,Longo da via,Bom,Não existe,Perfeito estado,Seca,Perfeito estado,Não existe,Placas Pare,"",Dupla,Canteiro central,"",""
9642,2019-10-30T00:00:00,09:06:00,SEM VÍTIMA,FINALIZADA,PINA,AV ANTONIO DE GOES,"","",EM FRENTE A POLÍCIA RODOVIÁRIA FEDERAL - PRF,AV ANTONIO DE GOES,"",EM FRENTE A POLÍCIA RODOVIÁRIA FEDERAL - PRF,PINA,,CIDADE,COLISÃO TRASEIRA,SEM VITIMAS/CTTU NO LOCAL /SUB NATALICIO/,2,,,,,,,,,0,,Longo da via,Bom,Não existe,Perfeito estado,Seca,Perfeito estado,Não existe,Não há placas,60 km/h,Única,Faixa seccionada,Canteiro central,""
9643,2019-10-30T00:00:00,09:49:00,SEM VÍTIMA,FINALIZADA,ILHA DO RETIRO,AV BEIRA RIO,360,"","",AV BEIRA RIO,360,"",ILHA DO RETIRO,,SUBURBIO,COLISÃO TRASEIRA,DOIS AUTOS,2,,,,,,,,,0,,Longo da via,Bom,Não existe,Perfeito estado,Seca,Perfeito estado,Não existe,R-6a,"",Dupla,Faixa seccionada,"",""
9644,2019-10-30T00:00:00,09:59:00,SEM VÍTIMA,FINALIZADA,IMBIRIBEIRA,AV MARECHAL MASCARENHAS DE MORAES,"","",EM FRENTE A FROR ARTE,AV MARECHAL MASCARENHAS DE MORAES,"",EM FRENTE A FROR ARTE,IMBIRIBEIRA,316,CIDADE,COLISÃO TRASEIRA,COLISÃO S/VITIMAS ENTRE DOIS AUTOS,2,,,,,,,,,0,,Longo da via,Bom,Sem defeito,Perfeito estado,Seca,Perfeito estado,Faixa de pedestre,Outras,"",Dupla,Canteiro central,"",""
9645,2019-10-30T00:00:00,10:43:00,SEM VÍTIMA,CANCELADA,MADALENA,AV JOSE GONCALVES DE MEDEIROS,"",EST DOS REMEDIOS,PROX. A POLICLINICA LESSA DE ANDRADE,AV JOSE GONCALVES DE MEDEIROS,"",PROX. A POLICLINICA LESSA DE ANDRADE,MADALENA,,"",COLISÃO,DOIS AUTOS,2,,,,,,,,,0,,"","","","","","","","","","","","",""
9646,2019-10-30T00:00:00,11:25:00,SEM VÍTIMA,FINALIZADA,BOA VISTA,RUA DO RIACHUELO,105,"",EM FRENTE AO EDIFÍCIO CÍRCULO CATÓLICO,RUA DO RIACHUELO,105,EM FRENTE AO EDIFÍCIO CÍRCULO CATÓLICO,BOA VISTA,,CIDADE,ABALROAMENTO LONGITUDINAL,SEM VITMAS,1,1,,,,,,,,0,,Longo da via,Bom,Não existe,Incompleta,Seca,Perfeito estado,Não existe,Não há placas,"",Dupla,Canteiro central,"",""
9647,2019-10-30T00:00:00,11:30:00,SEM VÍTIMA,FINALIZADA,IMBIRIBEIRA,AV MARECHAL MASCARENHAS DE MORAES,"","",EM FRENTE AO EDF. GARAGEM DO AEROPORTO INTERNACIONAL DO RECIFE,AV MARECHAL MASCARENHAS DE MORAES,"",EM FRENTE AO EDF. GARAGEM DO AEROPORTO INTERNACIONAL DO RECIFE,IMBIRIBEIRA,,CIDADE,COLISÃO TRASEIRA,COLISÃO S/VITIMAS ENTRE DOIS AUTOS,2,,,,,,,,,0,,Cruzamento,Bom,Não existe,Perfeito estado,Seca,Perfeito estado,Não existe,"","",Única,Não existe,"",""
9648,2019-10-30T00:00:00,11:34:00,SEM VÍTIMA,FINALIZADA,CORDEIRO,AV ENGENHEIRO ABDIAS DE CARVALHO,"",RUA QUINZE DE MARCO,SEMÁFORO 422,AV ENGENHEIRO ABDIAS DE CARVALHO,"",SEMÁFORO 422,CORDEIRO,422,CIDADE,ABALROAMENTO LONGITUDINAL,DOIS AUTOS PONTO FIXO GM NO LOCAL,2,,,,,,,,,0,,Cruzamento,Bom,Sem defeito,Perfeito estado,Seca,Perfeito estado,Agente,Não há placas,"",Única,Não existe,"",""
9649,2019-10-30T00:00:00,11:35:00,SEM VÍTIMA,FINALIZADA,BOA VIAGEM,RUA ERNESTO DE PAULA SANTOS,1368,"",EM FRENTE A FACULDADE MAURICIO DE NASSAU,RUA ERNESTO DE PAULA SANTOS,1368,EM FRENTE A FACULDADE MAURICIO DE NASSAU,BOA VIAGEM,,SUBURBIO,COLISÃO TRASEIRA,COLISÃO SEM VITIMAS,3,,,,,,,,,0,,Longo da via,Bom,Não existe,Perfeito estado,Seca,Perfeito estado,Não existe,Não há placas,"",Única,Faixa seccionada,"",""