_id,DATA,hora,natureza_acidente,situacao,bairro,endereco,numero,detalhe_endereco_acidente,complemento,endereco_cruzamento,numero_cruzamento,referencia_cruzamento,bairro_cruzamento,num_semaforo,sentido_via,tipo,descricao,auto,moto,ciclom,ciclista,pedestre,onibus,caminhao,viatura,outros,vitimas,vitimasfatais,acidente_verificado,tempo_clima,situacao_semaforo,sinalizacao,condicao_via,conservacao_via,ponto_controle,situacao_placa,velocidade_max_via,mao_direcao,divisao_via1,divisao_via2,divisao_via3
9650,2019-10-30T00:00:00,12:27:00,SEM VÍTIMA,FINALIZADA,ROSARINHO,AV NORTE,3287,"",POSTO DE COMBUSTÍVEL IPIRANGA,AV NORTE,3287,POSTO DE COMBUSTÍVEL IPIRANGA,ROSARINHO,,CIDADE,COLISÃO TRASEIRA,COLISÃO SEM VÍTIMA,3,,,,,,,,,0,,Longo da via,Bom,Não existe,Perfeito estado,Seca,Perfeito estado,Faixa de pedestre,Outras,"",Dupla,Canteiro central,"",""
9651,2019-10-30T00:00:00,12:46:00,SEM VÍTIMA,CANCELADA,TORRE,RUA JOSE BONIFACIO,"","",NA ESQUINA DA DROGASIL E POSTO IPIRANGA,RUA JOSE BONIFACIO,"",NA ESQUINA DA DROGASIL E POSTO IPIRANGA,TORRE,,"",COLISÃO,COLISAO SEM VITIMAS,1,,,,,1,,,,0,,"","","","","","","","","","","","",""
9652,2019-10-30T00:00:00,13:39:00,SEM VÍTIMA,FINALIZADA,CASA AMARELA,AV NORTE,4390,AV PROFESSOR JOSE DOS ANJOS,POSTO BR,AV NORTE,4390,POSTO BR,CASA AMARELA,364,SUBURBIO,COLISÃO TRASEIRA,COLISAO ENTRE DOIS AUTOS S/V,2,,,,,,,,,0,,"",Bom,Sem defeito,Perfeito estado,Seca,Perfeito estado,Faixa de pedestre,Outras,"",Dupla,Canteiro central,"",""
9653,2019-10-30T00:00:00,13:57:00,SEM VÍTIMA,FINALIZADA,DERBY,AV GOVERNADOR AGAMENON MAGALHAES,"","",EMERGÊNCIA CLÍNICA DO HR,AV GOVERNADOR AGAMENON MAGALHAES,"",EMERGÊNCIA CLÍNICA DO HR,DERBY,,"",ABALROAMENTO LONGITUDINAL,COLISAO ENTRE ONIBUS E AUTOS S/V,1,,,,,1,,,,0,,Longo da via,Bom,Não existe,Perfeito estado,Seca,Perfeito estado,Não existe,R-6c,"",Única,Faixa seccionada,Canteiro central,""
9654,2019-10-30T00:00:00,14:14:00,SEM VÍTIMA,FINALIZADA,ILHA DO LEITE,RUA JOSE DE ALENCAR,916,RUA MINAS GERAIS,"",RUA JOSE DE ALENCAR,916,"",ILHA DO LEITE,,CIDADE,ABALROAMENTO LONGITUDINAL,COLISAO ENTRE DOIS AUTOS S/V,2,,,,,,,,,0,,Cruzamento,Bom,Não existe,Perfeito estado,Seca,Perfeito estado,Não existe,Placas Pare,"",Única,Não existe,"",""
9655,2019-10-30T00:00:00,14:45:00,SEM VÍTIMA,FINALIZADA,ILHA DO LEITE,RUA ESTADO DE ISRAEL,"","","",RUA ESTADO DE ISRAEL,"","",ILHA DO LEITE,,SUBURBIO,ABALROAMENTO LONGITUDINAL,COLISAO SEM VITIMAS,2,,,,,,,,,0,,Longo da via,Bom,Não existe,Perfeito estado,Seca,Perfeito estado,Não existe,Não há placas,"",Única,Faixa seccionada,"",""
9656,2019-10-30T00:00:00,15:26:00,SEM VÍTIMA,FINALIZADA,ENCRUZILHADA,AV NORTE,"",AV JOAO DE BARROS,REFERÊNCIA SEMÁFORO 056,AV NORTE,"",REFERÊNCIA SEMÁFORO 056,ENCRUZILHADA,56,SUBURBIO,ABALROAMENTO TRANSVERSAL,COLISÃO SEM VÍTIMA,,1,,,,,1,,,0,,Cruzamento,Bom,Sem defeito,Perfeito estado,Seca,Perfeito estado,Outros,Outras,"",Dupla,Canteiro central,"",""
9657,2019-10-30T00:00:00,15:34:00,SEM VÍTIMA,FINALIZADA,CORDEIRO,AV INACIO MONTEIRO,538,"",EM FRENTE AO Nº 538,AV INACIO MONTEIRO,538,EM FRENTE AO Nº 538,CORDEIRO,,SUBURBIO,ABALROAMENTO TRANSVERSAL,COLISAO ENTRE AUTO E MOTO S/V,1,1,,,,,,,,0,,Longo da via,Bom,Não existe,Perfeito estado,Seca,Perfeito estado,"",R-19,30 km/h,Dupla,Faixa contínua,"",""
9658,2019-10-30T00:00:00,15:44:00,SEM VÍTIMA,DUPLICIDADE,ENCRUZILHADA,AV NORTE,"","",APOS O SEMAMFORO 043 PROX A HYUNDAI S/T SUB,AV NORTE,"",APOS O SEMAMFORO 043 PROX A HYUNDAI S/T SUB,ENCRUZILHADA,,"",COLISÃO,COLISAO ENTRE CAMINHAO E AUTO S/V,,1,,,,,1,,,0,,"","","","","","","","","","","","",""
9659,2019-10-30T00:00:00,17:00:00,SEM VÍTIMA,FINALIZADA,MADALENA,RUA PESSOA DE MELO,"",RUA DOM JOAO DE SOUZA,"",RUA PESSOA DE MELO,"","",MADALENA,,"",ABALROAMENTO TRANSVERSAL,COLISÃO SEM VÍTIMA,2,,,,,,,,,0,,Cruzamento,Bom,Não existe,Perfeito estado,Seca,Perfeito estado,Não existe,Placas Pare,"",Dupla,Não existe,"",""
9660,2019-10-30T00:00:00,17:35:00,COM VÍTIMA,FINALIZADA,ARRUDA,AV PROFESSOR JOSE DOS ANJOS,"",AV BEBERIBE,AO LADO DO BOMPREÇO DO ARRUDA VT 29,AV PROFESSOR JOSE DOS ANJOS,"",AO LADO DO BOMPREÇO DO ARRUDA VT 29,ARRUDA,131,SUBURBIO,COLISÃO TRASEIRA,COLISAO ENTRE TRES AUTOS S/V,3,,,,,,,,,1,,Longo da via,Bom,Sem defeito,Perfeito estado,Seca,Perfeito estado,"",Não há placas,"",Dupla,Faixa contínua,"",""
9661,2019-10-30T00:00:00,18:10:00,SEM VÍTIMA,FINALIZADA,BOA VISTA,RUA PRINCESA IZABEL,"","",EM FRENTE A FACULDADE DE DIREITO,RUA PRINCESA IZABEL,"",EM FRENTE A FACULDADE DE DIREITO,BOA VISTA,,CIDADE,ABALROAMENTO LONGITUDINAL,ENTRE 2 AUTOS. S/V,2,,,,,,,,,0,,Longo da via,Bom,Sem defeito,Perfeito estado,Seca,Perfeito estado,Faixa de pedestre,R-6a,"",Única,Faixa seccionada,"",""
9662,2019-10-30T00:00:00,18:16:00,SEM VÍTIMA,FINALIZADA,BOA VIAGEM,RUA VISCONDE DE JEQUITINHONHA,371,"",AO RESTAURANTE KIMSAN,RUA VISCONDE DE JEQUITINHONHA,371,AO RESTAURANTE KIMSAN,BOA VIAGEM,,SUBURBIO,ABALROAMENTO LONGITUDINAL,HB 20 X GOL,2,,,,,,,,,0,,Longo da via,Bom,Não existe,Perfeito estado,Seca,Perfeito estado,Não existe,Não há placas,60 km/h,Única,Faixa seccionada,"",""
9663,2019-10-30T00:00:00,18:18:00,SEM VÍTIMA,FINALIZADA,VÁRZEA,AV AFONSO OLINDENSE,"","",EM FRENTE AO Nº 188,AV AFONSO OLINDENSE,"",EM FRENTE AO Nº 188,VÁRZEA,638,SUBURBIO,ABALROAMENTO LONGITUDINAL,ENTRE 2 AUTOS. S/V,2,,,,,,,,,0,,Longo da via,Bom,"","",Seca,Perfeito estado,Faixa de pedestre,R-6a,"",Dupla,Faixa contínua,Faixa seccionada,""
9664,2019-10-30T00:00:00,18:23:00,SEM VÍTIMA,FINALIZADA,BOA VIAGEM,RUA FAUSTINO PORTO,275,"","",RUA FAUSTINO PORTO,275,"",BOA VIAGEM,,"",CHOQUE VEÍCULO PARADO,ENTRE AUTO E MOTO. S/V,1,1,,,,,,,,0,,Longo da via,Bom,Não existe,Perfeito estado,Seca,Perfeito estado,Não existe,Outras,"",Única,Não existe,"",""
9665,2019-10-30T00:00:00,18:29:00,SEM VÍTIMA,FINALIZADA,IMBIRIBEIRA,RUA BARAO DE SOUZA LEAO,1672,"",COLÉGIO MARIA TEREZA,RUA BARAO DE SOUZA LEAO,1672,COLÉGIO MARIA TEREZA,IMBIRIBEIRA,,CIDADE,COLISÃO TRASEIRA,ENTRE 3 AUTOS.S/V,2,,,,,,,,,0,,Longo da via,Bom,Não existe,Perfeito estado,Seca,Perfeito estado,Não existe,Não há placas,"",Única,Faixa seccionada,"",""
9666,2019-10-30T00:00:00,19:34:00,COM VÍTIMA,FINALIZADA,AFOGADOS,AV SUL,S/N,RUA ANTONIO MACARIO,POR TRAS DA CAIXA ECONOMICA FEDERAL EM UM POSTO DE GASOLINA DESATIVADO,AV SUL,S/N,POR TRAS DA CAIXA ECONOMICA FEDERAL EM UM POSTO DE GASOLINA DESATIVADO,AFOGADOS,,CIDADE,ABALROAMENTO LONGITUDINAL,HB 20 PRATA X MOTO BMW,1,1,,,,,,,,1,,Longo da via,Bom,Não existe,Perfeito estado,Seca,Perfeito estado,Outros,Outras,"",Única,Faixa seccionada,"",""
9667,2019-10-30T00:00:00,20:24:00,SEM VÍTIMA,FINALIZADA,CASA FORTE,RUA DONA ANUNCIADA DE MORAIS,78,"","",RUA DONA ANUNCIADA DE MORAIS,78,"",CASA FORTE,,SUBURBIO,CHOQUE VEÍCULO PARADO,ENTRE 2 AUTOS. S/V,2,,,,,,,,,0,,Longo da via,Bom,Não existe,"",Seca,Perfeito estado,Não existe,"","",Única,Não existe,"",""
9668,2019-10-30T00:00:00,20:33:00,SEM VÍTIMA,FINALIZADA,CAXANGÁ,AV JOAQUIM RIBEIRO,"","","",AV JOAQUIM RIBEIRO,"","",CAXANGÁ,281,SUBURBIO,ABALROAMENTO LONGITUDINAL,ENTRE 2 AUTOS. S/V,2,,,,,,,,,0,,Longo da via,Bom,Sem defeito,Perfeito estado,Seca,Perfeito estado,Faixa de pedestre,Outras,"",Dupla,Canteiro central,"",""
9669,2019-10-30T00:00:00,20:41:00,SEM VÍTIMA,FINALIZADA,SANTO AMARO,AV GOVERNADOR AGAMENON MAGALHAES,"","",SEMÁFORO Nº 108,AV GOVERNADOR AGAMENON MAGALHAES,"",SEMÁFORO Nº 108,SANTO AMARO,108,SUBURBIO,ABALROAMENTO LONGITUDINAL,ONIX X SANDERO,2,,,,,,,,,0,,Longo da via,Bom,Sem defeito,Perfeito estado,Seca,Perfeito estado,Faixa de pedestre,"",60 km/h,Dupla,Canal,"",""
9670,2019-10-30T00:00:00,20:54:00,SEM VÍTIMA,FINALIZADA,CASA AMARELA,AV NORTE,14,"",EM FRENTE A FUNERÁRIA,AV NORTE,14,EM FRENTE A FUNERÁRIA,CASA AMARELA,,CIDADE,COLISÃO TRASEIRA,ENTRE 2 AUTOS. S/V,2,,,,,,,,,0,,Longo da via,Bom,Não existe,Perfeito estado,Seca,Perfeito estado,Não existe,Não há placas,"",Única,Faixa seccionada,"",""
9671,2019-10-30T00:00:00,21:32:00,SEM VÍTIMA,CANCELADA,CASA AMARELA,AV NORTE,"",RUA VASCO DA GAMA,DE ESQUINA COM POSTO DE GASOLINA QUE ESTA DESATIVADO,AV NORTE,"",DE ESQUINA COM POSTO DE GASOLINA QUE ESTA DESATIVADO,CASA AMARELA,,SUBURBIO,COLISÃO,ONIBUS PEDROSA X CAMINHAO BAU,,,,,,1,1,,,0,,"","","","","","","","","","","","",""
9672,2019-10-30T00:00:00,21:46:00,SEM VÍTIMA,CANCELADA,ENCRUZILHADA,AV ENGENHEIRO JOSE ESTELITA,2548,"",E/F À LOJA DE MÓVEIS JACAUNA,"",2548,E/F À LOJA DE MÓVEIS JACAUNA,ENCRUZILHADA,,SUBURBIO,COLISÃO,ENTRE 2 AUTOS. S/V,2,,,,,,,,,0,,"","","","","","","","","","","","",""
9673,2019-10-31T00:00:00,06:56:00,COM VÍTIMA,FINALIZADA,BOA VISTA,PRC CHORA MENINO,89,"",E/F A PADARIA TRIUNFO,PRC CHORA MENINO,89,E/F A PADARIA TRIUNFO,BOA VISTA,,SUBURBIO,ABALROAMENTO LONGITUDINAL,COLISÃO C/VITIMA ENTRE UMA MOTO E DOIS CARROS,2,1,,,,,,,,1,,Longo da via,Bom,Sem defeito,Não existente,Seca,Perfeito estado,Não existe,Não há placas,"","","","",""
9674,2019-10-31T00:00:00,06:57:00,COM VÍTIMA,FINALIZADA,IPUTINGA,RUA LEAL DE BARROS,404,RUA PEREIRA COUTINHO FILHO,EM FRENTE A PADARIA NOSSA MASSA,RUA LEAL DE BARROS,404,EM FRENTE A PADARIA NOSSA MASSA,IPUTINGA,,"",ABALROAMENTO TRANSVERSAL,AUTO E MOTO,1,1,,,,,,,,1,,Cruzamento,Bom,Não existe,Não existente,Seca,Perfeito estado,Não existe,Não há placas,"",Dupla,Não existe,"",""
9675,2019-10-31T00:00:00,07:03:00,SEM VÍTIMA,FINALIZADA,ESTÂNCIA,AV RECIFE,5520,"",PRÓXIMO A PONTE SANTA LUZIA,AV RECIFE,5520,PRÓXIMO A PONTE SANTA LUZIA,ESTÂNCIA,,SUBURBIO,ABALROAMENTO LONGITUDINAL,COLISÃO SEM VITIMAS,1,,,,,,1,,,0,,Longo da via,Bom,Não existe,Não existente,Seca,Perfeito estado,Não existe,"",60 km/h,Dupla,Canteiro central,"",""
9676,2019-10-31T00:00:00,07:23:00,COM VÍTIMA,DUPLICIDADE,ILHA DO LEITE,AV LINS PETIT,"","",EM FRENTE A PADARIA TRIUNFO,AV LINS PETIT,"",EM FRENTE A PADARIA TRIUNFO,ILHA DO LEITE,,"",COLISÃO,COLISÃO COM VITIMA SOCORRIDO PELO SAMU,2,1,,,,,,,,1,,"","","","","","","","","","","","",""
9677,2019-10-31T00:00:00,07:48:00,SEM VÍTIMA,FINALIZADA,BOA VIAGEM,AV DES JOSE NEVES,85,"","",AV DES JOSE NEVES,85,"",BOA VIAGEM,,CIDADE,COLISÃO TRASEIRA,TRES AUTOS,3,,,,,,,,,0,,Longo da via,Bom,Sem defeito,Perfeito estado,Seca,Perfeito estado,Não existe,Não há placas,"",Única,"","",""
9678,2019-10-31T00:00:00,07:51:00,SEM VÍTIMA,FINALIZADA,AREIAS,AV RECIFE,3777,"",EM FRENTE AO BIG BOMPREÇO,AV RECIFE,3777,EM FRENTE AO BIG BOMPREÇO,AREIAS,599,SUBURBIO,ABALROAMENTO LONGITUDINAL,VT PM E AUTO PASSEIO,2,,,,,,,,,0,,Longo da via,Bom,Sem defeito,Perfeito estado,Seca,Perfeito estado,Faixa de pedestre,Não há placas,60 km/h,Dupla,Canteiro central,"",""
9679,2019-10-31T00:00:00,07:59:00,SEM VÍTIMA,FINALIZADA,BOA VIAGEM,RUA TENENTE DOMINGOS DE BRITO,960,RUA ERNESTO DE PAULA SANTOS,EMPRESARIAL BOA VIAGEM,RUA TENENTE DOMINGOS DE BRITO,960,EMPRESARIAL BOA VIAGEM,BOA VIAGEM,330,SUBURBIO,ABALROAMENTO LONGITUDINAL,COLISÃO SEM VITIMAS,2,,,,,,,,,0,,Cruzamento,Bom,Sem defeito,Ilegível,Seca,Perfeito estado,Faixa de pedestre,Outras,"",Única,Não existe,"",""
9680,2019-10-31T00:00:00,08:17:00,SEM VÍTIMA,FINALIZADA,BOA VISTA,RUA DO HOSPICIO,"",RUA PRINCESA IZABEL,FACULDADE DE DIREITO AO LADO,RUA DO HOSPICIO,"",FACULDADE DE DIREITO AO LADO,BOA VISTA,31,SUBURBIO,COLISÃO TRASEIRA,ONIBUS E AUTO PASSEIO,1,,,,,1,,,,0,,Longo da via,Bom,Sem defeito,Perfeito estado,Seca,Perfeito estado,Não existe,Não há placas,"",Dupla,Blocos,"",""
9681,2019-10-31T00:00:00,08:36:00,SEM VÍTIMA,FINALIZADA,VASCO DA GAMA,LGO DOM LUIZ,215,"",EM FRENTE AO Nº 215,LGO DOM LUIZ,215,EM FRENTE AO Nº 215,VASCO DA GAMA,,"",ABALROAMENTO LONGITUDINAL,MOTO E AUTO,1,1,,,,,,,,0,,Longo da via,Bom,Não existe,Perfeito estado,Seca,Perfeito estado,Não existe,Não há placas,30 km/h,Dupla,"","",""
9682,2019-10-31T00:00:00,08:42:00,SEM VÍTIMA,FINALIZADA,IPUTINGA,AV INACIO MONTEIRO,717,"",EM FRENTE DEPÓSITO DE BEBIDA SANTA RITA,AV INACIO MONTEIRO,717,EM FRENTE DEPÓSITO DE BEBIDA SANTA RITA,IPUTINGA,,"",CHOQUE OBJETO FIXO,DOIS AUTOS,1,,,,,,1,,,0,,Longo da via,Bom,Não existe,Perfeito estado,Seca,Perfeito estado,Outros,R-34,"",Dupla,Faixa contínua,"",""
9683,2019-10-31T00:00:00,08:52:00,COM VÍTIMA,FINALIZADA,ENGENHO DO MEIO,EST DO FORTE DO ARRAIAL N. DO B. JESUS,"",AV ENGENHEIRO ABDIAS DE CARVALHO,EM FRETEN AO RESTAURANTE YOKI GALETOS,EST DO FORTE DO ARRAIAL N. DO B. JESUS,"",EM FRETEN AO RESTAURANTE YOKI GALETOS,ENGENHO DO MEIO,,CIDADE,ABALROAMENTO LONGITUDINAL,COLISÃO ENVOLVENDO UMA MOTOCICLETA E UMA AMBULÂNCIA,1,1,,,,,,,,2,,Longo da via,Bom,Sem defeito,Perfeito estado,Seca,Perfeito estado,Faixa de pedestre,Não há placas,"",Dupla,Canteiro central,"",""
9684,2019-10-31T00:00:00,10:22:00,SEM VÍTIMA,FINALIZADA,CASA AMARELA,RUA PADRE OLIVEIRA,631,"",FARMÁCIA FÉ EM DEUS,RUA PADRE OLIVEIRA,631,FARMÁCIA FÉ EM DEUS,CASA AMARELA,,SUBURBIO,ABALROAMENTO TRANSVERSAL,COLISÃO SEM VITIMAS,1,,,,,,,,,0,,Longo da via,Bom,Não existe,Perfeito estado,Seca,Perfeito estado,Não existe,Não há placas,"",Dupla,Faixa seccionada,"",""
9685,2019-10-31T00:00:00,10:30:00,SEM VÍTIMA,FINALIZADA,CAMPO GRANDE,RUA ODORICO MENDES,"","",EM FRENTE A OFICINA AGAMENON AUTO PEÇAS,RUA ODORICO MENDES,"",EM FRENTE A OFICINA AGAMENON AUTO PEÇAS,CAMPO GRANDE,,"",COLISÃO,COLISÃO SEM VITIMAS,2,,,,,,,,,0,,"","","","","","","","","","","","",""
9686,2019-10-31T00:00:00,11:12:00,SEM VÍTIMA,FINALIZADA,BAIRRO DO RECIFE,AV GOVERNADOR AGAMENON MAGALHAES,"","",SOB O SEMÁFORO 173,AV GOVERNADOR AGAMENON MAGALHAES,"",SOB O SEMÁFORO 173,BAIRRO DO RECIFE,,"",ABALROAMENTO LONGITUDINAL,DOIS AUTOS,2,,,,,,,,,0,,Longo da via,Bom,Sem defeito,Perfeito estado,Seca,Perfeito estado,Faixa de pedestre,Outras,60 km/h,Dupla,Faixa seccionada,Canteiro central,""
9687,2019-10-31T00:00:00,12:24:00,SEM VÍTIMA,FINALIZADA,MADALENA,RUA ENGENHEIRO LEONARDO ARCOVERDE,"","",EM FRENTE AO Nº 876,RUA ENGENHEIRO LEONARDO ARCOVERDE,"",EM FRENTE AO Nº 876,MADALENA,,"",ABALROAMENTO TRANSVERSAL,COLISÃO SEM VÍTIMA,2,,,,,,,,,0,,Longo da via,Bom,Não existe,Não existente,Seca,Perfeito estado,Não existe,Não há placas,"",Dupla,"","",""
9688,2019-10-31T00:00:00,12:51:00,SEM VÍTIMA,FINALIZADA,ENCRUZILHADA,AV BEBERIBE,"",RUA CURIO,"",AV BEBERIBE,"","",ENCRUZILHADA,,SUBURBIO,ABALROAMENTO LONGITUDINAL,COLISAO ENTRE AUTO E MOTO COM UMA VITIMA,1,1,,,,,,,,0,,Cruzamento,Bom,Não existe,Incompleta,Seca,Perfeito estado,Não existe,R-6a,"",Dupla,Faixa seccionada,"",""
9689,2019-10-31T00:00:00,12:52:00,COM VÍTIMA,FINALIZADA,CORDEIRO,AV CAXANGA,"",AV INACIO MONTEIRO,PROXIMO AO ANTIGO PERNAMBUCO DA SORTE,AV CAXANGA,"",PROXIMO AO ANTIGO PERNAMBUCO DA SORTE,CORDEIRO,234,CIDADE,ABALROAMENTO TRANSVERSAL,VIATURA Nº 24 NO LOCAL.,1,1,,,,,,,,1,,Cruzamento,Bom,Sem defeito,Perfeito estado,Seca,Perfeito estado,Faixa de pedestre,R-6a,"",Dupla,Canteiro central,"",""
9690,2019-10-31T00:00:00,13:24:00,SEM VÍTIMA,FINALIZADA,COQUEIRAL,RUA LINHA NOVA,103,RUA PAGE,"",RUA LINHA NOVA,103,"",COQUEIRAL,,CIDADE,COLISÃO FRONTAL,COLISAO ENTRE AUTO E MOTO S/V,1,1,,,,,,,,0,,"",Bom,Não existe,Perfeito estado,Seca,Perfeito estado,Outros,R-3,"",Única,Não existe,"",""
9691,2019-10-31T00:00:00,13:31:00,SEM VÍTIMA,FINALIZADA,JIQUIÁ,AV DR JOSE RUFINO,98,RUA ANTONIO CARNEIRO,PERNAMBUCO DISTRIBUIDORA,AV DR JOSE RUFINO,98,PERNAMBUCO DISTRIBUIDORA,JIQUIÁ,,SUBURBIO,ABALROAMENTO LONGITUDINAL,COLISÃO SEM VÍTIMA,2,,,,,,,,,0,,Cruzamento,Bom,Não existe,Perfeito estado,Seca,"",Não existe,R-6a,40 km/h,Dupla,"","",""
9692,2019-10-31T00:00:00,13:50:00,SEM VÍTIMA,FINALIZADA,MADALENA,RUA CONDE DE IRAJA,463,"","",RUA CONDE DE IRAJA,463,"",MADALENA,,SUBURBIO,ABALROAMENTO LONGITUDINAL,COLISÃO ENTRE DOIS VEICULOS DE AUTO PASSEIO,2,,,,,,,,,0,,Longo da via,Bom,Não existe,Perfeito estado,Seca,Perfeito estado,Não existe,Não há placas,"",Única,Faixa seccionada,"",""
9693,2019-10-31T00:00:00,13:57:00,SEM VÍTIMA,FINALIZADA,MANGABEIRA,AV PROFESSOR JOSE DOS ANJOS,"","",LADO OPOSTO AO SESC,AV PROFESSOR JOSE DOS ANJOS,"",LADO OPOSTO AO SESC,MANGABEIRA,364,SUBURBIO,ABALROAMENTO LONGITUDINAL,COLISÃO ENTRE UM AUTO PASSEIO E UM CAMINHÃO.,1,,,,,,1,,,0,,"",Bom,Sem defeito,Perfeito estado,Seca,Perfeito estado,Faixa de pedestre,"","",Única,"","",""
9694,2019-10-31T00:00:00,14:14:00,SEM VÍTIMA,FINALIZADA,GRAÇAS,RUA AMELIA,900,"",POSTO SHELL V-POWER,RUA AMELIA,900,POSTO SHELL V-POWER,GRAÇAS,,CIDADE,ABALROAMENTO LONGITUDINAL,COLISÃO ENTRE DOIS VEICULOS DE AUTO PASSEIO.,2,,,,,,,,,0,,Longo da via,Bom,Não existe,Perfeito estado,Seca,Perfeito estado,Não existe,Não há placas,60 km/h,Única,Faixa seccionada,"",""
9695,2019-11-01T00:00:00,08:57:00,SEM VÍTIMA,FINALIZADA,TORRE,RUA JOSE BONIFACIO,"","",MASSA NOBRE DELICATESSEN,RUA JOSE BONIFACIO,"",MASSA NOBRE DELICATESSEN,TORRE,193,SUBURBIO,ABALROAMENTO TRANSVERSAL,COLISÃO ENTRE DOIS AUTOS PASSEIOS.,2,,,,,,,,,0,,Cruzamento,Bom,Sem defeito,Perfeito estado,Seca,Perfeito estado,Não existe,Outras,60 km/h,Única,Não existe,"",""
9696,2019-10-31T00:00:00,15:53:00,SEM VÍTIMA,CANCELADA,GRAÇAS,AV RUI BARBOSA,"",RUA CONS PORTELA,AO LADO DA PEDRAGON,AV RUI BARBOSA,"",AO LADO DA PEDRAGON,GRAÇAS,,"",COLISÃO,COLISAO ENTRE DOIS AUTOS E UMA MOTO S/V,2,1,,,,,,,,0,,"","","","","","","","","","","","",""
9697,2019-10-31T00:00:00,15:59:00,SEM VÍTIMA,FINALIZADA,MADALENA,RUA REAL DA TORRE,464,RUA JOSE OSORIO,POSTO BR,RUA REAL DA TORRE,464,POSTO BR,MADALENA,,CIDADE,COLISÃO TRASEIRA,COLISÃO ENTRE UMA MOTO E UM CARRO.,1,1,,,,,,,,0,,Longo da via,Bom,"",Perfeito estado,Seca,Perfeito estado,Não existe,Não há placas,"",Única,Não existe,"",""
9698,2019-10-31T00:00:00,16:07:00,SEM VÍTIMA,FINALIZADA,BOA VIAGEM,AV BOA VIAGEM,914,RUA TOME GIBSON,ENFRENTE AS QUADRAS DE TENIS. ENFRETE AO EDF. NOSSA SENHORA COPACABANA,AV BOA VIAGEM,914,ENFRENTE AS QUADRAS DE TENIS. ENFRETE AO EDF. NOSSA SENHORA COPACABANA,BOA VIAGEM,105,"",COLISÃO,COLISAO ENTRE DOIS AUTOS PASSEIOS,2,,,,,,,,,0,,"","","","","","","","","","","","",""
9699,2019-10-31T00:00:00,16:31:00,SEM VÍTIMA,FINALIZADA,BOA VIAGEM,RUA COSMORAMA,710,RUA CAPITAO BARROSO PEREIRA,"",RUA COSMORAMA,710,"",BOA VIAGEM,,SUBURBIO,ABALROAMENTO LONGITUDINAL,COLISAO ENTRES DOIS AUTO PASSEIO.,2,,,,,,,,,0,,Cruzamento,Bom,Não existe,Perfeito estado,Seca,Perfeito estado,Não existe,Não há placas,"",Dupla,Faixa seccionada,"",""
9700,2019-10-31T00:00:00,16:52:00,SEM VÍTIMA,CANCELADA,BOA VISTA,RUA NUNES MACHADO,"",RUA DO PRINCIPE,PROXIMO CURSO PROLINCINHO.,RUA NUNES MACHADO,"",PROXIMO CURSO PROLINCINHO.,BOA VISTA,,"",COLISÃO,COLISAO ENTRES DOIS AUTO PASSEIO.,2,,,,,,,,,0,,"","","","","","","","","","","","",""
9701,2019-10-31T00:00:00,17:43:00,SEM VÍTIMA,FINALIZADA,CABANGA,PTE GOVERNADOR PAULO GUERRA,"","",LADO OPOSTO COMPESA,PTE GOVERNADOR PAULO GUERRA,"",LADO OPOSTO COMPESA,CABANGA,,SUBURBIO,COLISÃO TRASEIRA,COLISÃO ENTRE DOIS AUTOS PASSEIOS.,2,,,,,,,,,0,,Longo da via,Bom,Sem defeito,Perfeito estado,Seca,Perfeito estado,Não existe,Não há placas,"",Única,Faixa contínua,"",""
9702,2019-10-31T00:00:00,18:24:00,SEM VÍTIMA,CANCELADA,NOVA DESCOBERTA,RUA JORNALISTA WALDETE AGRA,211,"",E/F AO TERMINAL DE NOVA DESCOBERTA,RUA JORNALISTA WALDETE AGRA,211,E/F AO TERMINAL DE NOVA DESCOBERTA,NOVA DESCOBERTA,,"",COLISÃO,ENTRE AUTO E ÕNIBUS. S/V,1,,,,,1,,,,0,,"","","","","","","","","","","","",""
9703,2019-10-31T00:00:00,18:26:00,SEM VÍTIMA,FINALIZADA,AFOGADOS,RUA DA PAZ,"","",SOBRE A PONTE PRÓXIMO A FÁBRICA DE SABÃO ASA,RUA DA PAZ,"",SOBRE A PONTE PRÓXIMO A FÁBRICA DE SABÃO ASA,AFOGADOS,,SUBURBIO,COLISÃO TRASEIRA,ECOSPORT X SPIN BRANCA,2,,,,,,,,,0,,Ponte,Bom,Não existe,Perfeito estado,Seca,Perfeito estado,Não existe,Não há placas,"",Única,Faixa seccionada,"",""
9704,2019-10-31T00:00:00,18:39:00,SEM VÍTIMA,FINALIZADA,BOA VISTA,RUA NUNES MACHADO,"",RUA DO PRINCIPE,POSTE B 026469,RUA NUNES MACHADO,"",POSTE B 026469,BOA VISTA,,CIDADE,COLISÃO TRASEIRA,COLISAO ENTRES DOIS AUTO PASSEIO.,2,,,,,,,,,0,,"",Bom,Não existe,Incompleta,Seca,Perfeito estado,Não existe,Outras,"",Única,Não existe,"",""
9705,2019-10-31T00:00:00,18:40:00,SEM VÍTIMA,FINALIZADA,ENGENHO DO MEIO,RUA MAURICEIA,308,"",BARBEARIA CHEN,RUA MAURICEIA,308,BARBEARIA CHEN,ENGENHO DO MEIO,,SUBURBIO,COLISÃO TRASEIRA,ENTRE 2 AUTOS. S/V,2,,,,,,,,,0,,Longo da via,Bom,Não existe,Perfeito estado,Seca,Perfeito estado,Não existe,Não há placas,"",Dupla,Não existe,"",""