_id,DATA,hora,natureza_acidente,situacao,bairro,endereco,numero,detalhe_endereco_acidente,complemento,endereco_cruzamento,numero_cruzamento,referencia_cruzamento,bairro_cruzamento,num_semaforo,sentido_via,tipo,descricao,auto,moto,ciclom,ciclista,pedestre,onibus,caminhao,viatura,outros,vitimas,vitimasfatais,acidente_verificado,tempo_clima,situacao_semaforo,sinalizacao,condicao_via,conservacao_via,ponto_controle,situacao_placa,velocidade_max_via,mao_direcao,divisao_via1,divisao_via2,divisao_via3
9762,2019-11-01T00:00:00,21:18:00,SEM VÍTIMA,FINALIZADA,BOA VISTA,AV CONDE DA BOA VISTA,"","",PARADA DE ÔNIBUS Nº 100320,AV CONDE DA BOA VISTA,"",PARADA DE ÔNIBUS Nº 100320,BOA VISTA,,"",ABALROAMENTO LONGITUDINAL,ÕNIBUS X AUTO PASSEIO. S/V,1,,,,,1,,,,0,,Longo da via,Bom,Sem defeito,Perfeito estado,Seca,Perfeito estado,Faixa de pedestre,R-6c,30 km/h,Dupla,Faixa contínua,"",""
9763,2019-11-01T00:00:00,22:09:00,SEM VÍTIMA,CANCELADA,AFLITOS,RUA ANGUSTURA,195,"",PROX AO ESTADIO ELADIO DE BARROS CARVALHO (AFLITOS ),RUA ANGUSTURA,195,PROX AO ESTADIO ELADIO DE BARROS CARVALHO (AFLITOS ),AFLITOS,,"",COLISÃO,CAMINHAO CAÇAMBA X AUTO,1,,,,,,1,,,0,,"","","","","","","","","","","","",""
9764,2019-11-01T00:00:00,22:41:00,SEM VÍTIMA,FINALIZADA,DERBY,AV GOVERNADOR AGAMENON MAGALHAES,"",RUA JOAQUIM NABUCO,"",AV GOVERNADOR AGAMENON MAGALHAES,"","",DERBY,174,SUBURBIO,ABALROAMENTO LONGITUDINAL,ENTRE 2 AUTOS. S/V,2,,,,,,,,,0,,Cruzamento,Bom,Sem defeito,Perfeito estado,Seca,Perfeito estado,"","",60 km/h,Dupla,Canal,"",""
9765,2019-11-02T00:00:00,08:05:00,SEM VÍTIMA,FINALIZADA,CASA AMARELA,EST DO ARRAIAL,"",RUA DA HARMONIA,IGREJA CATÓLICA,EST DO ARRAIAL,"",IGREJA CATÓLICA,CASA AMARELA,74,SUBURBIO,COLISÃO TRASEIRA,CAMINHÃO E 2 AUTOS,2,,,,,,1,,,0,,Longo da via,Bom,Sem defeito,Perfeito estado,Seca,Perfeito estado,Faixa de pedestre,Outras,40 km/h,Única,Faixa seccionada,"",""
9766,2019-11-02T00:00:00,08:31:00,SEM VÍTIMA,FINALIZADA,BOA VISTA,RUA DA SANTA CRUZ,1716,RUA VELHA,EM FRENTE A IGREJA SANTA CRUZ,RUA DA SANTA CRUZ,1716,EM FRENTE A IGREJA SANTA CRUZ,BOA VISTA,221,SUBURBIO,ABALROAMENTO TRANSVERSAL,"",1,1,,,,,,,,0,,Longo da via,Bom,Sem defeito,Ilegível,Seca,Perfeito estado,Faixa de pedestre,Não há placas,40 km/h,Única,Não existe,"",""
9767,2019-11-02T00:00:00,08:48:00,SEM VÍTIMA,FINALIZADA,PAISSANDU,AV GOVERNADOR AGAMENON MAGALHAES,4318,RUA PAISSANDU,PRÓXIMO AO EMPRESARIAL RENATO DIAS,AV GOVERNADOR AGAMENON MAGALHAES,4318,PRÓXIMO AO EMPRESARIAL RENATO DIAS,PAISSANDU,69,"",COLISÃO TRASEIRA,AUTO E MOTOCICLETA,1,1,,,,,,,,0,,Longo da via,Bom,Sem defeito,Perfeito estado,Seca,Perfeito estado,Faixa de pedestre,R-4a,60 km/h,Dupla,Canal,"",""
9768,2019-11-02T00:00:00,09:27:00,COM VÍTIMA,FINALIZADA,PARNAMIRIM,AV FLOR DE SANTANA,153,"",PROX. A BURGUER KING / EM FRENTE AO EDF TATIANE,AV FLOR DE SANTANA,153,PROX. A BURGUER KING / EM FRENTE AO EDF TATIANE,PARNAMIRIM,,SUBURBIO,ABALROAMENTO LONGITUDINAL,DOIS AUTO E PEDESTRE,2,,,,1,,,,,1,,Longo da via,Bom,Não existe,Perfeito estado,Seca,Perfeito estado,Não existe,Não há placas,"",Dupla,Não existe,"",""
9769,2019-11-02T00:00:00,10:42:00,COM VÍTIMA,FINALIZADA,IBURA,AV ENGENHO MURIBARA,232,AV ENGENHO BABILONIA,EM FRENTE A PADARIA TRIGO DE OURO,AV ENGENHO MURIBARA,232,EM FRENTE A PADARIA TRIGO DE OURO,IBURA,,SUBURBIO,ABALROAMENTO LONGITUDINAL,COLISÃO COM VITIMA SOCORRIDA PELO SAMU,1,1,,,,,,,,1,,Cruzamento,Bom,Não existe,Perfeito estado,Seca,Perfeito estado,Não existe,R-6a,30 km/h,Única,Faixa seccionada,"",""
9770,2019-11-02T00:00:00,11:37:00,SEM VÍTIMA,FINALIZADA,PINA,AV ANTONIO DE GOES,222,"",BODEGA DO ZEZO,AV ANTONIO DE GOES,222,BODEGA DO ZEZO,PINA,,CIDADE,COLISÃO TRASEIRA,ENGAVETAMENTO DE QUATRO AUTOS S/V,4,,,,,,,,,0,,Longo da via,Bom,"",Perfeito estado,Seca,Perfeito estado,Não existe,Não há placas,"",Única,Canteiro central,"",""
9771,2019-11-02T00:00:00,13:15:00,SEM VÍTIMA,CANCELADA,PARNAMIRIM,AV DEZESSETE DE AGOSTO,9,AV PARNAMIRIM,EM FRENTE AO EDF SLAVUS,AV DEZESSETE DE AGOSTO,9,EM FRENTE AO EDF SLAVUS,PARNAMIRIM,,"",COLISÃO,SEM VITIMAS,2,,,,,,,,,0,,"","","","","","","","","","","","",""
9772,2019-11-02T00:00:00,13:35:00,COM VÍTIMA,FINALIZADA,CAXANGÁ,RUA RIBEIRO PESSOA,"",AV CAXANGA,"",RUA RIBEIRO PESSOA,"","",CAXANGÁ,281,"",ABALROAMENTO TRANSVERSAL,COM VÍTIMA,1,1,,,,,,,,1,,Cruzamento,Bom,Sem defeito,Perfeito estado,Seca,Perfeito estado,Faixa de pedestre,"","",Dupla,Canteiro central,"",""
9773,2019-11-02T00:00:00,14:33:00,SEM VÍTIMA,FINALIZADA,BOA VIAGEM,AV BOA VIAGEM,4772,"","",AV BOA VIAGEM,4772,"",BOA VIAGEM,,CIDADE,ABALROAMENTO LONGITUDINAL,COLISAO ENTRE DOIS AUTO S/V,2,,,,,,,,,0,,Longo da via,Bom,Não existe,Perfeito estado,Seca,Perfeito estado,Não existe,Não há placas,60 km/h,Única,Faixa seccionada,"",""
9774,2019-11-02T00:00:00,16:24:00,SEM VÍTIMA,EQUIPE NO LOCAL,BOA VISTA,RUA DA SOLEDADE,259,"",POSTO DE ATENDIMENTO GRANDE RECIFE ( VEM ),RUA DA SOLEDADE,259,POSTO DE ATENDIMENTO GRANDE RECIFE ( VEM ),BOA VISTA,,CIDADE,COLISÃO TRASEIRA,ENTRE 2 AUTOS. S/V,2,,,,,,,,,0,,Longo da via,Bom,Sem defeito,Perfeito estado,Seca,Perfeito estado,Faixa de pedestre,Outras,"",Única,Não existe,"",""
9775,2019-11-02T00:00:00,16:42:00,SEM VÍTIMA,FINALIZADA,APIPUCOS,AV DEZESSETE DE AGOSTO,371,"",SEMÁFORO 535,AV DEZESSETE DE AGOSTO,371,SEMÁFORO 535,APIPUCOS,535,"",COLISÃO TRASEIRA,COLISAO ENTRE DOIS AUTOS S/V,2,,,,,,,,,0,,Longo da via,Bom,Sem defeito,Perfeito estado,Seca,Perfeito estado,Faixa de pedestre,"","",Dupla,"","",""
9776,2019-11-02T00:00:00,16:59:00,SEM VÍTIMA,FINALIZADA,IBURA,AV DOIS RIOS,"",RUA PINTOR AGENOR DE ALBUQUERQUE CESAR,"",AV DOIS RIOS,"","",IBURA,561,CIDADE,CHOQUE VEÍCULO PARADO,COLISAO ENTRE DOIS AUTOS S/V,2,,,,,,,,,0,,Cruzamento,Bom,Sem defeito,Não existente,Seca,Perfeito estado,Faixa de pedestre,Não há placas,"",Dupla,Faixa seccionada,"",""
9777,2019-11-02T00:00:00,18:37:00,SEM VÍTIMA,FINALIZADA,CAMPO GRANDE,RUA JERONIMO VILELA,86,RUA MANUEL DE BARROS LIMA,CLÍNICA VETERINÁRIA BICHO SOLTO,RUA JERONIMO VILELA,86,CLÍNICA VETERINÁRIA BICHO SOLTO,CAMPO GRANDE,,CIDADE,COLISÃO TRASEIRA,ENTRE 2 AUTOS. S/V,2,,,,,,,,,0,,Longo da via,Bom,Não existe,Perfeito estado,Seca,Perfeito estado,Não existe,Não há placas,"",Dupla,Faixa contínua,"",""
9778,2019-11-02T00:00:00,19:56:00,COM VÍTIMA,FINALIZADA,MADALENA,EST DOS REMEDIOS,"",AV JOSE GONCALVES DE MEDEIROS,E/F A POLICLINICA LESSA ANDRADA,EST DOS REMEDIOS,"",E/F A POLICLINICA LESSA ANDRADA,MADALENA,353,"",ABALROAMENTO TRANSVERSAL,ENTRE AUTO PASSEIO X MOTO COM VÍTIMA,1,1,,,,,,,,1,,Cruzamento,Bom,Sem defeito,Perfeito estado,Seca,Perfeito estado,Não existe,Não há placas,"",Única,Não existe,"",""
9779,2019-11-02T00:00:00,20:42:00,SEM VÍTIMA,FINALIZADA,MADALENA,RUA PESSOA DE MELO,227,"","",RUA PESSOA DE MELO,227,"",MADALENA,,SUBURBIO,CHOQUE VEÍCULO PARADO,ENTRE 2 AUTOS. S/V --- UM DOS CONDUTORES APRESENTA SINAIS DE EMBRIAGUEZ,2,,,,,,,,,0,,Longo da via,Bom,Não existe,Perfeito estado,Seca,Perfeito estado,Não existe,Não há placas,"",Dupla,Não existe,"",""
9780,2019-11-03T00:00:00,00:22:00,COM VÍTIMA,FINALIZADA,CASA FORTE,EST DO ENCANAMENTO,200,"EST DAS UBAIAS,","",EST DO ENCANAMENTO,200,"",CASA FORTE,593,SUBURBIO,ABALROAMENTO TRANSVERSAL,COLISÃO ENTRE DOIS AUTOS C/V,2,,,,,,,,,1,,Cruzamento,Bom,Sem defeito,Perfeito estado,Seca,Perfeito estado,Não existe,Placas Pare,"",Dupla,Faixa contínua,"",""
9781,2019-11-03T00:00:00,00:41:00,SEM VÍTIMA,FINALIZADA,TEJIPIÓ,AV DR JOSE RUFINO,2612,"",VIADUTO DA BR 101,AV DR JOSE RUFINO,2612,VIADUTO DA BR 101,TEJIPIÓ,,SUBURBIO,COLISÃO TRASEIRA,COLISÃO ENTRE DOIS AUTOS S/V,2,,,,,,,,,0,,Longo da via,Bom,Não existe,Perfeito estado,Seca,Perfeito estado,Não existe,Não há placas,"",Dupla,Faixa contínua,"",""
9782,2019-11-03T00:00:00,00:57:00,SEM VÍTIMA,FINALIZADA,ARRUDA,RUA DO MACHADO,557,"","",RUA DO MACHADO,557,"",ARRUDA,,CIDADE,CHOQUE VEÍCULO PARADO,COLISÃO ENTRE DOIS AUTOS S/V,2,,,,,,,,,0,,Longo da via,Bom,Não existe,Perfeito estado,Seca,Perfeito estado,Não existe,Não há placas,"",Dupla,Faixa seccionada,"",""
9783,2019-11-03T00:00:00,08:11:00,SEM VÍTIMA,FINALIZADA,"",AV RUI BARBOSA,"",AV GOVERNADOR AGAMENON MAGALHAES,EM FRENTE AO COLÉGIO AMERICANO BATISTA,AV RUI BARBOSA,"",EM FRENTE AO COLÉGIO AMERICANO BATISTA,"",37,"",ABALROAMENTO LONGITUDINAL,COLISÃO SEM VITIMAS,2,,,,,,,,,0,,Cruzamento,Bom,Sem defeito,Perfeito estado,Seca,Perfeito estado,Faixa de pedestre,Outras,"",Única,Faixa contínua,"",""
9784,2019-11-03T00:00:00,09:45:00,SEM VÍTIMA,FINALIZADA,VASCO DA GAMA,AV NORTE,"",RUA PADRE LEMOS,"",AV NORTE,"","",VASCO DA GAMA,66,SUBURBIO,ABALROAMENTO TRANSVERSAL,COLISÃO S/VITIMAS ENTRE DUAS MOTOS,,1,,,,,,,,0,,Cruzamento,Bom,Sem defeito,Perfeito estado,Seca,Perfeito estado,Faixa de pedestre,Não há placas,60 km/h,Dupla,Canteiro central,"",""
9785,2019-11-03T00:00:00,09:46:00,SEM VÍTIMA,FINALIZADA,PORTO DA MADEIRA,AV ANIBAL BENEVOLO,285,RUA CONS BARROS BARRETO,ESQUINA DAS RUAS,AV ANIBAL BENEVOLO,285,ESQUINA DAS RUAS,PORTO DA MADEIRA,,"",ABALROAMENTO LONGITUDINAL,COLISÃO SEM VITIMAS,1,,,,,1,,,,0,,"",Bom,Não existe,Incompleta,Seca,Perfeito estado,Não existe,Não há placas,"",Dupla,Não existe,"",""
9786,2019-11-03T00:00:00,10:14:00,SEM VÍTIMA,FINALIZADA,TORRE,RUA JOSE BONIFACIO,"","","",RUA JOSE BONIFACIO,"","",TORRE,301,SUBURBIO,COLISÃO TRASEIRA,SEM VITIMAS,3,,,,,,,,,0,,Longo da via,Bom,Sem defeito,Perfeito estado,Seca,Perfeito estado,Faixa de pedestre,Outras,50 km/h,Única,Não existe,"",""
9787,2019-11-03T00:00:00,11:03:00,COM VÍTIMA,FINALIZADA,TEJIPIÓ,AV DR JOSE RUFINO,3131,"",SEMAFORO 208 EM FRENTE AO 4*DECONN,AV DR JOSE RUFINO,3131,SEMAFORO 208 EM FRENTE AO 4*DECONN,TEJIPIÓ,208,CIDADE,COLISÃO FRONTAL,COLISÃO COM VITIMAS,1,1,,,,,,,,2,,Longo da via,Bom,Sem defeito,Perfeito estado,Seca,Perfeito estado,Faixa de pedestre,Não há placas,40 km/h,Dupla,Faixa contínua,"",""
9788,2019-11-03T00:00:00,11:03:00,COM VÍTIMA,FINALIZADA,MUSTARDINHA,AV MANOEL GONCALVES DA LUZ,"",RUA CAPITAO ADOLFO TAQUIS,EM FRENTE A ACADEMIA DA CIDADE,AV MANOEL GONCALVES DA LUZ,"",EM FRENTE A ACADEMIA DA CIDADE,MUSTARDINHA,,CIDADE,COLISÃO FRONTAL,MOTO E AUTO,1,1,,,,,,,,1,,Longo da via,Bom,Não existe,Não existente,Seca,Perfeito estado,Não existe,Não há placas,"",Dupla,Não existe,"",""
9789,2019-11-03T00:00:00,11:10:00,SEM VÍTIMA,FINALIZADA,TAMARINEIRA,RUA CONEGO BARATA,"","",EM FRENTE A FERREIRA COSTA,RUA CONEGO BARATA,"",EM FRENTE A FERREIRA COSTA,TAMARINEIRA,,SUBURBIO,COLISÃO TRASEIRA,COLISÃO SEM VITIMAS,2,,,,,,,,,0,,Longo da via,Bom,Não existe,Perfeito estado,Seca,Perfeito estado,Não existe,Não há placas,"",Única,Faixa seccionada,"",""
9790,2019-11-03T00:00:00,11:37:00,SEM VÍTIMA,FINALIZADA,BOA VIAGEM,RUA ANTONIO PASSOS,51,RUA JOSE PARAISO,EDIFÍCIO MONACO,RUA ANTONIO PASSOS,51,EDIFÍCIO MONACO,BOA VIAGEM,,SUBURBIO,ABALROAMENTO TRANSVERSAL,COLISÃO SEM VITIMAS,1,1,,,,,,,,0,,Longo da via,Bom,Sem defeito,Perfeito estado,Seca,Perfeito estado,Faixa de retenção,Placas Pare,"",Dupla,Não existe,"",""
9791,2019-11-03T00:00:00,13:39:00,SEM VÍTIMA,FINALIZADA,AFOGADOS,RUA PROFESSOR AUGUSTO WANDERLEY FILHO,"","",SOB O SEMÁFORO,RUA PROFESSOR AUGUSTO WANDERLEY FILHO,"",SOB O SEMÁFORO,AFOGADOS,519,CIDADE,COLISÃO TRASEIRA,ENTRE DOIS AUTOS S/V,2,,,,,,,,,0,,Longo da via,Bom,Sem defeito,Perfeito estado,Seca,Perfeito estado,Faixa de pedestre,"","",Única,Faixa contínua,"",""
9792,2019-11-03T00:00:00,14:49:00,SEM VÍTIMA,FINALIZADA,TORRE,RUA SOUZA BANDEIRA,"",RUA MARQUES DE MARICA,"",RUA SOUZA BANDEIRA,"","",TORRE,317,"",ABALROAMENTO LONGITUDINAL,ENTRE AUTO PASSEIO X MOTO S/V,1,1,,,,,,,,0,,Cruzamento,Bom,Sem defeito,Perfeito estado,Seca,Perfeito estado,Faixa de pedestre,R-6a,"",Dupla,Faixa seccionada,"",""
9793,2019-11-03T00:00:00,15:03:00,SEM VÍTIMA,FINALIZADA,BOA VIAGEM,AVENIDA CELSO FURTADO (VIA MANGUE),"","",LADO OPOSTO RUA PROFESSOR EDUARDO WANDERLEY FILHO,AVENIDA CELSO FURTADO (VIA MANGUE),"",LADO OPOSTO RUA PROFESSOR EDUARDO WANDERLEY FILHO,BOA VIAGEM,,SUBURBIO,COLISÃO TRASEIRA,ENTRE DOIS AUTOS S/V,2,,,,,,,,,0,,Longo da via,Bom,Não existe,Perfeito estado,Seca,Perfeito estado,Não existe,R-6a,60 km/h,Dupla,Canteiro central,"",""
9794,2019-11-03T00:00:00,15:57:00,SEM VÍTIMA,CANCELADA,SAN MARTIN,AV ENGENHEIRO ABDIAS DE CARVALHO,"","",E/F AO CHEFS,AV ENGENHEIRO ABDIAS DE CARVALHO,"",E/F AO CHEFS,SAN MARTIN,,CIDADE,COLISÃO,ONIBUS X AUTO PASSEIO S/V,1,,,,,1,,,,0,,"","","","","","","","","","","","",""
9795,2019-11-03T00:00:00,16:50:00,SEM VÍTIMA,FINALIZADA,SÃO JOSÉ,RUA IMPERIAL,987,"",EM FRENTE AO FERRO E AÇO,RUA IMPERIAL,987,EM FRENTE AO FERRO E AÇO,SÃO JOSÉ,510,SUBURBIO,ABALROAMENTO TRANSVERSAL,CAMINHÃO X AUTO PASSEIO S/V,1,,,,,,1,,,0,,Cruzamento,Bom,Sem defeito,Perfeito estado,Seca,Perfeito estado,Faixa de pedestre,"","",Única,Faixa seccionada,"",""
9796,2019-11-03T00:00:00,18:01:00,SEM VÍTIMA,FINALIZADA,IMBIRIBEIRA,RUA JULIO VERNE,187,"",RESIDENCIAL IMBIRIBEIRA I,RUA JULIO VERNE,187,RESIDENCIAL IMBIRIBEIRA I,IMBIRIBEIRA,,CIDADE,ABALROAMENTO TRANSVERSAL,ENTRE AUTO E MOTO. S/V,1,1,,,,,,,,0,,Longo da via,Bom,Não existe,Perfeito estado,Seca,Perfeito estado,Não existe,Não há placas,"",Dupla,Não existe,"",""
9797,2019-11-03T00:00:00,18:04:00,SEM VÍTIMA,FINALIZADA,PINA,AVENIDA CELSO FURTADO (VIA MANGUE),"","",SHOPPING RIO MAR,AVENIDA CELSO FURTADO (VIA MANGUE),"",SHOPPING RIO MAR,PINA,,SUBURBIO,ABALROAMENTO LONGITUDINAL,PEUGEOT X SANDERO X FIAT OBS: SUSPEITA DE EMBRIAGUEZ,2,,,,,,,,,0,,Longo da via,Bom,Não existe,Perfeito estado,Seca,Perfeito estado,Não existe,Outras,50 km/h,"",Canteiro central,"",""
9798,2019-11-03T00:00:00,18:13:00,COM VÍTIMA,FINALIZADA,CABANGA,VIADUTO CAPITAO TEMUDO,"","","POR CIMA DO VIADUTO, SNT PINA",VIADUTO CAPITAO TEMUDO,"","POR CIMA DO VIADUTO, SNT PINA",CABANGA,,CABANGA,COLISÃO TRASEIRA,ENTRE AUTO E MOTO ( CONDUTOR DO AUTO SE EVADIU DO LOCAL ) C/V,1,1,,,,,,,,2,,Viaduto,Bom,Não existe,Perfeito estado,Seca,Perfeito estado,"",Outras,"",Dupla,Canteiro central,"",""
9799,2019-11-03T00:00:00,20:43:00,SEM VÍTIMA,FINALIZADA,BONGI,RUA ISAAC MARKMAN,201,RUA DR SEVERINO JATOBA,"",RUA ISAAC MARKMAN,201,"",BONGI,,SUBURBIO,ABALROAMENTO LONGITUDINAL,ONIBUS METROPOLITANA X PRISMA,1,,,,,1,,,,0,,Cruzamento,Bom,Não existe,Perfeito estado,Seca,Perfeito estado,Faixa de retenção,Placas Pare,40 km/h,Dupla,"","",""
9800,2019-11-03T00:00:00,21:39:00,SEM VÍTIMA,FINALIZADA,GRAÇAS,AV RUI BARBOSA,"",RUA CARDEAL ARCOVERDE,EM FRENTE A PIZZARIA ATLÂNTICO,AV RUI BARBOSA,"",EM FRENTE A PIZZARIA ATLÂNTICO,GRAÇAS,126,"",ABALROAMENTO LONGITUDINAL,ONIBUS GLOBO X UNO,1,,,,,1,,,,0,,Cruzamento,Bom,Sem defeito,Incompleta,Seca,Mal conservada,Faixa de pedestre,Não há placas,"",Dupla,Faixa seccionada,"",""
9801,2019-11-03T00:00:00,22:14:00,SEM VÍTIMA,FINALIZADA,IMBIRIBEIRA,AV MARECHAL MASCARENHAS DE MORAES,2284,RUA ITACARE,IMBIRIBEIRA AUTO PEÇAS,AV MARECHAL MASCARENHAS DE MORAES,2284,IMBIRIBEIRA AUTO PEÇAS,IMBIRIBEIRA,386,SUBURBIO,ABALROAMENTO LONGITUDINAL,GOL X VOYAGE X VEICULO DOS CORREIOS,1,,,,,,1,,,0,,Longo da via,Bom,Sem defeito,Perfeito estado,Seca,Perfeito estado,Faixa de pedestre,Não há placas,50 km/h,Dupla,Canteiro central,"",""
9802,2019-11-03T00:00:00,22:32:00,SEM VÍTIMA,FINALIZADA,NOVA DESCOBERTA,RUA NOVA DESCOBERTA,99,"",FRENTE AO CENTRO DE SAÚDE MARIO MONTEIRO DE MELO,RUA NOVA DESCOBERTA,99,FRENTE AO CENTRO DE SAÚDE MARIO MONTEIRO DE MELO,NOVA DESCOBERTA,,SUBURBIO,CHOQUE VEÍCULO PARADO,ÕNIBUS X AUTO PASSEIO. S/V,1,,,,,,,,,0,,Longo da via,Bom,Não existe,Incompleta,Seca,Perfeito estado,"",Não há placas,"",Dupla,Faixa seccionada,"",""
9803,2019-11-04T00:00:00,05:30:00,SEM VÍTIMA,FINALIZADA,PRADO,AV ENGENHEIRO ABDIAS DE CARVALHO,"",EST DOS REMEDIOS,"",AV ENGENHEIRO ABDIAS DE CARVALHO,"","",PRADO,52,SUBURBIO,ABALROAMENTO TRANSVERSAL,COLISÃO ENTRE DOIS AUTOS S/V,2,,,,,,,,,0,,Cruzamento,Bom,Sem defeito,Perfeito estado,Seca,Perfeito estado,Faixa de pedestre,R-6a,60 km/h,Única,Faixa contínua,Faixa seccionada,""
9804,2019-11-04T00:00:00,07:10:00,SEM VÍTIMA,FINALIZADA,BOA VIAGEM,AV CONSELHEIRO AGUIAR,8,"",EM FRENTE FARMACIA DO TRABALHADOR,AV CONSELHEIRO AGUIAR,8,EM FRENTE FARMACIA DO TRABALHADOR,BOA VIAGEM,,SUBURBIO,CHOQUE VEÍCULO PARADO,COLISÃO SEM VITIMAS,2,,,,,,,,,0,,Longo da via,Bom,Sem defeito,Perfeito estado,Seca,Perfeito estado,Faixa de pedestre,Não há placas,"",Única,Faixa seccionada,"",""
9805,2019-11-04T00:00:00,07:25:00,SEM VÍTIMA,FINALIZADA,ILHA DO LEITE,RUA JOSE DE ALENCAR,"","",EM FRENTE AO Nº 886/ 896,RUA JOSE DE ALENCAR,"",EM FRENTE AO Nº 886/ 896,ILHA DO LEITE,,SUBURBIO,COLISÃO TRASEIRA,DOIS AUTOS,2,,,,,,,,,0,,Longo da via,Bom,Não existe,Perfeito estado,Seca,Perfeito estado,Não existe,R-6a,"",Dupla,Não existe,"",""
9806,2019-11-04T00:00:00,07:40:00,SEM VÍTIMA,FINALIZADA,BOA VISTA,RUA BARAO DE SAO BORJA,"",RUA DOM BOSCO,PRÓXIMO AO COLÉGIO SALESIANO,RUA BARAO DE SAO BORJA,"",PRÓXIMO AO COLÉGIO SALESIANO,BOA VISTA,,"",ABALROAMENTO TRANSVERSAL,COLISÃO SEM VITIMAS,2,,,,,,,,,0,,Longo da via,Bom,Não existe,Perfeito estado,Seca,Perfeito estado,Agente,Placas Pare,30 km/h,Única,Não existe,"",""
9807,2019-11-04T00:00:00,07:58:00,SEM VÍTIMA,FINALIZADA,ILHA JOANA BEZERRA,AV BEIRA RIO,"","",EM FRENTE AO CAMPO DO COQUE,AV BEIRA RIO,"",EM FRENTE AO CAMPO DO COQUE,ILHA JOANA BEZERRA,,SUBURBIO,ABALROAMENTO LONGITUDINAL,"CAMINHÃO, AUTO E ONIBUS",1,,,,,1,1,,,0,,Longo da via,Bom,Não existe,Perfeito estado,Seca,Perfeito estado,Não existe,Não há placas,"",Dupla,Faixa contínua,Faixa seccionada,""
9808,2019-11-04T00:00:00,08:00:00,SEM VÍTIMA,FINALIZADA,SANTO AMARO,AV NORTE,"",RUA DA AURORA,PRÓXIMO A TV UNIVERSITÁRIA,AV NORTE,"",PRÓXIMO A TV UNIVERSITÁRIA,SANTO AMARO,243,CIDADE,COLISÃO TRASEIRA,"",2,,,,,,,,,0,,Longo da via,Chuvoso,Sem defeito,Perfeito estado,Molhada,Perfeito estado,Faixa de pedestre,R-6a,"",Dupla,Canteiro central,"",""
9809,2019-11-04T00:00:00,08:23:00,SEM VÍTIMA,FINALIZADA,PINA,AV ANTONIO DE GOES,60,RUA COMENDADOR MORAES,EM FRENTE AO JCPM,AV ANTONIO DE GOES,60,EM FRENTE AO JCPM,PINA,,CIDADE,ABALROAMENTO LONGITUDINAL,VEICULO OFICIAL E ONIBUS GM NO LOCAL,1,,,,,1,,,,0,,Longo da via,Bom,Sem defeito,Perfeito estado,Seca,Perfeito estado,Agente,"","",Única,Faixa contínua,"",""
9810,2019-11-04T00:00:00,08:27:00,SEM VÍTIMA,FINALIZADA,"","","","",NA PONTE EM FRENTE AO SUPER BOM PREÇO,"","",NA PONTE EM FRENTE AO SUPER BOM PREÇO,"",173,SUBURBIO,COLISÃO TRASEIRA,COLISÃO S/VITIMAS ENTRE DOIS AUTOS,2,,,,,,,,,0,,Ponte,Bom,Sem defeito,Perfeito estado,Seca,Perfeito estado,Faixa de pedestre,"","",Dupla,Canal,"",""
9811,2019-11-04T00:00:00,08:32:00,SEM VÍTIMA,FINALIZADA,IPSEP,RUA JEAN EMILE FAVRE,1128,"",PADARIA PÃO NORTE,RUA JEAN EMILE FAVRE,1128,PADARIA PÃO NORTE,IPSEP,,CIDADE,ABALROAMENTO LONGITUDINAL,COLISÃO SEM VITIMAS,2,,,,,,,,,0,,Longo da via,Bom,Não existe,Perfeito estado,Seca,Perfeito estado,Não existe,Não há placas,40 km/h,Dupla,Faixa contínua,"",""
9812,2019-11-04T00:00:00,08:41:00,COM VÍTIMA,FINALIZADA,IPUTINGA,AV CAXANGA,3650,"",EM BAIXO DO VIADUTO DA CAXANGA,AV CAXANGA,3650,EM BAIXO DO VIADUTO DA CAXANGA,IPUTINGA,8,SUBURBIO,ACID. DE PERCURSO,VITIMA A SOCORRIDO PELO SAMU,,1,,,,,,,,1,,Longo da via,Chuvoso,Sem defeito,Perfeito estado,Molhada,Perfeito estado,Faixa de pedestre,R-6a,"",Dupla,Canteiro central,"",""
9813,2019-11-04T00:00:00,08:43:00,SEM VÍTIMA,FINALIZADA,BOA VISTA,AV CONDE DA BOA VISTA,428,"",EM FRENTE A CORREGEDORIA DA SDS,AV CONDE DA BOA VISTA,428,EM FRENTE A CORREGEDORIA DA SDS,BOA VISTA,,"",COLISÃO,VEICULO OFICIAL E MOTO,,1,,,,,,1,,0,,"","","","","","","","","","","","",""
9814,2019-11-04T00:00:00,08:57:00,SEM VÍTIMA,FINALIZADA,BOA VISTA,RUA DOM BOSCO,895,"",EM FRENTE AO MERCADO EXTRA,RUA DOM BOSCO,895,EM FRENTE AO MERCADO EXTRA,BOA VISTA,294,CIDADE,ABALROAMENTO LONGITUDINAL,COLISÃO SEM VITIMAS,1,,,,,1,,,,0,,Longo da via,Bom,Sem defeito,Perfeito estado,Seca,Perfeito estado,Outros,Outras,"",Única,Faixa seccionada,"",""
9815,2019-11-04T00:00:00,08:53:00,SEM VÍTIMA,FINALIZADA,VÁRZEA,RUA TORRES HOMEM,441,RUA FRUTUOSO GOMES,IGREJA ASSEMBLEIA DE DEUS,RUA TORRES HOMEM,441,IGREJA ASSEMBLEIA DE DEUS,VÁRZEA,,"",ABALROAMENTO TRANSVERSAL,DOIS AUTOS,2,,,,,,,,,0,,Longo da via,Nublado,Não existe,Incompleta,Seca,"",Não existe,Outras,30 km/h,Dupla,Não existe,"",""