_id,DATA,hora,natureza_acidente,situacao,bairro,endereco,numero,detalhe_endereco_acidente,complemento,endereco_cruzamento,numero_cruzamento,referencia_cruzamento,bairro_cruzamento,num_semaforo,sentido_via,tipo,descricao,auto,moto,ciclom,ciclista,pedestre,onibus,caminhao,viatura,outros,vitimas,vitimasfatais,acidente_verificado,tempo_clima,situacao_semaforo,sinalizacao,condicao_via,conservacao_via,ponto_controle,situacao_placa,velocidade_max_via,mao_direcao,divisao_via1,divisao_via2,divisao_via3
9977,2019-11-08T00:00:00,07:23:00,COM VÍTIMA,FINALIZADA,PARNAMIRIM,AV DEZESSETE DE AGOSTO,"","",EM FRENTE RESTAURANTE RECANTO DO PARAIBANO,AV DEZESSETE DE AGOSTO,"",EM FRENTE RESTAURANTE RECANTO DO PARAIBANO,PARNAMIRIM,415,"",COLISÃO COM CICLISTA,COLISAO COM VITIMA.,,,,1,,,,,,1,,"","","","","","","","","","","","",""
9978,2019-11-08T00:00:00,07:56:00,SEM VÍTIMA,FINALIZADA,"",AV CRUZ CABUGA,68,"",HOSPITAL DO EXÉRCITO,AV CRUZ CABUGA,68,HOSPITAL DO EXÉRCITO,"",,CIDADE,ABALROAMENTO LONGITUDINAL,SEM VITIMAS,1,1,,,,,,,,0,,Longo da via,Bom,Sem defeito,Perfeito estado,Seca,Perfeito estado,Agente,Não há placas,"",Dupla,Faixa seccionada,Canteiro central,""
9979,2019-11-08T00:00:00,08:23:00,COM VÍTIMA,FINALIZADA,IMBIRIBEIRA,AV MARECHAL MASCARENHAS DE MORAES,2455,RUA ANTONIO EDUARDO AMORIM,PROXIMO A TAMBAI,AV MARECHAL MASCARENHAS DE MORAES,2455,PROXIMO A TAMBAI,IMBIRIBEIRA,439,CIDADE,ABALROAMENTO LONGITUDINAL,COLISAO COM VITIMA,1,1,,,,,,,,1,,Longo da via,Bom,Sem defeito,Perfeito estado,Seca,Perfeito estado,Faixa de pedestre,Não há placas,60 km/h,Dupla,Faixa contínua,Canteiro central,""
9980,2019-11-08T00:00:00,08:32:00,SEM VÍTIMA,FINALIZADA,JAQUEIRA,RUA DO FUTURO,913,RUA DEPUTADO PEDRO PIRES FERREIRA,LABORATÓRIO MARCELO MAGALHÃES,RUA DO FUTURO,913,LABORATÓRIO MARCELO MAGALHÃES,JAQUEIRA,,CIDADE,ABALROAMENTO TRANSVERSAL,SEM VITIMAS,2,,,,,,,,,0,,Cruzamento,Bom,Não existe,Perfeito estado,Seca,Perfeito estado,Faixa de pedestre,Placas Pare,"",Única,Não existe,"",""
9981,2019-11-08T00:00:00,08:43:00,SEM VÍTIMA,FINALIZADA,TORRE,RUA TOMAZ GONZAGA,291,"",COMERCIAL COSTA ALMEIDA,RUA TOMAZ GONZAGA,291,COMERCIAL COSTA ALMEIDA,TORRE,,CIDADE,COLISÃO TRASEIRA,TRES AUTOS PASSEIO,3,,,,,,,,,0,,Longo da via,Bom,Não existe,Não existente,Seca,Perfeito estado,Não existe,Não há placas,"",Dupla,Não existe,"",""
9982,2019-11-08T00:00:00,08:57:00,SEM VÍTIMA,FINALIZADA,IMBIRIBEIRA,AV ANTONIO TORRES GALVAO,158,"",EM FRENTE A AMERICA FORD,AV ANTONIO TORRES GALVAO,158,EM FRENTE A AMERICA FORD,IMBIRIBEIRA,,CIDADE,COLISÃO TRASEIRA,SEM VÍTIMAS,2,,,,,,,,,0,,Longo da via,Bom,Sem defeito,Perfeito estado,Seca,Perfeito estado,Faixa de pedestre,"","",Única,Faixa seccionada,"",""
9983,2019-11-08T00:00:00,09:03:00,COM VÍTIMA,FINALIZADA,DERBY,RUA DA BAIXA VERDE,449,RUA JENER DE SOUZA,PROX. AO QUARTEL,RUA DA BAIXA VERDE,449,PROX. AO QUARTEL,DERBY,,SUBURBIO,ABALROAMENTO TRANSVERSAL,DOIS AUTOS,2,,,,,,,,,1,,Cruzamento,Bom,Não existe,Perfeito estado,Seca,Perfeito estado,Não existe,R-6a,"",Única,Faixa seccionada,"",""
9984,2019-11-08T00:00:00,09:08:00,SEM VÍTIMA,FINALIZADA,CAMPO GRANDE,RUA JERONIMO VILELA,227,"",TOP CAR LAVA JATO,RUA JERONIMO VILELA,227,TOP CAR LAVA JATO,CAMPO GRANDE,,"",COLISÃO TRASEIRA,"",2,,,,,,,,,0,,Longo da via,Bom,Não existe,Perfeito estado,Seca,Perfeito estado,Não existe,"",40 km/h,Dupla,Faixa seccionada,"",""
9985,2019-11-08T00:00:00,09:15:00,SEM VÍTIMA,FINALIZADA,CASA AMARELA,AV NORTE,5100,"",EM FRENTE AO REI DA PICANHA,AV NORTE,5100,EM FRENTE AO REI DA PICANHA,CASA AMARELA,,"",ABALROAMENTO LONGITUDINAL,AUTO E MOTO,1,1,,,,,,,,0,,Longo da via,Bom,Não existe,Perfeito estado,Seca,Perfeito estado,Não existe,Não há placas,60 km/h,Dupla,Canteiro central,"",""
9986,2019-11-08T00:00:00,09:17:00,SEM VÍTIMA,FINALIZADA,AFOGADOS,EST DOS REMEDIOS,"","",EM FRENTE HMB PATEO,EST DOS REMEDIOS,"",EM FRENTE HMB PATEO,AFOGADOS,,CIDADE,ABALROAMENTO LONGITUDINAL,CAMINHAO CAÇAMBA E AUTO,1,,,,,,1,,,0,,Longo da via,Bom,Não existe,Perfeito estado,Seca,Perfeito estado,Não existe,Não há placas,"",Única,Faixa contínua,"",""
9987,2019-11-08T00:00:00,09:34:00,COM VÍTIMA,FINALIZADA,AREIAS,AV RECIFE,46,"","LADO OPOSTO AO POSTO BR , SENTIDO AEROPORTO",AV RECIFE,46,"LADO OPOSTO AO POSTO BR , SENTIDO AEROPORTO",AREIAS,620,AEROPORTO,CHOQUE OBJETO FIXO,O CONDUTOR DA MOTOCICLETA CHOCOU-SE COM UMA ÁRVORE,,1,,,,,,,,1,,Longo da via,Bom,Sem defeito,Perfeito estado,Seca,Perfeito estado,"",Não há placas,60 km/h,Dupla,Canteiro central,"",""
9988,2019-11-08T00:00:00,09:36:00,COM VÍTIMA,FINALIZADA,MADALENA,RUA ARLINDO GOUVEIA,39,"",PROXIMO A PRAÇA DO INTERNACIONAL,RUA ARLINDO GOUVEIA,39,PROXIMO A PRAÇA DO INTERNACIONAL,MADALENA,629,CIDADE,ABALROAMENTO LONGITUDINAL,COLISAO COM VITIMA,1,1,,,,,,,,1,,Longo da via,Bom,Sem defeito,Perfeito estado,Seca,Perfeito estado,Não existe,R-6a,30 km/h,Dupla,Faixa seccionada,"",""
9989,2019-11-08T00:00:00,10:08:00,SEM VÍTIMA,FINALIZADA,BOA VIAGEM,RUA PROFESSOR MARIO CASTRO,5526,AV BOA VIAGEM,"",RUA PROFESSOR MARIO CASTRO,5526,"",BOA VIAGEM,,CIDADE,COLISÃO TRASEIRA,TRES AUTOS,3,,,,,,,,,0,,Longo da via,Bom,Sem defeito,Perfeito estado,Seca,Perfeito estado,Faixa de pedestre,Não há placas,"",Única,Faixa seccionada,"",""
9990,2019-11-08T00:00:00,10:33:00,SEM VÍTIMA,FINALIZADA,ARRUDA,RUA DO TRIUNFO,656,"",ESCOLA TRIUNFO,RUA DO TRIUNFO,656,ESCOLA TRIUNFO,ARRUDA,,CIDADE,CHOQUE OBJETO FIXO,CAMINHAO CHOCOU-SE COM A ARVORE / ARVORE TOMBOU SOBRE UMA BARRACA,,,,,,,1,,,0,,Longo da via,Bom,Não existe,Não existente,Seca,Perfeito estado,Não existe,Não há placas,"",Dupla,Não existe,"",""
9991,2019-11-08T00:00:00,11:18:00,SEM VÍTIMA,FINALIZADA,BOA VIAGEM,RUA ANTONIO FALCAO,805,"",EM FRENTE AO CARCARÁ JATO,RUA ANTONIO FALCAO,805,EM FRENTE AO CARCARÁ JATO,BOA VIAGEM,,"",ABALROAMENTO LONGITUDINAL,CAMINHÃO E AUTO,1,,,,,,1,,,0,,Longo da via,Bom,Não existe,Perfeito estado,Seca,Perfeito estado,Não existe,"",60 km/h,Única,Faixa seccionada,"",""
9992,2019-11-08T00:00:00,11:38:00,SEM VÍTIMA,FINALIZADA,BOA VISTA,RUA DO HOSPICIO,51,"",EM FRENTE AO Nº 51,RUA DO HOSPICIO,51,EM FRENTE AO Nº 51,BOA VISTA,,CIDADE,ABALROAMENTO LONGITUDINAL,DOIS AUTOS,2,,,,,,,,,0,,Longo da via,Bom,Não existe,"",Seca,Perfeito estado,Outros,Outras,"",Única,Não existe,"",""
9993,2019-11-08T00:00:00,11:58:00,SEM VÍTIMA,FINALIZADA,MADALENA,RUA LOPES DE CARVALHO,401,AV VISCONDE DE ALBUQUERQUE,EM FRENTE A MADALENA CENTER,RUA LOPES DE CARVALHO,401,EM FRENTE A MADALENA CENTER,MADALENA,,"",COLISÃO,SEM VITIMAS,1,,,,,1,,,,0,,"","","","","","","","","","","","",""
9994,2019-11-08T00:00:00,12:41:00,SEM VÍTIMA,FINALIZADA,VÁRZEA,AV CAXANGA,"","",EM CIMA DA PONTE DA CAXANGÁ,AV CAXANGA,"",EM CIMA DA PONTE DA CAXANGÁ,VÁRZEA,,SUBURBIO,COLISÃO TRASEIRA,ENGAVETAMENTO ENTRE TRES AUTOS S/V,3,,,,,,,,,0,,Longo da via,Bom,Não existe,Perfeito estado,Seca,Perfeito estado,Não existe,Não há placas,60 km/h,Única,Faixa seccionada,"",""
9995,2019-11-08T00:00:00,13:30:00,COM VÍTIMA,FINALIZADA,DOIS IRMÃOS,RUA DOIS IRMAOS,980,"",EM FRENTE AO LAFEPE,RUA DOIS IRMAOS,980,EM FRENTE AO LAFEPE,DOIS IRMÃOS,,APIPUCOS,ABALROAMENTO LONGITUDINAL,COLISÃO COM VITIMA A ESPERA DO SAMU,1,1,,,,,1,,,1,,Longo da via,Bom,Não existe,Perfeito estado,Seca,Perfeito estado,Não existe,R-6a,"",Dupla,Faixa contínua,"",""
9996,2019-11-08T00:00:00,13:37:00,SEM VÍTIMA,FINALIZADA,DERBY,RUA JOAQUIM NABUCO,"","",AO LADO DO HOSPITAL DA RESTAURAÇAO NA RUA DO SANTA JOANA,RUA JOAQUIM NABUCO,"",AO LADO DO HOSPITAL DA RESTAURAÇAO NA RUA DO SANTA JOANA,DERBY,,"",COLISÃO,COLISAO ENTRE DOIS AUTOS S/V,2,,,,,,,,,0,,"","","","","","","","","","","","",""
9997,2019-11-08T00:00:00,14:09:00,SEM VÍTIMA,FINALIZADA,JARDIM SÃO PAULO,RUA LEANDRO BARRETO,"",RUA IMACULADA,NOVA FARMÁCIA DO TRABALHADOR,RUA LEANDRO BARRETO,"",NOVA FARMÁCIA DO TRABALHADOR,JARDIM SÃO PAULO,,SUBURBIO,ABALROAMENTO TRANSVERSAL,COLISÃO S/VITIMAS ENTRE UM AUTO E UMA MOTO,1,1,,,,,,,,0,,"",Bom,Não existe,Perfeito estado,Seca,Mal conservada,Não existe,Não há placas,"",Dupla,Não existe,"",""
9998,2019-11-08T00:00:00,14:10:00,SEM VÍTIMA,FINALIZADA,ARRUDA,AV PROFESSOR JOSE DOS ANJOS,116,RUA FARIAS NEVES,"",AV PROFESSOR JOSE DOS ANJOS,116,"",ARRUDA,,SUBURBIO,ABALROAMENTO LONGITUDINAL,COLISÃO SEM VITIMAS,2,,,,,,,,1,0,,Cruzamento,Bom,Não existe,Perfeito estado,Seca,Perfeito estado,Faixa de pedestre,R-6a,"",Única,Faixa contínua,"",""
9999,2019-11-08T00:00:00,14:24:00,COM VÍTIMA,FINALIZADA,TORRE,RUA REAL DA TORRE,292,"",EM FRENTE AO EDIFICIO MARIA ANTONIETA,RUA REAL DA TORRE,292,EM FRENTE AO EDIFICIO MARIA ANTONIETA,TORRE,,AFOGADOS,ATROPELAMENTO,VITIMA SOCORRIDA PELOS BOMBEIROS,,,,,1,,1,,,1,,Longo da via,Bom,Não existe,Incompleta,Seca,Perfeito estado,Não existe,R-19,50 km/h,Única,Canteiro central,"",""
10000,2019-11-08T00:00:00,14:25:00,COM VÍTIMA,FINALIZADA,SANTO ANTÔNIO,RUA FLORIANO PEIXOTO,"","","",RUA FLORIANO PEIXOTO,"","",SANTO ANTÔNIO,,"",COLISÃO,COM VÍTIMA MULHER,,1,,,,,,,,1,,"","","","","","","","","","","","",""
10001,2019-11-08T00:00:00,14:44:00,SEM VÍTIMA,FINALIZADA,CABANGA,"","",RUA CAPITAO TEMUDO,EMBAIXO DO VIADUTO CAP TEMUDO,"","",EMBAIXO DO VIADUTO CAP TEMUDO,CABANGA,,SUBURBIO,ABALROAMENTO LONGITUDINAL,COLISAO ENTRE ONIBUS E AUTO S/V,1,,,,,1,,,,0,,Longo da via,Bom,Não existe,Incompleta,Seca,Perfeito estado,Não existe,Não há placas,"",Única,Não existe,"",""
10002,2019-11-08T00:00:00,14:57:00,SEM VÍTIMA,FINALIZADA,BOA VIAGEM,AV CONSELHEIRO AGUIAR,"",RUA PADRE CARAPUCEIRO,CRUZAMENTO,AV CONSELHEIRO AGUIAR,"",CRUZAMENTO,BOA VIAGEM,,SUBURBIO,ABALROAMENTO LONGITUDINAL,COLISÃO S/VITIMAS ENTRE UM AUTO E UM MINI -CAMINHÃO BAÚ,2,,,,,,,,,0,,Cruzamento,Bom,Não existe,Perfeito estado,Seca,Perfeito estado,Não existe,Não há placas,"",Única,Faixa seccionada,"",""
10003,2019-11-08T00:00:00,15:00:00,SEM VÍTIMA,FINALIZADA,MANGUEIRA,RUA MANOEL DE ALBUQUERQUE FERNANDES,"",RUA VICENTE RIBEIRO DE BARROS,"",RUA MANOEL DE ALBUQUERQUE FERNANDES,"","",MANGUEIRA,,"",ABALROAMENTO LONGITUDINAL,COLISAO ENTRE DOIS CAMINHOES S/V,,,,,,,2,,,0,,Longo da via,Bom,Não existe,Não existente,Seca,Perfeito estado,Não existe,Não há placas,"",Dupla,Não existe,"",""
10004,2019-11-08T00:00:00,15:17:00,SEM VÍTIMA,FINALIZADA,MADALENA,AV ENGENHEIRO ABDIAS DE CARVALHO,"","",PRÓXIMO AO POSTO SHELL DA ABDIAS,AV ENGENHEIRO ABDIAS DE CARVALHO,"",PRÓXIMO AO POSTO SHELL DA ABDIAS,MADALENA,,SUBURBIO,COLISÃO,COLISÃO S/VITIMAS ENTRE UM ONIBUS E UM AUTO,1,,,,,1,,,,0,,Longo da via,Bom,Não existe,Perfeito estado,Seca,Perfeito estado,Não existe,Não há placas,"",Dupla,Canteiro central,"",""
10005,2019-11-08T00:00:00,15:38:00,SEM VÍTIMA,FINALIZADA,ARRUDA,RUA SETE PECADOS,196,"","",RUA SETE PECADOS,196,"",ARRUDA,,SUBURBIO,ABALROAMENTO TRANSVERSAL,COLISAO S/VITIMAS ENTRE DOIS AUTOS,2,,,,,,,,,0,,Longo da via,Bom,Não existe,Não existente,Seca,Perfeito estado,Não existe,Não há placas,"",Dupla,Não existe,"",""
10006,2019-11-08T00:00:00,16:00:00,SEM VÍTIMA,FINALIZADA,MADALENA,RUA JOSE OSORIO,"",RUA ENGENHEIRO LEONARDO ARCOVERDE,"",RUA JOSE OSORIO,"","",MADALENA,,SUBURBIO,ABALROAMENTO TRANSVERSAL,COLISÃO SEM VITIMAS,1,1,,,,,,,,0,,"",Bom,Não existe,Não existente,Seca,Perfeito estado,Não existe,Placas Pare,40 km/h,Dupla,Faixa contínua,"",""
10007,2019-11-08T00:00:00,16:02:00,SEM VÍTIMA,FINALIZADA,IPSEP,RUA HELIO BRANDAO,362,RUA SAO NICOLAU,"",RUA HELIO BRANDAO,362,"",IPSEP,505,SUBURBIO,ABALROAMENTO LONGITUDINAL,COLISÃO S/VITIMAS ENTRE DOIS AUTOS,1,,,,,1,,,,0,,Cruzamento,Bom,Sem defeito,Perfeito estado,Seca,Perfeito estado,Não existe,Não há placas,"",Única,Não existe,"",""
10008,2019-11-08T00:00:00,16:02:00,SEM VÍTIMA,FINALIZADA,AFOGADOS,RUA QUITERIO INACIO DE MELLO,234,"",AFOGADOS AUTO CENTER,RUA QUITERIO INACIO DE MELLO,234,AFOGADOS AUTO CENTER,AFOGADOS,333,CIDADE,COLISÃO TRASEIRA,"",2,,,,,,,,,0,,Longo da via,Bom,Sem defeito,Ilegível,Seca,Perfeito estado,Não existe,Não há placas,"",Única,Faixa seccionada,"",""
10009,2019-11-08T00:00:00,16:14:00,SEM VÍTIMA,FINALIZADA,PARNAMIRIM,RUA PADRE ROMA,489,"",EDIFÍCIO TAURUS,RUA PADRE ROMA,489,EDIFÍCIO TAURUS,PARNAMIRIM,,SUBURBIO,ABALROAMENTO LONGITUDINAL,COLISÃO S/VITIMAS ENTRE DOIS AUTOS,2,,,,,,,,,0,,"",Bom,Não existe,Perfeito estado,Seca,Perfeito estado,"","","",Única,"","",""
10010,2019-11-08T00:00:00,16:19:00,SEM VÍTIMA,FINALIZADA,IMBIRIBEIRA,AV MARECHAL MASCARENHAS DE MORAES,2666,"",LOJAS CENTER AÇO,AV MARECHAL MASCARENHAS DE MORAES,2666,LOJAS CENTER AÇO,IMBIRIBEIRA,289,SUBURBIO,ABALROAMENTO LONGITUDINAL,COLISAO ENTRE VT DA POLICIA E CAMINHAO S/V,1,,,,,,,,2,0,,"",Bom,Sem defeito,Perfeito estado,Seca,Perfeito estado,Não existe,Não há placas,60 km/h,Dupla,Canteiro central,"",""
10011,2019-11-08T00:00:00,16:26:00,SEM VÍTIMA,FINALIZADA,BOA VISTA,RUA DA AURORA,"",RUA JOAO LIRA,"",RUA DA AURORA,"","",BOA VISTA,,SUBURBIO,ABALROAMENTO LONGITUDINAL,COLISÃO SEM VITIMAS,2,,,,,,,,,0,,Longo da via,Bom,Não existe,Perfeito estado,Seca,Mal conservada,Não existe,Outras,"",Única,Faixa seccionada,"",""
10012,2019-11-08T00:00:00,"",SEM VÍTIMA,FINALIZADA,CORDEIRO,RUA GOMES TABORDA,275,RUA CLAUDIO BROTHERHOOD,"",RUA GOMES TABORDA,275,"",CORDEIRO,,"",ABALROAMENTO TRANSVERSAL,COLISAO ENTRE DOIS AUTOS S/V,2,,,,,,,,,0,,Cruzamento,Bom,Não existe,Incompleta,Seca,Perfeito estado,Não existe,Outras,30 km/h,Dupla,Não existe,"",""
10013,2019-11-08T00:00:00,16:46:00,SEM VÍTIMA,FINALIZADA,TORRE,AV BEIRA RIO,1035,"",SHERIDAU,AV BEIRA RIO,1035,SHERIDAU,TORRE,,SUBURBIO,CHOQUE OBJETO FIXO,CONDUTOR CHOCOU SE CONTRA ARVORE,,,,,,,1,,,0,,Longo da via,Bom,"",Perfeito estado,Seca,Perfeito estado,"","","",Dupla,Faixa seccionada,"",""
10014,2019-11-08T00:00:00,17:14:00,SEM VÍTIMA,CANCELADA,BOA VIAGEM,AV VINTE DE JANEIRO,"","",PROX A ANTIGA FABRICA DA SADIA EM FRENTE A ESCOLA FERNANDO MOTA,AV VINTE DE JANEIRO,"",PROX A ANTIGA FABRICA DA SADIA EM FRENTE A ESCOLA FERNANDO MOTA,BOA VIAGEM,,"",COLISÃO,COLISÃO SEM VITIMAS,2,,,,,,,,,0,,"","","","","","","","","","","","",""
10015,2019-11-08T00:00:00,18:24:00,SEM VÍTIMA,FINALIZADA,LINHA DO TIRO,RUA URIEL DE HOLANDA,"",RUA GUARAJA,EM FRENTE AO Nº 715,RUA URIEL DE HOLANDA,"",EM FRENTE AO Nº 715,LINHA DO TIRO,,SUBURBIO,ABALROAMENTO TRANSVERSAL,MOTO X AUTO PASSEIO S/V,1,1,,,,,,,,0,,"",Bom,Não existe,Perfeito estado,Seca,Perfeito estado,Não existe,Não há placas,"",Dupla,Faixa seccionada,"",""
10016,2019-11-08T00:00:00,18:51:00,SEM VÍTIMA,FINALIZADA,BOA VIAGEM,RUA RIO AZUL,442,"",LADO OPOSTO AO MERCADO TREVO,RUA RIO AZUL,442,LADO OPOSTO AO MERCADO TREVO,BOA VIAGEM,,SUBURBIO,COLISÃO FRONTAL,MOTO X AUTO PASSEIO S/V,1,1,,,,,,,,0,,Longo da via,Bom,Não existe,Não existente,Seca,Perfeito estado,Não existe,Não há placas,"",Única,Não existe,"",""
10017,2019-11-08T00:00:00,19:06:00,COM VÍTIMA,FINALIZADA,TORRÕES,AV ENGENHEIRO ABDIAS DE CARVALHO,"","",E/F A UPA DA ABDIAS,AV ENGENHEIRO ABDIAS DE CARVALHO,"",E/F A UPA DA ABDIAS,TORRÕES,,SUBURBIO,ABALROAMENTO LONGITUDINAL,MOTO COM VÍTIMA,,1,,,,,1,,,1,,Longo da via,Bom,Sem defeito,Perfeito estado,Seca,Perfeito estado,"",R-6a,"",Dupla,Canteiro central,"",""
10018,2019-11-08T00:00:00,19:44:00,COM VÍTIMA,FINALIZADA,AFOGADOS,RUA COSME VIANA,180A,"",E/F AO BAR ESQUINA DO LEO,RUA COSME VIANA,180A,E/F AO BAR ESQUINA DO LEO,AFOGADOS,426,SUBURBIO,COLISÃO TRASEIRA,MOTO X AUTO PASSEIO COM VÍTIMA ( LOCAL CARACTERIZADO),1,1,,,,,,,,1,,Longo da via,Bom,Sem defeito,Perfeito estado,Seca,Perfeito estado,Faixa de pedestre,"","",Única,Faixa seccionada,"",""
10019,2019-11-08T00:00:00,20:08:00,SEM VÍTIMA,CANCELADA,IMBIRIBEIRA,AV MARECHAL MASCARENHAS DE MORAES,"","",E/F A INFRAERO/ PROX A ENTRADA DO JORDÃO,AV MARECHAL MASCARENHAS DE MORAES,"",E/F A INFRAERO/ PROX A ENTRADA DO JORDÃO,IMBIRIBEIRA,,SUBURBIO,COLISÃO,ENTRE DOIS AUTOS S/V,2,,,,,,,,,0,,"","","","","","","","","","","","",""
10020,2019-11-08T00:00:00,20:16:00,SEM VÍTIMA,CANCELADA,ESTÂNCIA,AV RECIFE,"","",E/F A IMPERIAL EQUIPAMENTOS,AV RECIFE,"",E/F A IMPERIAL EQUIPAMENTOS,ESTÂNCIA,,SUBURBIO,COLISÃO,CAMINHÃO X AUTO PASSEIO S/V,1,,,,,,1,,,0,,"","","","","","","","","","","","",""
10021,2019-11-08T00:00:00,20:51:00,COM VÍTIMA,FINALIZADA,IMBIRIBEIRA,RUA ITACARI,162,RUA ITAJAI,PROX QAP SEGURANÇA,RUA ITACARI,162,PROX QAP SEGURANÇA,IMBIRIBEIRA,,SUBURBIO,ABALROAMENTO TRANSVERSAL,MOTO X AUTO PASSEIO S/V,1,1,,,,,,,,1,,Longo da via,Bom,Não existe,Perfeito estado,Seca,Perfeito estado,Não existe,Placas Pare,"",Única,Faixa seccionada,"",""
10022,2019-11-08T00:00:00,21:18:00,SEM VÍTIMA,FINALIZADA,MADALENA,RUA BENFICA,"","",EM FRENTE AO Nº 480,RUA BENFICA,"",EM FRENTE AO Nº 480,MADALENA,,SUBURBIO,CHOQUE OBJETO FIXO,COLISÃO,1,,,,,,,,,0,,Longo da via,Bom,Não existe,Perfeito estado,Seca,Perfeito estado,Não existe,Não há placas,"",Única,Faixa contínua,"",""
10023,2019-11-08T00:00:00,22:23:00,COM VÍTIMA,FINALIZADA,MANGUEIRA,RUA SAO MIGUEL,"","",E/F AO POSTO IPIRANGA,RUA SAO MIGUEL,"",E/F AO POSTO IPIRANGA,MANGUEIRA,,"",ABALROAMENTO TRANSVERSAL,COLISAO COM VITIMAS,1,1,,,,,,,,2,,Longo da via,Bom,Não existe,Incompleta,Seca,Perfeito estado,Outros,Outras,"",Dupla,Outros,"",""
10024,2019-11-09T00:00:00,02:51:00,SEM VÍTIMA,FINALIZADA,ARRUDA,RUA MARQUES DE BAIPENDI,"",RUA PROFESSOR JERONIMO GUEIROS,COCACOLA,RUA MARQUES DE BAIPENDI,"",COCACOLA,ARRUDA,495,SUBURBIO,COLISÃO TRASEIRA,COLISAO SEM VITIMAS,2,,,,,,,,,0,,Longo da via,Bom,Sem defeito,Não existente,Seca,Perfeito estado,Não existe,Não há placas,"",Dupla,Não existe,"",""
10025,2019-11-09T00:00:00,03:03:00,COM VÍTIMA,FINALIZADA,TAMARINEIRA,AV CONS ROSA E SILVA,1997,RUA DR JOSE MARIA,"",AV CONS ROSA E SILVA,1997,"",TAMARINEIRA,253,SUBURBIO,ABALROAMENTO LONGITUDINAL,COLISAO COM VITIMAS,1,1,,,,,,,,1,,Cruzamento,Bom,Sem defeito,Perfeito estado,Seca,Perfeito estado,Faixa de pedestre,Não há placas,"",Única,Faixa seccionada,"",""
10026,2019-11-09T00:00:00,06:13:00,SEM VÍTIMA,FINALIZADA,IMBIRIBEIRA,AV MARECHAL MASCARENHAS DE MORAES,"",AV PRESIDENTE DUTRA,LADO OPOSTO A TOYOLEX,AV MARECHAL MASCARENHAS DE MORAES,"",LADO OPOSTO A TOYOLEX,IMBIRIBEIRA,,SUBURBIO,ABALROAMENTO LONGITUDINAL,COLISÃO S/VITIMAS ENTRE UM CAMINHÃO E UM AUTO,1,,,,,,1,,,0,,"",Bom,Não existe,Perfeito estado,Seca,Perfeito estado,Não existe,Outras,"",Única,Faixa contínua,Faixa seccionada,""
10027,2019-11-09T00:00:00,06:46:00,COM VÍTIMA,FINALIZADA,IMBIRIBEIRA,AV MARECHAL MASCARENHAS DE MORAES,6211,"",E/F A INFRAERO,AV MARECHAL MASCARENHAS DE MORAES,6211,E/F A INFRAERO,IMBIRIBEIRA,,CIDADE,ABALROAMENTO LONGITUDINAL,COLISÃO C/VITIMA ENTRE UM ÔNIBUS E UMA MOTO,,1,,,,1,,,,1,,Longo da via,Bom,Não existe,Perfeito estado,Seca,Perfeito estado,Não existe,Outras,"",Dupla,Canteiro central,"",""
10028,2019-11-09T00:00:00,07:45:00,SEM VÍTIMA,FINALIZADA,BOA VIAGEM,AV ENGENHEIRO DOMINGOS FERREIRA,"",RUA PROFESSOR JOSE BRANDAO,"",AV ENGENHEIRO DOMINGOS FERREIRA,"","",BOA VIAGEM,550,"",ABALROAMENTO LONGITUDINAL,MOTO E AUTO,1,1,,,,,,,,0,,Longo da via,Bom,Sem defeito,Perfeito estado,Seca,Perfeito estado,Faixa de pedestre,Outras,"",Única,Faixa seccionada,Canteiro central,""
10029,2019-11-09T00:00:00,08:33:00,SEM VÍTIMA,FINALIZADA,BOA VISTA,RUA DR BANDEIRA FILHO,"",AV GOVERNADOR AGAMENON MAGALHAES,"",RUA DR BANDEIRA FILHO,"","",BOA VISTA,173,SUBURBIO,ABALROAMENTO LONGITUDINAL,COLISÃO S/VITIMAS ENTRE UM AUTO E UM ONIBUS,1,,,,,1,,,,0,,Cruzamento,Bom,Sem defeito,Perfeito estado,Seca,Perfeito estado,Faixa de pedestre,Outras,"",Única,Não existe,"",""
10030,2019-11-09T00:00:00,08:55:00,SEM VÍTIMA,FINALIZADA,JAQUEIRA,PRC PROFESSOR FLEMING,"","",POR TRÁS DO PARQUE DA JAQUEIRA,PRC PROFESSOR FLEMING,"",POR TRÁS DO PARQUE DA JAQUEIRA,JAQUEIRA,,CIDADE,ABALROAMENTO LONGITUDINAL,COLISAO S/ VITIMA UM AUTO E UM ONIBUS,1,,,,,1,,,,0,,Longo da via,Bom,Não existe,Perfeito estado,Seca,Perfeito estado,Não existe,Não há placas,40 km/h,Única,Faixa seccionada,"",""
10031,2019-11-09T00:00:00,09:15:00,SEM VÍTIMA,FINALIZADA,DERBY,PTE ESTACIO COIMBRA,"","","",PTE ESTACIO COIMBRA,"","",DERBY,,CIDADE,COLISÃO TRASEIRA,COLISÃO S/VITIMAS ENTRE TRES AUTOS,3,,,,,,,,,0,,Ponte,Bom,Não existe,Perfeito estado,Seca,Perfeito estado,Não existe,Não há placas,"",Dupla,Faixa contínua,"",""
10032,2019-11-09T00:00:00,09:21:00,SEM VÍTIMA,FINALIZADA,SANTO AMARO,AV CRUZ CABUGA,419,"",SECRETARIA DA FAZENDA,AV CRUZ CABUGA,419,SECRETARIA DA FAZENDA,SANTO AMARO,344,CIDADE,COLISÃO TRASEIRA,MOTO E AUTO,1,1,,,,,,,,0,,Longo da via,Bom,Sem defeito,Perfeito estado,Seca,Perfeito estado,"",Outras,"",Dupla,Faixa seccionada,"",""