_id,DATA,hora,natureza_acidente,situacao,bairro,endereco,numero,detalhe_endereco_acidente,complemento,endereco_cruzamento,numero_cruzamento,referencia_cruzamento,bairro_cruzamento,num_semaforo,sentido_via,tipo,descricao,auto,moto,ciclom,ciclista,pedestre,onibus,caminhao,viatura,outros,vitimas,vitimasfatais,acidente_verificado,tempo_clima,situacao_semaforo,sinalizacao,condicao_via,conservacao_via,ponto_controle,situacao_placa,velocidade_max_via,mao_direcao,divisao_via1,divisao_via2,divisao_via3
10033,2019-11-09T00:00:00,09:24:00,SEM VÍTIMA,FINALIZADA,SÃO JOSÉ,AV DANTAS BARRETO,877,"",FRENTE A LOJA IMPERIO DOS FOGÕES,AV DANTAS BARRETO,877,FRENTE A LOJA IMPERIO DOS FOGÕES,SÃO JOSÉ,,SUBURBIO,COLISÃO TRASEIRA,COLISÃO S/VITIMAS ENTRE UMA MOTO E UM AUTO,1,1,,,,,,,,0,,Longo da via,Bom,Não existe,Incompleta,Seca,Perfeito estado,Não existe,R-6a,"",Única,Não existe,"",""
10034,2019-11-09T00:00:00,09:26:00,COM VÍTIMA,FINALIZADA,BOMBA DO HEMETÉRIO,RUA BOMBA DO HEMETERIO,484,"",EM FRENTE A GRANJA,RUA BOMBA DO HEMETERIO,484,EM FRENTE A GRANJA,BOMBA DO HEMETÉRIO,,SUBURBIO,COLISÃO TRASEIRA,MOTO E AUTO,1,1,,,,,,,,1,,Longo da via,Bom,Não existe,Perfeito estado,Seca,Perfeito estado,Não existe,R-6a,"",Dupla,Faixa seccionada,"",""
10035,2019-11-09T00:00:00,09:44:00,SEM VÍTIMA,CANCELADA,JOANA BEZERRA,VDO PAPA JOAO PAULO II,"","",PONTE PAPA JOÃO PAULO SEGUNDO /EM FRENTE AO POSTO DA POLICIA MILITAR,VDO PAPA JOAO PAULO II,"",PONTE PAPA JOÃO PAULO SEGUNDO /EM FRENTE AO POSTO DA POLICIA MILITAR,JOANA BEZERRA,,BOA VIAGEM,COLISÃO,SEM VITIMAS,1,1,,,,,,,,0,,"","","","","","","","","","","","",""
10036,2019-11-09T00:00:00,09:56:00,SEM VÍTIMA,EQUIPE NO LOCAL,TORRE,RUA PROFESSOR TRAJANO DE MENDONCA,440,"",EM FRENTE AO POSTO SHELL,RUA PROFESSOR TRAJANO DE MENDONCA,440,EM FRENTE AO POSTO SHELL,TORRE,,"",ABALROAMENTO TRANSVERSAL,COLISÃO S/VITIMAS ENTRE UM CAMINHÃO E UM AUTO,1,,,,,,,,1,0,,Longo da via,Bom,Não existe,Perfeito estado,Seca,Mal conservada,Não existe,Outras,40 km/h,Única,Não existe,"",""
10037,2019-11-09T00:00:00,10:37:00,SEM VÍTIMA,FINALIZADA,BOA VIAGEM,RUA PROFESSOR JULIO FERREIRA DE MELO,858,"",EM FRENTE AO REGEN'T PARK,RUA PROFESSOR JULIO FERREIRA DE MELO,858,EM FRENTE AO REGEN'T PARK,BOA VIAGEM,,SUBURBIO,COLISÃO TRASEIRA,DOIS AUTOS,2,,,,,,,,,0,,Longo da via,Bom,Não existe,Perfeito estado,Seca,Perfeito estado,Não existe,R-6a,"",Única,Não existe,"",""
10038,2019-11-09T00:00:00,10:43:00,SEM VÍTIMA,FINALIZADA,SÃO JOSÉ,AV SUL,"","",POR TRÁS DO FORTE DAS CINCO PONTAS,AV SUL,"",POR TRÁS DO FORTE DAS CINCO PONTAS,SÃO JOSÉ,72,CIDADE,COLISÃO TRASEIRA,COLISÃO S/VITIMAS ENTRE DOIS AUTOS,2,,,,,,,,,0,,Longo da via,Bom,Sem defeito,Perfeito estado,Seca,"",Faixa de pedestre,Outras,60 km/h,Única,Faixa seccionada,"",""
10039,2019-11-09T00:00:00,12:04:00,SEM VÍTIMA,FINALIZADA,BOA VIAGEM,AV FERNANDO SIMOES BARBOSA,348,"",LADO OPOSTO AO SUPERMERCADO EXTRABOM,AV FERNANDO SIMOES BARBOSA,348,LADO OPOSTO AO SUPERMERCADO EXTRABOM,BOA VIAGEM,,SUBURBIO,ABALROAMENTO TRANSVERSAL,COLISÃO SEM VITIMA,2,,,,,,,,,0,,Longo da via,Bom,Não existe,Perfeito estado,Seca,Perfeito estado,Não existe,R-6a,"",Única,Faixa contínua,"",""
10040,2019-11-09T00:00:00,12:13:00,SEM VÍTIMA,FINALIZADA,BOA VIAGEM,AV BOA VIAGEM,4988,RUA BARAO DE SOUZA LEAO,"",AV BOA VIAGEM,4988,"",BOA VIAGEM,,CIDADE,ABALROAMENTO LONGITUDINAL,ONIBUS X AUTO PASSEIO S/V,1,,,,,1,,,,0,,Longo da via,Bom,Não existe,Perfeito estado,Seca,Perfeito estado,Não existe,"",60 km/h,Única,Faixa contínua,"",""
10041,2019-11-09T00:00:00,12:38:00,SEM VÍTIMA,FINALIZADA,CASA AMARELA,EST DO ARRAIAL,3946,RUA PADRE LEMOS,COLCHÕES ORTOBOM,EST DO ARRAIAL,3946,COLCHÕES ORTOBOM,CASA AMARELA,404,SUBURBIO,ABALROAMENTO LONGITUDINAL,GCM THIAGO PASSOS E CLEITON SANTANA NO LOCAL,1,,,,,,1,,,0,,Cruzamento,Bom,Sem defeito,Perfeito estado,Seca,Perfeito estado,Faixa de pedestre,"","",Única,Faixa seccionada,"",""
10042,2019-11-09T00:00:00,12:47:00,SEM VÍTIMA,CANCELADA,AFOGADOS,RUA SAO MIGUEL,46,RUA DRA ITAMAR DE MORAIS E SILVA,ANTES DO SEMAFORO 392 RUA LATERAL DO BODE DO NÔ,RUA SAO MIGUEL,46,ANTES DO SEMAFORO 392 RUA LATERAL DO BODE DO NÔ,AFOGADOS,,"",COLISÃO,COLISAO ENTRE CAMINHAO E AUTOS S/V,1,,,,,,1,,,0,,"","","","","","","","","","","","",""
10043,2019-11-09T00:00:00,12:50:00,SEM VÍTIMA,FINALIZADA,GUABIRABA,AV DA RECUPERACAO,"","",OFICINA DE MOLAS BOM JESUS,AV DA RECUPERACAO,"",OFICINA DE MOLAS BOM JESUS,GUABIRABA,,"",COLISÃO,COLISÃO ENTRE ÔNIBUS DA GLOBO E CAMINHÃO,,,,,,1,1,,,0,,"","","","","","","","","","","","",""
10044,2019-11-09T00:00:00,13:20:00,SEM VÍTIMA,FINALIZADA,ILHA DO LEITE,AV GOVERNADOR AGAMENON MAGALHAES,"","",SOB O SEMAFORO Nº 069,AV GOVERNADOR AGAMENON MAGALHAES,"",SOB O SEMAFORO Nº 069,ILHA DO LEITE,69,"",COLISÃO TRASEIRA,COLISAO ENTRE ÔNIBUS X AUTO PASSEIO S/V,1,,,,,1,,,,0,,Longo da via,Bom,Sem defeito,Perfeito estado,Seca,Perfeito estado,Agente,"","",Dupla,Canal,"",""
10045,2019-11-09T00:00:00,13:59:00,SEM VÍTIMA,PENDENTE,IBURA,RUA DR BENIGNO JORDAO DE VASCONCELOS,1315,"",PROX AO TERMINAL DE ONIBUS DA LAGOA ENCANTADA,RUA DR BENIGNO JORDAO DE VASCONCELOS,1315,PROX AO TERMINAL DE ONIBUS DA LAGOA ENCANTADA,IBURA,,"",COLISÃO,ONIBUS X AUTO PASSEIO S/V,1,,,,,1,,,,0,,"","","","","","","","","","","","",""
10046,2019-11-09T00:00:00,14:05:00,SEM VÍTIMA,FINALIZADA,ARRUDA,AV PROFESSOR JOSE DOS ANJOS,"","","",AV PROFESSOR JOSE DOS ANJOS,"","",ARRUDA,554,SUBURBIO,ABALROAMENTO LONGITUDINAL,COLISAO ENTRE AUTO E MOTO S/V,1,1,,,,,,,,0,,Longo da via,Bom,Sem defeito,Perfeito estado,Seca,Perfeito estado,Faixa de pedestre,Outras,"",Única,Faixa seccionada,"",""
10047,2019-11-09T00:00:00,14:25:00,SEM VÍTIMA,FINALIZADA,BOA VIAGEM,AV CONSELHEIRO AGUIAR,1865,"",EM FRENTE AO SEMÁFORO 366,AV CONSELHEIRO AGUIAR,1865,EM FRENTE AO SEMÁFORO 366,BOA VIAGEM,366,CIDADE,CHOQUE,CHOQUE DE ONIBUS COM UM SEMAFORO,,,,,,1,,,,0,,Longo da via,Bom,Sem defeito,Perfeito estado,Seca,Perfeito estado,Não existe,Outras,"",Única,Faixa seccionada,"",""
10048,2019-11-09T00:00:00,14:31:00,SEM VÍTIMA,FINALIZADA,CASA AMARELA,AV NORTE,"","",SOB O SEMÁFORO Nº 095,AV NORTE,"",SOB O SEMÁFORO Nº 095,CASA AMARELA,95,SUBURBIO,ABALROAMENTO LONGITUDINAL,COLISÃO ENTRE UM CAMINHO/AUTO S/V,1,,,,,,1,,,0,,Cruzamento,Bom,Sem defeito,Perfeito estado,Seca,Perfeito estado,"","","","","","",""
10049,2019-11-09T00:00:00,14:40:00,COM VÍTIMA,FINALIZADA,JARDIM SÃO PAULO,AV SAO PAULO,"",RUA LEANDRO BARRETO,FARMACIA DIARIAMENTE,AV SAO PAULO,"",FARMACIA DIARIAMENTE,JARDIM SÃO PAULO,507,SUBURBIO,ABALROAMENTO LONGITUDINAL,COLISAO ENTRE ONIBUS E MOTO COM UMA VITIMA,,1,,,,1,,,,1,,Longo da via,Bom,Sem defeito,"",Seca,Perfeito estado,"",Não há placas,"",Dupla,"","",""
10050,2019-11-09T00:00:00,15:47:00,SEM VÍTIMA,FINALIZADA,GRAÇAS,RUA PAULINO GOMES DE SOUZA,50,RUA DO FUTURO,EM FRENTE EMPADINHAS BARNABÉ,RUA PAULINO GOMES DE SOUZA,50,EM FRENTE EMPADINHAS BARNABÉ,GRAÇAS,188,SUBURBIO,COLISÃO TRASEIRA,ENGAVETAMENTO ENTRE 2 AUTOS E UMA MOTO,2,1,,,,,,,,0,,Cruzamento,Bom,Sem defeito,Perfeito estado,Seca,Perfeito estado,Faixa de pedestre,R-6a,"",Única,Faixa seccionada,"",""
10051,2019-11-09T00:00:00,16:16:00,SEM VÍTIMA,FINALIZADA,MADALENA,EST DOS REMEDIOS,2314,"",ALTOFÁCIL MULTIMARCAS,EST DOS REMEDIOS,2314,ALTOFÁCIL MULTIMARCAS,MADALENA,,CIDADE,ABALROAMENTO LONGITUDINAL,COLISÃO ENTRE AUTO/ÕNIBUS,1,,,,,1,,,,0,,Longo da via,Bom,Não existe,Perfeito estado,Seca,Perfeito estado,Não existe,Outras,"",Única,Faixa contínua,"",""
10052,2019-11-09T00:00:00,16:23:00,SEM VÍTIMA,FINALIZADA,JORDÃO,RUA MIRAVANIA,11,"",IGREJA PRESBITERIANA,RUA MIRAVANIA,11,IGREJA PRESBITERIANA,JORDÃO,,SUBURBIO,ABALROAMENTO LONGITUDINAL,COLISAO ENTRE DOIS AUTOS S/V,2,,,,,,,,,0,,Longo da via,Bom,Não existe,Não existente,Seca,Perfeito estado,Não existe,Não há placas,"",Dupla,Não existe,"",""
10053,2019-11-09T00:00:00,16:30:00,SEM VÍTIMA,FINALIZADA,BOA VISTA,PRC DA REPUBLICA,"","",TEATRO SANTA ISABEL,PRC DA REPUBLICA,"",TEATRO SANTA ISABEL,BOA VISTA,,SUBURBIO,ABALROAMENTO LONGITUDINAL,COLISAO ENTRE DOIS AUTOS,2,,,,,,,,,0,,Longo da via,Bom,Não existe,Perfeito estado,Seca,Perfeito estado,Faixa de pedestre,Outras,"",Única,Faixa contínua,"",""
10054,2019-11-09T00:00:00,16:58:00,SEM VÍTIMA,FINALIZADA,DERBY,PTE ESTACIO COIMBRA,"","",SOBRE A PONTE,PTE ESTACIO COIMBRA,"",SOBRE A PONTE,DERBY,,CIDADE,COLISÃO TRASEIRA,COLISAO ENTRE 2 AUTOS SEM VITIMA,2,,,,,,,,,0,,Ponte,Bom,Não existe,Perfeito estado,Seca,Perfeito estado,Não existe,Não há placas,"",Dupla,Faixa contínua,Faixa seccionada,""
10055,2019-11-09T00:00:00,17:56:00,SEM VÍTIMA,FINALIZADA,JARDIM SÃO PAULO,RUA LEANDRO BARRETO,685,"",FARMACIA DIARIAMENTE,RUA LEANDRO BARRETO,685,FARMACIA DIARIAMENTE,JARDIM SÃO PAULO,,SUBURBIO,ABALROAMENTO LONGITUDINAL,ENTRE DOIS AUTOS S/V,2,,,,,,,,,0,,Longo da via,Bom,Sem defeito,Perfeito estado,Seca,Perfeito estado,"","","",Dupla,"","",""
10056,2019-11-09T00:00:00,18:55:00,SEM VÍTIMA,FINALIZADA,ILHA JOANA BEZERRA,AV BEIRA RIO,"","",PRÓXIMO A ACADEMIA DA CIDADE,AV BEIRA RIO,"",PRÓXIMO A ACADEMIA DA CIDADE,ILHA JOANA BEZERRA,,CIDADE,COLISÃO FRONTAL,TAXI X ECOSPORT,2,,,,,,,,,0,,Longo da via,Bom,Não existe,Não existente,Seca,Mal iluminada,"",Não há placas,60 km/h,Dupla,Faixa contínua,"",""
10057,2019-11-09T00:00:00,19:05:00,SEM VÍTIMA,CANCELADA,TORRE,RUA SOUZA BANDEIRA,13,"",E/F AO AÇOUGUE SÃO COSME E DAMIÃO,RUA SOUZA BANDEIRA,13,E/F AO AÇOUGUE SÃO COSME E DAMIÃO,TORRE,,"",COLISÃO,VIATURA DA PM X CARROÇA S/V,1,,,,,,,,,0,,"","","","","","","","","","","","",""
10058,2019-11-09T00:00:00,19:14:00,COM VÍTIMA,FINALIZADA,IPSEP,RUA RIO DOCE,24,RUA PINTOR ANTONIO ALBUQUERQUE,ENF A IGREJA BATISTA CENTRAL DO IPSEP,RUA RIO DOCE,24,ENF A IGREJA BATISTA CENTRAL DO IPSEP,IPSEP,,SUBURBIO,COLISÃO FRONTAL,MOTO X CELTA,1,1,,,,,,,,1,,Cruzamento,Bom,Não existe,"",Seca,Perfeito estado,Não existe,"","",Dupla,"","",""
10059,2019-11-09T00:00:00,19:57:00,SEM VÍTIMA,CANCELADA,MADALENA,AV CAXANGA,2884,EST DO CAIARA,ENF A JBS VEICULOS E PROX AO EXTRA // SENTIDO CAMARAGIBE,AV CAXANGA,2884,ENF A JBS VEICULOS E PROX AO EXTRA // SENTIDO CAMARAGIBE,MADALENA,,"",COLISÃO,CLASSIC BRANCO X MOTO,1,1,,,,,,,,0,,"","","","","","","","","","","","",""
10060,2019-11-09T00:00:00,20:35:00,SEM VÍTIMA,FINALIZADA,CABANGA,"","","",DESCIDA DO VIADUTO CAPITÃO TEMUDO,"","",DESCIDA DO VIADUTO CAPITÃO TEMUDO,CABANGA,,SUBURBIO,ABALROAMENTO LONGITUDINAL,PEUGEOT X RENAULT DUSTER,2,,,,,,,,,0,,Longo da via,Bom,Sem defeito,Perfeito estado,Seca,Perfeito estado,"",Não há placas,60 km/h,Única,"","",""
10061,2019-11-09T00:00:00,20:56:00,SEM VÍTIMA,FINALIZADA,"",RUA JOAO CARDOSO AIRES,501,RUA JOSE HIPOLITO CARDOSO,"",RUA JOAO CARDOSO AIRES,501,"","",,"",ABALROAMENTO TRANSVERSAL,FORD KA X PALIO,2,,,,,,,,,0,,Cruzamento,Bom,Não existe,Perfeito estado,Seca,Perfeito estado,Não existe,Placas Pare,"",Única,Faixa seccionada,"",""
10062,2019-11-09T00:00:00,21:07:00,COM VÍTIMA,FINALIZADA,APIPUCOS,RUA MANDACARU,371,RUA HUMAITA,PROX AO INSTITUTO RAQUEL DE QUEIROZ,RUA MANDACARU,371,PROX AO INSTITUTO RAQUEL DE QUEIROZ,APIPUCOS,371,SUBURBIO,ABALROAMENTO LONGITUDINAL,MOTO X FOX BRANCO,1,1,,,,,,,,1,,Longo da via,Bom,Não existe,Incompleta,Seca,Mal conservada,Não existe,Não há placas,"",Dupla,Não existe,"",""
10063,2019-11-09T00:00:00,21:07:00,SEM VÍTIMA,FINALIZADA,CASA AMARELA,RUA MARINO DE MELO BERENGUER,5583,"",EM FRENTE AO IMÓVEL Nº 5583,RUA MARINO DE MELO BERENGUER,5583,EM FRENTE AO IMÓVEL Nº 5583,CASA AMARELA,,"",CHOQUE VEÍCULO PARADO,ENTRE DOIS AUTOS S/V,2,,,,,,,,,0,,Longo da via,Bom,Não existe,Não existente,Seca,Mal conservada,Não existe,Não há placas,20 km/h,Dupla,Não existe,"",""
10064,2019-11-09T00:00:00,21:52:00,SEM VÍTIMA,FINALIZADA,ÁGUA FRIA,EST VELHA DE AGUA FRIA,"",RUA SETE PECADOS,BARZINHO COMBOS,EST VELHA DE AGUA FRIA,"",BARZINHO COMBOS,ÁGUA FRIA,,"",ABALROAMENTO LONGITUDINAL,ONIBUS DA GLOBO X ETIOS,1,,,,,1,,,,0,,Longo da via,Bom,Não existe,Incompleta,Seca,Perfeito estado,Não existe,"","",Dupla,Faixa seccionada,Canteiro central,""
10065,2019-11-09T00:00:00,22:55:00,SEM VÍTIMA,FINALIZADA,BOA VIAGEM,RUA JOAO CARDOSO AIRES,501,RUA JOSE HIPOLITO CARDOSO,"",RUA JOAO CARDOSO AIRES,501,"",BOA VIAGEM,,SUBURBIO,ABALROAMENTO TRANSVERSAL,PALIO X KA,2,,,,,,,,,0,,Cruzamento,Bom,Não existe,Perfeito estado,Seca,Perfeito estado,Faixa de retenção,Placas Pare,"",Única,Não existe,"",""
10066,2019-11-10T00:00:00,03:46:00,SEM VÍTIMA,CANCELADA,BOA VIAGEM,RUA VISCONDE DE JEQUITINHONHA,867,RUA ERNESTO DE PAULA SANTOS,"AO LADO DO MERCADO SOBERANO, VIDICON ASSISISTÊNCIA TÉCNICA",RUA VISCONDE DE JEQUITINHONHA,867,"AO LADO DO MERCADO SOBERANO, VIDICON ASSISISTÊNCIA TÉCNICA",BOA VIAGEM,304,"",COLISÃO,COLISÃO ENTRE DOIS AUTOS S/V,2,,,,,,,,,0,,"","","","","","","","","","","","",""
10067,2019-11-10T00:00:00,05:47:00,SEM VÍTIMA,FINALIZADA,BOA VIAGEM,RUA VISCONDE DE JEQUITINHONHA,S/N,"",APÓS O POSTO SETTA/LADO OPOSTO AO CURSO BRITANIC,RUA VISCONDE DE JEQUITINHONHA,S/N,APÓS O POSTO SETTA/LADO OPOSTO AO CURSO BRITANIC,BOA VIAGEM,,SUBURBIO,CHOQUE,AUTO CHOCOU-SE CONTRA O POSTE DA CELPE,,,,,,,,,,0,,"","","","","","","","","","","","",""
10068,2019-11-10T00:00:00,06:42:00,SEM VÍTIMA,FINALIZADA,BOA VIAGEM,RUA VISCONDE DE JEQUITINHONHA,"","",POSTE DE Nº B 007397,RUA VISCONDE DE JEQUITINHONHA,"",POSTE DE Nº B 007397,BOA VIAGEM,,SUBURBIO,CHOQUE OBJETO FIXO,AUTO CHOCOU-SE CONTRA O POSTE DA CELPE,1,,,,,,,,,0,,Longo da via,Bom,Não existe,Perfeito estado,Seca,Perfeito estado,Não existe,Outras,"",Única,Faixa seccionada,Canteiro central,""
10069,2019-11-10T00:00:00,08:43:00,SEM VÍTIMA,FINALIZADA,BAIRRO DO RECIFE,CAIS DO APOLO,321,"",POLICIA FEDERAL,CAIS DO APOLO,321,POLICIA FEDERAL,BAIRRO DO RECIFE,,CIDADE,CHOQUE OBJETO FIXO,"VEICULO CHOCOU-SE COM MEIO FIO, VT- 09 NO LOCAL",1,,,,,,,,,0,,Longo da via,Bom,"",Perfeito estado,Seca,Perfeito estado,Não existe,R-6a,"",Dupla,Canteiro central,"",""
10070,2019-11-10T00:00:00,09:28:00,COM VÍTIMA,FINALIZADA,ALTO SANTA TERESINHA,AV ANIBAL BENEVOLO,1890,"","",AV ANIBAL BENEVOLO,1890,"",ALTO SANTA TERESINHA,,SUBURBIO,ATROPELAMENTO,"",,1,,,1,,,,,1,,Longo da via,Bom,Não existe,Incompleta,Seca,Perfeito estado,Não existe,Outras,"",Dupla,Não existe,"",""
10071,2019-11-10T00:00:00,10:54:00,SEM VÍTIMA,FINALIZADA,IMBIRIBEIRA,RUA JOSE DA SILVA LUCENA,273,RUA SARGENTO SILVINO DE MACEDO,"",RUA JOSE DA SILVA LUCENA,273,"",IMBIRIBEIRA,,SUBURBIO,ABALROAMENTO TRANSVERSAL,COLISAO S/ VITIMA,2,,,,,,,,,0,,Cruzamento,Bom,Não existe,Perfeito estado,Seca,Perfeito estado,Outros,Não há placas,"",Dupla,Não existe,"",""
10072,2019-11-10T00:00:00,11:36:00,SEM VÍTIMA,FINALIZADA,BEBERIBE,RUA URIEL DE HOLANDA,125,"",EM FRENTE AO SUPERMERCADO DO GALEGO,RUA URIEL DE HOLANDA,125,EM FRENTE AO SUPERMERCADO DO GALEGO,BEBERIBE,,CIDADE,ABALROAMENTO TRANSVERSAL,COLISÃO S/VITIMAS ENTRE UM AUTO E UM ONIBUS,1,,,,,1,,,,0,,Longo da via,Bom,Não existe,Perfeito estado,Seca,Perfeito estado,Não existe,Outras,"",Única,Não existe,"",""
10073,2019-11-10T00:00:00,12:21:00,SEM VÍTIMA,FINALIZADA,BOA VISTA,AV MANOEL BORBA,"",PRC MACIEL PINHEIRO,HOTEL AMERICA,AV MANOEL BORBA,"",HOTEL AMERICA,BOA VISTA,,SUBURBIO,ABALROAMENTO TRANSVERSAL,DOIS AUTOS,2,,,,,,,,,0,,Cruzamento,Bom,Não existe,Perfeito estado,Seca,"","",Placas Pare,"",Única,Faixa seccionada,"",""
10074,2019-11-10T00:00:00,13:01:00,SEM VÍTIMA,CANCELADA,FUNDÃO,AV CIDADE DE MONTEIRO,26,"",POR TRAS DO CONDOMINIO INOCOP,AV CIDADE DE MONTEIRO,26,POR TRAS DO CONDOMINIO INOCOP,FUNDÃO,,"",COLISÃO,MOTO E AUTO,1,1,,,,,,,,0,,"","","","","","","","","","","","",""
10075,2019-11-10T00:00:00,14:19:00,COM VÍTIMA,FINALIZADA,CAXANGÁ,AV CAXANGA,"","",EM FRENTE A EXPOSIÇÃO DE ANIMAIS,AV CAXANGA,"",EM FRENTE A EXPOSIÇÃO DE ANIMAIS,CAXANGÁ,,"",ABALROAMENTO LONGITUDINAL,COLISAO COM VITIMA JA SOCORRIDA,1,1,,,,,,,,1,,Longo da via,Bom,Sem defeito,Perfeito estado,Seca,Perfeito estado,Não existe,Não há placas,60 km/h,Dupla,Faixa seccionada,Canteiro central,""
10076,2019-11-10T00:00:00,15:00:00,SEM VÍTIMA,FINALIZADA,POÇO DA PANELA,RUA GUILHERME SALAZAR,151,"",EDIFÍCIO QUINTA DOS PORTOS,RUA GUILHERME SALAZAR,151,EDIFÍCIO QUINTA DOS PORTOS,POÇO DA PANELA,,"",ABALROAMENTO LONGITUDINAL,COLISAO ENTRE 2 AUTOS S/V,2,,,,,,,,,0,,Longo da via,Bom,Não existe,Não existente,Seca,Perfeito estado,Não existe,Não há placas,30 km/h,Dupla,Não existe,"",""
10077,2019-11-10T00:00:00,15:12:00,COM VÍTIMA,FINALIZADA,CASA AMARELA,AV NORTE,"",RUA DEPUTADO MARIO MONTEIRO,EM FRENTE A FARMACIA PAQUE MENOS,AV NORTE,"",EM FRENTE A FARMACIA PAQUE MENOS,CASA AMARELA,79,CIDADE,COLISÃO TRASEIRA,MOTO E AUTO,1,1,,,,,,,,1,,Longo da via,Bom,Sem defeito,Perfeito estado,Seca,Outros,Faixa de pedestre,Outras,"",Única,Canteiro central,"",""
10078,2019-11-10T00:00:00,17:11:00,COM VÍTIMA,FINALIZADA,ARRUDA,AV BEBERIBE,1253,RUA DAS MOCAS,EM FRENTE AO CAMPO E AO ARMAZEM CORAL,AV BEBERIBE,1253,EM FRENTE AO CAMPO E AO ARMAZEM CORAL,ARRUDA,,"",ABALROAMENTO TRANSVERSAL,MOTO E AUTO,1,1,,,,,,,,2,,Cruzamento,Bom,Não existe,Perfeito estado,Seca,Perfeito estado,Não existe,Placas Pare,60 km/h,Dupla,Faixa seccionada,"",""
10079,2019-11-10T00:00:00,17:25:00,COM VÍTIMA,FINALIZADA,BEBERIBE,AV ANIBAL BENEVOLO,"","",EM FRENTE AO CLUB BELA VISTA,AV ANIBAL BENEVOLO,"",EM FRENTE AO CLUB BELA VISTA,BEBERIBE,,"",ATROPELAMENTO,ATROPELAMENTO PEDESTRE/MOTO,,1,,,1,,,,,1,,Longo da via,Bom,Não existe,Perfeito estado,Seca,Perfeito estado,Não existe,R-6a,30 km/h,"",Faixa seccionada,"",""
10080,2019-11-10T00:00:00,17:39:00,SEM VÍTIMA,FINALIZADA,JAQUEIRA,RUA SIMAO MENDES,"","",EM FRENTE AO Nº 85,RUA SIMAO MENDES,"",EM FRENTE AO Nº 85,JAQUEIRA,,CIDADE,COLISÃO TRASEIRA,DOIS AUTOS,2,,,,,,,,,0,,Longo da via,Bom,Sem defeito,Perfeito estado,Seca,Mal iluminada,Faixa de pedestre,R-4b,"",Dupla,Não existe,"",""
10081,2019-11-10T00:00:00,18:20:00,COM VÍTIMA,FINALIZADA,BOA VIAGEM,AV CONSELHEIRO AGUIAR,712,RUA VICENCIA,PROX AO OFTALM CENTER OBS: VT DA CTTU 02 ESTA NO LOCAL,AV CONSELHEIRO AGUIAR,712,PROX AO OFTALM CENTER OBS: VT DA CTTU 02 ESTA NO LOCAL,BOA VIAGEM,,CIDADE,ATROPELAMENTO,HB 20 X PEDESTRE,1,,,,1,,,,,1,,Longo da via,Bom,Não existe,Perfeito estado,Seca,Perfeito estado,Não existe,R-6a,"",Única,Faixa seccionada,"",""
10082,2019-11-10T00:00:00,19:14:00,SEM VÍTIMA,FINALIZADA,CAXANGÁ,AV CAXANGA,"","",SEMÁFORO Nº 281 UPA,AV CAXANGA,"",SEMÁFORO Nº 281 UPA,CAXANGÁ,281,CIDADE,ABALROAMENTO LONGITUDINAL,ENTRE DOIS AUTOS S/V,2,,,,,,,,,0,,Longo da via,Bom,Sem defeito,Perfeito estado,Seca,Perfeito estado,Faixa de pedestre,Não há placas,"",Única,Faixa contínua,Faixa seccionada,Canteiro central
10083,2019-11-10T00:00:00,19:29:00,SEM VÍTIMA,FINALIZADA,DOIS UNIDOS,SUB DA MEDALHA MILAGROSA,78,"",ENTRE O Nº 74 E 78,SUB DA MEDALHA MILAGROSA,78,ENTRE O Nº 74 E 78,DOIS UNIDOS,,SUBURBIO,CHOQUE OBJETO FIXO,CHOQUE DE AUTO PASSEIO EM UMA CASA,1,,,,,,,,,0,,Longo da via,Bom,Não existe,Não existente,Seca,Mal conservada,Não existe,Não há placas,"",Dupla,Não existe,"",""
10084,2019-11-10T00:00:00,19:47:00,SEM VÍTIMA,CANCELADA,ALTO SANTA TERESINHA,RUA TAMBOARA,899,"",E/F A LOJA DA BETINHA,RUA TAMBOARA,899,E/F A LOJA DA BETINHA,ALTO SANTA TERESINHA,,"",COLISÃO,ENTRE DOIS AUTOS S/V,2,,,,,,,,,0,,"","","","","","","","","","","","",""
10085,2019-11-10T00:00:00,20:13:00,COM VÍTIMA,FINALIZADA,PINA,AVENIDA CELSO FURTADO (VIA MANGUE),"","",POR CIMA DO VIADUTO DA VIA MANGUE ENF. AO BATALHAO DA POLICIA // SENTIDO PINA,AVENIDA CELSO FURTADO (VIA MANGUE),"",POR CIMA DO VIADUTO DA VIA MANGUE ENF. AO BATALHAO DA POLICIA // SENTIDO PINA,PINA,,CIDADE,CHOQUE,VEICULO CAPOTOU AO CHOCAR-SE COM A MURETA,1,,,,,,,,,1,,Ponte,Bom,Não existe,Perfeito estado,Seca,Perfeito estado,Não existe,Não há placas,"",Dupla,"","",""
10086,2019-11-10T00:00:00,20:56:00,SEM VÍTIMA,FINALIZADA,TORRE,RUA SOUZA BANDEIRA,"",RUA MARQUES DE MARICA,"",RUA SOUZA BANDEIRA,"","",TORRE,317,SUBURBIO,ABALROAMENTO LONGITUDINAL,SIENA TAXI X FIAT,2,,,,,,,,,0,,Longo da via,Bom,Sem defeito,Perfeito estado,Seca,Perfeito estado,Faixa de pedestre,"","",Dupla,Faixa seccionada,"",""