_id,DATA,hora,natureza_acidente,situacao,bairro,endereco,numero,detalhe_endereco_acidente,complemento,endereco_cruzamento,numero_cruzamento,referencia_cruzamento,bairro_cruzamento,num_semaforo,sentido_via,tipo,descricao,auto,moto,ciclom,ciclista,pedestre,onibus,caminhao,viatura,outros,vitimas,vitimasfatais,acidente_verificado,tempo_clima,situacao_semaforo,sinalizacao,condicao_via,conservacao_via,ponto_controle,situacao_placa,velocidade_max_via,mao_direcao,divisao_via1,divisao_via2,divisao_via3
10197,2019-11-13T00:00:00,11:14:00,COM VÍTIMA,FINALIZADA,IMBIRIBEIRA,AV MARECHAL MASCARENHAS DE MORAES,291,PTE DO MOTOCOLOMBO,EM FRENTE A FLOR ARTE. APÓS A MORELATE DISTRIBUIDORA DE PEÇAS.,AV MARECHAL MASCARENHAS DE MORAES,291,EM FRENTE A FLOR ARTE. APÓS A MORELATE DISTRIBUIDORA DE PEÇAS.,IMBIRIBEIRA,,CIDADE,COLISÃO TRASEIRA,AUTO E MOTO.,1,1,,,,,,,,1,,Longo da via,Bom,Não existe,Não existente,Seca,Perfeito estado,Não existe,Não há placas,"",Dupla,Faixa seccionada,Canteiro central,""
10198,2019-11-13T00:00:00,11:24:00,SEM VÍTIMA,FINALIZADA,ENCRUZILHADA,AV NORTE,2270,"",EM FRENTE AO Nº 2270,AV NORTE,2270,EM FRENTE AO Nº 2270,ENCRUZILHADA,,SUBURBIO,COLISÃO TRASEIRA,SEM VITIMAS,3,,,,,,,,,0,,Longo da via,Bom,Não existe,Incompleta,Seca,Perfeito estado,Não existe,Outras,"",Dupla,Canteiro central,"",""
10199,2019-11-13T00:00:00,11:39:00,SEM VÍTIMA,FINALIZADA,SANTO ANTÔNIO,RUA IMPERADOR PEDRO SEGUNDO,"",AV N S DO CARMO,SOB O SEMÁFORO 203,RUA IMPERADOR PEDRO SEGUNDO,"",SOB O SEMÁFORO 203,SANTO ANTÔNIO,203,"",ABALROAMENTO TRANSVERSAL,COLISÃO S/VITIMAS ENTRE DOIS AUTOS,2,,,,,,,,,0,,Cruzamento,Bom,Sem defeito,Perfeito estado,Seca,Perfeito estado,Faixa de pedestre,R-26,60 km/h,"",Faixa contínua,"",""
10200,2019-11-13T00:00:00,11:53:00,SEM VÍTIMA,FINALIZADA,BOA VIAGEM,AV CONSELHEIRO AGUIAR,1555,"",EM FRENTE A MAC DONALDS,AV CONSELHEIRO AGUIAR,1555,EM FRENTE A MAC DONALDS,BOA VIAGEM,,"",COLISÃO,SEM VITIMAS,2,1,,,,,,,,0,,"","","","","","","","","","","","",""
10201,2019-11-13T00:00:00,12:03:00,COM VÍTIMA,FINALIZADA,AFOGADOS,RUA GENERAL SOUZA DOCA,"","",PROX A ESTACAO IPIRANGA EM FRENTE A ESCOLA CARMELA DUTRA,RUA GENERAL SOUZA DOCA,"",PROX A ESTACAO IPIRANGA EM FRENTE A ESCOLA CARMELA DUTRA,AFOGADOS,,"",ATROPELAMENTO,AUTO PASSEIO X PEDESTRE,1,,,,1,,,,,1,,Longo da via,Bom,Não existe,Não existente,Seca,Perfeito estado,Não existe,Não há placas,30 km/h,Dupla,Não existe,"",""
10202,2019-11-13T00:00:00,12:03:00,COM VÍTIMA,FINALIZADA,TAMARINEIRA,RUA PADRE ROMA,"",AV CONS ROSA E SILVA,EM BAIXO DO SEMAFORO 061,RUA PADRE ROMA,"",EM BAIXO DO SEMAFORO 061,TAMARINEIRA,61,SUBURBIO,COLISÃO TRASEIRA,"COLISÃO ENTRE UMA MOTOCICLETA E UM VEÍCULO NÃO IDENTIFICADO, VEÍCULO ESTE QUE SE EVADIU DO LOCAL.",,1,,,,,,,,1,,Cruzamento,Bom,Sem defeito,Perfeito estado,Seca,Perfeito estado,Faixa de pedestre,Outras,"",Dupla,Canteiro central,"",""
10203,2019-11-13T00:00:00,12:26:00,SEM VÍTIMA,FINALIZADA,DERBY,RUA JENER DE SOUZA,"","",CAMPO DO QUARTEL DO DERBY,RUA JENER DE SOUZA,"",CAMPO DO QUARTEL DO DERBY,DERBY,40,SUBURBIO,ABALROAMENTO LONGITUDINAL,COLISÃO SEM VITIMAS,2,,,,,,,,,0,,Longo da via,Bom,Sem defeito,Perfeito estado,Seca,Perfeito estado,Faixa de pedestre,Outras,"",Dupla,Faixa seccionada,Canteiro central,""
10204,2019-11-13T00:00:00,12:48:00,SEM VÍTIMA,FINALIZADA,MANGABEIRA,AV NORTE,4544,RUA DA MANGABEIRA,LADO OPOSTO AO MUNDO DAS BATERIAS,AV NORTE,4544,LADO OPOSTO AO MUNDO DAS BATERIAS,MANGABEIRA,96,SUBURBIO,COLISÃO TRASEIRA,COLISAO ENTRE AUTO E MOTO S/V,1,1,,,,,,,,0,,Longo da via,Bom,Sem defeito,Perfeito estado,Seca,Perfeito estado,Faixa de pedestre,Outras,"",Dupla,Canteiro central,"",""
10205,2019-11-13T00:00:00,13:03:00,COM VÍTIMA,DUPLICIDADE,AFOGADOS,RUA GENERAL SOUZA DOCA,"","",EM FRENTE A ESCOLA CARMELA DUTRA,RUA GENERAL SOUZA DOCA,"",EM FRENTE A ESCOLA CARMELA DUTRA,AFOGADOS,,"",ATROPELAMENTO,VITIMA SOCORRIDA PELO SAMU,1,,,,1,,,,,1,,"","","","","","","","","","","","",""
10206,2019-11-13T00:00:00,13:07:00,SEM VÍTIMA,FINALIZADA,SANTO AMARO,RUA DO POMBAL,"",RUA PEDRO AFONSO,EM FRENTE AO POSTE NºB 021602,RUA DO POMBAL,"",EM FRENTE AO POSTE NºB 021602,SANTO AMARO,,"",ABALROAMENTO TRANSVERSAL,COLISÃO SEM VITIMAS,2,,,,,,,,,0,,Cruzamento,Bom,Não existe,Perfeito estado,Seca,Perfeito estado,Outros,Placas Pare,40 km/h,Dupla,Faixa contínua,Faixa seccionada,""
10207,2019-11-13T00:00:00,13:12:00,SEM VÍTIMA,FINALIZADA,BARRO,RUA MAJOR CHAGAS DE OLIVEIRA,"",AV DR JOSE RUFINO,PRÓXIMO AO HOTEL OLIMPIKUS,RUA MAJOR CHAGAS DE OLIVEIRA,"",PRÓXIMO AO HOTEL OLIMPIKUS,BARRO,,SUBURBIO,COLISÃO TRASEIRA,COLISÃO SEM VITIMAS,2,,,,,,1,,,0,,Cruzamento,Bom,Não existe,Perfeito estado,Seca,Perfeito estado,Não existe,Não há placas,"",Única,Não existe,"",""
10208,2019-11-13T00:00:00,14:19:00,SEM VÍTIMA,FINALIZADA,CIDADE UNIVERSITÁRIA,AV PROFESSOR LUIZ FREIRE,"","",7º REGIÃO MILITAR DO EXÉRCITO,AV PROFESSOR LUIZ FREIRE,"",7º REGIÃO MILITAR DO EXÉRCITO,CIDADE UNIVERSITÁRIA,,"",COLISÃO TRASEIRA,ENTRE DOIS AUTOS S/V,2,,,,,,,,,0,,Longo da via,Bom,Não existe,Incompleta,Seca,Perfeito estado,"","","",Dupla,Não existe,"",""
10209,2019-11-13T00:00:00,15:18:00,SEM VÍTIMA,FINALIZADA,ILHA DO RETIRO,TUNEL CHICO SCIENCE,"","",AO LADO DO ESTÁDIO ADELMAR DE COSTA CARVALHO,TUNEL CHICO SCIENCE,"",AO LADO DO ESTÁDIO ADELMAR DE COSTA CARVALHO,ILHA DO RETIRO,,CIDADE,COLISÃO TRASEIRA,ENTRE DOIS AUTOS S/V,2,,,,,,,,,0,,"",Bom,Não existe,Perfeito estado,Seca,Perfeito estado,Não existe,Não há placas,"",Única,Não existe,"",""
10210,2019-11-13T00:00:00,15:32:00,SEM VÍTIMA,CANCELADA,COELHOS,RUA DR JOSE MARIANO,595,"",MADEREIRA VANDER CENTER,RUA DR JOSE MARIANO,595,MADEREIRA VANDER CENTER,COELHOS,,"",COLISÃO,CAMINHÃO X AUTO,1,,,,,,1,,,0,,"","","","","","","","","","","","",""
10211,2019-11-13T00:00:00,16:53:00,COM VÍTIMA,FINALIZADA,SANTO AMARO,RUA DO POMBAL,"",RUA DOS PALMARES,"",RUA DO POMBAL,"","",SANTO AMARO,,CIDADE,ABALROAMENTO TRANSVERSAL,DOIS AUTOS,2,,,,,,,,,2,,Cruzamento,Bom,Não existe,Perfeito estado,Seca,Perfeito estado,Faixa de pedestre,Outras,"",Dupla,Canteiro central,"",""
10212,2019-11-13T00:00:00,17:05:00,SEM VÍTIMA,FINALIZADA,IMBIRIBEIRA,AV MARECHAL MASCARENHAS DE MORAES,"",EST DO FRIGORIFICO,"",AV MARECHAL MASCARENHAS DE MORAES,"","",IMBIRIBEIRA,,CIDADE,ABALROAMENTO TRANSVERSAL,ONIBUS X AUTO PASSEIO S/V,1,,,,,1,,,,0,,"",Bom,Não existe,Ilegível,Seca,Mal conservada,Não existe,Outras,60 km/h,Dupla,Canteiro central,"",""
10213,2019-11-13T00:00:00,18:38:00,SEM VÍTIMA,FINALIZADA,MADALENA,RUA REAL DA TORRE,1309,"",DROGARIA SÃO PAULO,RUA REAL DA TORRE,1309,DROGARIA SÃO PAULO,MADALENA,,"",ABALROAMENTO LONGITUDINAL,ENTRE 2 AUTOS. S/V,2,,,,,,,,,0,,Longo da via,Bom,Sem defeito,Perfeito estado,Seca,Perfeito estado,Não existe,Não há placas,"",Única,Não existe,"",""
10214,2019-11-13T00:00:00,48:00:00,COM VÍTIMA,CANCELADA,ILHA DO RETIRO,AV BEIRA RIO,360,RUA HISBELO CAMPOS,ENF AO EDF MARIA AMELIA,AV BEIRA RIO,360,ENF AO EDF MARIA AMELIA,ILHA DO RETIRO,,"",COLISÃO,MOTO X PALIO,1,1,,,,,,,,1,,"","","","","","","","","","","","",""
10215,2019-11-13T00:00:00,19:08:00,SEM VÍTIMA,FINALIZADA,PINA,PTE GOVERNADOR PAULO GUERRA,"","",PRÓXIMO AO ATACADO DOS PRESENTES,PTE GOVERNADOR PAULO GUERRA,"",PRÓXIMO AO ATACADO DOS PRESENTES,PINA,,SUBURBIO,ABALROAMENTO LONGITUDINAL,ENTRE 2 AUTOS. S/V,2,,,,,,,,,0,,Longo da via,Bom,Não existe,Perfeito estado,Seca,Perfeito estado,Não existe,Não há placas,"",Única,Faixa seccionada,"",""
10216,2019-11-13T00:00:00,19:29:00,SEM VÍTIMA,FINALIZADA,MADALENA,EST DOS REMEDIOS,"","",SOB O SEMÁFORO 051 DA BENFICA,EST DOS REMEDIOS,"",SOB O SEMÁFORO 051 DA BENFICA,MADALENA,51,SUBURBIO,ABALROAMENTO LONGITUDINAL,CAMINHAO X HB 20 OBS: AG DA CTTU ALBERTO SILVA NO LOC AL,1,,,,,,1,,,0,,Cruzamento,Bom,Sem defeito,Perfeito estado,Seca,Perfeito estado,Faixa de pedestre,R-6a,"",Única,Faixa seccionada,"",""
10217,2019-11-13T00:00:00,19:33:00,COM VÍTIMA,FINALIZADA,CORDEIRO,AV MAURICIO DE NASSAU,"","","",AV MAURICIO DE NASSAU,"","",CORDEIRO,,SUBURBIO,ATROPELAMENTO ANIMAL,CAMINHÃO ACABOU COLIDINDO CONTRA O ANIMAL NA VIA,,,,,,,1,,,1,,Longo da via,Bom,Não existe,Perfeito estado,Seca,Mal conservada,Não existe,R-6a,"",Dupla,Faixa contínua,"",""
10218,2019-11-13T00:00:00,19:40:00,COM VÍTIMA,FINALIZADA,PINA,PTE GOVERNADOR PAULO GUERRA,"","",ALÇA DE ACESSO AO SHOPPING RIO MAR.,PTE GOVERNADOR PAULO GUERRA,"",ALÇA DE ACESSO AO SHOPPING RIO MAR.,PINA,,SUBURBIO,COLISÃO COM CICLISTA,AUTO E BICICLETA.,1,,,1,,,,,,1,,Ponte,Bom,Não existe,Perfeito estado,Seca,Perfeito estado,"",Não há placas,60 km/h,Única,"","",""
10219,2019-11-13T00:00:00,19:43:00,COM VÍTIMA,FINALIZADA,BOA VIAGEM,AV CONSELHEIRO AGUIAR,242,"",E/F AO COLÉGIO DELMIRO GOUVEIA,AV CONSELHEIRO AGUIAR,242,E/F AO COLÉGIO DELMIRO GOUVEIA,BOA VIAGEM,,CIDADE,COLISÃO TRASEIRA,"ENTRE AUTO E MOTO. C/V. SEGUNDO INFORMAÇÕES DO BOLETIM FÍSICO, A CONDUTORA DO VEÍCULO DE NÃO QUIS PERMANECER NO LOCAL DO ACIDENTE E REGISTRAR A OCORRÊNCIA.",1,1,,,,,,,,2,,Longo da via,Bom,Não existe,Perfeito estado,Seca,Perfeito estado,Não existe,Outras,"",Única,Faixa seccionada,"",""
10220,2019-11-13T00:00:00,20:08:00,SEM VÍTIMA,FINALIZADA,MADALENA,AV JOSE GONCALVES DE MEDEIROS,118,"",EM FRENTE AO EDIFÍCIO DE Nº 118,AV JOSE GONCALVES DE MEDEIROS,118,EM FRENTE AO EDIFÍCIO DE Nº 118,MADALENA,,SUBURBIO,ABALROAMENTO LONGITUDINAL,ENTRE AUTO E MOTO. S/V,1,1,,,,,,,,0,,Cruzamento,Bom,Não existe,Perfeito estado,Seca,Perfeito estado,"",Não há placas,"",Dupla,Faixa contínua,"",""
10221,2019-11-13T00:00:00,20:44:00,SEM VÍTIMA,FINALIZADA,IMBIRIBEIRA,RUA ALAMEDA DAS HORTENCIAS,"","",CONDOMÍNIO SHOPPING PARK SPECIAL,RUA ALAMEDA DAS HORTENCIAS,"",CONDOMÍNIO SHOPPING PARK SPECIAL,IMBIRIBEIRA,,SUBURBIO,ABALROAMENTO LONGITUDINAL,ENTRE 2 AUTOS. S/V,1,,,,,,1,,,0,,Longo da via,Bom,Não existe,Não existente,Seca,Perfeito estado,"",Não há placas,30 km/h,Dupla,Não existe,"",""
10222,2019-11-13T00:00:00,21:21:00,COM VÍTIMA,FINALIZADA,CASA AMARELA,RUA RAIMUNDO FREIXEIRA,251,RUA IRMA LUCIA,NA RUA DO SUPERMERCADO BOM DEMAIS,RUA RAIMUNDO FREIXEIRA,251,NA RUA DO SUPERMERCADO BOM DEMAIS,CASA AMARELA,,SUBURBIO,COLISÃO COM CICLISTA,ENTRE AUTO E CICLISTA. C/V,1,,,1,,,,,,1,,Esquina,Bom,Não existe,Incompleta,Seca,Perfeito estado,Não existe,"","",Única,Não existe,"",""
10223,2019-11-13T00:00:00,21:47:00,SEM VÍTIMA,FINALIZADA,BOA VIAGEM,AV ENGENHEIRO DOMINGOS FERREIRA,2755,"","",AV ENGENHEIRO DOMINGOS FERREIRA,2755,"",BOA VIAGEM,,SUBURBIO,COLISÃO TRASEIRA,PALIO X PRISMA,2,,,,,,,,,0,,Longo da via,Bom,Não existe,Incompleta,Seca,Mal iluminada,Não existe,Não há placas,"",Única,Canteiro central,"",""
10224,2019-11-13T00:00:00,22:11:00,COM VÍTIMA,FINALIZADA,BOA VIAGEM,RUA VISCONDE DE JEQUITINHONHA,396,RUA ERNESTO DE PAULA SANTOS,ENF. AO SUPERMERCADO SOBERANO,RUA VISCONDE DE JEQUITINHONHA,396,ENF. AO SUPERMERCADO SOBERANO,BOA VIAGEM,,CIDADE,ABALROAMENTO LONGITUDINAL,POLO X MOTO,1,1,,,,,,,,1,,Longo da via,Bom,Sem defeito,Perfeito estado,Seca,Perfeito estado,"",R-6a,30 km/h,Única,"","",""
10225,2019-11-14T00:00:00,00:10:00,SEM VÍTIMA,CANCELADA,BOA VIAGEM,AV MARECHAL JUAREZ TAVORA,"","","POR TRÁS DA ESCOLA AMERICANA DO RECIFE, PROX DA RUA DEZ DE JULHO",AV MARECHAL JUAREZ TAVORA,"","POR TRÁS DA ESCOLA AMERICANA DO RECIFE, PROX DA RUA DEZ DE JULHO",BOA VIAGEM,,"",COLISÃO,COLISÃO ENTRE DOIS AUTOS S/V,2,,,,,,,,,0,,"","","","","","","","","","","","",""
10226,2019-11-14T00:00:00,07:04:00,SEM VÍTIMA,FINALIZADA,CASA AMARELA,AV NORTE,"","",EM FRENTE A MATERNIDADE BARROS LIMA,AV NORTE,"",EM FRENTE A MATERNIDADE BARROS LIMA,CASA AMARELA,256,SUBURBIO,COLISÃO TRASEIRA,DOIS AUTOS,2,,,,,,,,,0,,Longo da via,Bom,Sem defeito,Perfeito estado,Seca,Perfeito estado,Faixa de pedestre,R-6a,"",Dupla,Canteiro central,"",""
10227,2019-11-14T00:00:00,07:50:00,SEM VÍTIMA,FINALIZADA,CORDEIRO,AV GENERAL SAN MARTIN,"",RUA GOMES TABORDA,EM FRENTE AO POSTO PETRONAL,AV GENERAL SAN MARTIN,"",EM FRENTE AO POSTO PETRONAL,CORDEIRO,67,"",COLISÃO TRASEIRA,DOIS AUTOS,2,,,,,,,,,0,,Cruzamento,Bom,Sem defeito,Perfeito estado,Seca,Perfeito estado,Agente,Não há placas,"",Dupla,Faixa contínua,"",""
10228,2019-11-14T00:00:00,08:38:00,SEM VÍTIMA,FINALIZADA,SANTO AMARO,AV GOVERNADOR AGAMENON MAGALHAES,"","",UNIVERSIDADE DE PERNAMBUCO UPE,AV GOVERNADOR AGAMENON MAGALHAES,"",UNIVERSIDADE DE PERNAMBUCO UPE,SANTO AMARO,,SUBURBIO,ABALROAMENTO LONGITUDINAL,DOIS AUTOS,2,,,,,,,,,0,,Longo da via,Bom,Não existe,Perfeito estado,Seca,Perfeito estado,Não existe,Não há placas,"",Dupla,Canal,"",""
10229,2019-11-14T00:00:00,08:44:00,SEM VÍTIMA,FINALIZADA,ESPINHEIRO,RUA CONS PORTELA,"",RUA QUARENTA E OITO,SOB O SEMF. Nº 11 AO LADO DDA FARMÁCIA PAGUE MENOS,RUA CONS PORTELA,"",SOB O SEMF. Nº 11 AO LADO DDA FARMÁCIA PAGUE MENOS,ESPINHEIRO,11,CIDADE,ABALROAMENTO LONGITUDINAL,COLISÃO S/ VITIMA ONIBUS E UM AUTO,1,,,,,1,,,,0,,Cruzamento,Bom,Sem defeito,Perfeito estado,Seca,Perfeito estado,Agente,Não há placas,40 km/h,Única,Faixa seccionada,"",""
10230,2019-11-14T00:00:00,08:55:00,SEM VÍTIMA,FINALIZADA,CURADO,RUA JUNDIAI,438,"","PROX A EMPRESA PAGU, NO ULTIMO PORTÃO DA CEASA",RUA JUNDIAI,438,"PROX A EMPRESA PAGU, NO ULTIMO PORTÃO DA CEASA",CURADO,,SUBURBIO,COLISÃO,COLISÃO S/VITIMA DOIS AUTOS,2,,,,,,,,,0,,"","","","","","","","","","","","",""
10231,2019-11-14T00:00:00,09:04:00,SEM VÍTIMA,FINALIZADA,CORDEIRO,AV CAXANGA,"",RUA PACIFICO DA LUZ,TOP CAR VEÍCULOS,AV CAXANGA,"",TOP CAR VEÍCULOS,CORDEIRO,,"",COLISÃO TRASEIRA,DOIS AUTOS,2,,,,,,,,,0,,Longo da via,Bom,Sem defeito,Perfeito estado,Seca,Perfeito estado,Faixa de pedestre,Não há placas,"",Dupla,Canteiro central,"",""
10232,2019-11-14T00:00:00,09:05:00,SEM VÍTIMA,FINALIZADA,ESPINHEIRO,RUA JOSE LUIZ DA SILVEIRA BARROS,71,"",MENTHEL APARELHOS AUDITIVOS,RUA JOSE LUIZ DA SILVEIRA BARROS,71,MENTHEL APARELHOS AUDITIVOS,ESPINHEIRO,,"",ABALROAMENTO LONGITUDINAL,COLISÃO S/ VITIMA DOIS AUTOS,2,,,,,,,,,0,,Longo da via,Bom,Não existe,Perfeito estado,Seca,Perfeito estado,Não existe,R-6b,40 km/h,Única,Não existe,"",""
10233,2019-11-14T00:00:00,09:19:00,SEM VÍTIMA,CANCELADA,APIPUCOS,RUA DE APIPUCOS,"","",PROX. AO 11° BATALHÃO NO SEMAFORO 248,RUA DE APIPUCOS,"",PROX. AO 11° BATALHÃO NO SEMAFORO 248,APIPUCOS,,"",COLISÃO,ONIBUS E AUTO,1,,,,,1,,,,0,,"","","","","","","","","","","","",""
10234,2019-11-14T00:00:00,09:22:00,SEM VÍTIMA,FINALIZADA,ESTÂNCIA,AV RECIFE,"","",EM FRENTE AO SUPERMERCADO MAKRO,AV RECIFE,"",EM FRENTE AO SUPERMERCADO MAKRO,ESTÂNCIA,,SUBURBIO,COLISÃO TRASEIRA,SEM VITIMAS/O VEÍCULO STRADA ESTÁ COM O RADIADOR ESTOURADO,2,,,,,,,,,0,,Longo da via,Bom,Sem defeito,Perfeito estado,Seca,Perfeito estado,Faixa de pedestre,Não há placas,"",Dupla,Canteiro central,"",""
10235,2019-11-14T00:00:00,09:23:00,SEM VÍTIMA,FINALIZADA,AFOGADOS,AV SUL,"","",ESTAÇÃO LARGO DA PAZ,AV SUL,"",ESTAÇÃO LARGO DA PAZ,AFOGADOS,,CIDADE,ABALROAMENTO LONGITUDINAL,CAMINHÃO E AUTO,1,,,,,,1,,,0,,Longo da via,Bom,Não existe,Perfeito estado,Seca,Perfeito estado,Não existe,R-6a,40 km/h,Única,Faixa seccionada,"",""
10236,2019-11-14T00:00:00,09:41:00,SEM VÍTIMA,FINALIZADA,CORDEIRO,AV MAURICIO DE NASSAU,"","",POR TRÁS DA EXPOSIÇÃO DE ANIMAIS / PRÓXIMO AO POSTE H 027761,AV MAURICIO DE NASSAU,"",POR TRÁS DA EXPOSIÇÃO DE ANIMAIS / PRÓXIMO AO POSTE H 027761,CORDEIRO,,CIDADE,COLISÃO TRASEIRA,SEM VITIMAS.,2,,,,,,,,,0,,Longo da via,Bom,Não existe,Perfeito estado,Seca,Perfeito estado,Não existe,Não há placas,40 km/h,Dupla,Faixa contínua,"",""
10237,2019-11-14T00:00:00,10:01:00,SEM VÍTIMA,FINALIZADA,ESTÂNCIA,AV RECIFE,5630,AV JOAO CABRAL DE MELO NETO,SOB O SEMÁFORO,AV RECIFE,5630,SOB O SEMÁFORO,ESTÂNCIA,259,"",ABALROAMENTO TRANSVERSAL,SEM VITIMAS,2,,,,,,,,,0,,Cruzamento,Bom,Sem defeito,Perfeito estado,Seca,Perfeito estado,Não existe,Não há placas,60 km/h,Única,Não existe,"",""
10238,2019-11-14T00:00:00,10:04:00,SEM VÍTIMA,CANCELADA,CAXANGÁ,AV CAXANGA,345,"",PROX AO BRANCO SANTANDER,AV CAXANGA,345,PROX AO BRANCO SANTANDER,CAXANGÁ,,CIDADE,COLISÃO,COLISÃO S/ VITIMA UM AUTO E UM ONIBUS,1,,,,,1,,,,0,,"","","","","","","","","","","","",""
10239,2019-11-14T00:00:00,10:41:00,SEM VÍTIMA,FINALIZADA,DERBY,AV GOVERNADOR AGAMENON MAGALHAES,"","",EM FRENTE AO SEMÁFORO 417 - SENTIDO BOA VIAGEM,AV GOVERNADOR AGAMENON MAGALHAES,"",EM FRENTE AO SEMÁFORO 417 - SENTIDO BOA VIAGEM,DERBY,417,"",COLISÃO FRONTAL,VT PM E AUTO PASSEIO,2,,,,,,,,,0,,Longo da via,Bom,Sem defeito,Perfeito estado,Seca,Perfeito estado,Faixa de pedestre,"",60 km/h,Dupla,Canal,"",""
10240,2019-11-14T00:00:00,10:47:00,SEM VÍTIMA,FINALIZADA,AREIAS,AV RECIFE,936,"",EM FRENTE AO 936,AV RECIFE,936,EM FRENTE AO 936,AREIAS,,"",ABALROAMENTO LONGITUDINAL,"",1,1,,,,,,,,0,,Longo da via,Bom,Sem defeito,Perfeito estado,Seca,Perfeito estado,"",Não há placas,60 km/h,"",Faixa seccionada,"",""
10241,2019-11-14T00:00:00,11:07:00,SEM VÍTIMA,FINALIZADA,BOA VISTA,AV MONTEVIDEU,220,RUA TABIRA,"",AV MONTEVIDEU,220,"",BOA VISTA,,CIDADE,ABALROAMENTO LONGITUDINAL,DOIS AUTO,2,,,,,,,,,0,,Cruzamento,Bom,Não existe,Perfeito estado,Seca,Perfeito estado,Não existe,R-6a,30 km/h,Única,Faixa seccionada,"",""
10242,2019-11-14T00:00:00,11:31:00,SEM VÍTIMA,FINALIZADA,APIPUCOS,RUA CAETES,404,"","",RUA CAETES,404,"",APIPUCOS,,SUBURBIO,CHOQUE VEÍCULO PARADO,DOIS AUTOS,2,,,,,,,,,0,,Longo da via,Bom,Não existe,"",Seca,"","","","",Dupla,"","",""
10243,2019-11-14T00:00:00,11:42:00,SEM VÍTIMA,FINALIZADA,DERBY,AV RUI BARBOSA,"","",EM FRENTE AO TRE,AV RUI BARBOSA,"",EM FRENTE AO TRE,DERBY,,CIDADE,ABALROAMENTO LONGITUDINAL,SEM VITIMAS/VIATURA OFICIAL DESCARACTERIZADA,1,1,,,,,,,,0,,Longo da via,Bom,Não existe,Perfeito estado,Seca,Perfeito estado,Não existe,Não há placas,"",Única,"","",""
10244,2019-11-14T00:00:00,11:48:00,SEM VÍTIMA,FINALIZADA,CORDEIRO,RUA GOMES TABORDA,1085,RUA GREGORIO JUNIOR,JUNIOR BATERIA,RUA GOMES TABORDA,1085,JUNIOR BATERIA,CORDEIRO,,CIDADE,COLISÃO TRASEIRA,COLISÃO S/ VITIMA ENTRE DOIS AUTOS.,2,,,,,,,,,0,,Longo da via,Bom,Não existe,Perfeito estado,Seca,Perfeito estado,Não existe,Não há placas,"",Dupla,Faixa seccionada,"",""
10245,2019-11-14T00:00:00,11:56:00,SEM VÍTIMA,FINALIZADA,AFOGADOS,RUA DA PAZ,125,"",EMPRESA ASA,RUA DA PAZ,125,EMPRESA ASA,AFOGADOS,,SUBURBIO,ABALROAMENTO LONGITUDINAL,COLISÃO S/ VITIMA AUTO E CAMINHÃO,1,,,,,,1,,1,0,,Longo da via,Bom,Sem defeito,Perfeito estado,Seca,Perfeito estado,Não existe,Não há placas,40 km/h,Única,Faixa seccionada,"",""
10246,2019-11-14T00:00:00,12:03:00,SEM VÍTIMA,FINALIZADA,PINA,PTE GOVERNADOR PAULO GUERRA,"",AV ANTONIO DE GOES,POSTE Nº P 010434,PTE GOVERNADOR PAULO GUERRA,"",POSTE Nº P 010434,PINA,,"",COLISÃO,COLISÃO S/ VITIMA,1,,,,,,1,,,0,,Ponte,Bom,Não existe,Perfeito estado,Seca,Perfeito estado,Não existe,Não há placas,60 km/h,Única,Faixa seccionada,"",""
10247,2019-11-14T00:00:00,12:10:00,COM VÍTIMA,FINALIZADA,BOA VIAGEM,AVENIDA CELSO FURTADO (VIA MANGUE),"",AV FERNANDO SIMOES BARBOSA,"",AVENIDA CELSO FURTADO (VIA MANGUE),"","",BOA VIAGEM,,SUBURBIO,COLISÃO,"SEGUNDO INFORMAÇÕES DO BOLETIM FÍSICO CONFECCIONADO PELO INSPETOR FORAM FEITAS VÁRIAS VARREDURAS NAS REDONDEZAS DO LOCAL DO ACIDENTE SEM ÊXITO AO SE TENTAR ENCONTRAR OS VEÍCULOS ENVOLVIDOS, SENDO A VÍTIMA RESGATADA PELO CORPO DE BOMBEIROS DE DENTRO DO MANGUE QUE FICA SOB O VIADUTO.",,,,,,,,,,1,,Viaduto,Bom,Não existe,Perfeito estado,Seca,Perfeito estado,"","","",Única,"","",""
10248,2019-11-14T00:00:00,12:23:00,SEM VÍTIMA,CANCELADA,BOA VISTA,RUA DA UNIAO,349,RUA MAMEDE SIMOES,EM FRENTE AO BAR BOI NEON,RUA DA UNIAO,349,EM FRENTE AO BAR BOI NEON,BOA VISTA,,"",COLISÃO,COLISAO ENTRE AUTO/MOTO,1,1,,,,,,,,0,,"","","","","","","","","","","","",""
10249,2019-11-14T00:00:00,12:55:00,SEM VÍTIMA,FINALIZADA,GRAÇAS,RUA DAS CREOULAS,251,AV RUI BARBOSA,EM FRENTE AO BANCO ITAÚ,RUA DAS CREOULAS,251,EM FRENTE AO BANCO ITAÚ,GRAÇAS,102,CIDADE,ABALROAMENTO LONGITUDINAL,COLISÃO SEM VITIMAS,2,,,,,,,,,0,,Longo da via,Bom,Sem defeito,Perfeito estado,Seca,Perfeito estado,Agente,"","",Única,Faixa contínua,"",""