_id,DATA,hora,natureza_acidente,situacao,bairro,endereco,numero,detalhe_endereco_acidente,complemento,endereco_cruzamento,numero_cruzamento,referencia_cruzamento,bairro_cruzamento,num_semaforo,sentido_via,tipo,descricao,auto,moto,ciclom,ciclista,pedestre,onibus,caminhao,viatura,outros,vitimas,vitimasfatais,acidente_verificado,tempo_clima,situacao_semaforo,sinalizacao,condicao_via,conservacao_via,ponto_controle,situacao_placa,velocidade_max_via,mao_direcao,divisao_via1,divisao_via2,divisao_via3
10307,2019-11-16T00:00:00,00:17:00,SEM VÍTIMA,FINALIZADA,ESPINHEIRO,RUA QUARENTA E OITO,725,"",ED ILHA DE ISCHIA,RUA QUARENTA E OITO,725,ED ILHA DE ISCHIA,ESPINHEIRO,,CIDADE,CHOQUE VEÍCULO PARADO,"SEGUNDO AS INFOS DO CAPITÃO, O CONDUTOR ( APARENTEMENTE EMBRIAGADO) TENTOU ESCAPAR DA LEI SECA E PERDEU O CONTROLE DO SEU VEÍCULO, CAUSANDO CHOQUE EM UM AUTO ESTACIONADO E LOGO DEPOIS NO MURO DO EDF CITADO. S/V",2,,,,,,,,,0,,Longo da via,Bom,Não existe,Perfeito estado,Seca,Perfeito estado,"",R-6a,30 km/h,Única,"","",""
10308,2019-11-16T00:00:00,01:30:00,SEM VÍTIMA,FINALIZADA,SÃO JOSÉ,RUA IMPERIAL,"",TRV DO RAPOSO,"",RUA IMPERIAL,"","",SÃO JOSÉ,510,SUBURBIO,ABALROAMENTO TRANSVERSAL,MICRO ÔNIBUS X AUTO,1,,,,,1,,,,0,,Cruzamento,Bom,Sem defeito,Perfeito estado,Seca,Perfeito estado,Faixa de pedestre,Outras,"",Única,Faixa seccionada,"",""
10309,2019-11-16T00:00:00,03:35:00,SEM VÍTIMA,FINALIZADA,IMBIRIBEIRA,RUA ARQUITETO FERNANDO ALMEIDA,104,RUA ENGENHEIRO JOSE APOLINARIO,AO LADO DO ARMAZÉM CORAL,RUA ARQUITETO FERNANDO ALMEIDA,104,AO LADO DO ARMAZÉM CORAL,IMBIRIBEIRA,,"",CHOQUE OBJETO FIXO,AUTO CHOCOU-SE EM UM FERRO QUE FICA NA ESQUINA DA RUA,1,,,,,,,,,0,,Cruzamento,Bom,Não existe,Incompleta,Seca,Perfeito estado,"",Não há placas,"",Única,Não existe,"",""
10310,2019-11-16T00:00:00,05:47:00,COM VÍTIMA,FINALIZADA,MADALENA,AV CAXANGA,731,"","EM FRENTE A OFICINA PARAIBA, EM FRENTE A PLAZA VEÍCULOS PREMIUM",AV CAXANGA,731,"EM FRENTE A OFICINA PARAIBA, EM FRENTE A PLAZA VEÍCULOS PREMIUM",MADALENA,,CIDADE,COLISÃO TRASEIRA,"COLISÃO ENTRE DOIS ÔNIBUS, UM AUTO E UMA MOTO.",1,1,,,,2,,,,2,,Longo da via,Bom,Não existe,Perfeito estado,Seca,Perfeito estado,Não existe,Não há placas,"",Dupla,Canteiro central,"",""
10311,2019-11-16T00:00:00,06:05:00,SEM VÍTIMA,FINALIZADA,SAN MARTIN,AV GENERAL SAN MARTIN,134,RUA FLORA RICA,"",AV GENERAL SAN MARTIN,134,"",SAN MARTIN,,"",ABALROAMENTO TRANSVERSAL,COLISÃO SEM VITIMAS,2,,,,,,,,,0,,Cruzamento,Bom,Não existe,Perfeito estado,Seca,Perfeito estado,Não existe,Placas Pare,60 km/h,Dupla,Faixa contínua,"",""
10312,2019-11-16T00:00:00,08:23:00,SEM VÍTIMA,FINALIZADA,IPUTINGA,RUA EMILIANO BRAGA,"",RUA PROFESSOR CHAVES BATISTA,"",RUA EMILIANO BRAGA,"","",IPUTINGA,,CIDADE,ABALROAMENTO LONGITUDINAL,VAN COMPLEMENTAR / AUTO PASSEIO,1,,,,,1,,,,0,,Cruzamento,Bom,Não existe,Perfeito estado,Seca,Perfeito estado,Não existe,Placas Pare,"",Única,Não existe,"",""
10313,2019-11-16T00:00:00,08:41:00,SEM VÍTIMA,FINALIZADA,ESPINHEIRO,RUA DR BANDEIRA FILHO,"","",EMCIMA DA PTE. RIVALDO DE CARVALHO,RUA DR BANDEIRA FILHO,"",EMCIMA DA PTE. RIVALDO DE CARVALHO,ESPINHEIRO,173,"",COLISÃO,COLISÃO S/VITIMAS ENTRE DOIS AUTOS,2,,,,,,,,,0,,"","","","","","","","","","","","",""
10314,2019-11-16T00:00:00,08:44:00,SEM VÍTIMA,FINALIZADA,"",RUA DA AURORA,829,RUA PRINCESA IZABEL,"",RUA DA AURORA,829,"","",22,SUBURBIO,ABALROAMENTO LONGITUDINAL,SEM VITMAS,1,1,,,,,,,,0,,Longo da via,Bom,Sem defeito,Perfeito estado,Seca,Perfeito estado,Faixa de pedestre,"",40 km/h,Única,Faixa contínua,Faixa seccionada,""
10315,2019-11-16T00:00:00,09:28:00,SEM VÍTIMA,FINALIZADA,BOMBA DO HEMETÉRIO,COR DA CALMA,"","",PRÓXIMO AO MERCADO BOM GOSTO,COR DA CALMA,"",PRÓXIMO AO MERCADO BOM GOSTO,BOMBA DO HEMETÉRIO,,"",ABALROAMENTO LONGITUDINAL,DOIS AUTOS,1,,,,,,1,,,0,,Longo da via,Bom,Não existe,Não existente,Seca,"",Não existe,Não há placas,"",Única,Não existe,"",""
10316,2019-11-16T00:00:00,11:05:00,SEM VÍTIMA,FINALIZADA,SANTANA,AV MARTINS DE BARROS,"","",FÓRUM PAULA BATISTA,AV MARTINS DE BARROS,"",FÓRUM PAULA BATISTA,SANTANA,,SUBURBIO,COLISÃO TRASEIRA,COLISÃO S/VITIMAS ENTRE DOIS AUTOS,2,,,,,,,,,0,,Longo da via,Bom,Sem defeito,Perfeito estado,Seca,Perfeito estado,Faixa de pedestre,Outras,"",Única,Faixa contínua,"",""
10317,2019-11-16T00:00:00,12:19:00,SEM VÍTIMA,FINALIZADA,CASA AMARELA,AV NORTE,8173,COR DO BARTOLOMEU,"",AV NORTE,8173,"",CASA AMARELA,79,CIDADE,COLISÃO TRASEIRA,COLISAO ENTRE AUTO E MOTO S/V,1,1,,,,,,,,0,,Cruzamento,Bom,Sem defeito,Incompleta,Seca,Perfeito estado,Faixa de pedestre,R-6a,"",Dupla,Canteiro central,"",""
10318,2019-11-16T00:00:00,13:09:00,SEM VÍTIMA,FINALIZADA,ENCRUZILHADA,RUA DR JOSE MARIA,151,RUA CARLOS BORROMEU,RESTAURANTE TEPAN,RUA DR JOSE MARIA,151,RESTAURANTE TEPAN,ENCRUZILHADA,,"",ABALROAMENTO LONGITUDINAL,COLISAO ENTRE 2 AUTOS,2,,,,,,,,,0,,"",Bom,Não existe,Perfeito estado,Seca,Perfeito estado,Não existe,Outras,"",Dupla,Não existe,"",""
10319,2019-11-16T00:00:00,13:15:00,COM VÍTIMA,FINALIZADA,BOA VIAGEM,RUA BARAO DE SOUZA LEAO,1544,"",AO LADO DA ESTAÇÃO DE METRÔ AEROPORTO. EM FRENTE AO IMPÉRIO DOS PÃES,RUA BARAO DE SOUZA LEAO,1544,AO LADO DA ESTAÇÃO DE METRÔ AEROPORTO. EM FRENTE AO IMPÉRIO DOS PÃES,BOA VIAGEM,,SUBURBIO,TOMBAMENTO,"COLISÃO COM VITIMA. SEGUNDO INFORMAÇÕES DE AMBAS AS PARTES, O CONDUTOR DA MOTOCICLETA FOI SURPREENDIDO POR UMA POSSÍVEL MANOBRA DO ÔNIBUS, ASSUSTANDO-SE, OCASIONANDO A SUA QUEDA. NÃO HOUVE CONTATO ENTRE OS VEÍCULOS.",,1,,,,1,,,,1,,Longo da via,Bom,Não existe,Não existente,Seca,Perfeito estado,Não existe,Não há placas,"",Única,Faixa seccionada,"",""
10320,2019-11-16T00:00:00,13:16:00,COM VÍTIMA,CANCELADA,SANTO AMARO,AV GOVERNADOR AGAMENON MAGALHAES,"","",AO LADO DO IC S/T DERBY,AV GOVERNADOR AGAMENON MAGALHAES,"",AO LADO DO IC S/T DERBY,SANTO AMARO,,"",COLISÃO,COLISAO ENTRE MOTO E AUTOS S/V,1,1,,,,,,,,1,,"","","","","","","","","","","","",""
10321,2019-11-16T00:00:00,17:09:00,SEM VÍTIMA,FINALIZADA,BOA VIAGEM,RUA DEZ DE JULHO,"","",APÓS A ESTAÇÃO / TERMINAL INTEGRADO AEROPORTO,RUA DEZ DE JULHO,"",APÓS A ESTAÇÃO / TERMINAL INTEGRADO AEROPORTO,BOA VIAGEM,572,"",COLISÃO TRASEIRA,COLISAO ENTRE 2 AUTOS S/V,2,,,,,,,,,0,,Longo da via,Bom,Sem defeito,Perfeito estado,Seca,Perfeito estado,Faixa de pedestre,"",30 km/h,Única,Não existe,"",""
10322,2019-11-16T00:00:00,17:28:00,SEM VÍTIMA,FINALIZADA,"",RUA RIO BRIGIDA,166,"","",RUA RIO BRIGIDA,166,"","",,CIDADE,CHOQUE VEÍCULO PARADO,COLISAO ENTRE AUTO/MOTO S/V,1,,,,,,,,,0,,Longo da via,Bom,Não existe,Perfeito estado,Seca,Perfeito estado,"","","",Dupla,"","",""
10323,2019-11-16T00:00:00,20:45:00,SEM VÍTIMA,FINALIZADA,BOA VIAGEM,RUA VISCONDE DE JEQUITINHONHA,"","",SEMÁFORO 258,RUA VISCONDE DE JEQUITINHONHA,"",SEMÁFORO 258,BOA VIAGEM,258,SUBURBIO,COLISÃO TRASEIRA,ENTRE DOIS AUTOS S/V,2,,,,,,,,,0,,Longo da via,Bom,Sem defeito,Perfeito estado,Seca,Perfeito estado,Faixa de pedestre,Não há placas,"",Única,Faixa contínua,Faixa seccionada,Canal
10324,2019-11-17T00:00:00,03:57:00,SEM VÍTIMA,FINALIZADA,ÁGUA FRIA,RUA DAS MOCAS,"","",EM FRENTE AO Nº 1271,RUA DAS MOCAS,"",EM FRENTE AO Nº 1271,ÁGUA FRIA,,CIDADE,ABALROAMENTO TRANSVERSAL,COLISÃO ENTRE DOIS AUTOS S/V,2,,,,,,,,,0,,Longo da via,Bom,Não existe,Perfeito estado,Seca,Perfeito estado,Não existe,Outras,"",Dupla,Faixa seccionada,"",""
10325,2019-11-17T00:00:00,05:42:00,COM VÍTIMA,FINALIZADA,CURADO,RUA DR GEORGE WILLIAM BUTLER,663,"","AO LADO DA GARAGEM DA BORBOREMA, PROX DA CHURRASCARIA DO GAUCHO",RUA DR GEORGE WILLIAM BUTLER,663,"AO LADO DA GARAGEM DA BORBOREMA, PROX DA CHURRASCARIA DO GAUCHO",CURADO,,CIDADE,COLISÃO,COLISÃO ENTRE ÔNIBUS E MOTO C/V,,1,,,,1,,,,1,,Longo da via,Bom,Não existe,Não existente,Seca,Perfeito estado,Não existe,Não há placas,"",Dupla,"","",""
10326,2019-11-17T00:00:00,08:15:00,SEM VÍTIMA,FINALIZADA,MADALENA,RUA REAL DA TORRE,918,"",AO LADO DO POSTO SETTA,RUA REAL DA TORRE,918,AO LADO DO POSTO SETTA,MADALENA,,CIDADE,COLISÃO TRASEIRA,COLISÃO S/VITIMAS ENTRE DOIS AUTOS,2,,,,,,,,,0,,Longo da via,Bom,Não existe,Não existente,Seca,"",Não existe,R-6a,"",Única,Não existe,"",""
10327,2019-11-17T00:00:00,08:35:00,SEM VÍTIMA,FINALIZADA,BOA VIAGEM,AV ENGENHEIRO DOMINGOS FERREIRA,"","",AO LADO DA DELEGACIA DE BOA VIAGEM,AV ENGENHEIRO DOMINGOS FERREIRA,"",AO LADO DA DELEGACIA DE BOA VIAGEM,BOA VIAGEM,,SUBURBIO,ABALROAMENTO LONGITUDINAL,ONIBUS E AUTO,1,,,,,1,,,,0,,Longo da via,Bom,Não existe,Perfeito estado,Seca,Perfeito estado,Não existe,R-6a,"",Única,Faixa seccionada,"",""
10328,2019-11-17T00:00:00,10:17:00,SEM VÍTIMA,FINALIZADA,GRAÇAS,AV RUI BARBOSA,"","",EM FRENTE AO PARQUE DA JAQUEIRA,AV RUI BARBOSA,"",EM FRENTE AO PARQUE DA JAQUEIRA,GRAÇAS,,CIDADE,CHOQUE VEÍCULO PARADO,DOIS AUTOS,2,,,,,,,,,0,,Longo da via,Bom,Não existe,Perfeito estado,Seca,Perfeito estado,Não existe,"","",Única,Faixa seccionada,"",""
10329,2019-11-17T00:00:00,10:44:00,SEM VÍTIMA,FINALIZADA,ÁGUA FRIA,RUA JAPARANDUBA,77,"","",RUA JAPARANDUBA,77,"",ÁGUA FRIA,,CIDADE,ABALROAMENTO LONGITUDINAL,"",2,,,,,,,,,0,,Longo da via,Bom,Não existe,Perfeito estado,Seca,Perfeito estado,Não existe,Não há placas,40 km/h,Única,Faixa seccionada,"",""
10330,2019-11-17T00:00:00,10:54:00,COM VÍTIMA,FINALIZADA,ARRUDA,RUA DAS MOCAS,32,"",EM FRENTE AO ARMAZEM SÃO JOÃO,RUA DAS MOCAS,32,EM FRENTE AO ARMAZEM SÃO JOÃO,ARRUDA,,"",COLISÃO COM CICLISTA,COM UMA VITIMA AGUARDANDO SAMU/,,1,,1,,,,,,1,,"","","","","","","","","","","","",""
10331,2019-11-17T00:00:00,10:58:00,SEM VÍTIMA,CANCELADA,COQUEIRAL,RUA GUANABARA,403,"",EM FRENTE A PANIFICADORA NOVA ESPERANÇA,RUA GUANABARA,403,EM FRENTE A PANIFICADORA NOVA ESPERANÇA,COQUEIRAL,,"",COLISÃO,DOIS AUTOS,2,,,,,,,,,0,,"","","","","","","","","","","","",""
10332,2019-11-17T00:00:00,11:39:00,SEM VÍTIMA,FINALIZADA,VÁRZEA,AV CAXANGA,"","",SOB A PONTE DA VÁRZEA,AV CAXANGA,"",SOB A PONTE DA VÁRZEA,VÁRZEA,588,CIDADE,COLISÃO TRASEIRA,DOIS AUTOS,2,,,,,,,,,0,,Ponte,Bom,Sem defeito,Perfeito estado,Seca,Perfeito estado,"","","",Dupla,Canteiro central,"",""
10333,2019-11-17T00:00:00,11:59:00,SEM VÍTIMA,FINALIZADA,TAMARINEIRA,RUA CONEGO BARATA,"","",FERREIRA COSTA,RUA CONEGO BARATA,"",FERREIRA COSTA,TAMARINEIRA,,"",ABALROAMENTO LONGITUDINAL,COLISÃO SEM VITIMA,2,,,,,,,,,0,,Longo da via,Bom,Não existe,"",Seca,Perfeito estado,Agente,Não há placas,"",Única,"","",""
10334,2019-11-17T00:00:00,12:10:00,SEM VÍTIMA,CANCELADA,PARNAMIRIM,AV PARNAMIRIM,327,"",ANTES DO SERPRO,AV PARNAMIRIM,327,ANTES DO SERPRO,PARNAMIRIM,,"",COLISÃO,COLISÃO SEM VITIMA,2,,,,,,,,,0,,"","","","","","","","","","","","",""
10335,2019-11-17T00:00:00,12:26:00,COM VÍTIMA,FINALIZADA,TORRE,RUA DOM MANOEL DA COSTA,321,RUA PADRE LANDIM,PROX A IGREJA DA TORRE,RUA DOM MANOEL DA COSTA,321,PROX A IGREJA DA TORRE,TORRE,,CIDADE,COLISÃO TRASEIRA,COLISAO ENTRE AUTO/MOTO,1,1,,,,,,,,1,,Longo da via,Bom,Não existe,Perfeito estado,Seca,Perfeito estado,Não existe,Não há placas,40 km/h,Única,Faixa seccionada,"",""
10336,2019-11-17T00:00:00,12:57:00,SEM VÍTIMA,FINALIZADA,DERBY,AV GOVERNADOR AGAMENON MAGALHAES,"",RUA PAISSANDU,SOBRE A PONTE / SENT CIDADE,AV GOVERNADOR AGAMENON MAGALHAES,"",SOBRE A PONTE / SENT CIDADE,DERBY,69,SUBURBIO,COLISÃO FRONTAL,"",2,,,,,1,,,,0,,Cruzamento,Bom,Sem defeito,Perfeito estado,Seca,Perfeito estado,Faixa de pedestre,Outras,40 km/h,Única,Canteiro central,"",""
10337,2019-11-17T00:00:00,13:18:00,SEM VÍTIMA,FINALIZADA,MACAXEIRA,RUA CARLOS MARIGHELLA,567,RUA CORREGO DA AREIA,EM FRENTE AO SALÃO VITÓRIA,RUA CARLOS MARIGHELLA,567,EM FRENTE AO SALÃO VITÓRIA,MACAXEIRA,,"",COLISÃO FRONTAL,COLISÃO SEM VITIMA,2,,,,,,,,,0,,Cruzamento,Bom,Não existe,Perfeito estado,Seca,Perfeito estado,Não existe,Não há placas,"",Dupla,Não existe,"",""
10338,2019-11-17T00:00:00,13:31:00,SEM VÍTIMA,FINALIZADA,SANTO ANTÔNIO,AV MARTINS DE BARROS,"","",SECRETARIA DA FAZENDA DO ESTADO DE PERNAMBUCO,AV MARTINS DE BARROS,"",SECRETARIA DA FAZENDA DO ESTADO DE PERNAMBUCO,SANTO ANTÔNIO,164,CIDADE,ABALROAMENTO LONGITUDINAL,COLISAO ENTRE AUTO/ONIBUS BRT,1,,,,,1,,,,0,,Longo da via,Bom,Sem defeito,Perfeito estado,Seca,Perfeito estado,Faixa de pedestre,Outras,"",Única,Faixa seccionada,"",""
10339,2019-11-17T00:00:00,14:59:00,COM VÍTIMA,FINALIZADA,BOA VIAGEM,AV BOA VIAGEM,2530,"",EDIF. MARIA EDUARDA,AV BOA VIAGEM,2530,EDIF. MARIA EDUARDA,BOA VIAGEM,,CIDADE,ABALROAMENTO LONGITUDINAL,COLISÃO COM VITIMA ENTRE DOIS AUTOS E UMA MOTO,2,1,,,,,,,,1,,Longo da via,Bom,"",Perfeito estado,Seca,Perfeito estado,Não existe,Não há placas,"",Única,Faixa seccionada,"",""
10340,2019-11-17T00:00:00,16:02:00,SEM VÍTIMA,CANCELADA,CORDEIRO,AV MAURICIO DE NASSAU,11,"",EM FRENTE A CRECHE LUTANDO QUE SE CONQUISTA,AV MAURICIO DE NASSAU,11,EM FRENTE A CRECHE LUTANDO QUE SE CONQUISTA,CORDEIRO,,"",COLISÃO,COLISAO ENTRE 2 AUTOS,2,,,,,,,,,0,,"","","","","","","","","","","","",""
10341,2019-11-17T00:00:00,17:21:00,SEM VÍTIMA,FINALIZADA,BOA VIAGEM,RUA JOAO CARDOSO AIRES,"",RUA JOSE HIPOLITO CARDOSO,"",RUA JOAO CARDOSO AIRES,"","",BOA VIAGEM,,SUBURBIO,ABALROAMENTO LONGITUDINAL,COLISAO ENTRE 2 AUTOS S/V,2,,,,,,,,,0,,Cruzamento,Bom,Não existe,Perfeito estado,Seca,Perfeito estado,Não existe,R-6a,"","",Faixa seccionada,"",""
10342,2019-11-17T00:00:00,17:45:00,SEM VÍTIMA,FINALIZADA,NOVA DESCOBERTA,RUA DA PAZ,"","",AO LADO DA TUPA DE NOVA DESCOBERTA,RUA DA PAZ,"",AO LADO DA TUPA DE NOVA DESCOBERTA,NOVA DESCOBERTA,,SUBURBIO,ABALROAMENTO LONGITUDINAL,COLISÃO SEM VITIMA,1,,,,,1,,,,0,,"",Bom,Não existe,Perfeito estado,Seca,Perfeito estado,Outros,Não há placas,"",Dupla,"","",""
10343,2019-11-17T00:00:00,18:49:00,SEM VÍTIMA,CANCELADA,IMBIRIBEIRA,AV MARECHAL MASCARENHAS DE MORAES,"",RUA JOAO FONTES,ENF AO HOTEL AEROPORTO E JUSTIÇA DO TRABALHO,AV MARECHAL MASCARENHAS DE MORAES,"",ENF AO HOTEL AEROPORTO E JUSTIÇA DO TRABALHO,IMBIRIBEIRA,471,CIDADE,COLISÃO,JEEP X FOX OBS : SUSPEITA DE EMBRIAGUEZ CONDUTOR DO JEEP,2,,,,,,,,,0,,"","","","","","","","","","","","",""
10344,2019-11-17T00:00:00,19:11:00,SEM VÍTIMA,FINALIZADA,BOA VIAGEM,AV DOM JOAO VI,"",RUA PEDRO PAES MENDONCA,SEMÁFORO 543,AV DOM JOAO VI,"",SEMÁFORO 543,BOA VIAGEM,,CIDADE,ABALROAMENTO LONGITUDINAL,ENTRE 2 AUTOS. S/V,2,,,,,,,,,0,,Cruzamento,Bom,Sem defeito,Perfeito estado,Seca,Perfeito estado,Faixa de pedestre,Não há placas,50 km/h,Única,"","",""
10345,2019-11-17T00:00:00,19:12:00,SEM VÍTIMA,FINALIZADA,CASA AMARELA,RUA PAULA BATISTA,"",EST DO ARRAIAL,AGENCIA NACIONAL DE MINERAÇAO,RUA PAULA BATISTA,"",AGENCIA NACIONAL DE MINERAÇAO,CASA AMARELA,283,SUBURBIO,ABALROAMENTO LONGITUDINAL,GOL X ONIBUS PEDROSA,1,,,,,1,,,,0,,Cruzamento,Bom,Sem defeito,"",Seca,Perfeito estado,Faixa de pedestre,Outras,"",Única,"","",""
10346,2019-11-17T00:00:00,19:19:00,COM VÍTIMA,FINALIZADA,SAN MARTIN,RUA ARSENIO CALACA,3010,RUA VINTE E UM DE ABRIL,PRÓX AO BPTRAN,RUA ARSENIO CALACA,3010,PRÓX AO BPTRAN,SAN MARTIN,,SUBURBIO,ABALROAMENTO TRANSVERSAL,AUTO E MOTO,1,1,,,,,,,,1,,Cruzamento,Bom,Não existe,Não existente,Seca,Perfeito estado,Não existe,Não há placas,"",Dupla,Faixa seccionada,"",""
10347,2019-11-17T00:00:00,19:51:00,COM VÍTIMA,FINALIZADA,JOANA BEZERRA,VIADUTO CAPITAO TEMUDO,"","","SOBRE O VIADUTO, NO LADO OPOSTO AO FÓRUM JOANA BEZERRA.",VIADUTO CAPITAO TEMUDO,"","SOBRE O VIADUTO, NO LADO OPOSTO AO FÓRUM JOANA BEZERRA.",JOANA BEZERRA,,SUBURBIO,COLISÃO COM CICLISTA,AUTO E BICICLETA.,1,,,1,,,,,,1,,Longo da via,Bom,Não existe,Perfeito estado,Seca,Perfeito estado,Não existe,Não há placas,"",Dupla,Faixa seccionada,"",""
10348,2019-11-17T00:00:00,20:26:00,SEM VÍTIMA,CANCELADA,AREIAS,AV DR JOSE RUFINO,"","",E/F AO COLÉGIO VISÃO,AV DR JOSE RUFINO,"",E/F AO COLÉGIO VISÃO,AREIAS,,"",COLISÃO,ENTRE 2 AUTOS. S/V,2,,,,,,,,,0,,"","","","","","","","","","","","",""
10349,2019-11-17T00:00:00,21:34:00,SEM VÍTIMA,FINALIZADA,IMBIRIBEIRA,RUA ALEMANHA,"","",IGREJA SARA NOSSA TERRA,RUA ALEMANHA,"",IGREJA SARA NOSSA TERRA,IMBIRIBEIRA,,SUBURBIO,ABALROAMENTO TRANSVERSAL,GOL X NISSAN VERSA,2,,,,,,,,,0,,Longo da via,Bom,Não existe,Incompleta,Seca,Perfeito estado,"","",40 km/h,Dupla,Não existe,"",""
10350,2019-11-17T00:00:00,22:05:00,SEM VÍTIMA,CANCELADA,COHAB,AV QUEIXARAMOBIM,"","",E/F AO TERMINAL DA UR-2,AV QUEIXARAMOBIM,"",E/F AO TERMINAL DA UR-2,COHAB,,"",COLISÃO,ENTRE 2 AUTOS. S/V,2,,,,,,,,,0,,"","","","","","","","","","","","",""
10351,2019-11-18T00:00:00,00:27:00,COM VÍTIMA,FINALIZADA,SAN MARTIN,RUA SANTO ANGELO,461,RUA TENENTE MINDELO,NA RUA DO ANTIGO CIOE,RUA SANTO ANGELO,461,NA RUA DO ANTIGO CIOE,SAN MARTIN,,SUBURBIO,CHOQUE OBJETO FIXO,"DURANTE UMA PERSEGUIÇÃO POLICIAL, A VT DA PM ACABOU SE CHOCANDO CONTRA O MURO DA RESIDÊNCIA. C/V",1,,,,,,,1,,1,,Longo da via,Bom,Não existe,Não existente,Seca,Mal conservada,"",Não há placas,20 km/h,Dupla,Não existe,"",""
10352,2019-11-18T00:00:00,06:31:00,SEM VÍTIMA,FINALIZADA,GRAÇAS,RUA DAS CREOULAS,58,"",EM FRENTE AO BANCO ITAU,RUA DAS CREOULAS,58,EM FRENTE AO BANCO ITAU,GRAÇAS,,"",COLISÃO,ONIBUS E AUTO,1,,,,,1,,,,0,,"","","","","","","","","","","","",""
10353,2019-11-18T00:00:00,06:49:00,SEM VÍTIMA,FINALIZADA,TAMARINEIRA,EST VELHA DE AGUA FRIA,"",AV PROFESSOR JOSE DOS ANJOS,"",EST VELHA DE AGUA FRIA,"","",TAMARINEIRA,306,SUBURBIO,ABALROAMENTO LONGITUDINAL,SEM VITIMAS,1,,,,,1,,,,0,,Cruzamento,Bom,Sem defeito,Perfeito estado,Seca,Perfeito estado,Faixa de pedestre,R-6a,60 km/h,Única,"","",""
10354,2019-11-18T00:00:00,07:02:00,SEM VÍTIMA,FINALIZADA,PARNAMIRIM,EST DO ENCANAMENTO,429,"",POR TRÁS DO SÍTIO DA TRINDADE,EST DO ENCANAMENTO,429,POR TRÁS DO SÍTIO DA TRINDADE,PARNAMIRIM,,CIDADE,ABALROAMENTO LONGITUDINAL,SEM VITIMAS,1,1,,,,,,,,0,,Longo da via,Bom,Não existe,Perfeito estado,Seca,Perfeito estado,Não existe,R-6a,40 km/h,Única,Faixa seccionada,"",""
10355,2019-11-18T00:00:00,07:10:00,COM VÍTIMA,DUPLICIDADE,DOIS IRMÃOS,RUA MANUEL DE MEDEIROS,"","",EM FRENTE AO PREDIO DA ZOOTECNIA UFRP,RUA MANUEL DE MEDEIROS,"",EM FRENTE AO PREDIO DA ZOOTECNIA UFRP,DOIS IRMÃOS,,CAMARAGIBE,COLISÃO,COM UMA VITIMA AGUARDANDO SAMU,,1,,,,1,,,,1,,"","","","","","","","","","","","",""
10356,2019-11-18T00:00:00,07:18:00,SEM VÍTIMA,FINALIZADA,JARDIM SÃO PAULO,RUA LEANDRO BARRETO,271,RUA LORENA,CALDINHO DO JUBA,RUA LEANDRO BARRETO,271,CALDINHO DO JUBA,JARDIM SÃO PAULO,,SUBURBIO,ABALROAMENTO TRANSVERSAL,MOTO E AUTO,1,1,,,,,,,,0,,Cruzamento,Bom,Não existe,Não existente,Seca,Perfeito estado,Não existe,Não há placas,"",Dupla,Não existe,"",""
10357,2019-11-18T00:00:00,07:31:00,SEM VÍTIMA,CANCELADA,IMBIRIBEIRA,VIADUTO TANCREDO NEVES,"","",SOBRE O VIADUTO TANCREDO NEVES,VIADUTO TANCREDO NEVES,"",SOBRE O VIADUTO TANCREDO NEVES,IMBIRIBEIRA,,BOA VIAGEM,COLISÃO,SEM VITIMAS,1,,,,,1,,,,0,,"","","","","","","","","","","","",""
10358,2019-11-18T00:00:00,08:09:00,COM VÍTIMA,FINALIZADA,PINA,AV ENGENHEIRO DOMINGOS FERREIRA,"",AV HERCULANO BANDEIRA,EM FRENTE AO ARMAZEM BEIRA MAR / LADO ESQUERDO DA VIA,AV ENGENHEIRO DOMINGOS FERREIRA,"",EM FRENTE AO ARMAZEM BEIRA MAR / LADO ESQUERDO DA VIA,PINA,,SUBURBIO,ATROPELAMENTO,AUTO E PEDESTRE.,1,,,,1,,,,,1,,Longo da via,Bom,Não existe,Perfeito estado,Seca,Perfeito estado,Não existe,Não há placas,60 km/h,Única,Faixa contínua,"",""
10359,2019-11-18T00:00:00,08:19:00,COM VÍTIMA,FINALIZADA,DOIS IRMÃOS,RUA MANUEL DE MEDEIROS,"","",PRÓXIMO AO DEPARTAMENTO DE ZOOTECNIA DA UFRPE.,RUA MANUEL DE MEDEIROS,"",PRÓXIMO AO DEPARTAMENTO DE ZOOTECNIA DA UFRPE.,DOIS IRMÃOS,,CAMARAGIBE,COLISÃO FRONTAL,ÔNIBUS E MOTO.,,1,,,,1,,,,1,,Longo da via,Bom,Não existe,Ilegível,Molhada,Mal conservada,Não existe,R-6a,"",Dupla,Faixa seccionada,"",""
10360,2019-11-18T00:00:00,08:41:00,SEM VÍTIMA,FINALIZADA,DERBY,AV GOVERNADOR AGAMENON MAGALHAES,"","",SOB O SEMÁFORO Nº 174,AV GOVERNADOR AGAMENON MAGALHAES,"",SOB O SEMÁFORO Nº 174,DERBY,174,"",COLISÃO TRASEIRA,"",2,,,,,,,,,0,,Longo da via,Bom,Sem defeito,Perfeito estado,Seca,Perfeito estado,Faixa de pedestre,"",60 km/h,Dupla,Canteiro central,"",""
10361,2019-11-18T00:00:00,09:02:00,SEM VÍTIMA,CANCELADA,SANTO AMARO,AV NORTE,"",RUA VINTE E QUATRO DE AGOSTO,"",AV NORTE,"","",SANTO AMARO,,"",COLISÃO,DOIS AUTOS,2,,,,,,,,,0,,"","","","","","","","","","","","",""