_id,DATA,hora,natureza_acidente,situacao,bairro,endereco,numero,detalhe_endereco_acidente,complemento,endereco_cruzamento,numero_cruzamento,referencia_cruzamento,bairro_cruzamento,num_semaforo,sentido_via,tipo,descricao,auto,moto,ciclom,ciclista,pedestre,onibus,caminhao,viatura,outros,vitimas,vitimasfatais,acidente_verificado,tempo_clima,situacao_semaforo,sinalizacao,condicao_via,conservacao_via,ponto_controle,situacao_placa,velocidade_max_via,mao_direcao,divisao_via1,divisao_via2,divisao_via3
10362,2019-11-18T00:00:00,09:07:00,SEM VÍTIMA,FINALIZADA,ÁGUA FRIA,EST VELHA DE AGUA FRIA,1253,"",EM FRENTE AO POSTO NORTE BRAS / EM FRENTE A IGREJA PENTECOSTAL,EST VELHA DE AGUA FRIA,1253,EM FRENTE AO POSTO NORTE BRAS / EM FRENTE A IGREJA PENTECOSTAL,ÁGUA FRIA,,"",COLISÃO,DOIS AUTOS,2,,,,,,,,,0,,"","","","","","","","","","","","",""
10363,2019-11-18T00:00:00,10:08:00,SEM VÍTIMA,FINALIZADA,MACAXEIRA,AV NORTE,7750,"","",AV NORTE,7750,"",MACAXEIRA,,SUBURBIO,COLISÃO TRASEIRA,"COLISÃO SEM VITIMAS,CTTU NO LOCAL",3,,,,,,,,,0,,Longo da via,Bom,Sem defeito,Perfeito estado,Seca,Perfeito estado,Faixa de pedestre,"","",Dupla,Faixa seccionada,Canteiro central,""
10364,2019-11-18T00:00:00,10:40:00,SEM VÍTIMA,FINALIZADA,MADALENA,RUA REAL DA TORRE,430,"",EM FRENTE AO SEMÁFORO 179,RUA REAL DA TORRE,430,EM FRENTE AO SEMÁFORO 179,MADALENA,179,"",COLISÃO TRASEIRA,SEM VITIMAS,2,,,,,,,,,0,,Longo da via,Bom,Sem defeito,Perfeito estado,Seca,Perfeito estado,Faixa de pedestre,R-6a,"",Única,Faixa contínua,"",""
10365,2019-11-18T00:00:00,10:44:00,SEM VÍTIMA,FINALIZADA,"",AV BOA VIAGEM,5152,"","",AV BOA VIAGEM,5152,"","",,CIDADE,ABALROAMENTO LONGITUDINAL,ONIBUS E AUTO,1,,,,,1,,,,0,,Longo da via,Bom,Não existe,Perfeito estado,Seca,Perfeito estado,Agente,Não há placas,60 km/h,Única,Faixa seccionada,"",""
10366,2019-11-18T00:00:00,11:09:00,SEM VÍTIMA,CANCELADA,BOA VISTA,AV GOVERNADOR AGAMENON MAGALHAES,"",RUA JOAO FERNANDES VIEIRA,"AO LADO DO BIG BOMPREÇO, SENT. OLINDA SEMAFORO 173",AV GOVERNADOR AGAMENON MAGALHAES,"","AO LADO DO BIG BOMPREÇO, SENT. OLINDA SEMAFORO 173",BOA VISTA,173,"",COLISÃO,DOIS AUTOS,2,,,,,,,,,0,,"","","","","","","","","","","","",""
10367,2019-11-18T00:00:00,11:12:00,SEM VÍTIMA,FINALIZADA,BREJO DE BEBERIBE,RUA SANTA TEREZA,20,"",LADO OPOSTO MERCADINHO SANTA TEREZA,RUA SANTA TEREZA,20,LADO OPOSTO MERCADINHO SANTA TEREZA,BREJO DE BEBERIBE,,SUBURBIO,CHOQUE VEÍCULO PARADO,ONIBUS E MOTO,,1,,,,1,,,,0,,Longo da via,Bom,Não existe,Não existente,Seca,Perfeito estado,Não existe,Não há placas,"",Dupla,Não existe,"",""
10368,2019-11-18T00:00:00,11:30:00,COM VÍTIMA,FINALIZADA,DERBY,AV GOVERNADOR AGAMENON MAGALHAES,241A,AV GOVERNADOR CARLOS DE LIMA CAVALCANTI,"EM FRENTE A PRAÇA DO DERBY, PRÓXIMO AO CRUZAMENTO CITADO ANTERIORMENTE.",AV GOVERNADOR AGAMENON MAGALHAES,241A,"EM FRENTE A PRAÇA DO DERBY, PRÓXIMO AO CRUZAMENTO CITADO ANTERIORMENTE.",DERBY,,SUBURBIO,COLISÃO TRASEIRA,DUAS MOTOS,,2,,,,,,,,2,,Longo da via,Bom,Sem defeito,Perfeito estado,Seca,Perfeito estado,Agente,Outras,60 km/h,Dupla,Faixa,"",""
10369,2019-11-18T00:00:00,11:39:00,SEM VÍTIMA,FINALIZADA,ARRUDA,AV PROFESSOR JOSE DOS ANJOS,"","",EM FRENTE AO SEMÁFORO Nº 131,AV PROFESSOR JOSE DOS ANJOS,"",EM FRENTE AO SEMÁFORO Nº 131,ARRUDA,,SUBURBIO,ABALROAMENTO LONGITUDINAL,COLISÃO SEM VITIMAS,1,,,,,,1,,,0,,Longo da via,Bom,Sem defeito,Perfeito estado,Seca,Perfeito estado,Faixa de pedestre,R-4a,"",Dupla,Faixa contínua,Faixa seccionada,Canal
10370,2019-11-18T00:00:00,12:09:00,SEM VÍTIMA,FINALIZADA,ILHA DO LEITE,PTE JOSE DE BARROS LIMA,"","",SOBRE A PONTE JOSÉ DE BARROS LIMA,PTE JOSE DE BARROS LIMA,"",SOBRE A PONTE JOSÉ DE BARROS LIMA,ILHA DO LEITE,,SUBURBIO,CHOQUE OBJETO FIXO,COM O PRISMA,1,,,,,,,,,0,,Ponte,Bom,Não existe,Perfeito estado,Seca,Perfeito estado,Outros,Outras,"",Dupla,Canteiro central,"",""
10371,2019-11-18T00:00:00,12:14:00,SEM VÍTIMA,FINALIZADA,BOA VIAGEM,RUA DOS NAVEGANTES,"",RUA CORONEL BENEDITO CHAVES,"",RUA DOS NAVEGANTES,"","",BOA VIAGEM,,SUBURBIO,ABALROAMENTO TRANSVERSAL,COLISAO ENTRE VT DA POLICIA E AUTO S/V,2,,,,,,,,,0,,"",Bom,Não existe,Perfeito estado,Seca,Perfeito estado,Não existe,"","",Única,Não existe,"",""
10372,2019-11-18T00:00:00,12:51:00,SEM VÍTIMA,FINALIZADA,AFOGADOS,AV SUL,1950,"",ATACADO E VAREJO,AV SUL,1950,ATACADO E VAREJO,AFOGADOS,320,CIDADE,ABALROAMENTO LONGITUDINAL,"",1,,,,,,,,1,0,,Longo da via,Bom,Sem defeito,Perfeito estado,Seca,Perfeito estado,Faixa de retenção,"","",Única,Faixa contínua,Faixa seccionada,""
10373,2019-11-18T00:00:00,13:09:00,SEM VÍTIMA,FINALIZADA,IBURA,AV DOIS RIOS,2,"",MADESHOP,AV DOIS RIOS,2,MADESHOP,IBURA,581,SUBURBIO,ABALROAMENTO LONGITUDINAL,COLISÃO S/ VITIMA,1,,,,,,1,,,0,,Longo da via,Bom,Não existe,Não existente,Seca,Perfeito estado,Não existe,Não há placas,"",Dupla,Não existe,"",""
10374,2019-11-18T00:00:00,13:15:00,SEM VÍTIMA,FINALIZADA,BOA VISTA,AV CONDE DA BOA VISTA,"","",SOB O SEMÁFORO Nº 023,AV CONDE DA BOA VISTA,"",SOB O SEMÁFORO Nº 023,BOA VISTA,23,CIDADE,ABALROAMENTO LONGITUDINAL,COLISÃO S/ VITIMA,,1,,,,1,,,,0,,Longo da via,Bom,Sem defeito,Incompleta,Seca,Outros,Agente,Outras,"",Dupla,Outros,"",""
10375,2019-11-18T00:00:00,13:28:00,SEM VÍTIMA,FINALIZADA,BAIRRO DO RECIFE,AV ALFREDO LISBOA,173,"",POSTO PETROCAL,AV ALFREDO LISBOA,173,POSTO PETROCAL,BAIRRO DO RECIFE,,"",ABALROAMENTO LONGITUDINAL,COLISÃO SEM VITIMA,2,,,,,,,,,0,,Longo da via,Bom,Não existe,Perfeito estado,Seca,Perfeito estado,Faixa de pedestre,R-6a,30 km/h,Única,Faixa seccionada,"",""
10376,2019-11-18T00:00:00,13:33:00,SEM VÍTIMA,FINALIZADA,CASA FORTE,RUA FLAMENGO,"",RUA ALFREDO FERNANDES,POR TRÁS DO PARQUE REGIONAL DE MANUTENÇAO / 7 CMNE/ 7 REG MILITAR,RUA FLAMENGO,"",POR TRÁS DO PARQUE REGIONAL DE MANUTENÇAO / 7 CMNE/ 7 REG MILITAR,CASA FORTE,,SUBURBIO,ABALROAMENTO LONGITUDINAL,COLISÃO S/ VITIMA,2,,,,,,,,,0,,"",Bom,Não existe,Não existente,Seca,Mal conservada,Não existe,Não há placas,30 km/h,Dupla,Não existe,"",""
10377,2019-11-18T00:00:00,14:41:00,SEM VÍTIMA,FINALIZADA,NOVA DESCOBERTA,AV VEREADOR OTACILIO AZEVEDO,2609,"",ESCOLA ESTADUAL COMTE LUIZ GOMES,AV VEREADOR OTACILIO AZEVEDO,2609,ESCOLA ESTADUAL COMTE LUIZ GOMES,NOVA DESCOBERTA,,SUBURBIO,COLISÃO TRASEIRA,COLISAO ENTRE DOIS AUTOS S/V,2,,,,,,,,,0,,Longo da via,Bom,Não existe,Perfeito estado,Seca,Perfeito estado,Não existe,Outras,"",Dupla,Faixa contínua,"",""
10378,2019-11-18T00:00:00,14:54:00,SEM VÍTIMA,FINALIZADA,BOA VIAGEM,AV GENERAL MAC ARTHUR,100,"",PISTA LOCAL DE ACESSO AO CONDOMÍNIO LE PARC,AV GENERAL MAC ARTHUR,100,PISTA LOCAL DE ACESSO AO CONDOMÍNIO LE PARC,BOA VIAGEM,,SUBURBIO,ABALROAMENTO TRANSVERSAL,COLISAO ENTRE DOIS AUTOS S/V,2,,,,,,,,,0,,Longo da via,Bom,Não existe,Perfeito estado,Seca,Perfeito estado,Faixa de pedestre,Outras,30 km/h,Dupla,"","",""
10379,2019-11-18T00:00:00,15:48:00,COM VÍTIMA,FINALIZADA,AFOGADOS,EST DOS REMEDIOS,"","",EM FRENTE DO TODO DIA,EST DOS REMEDIOS,"",EM FRENTE DO TODO DIA,AFOGADOS,,CIDADE,COLISÃO FRONTAL,AUTO E MOTO,1,1,,,,,,,,1,,Longo da via,Bom,Não existe,Ilegível,Seca,Perfeito estado,Faixa de pedestre,Não há placas,40 km/h,Dupla,Faixa contínua,"",""
10380,2019-11-18T00:00:00,16:19:00,COM VÍTIMA,FINALIZADA,SAN MARTIN,AV GENERAL SAN MARTIN,801,RUA PEREIRA DE MORAES,EDIF. SANTA BARBARA,AV GENERAL SAN MARTIN,801,EDIF. SANTA BARBARA,SAN MARTIN,,"",ABALROAMENTO TRANSVERSAL,COLISÃO COM VITIMA,1,1,,,,,,,,1,,Cruzamento,Bom,Não existe,Perfeito estado,Seca,Perfeito estado,Agente,R-6a,"",Dupla,Faixa contínua,Faixa seccionada,""
10381,2019-11-18T00:00:00,16:27:00,SEM VÍTIMA,FINALIZADA,COELHOS,RUA DOS COELHOS,"","",EM FRENTE DO IMIP,RUA DOS COELHOS,"",EM FRENTE DO IMIP,COELHOS,,"",COLISÃO,COLISÃO SEM VITIMA,2,,,,,,,,,0,,"","","","","","","","","","","","",""
10382,2019-11-18T00:00:00,16:27:00,SEM VÍTIMA,FINALIZADA,IMBIRIBEIRA,RUA PAMPULHA,"","",EUROVIA,RUA PAMPULHA,"",EUROVIA,IMBIRIBEIRA,534,CIDADE,COLISÃO TRASEIRA,COLISÃO S/ VITIMA,2,,,,,,,,,0,,Longo da via,Bom,Sem defeito,Perfeito estado,Seca,Perfeito estado,Faixa de pedestre,"","",Única,Faixa seccionada,"",""
10383,2019-11-18T00:00:00,16:29:00,SEM VÍTIMA,FINALIZADA,ESTÂNCIA,AV DR JOSE RUFINO,"","",LADO OPOSTO COLÉGIO VISÃO,AV DR JOSE RUFINO,"",LADO OPOSTO COLÉGIO VISÃO,ESTÂNCIA,82,SUBURBIO,ABALROAMENTO LONGITUDINAL,COLISAO ENTRE CAMINHAO E AUTOS S/V,1,,,,,,1,,,0,,Longo da via,Bom,Intermitente,Incompleta,Seca,Mal conservada,Agente,Não há placas,"",Dupla,Não existe,"",""
10384,2019-11-18T00:00:00,16:39:00,SEM VÍTIMA,FINALIZADA,BOA VISTA,RUA BARAO DE SAO BORJA,116,RUA JOSE DE ALENCAR,ATRAS DO SHOPPING BOA VISTA,RUA BARAO DE SAO BORJA,116,ATRAS DO SHOPPING BOA VISTA,BOA VISTA,,"",COLISÃO,COLISÃO S/ VITIMA,2,,,,,,,,,0,,"","","","","","","","","","","","",""
10385,2019-11-18T00:00:00,16:45:00,SEM VÍTIMA,CANCELADA,ESPINHEIRO,AV CONS ROSA E SILVA,4635,"",EM FRENTE A FARMACIA PAGUE MENOS,AV CONS ROSA E SILVA,4635,EM FRENTE A FARMACIA PAGUE MENOS,ESPINHEIRO,,"",COLISÃO,COLISÃO SEM VITIMA,1,0,,,,1,,,,0,,"","","","","","","","","","","","",""
10386,2019-11-18T00:00:00,16:47:00,SEM VÍTIMA,FINALIZADA,BOA VIAGEM,RUA DOS NAVEGANTES,3056,RUA ANTONIO FALCAO,"",RUA DOS NAVEGANTES,3056,"",BOA VIAGEM,,SUBURBIO,ABALROAMENTO LONGITUDINAL,COLISÃO S/VITIMA,2,,,,,,,,,0,,Cruzamento,Bom,Não existe,Ilegível,Seca,Perfeito estado,Não existe,Placas Pare,"",Dupla,Não existe,"",""
10387,2019-11-18T00:00:00,17:35:00,SEM VÍTIMA,FINALIZADA,SANTO AMARO,AV CRUZ CABUGA,644,"",EM FRENTE AO MARTELINHO DE OURO,AV CRUZ CABUGA,644,EM FRENTE AO MARTELINHO DE OURO,SANTO AMARO,627,SUBURBIO,ABALROAMENTO LONGITUDINAL,COLISÃO S/ VITIMA,1,,,,,1,,,,0,,Longo da via,Bom,Sem defeito,Perfeito estado,Seca,Perfeito estado,Faixa de pedestre,Outras,"",Dupla,Faixa contínua,"",""
10388,2019-11-18T00:00:00,17:43:00,SEM VÍTIMA,FINALIZADA,TAMARINEIRA,AV CONS ROSA E SILVA,1829,"",EDF. TABOCAS,AV CONS ROSA E SILVA,1829,EDF. TABOCAS,TAMARINEIRA,,SUBURBIO,ABALROAMENTO LONGITUDINAL,COLISÃO S/ VITIMA,1,,,,,1,,,,0,,Longo da via,Bom,Não existe,Perfeito estado,Seca,Perfeito estado,Não existe,Outras,"",Única,Faixa seccionada,"",""
10389,2019-11-18T00:00:00,17:48:00,SEM VÍTIMA,FINALIZADA,SÃO JOSÉ,VIADUTO CAPITAO TEMUDO,"","","",VIADUTO CAPITAO TEMUDO,"","",SÃO JOSÉ,,SUBURBIO,COLISÃO TRASEIRA,COLISÃO S/ VITIMA,2,,,,,,,,,0,,Viaduto,Bom,Não existe,Incompleta,Seca,Perfeito estado,Não existe,Não há placas,"",Dupla,"","",""
10390,2019-11-18T00:00:00,17:52:00,SEM VÍTIMA,FINALIZADA,IBURA,RUA RIO TAPADO,55,"",E/F A BORRACHARIA NO SEMAFORO 351,RUA RIO TAPADO,55,E/F A BORRACHARIA NO SEMAFORO 351,IBURA,,"",COLISÃO,COLISAO ENTRE AUTO E CINQUENTINHA S/V,1,,1,,,,,,,0,,"","","","","","","","","","","","",""
10391,2019-11-18T00:00:00,18:04:00,SEM VÍTIMA,FINALIZADA,BOA VIAGEM,RUA PROFESSOR JOAO MEDEIROS,"",RUA PEDRO BERGAMO,"",RUA PROFESSOR JOAO MEDEIROS,"","",BOA VIAGEM,,CIDADE,COLISÃO TRASEIRA,CLASSIC X RENAULT CAPTUR,2,,,,,,,,,0,,Longo da via,Bom,Sem defeito,Perfeito estado,Seca,Perfeito estado,Não existe,R-34,40 km/h,Dupla,Canal,"",""
10392,2019-11-18T00:00:00,18:05:00,SEM VÍTIMA,FINALIZADA,BAIRRO DO RECIFE,AV MILITAR,550,"",EM FRENTE AO POSTO SHELL,AV MILITAR,550,EM FRENTE AO POSTO SHELL,BAIRRO DO RECIFE,,SUBURBIO,ABALROAMENTO LONGITUDINAL,COLISAO SEM VITIMAS,1,,,,,1,,,,0,,Longo da via,Bom,Não existe,Perfeito estado,Seca,Perfeito estado,Não existe,Não há placas,"",Dupla,Canteiro central,"",""
10393,2019-11-18T00:00:00,18:24:00,SEM VÍTIMA,FINALIZADA,PINA,AV ANTONIO DE GOES,170,"",JCPM,AV ANTONIO DE GOES,170,JCPM,PINA,226,CIDADE,ABALROAMENTO LONGITUDINAL,COLISAO SEM VITIMAS,1,1,,,,,,,,0,,Longo da via,Bom,Sem defeito,Perfeito estado,Seca,Perfeito estado,Faixa de pedestre,R-6a,"",Única,Faixa contínua,"",""
10394,2019-11-18T00:00:00,18:28:00,SEM VÍTIMA,FINALIZADA,ILHA DO LEITE,PTE JOSE DE BARROS LIMA,"","",CAPITÃO TEMUDO/EM FRENTE A ENTRADA PARA RUA IMPERIAL,PTE JOSE DE BARROS LIMA,"",CAPITÃO TEMUDO/EM FRENTE A ENTRADA PARA RUA IMPERIAL,ILHA DO LEITE,,"",COLISÃO,COLISÃO SEM VÍTIMAS,3,,,,,,,,,0,,"","","","","","","","","","","","",""
10395,2019-11-18T00:00:00,18:43:00,SEM VÍTIMA,FINALIZADA,"",RUA JOAO CARDOSO AIRES,"",RUA CAMBOIM,"",RUA JOAO CARDOSO AIRES,"","","",,SUBURBIO,ABALROAMENTO TRANSVERSAL,CAMINHAO DE CONCRETO X SIENA,1,,,,,,,,1,0,,Cruzamento,Bom,Não existe,Perfeito estado,Seca,Perfeito estado,Faixa de retenção,Placas Pare,"",Dupla,Faixa seccionada,"",""
10396,2019-11-18T00:00:00,19:05:00,SEM VÍTIMA,FINALIZADA,SANTO AMARO,RUA BARROS BARRETO,297,"","",RUA BARROS BARRETO,297,"",SANTO AMARO,,SUBURBIO,ABALROAMENTO LONGITUDINAL,MOTO X AUTO,,1,,,,,,,2,0,,Longo da via,Bom,Não existe,Incompleta,Seca,"",Não existe,Outras,20 km/h,Dupla,Não existe,"",""
10397,2019-11-18T00:00:00,19:53:00,SEM VÍTIMA,FINALIZADA,CASA AMARELA,EST DO ENCANAMENTO,"",RUA MARECHAL RONDON,"",EST DO ENCANAMENTO,"","",CASA AMARELA,,CIDADE,ABALROAMENTO TRANSVERSAL,COLISAO SEM VITIMAS,2,,,,,,,,,0,,Cruzamento,Bom,Não existe,Perfeito estado,Seca,Perfeito estado,Não existe,Placas Pare,40 km/h,Única,Faixa seccionada,"",""
10398,2019-11-18T00:00:00,22:16:00,SEM VÍTIMA,FINALIZADA,AFOGADOS,AV SUL,"","",A ESTAÇÃO DO METRÔ DE AFOGADOS,AV SUL,"",A ESTAÇÃO DO METRÔ DE AFOGADOS,AFOGADOS,,CIDADE,ABALROAMENTO LONGITUDINAL,FORD KA X PRISMA,2,,,,,,,,,0,,Outros,Bom,Não existe,"",Seca,Perfeito estado,Não existe,Não há placas,"",Única,Faixa seccionada,"",""
10399,2019-11-18T00:00:00,22:50:00,SEM VÍTIMA,FINALIZADA,IMBIRIBEIRA,AV MARECHAL MASCARENHAS DE MORAES,"",AV LUXEMBURGO,ITALIANA VEÍCULOS,AV MARECHAL MASCARENHAS DE MORAES,"",ITALIANA VEÍCULOS,IMBIRIBEIRA,,SUBURBIO,ABALROAMENTO LONGITUDINAL,ONIBUS VERA CRUZ X SANDERO,1,,,,,1,,,,0,,"",Bom,Não existe,Perfeito estado,Seca,Perfeito estado,Não existe,Não há placas,"",Dupla,Canteiro central,"",""
10400,2019-11-19T00:00:00,04:13:00,COM VÍTIMA,FINALIZADA,SÃO JOSÉ,RUA IMPERIAL,694,TRV DO RAPOSO,ANTES DA PONTE DE AFOGADOS/PROXIMO AO COLEGIO JOAQUIM NABUCO,RUA IMPERIAL,694,ANTES DA PONTE DE AFOGADOS/PROXIMO AO COLEGIO JOAQUIM NABUCO,SÃO JOSÉ,510,"",ABALROAMENTO TRANSVERSAL,VIATURA E ÔNIBUS,,,,,,1,,1,,2,,Cruzamento,Bom,Sem defeito,Perfeito estado,Seca,Perfeito estado,Faixa de pedestre,Outras,"",Única,Faixa seccionada,"",""
10401,2019-11-18T00:00:00,06:59:00,SEM VÍTIMA,EM ABERTO,ÁGUA FRIA,EST VELHA DE AGUA FRIA,1253,RUA BOMBA DO HEMETERIO,POSTO NORTE BRAZ,EST VELHA DE AGUA FRIA,1253,POSTO NORTE BRAZ,ÁGUA FRIA,,"",ABALROAMENTO TRANSVERSAL,"",2,,,,,,,,,0,,Cruzamento,Bom,Não existe,Perfeito estado,Seca,Perfeito estado,Não existe,"","",Única,Faixa seccionada,"",""
10402,2019-11-19T00:00:00,07:11:00,SEM VÍTIMA,FINALIZADA,AFOGADOS,RUA ANTONIO MACARIO,"","",IGREJA UNIVERSAL,RUA ANTONIO MACARIO,"",IGREJA UNIVERSAL,AFOGADOS,,SUBURBIO,ABALROAMENTO LONGITUDINAL,DOIS AUTOS,2,,,,,,,,,0,,Cruzamento,Bom,Sem defeito,Perfeito estado,Seca,Perfeito estado,Agente,R-6a,"",Única,Faixa seccionada,"",""
10403,2019-11-19T00:00:00,07:16:00,COM VÍTIMA,FINALIZADA,SANCHO,AV LIBERDADE,824,AV PADRE IBIAPINA,EM FRENTE A FARMACIA TRIUNFO,AV LIBERDADE,824,EM FRENTE A FARMACIA TRIUNFO,SANCHO,,SUBURBIO,COLISÃO TRASEIRA,AUTO E MOTO,1,1,,,,,,,,1,,Cruzamento,Bom,Não existe,Perfeito estado,Seca,Perfeito estado,Não existe,R-6a,"",Dupla,Não existe,"",""
10404,2019-11-19T00:00:00,07:38:00,SEM VÍTIMA,FINALIZADA,BARRO,AV DR JOSE RUFINO,"",RUA DOROTHEA VIEIRA,IGREJA CATOLICA DO BARRO,AV DR JOSE RUFINO,"",IGREJA CATOLICA DO BARRO,BARRO,539,CIDADE,ABALROAMENTO LONGITUDINAL,COLISÃO S/VITIMAS ENTRE UMA MOTO E UM AUTO,1,1,,,,,,,,0,,"",Bom,Sem defeito,Perfeito estado,Seca,Perfeito estado,Faixa de pedestre,Outras,40 km/h,Dupla,Faixa contínua,"",""
10405,2019-11-19T00:00:00,08:16:00,COM VÍTIMA,FINALIZADA,BOA VISTA,RUA MIGUEL COUTO,158,RUA HENRIQUE DIAS,EM FRENTE AO LABORATORIO ROBERTO FLORENCIO,RUA MIGUEL COUTO,158,EM FRENTE AO LABORATORIO ROBERTO FLORENCIO,BOA VISTA,,SENTIDO SUL,CHOQUE OBJETO FIXO,VEICULO CHOCOU-SE COM MURO,1,,,,,,,,,2,,Longo da via,Bom,Não existe,Não existente,Seca,Perfeito estado,Não existe,Não há placas,"",Dupla,Não existe,"",""
10406,2019-11-19T00:00:00,08:17:00,SEM VÍTIMA,FINALIZADA,TAMARINEIRA,RUA CAPITAO SAMPAIO XAVIER,392,RUA RICARDO HARDMAN,ATELIER GILSON BRAGA,RUA CAPITAO SAMPAIO XAVIER,392,ATELIER GILSON BRAGA,TAMARINEIRA,,"",ABALROAMENTO TRANSVERSAL,DOIS AUTOS,2,,,,,,,,,0,,Cruzamento,Bom,Não existe,Perfeito estado,Seca,Perfeito estado,Faixa de pedestre,Placas Pare,"",Dupla,Faixa contínua,"",""
10407,2019-11-19T00:00:00,08:34:00,SEM VÍTIMA,CANCELADA,MANGABEIRA,RUA DA MANGABEIRA,103,"","APOS O SESC DE CASA AMARELA, NA RUA DA BOLO BOM MANGABEIRA",RUA DA MANGABEIRA,103,"APOS O SESC DE CASA AMARELA, NA RUA DA BOLO BOM MANGABEIRA",MANGABEIRA,,"",COLISÃO,MOTO E AUTO,1,1,,,,,,,,0,,"","","","","","","","","","","","",""
10408,2019-11-19T00:00:00,09:00:00,SEM VÍTIMA,FINALIZADA,DERBY,RUA CLEMENTE PEREIRA,"","",EM FRENTE AO PORTAL DO DERBY,RUA CLEMENTE PEREIRA,"",EM FRENTE AO PORTAL DO DERBY,DERBY,,CIDADE,COLISÃO TRASEIRA,COLISÃO S/VITIMAS ENTRE DOIS AUTOS,2,,,,,,,,,0,,Longo da via,Bom,Não existe,Perfeito estado,Seca,Perfeito estado,Não existe,Não há placas,"",Única,Faixa seccionada,"",""
10409,2019-11-19T00:00:00,09:46:00,SEM VÍTIMA,FINALIZADA,MADALENA,RUA JOSE OSORIO,"",AV BEIRA RIO,"",RUA JOSE OSORIO,"","",MADALENA,287,SUBURBIO,ABALROAMENTO LONGITUDINAL,COLISÃO S/VITIMAS ENTRE UM AUTO E UM CAMINHÃO,1,,,,,,1,,,0,,Cruzamento,Bom,Sem defeito,Perfeito estado,Seca,Perfeito estado,Outros,Outras,50 km/h,Única,Faixa contínua,"",""
10410,2019-11-19T00:00:00,10:09:00,SEM VÍTIMA,FINALIZADA,BOA VISTA,RUA DA AURORA,"",AV CONDE DA BOA VISTA,CRUZAMENTO DO CINEMA SÃO L UIZ,RUA DA AURORA,"",CRUZAMENTO DO CINEMA SÃO L UIZ,BOA VISTA,162,SUBURBIO,COLISÃO TRASEIRA,DOIS AUTOS,2,,,,,,,,,0,,Cruzamento,Bom,Sem defeito,Perfeito estado,Seca,Perfeito estado,Faixa de pedestre,R-6a,40 km/h,Única,Faixa seccionada,"",""
10411,2019-11-19T00:00:00,11:14:00,SEM VÍTIMA,FINALIZADA,ESTÂNCIA,RUA PROFESSOR CALDAS FILHO,69,"",EM FRENTE A ESCOLA VISÃO,RUA PROFESSOR CALDAS FILHO,69,EM FRENTE A ESCOLA VISÃO,ESTÂNCIA,,SUBURBIO,COLISÃO TRASEIRA,SEM VITIMAS,,,,,,1,1,,,0,,Longo da via,Bom,"",Incompleta,Seca,Perfeito estado,"",Outras,"",Dupla,Não existe,"",""
10412,2019-11-19T00:00:00,11:48:00,COM VÍTIMA,FINALIZADA,CASA AMARELA,RUA ANTONIO DE CASTRO,27,EST DO ARRAIAL,EM FRENTE AO EDF ESMERALDA,RUA ANTONIO DE CASTRO,27,EM FRENTE AO EDF ESMERALDA,CASA AMARELA,,"",COLISÃO FRONTAL,AUTO E MOTO,1,1,,,,,,,,1,,Longo da via,Bom,Não existe,Perfeito estado,Seca,Perfeito estado,Não existe,"","",Única,Não existe,"",""
10413,2019-11-19T00:00:00,12:55:00,SEM VÍTIMA,FINALIZADA,BOA VISTA,AV JOAO DE BARROS,"","",EM FRENTE A CELPE,AV JOAO DE BARROS,"",EM FRENTE A CELPE,BOA VISTA,,CIDADE,COLISÃO TRASEIRA,COLISÃO SEM VITIMA,1,1,,,,,,,,0,,Longo da via,Bom,Não existe,Perfeito estado,Seca,Perfeito estado,Não existe,R-6a,"",Única,Faixa seccionada,"",""
10414,2019-11-19T00:00:00,13:41:00,SEM VÍTIMA,FINALIZADA,BOA VIAGEM,AV BOA VIAGEM,"","",EDF. PORTO RAVENA,AV BOA VIAGEM,"",EDF. PORTO RAVENA,BOA VIAGEM,149,CIDADE,COLISÃO TRASEIRA,COLISÃO SEM VITIMA,2,,,,,,,,,0,,Longo da via,Bom,Sem defeito,Perfeito estado,Seca,Perfeito estado,Faixa de pedestre,Não há placas,60 km/h,Única,Faixa contínua,"",""
10415,2019-11-19T00:00:00,13:48:00,SEM VÍTIMA,FINALIZADA,MADALENA,AV BEIRA RIO,701,"",PONTE DA CAPUNGA,AV BEIRA RIO,701,PONTE DA CAPUNGA,MADALENA,,SUBURBIO,COLISÃO TRASEIRA,COLISAO ENTRE DOIS AUTOS S/V GM NO LOCAL,2,,,,,,,,,0,,Longo da via,Bom,Sem defeito,Perfeito estado,Seca,Perfeito estado,Faixa de pedestre,Não há placas,40 km/h,Dupla,Faixa seccionada,"",""
10416,2019-11-19T00:00:00,15:24:00,SEM VÍTIMA,FINALIZADA,MADALENA,RUA GALVAO RAPOSO,413,RUA ERNANI BRAGA,ESQUINA COM VENEZA JATO,RUA GALVAO RAPOSO,413,ESQUINA COM VENEZA JATO,MADALENA,,CIDADE,ABALROAMENTO TRANSVERSAL,COLISÃO SEM VITIMA,2,,,,,,,,,0,,Cruzamento,Bom,Não existe,Perfeito estado,Seca,Perfeito estado,Faixa de retenção,Placas Pare,"",Dupla,Faixa contínua,"",""