_id,DATA,hora,natureza_acidente,situacao,bairro,endereco,numero,detalhe_endereco_acidente,complemento,endereco_cruzamento,numero_cruzamento,referencia_cruzamento,bairro_cruzamento,num_semaforo,sentido_via,tipo,descricao,auto,moto,ciclom,ciclista,pedestre,onibus,caminhao,viatura,outros,vitimas,vitimasfatais,acidente_verificado,tempo_clima,situacao_semaforo,sinalizacao,condicao_via,conservacao_via,ponto_controle,situacao_placa,velocidade_max_via,mao_direcao,divisao_via1,divisao_via2,divisao_via3
10417,2019-11-19T00:00:00,15:28:00,SEM VÍTIMA,FINALIZADA,BOA VISTA,RUA DO HOSPICIO,563,RUA PRINCESA IZABEL,PRÓXIMO AO HOSPITAL GERAL DO RECIFE,RUA DO HOSPICIO,563,PRÓXIMO AO HOSPITAL GERAL DO RECIFE,BOA VISTA,31,CIDADE,COLISÃO TRASEIRA,COLISAO ENTRE DOIS AUTOS S/V GM NO LOCAL,2,,,,,,,,,0,,Longo da via,Bom,Sem defeito,Perfeito estado,Seca,Perfeito estado,Agente,Não há placas,"",Única,Não existe,"",""
10418,2019-11-19T00:00:00,15:32:00,SEM VÍTIMA,FINALIZADA,AFOGADOS,RUA NICOLAU PEREIRA,"",RUA DA PAZ,"",RUA NICOLAU PEREIRA,"","",AFOGADOS,73,SUBURBIO,ABALROAMENTO LONGITUDINAL,APOIO AO AGENTE- COLISÃO NO LOCAL,1,,,,,1,,,,0,,Cruzamento,Bom,Sem defeito,Perfeito estado,Seca,Perfeito estado,Agente,R-6a,40 km/h,Única,Faixa seccionada,"",""
10419,2019-11-19T00:00:00,15:35:00,SEM VÍTIMA,FINALIZADA,CAXANGÁ,AV CAXANGA,"",RUA GENERAL POLIDORO,EM FRENTE A ACADEMIA REEF,AV CAXANGA,"",EM FRENTE A ACADEMIA REEF,CAXANGÁ,231,SUBURBIO,COLISÃO TRASEIRA,COLISÃO SEM VITIMA,1,,,,,1,,,,0,,Cruzamento,Bom,Sem defeito,Perfeito estado,Seca,Perfeito estado,Faixa de pedestre,Outras,"",Dupla,Faixa contínua,Canteiro central,""
10420,2019-11-19T00:00:00,16:08:00,SEM VÍTIMA,FINALIZADA,IPUTINGA,AV JOAQUIM RIBEIRO,"","",AO LADO DA UPA DA CAXANGÁ,AV JOAQUIM RIBEIRO,"",AO LADO DA UPA DA CAXANGÁ,IPUTINGA,,SUBURBIO,COLISÃO TRASEIRA,COLISÃO SEM VITIMA,2,,,,,,,,,0,,Longo da via,Bom,Sem defeito,Incompleta,Seca,Perfeito estado,"",R-6a,"",Dupla,Faixa seccionada,"",""
10421,2019-11-19T00:00:00,16:17:00,SEM VÍTIMA,CANCELADA,IPSEP,RUA LANDELINO CAMARA,154,"",NA RUA E/F A DELEGACIA,RUA LANDELINO CAMARA,154,NA RUA E/F A DELEGACIA,IPSEP,,"",COLISÃO,COLISAO ENTRE AUTO E MOTO S/V,1,1,,,,,,,,0,,"","","","","","","","","","","","",""
10422,2019-11-19T00:00:00,16:28:00,SEM VÍTIMA,FINALIZADA,BAIRRO DO RECIFE,AV MARQUES DE OLINDA,"",RUA DONA MARIA CESAR,"",AV MARQUES DE OLINDA,"","",BAIRRO DO RECIFE,,SUBURBIO,ABALROAMENTO LONGITUDINAL,COLISÃO SEM VITIMA,2,,,,,,,,,0,,Cruzamento,Bom,Não existe,Perfeito estado,Seca,Perfeito estado,"","","","","","",""
10423,2019-11-19T00:00:00,16:29:00,SEM VÍTIMA,FINALIZADA,BOA VISTA,RUA AURORA,"",PTE DUARTE COELHO,SOB O SEMÁFORO 162,RUA AURORA,"",SOB O SEMÁFORO 162,BOA VISTA,162,CIDADE,ABALROAMENTO LONGITUDINAL,ONIBUS X AUTO PASSEIO S/V,1,,,,,,,,1,0,,"",Bom,Sem defeito,Perfeito estado,Seca,Perfeito estado,Agente,"","",Única,Faixa seccionada,"",""
10424,2019-11-19T00:00:00,17:38:00,SEM VÍTIMA,FINALIZADA,ILHA DO RETIRO,AV ENGENHEIRO ABDIAS DE CARVALHO,"","",EM FRENTE AO POSTO IPIRANGA /EXTRA,AV ENGENHEIRO ABDIAS DE CARVALHO,"",EM FRENTE AO POSTO IPIRANGA /EXTRA,ILHA DO RETIRO,,SUBURBIO,ABALROAMENTO TRANSVERSAL,COLISÃO SEM VITIMA,2,,,,,,,,,0,,Longo da via,Bom,Sem defeito,Perfeito estado,Seca,Perfeito estado,Outros,Outras,60 km/h,Dupla,Canteiro central,"",""
10425,2019-11-19T00:00:00,18:07:00,COM VÍTIMA,FINALIZADA,AFOGADOS,RUA DA PAZ,"",RUA NICOLAU PEREIRA,BANCO BRADESCO,RUA DA PAZ,"",BANCO BRADESCO,AFOGADOS,73,SUBURBIO,ABALROAMENTO LONGITUDINAL,COLISAO SEM VITIMAS,1,,,,,1,,,,,,Longo da via,Bom,Sem defeito,Perfeito estado,Seca,Perfeito estado,"","","",Única,"","",""
10426,2019-11-19T00:00:00,18:31:00,SEM VÍTIMA,FINALIZADA,CASA AMARELA,AV NORTE,6472,"",IDEAL FARMA,AV NORTE,6472,IDEAL FARMA,CASA AMARELA,,SUBURBIO,COLISÃO TRASEIRA,ONIBUS X SIENA X FIAT ARGO,2,,,,,1,,,,0,,Longo da via,Bom,Não existe,Perfeito estado,Seca,Perfeito estado,Não existe,Outras,60 km/h,Dupla,Canteiro central,"",""
10427,2019-11-19T00:00:00,19:16:00,SEM VÍTIMA,CANCELADA,SÃO JOSÉ,PRC DAS CINCO PONTAS,"","",E/F AO TRE,PRC DAS CINCO PONTAS,"",E/F AO TRE,SÃO JOSÉ,,BOA VIAGEM,COLISÃO,COLISAO SEM VITIMAS,1,,,,,1,,,,0,,"","","","","","","","","","","","",""
10428,2019-11-19T00:00:00,20:03:00,SEM VÍTIMA,CANCELADA,VÁRZEA,AV AFONSO OLINDENSE,5671,RUA RODRIGUES FERREIRA,ENF AO EDF PARQUE CAXANGA,AV AFONSO OLINDENSE,5671,ENF AO EDF PARQUE CAXANGA,VÁRZEA,,"",COLISÃO,UNO X ONIX,2,,,,,,,,,0,,"","","","","","","","","","","","",""
10429,2019-11-19T00:00:00,21:47:00,COM VÍTIMA,FINALIZADA,TORRÕES,AV ENGENHEIRO ABDIAS DE CARVALHO,617,"",E/F A DLP,AV ENGENHEIRO ABDIAS DE CARVALHO,617,E/F A DLP,TORRÕES,,CIDADE,COLISÃO COM CICLISTA,COM VITIMAS,1,,,1,,,,,,1,,Longo da via,Bom,Não existe,Perfeito estado,Seca,Mal iluminada,Não existe,"","",Dupla,Faixa seccionada,Canteiro central,""
10430,2019-11-20T00:00:00,06:25:00,SEM VÍTIMA,FINALIZADA,IBURA,AV DOIS RIOS,"",RUA PINTOR AGENOR DE ALBUQUERQUE CESAR,SOB O SEMÁFORO,AV DOIS RIOS,"",SOB O SEMÁFORO,IBURA,561,SUBURBIO,ABALROAMENTO TRANSVERSAL,SEM VITIMAS,1,,,,,1,,,,0,,Longo da via,Bom,Sem defeito,Perfeito estado,Seca,Perfeito estado,Agente,Não há placas,40 km/h,Dupla,Faixa contínua,"",""
10431,2019-11-20T00:00:00,07:06:00,SEM VÍTIMA,FINALIZADA,"",RUA BENFICA,"",RUA EUCLIDES DA CUNHA,EM FRENTE AO CLUBE INTERNACIONAL DO RECIFE,RUA BENFICA,"",EM FRENTE AO CLUBE INTERNACIONAL DO RECIFE,"",515,SUBURBIO,ABALROAMENTO TRANSVERSAL,GM SADRACK PONTO FIXO DOIS AUTOS,2,,,,,,,,,0,,Cruzamento,Bom,Sem defeito,Perfeito estado,Seca,Perfeito estado,"",Outras,"",Única,Faixa seccionada,"",""
10432,2019-11-20T00:00:00,07:40:00,COM VÍTIMA,FINALIZADA,ARRUDA,AV BEBERIBE,896,"",AO LADO DA CORRETORA UNIAO. LOJÃO DO PETRÓLEO,AV BEBERIBE,896,AO LADO DA CORRETORA UNIAO. LOJÃO DO PETRÓLEO,ARRUDA,,CIDADE,ABALROAMENTO LONGITUDINAL,MOTO E AUTO,1,1,,,,,,,,1,,Longo da via,Bom,Não existe,Perfeito estado,Seca,Perfeito estado,Não existe,Não há placas,60 km/h,Dupla,Faixa seccionada,"",""
10433,2019-11-20T00:00:00,07:47:00,SEM VÍTIMA,FINALIZADA,CAXANGÁ,AV CAXANGA,"","",EM FRENTE AO GOLF CLUBE,AV CAXANGA,"",EM FRENTE AO GOLF CLUBE,CAXANGÁ,,CIDADE,COLISÃO,COLISÃO SEM VITIMAS,1,,,,,,1,,,0,,"","","","","","","","","","","","",""
10434,2019-11-20T00:00:00,07:56:00,SEM VÍTIMA,FINALIZADA,BOA VIAGEM,RUA VISCONDE DE JEQUITINHONHA,316,RUA ERNESTO DE PAULA SANTOS,MERCADINHO SOBERANO,RUA VISCONDE DE JEQUITINHONHA,316,MERCADINHO SOBERANO,BOA VIAGEM,304,CIDADE,ABALROAMENTO LONGITUDINAL,ONIBUS E AUTO,1,,,,,1,,,,0,,Cruzamento,Bom,Sem defeito,Perfeito estado,Seca,Perfeito estado,"",Outras,"",Única,"","",""
10435,2019-11-20T00:00:00,08:24:00,SEM VÍTIMA,CANCELADA,ILHA DO LEITE,RUA FRANCISCO ALVES,352,"",EM FRENTE A CLINICA MULT MED,RUA FRANCISCO ALVES,352,EM FRENTE A CLINICA MULT MED,ILHA DO LEITE,,"",COLISÃO,COLISÃO SEM VITIMAS,2,,,,,,,,,0,,"","","","","","","","","","","","",""
10436,2019-11-20T00:00:00,09:03:00,SEM VÍTIMA,CANCELADA,VASCO DA GAMA,RUA ALTO DO EUCALIPTO,128,"",APOS O SUPERMERCADO RENDE MAIS A PRIMEIRA A DIREITA,RUA ALTO DO EUCALIPTO,128,APOS O SUPERMERCADO RENDE MAIS A PRIMEIRA A DIREITA,VASCO DA GAMA,,"",COLISÃO,DOIS AUTOS,2,,,,,,,,,0,,"","","","","","","","","","","","",""
10437,2019-11-20T00:00:00,09:43:00,SEM VÍTIMA,FINALIZADA,BOA VISTA,RUA JOAO FERNANDES VIEIRA,405,"",EDF. OSCAR PEREIRA,RUA JOAO FERNANDES VIEIRA,405,EDF. OSCAR PEREIRA,BOA VISTA,,CIDADE,ABALROAMENTO LONGITUDINAL,AUTO E MOTO,1,1,,,,,,,,0,,Longo da via,Bom,Não existe,Perfeito estado,Seca,Perfeito estado,Faixa de pedestre,Outras,"",Única,Faixa seccionada,"",""
10438,2019-11-20T00:00:00,10:07:00,SEM VÍTIMA,FINALIZADA,IMBIRIBEIRA,AV MARECHAL MASCARENHAS DE MORAES,4631,RUA CAPITAO JOAO PONTES,"",AV MARECHAL MASCARENHAS DE MORAES,4631,"",IMBIRIBEIRA,471,CIDADE,COLISÃO TRASEIRA,DOIS AUTOS,2,,,,,,,,,0,,Longo da via,Bom,Sem defeito,Perfeito estado,Seca,Perfeito estado,Faixa de pedestre,Não há placas,"",Dupla,Blocos,"",""
10439,2019-11-20T00:00:00,10:11:00,COM VÍTIMA,FINALIZADA,GRAÇAS,RUA ALBERTO PAIVA,1105,"",EM FRENTE A TOYOLEX. POR TRAZ DA PEDRAGON,RUA ALBERTO PAIVA,1105,EM FRENTE A TOYOLEX. POR TRAZ DA PEDRAGON,GRAÇAS,,SUBURBIO,COLISÃO COM CICLISTA,"COM UMA VITIMA AGUARDANDO SAMU,LOCAL DESCARACTERIZADO",1,,,1,,,,,,1,,Longo da via,Bom,Não existe,Perfeito estado,Seca,Perfeito estado,"","","",Única,"","",""
10440,2019-11-20T00:00:00,10:38:00,COM VÍTIMA,FINALIZADA,CASA AMARELA,EST DO ARRAIAL,3585,"",EM FRENTE AO EDIFICIO BARÃO DE VERA CRUZ . CONJUNTO ARRIAL,EST DO ARRAIAL,3585,EM FRENTE AO EDIFICIO BARÃO DE VERA CRUZ . CONJUNTO ARRIAL,CASA AMARELA,,SUBURBIO,ABALROAMENTO LONGITUDINAL,COLISÃO COM VITIMA,1,1,,,,,,,,1,,Longo da via,Bom,Não existe,Perfeito estado,Seca,Perfeito estado,Não existe,R-6a,40 km/h,Única,Faixa seccionada,"",""
10441,2019-11-20T00:00:00,10:57:00,SEM VÍTIMA,FINALIZADA,IPUTINGA,AV LUIZ DE LACERDA,69,"","",AV LUIZ DE LACERDA,69,"",IPUTINGA,,SUBURBIO,ABALROAMENTO LONGITUDINAL,SEM VITIMAS,2,,,,,,,,,0,,Longo da via,Bom,Não existe,"",Seca,Perfeito estado,Não existe,"","",Única,Faixa seccionada,"",""
10442,2019-11-20T00:00:00,10:57:00,SEM VÍTIMA,FINALIZADA,IPUTINGA,RUA EMILIANO BRAGA,510,RUA PROFESSOR CHAVES BATISTA,ESQUINA COM O CONDOMÍNIO ED. PRAÇA DEOLINDO MOURA,RUA EMILIANO BRAGA,510,ESQUINA COM O CONDOMÍNIO ED. PRAÇA DEOLINDO MOURA,IPUTINGA,,"",ABALROAMENTO LONGITUDINAL,COLISÃO SEM VITIMAS,1,,,,,1,,,,0,,Cruzamento,Bom,Não existe,Perfeito estado,Seca,Perfeito estado,Faixa de pedestre,Placas Pare,30 km/h,Única,Faixa seccionada,"",""
10443,2019-11-20T00:00:00,11:02:00,SEM VÍTIMA,CANCELADA,DERBY,RUA JORNALISTA PAULO BITTENCOURT,"","",AO LADO DO HOSPITAL DA RESTAURAÇÃO,RUA JORNALISTA PAULO BITTENCOURT,"",AO LADO DO HOSPITAL DA RESTAURAÇÃO,DERBY,,BOA VIAGEM,COLISÃO,COLISÃO SEM VITIMAS,2,,,,,,,,,0,,"","","","","","","","","","","","",""
10444,2019-11-20T00:00:00,11:05:00,SEM VÍTIMA,FINALIZADA,IMBIRIBEIRA,RUA JOAQUIM BANDEIRA,149,RUA ITAJUBA,"",RUA JOAQUIM BANDEIRA,149,"",IMBIRIBEIRA,,CIDADE,ABALROAMENTO LONGITUDINAL,SEM VITIMAS,1,,,,,,1,,,0,,Longo da via,Bom,Não existe,Incompleta,Seca,Perfeito estado,Não existe,Não há placas,40 km/h,Única,Faixa seccionada,"",""
10445,2019-11-20T00:00:00,11:27:00,SEM VÍTIMA,FINALIZADA,SANTO AMARO,AV CRUZ CABUGA,"","",PRAÇA GENERAL CARLOS PINTO,AV CRUZ CABUGA,"",PRAÇA GENERAL CARLOS PINTO,SANTO AMARO,202,CIDADE,COLISÃO TRASEIRA,DOIS AUTOS,2,,,,,,,,,0,,Longo da via,Bom,Sem defeito,Perfeito estado,Seca,Perfeito estado,Agente,Não há placas,60 km/h,Dupla,Faixa contínua,"",""
10446,2019-11-20T00:00:00,11:54:00,SEM VÍTIMA,FINALIZADA,MADALENA,RUA REVERENDO SAMUEL FALCAO,174,"","",RUA REVERENDO SAMUEL FALCAO,174,"",MADALENA,,CIDADE,CHOQUE VEÍCULO PARADO,COLISÃO SEM VITIMAS,1,,,,,,,,,0,,Longo da via,Bom,Não existe,Perfeito estado,Seca,Perfeito estado,"","","",Única,"","",""
10447,2019-11-20T00:00:00,11:52:00,SEM VÍTIMA,FINALIZADA,SANTO AMARO,AV NORTE,245,"",EM FRENTE AO QUARTEL DO EXÉRCITO 7º RM,AV NORTE,245,EM FRENTE AO QUARTEL DO EXÉRCITO 7º RM,SANTO AMARO,587,CIDADE,COLISÃO,SEM VITIMAS/CTTU NO LOCAL,1,1,,,,,,,,0,,Longo da via,Bom,Sem defeito,Perfeito estado,Seca,Perfeito estado,Agente,"",60 km/h,Dupla,Faixa seccionada,"",""
10448,2019-11-20T00:00:00,12:14:00,COM VÍTIMA,FINALIZADA,VASCO DA GAMA,RUA VASCO DA GAMA,399,"",EM FRENTE A ESCOLA PROF. ADERBAU GALVÃO,RUA VASCO DA GAMA,399,EM FRENTE A ESCOLA PROF. ADERBAU GALVÃO,VASCO DA GAMA,,CIDADE,ATROPELAMENTO,"AUTO E PEDESTRE( CRIANÇA), SAMU JA NO LOCAL",1,,,,1,,,,,1,,Longo da via,Bom,Não existe,Perfeito estado,Seca,Perfeito estado,Outros,Outras,"",Dupla,Não existe,"",""
10449,2019-11-20T00:00:00,12:19:00,SEM VÍTIMA,CANCELADA,ÁGUA FRIA,AV BEBERIBE,2037,"",E/F A BOTICÁRIO,AV BEBERIBE,2037,E/F A BOTICÁRIO,ÁGUA FRIA,405,"",COLISÃO,COLISÃO S/VITIMAS ENTRE DOIS AUTOS,2,,,,,,,,,0,,"","","","","","","","","","","","",""
10450,2019-11-20T00:00:00,12:28:00,SEM VÍTIMA,FINALIZADA,IMBIRIBEIRA,AV MARECHAL MASCARENHAS DE MORAES,2931,"","",AV MARECHAL MASCARENHAS DE MORAES,2931,"",IMBIRIBEIRA,631,CIDADE,COLISÃO TRASEIRA,COLISÃO S/VITIMAS ENTRE DOIS AUTOS,2,,,,,,,,,0,,Longo da via,Bom,Sem defeito,Perfeito estado,Seca,Perfeito estado,"",Não há placas,60 km/h,Dupla,Canteiro central,"",""
10451,2019-11-20T00:00:00,12:32:00,SEM VÍTIMA,FINALIZADA,BOA VIAGEM,RUA PROFESSOR JOAO MEDEIROS,233,"",EM FRENTE AO POSTO DE COMBUSTÍVEL IPIRANGA,RUA PROFESSOR JOAO MEDEIROS,233,EM FRENTE AO POSTO DE COMBUSTÍVEL IPIRANGA,BOA VIAGEM,183,CIDADE,COLISÃO TRASEIRA,COLISÃO SEM VITIMAS,3,,,,,,,,,0,,Longo da via,Bom,Sem defeito,Perfeito estado,Seca,Perfeito estado,Faixa de pedestre,Outras,40 km/h,Única,Faixa contínua,Faixa seccionada,""
10452,2019-11-20T00:00:00,12:35:00,COM VÍTIMA,FINALIZADA,TORRE,AV BEIRA RIO,51,"",ANTES DA PONTE DA TORRE... EM AO EDIF. EQUIPAGEM,AV BEIRA RIO,51,ANTES DA PONTE DA TORRE... EM AO EDIF. EQUIPAGEM,TORRE,,"",ABALROAMENTO LONGITUDINAL,"COM VITIMA, AGUARDANDO O SAMU NO LOCAL",1,1,,,,,,,,1,,Longo da via,Bom,Não existe,Perfeito estado,Seca,Perfeito estado,Não existe,Não há placas,"",Dupla,"","",""
10453,2019-11-20T00:00:00,12:41:00,SEM VÍTIMA,FINALIZADA,SANTO ANTÔNIO,AV MARTINS DE BARROS,"",PTE BUARQUE DE MACEDO,PRAÇA DA REPÚBLICA,AV MARTINS DE BARROS,"",PRAÇA DA REPÚBLICA,SANTO ANTÔNIO,164,"",ABALROAMENTO LONGITUDINAL,COLISÃO S/ VITIMA,1,,,,,1,,,,0,,Cruzamento,Bom,Sem defeito,Perfeito estado,Seca,Perfeito estado,Faixa de pedestre,R-6a,40 km/h,Única,Faixa contínua,"",""
10454,2019-11-20T00:00:00,13:14:00,SEM VÍTIMA,CANCELADA,ESTÂNCIA,AV DR JOSE RUFINO,"","",PROX: IGREJA SANTA LUZIA/ SE ENCONTRAM A BAIXO DO VIADUTO,AV DR JOSE RUFINO,"",PROX: IGREJA SANTA LUZIA/ SE ENCONTRAM A BAIXO DO VIADUTO,ESTÂNCIA,,"",COLISÃO,COLISÃO S/ VITIMA,,,,,,2,,,,0,,"","","","","","","","","","","","",""
10455,2019-11-20T00:00:00,13:16:00,SEM VÍTIMA,FINALIZADA,MADALENA,RUA DEMOSTENES DE OLINDA,"","",POSTO BRASIL,RUA DEMOSTENES DE OLINDA,"",POSTO BRASIL,MADALENA,,CIDADE,ABALROAMENTO TRANSVERSAL,COLISÃO S/VITIMAS ENTRE DOIS AUTOS,2,,,,,,,,,0,,Longo da via,Bom,Não existe,Não existente,Seca,Perfeito estado,Não existe,Não há placas,"",Única,"","",""
10456,2019-11-20T00:00:00,13:41:00,SEM VÍTIMA,FINALIZADA,DERBY,RUA FELICIANO GOMES,"",RUA DA BAIXA VERDE,AO LADO DO BORIS BERENSTEIN,RUA FELICIANO GOMES,"",AO LADO DO BORIS BERENSTEIN,DERBY,,"",ABALROAMENTO LONGITUDINAL,COLISÃO S/ VITIMA,2,,,,,,,,,0,,Cruzamento,Bom,Não existe,Perfeito estado,Seca,Perfeito estado,Faixa de pedestre,Placas Pare,"",Dupla,Faixa seccionada,"",""
10457,2019-11-20T00:00:00,13:50:00,COM VÍTIMA,FINALIZADA,DERBY,PRC DO DERBY,85,"",AO LADO DO ESTACIONAMENTO DO BRADESCO,PRC DO DERBY,85,AO LADO DO ESTACIONAMENTO DO BRADESCO,DERBY,,SUBURBIO,ATROPELAMENTO,ATROPELAMENTO,1,,,,1,,,,,1,,Longo da via,Bom,Não existe,Perfeito estado,Seca,Perfeito estado,Não existe,"","",Dupla,"",Faixa seccionada,""
10458,2019-11-20T00:00:00,13:56:00,SEM VÍTIMA,CANCELADA,JAQUEIRA,AV CONS ROSA E SILVA,"",RUA SIMAO MENDES,NO SEMAFORO 253,AV CONS ROSA E SILVA,"",NO SEMAFORO 253,JAQUEIRA,,"",COLISÃO,COLISAO ENTRE AUTO E MOTO S/V,1,1,,,,,,,,0,,"","","","","","","","","","","","",""
10459,2019-11-20T00:00:00,14:40:00,COM VÍTIMA,FINALIZADA,BOA VIAGEM,AV CONSELHEIRO AGUIAR,"",RUA CORONEL BENEDITO CHAVES,"ANTES DO BANCO ITAÚ, EM FRENTE AO PONTO DO AÇAI",AV CONSELHEIRO AGUIAR,"","ANTES DO BANCO ITAÚ, EM FRENTE AO PONTO DO AÇAI",BOA VIAGEM,114,CIDADE,COLISÃO TRASEIRA,COLISÃO COM VITIMA,1,1,,,,,,,,1,,Cruzamento,Bom,Sem defeito,Perfeito estado,Seca,Perfeito estado,Faixa de pedestre,R-6a,"",Única,Faixa contínua,"",""
10460,2019-11-20T00:00:00,15:09:00,SEM VÍTIMA,FINALIZADA,ROSARINHO,RUA GENERAL ABREU E LIMA,65,"","",RUA GENERAL ABREU E LIMA,65,"",ROSARINHO,,SUBURBIO,ABALROAMENTO LONGITUDINAL,COLISAO ENTRE DOIS AUTOS S/V,2,,,,,,,,,0,,Longo da via,Bom,Não existe,Perfeito estado,Seca,Perfeito estado,Não existe,R-6a,40 km/h,Dupla,Não existe,"",""
10461,2019-11-20T00:00:00,15:39:00,SEM VÍTIMA,FINALIZADA,"",RUA WALDEMAR NERY CARNEIRO MONTEIRO,415,RUA CRUZEIRO DO FORTE,EDIFÍCIO SANTA ONOFRIA,RUA WALDEMAR NERY CARNEIRO MONTEIRO,415,EDIFÍCIO SANTA ONOFRIA,"",,SUBURBIO,ABALROAMENTO TRANSVERSAL,COLISÃO S/VITIMAS ENTRE UM ONIBUS E UM AUTO,1,,,,,1,,,,0,,"",Bom,Não existe,Perfeito estado,Seca,Perfeito estado,Faixa de retenção,Placas Dê a preferência,"",Dupla,Faixa seccionada,"",""
10462,2019-11-20T00:00:00,17:43:00,SEM VÍTIMA,FINALIZADA,BAIRRO DO RECIFE,CAIS DO APOLO,"","",E/F AO TRIBUNAL REGIONAL FEDERAL,CAIS DO APOLO,"",E/F AO TRIBUNAL REGIONAL FEDERAL,BAIRRO DO RECIFE,453,CIDADE,COLISÃO TRASEIRA,COLISÃO S/VITIMAS ENTRE TRÊS AUTOS,3,,,,,,,,,0,,Longo da via,Bom,Sem defeito,Ilegível,Seca,Perfeito estado,Faixa de pedestre,R-6a,"","","","",""
10463,2019-11-20T00:00:00,18:21:00,SEM VÍTIMA,FINALIZADA,ESPINHEIRO,AV GOVERNADOR AGAMENON MAGALHAES,3158,"",EM FRENTE A MEDICAL,AV GOVERNADOR AGAMENON MAGALHAES,3158,EM FRENTE A MEDICAL,ESPINHEIRO,,"",ABALROAMENTO LONGITUDINAL,ENTRE DOIS AUTOS S/V,2,,,,,,,,,0,,Longo da via,Bom,Sem defeito,Perfeito estado,Seca,Perfeito estado,Não existe,Não há placas,60 km/h,Dupla,Faixa seccionada,"",""
10464,2019-11-20T00:00:00,18:42:00,SEM VÍTIMA,CANCELADA,SAN MARTIN,RUA JOSE VELOSO,"",RUA APULCRO DE ASSUNCAO,E/F A PRC DA CAVALARIA/ PROX A CAVALARIA,RUA JOSE VELOSO,"",E/F A PRC DA CAVALARIA/ PROX A CAVALARIA,SAN MARTIN,,"",COLISÃO,ENTRE DUAS MOTOS S/V,,2,,,,,,,,0,,"","","","","","","","","","","","",""
10465,2019-11-20T00:00:00,19:15:00,SEM VÍTIMA,FINALIZADA,DERBY,RUA DOM BOSCO,"","",EM FRENTE AO COLÉGIO AMERICANO BATISTA,RUA DOM BOSCO,"",EM FRENTE AO COLÉGIO AMERICANO BATISTA,DERBY,174,SUBURBIO,ABALROAMENTO LONGITUDINAL,COLISAO SEM VITIMAS,1,,,,,1,,,,0,,Cruzamento,Bom,Sem defeito,Perfeito estado,Seca,Perfeito estado,"",Outras,40 km/h,Única,Outros,"",""
10466,2019-11-20T00:00:00,19:45:00,SEM VÍTIMA,FINALIZADA,AFOGADOS,RUA COSME VIANA,139,"",OFICINA CENTRAL DA CAMBAGEM,RUA COSME VIANA,139,OFICINA CENTRAL DA CAMBAGEM,AFOGADOS,,SUBURBIO,ABALROAMENTO LONGITUDINAL,COLISAO SEM VITIMAS,,,,,,1,,,1,0,,Longo da via,Bom,Não existe,Perfeito estado,Seca,Perfeito estado,Não existe,Outras,"",Única,Faixa seccionada,"",""
10467,2019-11-20T00:00:00,19:57:00,COM VÍTIMA,FINALIZADA,TAMARINEIRA,RUA CONEGO BARATA,"","",E/F A FERREIRA COSTA,RUA CONEGO BARATA,"",E/F A FERREIRA COSTA,TAMARINEIRA,,SUBURBIO,ABALROAMENTO LONGITUDINAL,AUTO PASSEIO X MOTO COM VÍTIMA,1,1,,,,,,,,1,,Longo da via,Bom,Não existe,Não existente,Seca,Perfeito estado,Não existe,Não há placas,"",Única,Faixa seccionada,"",""
10468,2019-11-20T00:00:00,20:22:00,SEM VÍTIMA,CANCELADA,BOA VIAGEM,RUA VISCONDE DE JEQUITINHONHA,2690,"",E/F AO EDF ILHA MAJOARA,RUA VISCONDE DE JEQUITINHONHA,2690,E/F AO EDF ILHA MAJOARA,BOA VIAGEM,,"",COLISÃO,ENTRE DOIS AUTOS S/V,2,,,,,,,,,0,,"","","","","","","","","","","","",""
10469,2019-11-20T00:00:00,21:05:00,SEM VÍTIMA,FINALIZADA,TORRÕES,AV INACIO MONTEIRO,751,"",EM FRENTE AO NUNES BOX,AV INACIO MONTEIRO,751,EM FRENTE AO NUNES BOX,TORRÕES,,SUBURBIO,CHOQUE OBJETO FIXO,VEICULO ESTACIONADO SOBRE CICLO FAIXA/ VEICULO TAMBEM DESTRUIO PARTE DA REDE ELETRICA DA VIA,,,,,,,,,1,0,,Longo da via,Bom,Não existe,Perfeito estado,Seca,Perfeito estado,Não existe,Não há placas,30 km/h,Dupla,Faixa contínua,"",""
10470,2019-11-20T00:00:00,21:47:00,COM VÍTIMA,CANCELADA,CASA AMARELA,RUA DONA ANA XAVIER,"",EST DO ARRAIAL,E/F AO MERCADO PUBLICO DE CASA AMARELA,RUA DONA ANA XAVIER,"",E/F AO MERCADO PUBLICO DE CASA AMARELA,CASA AMARELA,,"",COLISÃO,ENTRE DUAS MOTOS COM VÍTIMA,,2,,,,,,,,1,,"","","","","","","","","","","","",""
10471,2019-11-20T00:00:00,22:09:00,SEM VÍTIMA,CANCELADA,DERBY,RUA DR SEVERINO PINHEIRO,"","",E/F AO QUARTEL DO DERBY,RUA DR SEVERINO PINHEIRO,"",E/F AO QUARTEL DO DERBY,DERBY,,"",COLISÃO,ENTRE AUTO PASSEIO X CAMINHÃO S/V,1,,,,,,1,,,0,,"","","","","","","","","","","","",""
10472,2019-11-20T00:00:00,22:19:00,COM VÍTIMA,FINALIZADA,ILHA DO RETIRO,RUA PROFESSOR BENEDITO MONTEIRO,"","",JURANDI PIRES,RUA PROFESSOR BENEDITO MONTEIRO,"",JURANDI PIRES,ILHA DO RETIRO,,SUBURBIO,COLISÃO TRASEIRA,COLISAO COM VITIMAS,1,1,,,,,,,,1,,Longo da via,Bom,Não existe,Incompleta,Seca,"",Não existe,R-6a,"",Única,Faixa contínua,"",""