_id,DATA,hora,natureza_acidente,situacao,bairro,endereco,numero,detalhe_endereco_acidente,complemento,endereco_cruzamento,numero_cruzamento,referencia_cruzamento,bairro_cruzamento,num_semaforo,sentido_via,tipo,descricao,auto,moto,ciclom,ciclista,pedestre,onibus,caminhao,viatura,outros,vitimas,vitimasfatais,acidente_verificado,tempo_clima,situacao_semaforo,sinalizacao,condicao_via,conservacao_via,ponto_controle,situacao_placa,velocidade_max_via,mao_direcao,divisao_via1,divisao_via2,divisao_via3
10473,2019-11-20T00:00:00,23:56:00,SEM VÍTIMA,CANCELADA,PARNAMIRIM,RUA JOAO TUDE DE MELO,"","",EM FRENTE AO SHOPPING PARNAMIRIM,RUA JOAO TUDE DE MELO,"",EM FRENTE AO SHOPPING PARNAMIRIM,PARNAMIRIM,,"",COLISÃO,COLISAO ENTRE AUTO/ONIBUS S/V,1,,,,,1,,,,0,,"","","","","","","","","","","","",""
10474,2019-11-21T00:00:00,01:41:00,SEM VÍTIMA,FINALIZADA,BOA VIAGEM,RUA VISCONDE DE JEQUITINHONHA,2522,"","",RUA VISCONDE DE JEQUITINHONHA,2522,"",BOA VIAGEM,,SUBURBIO,COLISÃO TRASEIRA,COLISÃO ENTRE DOIS AUTOS E UM CAMINHÃO DE COLETA DE LIXO S/V,2,,,,,,1,,,0,,Longo da via,Bom,Não existe,Perfeito estado,Seca,Perfeito estado,Não existe,Outras,"",Dupla,Canteiro central,"",""
10475,2019-11-21T00:00:00,06:36:00,SEM VÍTIMA,FINALIZADA,CASA AMARELA,AV NORTE,"","",EM FRENTE AO POSTE B 040340,AV NORTE,"",EM FRENTE AO POSTE B 040340,CASA AMARELA,,CIDADE,COLISÃO TRASEIRA,COLISÃO SEM VITIMAS,1,,,,,1,,,,0,,Longo da via,Bom,Não existe,Perfeito estado,Seca,Perfeito estado,Não existe,Outras,"",Única,Faixa seccionada,"",""
10476,2019-11-21T00:00:00,06:44:00,SEM VÍTIMA,CANCELADA,AFOGADOS,EST DO BONGI,"",EST DOS REMEDIOS,EM FRENTE AO POSTO BR,EST DO BONGI,"",EM FRENTE AO POSTO BR,AFOGADOS,394,"",COLISÃO,SEM VITIMAS,2,,,,,,,,,0,,"","","","","","","","","","","","",""
10477,2019-11-21T00:00:00,06:47:00,SEM VÍTIMA,FINALIZADA,SANTO AMARO,AV GOVERNADOR AGAMENON MAGALHAES,3351,"",SOB O VIADUTO DA AVENIDA NORTE SENTIDO BOA VIAGEM,AV GOVERNADOR AGAMENON MAGALHAES,3351,SOB O VIADUTO DA AVENIDA NORTE SENTIDO BOA VIAGEM,SANTO AMARO,,"",COLISÃO TRASEIRA,COLISÃO S/VITIMAS ENTRE QUARTRO AUTOS,4,,,,,,,,,0,,Longo da via,Bom,Sem defeito,Perfeito estado,Seca,Perfeito estado,Não existe,Outras,60 km/h,Dupla,Canteiro central,"",""
10478,2019-11-21T00:00:00,07:00:00,SEM VÍTIMA,FINALIZADA,VÁRZEA,AV AFONSO OLINDENSE,"","",AO LADO DA PRAÇA DA VÁRZEA,AV AFONSO OLINDENSE,"",AO LADO DA PRAÇA DA VÁRZEA,VÁRZEA,,CIDADE,ABALROAMENTO LONGITUDINAL,COLISÃO S/VITIMAS ENTRE UM AUTO E UM MICROONIBUS,1,,,,,1,,,,0,,Longo da via,Bom,Não existe,Perfeito estado,Seca,Perfeito estado,"",Outras,"",Única,"","",""
10479,2019-11-21T00:00:00,07:09:00,SEM VÍTIMA,FINALIZADA,IMBIRIBEIRA,AV MARECHAL MASCARENHAS DE MORAES,2135,AV MARECHAL MASCARENHAS DE MORAES,EM FRENTE AO POSTIO IPIRANGA,AV MARECHAL MASCARENHAS DE MORAES,2135,EM FRENTE AO POSTIO IPIRANGA,IMBIRIBEIRA,225,CIDADE,ABALROAMENTO LONGITUDINAL,CAMINHAO E AUTOS,1,,,,,,1,,,0,,Longo da via,Bom,Sem defeito,Perfeito estado,Seca,Perfeito estado,Agente,Não há placas,40 km/h,Única,Faixa contínua,"",""
10480,2019-11-21T00:00:00,07:20:00,SEM VÍTIMA,FINALIZADA,DOIS IRMÃOS,RUA DOIS IRMAOS,"","",EM FRENTE AO MOTEL SENZALA,RUA DOIS IRMAOS,"",EM FRENTE AO MOTEL SENZALA,DOIS IRMÃOS,,"",ABALROAMENTO LONGITUDINAL,"",2,,,,,,,,,0,,Longo da via,Bom,Não existe,Perfeito estado,Seca,Perfeito estado,Não existe,"","",Dupla,Faixa contínua,"",""
10481,2019-11-21T00:00:00,08:08:00,SEM VÍTIMA,FINALIZADA,CORDEIRO,EST DO FORTE DO ARRAIAL N. DO B. JESUS,"",RUA AUREO XAVIER,RESTAURANTE E CHURRASCARIA PESCADOR,EST DO FORTE DO ARRAIAL N. DO B. JESUS,"",RESTAURANTE E CHURRASCARIA PESCADOR,CORDEIRO,,"",ABALROAMENTO LONGITUDINAL,DUAS MOTOS ,,2,,,,,,,,0,,Longo da via,Bom,Não existe,"",Seca,Perfeito estado,"","","",Dupla,"","",""
10482,2019-11-21T00:00:00,08:17:00,SEM VÍTIMA,FINALIZADA,MADALENA,RUA BENFICA,715,"",PRÓXIMO AO SEMÁFORO 515,RUA BENFICA,715,PRÓXIMO AO SEMÁFORO 515,MADALENA,,CIDADE,ABALROAMENTO LONGITUDINAL,ONIBUS E AUTO,1,,,,,1,,,,0,,Longo da via,Bom,Não existe,Perfeito estado,Seca,Perfeito estado,Não existe,Não há placas,"",Única,Faixa contínua,"",""
10483,2019-11-21T00:00:00,08:36:00,SEM VÍTIMA,FINALIZADA,BOA VIAGEM,RUA DOM JOSE LOPES,"",RUA DR GASPAR REGUEIRA COSTA,RESTAURANTE TOCA DO BODE,RUA DOM JOSE LOPES,"",RESTAURANTE TOCA DO BODE,BOA VIAGEM,,SUBURBIO,ABALROAMENTO LONGITUDINAL,COLISÃO SEM VITIMAS,2,,,,,,,,,0,,Cruzamento,Bom,Não existe,Perfeito estado,Seca,Perfeito estado,Faixa de retenção,Placas Pare,30 km/h,Única,Não existe,"",""
10484,2019-11-21T00:00:00,08:40:00,SEM VÍTIMA,DUPLICIDADE,CORDEIRO,EST DO FORTE DO ARRAIAL N. DO B. JESUS,"","",EM FRENTE AO RESTAURANTE O PESCADOR,EST DO FORTE DO ARRAIAL N. DO B. JESUS,"",EM FRENTE AO RESTAURANTE O PESCADOR,CORDEIRO,,"",COLISÃO,SEM VITIMAS,,2,,,,,,,,0,,"","","","","","","","","","","","",""
10485,2019-11-21T00:00:00,08:53:00,SEM VÍTIMA,FINALIZADA,ESPINHEIRO,RUA CONS PORTELA,559,RUA QUARENTA E OITO,AO LADO DA FARMACIA PAGUE MENOS,RUA CONS PORTELA,559,AO LADO DA FARMACIA PAGUE MENOS,ESPINHEIRO,11,CIDADE,COLISÃO TRASEIRA,DOIS AUTOS ,2,,,,,,,,,0,,Cruzamento,Bom,Sem defeito,Perfeito estado,Seca,Perfeito estado,Agente,Não há placas,40 km/h,Única,Faixa seccionada,"",""
10486,2019-11-21T00:00:00,09:21:00,SEM VÍTIMA,FINALIZADA,CASA AMARELA,AV PEDRO ALLAIN,"","",A FIGUEIRAS CALÇADOS,AV PEDRO ALLAIN,"",A FIGUEIRAS CALÇADOS,CASA AMARELA,,CIDADE,ABALROAMENTO LONGITUDINAL,COLISÃO S/VITIMAS ENTRE DOIS AUTOS,2,,,,,,,,,0,,Longo da via,Bom,"",Perfeito estado,Seca,Perfeito estado,Faixa de pedestre,"","",Dupla,Faixa contínua,Faixa seccionada,""
10487,2019-11-21T00:00:00,09:27:00,SEM VÍTIMA,FINALIZADA,SANTO AMARO,AV JOAO DE BARROS,"","",E/F AO POSTO DE GASOLINA SHELL,AV JOAO DE BARROS,"",E/F AO POSTO DE GASOLINA SHELL,SANTO AMARO,656,"",COLISÃO,COLISÃO S/VITIMAS ENTRE UM AUTO E UM ONIBUS,1,,,,,1,,,,0,,"","","","","","","","","","","","",""
10488,2019-11-21T00:00:00,09:46:00,COM VÍTIMA,FINALIZADA,IPSEP,AV PRESIDENTE DUTRA,600,RUA GONCALVES DE MAGALHAES,E/F AO POSTO PETROBRAS (SENT. BR 101),AV PRESIDENTE DUTRA,600,E/F AO POSTO PETROBRAS (SENT. BR 101),IPSEP,393,BR 101,COLISÃO TRASEIRA,COLISÃO C/VITIMA ENTRE UM ATUO E UMA MOTO,1,1,,,,,,,,1,,Longo da via,Bom,Não existe,Perfeito estado,Seca,Perfeito estado,Não existe,Não há placas,60 km/h,Dupla,Canteiro central,"",""
10489,2019-11-21T00:00:00,09:49:00,COM VÍTIMA,FINALIZADA,MADALENA,RUA BENFICA,107,RUA SENADOR FABIO DE BARROS,EM FRENTE AO SUPERMERCADO EXTRA,RUA BENFICA,107,EM FRENTE AO SUPERMERCADO EXTRA,MADALENA,,SUBURBIO,ABALROAMENTO TRANSVERSAL,COLISÃO COM VITIMAS A ESPERA DO SAMU,1,1,,,,,,,,1,,Esquina,Bom,Não existe,Perfeito estado,Seca,Perfeito estado,"",Não há placas,"",Dupla,Faixa,"",""
10490,2019-11-21T00:00:00,10:02:00,SEM VÍTIMA,FINALIZADA,MADALENA,AV BEIRA MAR,"",RUA JANUARIO BARBOSA,"",AV BEIRA MAR,"","",MADALENA,,SUBURBIO,ABALROAMENTO LONGITUDINAL,"",2,,,,,,,,,0,,Longo da via,Bom,Não existe,Incompleta,Seca,Perfeito estado,Não existe,R-6a,"",Dupla,Faixa seccionada,"",""
10491,2019-11-21T00:00:00,10:29:00,SEM VÍTIMA,FINALIZADA,ÁGUA FRIA,RUA ALEGRE,"","",MAGO MOTOS,RUA ALEGRE,"",MAGO MOTOS,ÁGUA FRIA,,"",ABALROAMENTO TRANSVERSAL,COLISÃO S/VITIMAS ENTRE DUAS MOTOS,,2,,,,,,,,0,,Longo da via,Bom,Não existe,Incompleta,Seca,Perfeito estado,Não existe,Outras,30 km/h,Única,Não existe,"",""
10492,2019-11-21T00:00:00,10:36:00,SEM VÍTIMA,CANCELADA,GRAÇAS,RUA JOAO RAMOS,220,RUA DONA ANUNCIADA,E/F AO EDF. VILA DE PÁDUA,RUA JOAO RAMOS,220,E/F AO EDF. VILA DE PÁDUA,GRAÇAS,,"",COLISÃO,COLISÃO S/VITIMAS ENTRE DOIS AUTOS,2,,,,,,,,,0,,"","","","","","","","","","","","",""
10493,2019-11-21T00:00:00,10:37:00,SEM VÍTIMA,CANCELADA,IMBIRIBEIRA,AV MARECHAL MASCARENHAS DE MORAES,2183,"",EM FRENTE AO BANCO DO BRASIL / SENT CIDADE,AV MARECHAL MASCARENHAS DE MORAES,2183,EM FRENTE AO BANCO DO BRASIL / SENT CIDADE,IMBIRIBEIRA,,CIDADE,COLISÃO,DOIS AUTOS,2,,,,,,,,,0,,"","","","","","","","","","","","",""
10494,2019-11-21T00:00:00,11:27:00,SEM VÍTIMA,FINALIZADA,PINA,AV ANTONIO DE GOES,"","",EM FRENTE A ARENA DBV,AV ANTONIO DE GOES,"",EM FRENTE A ARENA DBV,PINA,538,CIDADE,COLISÃO TRASEIRA,COLISÃO S/VITIMAS ENTRE DOIS AUTOS,2,,,,,,,,,0,,Longo da via,Bom,Sem defeito,Perfeito estado,Seca,Perfeito estado,Agente,Outras,60 km/h,Única,Faixa contínua,Faixa seccionada,""
10495,2019-11-21T00:00:00,12:15:00,SEM VÍTIMA,FINALIZADA,SANTO AMARO,AV NORTE,"","",SOB O SEMÁFORO 097,AV NORTE,"",SOB O SEMÁFORO 097,SANTO AMARO,97,CIDADE,ABALROAMENTO LONGITUDINAL,COLISÃO S/ VITIMA,,,,,,,,,,0,,Longo da via,Bom,Sem defeito,Perfeito estado,Seca,Perfeito estado,Faixa de pedestre,Não há placas,40 km/h,Dupla,Canteiro central,"",""
10496,2019-11-21T00:00:00,13:25:00,SEM VÍTIMA,CANCELADA,BOA VIAGEM,AV DES JOSE NEVES,7,"",LADO CONTRARIO DO ATACADÃO,AV DES JOSE NEVES,7,LADO CONTRARIO DO ATACADÃO,BOA VIAGEM,,CIDADE,COLISÃO,COLISÃO S/ VITIMA TRES AUTOS,3,,,,,,,,,0,,"","","","","","","","","","","","",""
10497,2019-11-21T00:00:00,13:35:00,SEM VÍTIMA,CANCELADA,DERBY,RUA JENER DE SOUZA,"","",E/F AO QUARTEL DO DERBY PROX A PARADA DO BRT,RUA JENER DE SOUZA,"",E/F AO QUARTEL DO DERBY PROX A PARADA DO BRT,DERBY,,"",COLISÃO,COLISAO ENTRE MOTO E AUTOS S/V,1,1,,,,,,,,0,,"","","","","","","","","","","","",""
10498,2019-11-21T00:00:00,14:12:00,SEM VÍTIMA,FINALIZADA,IMBIRIBEIRA,RUA ZEFERINO PINHO,"","","",RUA ZEFERINO PINHO,"","",IMBIRIBEIRA,,"",CHOQUE OBJETO FIXO,CAMINHAO CEGONHA CHOCOU COM UM POSTE,,,,,,,1,,,0,,Longo da via,Bom,Não existe,Perfeito estado,Seca,Perfeito estado,"",Não há placas,30 km/h,Dupla,Não existe,"",""
10499,2019-11-21T00:00:00,14:17:00,COM VÍTIMA,FINALIZADA,BREJO DA GUABIRABA,AV VEREADOR OTACILIO AZEVEDO,3018,"",EM FRENTE A TORNADO MOTOS,AV VEREADOR OTACILIO AZEVEDO,3018,EM FRENTE A TORNADO MOTOS,BREJO DA GUABIRABA,,SUBURBIO,ATROPELAMENTO,OCORRÊNCIA GERADA PELA VT QUE SE DEPAROU COM O FATO,,1,,,1,,,,,1,,Longo da via,Bom,Não existe,Não existente,Seca,Perfeito estado,Não existe,Não há placas,"",Dupla,Não existe,"",""
10500,2019-11-21T00:00:00,14:36:00,SEM VÍTIMA,FINALIZADA,IMBIRIBEIRA,AV MARECHAL MASCARENHAS DE MORAES,4657,"",EM FRENTE A IMBIRIBEIRA DIESEL,AV MARECHAL MASCARENHAS DE MORAES,4657,EM FRENTE A IMBIRIBEIRA DIESEL,IMBIRIBEIRA,,SUBURBIO,ABALROAMENTO LONGITUDINAL,COLISÃO S/ VITIMA,1,,,,,1,,,,0,,Longo da via,Bom,Não existe,Perfeito estado,Seca,Perfeito estado,Não existe,R-6a,"",Dupla,Faixa contínua,Faixa seccionada,""
10501,2019-11-21T00:00:00,14:54:00,SEM VÍTIMA,FINALIZADA,IPUTINGA,AV CAXANGA,"",RUA PROFESSOR ANTONIO COELHO,CHURRASCARIA BRAZZETTUS,AV CAXANGA,"",CHURRASCARIA BRAZZETTUS,IPUTINGA,,"",COLISÃO TRASEIRA,COLISÃO S/VITIMA ENTRE TRES VEICULOS. VT 21 NO LOCAL,3,,,,,,,,,0,,"",Bom,Não existe,Perfeito estado,Seca,Perfeito estado,Faixa de pedestre,R-6a,"",Dupla,Canteiro central,"",""
10502,2019-11-21T00:00:00,14:56:00,SEM VÍTIMA,FINALIZADA,TORRE,PRC PROFESSOR BARRETO CAMPELLO,"","",E/F A IGREJA DA TORRE,PRC PROFESSOR BARRETO CAMPELLO,"",E/F A IGREJA DA TORRE,TORRE,,"",COLISÃO,COLISAO ENTRE DOIS AUTOS S/V,2,,,,,,,,,0,,"","","","","","","","","","","","",""
10503,2019-11-21T00:00:00,15:35:00,SEM VÍTIMA,FINALIZADA,BOA VIAGEM,AV CONSELHEIRO AGUIAR,1998,"",EM FRENTE A LOJA CIOCCOLATTE GELATERIA,AV CONSELHEIRO AGUIAR,1998,EM FRENTE A LOJA CIOCCOLATTE GELATERIA,BOA VIAGEM,,CIDADE,ABALROAMENTO LONGITUDINAL,COLISÃO S/ VITIMA,2,,,,,,,,,0,,Longo da via,Bom,Não existe,Perfeito estado,Seca,Perfeito estado,Não existe,Outras,60 km/h,Única,Faixa seccionada,"",""
10504,2019-11-21T00:00:00,16:05:00,SEM VÍTIMA,FINALIZADA,ILHA DO LEITE,RUA JOSE DE ALENCAR,15,RUA JORNALISTA EDMUNDO BITENCOURT,"",RUA JOSE DE ALENCAR,15,"",ILHA DO LEITE,,SUBURBIO,ABALROAMENTO TRANSVERSAL,COLISAO ENTRE DOIS AUTOS S/V,2,,,,,,,,,0,,Cruzamento,Bom,Não existe,Ilegível,Seca,Mal iluminada,Não existe,Placas Pare,"",Dupla,Não existe,"",""
10505,2019-11-21T00:00:00,16:08:00,SEM VÍTIMA,FINALIZADA,PRADO,AV ENGENHEIRO ABDIAS DE CARVALHO,365,"",EM FRENTE AO POSTO IPIRANGA,AV ENGENHEIRO ABDIAS DE CARVALHO,365,EM FRENTE AO POSTO IPIRANGA,PRADO,,SUBURBIO,COLISÃO TRASEIRA,COLISÃO S/ VITIMA.,2,,,,,,,,,0,,Longo da via,Bom,Não existe,Perfeito estado,Seca,Perfeito estado,Não existe,Outras,"",Dupla,Faixa contínua,Faixa seccionada,Canteiro central
10506,2019-11-21T00:00:00,16:41:00,COM VÍTIMA,FINALIZADA,IPSEP,RUA BLUMENAU,"","",E/F A ODONTOCLIN,RUA BLUMENAU,"",E/F A ODONTOCLIN,IPSEP,111,SUBURBIO,ABALROAMENTO TRANSVERSAL,MOTO X AUTO PASSEIO COM VÍTIMA,1,1,,,,,,,,1,,Cruzamento,Bom,Sem defeito,Perfeito estado,Seca,Perfeito estado,Não existe,Não há placas,40 km/h,"",Não existe,"",""
10507,2019-11-21T00:00:00,17:56:00,SEM VÍTIMA,CANCELADA,DERBY,AV GOVERNADOR AGAMENON MAGALHAES,"","",NA SUBIDA DO VIADUTO JOANA BEZERRA S/T BOA VIAGEM,AV GOVERNADOR AGAMENON MAGALHAES,"",NA SUBIDA DO VIADUTO JOANA BEZERRA S/T BOA VIAGEM,DERBY,,"",COLISÃO,COLISAO ENTRE ONIBUS E AUTOS S/V,1,,,,,1,,,,0,,"","","","","","","","","","","","",""
10508,2019-11-21T00:00:00,18:12:00,SEM VÍTIMA,FINALIZADA,"",RUA DOM BOSCO,"","",CRUZAMENTO COM AV GOV AGAMENON MAGALHÃES SOB SEMÁFORO 174,RUA DOM BOSCO,"",CRUZAMENTO COM AV GOV AGAMENON MAGALHÃES SOB SEMÁFORO 174,"",174,SUBURBIO,ABALROAMENTO LONGITUDINAL,BMW X FOX,2,,,,,,,,,0,,Cruzamento,Bom,Sem defeito,Perfeito estado,Seca,Perfeito estado,"",Não há placas,60 km/h,Única,Não existe,"",""
10509,2019-11-21T00:00:00,18:23:00,SEM VÍTIMA,CANCELADA,PRADO,AV ENGENHEIRO ABDIAS DE CARVALHO,"","",E/F A HABIB´S,AV ENGENHEIRO ABDIAS DE CARVALHO,"",E/F A HABIB´S,PRADO,,SUBURBIO,COLISÃO,ONIBUS X AUTO PASSEIO S/V,1,,,,,1,,,,0,,"","","","","","","","","","","","",""
10510,2019-11-21T00:00:00,19:44:00,SEM VÍTIMA,FINALIZADA,APIPUCOS,RUA CAETES,600,"",CRECHE NOSSA SENHORA DAS DORES,RUA CAETES,600,CRECHE NOSSA SENHORA DAS DORES,APIPUCOS,,SUBURBIO,ABALROAMENTO LONGITUDINAL,VT DA PM X AUTO,2,,,,,,,,,0,,Longo da via,Bom,Não existe,Não existente,Seca,Mal iluminada,Não existe,Não há placas,"",Dupla,Não existe,"",""
10511,2019-11-21T00:00:00,19:58:00,SEM VÍTIMA,FINALIZADA,BOA VISTA,RUA JOSE DE ALENCAR,"",RUA BARAO DE SAO BORJA,"",RUA JOSE DE ALENCAR,"","",BOA VISTA,,CIDADE,ABALROAMENTO LONGITUDINAL,FOX X CITROEN,2,,,,,,,,,0,,Cruzamento,Bom,Não existe,Perfeito estado,Seca,Perfeito estado,Não existe,Placas Pare,"",Única,Não existe,"",""
10512,2019-11-21T00:00:00,19:59:00,SEM VÍTIMA,CANCELADA,BOA VIAGEM,RUA CAPITAO ZUZINHA,"",RUA SA E SOUZA,"",RUA CAPITAO ZUZINHA,"","",BOA VIAGEM,420,"",COLISÃO,ENTRE DOIS AUTOS S/V,2,,,,,,,,,0,,"","","","","","","","","","","","",""
10513,2019-11-21T00:00:00,20:02:00,SEM VÍTIMA,FINALIZADA,IBURA,"","","",ESQUINA RIO TAPADO C/ RIO XINGU/ ALÇA DE DESCIDA DA BR,"","",ESQUINA RIO TAPADO C/ RIO XINGU/ ALÇA DE DESCIDA DA BR,IBURA,,"",COLISÃO TRASEIRA,ENTRE DOIS AUTOS S/V,2,,,,,,,,,0,,Longo da via,Bom,Não existe,Incompleta,Seca,Mal iluminada,Não existe,Não há placas,"",Única,Não existe,"",""
10514,2019-11-21T00:00:00,21:44:00,SEM VÍTIMA,FINALIZADA,MANGABEIRA,AV NORTE,"","",EM FRENTE AO SESC,AV NORTE,"",EM FRENTE AO SESC,MANGABEIRA,,"",ABALROAMENTO LONGITUDINAL,"FORD KA X CLIO OBS: SEGUNDO MOTORISTA, OS VEICULOS ESTA SEM CONDIÇOES DE SAIR DO LOCAL",2,,,,,,,,,0,,Cruzamento,Bom,Sem defeito,Ilegível,Seca,Mal iluminada,Não existe,Não há placas,"",Dupla,Canteiro central,"",""
10515,2019-11-21T00:00:00,22:11:00,COM VÍTIMA,FINALIZADA,BOMBA DO HEMETÉRIO,RUA BOMBA DO HEMETERIO,138,RUA DAS CRIANCAS,PROX AO GIGANTE DO SAMBA,RUA BOMBA DO HEMETERIO,138,PROX AO GIGANTE DO SAMBA,BOMBA DO HEMETÉRIO,,SUBURBIO,ABALROAMENTO TRANSVERSAL,JAC X MOTO,1,1,,,,,,,,1,,Cruzamento,Bom,Não existe,Ilegível,Seca,Mal conservada,Não existe,R-6a,"",Dupla,Faixa seccionada,"",""
10516,2019-11-21T00:00:00,22:20:00,COM VÍTIMA,FINALIZADA,SANTO AMARO,AV DR JAYME DA FONTE,88,AV CRUZ CABUGA,SENTIDO AGAMENON,AV DR JAYME DA FONTE,88,SENTIDO AGAMENON,SANTO AMARO,,SUBURBIO,ATROPELAMENTO,PRISMA X PEDESTRE,1,,,,1,,,,,1,,Longo da via,Bom,Não existe,Perfeito estado,Seca,Perfeito estado,Não existe,Não há placas,"",Dupla,Canteiro central,"",""
10517,2019-11-21T00:00:00,22:32:00,SEM VÍTIMA,FINALIZADA,TAMARINEIRA,EST VELHA DE AGUA FRIA,858,"",DNOCS,EST VELHA DE AGUA FRIA,858,DNOCS,TAMARINEIRA,,SUBURBIO,COLISÃO TRASEIRA,3 AUTOS X OBS: VEICULO VOYAGE CAPOTOU,3,,,,,,,,,0,,Longo da via,Bom,Não existe,Perfeito estado,Seca,Perfeito estado,Não existe,Não há placas,"",Dupla,Faixa contínua,"",""
10518,2019-11-22T00:00:00,04:33:00,COM VÍTIMA,FINALIZADA,SÃO JOSÉ,RUA IMPERIAL,476,TRV DO GUSMAO,DEPOIS DO POSTO BR/DEPOIS DA SEDE DO GALO,RUA IMPERIAL,476,DEPOIS DO POSTO BR/DEPOIS DA SEDE DO GALO,SÃO JOSÉ,,SUBURBIO,CHOQUE OBJETO FIXO,"CHOQUE ENTRE ONIBUS / POSTE , VITIMAS JA SOCORRIDAS",,,,,,1,,,,3,,Longo da via,Bom,Não existe,Perfeito estado,Seca,Perfeito estado,"",R-6a,40 km/h,Única,"","",""
10519,2019-11-22T00:00:00,06:39:00,SEM VÍTIMA,FINALIZADA,APIPUCOS,RUA CORONEL JOAO BATISTA DO REGO BARROS,195,"",AO LADO DO PARQUE DA MACAXEIRA,RUA CORONEL JOAO BATISTA DO REGO BARROS,195,AO LADO DO PARQUE DA MACAXEIRA,APIPUCOS,,SUBURBIO,COLISÃO FRONTAL,COLISÃO S/VITIMAS ENTRE UM ONIBUS E UM AUTO,1,,,,,1,,,,0,,Longo da via,Bom,Não existe,Perfeito estado,Seca,Perfeito estado,Não existe,Não há placas,"",Dupla,Não existe,"",""
10520,2019-11-22T00:00:00,06:48:00,COM VÍTIMA,FINALIZADA,IMBIRIBEIRA,AV MARECHAL MASCARENHAS DE MORAES,5089,"","EM FRENTE AO PALACIO DOS RADIADORES, APÓS O VIADUTO DO AEROPORTO.",AV MARECHAL MASCARENHAS DE MORAES,5089,"EM FRENTE AO PALACIO DOS RADIADORES, APÓS O VIADUTO DO AEROPORTO.",IMBIRIBEIRA,,CIDADE,COLISÃO TRASEIRA,DOIS AUTOS.,2,,,,,,,,,4,,Longo da via,Bom,Não existe,Perfeito estado,Seca,Perfeito estado,Não existe,R-6a,60 km/h,Única,Faixa seccionada,"",""
10521,2019-11-22T00:00:00,07:10:00,SEM VÍTIMA,FINALIZADA,SANTO ANTÔNIO,RUA DO SOL,"","",APOS O TEATRO SANTA ISABEL AO LADO DOS CORREIOS,RUA DO SOL,"",APOS O TEATRO SANTA ISABEL AO LADO DOS CORREIOS,SANTO ANTÔNIO,,"",COLISÃO,COLISÃO SEM VITIMAS,2,,,,,,,,,0,,"","","","","","","","","","","","",""
10522,2019-11-22T00:00:00,07:20:00,SEM VÍTIMA,FINALIZADA,CORDEIRO,RUA ODETE MONTEIRO,350,RUA JOAQUIM ALHEIROS,"",RUA ODETE MONTEIRO,350,"",CORDEIRO,,CIDADE,COLISÃO TRASEIRA,COLISÃO S/VITIMAS ENTRE TRÊS AUTOS,3,,,,,,,,,0,,Longo da via,Bom,Sem defeito,Não existente,Seca,Perfeito estado,Não existe,Não há placas,"",Dupla,Não existe,"",""
10523,2019-11-22T00:00:00,07:23:00,SEM VÍTIMA,FINALIZADA,SÃO JOSÉ,RUA PRIMEIRO DE MARCO,"",AV DANTAS BARRETO,AO LADO DA PRAÇA DO DIÁRIO,RUA PRIMEIRO DE MARCO,"",AO LADO DA PRAÇA DO DIÁRIO,SÃO JOSÉ,15,"",ABALROAMENTO LONGITUDINAL,OMIBUS E MOTO,,1,,,,1,,,,0,,Cruzamento,Bom,Sem defeito,Perfeito estado,Seca,Perfeito estado,Faixa de pedestre,Outras,"",Única,Faixa seccionada,"",""
10524,2019-11-22T00:00:00,07:30:00,SEM VÍTIMA,FINALIZADA,PINA,RUA TOME GIBSON,146,"",EDIFÍCIO ADÁ MELO,RUA TOME GIBSON,146,EDIFÍCIO ADÁ MELO,PINA,,CIDADE,CHOQUE VEÍCULO PARADO,"",2,,,,,,,,,0,,Longo da via,Bom,Não existe,Perfeito estado,Seca,Perfeito estado,Não existe,Não há placas,30 km/h,Dupla,Não existe,"",""
10525,2019-11-22T00:00:00,07:36:00,SEM VÍTIMA,FINALIZADA,BARRO,AV DR JOSE RUFINO,2993,"",EM FRENTE A ESCOLA ESTADUAL ALBERTO TORRES,AV DR JOSE RUFINO,2993,EM FRENTE A ESCOLA ESTADUAL ALBERTO TORRES,BARRO,156,CIDADE,ABALROAMENTO LONGITUDINAL,COLISÃO S/VITIMAS ENTRE DOIS AUTOS,2,,,,,,,,,0,,Longo da via,Bom,Sem defeito,Perfeito estado,Seca,Perfeito estado,Faixa de pedestre,Não há placas,40 km/h,Dupla,Faixa contínua,"",""
10526,2019-11-22T00:00:00,07:49:00,SEM VÍTIMA,FINALIZADA,BOA VIAGEM,AV BOA VIAGEM,6306,"","",AV BOA VIAGEM,6306,"",BOA VIAGEM,149,CIDADE,COLISÃO TRASEIRA,QUATRO VEICULOS,4,,,,,,,,,0,,Longo da via,Bom,Sem defeito,Perfeito estado,Seca,Perfeito estado,Faixa de pedestre,Não há placas,"",Única,Faixa seccionada,"",""
10527,2019-11-22T00:00:00,08:08:00,SEM VÍTIMA,FINALIZADA,ILHA DO LEITE,AV GOVERNADOR AGAMENON MAGALHAES,4775,RUA DR JOAO ASFORA,EMPRESARIAL THOMAS EDISON,AV GOVERNADOR AGAMENON MAGALHAES,4775,EMPRESARIAL THOMAS EDISON,ILHA DO LEITE,,CIDADE,ABALROAMENTO LONGITUDINAL,COLISÃO S/VITIMAS ENTRE DOIS AUTOS,2,,,,,,,,,0,,Longo da via,Bom,Sem defeito,Perfeito estado,Seca,Perfeito estado,Faixa de pedestre,"",60 km/h,Dupla,Canal,"",""