_id,DATA,hora,natureza_acidente,situacao,bairro,endereco,numero,detalhe_endereco_acidente,complemento,endereco_cruzamento,numero_cruzamento,referencia_cruzamento,bairro_cruzamento,num_semaforo,sentido_via,tipo,descricao,auto,moto,ciclom,ciclista,pedestre,onibus,caminhao,viatura,outros,vitimas,vitimasfatais,acidente_verificado,tempo_clima,situacao_semaforo,sinalizacao,condicao_via,conservacao_via,ponto_controle,situacao_placa,velocidade_max_via,mao_direcao,divisao_via1,divisao_via2,divisao_via3
10528,2019-11-22T00:00:00,08:26:00,SEM VÍTIMA,FINALIZADA,IPSEP,RUA BLUMENAU,303,"",CRUZAMENTO COM RUA IRAPUÃ,RUA BLUMENAU,303,CRUZAMENTO COM RUA IRAPUÃ,IPSEP,,CIDADE,ABALROAMENTO LONGITUDINAL,MOTO E AUTO,1,1,,,,,,,,0,,Cruzamento,Bom,Não existe,Perfeito estado,Seca,Perfeito estado,Não existe,Placas Pare,"",Única,Não existe,"",""
10529,2019-11-22T00:00:00,08:29:00,SEM VÍTIMA,FINALIZADA,IMBIRIBEIRA,AV MARECHAL MASCARENHAS DE MORAES,4455,"",FARMÁCIA PHARMAPELE,AV MARECHAL MASCARENHAS DE MORAES,4455,FARMÁCIA PHARMAPELE,IMBIRIBEIRA,,CIDADE,CHOQUE VEÍCULO PARADO,COLISÃO SEM VITIMAS,2,,,,,,,,,0,,Longo da via,Bom,Não existe,Perfeito estado,Seca,Perfeito estado,Não existe,Não há placas,60 km/h,Dupla,Canteiro central,"",""
10530,2019-11-22T00:00:00,09:16:00,SEM VÍTIMA,FINALIZADA,JARDIM SÃO PAULO,AV RECIFE,5425,"",EM FRENTE AO HOTEL ESTORIL,AV RECIFE,5425,EM FRENTE AO HOTEL ESTORIL,JARDIM SÃO PAULO,,CIDADE,ABALROAMENTO LONGITUDINAL,DOIS AUTOS,2,,,,,,,,,0,,Longo da via,Bom,Não existe,Perfeito estado,Seca,Perfeito estado,Não existe,R-6a,"",Dupla,Canteiro central,"",""
10531,2019-11-22T00:00:00,09:19:00,SEM VÍTIMA,FINALIZADA,BOA VIAGEM,RUA DOS NAVEGANTES,"",RUA BRUNO VELOSO,PRÓXIMO AO INTERNACIONAL PALACE HOTEL,RUA DOS NAVEGANTES,"",PRÓXIMO AO INTERNACIONAL PALACE HOTEL,BOA VIAGEM,,"",ABALROAMENTO LONGITUDINAL,COLISÃO SEM VITIMAS,2,,,,,,,,,0,,Cruzamento,Bom,Sem defeito,Perfeito estado,Seca,Perfeito estado,Faixa de pedestre,Não há placas,"",Única,"","",""
10532,2019-11-22T00:00:00,09:20:00,COM VÍTIMA,FINALIZADA,MADALENA,RUA JOSE OSORIO,568,"",EM FRENTE A MURAIS MULTIMARCAS.,RUA JOSE OSORIO,568,EM FRENTE A MURAIS MULTIMARCAS.,MADALENA,,SUBURBIO,COLISÃO COM CICLISTA,AUTO E BICICLETA.,1,,,1,,,,,,1,,Longo da via,Bom,Não existe,Perfeito estado,Seca,Perfeito estado,Não existe,Não há placas,40 km/h,Dupla,Faixa contínua,Faixa seccionada,""
10533,2019-11-22T00:00:00,10:20:00,COM VÍTIMA,FINALIZADA,BOA VIAGEM,RUA VISCONDE DE JEQUITINHONHA,82,RUA DR VICENTE GOMES,AO LADO DA LOCALIZA,RUA VISCONDE DE JEQUITINHONHA,82,AO LADO DA LOCALIZA,BOA VIAGEM,433,SUBURBIO,ATROPELAMENTO,PEDESTRE E ONIBUS,,,,,1,1,,,,1,,Longo da via,Bom,Sem defeito,Perfeito estado,Seca,Perfeito estado,Agente,Não há placas,"",Única,Faixa seccionada,"",""
10534,2019-11-22T00:00:00,10:20:00,SEM VÍTIMA,FINALIZADA,PARNAMIRIM,AV DEZESSETE DE AGOSTO,675,"",EM FRENTE AO BANCO ITAÚ,AV DEZESSETE DE AGOSTO,675,EM FRENTE AO BANCO ITAÚ,PARNAMIRIM,,CIDADE,ABALROAMENTO LONGITUDINAL,DOIS AUTOS,2,,,,,,,,,0,,Longo da via,Bom,Não existe,Perfeito estado,Seca,Perfeito estado,Não existe,Não há placas,"",Dupla,Faixa contínua,"",""
10535,2019-11-22T00:00:00,10:28:00,SEM VÍTIMA,FINALIZADA,TAMARINEIRA,EST VELHA DE AGUA FRIA,554,"",APÓS O Nº 554,EST VELHA DE AGUA FRIA,554,APÓS O Nº 554,TAMARINEIRA,,SUBURBIO,ABALROAMENTO TRANSVERSAL,MOTO E AUTO,1,1,,,,,,,,0,,Longo da via,Bom,Não existe,Perfeito estado,Seca,Perfeito estado,Não existe,R-6a,60 km/h,Dupla,Faixa seccionada,"",""
10536,2019-11-22T00:00:00,10:29:00,SEM VÍTIMA,CANCELADA,CASA AMARELA,RUA CROMINIA,50,"",E/F AO RESIDENCIAL NILO COLEHO,RUA CROMINIA,50,E/F AO RESIDENCIAL NILO COLEHO,CASA AMARELA,,"",COLISÃO,COLISÃO S/VITIMAS ENTRE UMA MOTO E UM AUTO,1,1,,,,,,,,0,,"","","","","","","","","","","","",""
10537,2019-11-22T00:00:00,10:59:00,COM VÍTIMA,FINALIZADA,IPSEP,AV RECIFE,2677,"",E/F AO RESTAURANTE ATLANTICO (SENT. BR 101),AV RECIFE,2677,E/F AO RESTAURANTE ATLANTICO (SENT. BR 101),IPSEP,,CIDADE,COLISÃO TRASEIRA,COLISÃO C/VITIMA ENTRE UMA MOTO E UM AUTO,1,1,,,,,,,,1,,Longo da via,Bom,Não existe,Perfeito estado,Seca,Perfeito estado,Não existe,Não há placas,"",Dupla,Faixa seccionada,"",""
10538,2019-11-22T00:00:00,11:21:00,SEM VÍTIMA,FINALIZADA,BOA VISTA,AV CONDE DA BOA VISTA,1317,"",PRÓXIMO AO POSTO DE COMBUSTÍVEL BR,AV CONDE DA BOA VISTA,1317,PRÓXIMO AO POSTO DE COMBUSTÍVEL BR,BOA VISTA,299,SUBURBIO,COLISÃO TRASEIRA,COLISÃO SEM VITIMAS,1,,,,,1,,,,0,,Longo da via,Bom,Sem defeito,Perfeito estado,Seca,Perfeito estado,"",Não há placas,"",Dupla,"","",""
10539,2019-11-22T00:00:00,11:24:00,SEM VÍTIMA,FINALIZADA,CORDEIRO,EST DO FORTE DO ARRAIAL N. DO B. JESUS,"",RUA GOMES TABORDA,"",EST DO FORTE DO ARRAIAL N. DO B. JESUS,"","",CORDEIRO,249,"",COLISÃO TRASEIRA,DOIS AUTOS,2,,,,,,,,,0,,Cruzamento,Bom,Sem defeito,"",Seca,Perfeito estado,Faixa de pedestre,R-6c,40 km/h,Dupla,Faixa contínua,"",""
10540,2019-11-22T00:00:00,11:30:00,COM VÍTIMA,CANCELADA,CAXANGÁ,AV CAXANGA,"","",EM FRENTE A JEEP,AV CAXANGA,"",EM FRENTE A JEEP,CAXANGÁ,,CIDADE,COLISÃO,"",,,,,,,,,,1,,"","","","","","","","","","","","",""
10541,2019-11-22T00:00:00,11:44:00,SEM VÍTIMA,FINALIZADA,IBURA,RUA CASSIANO LEITE,204,RUA DERMEVAL LOBAO,POSTO MÉDICO ALTO DA BELA VISTA,RUA CASSIANO LEITE,204,POSTO MÉDICO ALTO DA BELA VISTA,IBURA,,"",CHOQUE VEÍCULO PARADO,CAMINHÃO E AUTO,,,,,,1,1,,,0,,Cruzamento,Bom,Não existe,Incompleta,Seca,Perfeito estado,Não existe,Não há placas,30 km/h,Dupla,Não existe,"",""
10542,2019-11-22T00:00:00,11:52:00,COM VÍTIMA,CANCELADA,CASA AMARELA,RUA BELA VISTA,212,"",RESIDENCIA EM FRENTE AO EDIFICIO PAULO FERREIRA,RUA BELA VISTA,212,RESIDENCIA EM FRENTE AO EDIFICIO PAULO FERREIRA,CASA AMARELA,,"",COLISÃO,COLISÃO COM VITIMA A ESPERA DO SAMU,1,1,,,,,,,,1,,"","","","","","","","","","","","",""
10543,2019-11-22T00:00:00,12:27:00,COM VÍTIMA,FINALIZADA,MACAXEIRA,AV NORTE,7750,RUA TIJUCAL,EM FRENTE AO MEGA ÓLEO,AV NORTE,7750,EM FRENTE AO MEGA ÓLEO,MACAXEIRA,451,SUBURBIO,ABALROAMENTO TRANSVERSAL,AUTO E CAMINHÃO,1,,,,,,1,,,2,,Cruzamento,Bom,Sem defeito,Perfeito estado,Seca,Perfeito estado,Não existe,Outras,"",Dupla,Canteiro central,"",""
10544,2019-11-22T00:00:00,13:12:00,COM VÍTIMA,FINALIZADA,BOA VISTA,AV MANOEL BORBA,738,"",EM FRENTE AO EDIFICIO VILA LOBOS,AV MANOEL BORBA,738,EM FRENTE AO EDIFICIO VILA LOBOS,BOA VISTA,,"",COLISÃO TRASEIRA,COLISÃO COM VITIMA. ENTRE AUTO E MOTO,1,1,,,,,,,,1,,Longo da via,Bom,Não existe,Perfeito estado,Seca,Perfeito estado,Não existe,R-6a,40 km/h,Única,Não existe,"",""
10545,2019-11-22T00:00:00,13:38:00,SEM VÍTIMA,FINALIZADA,IMBIRIBEIRA,AV MARECHAL MASCARENHAS DE MORAES,417,"",FLOR E ARTE,AV MARECHAL MASCARENHAS DE MORAES,417,FLOR E ARTE,IMBIRIBEIRA,316,CIDADE,COLISÃO TRASEIRA,COLISAO ENTRE DOIS AUTOS S/V,2,,,,,,,,,0,,Longo da via,Bom,Sem defeito,Perfeito estado,Seca,Perfeito estado,Faixa de retenção,Não há placas,60 km/h,Dupla,Canteiro central,"",""
10546,2019-11-22T00:00:00,13:46:00,SEM VÍTIMA,FINALIZADA,AFOGADOS,RUA SANTOS ARAUJO,"","",AO LADO DA FAREC,RUA SANTOS ARAUJO,"",AO LADO DA FAREC,AFOGADOS,333,"",COLISÃO TRASEIRA,COLISÃOS/VITIMA,3,,,,,,,,,0,,Longo da via,Bom,Sem defeito,Perfeito estado,Seca,Perfeito estado,Não existe,Outras,"",Única,Faixa seccionada,"",""
10547,2019-11-22T00:00:00,13:57:00,SEM VÍTIMA,FINALIZADA,BOA VIAGEM,AV ENGENHEIRO DOMINGOS FERREIRA,2222,"",HIPER PADARIA AZUL MAR,AV ENGENHEIRO DOMINGOS FERREIRA,2222,HIPER PADARIA AZUL MAR,BOA VIAGEM,,SUBURBIO,COLISÃO TRASEIRA,COLISÃO SEM VITIMA,1,,,,,1,,,,0,,Longo da via,Bom,Não existe,Perfeito estado,Seca,Perfeito estado,Não existe,Não há placas,"",Dupla,Canteiro central,"",""
10548,2019-11-22T00:00:00,14:03:00,COM VÍTIMA,FINALIZADA,ROSARINHO,AV NORTE,3015,"",APOS A PADARIA ROSARINHO S/T CID,AV NORTE,3015,APOS A PADARIA ROSARINHO S/T CID,ROSARINHO,,CIDADE,ABALROAMENTO LONGITUDINAL,AUTO E MOTO,1,1,,,,,,,,1,,Longo da via,Bom,Sem defeito,Perfeito estado,Seca,Perfeito estado,Outros,Outras,"",Dupla,Canteiro central,"",""
10549,2019-11-22T00:00:00,14:12:00,SEM VÍTIMA,FINALIZADA,BAIRRO DO RECIFE,TRV DO AMORIM,80,"",ESTACIONAMENTO PAÇO ALFÂNDEGA,TRV DO AMORIM,80,ESTACIONAMENTO PAÇO ALFÂNDEGA,BAIRRO DO RECIFE,,"",ABALROAMENTO LONGITUDINAL,COLISÃO S/ VITIMA,3,,,,,,,,,0,,Longo da via,Bom,Não existe,Perfeito estado,Seca,Perfeito estado,Não existe,R-6a,"",Dupla,Não existe,"",""
10550,2019-11-22T00:00:00,14:18:00,COM VÍTIMA,FINALIZADA,CAMPO GRANDE,EST DE BELEM,564,RUA LARGA DO FEITOZA,EM FRENTE A ACADEMIA HI,EST DE BELEM,564,EM FRENTE A ACADEMIA HI,CAMPO GRANDE,,SUBURBIO,COLISÃO FRONTAL,AUTO E MOTO,1,1,,,,,,,,1,,Cruzamento,Bom,Não existe,Perfeito estado,Seca,Perfeito estado,Não existe,Não há placas,60 km/h,Dupla,Faixa seccionada,"",""
10551,2019-11-22T00:00:00,14:35:00,SEM VÍTIMA,FINALIZADA,SANTO AMARO,AV CRUZ CABUGA,"","",MERCADO DE SANTO AMARO,AV CRUZ CABUGA,"",MERCADO DE SANTO AMARO,SANTO AMARO,455,CIDADE,ABALROAMENTO LONGITUDINAL,COLISÃO S/ VITIMA VT DA MARINHA OFICIAL.,2,,,,,,,,,0,,Longo da via,Bom,Sem defeito,Perfeito estado,Seca,Perfeito estado,Faixa de pedestre,Não há placas,"",Dupla,Faixa seccionada,"",""
10552,2019-11-22T00:00:00,15:35:00,SEM VÍTIMA,FINALIZADA,BOA VISTA,RUA DOS COELHOS,"",RUA DOS PRAZERES,AO LADO DO IMIP,RUA DOS COELHOS,"",AO LADO DO IMIP,BOA VISTA,,"",COLISÃO,COLISÃO S/ VITIMA EM ONIBUS (TRASPORTE DE PACIENTE DO INTERIO) E CARRO PASSEIO,1,,,,,1,,,,0,,"","","","","","","","","","","","",""
10553,2019-11-22T00:00:00,15:44:00,SEM VÍTIMA,FINALIZADA,AREIAS,AV CAPITAO GREGORIO DE CALDAS,26,"",AO LADO DO BIG BOMPREÇO,AV CAPITAO GREGORIO DE CALDAS,26,AO LADO DO BIG BOMPREÇO,AREIAS,,"",ABALROAMENTO LONGITUDINAL,COLISÃO S/ VITIMA. ENTRE DOIS,2,,,,,,,,,0,,Longo da via,Bom,Não existe,Não existente,Seca,Perfeito estado,Não existe,Não há placas,30 km/h,Única,Canteiro central,"",""
10554,2019-11-22T00:00:00,15:55:00,SEM VÍTIMA,FINALIZADA,SANTO ANTÔNIO,AV DANTAS BARRETO,"",AV N S DO CARMO,"",AV DANTAS BARRETO,"","",SANTO ANTÔNIO,284,SUBURBIO,ABALROAMENTO TRANSVERSAL,COLISAO ENTRE ONIBUS E AUTO S/V,1,,,,,1,,,,0,,Cruzamento,Bom,Sem defeito,Perfeito estado,Seca,Perfeito estado,Faixa de pedestre,Não há placas,"",Dupla,Faixa seccionada,"",""
10555,2019-11-22T00:00:00,15:59:00,SEM VÍTIMA,FINALIZADA,CABANGA,RUA DILERMANO REIS,93,RUA COMANDANTE ANTONIO MANHAES DE MATTOS,"",RUA DILERMANO REIS,93,"",CABANGA,,SUBURBIO,ABALROAMENTO LONGITUDINAL,COLISÃO S/ VITIMA ONIBUS E CARRO PASSEIO,1,,,,,1,,,,0,,Cruzamento,Bom,Não existe,Perfeito estado,Seca,Perfeito estado,Não existe,Não há placas,"",Dupla,Não existe,"",""
10556,2019-11-22T00:00:00,16:08:00,SEM VÍTIMA,FINALIZADA,BARRO,AV DR JOSE RUFINO,2342,"",LADO OP. PANIFICADORA TONY ALBUQUERQUE,AV DR JOSE RUFINO,2342,LADO OP. PANIFICADORA TONY ALBUQUERQUE,BARRO,539,SUBURBIO,COLISÃO TRASEIRA,COLISÃO SEM VITIMA,2,,,,,,1,,,0,,Longo da via,Bom,Sem defeito,Perfeito estado,Seca,"",Faixa de pedestre,R-6a,"",Dupla,Faixa seccionada,"",""
10557,2019-11-22T00:00:00,16:41:00,SEM VÍTIMA,FINALIZADA,COHAB,AV RIO SAO FRANCISCO,181,"","",AV RIO SAO FRANCISCO,181,"",COHAB,,SUBURBIO,ABALROAMENTO LONGITUDINAL,COLISÃO S/ VITIMA. AUTO PASSEIO E UM ONIBUS,1,,,,,1,,,,0,,Longo da via,Bom,Não existe,Perfeito estado,Seca,Perfeito estado,Agente,Não há placas,30 km/h,Dupla,Faixa seccionada,"",""
10558,2019-11-22T00:00:00,17:23:00,SEM VÍTIMA,FINALIZADA,SANTO AMARO,AV JOAO DE BARROS,2778,"",EM FRENTE AO Nº 2778,AV JOAO DE BARROS,2778,EM FRENTE AO Nº 2778,SANTO AMARO,,CIDADE,ABALROAMENTO LONGITUDINAL,COLISÃO SEM VITIMA. ENTRE DOIS VEICULOS,2,,,,,,,,,0,,Longo da via,Bom,Não existe,Incompleta,Seca,Mal conservada,Não existe,Outras,"",Dupla,Canteiro central,"",""
10559,2019-11-22T00:00:00,17:23:00,SEM VÍTIMA,FINALIZADA,IPSEP,RUA SAO NICOLAU,"","",HONDA MARAVILHA MOTOS AO LADO,RUA SAO NICOLAU,"",HONDA MARAVILHA MOTOS AO LADO,IPSEP,,SUBURBIO,ABALROAMENTO LONGITUDINAL,COLISÃO SEM VITIMA,1,,,,,,1,,,0,,Longo da via,Bom,Não existe,Não existente,Seca,Perfeito estado,Não existe,Não há placas,"",Única,"","",""
10560,2019-11-22T00:00:00,17:48:00,COM VÍTIMA,FINALIZADA,IMBIRIBEIRA,AV MARECHAL MASCARENHAS DE MORAES,"",RUA NORUEGA,EM FRENTE A MARAVILHA MOTOS ...BRADESCO,AV MARECHAL MASCARENHAS DE MORAES,"",EM FRENTE A MARAVILHA MOTOS ...BRADESCO,IMBIRIBEIRA,631,SUBURBIO,ABALROAMENTO LONGITUDINAL,"COLISÃO COM VITIMA, UMA SENHORA FOI ATENDIDA NO LOCAL PELO SAMU.",1,,,,,1,,,,1,,Cruzamento,Bom,Sem defeito,Perfeito estado,Seca,Perfeito estado,Faixa de retenção,R-4b,"",Dupla,Faixa seccionada,"",""
10561,2019-11-22T00:00:00,18:15:00,COM VÍTIMA,FINALIZADA,MADALENA,AV ENGENHEIRO ABDIAS DE CARVALHO,30,"",ENF AO POSTO IPIRANGA E CLASSE A MAX BENEFÍCIOS. PROX A BOBS.,AV ENGENHEIRO ABDIAS DE CARVALHO,30,ENF AO POSTO IPIRANGA E CLASSE A MAX BENEFÍCIOS. PROX A BOBS.,MADALENA,,CIDADE,ABALROAMENTO LONGITUDINAL,MOTO E AUTO,1,1,,,,,,,,1,,Longo da via,Bom,Não existe,Perfeito estado,Seca,Mal conservada,"",Não há placas,60 km/h,Única,Faixa,Canteiro central,""
10562,2019-11-22T00:00:00,18:28:00,SEM VÍTIMA,CANCELADA,PINA,AV ANTONIO DE GOES,"",AV ENGENHEIRO JOSE ESTELITA,NA LOMBADA ELETRONICA AO LADO CABANGA IATE CLUBE,AV ANTONIO DE GOES,"",NA LOMBADA ELETRONICA AO LADO CABANGA IATE CLUBE,PINA,,"",COLISÃO,DOIS PALIOS,2,,,,,,,,,0,,"","","","","","","","","","","","",""
10563,2019-11-22T00:00:00,18:33:00,SEM VÍTIMA,FINALIZADA,"",AV ARMINDO MOURA,3594,"","",AV ARMINDO MOURA,3594,"","",,SUBURBIO,ABALROAMENTO LONGITUDINAL,ONIBUS X AUTO PASSEIO S/V,1,,,,,1,,,,0,,Longo da via,Bom,Não existe,Incompleta,Seca,Perfeito estado,Não existe,R-6a,"",Dupla,Faixa seccionada,"",""
10564,2019-11-22T00:00:00,18:40:00,COM VÍTIMA,FINALIZADA,VASCO DA GAMA,RUA VASCO DA GAMA,208,RUA JAPARATUBA,E/F AO SESI DO VASCO,RUA VASCO DA GAMA,208,E/F AO SESI DO VASCO,VASCO DA GAMA,,SUBURBIO,ABALROAMENTO LONGITUDINAL,AUTO E MOTO,1,1,,,,,,,,1,,Cruzamento,Bom,Não existe,"",Seca,Perfeito estado,Outros,Outras,"",Dupla,Não existe,"",""
10565,2019-11-22T00:00:00,19:08:00,COM VÍTIMA,CANCELADA,ENGENHO DO MEIO,RUA LINDOLFO COLOR,"",RUA ANTONIO CURADO,AO LADO DO CLUBE SERVIDORES DA SUDENE,RUA LINDOLFO COLOR,"",AO LADO DO CLUBE SERVIDORES DA SUDENE,ENGENHO DO MEIO,395,"",COLISÃO,TAXI X MOTO OBS. VARIOS MOTOQUEIROS ESTAO AMEAÇANDO O TAXISTA O MESMO FOI INFORMADO PARA ACIONAR O 190,1,1,,,,,,,,1,,"","","","","","","","","","","","",""
10566,2019-11-22T00:00:00,19:35:00,SEM VÍTIMA,CANCELADA,BOA VIAGEM,AV ENGENHEIRO DOMINGOS FERREIRA,2030,"",E/F A FRIGELAR/ DROGASIL,AV ENGENHEIRO DOMINGOS FERREIRA,2030,E/F A FRIGELAR/ DROGASIL,BOA VIAGEM,,"",COLISÃO,ENTRE DOIS AUTOS S/V,2,,,,,,,,,0,,"","","","","","","","","","","","",""
10567,2019-11-22T00:00:00,19:31:00,SEM VÍTIMA,FINALIZADA,ILHA JOANA BEZERRA,VIADUTO CAPITAO TEMUDO,"","",FÓRUM DESEMBARGADOR RODOLFO AURELIANO,VIADUTO CAPITAO TEMUDO,"",FÓRUM DESEMBARGADOR RODOLFO AURELIANO,ILHA JOANA BEZERRA,,CIDADE,COLISÃO TRASEIRA,ENTRE AUTO PASSEIO (VEICULO OFICIAL) X MOTO S/V,1,1,,,,,,,,0,,Viaduto,Bom,Não existe,Perfeito estado,Seca,Perfeito estado,Não existe,Não há placas,"",Dupla,Faixa seccionada,"",""
10568,2019-11-22T00:00:00,20:22:00,SEM VÍTIMA,FINALIZADA,BOA VIAGEM,AV CONSELHEIRO AGUIAR,2333,"","EMPRESARIAL JOÃO ROMA, EM FRENTE",AV CONSELHEIRO AGUIAR,2333,"EMPRESARIAL JOÃO ROMA, EM FRENTE",BOA VIAGEM,,CIDADE,ABALROAMENTO LONGITUDINAL,ONIBUS BORBOREMA X TAXI,1,,,,,1,,,,0,,Longo da via,Bom,Não existe,Perfeito estado,Seca,Perfeito estado,Não existe,R-6a,"",Única,Faixa seccionada,"",""
10569,2019-11-22T00:00:00,20:56:00,SEM VÍTIMA,CANCELADA,NOVA DESCOBERTA,RUA ALTO DO REFUGIO,"","",LADEIRA PROX AO MERCADINHO TODO DIA,RUA ALTO DO REFUGIO,"",LADEIRA PROX AO MERCADINHO TODO DIA,NOVA DESCOBERTA,,"",COLISÃO,ONIBUS X AUTO PASSEIO S/V (MOTORISTA EMBREAGADO),1,,,,,1,,,,0,,"","","","","","","","","","","","",""
10570,2019-11-22T00:00:00,21:35:00,SEM VÍTIMA,FINALIZADA,SANTO AMARO,AV GOVERNADOR AGAMENON MAGALHAES,"","",SEMÁFORO Nº 108,AV GOVERNADOR AGAMENON MAGALHAES,"",SEMÁFORO Nº 108,SANTO AMARO,108,SUBURBIO,COLISÃO TRASEIRA,PRISMA X CORSA X NISSAN MARCH,3,,,,,,,,,0,,Longo da via,Bom,Sem defeito,Perfeito estado,Seca,Perfeito estado,Faixa de pedestre,Não há placas,"",Dupla,Canal,"",""
10571,2019-11-23T00:00:00,05:07:00,SEM VÍTIMA,FINALIZADA,DERBY,AV GOVERNADOR AGAMENON MAGALHAES,"",RUA DOM BOSCO,EM FRENTA A DROGASIL,AV GOVERNADOR AGAMENON MAGALHAES,"",EM FRENTA A DROGASIL,DERBY,,"",CAPOTAMENTO,CAPOTAMENTO,1,,,,,,,,,0,,"","","","","","","","","","","","",""
10572,2019-11-23T00:00:00,07:38:00,SEM VÍTIMA,FINALIZADA,BOA VIAGEM,RUA MARQUES DE VALENCA,592,"",EM FRENTE ED. CATARINA ARCURI,RUA MARQUES DE VALENCA,592,EM FRENTE ED. CATARINA ARCURI,BOA VIAGEM,,SUBURBIO,ABALROAMENTO LONGITUDINAL,DOIS AUTOS,2,,,,,,,,,0,,Longo da via,Bom,Não existe,Perfeito estado,Seca,Perfeito estado,Não existe,R-6a,"",Dupla,Faixa seccionada,"",""
10573,2019-11-23T00:00:00,08:15:00,SEM VÍTIMA,FINALIZADA,CAÇOTE,"","",AV RECIFE,EM FRENTE AO GALETO BRONZEADO,"","",EM FRENTE AO GALETO BRONZEADO,CAÇOTE,,"",COLISÃO TRASEIRA,DOIS AUTOS,2,,,,,,,,,0,,"",Bom,Não existe,Perfeito estado,Seca,Perfeito estado,Não existe,Outras,"",Dupla,Não existe,"",""
10574,2019-11-23T00:00:00,09:24:00,COM VÍTIMA,FINALIZADA,IMBIRIBEIRA,AV MARECHAL MASCARENHAS DE MORAES,2931,"","EM FRENTE A HONDA E NEO BLINDADOS, SENT. CIDADE.",AV MARECHAL MASCARENHAS DE MORAES,2931,"EM FRENTE A HONDA E NEO BLINDADOS, SENT. CIDADE.",IMBIRIBEIRA,631,CIDADE,COLISÃO TRASEIRA,"AUTO E MOTO/ COM DUAS VITIMAS,SAMU ACIONADO",1,1,,,,,,,,2,,Longo da via,Bom,Sem defeito,Perfeito estado,Seca,Perfeito estado,Faixa de pedestre,"","",Dupla,Faixa contínua,Faixa seccionada,Canteiro central
10575,2019-11-23T00:00:00,10:28:00,SEM VÍTIMA,FINALIZADA,BOA VISTA,AV CONDE DA BOA VISTA,"","",EM FRENTE A FACULDADE FAFIRE,AV CONDE DA BOA VISTA,"",EM FRENTE A FACULDADE FAFIRE,BOA VISTA,,CIDADE,ABALROAMENTO LONGITUDINAL,COLISÃO SEM VITIMAS,1,,,,,,1,,,0,,Longo da via,Bom,Não existe,Perfeito estado,Seca,Perfeito estado,Faixa de pedestre,Outras,40 km/h,Dupla,Faixa contínua,"",""
10576,2019-11-23T00:00:00,10:33:00,SEM VÍTIMA,FINALIZADA,AFOGADOS,RUA SAO MIGUEL,"","","",RUA SAO MIGUEL,"","",AFOGADOS,53,SUBURBIO,COLISÃO TRASEIRA,SEM VITIMAS/,3,,,,,,,,,0,,Longo da via,Bom,Sem defeito,Perfeito estado,Seca,Perfeito estado,Faixa de pedestre,Não há placas,"",Dupla,Faixa contínua,"",""
10577,2019-11-23T00:00:00,10:42:00,SEM VÍTIMA,CANCELADA,IMBIRIBEIRA,RUA MADRID,444,"",EM FRENTE A JH ALUMINIO,RUA MADRID,444,EM FRENTE A JH ALUMINIO,IMBIRIBEIRA,,"",COLISÃO,CAMINHÃO E AUTO,1,,,,,,1,,,0,,"","","","","","","","","","","","",""
10578,2019-11-23T00:00:00,10:44:00,SEM VÍTIMA,FINALIZADA,BOA VISTA,RUA DOM BOSCO,"","",MERCADO EXTRA,RUA DOM BOSCO,"",MERCADO EXTRA,BOA VISTA,,CIDADE,CHOQUE VEÍCULO PARADO,SEM VITIMAS,2,,,,,,,,,0,,"",Bom,Não existe,Perfeito estado,Seca,Perfeito estado,Não existe,Não há placas,"",Única,Faixa seccionada,"",""
10579,2019-11-23T00:00:00,11:15:00,SEM VÍTIMA,FINALIZADA,AFOGADOS,RUA SAO MIGUEL,1347,"","",RUA SAO MIGUEL,1347,"",AFOGADOS,,SUBURBIO,ABALROAMENTO LONGITUDINAL,DOIS AUTOS,2,,,,,,,,,0,,Longo da via,Bom,Não existe,Perfeito estado,Seca,Perfeito estado,Não existe,Não há placas,60 km/h,Dupla,Faixa seccionada,"",""
10580,2019-11-23T00:00:00,11:15:00,SEM VÍTIMA,FINALIZADA,MADALENA,AV VISCONDE DE ALBUQUERQUE,81,"","",AV VISCONDE DE ALBUQUERQUE,81,"",MADALENA,,SUBURBIO,CHOQUE VEÍCULO PARADO,COLISÃO SEM VITIMAS,2,,,,,,,,1,0,,Longo da via,Bom,Não existe,Perfeito estado,Seca,Perfeito estado,Não existe,Outras,40 km/h,Única,Não existe,"",""
10581,2019-11-23T00:00:00,11:17:00,SEM VÍTIMA,PENDENTE,ESTÂNCIA,AV DR JOSE RUFINO,535,"",AO LADO DO CENTRO COMERCIAL GALERIA MARGARIDA,AV DR JOSE RUFINO,535,AO LADO DO CENTRO COMERCIAL GALERIA MARGARIDA,ESTÂNCIA,,"",COLISÃO,COLISÃO S/VITIMAS ENTRE DOIS AUTOS,2,,,,,,,,,0,,"","","","","","","","","","","","",""
10582,2019-11-23T00:00:00,11:28:00,SEM VÍTIMA,FINALIZADA,"",AV LIBERDADE,772,"",EM FRENTE AO Nº 772,AV LIBERDADE,772,EM FRENTE AO Nº 772,"",,SUBURBIO,COLISÃO TRASEIRA,COLISÃO S/VITIMAS ENTRE DOIS AUTOS,3,,,,,,,,,0,,Longo da via,Bom,Não existe,Perfeito estado,Seca,Perfeito estado,Não existe,Não há placas,"",Dupla,Faixa contínua,"",""