_id,DATA,hora,natureza_acidente,situacao,bairro,endereco,numero,detalhe_endereco_acidente,complemento,endereco_cruzamento,numero_cruzamento,referencia_cruzamento,bairro_cruzamento,num_semaforo,sentido_via,tipo,descricao,auto,moto,ciclom,ciclista,pedestre,onibus,caminhao,viatura,outros,vitimas,vitimasfatais,acidente_verificado,tempo_clima,situacao_semaforo,sinalizacao,condicao_via,conservacao_via,ponto_controle,situacao_placa,velocidade_max_via,mao_direcao,divisao_via1,divisao_via2,divisao_via3
10638,2019-11-25T00:00:00,12:37:00,SEM VÍTIMA,FINALIZADA,SANTO AMARO,AV NORTE,1048,"",EM FRENTE A QUALITY IMPORT ( Nº 1048),AV NORTE,1048,EM FRENTE A QUALITY IMPORT ( Nº 1048),SANTO AMARO,,SUBURBIO,ABALROAMENTO LONGITUDINAL,SEM VITIMAS,3,1,,,,,,,,0,,Longo da via,Bom,Sem defeito,Perfeito estado,Seca,Perfeito estado,Não existe,Não há placas,40 km/h,Dupla,Canteiro central,"",""
10639,2019-11-25T00:00:00,13:03:00,SEM VÍTIMA,FINALIZADA,TEJIPIÓ,AV LIBERDADE,53,"",DELEGACIA DE POLÍCIA DO MEIO AMBIENTE,AV LIBERDADE,53,DELEGACIA DE POLÍCIA DO MEIO AMBIENTE,TEJIPIÓ,,SUBURBIO,ABALROAMENTO LONGITUDINAL,COLISÃO SEM VITIMAS,,,,,,1,1,,,0,,Longo da via,Bom,Não existe,Perfeito estado,Seca,Perfeito estado,Não existe,Outras,"",Dupla,Faixa contínua,"",""
10640,2019-11-25T00:00:00,14:15:00,SEM VÍTIMA,FINALIZADA,BOA VIAGEM,AV BOA VIAGEM,4988,"",EM FRENTE A PRACINHA DE BOA VIAGEM,AV BOA VIAGEM,4988,EM FRENTE A PRACINHA DE BOA VIAGEM,BOA VIAGEM,,SUBURBIO,ABALROAMENTO LONGITUDINAL,SEM VITIMAS,1,,,,,1,,,,0,,Longo da via,Bom,Não existe,Não existente,Seca,Perfeito estado,Não existe,Não há placas,"",Única,"","",""
10641,2019-11-25T00:00:00,14:25:00,SEM VÍTIMA,FINALIZADA,JIQUIÁ,AV DR JOSE RUFINO,"",RUA MORAIS E SILVA,AO LADO DA GALERIA MARGARIDA,AV DR JOSE RUFINO,"",AO LADO DA GALERIA MARGARIDA,JIQUIÁ,,SUBURBIO,ABALROAMENTO TRANSVERSAL,SEM VITIMAS,2,,,,,,,,,0,,Cruzamento,Bom,Não existe,Ilegível,Seca,Mal conservada,Não existe,R-6a,"",Dupla,Faixa contínua,"",""
10642,2019-11-25T00:00:00,14:55:00,SEM VÍTIMA,FINALIZADA,IMBIRIBEIRA,RUA DR TAVARES CORREIA,105,"","",RUA DR TAVARES CORREIA,105,"",IMBIRIBEIRA,,"",CHOQUE VEÍCULO PARADO,COLISÃO SEM VITIMAS,1,,,,,,1,,,0,,Longo da via,Bom,Não existe,Não existente,Seca,Perfeito estado,Não existe,Não há placas,"",Única,Não existe,"",""
10643,2019-11-25T00:00:00,15:19:00,SEM VÍTIMA,FINALIZADA,BOA VIAGEM,RUA DR RAUL LAFAYETTE,152,"",EDIFÍCIO SANTIAGO DE COMPOSTELA,RUA DR RAUL LAFAYETTE,152,EDIFÍCIO SANTIAGO DE COMPOSTELA,BOA VIAGEM,,"",ABALROAMENTO LONGITUDINAL,COLISÃO SEM VITIMAS,2,,,,,,,,,0,,Longo da via,Bom,Não existe,Perfeito estado,Seca,Perfeito estado,Não existe,Outras,"",Única,Não existe,"",""
10644,2019-11-25T00:00:00,15:30:00,SEM VÍTIMA,FINALIZADA,JARDIM SÃO PAULO,AV RECIFE,"",AV JOAO CABRAL DE MELO NETO,"",AV RECIFE,"","",JARDIM SÃO PAULO,259,"",COLISÃO TRASEIRA,ENTRE AUTO PASSEIO X CAMINHÃO S/V,1,,,,,,1,,,0,,Longo da via,Bom,Sem defeito,Perfeito estado,Seca,Perfeito estado,Faixa de pedestre,"","",Dupla,Canteiro central,"",""
10645,2019-11-25T00:00:00,15:50:00,SEM VÍTIMA,CANCELADA,ESPINHEIRO,RUA AFONSO BATISTA,"","",E/F A FARMACIA PAGUE MENOS,RUA AFONSO BATISTA,"",E/F A FARMACIA PAGUE MENOS,ESPINHEIRO,,"",COLISÃO,COLISAO ENTRE AUTO E VT DA POLICIA,1,,,,,,,1,,0,,"","","","","","","","","","","","",""
10646,2019-11-25T00:00:00,16:39:00,COM VÍTIMA,FINALIZADA,AFOGADOS,RUA SAO MIGUEL,1545,RUA MANOEL DE ALBUQUERQUE FERNANDES,E/F AO BODE DO NÔ. LADO OPOSTO A DROGARIA BONGI.,RUA SAO MIGUEL,1545,E/F AO BODE DO NÔ. LADO OPOSTO A DROGARIA BONGI.,AFOGADOS,,CIDADE,ABALROAMENTO TRANSVERSAL,AUTO E MOTONETA,1,1,,,,,,,,1,,Esquina,Bom,Não existe,Perfeito estado,Seca,Perfeito estado,Não existe,Não há placas,"",Dupla,Faixa seccionada,"",""
10647,2019-11-25T00:00:00,16:43:00,SEM VÍTIMA,FINALIZADA,IPUTINGA,RUA PROFESSOR JULIO OLIVEIRA,67,"","",RUA PROFESSOR JULIO OLIVEIRA,67,"",IPUTINGA,,"",COLISÃO TRASEIRA,ENTRE DOIS AUTOS S/V,2,,,,,,,,,0,,Longo da via,Bom,Não existe,"",Seca,Perfeito estado,Não existe,Outras,"",Única,Não existe,"",""
10648,2019-11-25T00:00:00,17:39:00,COM VÍTIMA,CANCELADA,MANGUEIRA,RUA JOAO LEITE,10,"",EM FRENTE DA ESTAÇÃO / ESTAÇAO DO GUARANÁ DO AMAZONAS,RUA JOAO LEITE,10,EM FRENTE DA ESTAÇÃO / ESTAÇAO DO GUARANÁ DO AMAZONAS,MANGUEIRA,,"",COLISÃO,COLISÃO COM VITIMA/ SAMU NO LOCAL,1,1,,,,,,,,1,,"","","","","","","","","","","","",""
10649,2019-11-25T00:00:00,18:32:00,SEM VÍTIMA,FINALIZADA,ESTÂNCIA,AV DR JOSE RUFINO,535,"","",AV DR JOSE RUFINO,535,"",ESTÂNCIA,,SUBURBIO,ABALROAMENTO LONGITUDINAL,COLISAO SEM VITIMAS,1,,,,,1,,,,0,,Longo da via,Bom,Não existe,Perfeito estado,Seca,Perfeito estado,"",Não há placas,40 km/h,Dupla,Faixa seccionada,"",""
10650,2019-11-25T00:00:00,18:43:00,SEM VÍTIMA,FINALIZADA,"",RUA VINTE E QUATRO DE MAIO,"",RUA BARAO DE SOUZA LEAO,SOB O SEMÁFORO 644,RUA VINTE E QUATRO DE MAIO,"",SOB O SEMÁFORO 644,"",644,"",ABALROAMENTO LONGITUDINAL,COLISAO SEM VITIMAS,1,,,,,1,,,,0,,"",Bom,Sem defeito,Perfeito estado,Seca,Perfeito estado,Faixa de pedestre,Outras,"",Única,Faixa contínua,"",""
10651,2019-11-25T00:00:00,18:54:00,SEM VÍTIMA,FINALIZADA,DERBY,AV GOVERNADOR AGAMENON MAGALHAES,287,"",PISTA LATERAL AO LADO EDF SKORPIOS,AV GOVERNADOR AGAMENON MAGALHAES,287,PISTA LATERAL AO LADO EDF SKORPIOS,DERBY,,SUBURBIO,ABALROAMENTO LONGITUDINAL,SIENA X ONIBUS DA PEDROSA,1,,,,,1,,,,0,,Longo da via,Bom,Sem defeito,Perfeito estado,Seca,Perfeito estado,Não existe,Outras,"",Única,Faixa seccionada,"",""
10652,2019-11-25T00:00:00,19:02:00,SEM VÍTIMA,FINALIZADA,PARNAMIRIM,AV PARNAMIRIM,9,"",EM FRENTE AO Nº 9,AV PARNAMIRIM,9,EM FRENTE AO Nº 9,PARNAMIRIM,,CIDADE,COLISÃO TRASEIRA,DOIS AUTOS,2,,,,,,,,,0,,Longo da via,Bom,Não existe,Incompleta,Seca,Perfeito estado,"","","",Única,"","",""
10653,2019-11-25T00:00:00,19:21:00,SEM VÍTIMA,FINALIZADA,SAN MARTIN,RUA DR GOMES PORTO,625,RUA DR TELESPHORO FRAGOSO,"",RUA DR GOMES PORTO,625,"",SAN MARTIN,,CIDADE,ABALROAMENTO TRANSVERSAL,MOTO X VAN,,1,,,,1,,,,0,,Cruzamento,Bom,Não existe,Não existente,Seca,"",Não existe,Não há placas,"",Dupla,Não existe,"",""
10654,2019-11-25T00:00:00,19:51:00,SEM VÍTIMA,FINALIZADA,BOA VIAGEM,AV BOA VIAGEM,5090,"",SEMÁFORO Nº 483,AV BOA VIAGEM,5090,SEMÁFORO Nº 483,BOA VIAGEM,483,CIDADE,ABALROAMENTO LONGITUDINAL,COLISAO SEM VITIMAS,1,,,,,1,,,,0,,Longo da via,Bom,Sem defeito,Perfeito estado,Seca,Perfeito estado,Faixa de pedestre,Não há placas,60 km/h,Única,Faixa contínua,"",""
10655,2019-11-25T00:00:00,19:52:00,COM VÍTIMA,FINALIZADA,IMBIRIBEIRA,AV MARECHAL MASCARENHAS DE MORAES,4223,"",EM FRENTE A UPA DA IMBIRIBEIRA,AV MARECHAL MASCARENHAS DE MORAES,4223,EM FRENTE A UPA DA IMBIRIBEIRA,IMBIRIBEIRA,310,CIDADE,ABALROAMENTO LONGITUDINAL,HONDA CRV X MOTO,1,1,,,,,,,,1,,Longo da via,Bom,Sem defeito,Perfeito estado,Seca,Perfeito estado,Não existe,Outras,"",Única,Faixa seccionada,"",""
10656,2019-11-25T00:00:00,19:56:00,SEM VÍTIMA,CANCELADA,ESPINHEIRO,AV JOAO DE BARROS,1622,RUA ALFREDO DE CASTRO,PROX AO BANCO ITAU // ENF A FEDERAÇAO ESPIRITA DE PE.,AV JOAO DE BARROS,1622,PROX AO BANCO ITAU // ENF A FEDERAÇAO ESPIRITA DE PE.,ESPINHEIRO,,"",COLISÃO,CITROEN X FIAT,2,,,,,,,,,0,,"","","","","","","","","","","","",""
10657,2019-11-25T00:00:00,20:08:00,SEM VÍTIMA,FINALIZADA,MADALENA,AV BEIRA RIO,1059,"",EM FRENTE AO ED. IARUGA,AV BEIRA RIO,1059,EM FRENTE AO ED. IARUGA,MADALENA,,"",COLISÃO TRASEIRA,HILUX X ONIX,2,,,,,,,,,0,,Longo da via,Bom,Não existe,Perfeito estado,Seca,Perfeito estado,Não existe,R-6c,"",Dupla,Faixa seccionada,"",""
10658,2019-11-25T00:00:00,20:42:00,SEM VÍTIMA,CANCELADA,ALTO SANTA TERESINHA,TRV TAMBOARA,540,"",E/F A ANTENA DA TIM,TRV TAMBOARA,540,E/F A ANTENA DA TIM,ALTO SANTA TERESINHA,,"",COLISÃO,COLISAO SEM VITIMAS,1,2,,,,,,,,0,,"","","","","","","","","","","","",""
10659,2019-11-25T00:00:00,21:43:00,SEM VÍTIMA,FINALIZADA,MADALENA,RUA BENFICA,715,"",EM FRENTE AO EXTRA DA BENFICA,RUA BENFICA,715,EM FRENTE AO EXTRA DA BENFICA,MADALENA,628,"",ABALROAMENTO LONGITUDINAL,MOTO X HB 20,1,1,,,,,,,,0,,Longo da via,Bom,Sem defeito,Perfeito estado,Seca,Perfeito estado,Não existe,Outras,"",Única,Faixa seccionada,"",""
10660,2019-11-25T00:00:00,22:03:00,SEM VÍTIMA,FINALIZADA,IPUTINGA,EST DO BARBALHO,1135,RUA SILVANOPOLIS,"",EST DO BARBALHO,1135,"",IPUTINGA,,SUBURBIO,CHOQUE VEÍCULO PARADO,COLISAO SEM VITIMAS,2,,,,,,,,,0,,"",Bom,Não existe,Incompleta,Seca,Perfeito estado,Não existe,Não há placas,40 km/h,Dupla,Não existe,"",""
10661,2019-11-25T00:00:00,22:08:00,SEM VÍTIMA,CANCELADA,CÓRREGO DO JENIPAPO,RUA FRANCISCO CAMPOS,90,RUA DAS FLORES,PROX A INTEGRAÇAO DA MACAXEIRA,RUA FRANCISCO CAMPOS,90,PROX A INTEGRAÇAO DA MACAXEIRA,CÓRREGO DO JENIPAPO,,"",COLISÃO,FORD KA X ONIX,2,,,,,,,,,0,,"","","","","","","","","","","","",""
10662,2019-11-26T00:00:00,06:39:00,SEM VÍTIMA,FINALIZADA,JIQUIÁ,AV DR JOSE RUFINO,170,"",EM FRENTE AO Nº 170,AV DR JOSE RUFINO,170,EM FRENTE AO Nº 170,JIQUIÁ,,CIDADE,ABALROAMENTO LONGITUDINAL,SEM VITIMAS/VT 22 CTTU NO LOCAL,2,1,,,,,,,,0,,Cruzamento,Bom,Não existe,Perfeito estado,Seca,Mal conservada,"",R-6a,60 km/h,Dupla,Não existe,"",""
10663,2019-11-26T00:00:00,07:48:00,SEM VÍTIMA,FINALIZADA,SÃO JOSÉ,C SANTA RITA,"","",LADO OPOSTO A EMPRESA AGEMAR,C SANTA RITA,"",LADO OPOSTO A EMPRESA AGEMAR,SÃO JOSÉ,,CIDADE,ABALROAMENTO LONGITUDINAL,COLISÃO SEM VITIMAS,2,,,,,,,,,0,,Longo da via,Bom,Sem defeito,Perfeito estado,Seca,Perfeito estado,Não existe,Outras,60 km/h,Dupla,Canteiro central,"",""
10664,2019-11-26T00:00:00,07:59:00,COM VÍTIMA,FINALIZADA,BAIRRO DO RECIFE,AV MARQUES DE OLINDA,1817,RUA MARIZ E BARROS,AO LADO LOTERICA. EM FRENTE AO CAFÉ LIBERAL,AV MARQUES DE OLINDA,1817,AO LADO LOTERICA. EM FRENTE AO CAFÉ LIBERAL,BAIRRO DO RECIFE,,SUBURBIO,ABALROAMENTO TRANSVERSAL,AUTO E MOTO.,1,1,,,,,,,,1,,Cruzamento,Bom,Não existe,Incompleta,Seca,Perfeito estado,Não existe,Placas Pare,"","","","",""
10665,2019-11-26T00:00:00,08:13:00,SEM VÍTIMA,FINALIZADA,AFOGADOS,RUA DA PAZ,143,"",EMPRESA ASA,RUA DA PAZ,143,EMPRESA ASA,AFOGADOS,73,SUBURBIO,COLISÃO TRASEIRA,"",1,1,,,,,,,,0,,Longo da via,Bom,Sem defeito,Perfeito estado,Seca,Perfeito estado,Agente,Não há placas,"",Única,Não existe,"",""
10666,2019-11-26T00:00:00,08:25:00,SEM VÍTIMA,FINALIZADA,BOA VIAGEM,RUA JOSE DOMINGUES DA SILVA,116,RUA BELMONTE,EDIFÍCIO VIA SPAZIO,RUA JOSE DOMINGUES DA SILVA,116,EDIFÍCIO VIA SPAZIO,BOA VIAGEM,,"",ABALROAMENTO TRANSVERSAL,DOIS AUTOS,2,,,,,,,,,0,,Cruzamento,Bom,Não existe,Perfeito estado,Seca,Perfeito estado,Não existe,Placas Pare,30 km/h,Dupla,Faixa seccionada,"",""
10667,2019-11-26T00:00:00,08:52:00,SEM VÍTIMA,FINALIZADA,AFOGADOS,AV SUL,"","",APÓS A NICOLAU PEREIRA,AV SUL,"",APÓS A NICOLAU PEREIRA,AFOGADOS,,CIDADE,ABALROAMENTO LONGITUDINAL,DOIS AUTOS,2,,,,,,,,,0,,Longo da via,Bom,Sem defeito,Perfeito estado,Seca,Perfeito estado,Outros,Outras,60 km/h,Única,Faixa seccionada,"",""
10668,2019-11-26T00:00:00,08:53:00,SEM VÍTIMA,FINALIZADA,ESPINHEIRO,RUA CONS PORTELA,"",RUA QUARENTA E OITO,PRÓXIMO A FARMÁCIA PAGUE MENOS,RUA CONS PORTELA,"",PRÓXIMO A FARMÁCIA PAGUE MENOS,ESPINHEIRO,11,CIDADE,ABALROAMENTO LONGITUDINAL,COLISÃO SEM VITIMAS,1,,,,,1,,,,0,,Cruzamento,Bom,Sem defeito,Perfeito estado,Seca,Perfeito estado,Agente,Não há placas,40 km/h,Única,Faixa seccionada,"",""
10669,2019-11-26T00:00:00,08:55:00,SEM VÍTIMA,FINALIZADA,ILHA JOANA BEZERRA,VIADUTO CAPITAO TEMUDO,"","",SOBRE O VIADUTO,VIADUTO CAPITAO TEMUDO,"",SOBRE O VIADUTO,ILHA JOANA BEZERRA,,SUBURBIO,ABALROAMENTO LONGITUDINAL,CAMINHAO CAÇAMBA E TAXI,1,,,,,,1,,,0,,Viaduto,Bom,Não existe,Não existente,Seca,Perfeito estado,Não existe,Não há placas,60 km/h,Dupla,"","",""
10670,2019-11-26T00:00:00,09:04:00,SEM VÍTIMA,FINALIZADA,GRAÇAS,AV GOVERNADOR AGAMENON MAGALHAES,"","",APÓS O SEMÁFORO Nº 174,AV GOVERNADOR AGAMENON MAGALHAES,"",APÓS O SEMÁFORO Nº 174,GRAÇAS,174,"",COLISÃO TRASEIRA,DOIS AUTOS,2,,,,,,,,,0,,Longo da via,Bom,Sem defeito,Perfeito estado,Seca,Perfeito estado,Agente,Outras,60 km/h,Dupla,Canteiro central,Canal,""
10671,2019-11-26T00:00:00,09:21:00,SEM VÍTIMA,FINALIZADA,ESTÂNCIA,AV RECIFE,26,"",PRÓXIMO AO POSTO SHOPPING SHELL,AV RECIFE,26,PRÓXIMO AO POSTO SHOPPING SHELL,ESTÂNCIA,,CIDADE,COLISÃO TRASEIRA,4 AUTOS,4,,,,,,,,,0,,Longo da via,Bom,Sem defeito,Perfeito estado,Seca,Perfeito estado,Não existe,Não há placas,"",Dupla,Canteiro central,"",""
10672,2019-11-26T00:00:00,09:51:00,SEM VÍTIMA,FINALIZADA,AFOGADOS,EST DOS REMEDIOS,1918,"",FITNESS,EST DOS REMEDIOS,1918,FITNESS,AFOGADOS,,"",ABALROAMENTO LONGITUDINAL,SEM VITIMAS,2,,,,,,,,,0,,Longo da via,Bom,Não existe,Perfeito estado,Seca,Perfeito estado,Não existe,"","",Única,Faixa contínua,Faixa seccionada,""
10673,2019-11-26T00:00:00,09:53:00,SEM VÍTIMA,FINALIZADA,IBURA,RUA EXP FRANCISCO VITORIANO,280,"","",RUA EXP FRANCISCO VITORIANO,280,"",IBURA,,SUBURBIO,COLISÃO TRASEIRA,COLISÃO SEM VITIMAS,,1,,,,1,,,,0,,Longo da via,Bom,Não existe,Perfeito estado,Seca,Perfeito estado,Não existe,R-6a,"",Dupla,Faixa seccionada,"",""
10674,2019-11-26T00:00:00,09:59:00,COM VÍTIMA,FINALIZADA,AREIAS,AV DR JOSE RUFINO,1099,RUA ENGENHEIRO ARNALDO LIMA,EM FRENTE AO SENAI,AV DR JOSE RUFINO,1099,EM FRENTE AO SENAI,AREIAS,,SUBURBIO,ABALROAMENTO TRANSVERSAL,AUTO E MOTO,1,1,,,,,,,,1,,Longo da via,Bom,Sem defeito,Perfeito estado,Seca,Perfeito estado,Faixa de pedestre,Não há placas,"",Dupla,Faixa contínua,"",""
10675,2019-11-26T00:00:00,10:42:00,SEM VÍTIMA,FINALIZADA,ESTÂNCIA,AV RECIFE,495,"","",AV RECIFE,495,"",ESTÂNCIA,261,"",COLISÃO TRASEIRA,TRES AUTOS / UM DOS VEICULOS CAPOTOU / POREM O MOTORISTA NAO ACIONOU O SAMU,3,,,,,,,,,0,,Longo da via,Bom,Sem defeito,Perfeito estado,Seca,Perfeito estado,Faixa de pedestre,Não há placas,60 km/h,Dupla,Canteiro central,"",""
10676,2019-11-26T00:00:00,11:21:00,SEM VÍTIMA,FINALIZADA,AFOGADOS,RUA NICOLAU PEREIRA,57,"",AO LADO DO Nº 57,RUA NICOLAU PEREIRA,57,AO LADO DO Nº 57,AFOGADOS,,"",ABALROAMENTO LONGITUDINAL,CAMINHAO E AUTO PASSEIO,1,,,,,,1,,,0,,Longo da via,Bom,Não existe,Incompleta,Seca,Perfeito estado,Não existe,R-6a,"",Única,Faixa seccionada,"",""
10677,2019-11-26T00:00:00,11:59:00,SEM VÍTIMA,FINALIZADA,JARDIM SÃO PAULO,RUA LEANDRO BARRETO,"",RUA LORENA,RESTAURANTE PÉ DE PORCO,RUA LEANDRO BARRETO,"",RESTAURANTE PÉ DE PORCO,JARDIM SÃO PAULO,,CIDADE,ABALROAMENTO TRANSVERSAL,SEM VITIMAS,2,,,,,,,,,0,,Cruzamento,Bom,Não existe,Não existente,Seca,Perfeito estado,Não existe,Não há placas,"",Dupla,"","",""
10678,2019-11-26T00:00:00,12:26:00,COM VÍTIMA,FINALIZADA,IMBIRIBEIRA,RUA ITACARI,162,RUA ITAJAI,POR TRAS DO BANCO ITAU DA IMBIRIBEIRA. INOVE,RUA ITACARI,162,POR TRAS DO BANCO ITAU DA IMBIRIBEIRA. INOVE,IMBIRIBEIRA,,SUBURBIO,ABALROAMENTO TRANSVERSAL,COLISÃO COM VITIMA. ENTRE CARRO E MOTO,1,1,,,,,,,,1,,Cruzamento,Bom,Não existe,Perfeito estado,Seca,Perfeito estado,Faixa de pedestre,Placas Pare,"",Única,Faixa contínua,"",""
10679,2019-11-26T00:00:00,12:30:00,SEM VÍTIMA,FINALIZADA,AFOGADOS,RUA OLIMPIO CHACON,569 A,RUA SAO MIGUEL,AO LADO DA IGREJA DA FÉ DO BRASIL,RUA OLIMPIO CHACON,569 A,AO LADO DA IGREJA DA FÉ DO BRASIL,AFOGADOS,,SUBURBIO,ABALROAMENTO LONGITUDINAL,COLISAO ENTRE AUTO E CAMINAO S/V,1,,,,,,1,,,0,,Longo da via,Bom,Não existe,Incompleta,Seca,"",Não existe,Outras,40 km/h,Dupla,Não existe,"",""
10680,2019-11-26T00:00:00,12:36:00,SEM VÍTIMA,FINALIZADA,DERBY,RUA BENFICA,480,"","",RUA BENFICA,480,"",DERBY,,SUBURBIO,ABALROAMENTO LONGITUDINAL,COLISÃO ENTRE CARRO E ONIBUS,1,,,,,1,,,,0,,Longo da via,Bom,Não existe,Perfeito estado,Seca,Perfeito estado,Não existe,R-6a,"",Dupla,"","",""
10681,2019-11-26T00:00:00,12:49:00,SEM VÍTIMA,FINALIZADA,BOA VIAGEM,AV DOM JOAO VI,"","",LADO OPOSTO Nº 214,AV DOM JOAO VI,"",LADO OPOSTO Nº 214,BOA VIAGEM,,CIDADE,ABALROAMENTO LONGITUDINAL,COLISÃO S/VITIMAS ENTRE DOIS AUTOS,2,,,,,,,,,0,,Longo da via,Bom,Não existe,Incompleta,Seca,Mal conservada,Não existe,Não há placas,"",Dupla,Não existe,"",""
10682,2019-11-26T00:00:00,12:54:00,SEM VÍTIMA,FINALIZADA,ESTÂNCIA,AV DR JOSE RUFINO,"","",OPOSTO AO Nº 354,AV DR JOSE RUFINO,"",OPOSTO AO Nº 354,ESTÂNCIA,,CIDADE,ABALROAMENTO LONGITUDINAL,COLISÃO S/ VITIMA ENTRE CARRO E CAMINHÃO,1,,,,,,1,,,0,,Longo da via,Bom,Intermitente,Incompleta,Seca,Mal conservada,Não existe,Não há placas,"",Dupla,Não existe,"",""
10683,2019-11-26T00:00:00,13:02:00,COM VÍTIMA,FINALIZADA,PINA,AV ANTONIO DE GOES,565,"","EMPRESARIAL NEWTON LEMOS , FAIXA DA DIREITA",AV ANTONIO DE GOES,565,"EMPRESARIAL NEWTON LEMOS , FAIXA DA DIREITA",PINA,,CIDADE,COLISÃO TRASEIRA,AUTO E MOTO.,1,1,,,,,,,,1,,Longo da via,Bom,Sem defeito,Perfeito estado,Seca,Perfeito estado,Agente,Outras,60 km/h,Única,Faixa seccionada,"",""
10684,2019-11-26T00:00:00,14:09:00,SEM VÍTIMA,FINALIZADA,COHAB,AV SAO PAULO,19,"","",AV SAO PAULO,19,"",COHAB,,"",ABALROAMENTO LONGITUDINAL,"",1,,,,,1,,,,0,,"",Bom,Não existe,Perfeito estado,Seca,Perfeito estado,Agente,Não há placas,30 km/h,Dupla,Não existe,"",""
10685,2019-11-26T00:00:00,14:49:00,SEM VÍTIMA,FINALIZADA,IMBIRIBEIRA,AV MARECHAL MASCARENHAS DE MORAES,"","","",AV MARECHAL MASCARENHAS DE MORAES,"","",IMBIRIBEIRA,,SUBURBIO,ABALROAMENTO LONGITUDINAL,COLISÃO S/ VITIMA ENTRE CARRO E ONIBUS,1,,,,,1,,,,0,,Longo da via,Bom,Não existe,Perfeito estado,Seca,Perfeito estado,"",Não há placas,60 km/h,Dupla,Faixa seccionada,"",""
10686,2019-11-26T00:00:00,14:50:00,COM VÍTIMA,FINALIZADA,ILHA DO RETIRO,AV BEIRA RIO,260,"",PROX AO TUNEL E/F A EMPRESA DE SEGURANÇA GRUPO PRADO PARTICIPAÇÕES.,AV BEIRA RIO,260,PROX AO TUNEL E/F A EMPRESA DE SEGURANÇA GRUPO PRADO PARTICIPAÇÕES.,ILHA DO RETIRO,,"",COLISÃO FRONTAL,COLISAO ENTRE AUTO E MOTO COM UMA VITIMA,1,1,,,,,,,,1,,Longo da via,Bom,Não existe,Perfeito estado,Seca,Perfeito estado,Não existe,R-6a,40 km/h,Dupla,Faixa seccionada,"",""
10687,2019-11-26T00:00:00,14:56:00,SEM VÍTIMA,FINALIZADA,AFOGADOS,RUA DOUTOR LEONIDAS CRAVO GAMA,"","","",RUA DOUTOR LEONIDAS CRAVO GAMA,"","",AFOGADOS,320,SUBURBIO,COLISÃO TRASEIRA,COLISAO ENTRE VT DA CTTU E TAXI S/V,2,,,,,,,,,0,,Longo da via,Bom,Sem defeito,Ilegível,Seca,Perfeito estado,Não existe,Não há placas,"",Única,Não existe,"",""
10688,2019-11-26T00:00:00,15:12:00,SEM VÍTIMA,FINALIZADA,IBURA,AV DOIS RIOS,1272,RUA RIBEIRAO VERMELHO,EM FRENTE A ASSIS FRUTAS,AV DOIS RIOS,1272,EM FRENTE A ASSIS FRUTAS,IBURA,323,SUBURBIO,ABALROAMENTO TRANSVERSAL,COLISÃO S/VITIMAS ENTRE UM ONIBUS E UM AUTO,1,,,,,1,,,,0,,"",Bom,Sem defeito,Perfeito estado,Seca,Perfeito estado,Faixa de pedestre,Outras,"",Dupla,Faixa contínua,"",""
10689,2019-11-26T00:00:00,15:28:00,SEM VÍTIMA,FINALIZADA,CIDADE UNIVERSITÁRIA,RUA GENERAL POLIDORO,590,"",CHURRASCARIA E PIZZARIA KIS,RUA GENERAL POLIDORO,590,CHURRASCARIA E PIZZARIA KIS,CIDADE UNIVERSITÁRIA,577,"",ABALROAMENTO LONGITUDINAL,COLISAO ENTRE DOIS AUTOS S/V,2,,,,,,,,,0,,Longo da via,Bom,Sem defeito,Perfeito estado,Seca,"","",Outras,"",Dupla,"","",""
10690,2019-11-26T00:00:00,15:48:00,COM VÍTIMA,FINALIZADA,BOA VISTA,AV CONDE DA BOA VISTA,1546,RUA PADRE INGLES,E/F A POLITEC GM,AV CONDE DA BOA VISTA,1546,E/F A POLITEC GM,BOA VISTA,,"",COLISÃO COM CICLISTA,COLISAO ENTRE AUTO E CICLISTA,1,,,1,,,,,,1,,Esquina,Bom,Não existe,"",Seca,Perfeito estado,"",Placas Pare,40 km/h,Dupla,Canteiro central,"",""
10691,2019-11-26T00:00:00,16:27:00,COM VÍTIMA,FINALIZADA,BOA VISTA,AV CONDE DA BOA VISTA,"",RUA DOM BOSCO,AO LADO DO POSTO IPIRANGA,AV CONDE DA BOA VISTA,"",AO LADO DO POSTO IPIRANGA,BOA VISTA,27,SUBURBIO,ABALROAMENTO LONGITUDINAL,COLISAO ENTRE AUTO E MOTO COM UMA VITIMA,1,1,,,,,,,,1,,Longo da via,Bom,Sem defeito,Perfeito estado,Seca,Perfeito estado,Outros,Outras,40 km/h,Única,Faixa contínua,"",""
10692,2019-11-26T00:00:00,16:35:00,SEM VÍTIMA,FINALIZADA,SANTO AMARO,AV CRUZ CABUGA,1111,"",EM FRENTE AO NUMERAL 1111 ( APAC),AV CRUZ CABUGA,1111,EM FRENTE AO NUMERAL 1111 ( APAC),SANTO AMARO,,"",COLISÃO TRASEIRA,COLISAO ENTRE AUTO E MOTO S/V,1,1,,,,,,,,0,,Longo da via,Bom,Não existe,Perfeito estado,Seca,Perfeito estado,Outros,Outras,"",Dupla,Faixa contínua,Faixa seccionada,Blocos