_id,DATA,hora,natureza_acidente,situacao,bairro,endereco,numero,detalhe_endereco_acidente,complemento,endereco_cruzamento,numero_cruzamento,referencia_cruzamento,bairro_cruzamento,num_semaforo,sentido_via,tipo,descricao,auto,moto,ciclom,ciclista,pedestre,onibus,caminhao,viatura,outros,vitimas,vitimasfatais,acidente_verificado,tempo_clima,situacao_semaforo,sinalizacao,condicao_via,conservacao_via,ponto_controle,situacao_placa,velocidade_max_via,mao_direcao,divisao_via1,divisao_via2,divisao_via3
10748,2019-11-28T00:00:00,09:45:00,SEM VÍTIMA,FINALIZADA,ESPINHEIRO,RUA CONS PORTELA,509,"",PROX DA FARMACIA PAQUE MENOS,RUA CONS PORTELA,509,PROX DA FARMACIA PAQUE MENOS,ESPINHEIRO,11,CIDADE,ABALROAMENTO LONGITUDINAL,DOIS AUTOS,2,,,,,,,,,0,,Longo da via,Bom,Sem defeito,Perfeito estado,Seca,Perfeito estado,Agente,Não há placas,40 km/h,Única,Faixa seccionada,"",""
10749,2019-11-28T00:00:00,09:56:00,SEM VÍTIMA,FINALIZADA,MUSTARDINHA,RUA JOANA FRANCISCA DE AZEVEDO,142,"",BAR DO LEO,RUA JOANA FRANCISCA DE AZEVEDO,142,BAR DO LEO,MUSTARDINHA,,SUBURBIO,ABALROAMENTO LONGITUDINAL,COLISÃO SEM VITIMAS,2,,,,,,,,,0,,Longo da via,Bom,Não existe,Não existente,Seca,Perfeito estado,Não existe,Não há placas,"",Dupla,Não existe,"",""
10750,2019-11-28T00:00:00,10:08:00,SEM VÍTIMA,CANCELADA,BOA VIAGEM,RUA VISCONDE DE JEQUITINHONHA,106,"",E/F AO RESTAURANTE SÓ CALDINHO,RUA VISCONDE DE JEQUITINHONHA,106,E/F AO RESTAURANTE SÓ CALDINHO,BOA VIAGEM,,"",COLISÃO,COLISÃO S/VITIMAS ENTRE DOIS AUTOS,2,,,,,,,,,0,,"","","","","","","","","","","","",""
10751,2019-11-28T00:00:00,10:45:00,SEM VÍTIMA,FINALIZADA,AFLITOS,RUA CONS PORTELA,210,"",POSTO PETRONA,RUA CONS PORTELA,210,POSTO PETRONA,AFLITOS,,CIDADE,ABALROAMENTO LONGITUDINAL,COLISÃO SEM VITIMAS,2,,,,,,,,,0,,Longo da via,Bom,Não existe,Perfeito estado,Seca,Perfeito estado,Não existe,R-6c,60 km/h,Única,Faixa seccionada,"",""
10752,2019-11-28T00:00:00,10:52:00,SEM VÍTIMA,FINALIZADA,MADALENA,RUA JOSE OSORIO,"",AV CAXANGA,"",RUA JOSE OSORIO,"","",MADALENA,487,SUBURBIO,COLISÃO TRASEIRA,DOIS AUTOS,2,,,,,,,,,0,,Longo da via,Bom,Sem defeito,Perfeito estado,Seca,Perfeito estado,Não existe,Não há placas,"",Dupla,Faixa seccionada,"",""
10753,2019-11-28T00:00:00,11:32:00,SEM VÍTIMA,CANCELADA,ESTÂNCIA,AV RECIFE,"","",EM FRENTE AO CAFE ROYAL NO SENTIDO CEASA,AV RECIFE,"",EM FRENTE AO CAFE ROYAL NO SENTIDO CEASA,ESTÂNCIA,,"",COLISÃO,COLISÃO SEM VITIMAS,1,,,,,1,,,,0,,"","","","","","","","","","","","",""
10754,2019-11-28T00:00:00,12:14:00,COM VÍTIMA,FINALIZADA,MADALENA,RUA DEMOCRITO DE SOUZA FILHO,17,RUA PROFESSOR JOSE TORRES PIRES,APOS A PONTE DA CAPUNGA GM NO LOCAL GERANDO O B.O,RUA DEMOCRITO DE SOUZA FILHO,17,APOS A PONTE DA CAPUNGA GM NO LOCAL GERANDO O B.O,MADALENA,,SUBURBIO,ABALROAMENTO TRANSVERSAL,COLISAO ENTRE AUTO E MOTO,1,1,,,,,,,,1,,Cruzamento,Bom,Não existe,Perfeito estado,Seca,Perfeito estado,Não existe,Placas Pare,40 km/h,Única,Não existe,"",""
10755,2019-11-28T00:00:00,13:05:00,SEM VÍTIMA,FINALIZADA,ESPINHEIRO,RUA DO ESPINHEIRO,1527,AV JOAO DE BARROS,MERCADO EXTRA,RUA DO ESPINHEIRO,1527,MERCADO EXTRA,ESPINHEIRO,89,SUBURBIO,ABALROAMENTO LONGITUDINAL,COLISÃO SEM VITIMA. ONIBUS E CARRO PASSEIO,1,,,,,1,,,,0,,Cruzamento,Bom,Sem defeito,Perfeito estado,Seca,Perfeito estado,Faixa de pedestre,R-6a,40 km/h,Única,Faixa contínua,"",""
10756,2019-11-28T00:00:00,13:07:00,SEM VÍTIMA,CANCELADA,CAMPO GRANDE,RUA PROFESSOR FRANCISCO DA TRINDADE,180,RUA ODORICO MENDES,ESQUINA DA LOJA MUNDO ALCALINO,RUA PROFESSOR FRANCISCO DA TRINDADE,180,ESQUINA DA LOJA MUNDO ALCALINO,CAMPO GRANDE,,"",COLISÃO,COLISÃO SEM VITIMA,2,,,,,,,,,0,,"","","","","","","","","","","","",""
10757,2019-11-28T00:00:00,13:58:00,SEM VÍTIMA,FINALIZADA,CURADO,RUA DR GEORGE WILLIAM BUTLER,"","",PROX: EM FRENTE A UNILEVER,RUA DR GEORGE WILLIAM BUTLER,"",PROX: EM FRENTE A UNILEVER,CURADO,,"",COLISÃO,COLISÃO DOIS VEICULOS PASSEIO.,2,,,,,,,,,0,,"","","","","","","","","","","","",""
10758,2019-11-28T00:00:00,14:03:00,SEM VÍTIMA,FINALIZADA,DERBY,RUA BENFICA,"","",EM FRENTE AO BP CHOQUE,RUA BENFICA,"",EM FRENTE AO BP CHOQUE,DERBY,,CIDADE,COLISÃO TRASEIRA,COLISÃO S/ VITIMA. DOIS CARROS PASSEIO,2,,,,,,,,,0,,Longo da via,Bom,Não existe,Perfeito estado,Seca,Perfeito estado,Faixa de pedestre,Outras,"",Única,Faixa seccionada,"",""
10759,2019-11-28T00:00:00,14:07:00,COM VÍTIMA,FINALIZADA,DERBY,RUA BENFICA,480,"",EM FRENTE A ACADEMIA FERNANDES BELTRÃO E A PRAÇA DO INTERNACIONAL,RUA BENFICA,480,EM FRENTE A ACADEMIA FERNANDES BELTRÃO E A PRAÇA DO INTERNACIONAL,DERBY,,SUBURBIO,COLISÃO TRASEIRA,COLISÃO COM VITIMA/ CONDUTOR DO AUTO SE AVADIU,1,1,,,,,,,,1,,Longo da via,Bom,Sem defeito,Ilegível,Seca,Perfeito estado,Não existe,R-6a,"",Dupla,"","",""
10760,2019-11-28T00:00:00,14:13:00,SEM VÍTIMA,FINALIZADA,ESPINHEIRO,RUA JOAO FERNANDES VIEIRA,"",AV GOVERNADOR AGAMENON MAGALHAES,SEMÁFORO,RUA JOAO FERNANDES VIEIRA,"",SEMÁFORO,ESPINHEIRO,173,SUBURBIO,ABALROAMENTO LONGITUDINAL,COLISÃO S/ VITIMA. ONIBUS E TAXI,1,,,,,1,,,,0,,Cruzamento,Bom,Sem defeito,Perfeito estado,Seca,Perfeito estado,Faixa de pedestre,R-6a,60 km/h,Única,Faixa contínua,"",""
10761,2019-11-28T00:00:00,14:15:00,COM VÍTIMA,FINALIZADA,CAXANGÁ,AV CAXANGA,1332,"","EM FRENTE A CASA DO CONSTRUTOR, SENTIDO CAMARAGIBE",AV CAXANGA,1332,"EM FRENTE A CASA DO CONSTRUTOR, SENTIDO CAMARAGIBE",CAXANGÁ,,SUBURBIO,ABALROAMENTO LONGITUDINAL,COLISÃO COM VITIMA,1,1,,,,,,,,2,,Longo da via,Bom,Não existe,Perfeito estado,Seca,Perfeito estado,Não existe,Não há placas,"",Dupla,Canteiro central,"",""
10762,2019-11-28T00:00:00,15:08:00,SEM VÍTIMA,EQUIPE EM DESLOCAMENTO,TAMARINEIRA,EST DO ARRAIAL,"","",EM FRENTE À ESCOLA MUNICIPAL PROFESSOR NILO PEREIRA,EST DO ARRAIAL,"",EM FRENTE À ESCOLA MUNICIPAL PROFESSOR NILO PEREIRA,TAMARINEIRA,,SUBURBIO,COLISÃO FRONTAL,COLISAO ENTRE VT DA RONDAC E TRES AUTOS S/V,3,,,,,,,,,0,,Longo da via,Bom,Não existe,"","","",Faixa de pedestre,Placas Pare,"",Única,Faixa seccionada,"",""
10763,2019-11-28T00:00:00,15:16:00,SEM VÍTIMA,FINALIZADA,SANTO AMARO,AV CRUZ CABUGA,"","",EM FRENTE AO POSTE Nº B 030925,AV CRUZ CABUGA,"",EM FRENTE AO POSTE Nº B 030925,SANTO AMARO,,CIDADE,ABALROAMENTO LONGITUDINAL,COLISÃO SEM VITIMA,,,,,,1,1,,,0,,Longo da via,Bom,Sem defeito,Perfeito estado,Seca,Perfeito estado,Faixa de pedestre,Não há placas,"",Dupla,"","",""
10764,2019-11-28T00:00:00,16:15:00,SEM VÍTIMA,FINALIZADA,TORREÃO,AV NORTE,"","",SEMÁFORO,AV NORTE,"",SEMÁFORO,TORREÃO,56,SUBURBIO,COLISÃO TRASEIRA,COLISAO ENTRE DOIS AITOS S/V,2,,,,,,,,,0,,Cruzamento,Bom,Sem defeito,Perfeito estado,Seca,Perfeito estado,Faixa de pedestre,R-6a,60 km/h,Dupla,Canteiro central,"",""
10765,2019-11-28T00:00:00,16:47:00,COM VÍTIMA,FINALIZADA,MADALENA,AV VISCONDE DE ALBUQUERQUE,205,"",EM FRENTE A CULTURA INGLESA... APOS O ITAU,AV VISCONDE DE ALBUQUERQUE,205,EM FRENTE A CULTURA INGLESA... APOS O ITAU,MADALENA,,SUBURBIO,COLISÃO,COLISÃO COM VITIMA,1,1,,,,,,,,2,,Longo da via,Bom,Sem defeito,Perfeito estado,Seca,Perfeito estado,Faixa de pedestre,Outras,"",Única,Faixa seccionada,"",""
10766,2019-11-28T00:00:00,18:07:00,SEM VÍTIMA,FINALIZADA,AFOGADOS,"",82,RUA DA PAZ,FÁBRICA ASA INDUSTRIA E COMERCIO,"",82,FÁBRICA ASA INDUSTRIA E COMERCIO,AFOGADOS,73,SUBURBIO,COLISÃO TRASEIRA,GOL X PRISMA OBS: AG DA CTTU ADRIANO ALMEIDA NO LOCAL,2,,,,,,,,,0,,Cruzamento,Bom,Sem defeito,Perfeito estado,Seca,Perfeito estado,Agente,R-6a,40 km/h,Única,Faixa seccionada,"",""
10767,2019-11-28T00:00:00,18:09:00,SEM VÍTIMA,FINALIZADA,BOA VIAGEM,AV FERNANDO SIMOES BARBOSA,"","","",AV FERNANDO SIMOES BARBOSA,"","",BOA VIAGEM,,SUBURBIO,ABALROAMENTO LONGITUDINAL,ONIBUS X AUTO PASSEIO S/V,1,,,,,1,,,,0,,Longo da via,Bom,Sem defeito,Perfeito estado,Seca,Perfeito estado,Faixa de pedestre,"","","",Faixa seccionada,"",""
10768,2019-11-28T00:00:00,18:25:00,SEM VÍTIMA,FINALIZADA,CASA FORTE,RUA IRMA MARIA DAVID,"","EST DAS UBAIAS,",COLEGIO NAP,RUA IRMA MARIA DAVID,"",COLEGIO NAP,CASA FORTE,,SUBURBIO,ABALROAMENTO TRANSVERSAL,ENTRE DOIS AUTOS S/V,2,,,,,,,,,0,,Longo da via,Bom,Não existe,Perfeito estado,Seca,Perfeito estado,Agente,Não há placas,30 km/h,Dupla,Faixa contínua,"",""
10769,2019-11-28T00:00:00,18:29:00,SEM VÍTIMA,FINALIZADA,AREIAS,AV DR JOSE RUFINO,1190,"",SUPERMERCADO ESPERANÇA,AV DR JOSE RUFINO,1190,SUPERMERCADO ESPERANÇA,AREIAS,,SUBURBIO,ABALROAMENTO LONGITUDINAL,ECOSPORT X ONIX,2,,,,,,,,,0,,Longo da via,Bom,Não existe,Perfeito estado,Seca,Perfeito estado,Não existe,Não há placas,"",Dupla,Faixa contínua,"",""
10770,2019-11-28T00:00:00,19:07:00,SEM VÍTIMA,FINALIZADA,BOA VIAGEM,RUA PEDRO PAES MENDONCA,120,"",AO LADO DO BIG BOMPREÇO,RUA PEDRO PAES MENDONCA,120,AO LADO DO BIG BOMPREÇO,BOA VIAGEM,,"",ABALROAMENTO LONGITUDINAL,ENTRE ONIBUS X AUTO PASSEIO S/V,1,,,,,1,,,,0,,Longo da via,Bom,Sem defeito,Perfeito estado,Seca,Perfeito estado,Não existe,R-6a,40 km/h,Única,Faixa seccionada,"",""
10771,2019-11-28T00:00:00,19:22:00,SEM VÍTIMA,FINALIZADA,BOA VIAGEM,RUA VISCONDE DE JEQUITINHONHA,1656,"",E/F AO POSTO SHELL,RUA VISCONDE DE JEQUITINHONHA,1656,E/F AO POSTO SHELL,BOA VIAGEM,,SUBURBIO,COLISÃO,ONIBUS X AUTO PASSEIO S/V,1,,,,,1,,,,0,,"","","","","","","","","","","","",""
10772,2019-11-28T00:00:00,19:43:00,SEM VÍTIMA,FINALIZADA,BOA VIAGEM,RUA VISCONDE DE JEQUITINHONHA,66,"",EDF ATLANTA,RUA VISCONDE DE JEQUITINHONHA,66,EDF ATLANTA,BOA VIAGEM,,SUBURBIO,ABALROAMENTO LONGITUDINAL,TRES AUTOS,1,,,,,1,,,,0,,Longo da via,Bom,Não existe,Perfeito estado,Seca,Perfeito estado,"",Placas Dê a preferência,"",Única,Faixa seccionada,Canteiro central,Canal
10773,2019-11-28T00:00:00,19:46:00,SEM VÍTIMA,CANCELADA,VÁRZEA,RUA CONEGO JOSE FERNANDES MACHADO,54,"",E/F A IGREJA MISSIONARIA ÁGAPE,RUA CONEGO JOSE FERNANDES MACHADO,54,E/F A IGREJA MISSIONARIA ÁGAPE,VÁRZEA,,"",COLISÃO,ENTRE MOTO X AUTO S/V,1,1,,,,,,,,0,,"","","","","","","","","","","","",""
10774,2019-11-28T00:00:00,19:59:00,SEM VÍTIMA,FINALIZADA,AREIAS,RUA IPOJUCA,"","",EM FRENTE O Nº 354,RUA IPOJUCA,"",EM FRENTE O Nº 354,AREIAS,,SUBURBIO,CHOQUE OBJETO FIXO,ENTRE DOIS AUTO PASSEIO X CASA S/V (POSSÍVEL MOTORISTA EMBREAGADO),2,,,,,,,,,0,,Longo da via,Bom,Não existe,Perfeito estado,Seca,Perfeito estado,Não existe,Outras,"",Dupla,Não existe,"",""
10775,2019-11-28T00:00:00,21:52:00,SEM VÍTIMA,FINALIZADA,ROSARINHO,AV NORTE,6718,"",EM FRENTE A ESCOLA MUNDO MÁGICO,AV NORTE,6718,EM FRENTE A ESCOLA MUNDO MÁGICO,ROSARINHO,,SUBURBIO,ABALROAMENTO LONGITUDINAL,ENTRE DOIS AUTOS S/V,2,,,,,,,,,0,,Longo da via,Bom,Não existe,Não existente,Seca,Perfeito estado,Não existe,Não há placas,"",Única,Faixa seccionada,"",""
10776,2019-11-29T00:00:00,00:35:00,SEM VÍTIMA,FINALIZADA,BOA VIAGEM,AV MARECHAL JUAREZ TAVORA,"",RUA JOAO CARDOSO AIRES,"",AV MARECHAL JUAREZ TAVORA,"","",BOA VIAGEM,478,SUBURBIO,ABALROAMENTO TRANSVERSAL,COLISÃO ENTRE DOIS AUTOS S/V,2,,,,,,,,,0,,Cruzamento,Chuvoso,Intermitente,Perfeito estado,Molhada,Mal iluminada,Faixa de pedestre,Não há placas,30 km/h,Única,Não existe,"",""
10777,2019-11-29T00:00:00,00:39:00,SEM VÍTIMA,CANCELADA,BOA VISTA,RUA DOM BOSCO,"",AV GOVERNADOR AGAMENON MAGALHAES,"",RUA DOM BOSCO,"","",BOA VISTA,174,"",COLISÃO,COLISÃO ENTRE ÔNIBUS E AUTO S/V,1,,,,,1,,,,0,,"","","","","","","","","","","","",""
10778,2019-11-29T00:00:00,01:06:00,SEM VÍTIMA,CANCELADA,CAMPO GRANDE,AV CORREIA DE BRITO,259,"","PROX DE PLINIO CAVALCANTI E CIA LTDA, PROX DO RECIGESSO",AV CORREIA DE BRITO,259,"PROX DE PLINIO CAVALCANTI E CIA LTDA, PROX DO RECIGESSO",CAMPO GRANDE,,"",COLISÃO,COLISÃO ENTRE DOIS AUTOS S/V,2,,,,,,,,,0,,"","","","","","","","","","","","",""
10779,2019-11-29T00:00:00,06:45:00,COM VÍTIMA,FINALIZADA,ILHA JOANA BEZERRA,AV DES GUERRA BARRETO,"","",EM FRENTE AO FORUM RODOLFO AURELIANO,AV DES GUERRA BARRETO,"",EM FRENTE AO FORUM RODOLFO AURELIANO,ILHA JOANA BEZERRA,38,CIDADE,COLISÃO COM CICLISTA,AUTO E CICLISTA,1,,,1,,,,,,1,,Longo da via,Bom,Sem defeito,Incompleta,Seca,Mal conservada,Não existe,Não há placas,"",Dupla,Faixa contínua,"",""
10780,2019-11-29T00:00:00,07:44:00,COM VÍTIMA,FINALIZADA,APIPUCOS,RUA DE APIPUCOS,"","",AÇUDE DE APIPUCOS,RUA DE APIPUCOS,"",AÇUDE DE APIPUCOS,APIPUCOS,,CIDADE,ABALROAMENTO TRANSVERSAL,COLISÃO ENTRE AUTO E MOTO,1,1,,,,,,,,1,,Longo da via,Bom,Não existe,Perfeito estado,Seca,Perfeito estado,"",Placas Pare,"",Dupla,Faixa seccionada,"",""
10781,2019-11-29T00:00:00,07:57:00,COM VÍTIMA,FINALIZADA,JORDÃO,AV MARIA IRENE,1672,"",PROX AO POSTO IPIRANGA,AV MARIA IRENE,1672,PROX AO POSTO IPIRANGA,JORDÃO,,CIDADE,ABALROAMENTO TRANSVERSAL,AUTO E MOTO.,1,1,,,,,,,,1,,Longo da via,Bom,Não existe,Não existente,Seca,Perfeito estado,Não existe,Não há placas,"",Dupla,Faixa contínua,"",""
10782,2019-11-29T00:00:00,08:06:00,SEM VÍTIMA,FINALIZADA,BAIRRO DO RECIFE,AV MILITAR,"","",POSTO DE COMBUSTÍVEL SHELL,AV MILITAR,"",POSTO DE COMBUSTÍVEL SHELL,BAIRRO DO RECIFE,,CIDADE,ABALROAMENTO LONGITUDINAL,COLISÃO SEM VITIMAS,1,,,,,,1,,,0,,Longo da via,Bom,Não existe,Perfeito estado,Seca,Perfeito estado,Não existe,Outras,"",Dupla,Faixa seccionada,"",""
10783,2019-11-29T00:00:00,08:28:00,SEM VÍTIMA,FINALIZADA,TEJIPIÓ,AV DR JOSE RUFINO,3131,"",EM FRENTE AO POSTO DE GASOLINA RM PETROLEO,AV DR JOSE RUFINO,3131,EM FRENTE AO POSTO DE GASOLINA RM PETROLEO,TEJIPIÓ,,"",COLISÃO,DOIS AUTOS,2,,,,,,,,,0,,"","","","","","","","","","","","",""
10784,2019-11-29T00:00:00,09:45:00,SEM VÍTIMA,FINALIZADA,SANTO AMARO,RUA TREZE DE MAIO,"",AV NORTE,"",RUA TREZE DE MAIO,"","",SANTO AMARO,36,SUBURBIO,ABALROAMENTO LONGITUDINAL,COLISÃO SEM VITIMAS,1,,,,,,1,,,0,,"",Bom,Sem defeito,Perfeito estado,Seca,Perfeito estado,"",Outras,"",Dupla,Faixa contínua,"",""
10785,2019-11-29T00:00:00,10:07:00,COM VÍTIMA,FINALIZADA,IPSEP,RUA JEAN EMILE FAVRE,1586,RUA CRUZ E SOUZA,E/F AO SUPERMERCADO QUALIPREÇO (SENT. AV. RECIFE),RUA JEAN EMILE FAVRE,1586,E/F AO SUPERMERCADO QUALIPREÇO (SENT. AV. RECIFE),IPSEP,135,CIDADE,ABALROAMENTO LONGITUDINAL,COLISÃO C/VITIMAS ENTRE UMA MOTO E UM AUTO,1,1,,,,,,,,2,,Longo da via,Bom,Não existe,Perfeito estado,Seca,Perfeito estado,Não existe,Não há placas,40 km/h,Dupla,Faixa contínua,Faixa seccionada,""
10786,2019-11-29T00:00:00,10:24:00,SEM VÍTIMA,FINALIZADA,ESPINHEIRO,AV GOVERNADOR AGAMENON MAGALHAES,"",RUA SAO SALVADOR,AO LADO DA UNIMED RECIFE,AV GOVERNADOR AGAMENON MAGALHAES,"",AO LADO DA UNIMED RECIFE,ESPINHEIRO,,"",ABALROAMENTO TRANSVERSAL,COLISÃO SEM VITIMAS,2,,,,,,,,,0,,"",Bom,Não existe,Perfeito estado,Seca,Perfeito estado,Não existe,Outras,"",Única,Faixa seccionada,Canteiro central,""
10787,2019-11-29T00:00:00,10:38:00,SEM VÍTIMA,CANCELADA,BOA VISTA,AV JOAO DE BARROS,"","",POR TRAS DA CELPE EM FRENTE A FACULDADE IBGM,AV JOAO DE BARROS,"",POR TRAS DA CELPE EM FRENTE A FACULDADE IBGM,BOA VISTA,,"",COLISÃO,COLISÃO SEM VITIMAS,2,,,,,,,,,0,,"","","","","","","","","","","","",""
10788,2019-11-29T00:00:00,11:07:00,SEM VÍTIMA,CANCELADA,IMBIRIBEIRA,AV GENERAL MAC ARTHUR,253,"",50 METROS ANTES DO PARQUE MASSA (SENT. IMBIRIBEIRA),AV GENERAL MAC ARTHUR,253,50 METROS ANTES DO PARQUE MASSA (SENT. IMBIRIBEIRA),IMBIRIBEIRA,667,"",COLISÃO,COLISÃO S/VITIMAS ENTRE DOIS AUTOS,2,,,,,,,,,0,,"","","","","","","","","","","","",""
10789,2019-11-29T00:00:00,11:13:00,SEM VÍTIMA,FINALIZADA,BOA VIAGEM,RUA TENENTE JOAO CICERO,"","",BELO FIO,RUA TENENTE JOAO CICERO,"",BELO FIO,BOA VIAGEM,,SUBURBIO,ABALROAMENTO TRANSVERSAL,DOIS AUTOS PASSEIO,2,,,,,,,,,0,,Cruzamento,Bom,Não existe,Perfeito estado,Seca,Perfeito estado,Não existe,Placas Pare,"",Única,Não existe,"",""
10790,2019-11-29T00:00:00,11:50:00,SEM VÍTIMA,FINALIZADA,DERBY,AV GOVERNADOR AGAMENON MAGALHAES,"","",HOSPITAL DA RESTAURAÇÃO,AV GOVERNADOR AGAMENON MAGALHAES,"",HOSPITAL DA RESTAURAÇÃO,DERBY,,"",COLISÃO FRONTAL,COLISÃO SEM VITIMAS,3,,,,,,,,,0,,Longo da via,Bom,Sem defeito,Perfeito estado,Seca,Perfeito estado,Não existe,Não há placas,60 km/h,Dupla,Canal,"",""
10791,2019-11-29T00:00:00,11:55:00,SEM VÍTIMA,FINALIZADA,MACAXEIRA,AV NORTE,"","",LADO OPOSTO PARQUE URBANO DA MACAXEIRA,AV NORTE,"",LADO OPOSTO PARQUE URBANO DA MACAXEIRA,MACAXEIRA,451,SUBURBIO,ABALROAMENTO TRANSVERSAL,COLISÃO S/VITIMAS ENTRE DOIS AUTOS,2,,,,,,,,,0,,Longo da via,Bom,Sem defeito,Perfeito estado,Seca,Perfeito estado,Faixa de pedestre,R-6a,60 km/h,Dupla,Canteiro central,"",""
10792,2019-11-29T00:00:00,12:08:00,SEM VÍTIMA,FINALIZADA,CAJUEIRO,AV BEBERIBE,"",AV SEBASTIAO SALAZAR,"",AV BEBERIBE,"","",CAJUEIRO,,SUBURBIO,ABALROAMENTO LONGITUDINAL,COLISÃO SEM VITIMA,1,,,,,1,,,,0,,"",Bom,Não existe,Perfeito estado,Seca,Perfeito estado,Não existe,Outras,"",Dupla,Canteiro central,"",""
10793,2019-11-29T00:00:00,12:12:00,SEM VÍTIMA,FINALIZADA,BOA VIAGEM,AV ENGENHEIRO DOMINGOS FERREIRA,"","",LADO OPOSTO AO Nº 1000,AV ENGENHEIRO DOMINGOS FERREIRA,"",LADO OPOSTO AO Nº 1000,BOA VIAGEM,200,SUBURBIO,COLISÃO TRASEIRA,COLISAO ENTRE DOIS AUTOS S/V,2,,,,,,,,,0,,Longo da via,Bom,Sem defeito,Perfeito estado,Seca,Perfeito estado,Faixa de pedestre,Outras,60 km/h,Única,Faixa contínua,Faixa seccionada,Canteiro central
10794,2019-11-29T00:00:00,12:40:00,SEM VÍTIMA,FINALIZADA,IPSEP,AV RECIFE,"",AV DOM HELDER CAMARA,"",AV RECIFE,"","",IPSEP,16,"",ABALROAMENTO LONGITUDINAL,COLISÃO ENTRE CAMINHÃO E CARRO,1,,,,,,1,,,0,,Cruzamento,Bom,Sem defeito,Perfeito estado,Seca,Perfeito estado,Agente,R-6a,"",Dupla,Faixa seccionada,Canteiro central,""
10795,2019-11-29T00:00:00,12:47:00,SEM VÍTIMA,CANCELADA,CABANGA,RUA BITURI,175,"",NA RUA DA COMPESA PROX AO VIADUTO DA AGAMENON MAGALHAES NO FINAL DO CAIS JOSE ESTELITA,RUA BITURI,175,NA RUA DA COMPESA PROX AO VIADUTO DA AGAMENON MAGALHAES NO FINAL DO CAIS JOSE ESTELITA,CABANGA,,"",COLISÃO,COLISAO ENTRE DOIS AUTOS S/V,2,,,,,,,,,0,,"","","","","","","","","","","","",""
10796,2019-11-29T00:00:00,12:48:00,COM VÍTIMA,FINALIZADA,BOA VIAGEM,AV DOM JOAO VI,"","",APOS O TUNEL AUGUSTO LUCENA. LADO OPOSTO AO SHOPPING RECIFE.,AV DOM JOAO VI,"",APOS O TUNEL AUGUSTO LUCENA. LADO OPOSTO AO SHOPPING RECIFE.,BOA VIAGEM,,SUBURBIO,COLISÃO TRASEIRA,DOIS AUTOS.,2,,,,,,,,,1,,Longo da via,Bom,Não existe,Perfeito estado,Seca,Perfeito estado,"",Não há placas,60 km/h,"",Faixa seccionada,"",""
10797,2019-11-29T00:00:00,12:55:00,SEM VÍTIMA,FINALIZADA,BOA VIAGEM,AV CONSELHEIRO AGUIAR,3150,"",BANCO SAFRA,AV CONSELHEIRO AGUIAR,3150,BANCO SAFRA,BOA VIAGEM,,CIDADE,COLISÃO TRASEIRA,COLISAO SEM VITIMA,2,,,,,,1,,,0,,Longo da via,Bom,Não existe,Perfeito estado,Seca,Perfeito estado,Não existe,Não há placas,60 km/h,Única,Faixa seccionada,"",""
10798,2019-11-29T00:00:00,13:15:00,SEM VÍTIMA,FINALIZADA,ILHA DO RETIRO,PRC DA BANDEIRA,92,"",ESTÁDIO DA ILHA DO RETIRO,PRC DA BANDEIRA,92,ESTÁDIO DA ILHA DO RETIRO,ILHA DO RETIRO,,SUBURBIO,ABALROAMENTO LONGITUDINAL,COLISÃO S/ VITIMA. CAMINHÃO E CARRO PASSEIO. GM NO LOCAL,1,,,,,,1,,,0,,Longo da via,Bom,Não existe,Perfeito estado,Seca,Perfeito estado,Agente,Outras,"",Única,"","",""
10799,2019-11-29T00:00:00,13:22:00,SEM VÍTIMA,FINALIZADA,IPSEP,AV RECIFE,"","",NA SUBIDA DO VIADUTO TANCREDO NEVES,AV RECIFE,"",NA SUBIDA DO VIADUTO TANCREDO NEVES,IPSEP,,"",COLISÃO TRASEIRA,COLISÃO S/ VITIMA. TRES VEICULOS,3,,,,,,,,,0,,Longo da via,Bom,Não existe,Perfeito estado,Seca,Perfeito estado,Não existe,Outras,"",Dupla,Canteiro central,"",""
10800,2019-11-29T00:00:00,13:33:00,SEM VÍTIMA,FINALIZADA,MADALENA,RUA REAL DA TORRE,1022,"",EM FRENTE AO PONTO AÇAI,RUA REAL DA TORRE,1022,EM FRENTE AO PONTO AÇAI,MADALENA,,CIDADE,ABALROAMENTO LONGITUDINAL,COLISAO ENTRE DOIS AUTOS S/V,2,,,,,,,,,0,,Longo da via,Bom,Não existe,Incompleta,Seca,Perfeito estado,Não existe,R-6a,"",Única,Não existe,"",""
10801,2019-11-29T00:00:00,14:17:00,SEM VÍTIMA,FINALIZADA,BONGI,RUA DELMIRO GOUVEIA,"",RUA QUINZE DE MARCO,LADO OPOSTO A CHESF,RUA DELMIRO GOUVEIA,"",LADO OPOSTO A CHESF,BONGI,,"",ABALROAMENTO LONGITUDINAL,COLISÃO SEM VITIMA,1,,,,,,1,,,0,,Longo da via,Bom,Não existe,Ilegível,Seca,Perfeito estado,Não existe,R-3,"",Dupla,Não existe,"",""
10802,2019-11-29T00:00:00,14:27:00,SEM VÍTIMA,FINALIZADA,MADALENA,RUA JOSE OSORIO,88,"",EM FRENTE A JOHN'S SORVETES,RUA JOSE OSORIO,88,EM FRENTE A JOHN'S SORVETES,MADALENA,,SUBURBIO,COLISÃO TRASEIRA,COLISÃO SEM VITIMA,3,,,,,,,,,0,,Longo da via,Bom,Não existe,Perfeito estado,Seca,Perfeito estado,Não existe,Não há placas,"",Única,Faixa seccionada,"",""