_id,DATA,hora,natureza_acidente,situacao,bairro,endereco,numero,detalhe_endereco_acidente,complemento,endereco_cruzamento,numero_cruzamento,referencia_cruzamento,bairro_cruzamento,num_semaforo,sentido_via,tipo,descricao,auto,moto,ciclom,ciclista,pedestre,onibus,caminhao,viatura,outros,vitimas,vitimasfatais,acidente_verificado,tempo_clima,situacao_semaforo,sinalizacao,condicao_via,conservacao_via,ponto_controle,situacao_placa,velocidade_max_via,mao_direcao,divisao_via1,divisao_via2,divisao_via3
10803,2019-11-29T00:00:00,14:30:00,COM VÍTIMA,FINALIZADA,AFOGADOS,RUA COSME VIANA,135,RUA CORONEL ALFREDO DUARTE,PROX AO POSTO SETTA NO SEMAFORO 430. CHURRASCARIA FULL HOUSE.,RUA COSME VIANA,135,PROX AO POSTO SETTA NO SEMAFORO 430. CHURRASCARIA FULL HOUSE.,AFOGADOS,430,SUBURBIO,TOMBAMENTO,ACID DE PERCURSO COM VITIMA,,1,,,,,,,,1,,Longo da via,Bom,Sem defeito,Perfeito estado,Seca,Perfeito estado,Faixa de retenção,Outras,"",Dupla,Não existe,"",""
10804,2019-11-29T00:00:00,14:48:00,SEM VÍTIMA,FINALIZADA,BAIRRO DO RECIFE,AV ALFREDO LISBOA,"","",EM FRENTE AO POSTO PETROBRAS,AV ALFREDO LISBOA,"",EM FRENTE AO POSTO PETROBRAS,BAIRRO DO RECIFE,,SUBURBIO,ABALROAMENTO LONGITUDINAL,COLISAO ENTRE DOIS AUTOS S/V,1,1,,,,,,,,0,,Longo da via,Bom,Não existe,Perfeito estado,Seca,Perfeito estado,Outros,Outras,"",Única,Faixa seccionada,"",""
10805,2019-11-29T00:00:00,14:50:00,SEM VÍTIMA,FINALIZADA,VÁRZEA,RUA PROFESSOR CHAVES BATISTA,112,RUA EMILIANO BRAGA,"",RUA PROFESSOR CHAVES BATISTA,112,"",VÁRZEA,,SUBURBIO,ABALROAMENTO LONGITUDINAL,COLISÃO SEM VITIMA,1,,,,,,,,1,0,,Cruzamento,Bom,Não existe,Perfeito estado,Seca,Perfeito estado,Faixa de pedestre,R-6a,"",Única,Não existe,"",""
10806,2019-11-29T00:00:00,15:29:00,SEM VÍTIMA,FINALIZADA,GRAÇAS,RUA DAS CREOULAS,239,RUA DAS PERNAMBUCANAS,EM FRENTE A BODEGA DO ABEL,RUA DAS CREOULAS,239,EM FRENTE A BODEGA DO ABEL,GRAÇAS,,CIDADE,ABALROAMENTO LONGITUDINAL,COLISÃO S/ VITIMA. ENTRE DOIS CARROS,2,,,,,,,,,0,,"",Bom,Não existe,Perfeito estado,Seca,Perfeito estado,Não existe,Outras,"",Única,Faixa seccionada,"",""
10807,2019-11-29T00:00:00,15:34:00,COM VÍTIMA,FINALIZADA,BOA VIAGEM,AV ENGENHEIRO DOMINGOS FERREIRA,"",RUA ALEXANDRINO MARTINS RODRIGUES,E/F AO CENTRO SUL,AV ENGENHEIRO DOMINGOS FERREIRA,"",E/F AO CENTRO SUL,BOA VIAGEM,303,SUBURBIO,ABALROAMENTO LONGITUDINAL,AUTO E MOTO.,1,1,,,,,,,,1,,Cruzamento,Bom,Sem defeito,Perfeito estado,Seca,Perfeito estado,Faixa de pedestre,Outras,60 km/h,Única,Canteiro central,"",""
10808,2019-11-29T00:00:00,16:11:00,SEM VÍTIMA,FINALIZADA,CASA FORTE,AV DEZESSETE DE AGOSTO,"","",SOB O SEMÁFORO 346,AV DEZESSETE DE AGOSTO,"",SOB O SEMÁFORO 346,CASA FORTE,346,"",ABALROAMENTO LONGITUDINAL,COLISAO ENTRE ONIBUS E AUTOS S/V,1,,,,,1,,,,0,,Longo da via,Bom,Sem defeito,Perfeito estado,Seca,Perfeito estado,Agente,"","",Dupla,Faixa contínua,"",""
10809,2019-11-29T00:00:00,16:42:00,SEM VÍTIMA,FINALIZADA,SÃO JOSÉ,RUA IMPERIAL,2234,"",EM FRENTE A CRONO AZUL,RUA IMPERIAL,2234,EM FRENTE A CRONO AZUL,SÃO JOSÉ,,SUBURBIO,COLISÃO TRASEIRA,COLISÃO S/VITIMA. COLISÃO ENTRE TRES CARROS,3,,,,,,,,,0,,Longo da via,Bom,Não existe,Perfeito estado,Seca,Perfeito estado,Não existe,Não há placas,"",Única,Faixa seccionada,"",""
10810,2019-11-29T00:00:00,16:48:00,SEM VÍTIMA,EQUIPE EM DESLOCAMENTO,CASA AMARELA,RUA ITACOATIARA,"","",NA SUBIDA DO MORRO NA LADEIRA,RUA ITACOATIARA,"",NA SUBIDA DO MORRO NA LADEIRA,CASA AMARELA,,"",COLISÃO,COLISAO ENTRE AUTO E MOTOS S/V,1,1,,,,,,,,0,,"","","","","","","","","","","","",""
10811,2019-11-29T00:00:00,16:54:00,COM VÍTIMA,FINALIZADA,MADALENA,RUA LOPES DE CARVALHO,400,AV VISCONDE DE ALBUQUERQUE,E/F A GALERIA MADALENA CENTER,RUA LOPES DE CARVALHO,400,E/F A GALERIA MADALENA CENTER,MADALENA,,SUBURBIO,ABALROAMENTO TRANSVERSAL,COLISAO ENTRE AUTO E MOTO COM UMA VITIMA,1,1,,,,,,,,1,,Cruzamento,Bom,Não existe,Perfeito estado,Seca,Perfeito estado,Não existe,R-24a,"",Única,Faixa seccionada,"",""
10812,2019-11-29T00:00:00,16:55:00,SEM VÍTIMA,FINALIZADA,TORRE,RUA URIEL PAES BARRETO,162,"",EM FRENTE A ED. ATENA,RUA URIEL PAES BARRETO,162,EM FRENTE A ED. ATENA,TORRE,,SUBURBIO,CHOQUE VEÍCULO PARADO,COLISÃO SEM VITIMA,1,,,,,,1,,,0,,Longo da via,Bom,Não existe,Perfeito estado,Seca,Perfeito estado,Não existe,R-6a,"",Única,Não existe,"",""
10813,2019-11-29T00:00:00,16:58:00,SEM VÍTIMA,EQUIPE EM DESLOCAMENTO,IPUTINGA,AV CAXANGA,"","",EM FRENTE A SUBWAY,AV CAXANGA,"",EM FRENTE A SUBWAY,IPUTINGA,,SUBURBIO,COLISÃO TRASEIRA,COLISÃO S/VITIMA. COLISÃO ENTRE TRES CARROS,3,,,,,,,,,0,,Longo da via,Bom,Não existe,Perfeito estado,Seca,Perfeito estado,Faixa de retenção,Não há placas,"",Dupla,Canteiro central,"",""
10814,2019-11-29T00:00:00,17:18:00,SEM VÍTIMA,FINALIZADA,MORRO DA CONCEIÇÃO,RUA ITACOATIARA,333,"","",RUA ITACOATIARA,333,"",MORRO DA CONCEIÇÃO,,"",ABALROAMENTO LONGITUDINAL,APOIO AO GERENTE ANDRE LUIZ,1,1,,,,,,,,0,,Longo da via,Bom,Não existe,Perfeito estado,Seca,Perfeito estado,Outros,"","",Única,Não existe,"",""
10815,2019-11-29T00:00:00,17:19:00,SEM VÍTIMA,FINALIZADA,TAMARINEIRA,RUA DR JOSE MARIA,"",AV CONS ROSA E SILVA,"",RUA DR JOSE MARIA,"","",TAMARINEIRA,,SUBURBIO,ABALROAMENTO LONGITUDINAL,COLISAO ENTR DOIS AUTOS S/V,2,,,,,,,,,0,,Cruzamento,Bom,Sem defeito,Perfeito estado,Seca,Perfeito estado,Faixa de pedestre,Outras,40 km/h,Dupla,Faixa contínua,"",""
10816,2019-11-29T00:00:00,17:42:00,SEM VÍTIMA,FINALIZADA,SÃO JOSÉ,C SANTA RITA,"","",EM FRENTE A AGEMAR DISTRIBUIDORA,C SANTA RITA,"",EM FRENTE A AGEMAR DISTRIBUIDORA,SÃO JOSÉ,,"",COLISÃO TRASEIRA,ENGAVETAMENTO ENTRE TRES AUTOS S/V,2,,,,,,,,,0,,Longo da via,Bom,Não existe,Perfeito estado,Seca,Perfeito estado,Outros,Outras,60 km/h,Dupla,Canteiro central,"",""
10817,2019-11-29T00:00:00,17:47:00,SEM VÍTIMA,EQUIPE EM DESLOCAMENTO,VÁRZEA,AV CAXANGA,"","",PROX BIG BOMPREÇO,AV CAXANGA,"",PROX BIG BOMPREÇO,VÁRZEA,,"",COLISÃO,COLISÃO S/ VITIMA ENTRE CARRO E ONIBUS. GMNO LOCAL ,1,,,,,1,,,,0,,"","","","","","","","","","","","",""
10818,2019-11-29T00:00:00,17:51:00,SEM VÍTIMA,FINALIZADA,IBURA,AV MATO GROSSO,122,RUA SAO VICENTE FERRER,"",AV MATO GROSSO,122,"",IBURA,,"",ABALROAMENTO TRANSVERSAL,COLISÃO SEM VITIMA,2,,,,,,,,,0,,"",Bom,Não existe,Não existente,Seca,Perfeito estado,Não existe,Não há placas,"",Dupla,"","",""
10819,2019-11-29T00:00:00,17:54:00,SEM VÍTIMA,FINALIZADA,PINA,AV ANTONIO DE GOES,"","",EM FRENTE AO PRÉDIO DA PRF,AV ANTONIO DE GOES,"",EM FRENTE AO PRÉDIO DA PRF,PINA,,CIDADE,COLISÃO TRASEIRA,COLISÃO S/ VITIMA TRES VEICULOS,3,,,,,,,,,0,,Longo da via,Bom,Não existe,Não existente,Seca,Perfeito estado,Não existe,Não há placas,"",Única,Faixa seccionada,"",""
10820,2019-11-29T00:00:00,18:03:00,SEM VÍTIMA,FINALIZADA,CASA FORTE,AV DEZESSETE DE AGOSTO,"",RUA MARECHAL RONDON,ESQUINA DAS RUAS,AV DEZESSETE DE AGOSTO,"",ESQUINA DAS RUAS,CASA FORTE,,SUBURBIO,ABALROAMENTO TRANSVERSAL,COLISÃO SEM VITIMA,2,,,,,,,,,0,,"",Bom,Não existe,Incompleta,Seca,Perfeito estado,Não existe,"","",Dupla,Não existe,"",""
10821,2019-11-29T00:00:00,18:03:00,COM VÍTIMA,CANCELADA,BOA VIAGEM,AVENIDA CELSO FURTADO (VIA MANGUE),"","",PROX: AO EXTRA DE BOA VIAGEM,AVENIDA CELSO FURTADO (VIA MANGUE),"",PROX: AO EXTRA DE BOA VIAGEM,BOA VIAGEM,,"",COLISÃO,COLISÃO COM VITIMA. MOTO E VEICULO,1,1,,,,,,,,1,,"","","","","","","","","","","","",""
10822,2019-11-29T00:00:00,18:24:00,SEM VÍTIMA,FINALIZADA,ILHA DO LEITE,AV GOVERNADOR AGAMENON MAGALHAES,"","",HOSPITAL PORTUGUÊS,AV GOVERNADOR AGAMENON MAGALHAES,"",HOSPITAL PORTUGUÊS,ILHA DO LEITE,,SUBURBIO,ABALROAMENTO LONGITUDINAL,COLISÃO SEM VITIMA,1,,,,,,1,,,0,,Longo da via,Bom,Não existe,Perfeito estado,Seca,Perfeito estado,Não existe,Outras,"",Dupla,Canteiro central,"",""
10823,2019-11-29T00:00:00,18:28:00,"","",IPUTINGA,AV CAXANGA,"","",AO LADO DO TERMINAL INTEGRADO BRT,AV CAXANGA,"",AO LADO DO TERMINAL INTEGRADO BRT,IPUTINGA,,CIDADE,ABALROAMENTO LONGITUDINAL,APOIO AO PROTOCOLO 201938560,1,,,,,1,,,,,,Longo da via,Bom,Não existe,Não existente,Seca,Perfeito estado,Não existe,Não há placas,60 km/h,Única,Faixa seccionada,"",""
10824,2019-11-29T00:00:00,18:34:00,SEM VÍTIMA,FINALIZADA,TAMARINEIRA,RUA CONEGO BARATA,275,"",EM FRENTE A FERREIRA COSTA,RUA CONEGO BARATA,275,EM FRENTE A FERREIRA COSTA,TAMARINEIRA,,CIDADE,ABALROAMENTO LONGITUDINAL,COLISAO SEM VITIMAS,2,,,,,,,,,0,,Longo da via,Bom,Não existe,Perfeito estado,Seca,Perfeito estado,Não existe,Não há placas,"",Dupla,Canteiro central,"",""
10825,2019-11-29T00:00:00,18:35:00,COM VÍTIMA,FINALIZADA,CORDEIRO,AV GENERAL SAN MARTIN,"",RUA CLOTILDE DE OLIVEIRA,PROX. DO GERTULIO VARGAS,AV GENERAL SAN MARTIN,"",PROX. DO GERTULIO VARGAS,CORDEIRO,185,SUBURBIO,ABALROAMENTO TRANSVERSAL,AUTO E MOTO.,1,1,,,,,,,,1,,Cruzamento,Bom,Sem defeito,Perfeito estado,Outros,Outros,Faixa de pedestre,R-6a,"",Dupla,Faixa seccionada,"",""
10826,2019-11-29T00:00:00,19:02:00,SEM VÍTIMA,CANCELADA,ENGENHO DO MEIO,RUA GOVERNADOR LOPO GARRO,"","",POR TRAZ DA PRAÇA,RUA GOVERNADOR LOPO GARRO,"",POR TRAZ DA PRAÇA,ENGENHO DO MEIO,,"",CHOQUE,CARROÇA COM CAVALOS CHOCOU-SE COM VEÍCULO,1,,,,,,,,1,0,,"","","","","","","","","","","","",""
10827,2019-11-29T00:00:00,19:46:00,SEM VÍTIMA,FINALIZADA,BOA VIAGEM,RUA RIO AZUL,"",RUA DEZ DE JULHO,"",RUA RIO AZUL,"","",BOA VIAGEM,437,"",ABALROAMENTO LONGITUDINAL,COLISAO SEM VITIMAS,2,,,,,,,,,0,,Cruzamento,Bom,Sem defeito,Perfeito estado,Seca,Perfeito estado,Faixa de pedestre,Outras,"",Única,Faixa contínua,"",""
10828,2019-11-29T00:00:00,21:36:00,SEM VÍTIMA,CANCELADA,ENGENHO DO MEIO,RUA JOSE DOS SANTOS,"","",PROX AO TERMINAL DE ONIBUS DO EGENHO DO MEIO,RUA JOSE DOS SANTOS,"",PROX AO TERMINAL DE ONIBUS DO EGENHO DO MEIO,ENGENHO DO MEIO,,"",COLISÃO,COLISAO SEM VITIMAS,2,,,,,,,,,0,,"","","","","","","","","","","","",""
10829,2019-11-29T00:00:00,22:13:00,SEM VÍTIMA,FINALIZADA,IMBIRIBEIRA,AV MARECHAL MASCARENHAS DE MORAES,7935A,"","",AV MARECHAL MASCARENHAS DE MORAES,7935A,"",IMBIRIBEIRA,,CIDADE,ABALROAMENTO LONGITUDINAL,COLISAO SEM VITIMAS,2,,,,,,,,,0,,Longo da via,Bom,Não existe,Perfeito estado,Seca,Perfeito estado,Não existe,Não há placas,"",Única,Faixa seccionada,"",""
10830,2019-11-30T00:00:00,01:43:00,SEM VÍTIMA,FINALIZADA,BOA VIAGEM,RUA PADRE BERNADINO PESSOA,2055,"","",RUA PADRE BERNADINO PESSOA,2055,"",BOA VIAGEM,,"",CHOQUE VEÍCULO PARADO,COLISAO ENTRE 2 AUTOS,2,,,,,,,,,0,,Longo da via,Bom,Não existe,Perfeito estado,Seca,Perfeito estado,Não existe,Não há placas,"",Única,Faixa seccionada,"",""
10831,2019-11-30T00:00:00,03:36:00,COM VÍTIMA,FINALIZADA,CABANGA,AV ENGENHEIRO JOSE ESTELITA,"","",NO VIADUTO DAS CINCO PONTAS,AV ENGENHEIRO JOSE ESTELITA,"",NO VIADUTO DAS CINCO PONTAS,CABANGA,,CIDADE,COLISÃO TRASEIRA,COLISAO COM VITIMAS ENTRE DOIS AUTOS.,2,,,,,,,,,1,,Longo da via,Bom,Não existe,Perfeito estado,Seca,Perfeito estado,Não existe,Não há placas,60 km/h,Única,Faixa seccionada,"",""
10832,2019-11-30T00:00:00,04:43:00,COM VÍTIMA,FINALIZADA,SÃO JOSÉ,AV SUL,48,"",POR TRAS DO FORTE DAS CINCO PONTAS,AV SUL,48,POR TRAS DO FORTE DAS CINCO PONTAS,SÃO JOSÉ,,CIDADE,ATROPELAMENTO,AUTO E PEDESTRE.,1,,,,1,,,,,1,,Longo da via,Bom,Não existe,Perfeito estado,Seca,Perfeito estado,Não existe,Não há placas,"",Única,"","",""
10833,2019-11-30T00:00:00,06:04:00,COM VÍTIMA,FINALIZADA,IBURA,AV DOIS RIOS,673,"",PROXIMO AO SESI DO IBURA. LADO OPOSTO AO NÚMERO INFORMADO.,AV DOIS RIOS,673,PROXIMO AO SESI DO IBURA. LADO OPOSTO AO NÚMERO INFORMADO.,IBURA,,CIDADE,CHOQUE OBJETO FIXO,ONIBUS CHOCOU-SE COM UM POSTE,,,,,,1,,,,3,,Longo da via,Bom,Sem defeito,Perfeito estado,Seca,Perfeito estado,Não existe,R-6c,"",Dupla,Faixa contínua,"",""
10834,2019-11-30T00:00:00,06:29:00,SEM VÍTIMA,FINALIZADA,BOA VISTA,RUA DA AURORA,"","",ASSEMBLEIA LESGILATIVA,RUA DA AURORA,"",ASSEMBLEIA LESGILATIVA,BOA VISTA,429,SUBURBIO,CHOQUE OBJETO FIXO,VEICULO CHOCOU-SE COM O POSTE DO SEMAFORO,1,,,,,,,,,0,,Longo da via,Bom,Com defeito,Perfeito estado,Seca,Perfeito estado,Faixa de pedestre,"","",Única,Faixa seccionada,"",""
10835,2019-11-30T00:00:00,08:11:00,SEM VÍTIMA,CANCELADA,SANTO AMARO,AV MARIO MELO,225,"",PROX. AO COLEGIO SILVIO RABELLO,AV MARIO MELO,225,PROX. AO COLEGIO SILVIO RABELLO,SANTO AMARO,,"",COLISÃO,DOIS AUTOS,2,,,,,,,,,0,,"","","","","","","","","","","","",""
10836,2019-11-30T00:00:00,08:32:00,SEM VÍTIMA,FINALIZADA,CORDEIRO,AV MAURICIO DE NASSAU,"","",EM FRENTE AO HOSPITAL ALTINO VENTURA,AV MAURICIO DE NASSAU,"",EM FRENTE AO HOSPITAL ALTINO VENTURA,CORDEIRO,645,"",COLISÃO,MOTO E AUTO PASSEIO,1,1,,,,,,,,0,,"","","","","","","","","","","","",""
10837,2019-11-30T00:00:00,10:04:00,SEM VÍTIMA,FINALIZADA,NOVA DESCOBERTA,AV VEREADOR OTACILIO AZEVEDO,"","",EM FRENTE AO SUPERMERCADO TODO DIA,AV VEREADOR OTACILIO AZEVEDO,"",EM FRENTE AO SUPERMERCADO TODO DIA,NOVA DESCOBERTA,,"",COLISÃO TRASEIRA,ONIBUS E AUTO,1,,,,,1,,,,0,,Longo da via,Bom,Não existe,Perfeito estado,Seca,Perfeito estado,Não existe,Não há placas,"",Dupla,Faixa seccionada,"",""
10838,2019-11-30T00:00:00,11:11:00,SEM VÍTIMA,CANCELADA,IBURA,RUA RIBEIRAO VERMELHO,"","",AO LADO DA FARMACIA PAQUE MENOS,RUA RIBEIRAO VERMELHO,"",AO LADO DA FARMACIA PAQUE MENOS,IBURA,323,"",COLISÃO,MOTO E AUTO,,,,,,,,,,0,,"","","","","","","","","","","","",""
10839,2019-11-30T00:00:00,12:01:00,SEM VÍTIMA,CANCELADA,IMBIRIBEIRA,AV MARECHAL MASCARENHAS DE MORAES,2104,"","EM FRENTE A FERREIRA PINTO E A CEPA CURSOS PROFISSIONALIZANTES , APOS O AEROPORTO...SENTIDO PRAZERES",AV MARECHAL MASCARENHAS DE MORAES,2104,"EM FRENTE A FERREIRA PINTO E A CEPA CURSOS PROFISSIONALIZANTES , APOS O AEROPORTO...SENTIDO PRAZERES",IMBIRIBEIRA,,"",COLISÃO,COLISÃO SEM VITIMA,2,,,,,,,,,0,,"","","","","","","","","","","","",""
10840,2019-11-30T00:00:00,12:08:00,SEM VÍTIMA,FINALIZADA,BOA VISTA,RUA DA CONCEICAO,66,"","",RUA DA CONCEICAO,66,"",BOA VISTA,,CIDADE,CHOQUE VEÍCULO PARADO,COLISÃO SEM VITIMA,2,,,,,,,,,0,,Longo da via,Bom,Não existe,Perfeito estado,Seca,Perfeito estado,Não existe,Outras,"",Única,Não existe,"",""
10841,2019-11-30T00:00:00,12:11:00,SEM VÍTIMA,FINALIZADA,AREIAS,RUA AURORA CACOTE,17,"",AO LADO DA GALETUS,RUA AURORA CACOTE,17,AO LADO DA GALETUS,AREIAS,,"",COLISÃO TRASEIRA,COLISAO ENTRE DOIS AUTOS S/V,2,,,,,,,,,0,,Longo da via,Bom,Não existe,Incompleta,Seca,Perfeito estado,Não existe,Placas Pare,"",Dupla,Não existe,"",""
10842,2019-11-30T00:00:00,12:50:00,COM VÍTIMA,FINALIZADA,IBURA,AV DOM HELDER CAMARA,"","",AO LADO DO NUCLEO DA POLICIA MILITAR.,AV DOM HELDER CAMARA,"",AO LADO DO NUCLEO DA POLICIA MILITAR.,IBURA,,SUBURBIO,COLISÃO TRASEIRA,COLISÃO COM VITIMA ENTRE DUAS MOTOS.,,2,,,,,,,,1,,Longo da via,Bom,Não existe,Ilegível,Seca,Perfeito estado,Outros,Não há placas,"","",Faixa seccionada,"",""
10843,2019-11-30T00:00:00,13:43:00,SEM VÍTIMA,FINALIZADA,AFOGADOS,RUA COSME VIANA,"",EST DO BONGI,IMBIRIBEIRA VEÍCULO,RUA COSME VIANA,"",IMBIRIBEIRA VEÍCULO,AFOGADOS,100,CIDADE,COLISÃO TRASEIRA,COLISAO ENTRE DOIS AUTOS S/V,2,,,,,,,,,0,,Longo da via,Bom,Sem defeito,Perfeito estado,Seca,Perfeito estado,Faixa de pedestre,Não há placas,"",Única,Faixa seccionada,"",""
10844,2019-11-30T00:00:00,14:12:00,SEM VÍTIMA,FINALIZADA,AREIAS,AV RECIFE,"","",LADO OPOSTO AO BIG BOMPREÇO,AV RECIFE,"",LADO OPOSTO AO BIG BOMPREÇO,AREIAS,599,"",COLISÃO TRASEIRA,COLISAO ENTRE DOIS AUTOS S/V,2,,,,,,,,,0,,Longo da via,Bom,Sem defeito,Perfeito estado,Seca,Perfeito estado,Faixa de pedestre,Não há placas,60 km/h,Dupla,Canteiro central,"",""
10845,2019-11-30T00:00:00,15:36:00,SEM VÍTIMA,FINALIZADA,ESTÂNCIA,AV RECIFE,"","",OPOSTO AO POSTO DE GASOLINA PETRONAC,AV RECIFE,"",OPOSTO AO POSTO DE GASOLINA PETRONAC,ESTÂNCIA,617,CIDADE,COLISÃO TRASEIRA,"",3,,,,,,,,,0,,Longo da via,Bom,Sem defeito,Perfeito estado,Seca,Perfeito estado,Faixa de pedestre,R-6a,60 km/h,Única,Faixa contínua,"",""
10846,2019-11-30T00:00:00,15:42:00,SEM VÍTIMA,CANCELADA,TORRE,AV BEIRA RIO,701,"",NA DESCIDA DO VIADUTO S/T CARREFOUR,AV BEIRA RIO,701,NA DESCIDA DO VIADUTO S/T CARREFOUR,TORRE,,"",COLISÃO,COLISAO ENTRE AUTO E MOTO S/V,1,1,,,,,,,,0,,"","","","","","","","","","","","",""
10847,2019-11-30T00:00:00,15:52:00,SEM VÍTIMA,FINALIZADA,BAIRRO DO RECIFE,RUA DO APOLO,"","",CAPITANIA DOS PORTOS,RUA DO APOLO,"",CAPITANIA DOS PORTOS,BAIRRO DO RECIFE,,"",ABALROAMENTO LONGITUDINAL,COLISÃO SEM VITIMA,2,,,,,,,,,0,,Longo da via,Bom,Sem defeito,"",Seca,Perfeito estado,Não existe,Outras,"",Única,Não existe,"",""
10848,2019-11-30T00:00:00,15:56:00,COM VÍTIMA,FINALIZADA,SÃO JOSÉ,RUA DA CONCORDIA,871,RUA DO PEIXOTO,EM FRENTE A JOSÉ DE LEMOS VASCONCELOS.,RUA DA CONCORDIA,871,EM FRENTE A JOSÉ DE LEMOS VASCONCELOS.,SÃO JOSÉ,182,CIDADE,ABALROAMENTO TRANSVERSAL,COLISÃO COM VÍTIMA ENTRE MOTO E ÔNIBUS.,,1,,,,1,,,,1,,Cruzamento,Bom,Sem defeito,Perfeito estado,Seca,Perfeito estado,Não existe,R-6a,"",Única,Não existe,"",""
10849,2019-11-30T00:00:00,16:05:00,SEM VÍTIMA,FINALIZADA,BOA VISTA,RUA DA AURORA,573,TRV CORREIA NETO,EDF CAETÉ,RUA DA AURORA,573,EDF CAETÉ,BOA VISTA,,"",ABALROAMENTO LONGITUDINAL,COLISÃO SEM VITIMA,2,,,,,,,,1,0,,Longo da via,Bom,Não existe,Perfeito estado,Seca,Perfeito estado,Não existe,Não há placas,"",Única,Faixa seccionada,"",""
10850,2019-11-30T00:00:00,17:21:00,SEM VÍTIMA,FINALIZADA,SAN MARTIN,AV CONSUL VILARES FRAGOSO,470,RUA ITAPEMIRIM,AO LADO DA CAVALARIA PM,AV CONSUL VILARES FRAGOSO,470,AO LADO DA CAVALARIA PM,SAN MARTIN,,"",ABALROAMENTO TRANSVERSAL,COLISÃO SEM VITIMA,2,,,,,,,,,0,,Longo da via,Bom,Não existe,Perfeito estado,Seca,"",Não existe,Placas Pare,30 km/h,Dupla,Não existe,"",""
10851,2019-11-30T00:00:00,17:36:00,SEM VÍTIMA,CANCELADA,BOA VIAGEM,AV DOM JOAO VI,"","","POR TRAZ DO SHOPPING RECIFE , SENTIDO AEROPORTO",AV DOM JOAO VI,"","POR TRAZ DO SHOPPING RECIFE , SENTIDO AEROPORTO",BOA VIAGEM,639,"",COLISÃO,COLISÃO SEM VITIMA,1,,,,,1,,,,0,,"","","","","","","","","","","","",""
10852,2019-11-30T00:00:00,18:09:00,SEM VÍTIMA,FINALIZADA,VÁRZEA,AV CAXANGA,"","",SOBRE A PONTE MARECHAL HUMBERTO CASTELO BRANCO,AV CAXANGA,"",SOBRE A PONTE MARECHAL HUMBERTO CASTELO BRANCO,VÁRZEA,,SUBURBIO,COLISÃO TRASEIRA,JEEP RENEGADE X PALIO,2,,,,,,,,,0,,Ponte,Bom,Não existe,Perfeito estado,Seca,Perfeito estado,Não existe,Não há placas,"",Dupla,Faixa seccionada,Canteiro central,""
10853,2019-11-30T00:00:00,18:36:00,SEM VÍTIMA,FINALIZADA,VÁRZEA,RUA MARIO CAMPELO,346,"",EM FRENTE AO Nº 346,RUA MARIO CAMPELO,346,EM FRENTE AO Nº 346,VÁRZEA,,SUBURBIO,ABALROAMENTO LONGITUDINAL,TAXISTA COM SUSPEITA DE EMBRIAGUEZ OBS: POPULAÇAO QUERENDO LINCHAR O TAXISTA POLICIA NO LOCAL,2,,,,,1,,,1,0,,Longo da via,Bom,Não existe,Não existente,Seca,Perfeito estado,"",Não há placas,"",Dupla,Não existe,"",""
10854,2019-11-30T00:00:00,19:09:00,COM VÍTIMA,FINALIZADA,FUNDÃO,RUA CORONEL URBANO RIBEIRO DE SENA,"",AV BEBERIBE,NO CRUZAMENTO MESMO,RUA CORONEL URBANO RIBEIRO DE SENA,"",NO CRUZAMENTO MESMO,FUNDÃO,307,SUBURBIO,ABALROAMENTO LONGITUDINAL,AUTO E MOTO,1,1,,,,,,,,1,,Longo da via,Bom,Sem defeito,Perfeito estado,Seca,Perfeito estado,Faixa de pedestre,Não há placas,"",Dupla,Faixa contínua,Faixa seccionada,""
10855,2019-11-30T00:00:00,19:15:00,SEM VÍTIMA,FINALIZADA,TORRE,RUA PADRE LANDIM,"",RUA DOM MANOEL DA COSTA,"",RUA PADRE LANDIM,"","",TORRE,252,"",COLISÃO FRONTAL,MOTO X AUTO,1,1,,,,,,,,0,,Cruzamento,Bom,Sem defeito,Perfeito estado,Seca,Perfeito estado,"","","",Dupla,Faixa seccionada,"",""
10856,2019-11-30T00:00:00,22:48:00,SEM VÍTIMA,FINALIZADA,BOA VIAGEM,RUA RIBEIRO DE BRITO,1326,RUA AMALIA BERNARDINO DE SOUZA,ANTES DA SUBIDA DO VIADUTO TANCREDO NEVES,RUA RIBEIRO DE BRITO,1326,ANTES DA SUBIDA DO VIADUTO TANCREDO NEVES,BOA VIAGEM,,SUBURBIO,ABALROAMENTO LONGITUDINAL,COLISAO SEM VITIMAS,3,,,,,,,,,0,,Longo da via,Bom,Não existe,Perfeito estado,Seca,Perfeito estado,Não existe,Não há placas,"",Única,Faixa seccionada,"",""
10857,2019-11-30T00:00:00,23:10:00,SEM VÍTIMA,FINALIZADA,CASA AMARELA,AV NORTE,"","",EM FRENTE AO CAPS,AV NORTE,"",EM FRENTE AO CAPS,CASA AMARELA,,SUBURBIO,ABALROAMENTO LONGITUDINAL,COLISAO SEM VITIMAS,2,,,,,,,,,0,,Longo da via,Bom,Não existe,Perfeito estado,Seca,Perfeito estado,Não existe,Não há placas,60 km/h,Dupla,Blocos,"",""