_id,DATA,hora,natureza_acidente,situacao,bairro,endereco,numero,detalhe_endereco_acidente,complemento,endereco_cruzamento,numero_cruzamento,referencia_cruzamento,bairro_cruzamento,num_semaforo,sentido_via,tipo,descricao,auto,moto,ciclom,ciclista,pedestre,onibus,caminhao,viatura,outros,vitimas,vitimasfatais,acidente_verificado,tempo_clima,situacao_semaforo,sinalizacao,condicao_via,conservacao_via,ponto_controle,situacao_placa,velocidade_max_via,mao_direcao,divisao_via1,divisao_via2,divisao_via3
10969,2019-12-03T00:00:00,12:18:00,SEM VÍTIMA,CANCELADA,AFLITOS,AV CONS ROSA E SILVA,"",RUA CONS PORTELA,EM FRENTE AO BOMPREÇO,AV CONS ROSA E SILVA,"",EM FRENTE AO BOMPREÇO,AFLITOS,,"",COLISÃO,COLISÃO SEM VÍTIMA,1,,,,,1,,,,0,,"","","","","","","","","","","","",""
10970,2019-12-03T00:00:00,12:42:00,SEM VÍTIMA,CANCELADA,VASCO DA GAMA,RUA SANTA MARIA GORETTI,309,"",E/F A ESCOLA SANTA MARIA GORETTI,RUA SANTA MARIA GORETTI,309,E/F A ESCOLA SANTA MARIA GORETTI,VASCO DA GAMA,,"",CHOQUE OBJETO FIXO,VEICULO CHOCOU COM O MURO DE UMA RESIDENCIA,1,,,,,,,,,0,,"","","","","","","","","","","","",""
10971,2019-12-03T00:00:00,12:47:00,SEM VÍTIMA,FINALIZADA,SANTO AMARO,AV CRUZ CABUGA,"","",EM FRENTE AO TACARUNA,AV CRUZ CABUGA,"",EM FRENTE AO TACARUNA,SANTO AMARO,,CIDADE,COLISÃO,COLISÃO SEM VÍTIMA,2,,,,,,,,,0,,"","","","","","","","","","","","",""
10972,2019-12-03T00:00:00,12:55:00,SEM VÍTIMA,FINALIZADA,MADALENA,AV VISCONDE DE ALBUQUERQUE,796,"","",AV VISCONDE DE ALBUQUERQUE,796,"",MADALENA,,"",COLISÃO TRASEIRA,COLISAO ENTRE DOIS AUTOS S./V,2,,,,,,,,,0,,Longo da via,Bom,Não existe,Perfeito estado,Seca,Perfeito estado,Não existe,R-6a,"",Única,Faixa seccionada,"",""
10973,2019-12-03T00:00:00,13:30:00,SEM VÍTIMA,FINALIZADA,SANTO AMARO,AV MARIO MELO,"",AV CRUZ CABUGA,AO LADO DA ASSEMBLEIA DE DEUS,AV MARIO MELO,"",AO LADO DA ASSEMBLEIA DE DEUS,SANTO AMARO,,"",COLISÃO,COLISÃO SEM VÍTIMA,1,,,,,,1,,,0,,"","","","","","","","","","","","",""
10974,2019-12-03T00:00:00,14:08:00,SEM VÍTIMA,FINALIZADA,MACAXEIRA,AV NORTE,7487,"",EM FRENTE A ESCOLA TÉCNICA ESTADUAL MIGUEL BATISTA,AV NORTE,7487,EM FRENTE A ESCOLA TÉCNICA ESTADUAL MIGUEL BATISTA,MACAXEIRA,451,CIDADE,ABALROAMENTO LONGITUDINAL,ENTRE CAMINHÃO X AUTO PASSEIO S/V,1,,,,,,1,,,0,,Longo da via,Bom,Sem defeito,Perfeito estado,Seca,Perfeito estado,Faixa de pedestre,R-6a,20 km/h,Dupla,Faixa seccionada,Canteiro central,""
10975,2019-12-03T00:00:00,14:23:00,SEM VÍTIMA,CANCELADA,SÃO JOSÉ,RUA SAO JOAO,13,"",AO LADO DA ESTAÇÃO CENTRAL DO RECIFE E PROXIMO AO EDIFICIO GARAGEM DA SECRETARIA DA FAZENDA,RUA SAO JOAO,13,AO LADO DA ESTAÇÃO CENTRAL DO RECIFE E PROXIMO AO EDIFICIO GARAGEM DA SECRETARIA DA FAZENDA,SÃO JOSÉ,,"",COLISÃO,COLISÃO SEM VÍTIMA,1,,,,,,1,,,0,,"","","","","","","","","","","","",""
10976,2019-12-03T00:00:00,15:36:00,SEM VÍTIMA,FINALIZADA,PARNAMIRIM,AV DEZESSETE DE AGOSTO,335,"",EMPRESARIAL CENTRUM,AV DEZESSETE DE AGOSTO,335,EMPRESARIAL CENTRUM,PARNAMIRIM,614,CIDADE,ABALROAMENTO LONGITUDINAL,ENTRE DOIS AUTOS S/V,2,,,,,,,,,0,,Longo da via,Bom,Sem defeito,Perfeito estado,Seca,Perfeito estado,Faixa de pedestre,R-6a,"",Dupla,Faixa contínua,"",""
10977,2019-12-03T00:00:00,15:45:00,SEM VÍTIMA,FINALIZADA,BOA VIAGEM,AV BOA VIAGEM,500,"",CAFETERIA SANTA CLARA,AV BOA VIAGEM,500,CAFETERIA SANTA CLARA,BOA VIAGEM,,CIDADE,ABALROAMENTO LONGITUDINAL,ENTRE TRÊS AUTOS S/V,3,,,,,,,,,0,,Longo da via,Bom,Não existe,Perfeito estado,Seca,Perfeito estado,Não existe,Não há placas,60 km/h,Única,Faixa contínua,"",""
10978,2019-12-03T00:00:00,16:09:00,SEM VÍTIMA,FINALIZADA,ESPINHEIRO,RUA DR FERNANDO ALLAIN,136,"",COLÉGIO TERCEIRO MILÊNIO,RUA DR FERNANDO ALLAIN,136,COLÉGIO TERCEIRO MILÊNIO,ESPINHEIRO,,CIDADE,ABALROAMENTO LONGITUDINAL,COLISÃO SEM VÍTIMA,1,,,,,,1,,,0,,Longo da via,Bom,Não existe,Perfeito estado,Seca,Perfeito estado,Não existe,Outras,"",Única,Não existe,"",""
10979,2019-12-03T00:00:00,16:15:00,SEM VÍTIMA,CANCELADA,PINA,AV CONSUL JOSEPH NOUJAIM,165,RUA NOGUEIRA DE SOUZA,ANTES DO TUNEL DO PINA,AV CONSUL JOSEPH NOUJAIM,165,ANTES DO TUNEL DO PINA,PINA,,"",COLISÃO,COLISAO ENTRE DOIS AUTOS S/V,2,,,,,,,,,0,,"","","","","","","","","","","","",""
10980,2019-12-03T00:00:00,16:20:00,SEM VÍTIMA,FINALIZADA,SANTO ANTÔNIO,RUA ESTREITA DO ROSARIO,"",AV MARTINS DE BARROS,AO LADO DA PRAÇA DEZESSETE,RUA ESTREITA DO ROSARIO,"",AO LADO DA PRAÇA DEZESSETE,SANTO ANTÔNIO,,CIDADE,ABALROAMENTO LONGITUDINAL,ENTRE DOIS AUTOS S/V,3,,,,,,,,,0,,Longo da via,Bom,Não existe,Perfeito estado,Seca,Perfeito estado,"","","",Única,Não existe,"",""
10981,2019-12-03T00:00:00,16:25:00,SEM VÍTIMA,FINALIZADA,"",RUA BALTAZAR PASSOS,680,"","",RUA BALTAZAR PASSOS,680,"","",154,CIDADE,COLISÃO TRASEIRA,ENTRE DOIS AUTOS S/V,2,,,,,,,,,0,,Longo da via,Bom,Sem defeito,Perfeito estado,Seca,Perfeito estado,Faixa de pedestre,R-6a,"",Única,Faixa contínua,"",""
10982,2019-12-03T00:00:00,16:32:00,SEM VÍTIMA,FINALIZADA,ESPINHEIRO,RUA DR FERNANDO ALLAIN,45,"",MENEZES E PESSOA ADVOCACIA,RUA DR FERNANDO ALLAIN,45,MENEZES E PESSOA ADVOCACIA,ESPINHEIRO,,CIDADE,COLISÃO FRONTAL,COLISÃO SEM VÍTIMA,2,,,,,,,,,0,,Longo da via,Bom,Não existe,Perfeito estado,Seca,Perfeito estado,Não existe,Outras,"",Dupla,Não existe,"",""
10983,2019-12-03T00:00:00,16:59:00,SEM VÍTIMA,FINALIZADA,BAIRRO DO RECIFE,CAIS DA ALFANDEGA,130,"",EM FRENTE AO ESTACIONAMENTO AO CAIS DO RECIFE,CAIS DA ALFANDEGA,130,EM FRENTE AO ESTACIONAMENTO AO CAIS DO RECIFE,BAIRRO DO RECIFE,477,SUBURBIO,ABALROAMENTO LONGITUDINAL,COLISAO ENTRE AUTO E CARRETA S/V,1,,,,,,1,,,0,,Longo da via,Bom,Sem defeito,Ilegível,Seca,Perfeito estado,Não existe,Não há placas,30 km/h,Única,Faixa seccionada,"",""
10984,2019-12-03T00:00:00,17:11:00,COM VÍTIMA,FINALIZADA,SÃO JOSÉ,PTE GIRATORIA,"","",SOBRE A PONTE.,PTE GIRATORIA,"",SOBRE A PONTE.,SÃO JOSÉ,473,SUBURBIO,ABALROAMENTO LONGITUDINAL,COLISAO ENTRE MOTO E DOIS AUTOS COM UMA VITIMA,2,1,,,,,,,,1,,Ponte,Bom,Sem defeito,Perfeito estado,Seca,Perfeito estado,Não existe,Não há placas,"",Dupla,Faixa seccionada,Canteiro central,""
10985,2019-12-03T00:00:00,17:16:00,SEM VÍTIMA,FINALIZADA,BOA VIAGEM,AV DOM JOAO VI,968,"",POR TRÁS DO BIG BOMPREÇO,AV DOM JOAO VI,968,POR TRÁS DO BIG BOMPREÇO,BOA VIAGEM,,CIDADE,COLISÃO TRASEIRA,ENRE DOIS AUTOSS/V,2,,,,,,,,,0,,Longo da via,Bom,Não existe,Perfeito estado,Seca,Perfeito estado,Não existe,Não há placas,"",Dupla,Canal,"",""
10986,2019-12-03T00:00:00,18:11:00,COM VÍTIMA,FINALIZADA,ILHA DO RETIRO,AV ENGENHEIRO ABDIAS DE CARVALHO,"",RUA SENADOR FABIO DE BARROS,NA ROTATÓRIA. EM FRENTE AO POSTO IPIRANGA.,AV ENGENHEIRO ABDIAS DE CARVALHO,"",NA ROTATÓRIA. EM FRENTE AO POSTO IPIRANGA.,ILHA DO RETIRO,,SUBURBIO,ABALROAMENTO LONGITUDINAL,DOIS AUTOS E UMA MOTO.,2,1,,,,,,,,1,,Longo da via,Bom,Não existe,Incompleta,Seca,Outros,Não existe,R-6a,"",Dupla,Canteiro central,"",""
10987,2019-12-03T00:00:00,18:38:00,SEM VÍTIMA,FINALIZADA,JAQUEIRA,RUA ANTENOR NAVARRO,"","",C. NOSSA SENHORA DE LOURDES,RUA ANTENOR NAVARRO,"",C. NOSSA SENHORA DE LOURDES,JAQUEIRA,,SUBURBIO,ABALROAMENTO LONGITUDINAL,ENTRE DOIS AUTOS S/V,2,,,,,,,,,0,,Longo da via,Bom,Não existe,Perfeito estado,Seca,Perfeito estado,"",Não há placas,40 km/h,Única,"","",""
10988,2019-12-03T00:00:00,18:59:00,COM VÍTIMA,FINALIZADA,FUNDÃO,AV BEBERIBE,2442,RUA SAO JOAQUIM DO MONTE,ENTRE POSTO DE GASOLINA BR E DISK GAS,AV BEBERIBE,2442,ENTRE POSTO DE GASOLINA BR E DISK GAS,FUNDÃO,153,"",ABALROAMENTO TRANSVERSAL,PALIO X MOTO,1,1,,,,,,,,1,,Esquina,Bom,Sem defeito,Perfeito estado,Seca,Perfeito estado,Não existe,Outras,"",Dupla,Faixa seccionada,Faixa contínua,""
10989,2019-12-03T00:00:00,20:02:00,COM VÍTIMA,FINALIZADA,JAQUEIRA,RUA SIMAO MENDES,200,"",PROXIMO AO PARQUE DA JAQUEIRA,RUA SIMAO MENDES,200,PROXIMO AO PARQUE DA JAQUEIRA,JAQUEIRA,,SUBURBIO,ABALROAMENTO LONGITUDINAL,COLISÃO AUTO X MOTO C/VITIMA,1,1,,,,,,,,1,,Longo da via,Bom,Não existe,Ilegível,Seca,Mal iluminada,Não existe,R-6a,40 km/h,Dupla,Não existe,"",""
10990,2019-12-03T00:00:00,20:27:00,COM VÍTIMA,CANCELADA,BAIRRO DO RECIFE,PTE BUARQUE DE MACEDO,"","",SOBRE A PONTE,PTE BUARQUE DE MACEDO,"",SOBRE A PONTE,BAIRRO DO RECIFE,,"",COLISÃO,ONIBUS RODOTUR X MOTO,,1,,,,1,,,,1,,"","","","","","","","","","","","",""
10991,2019-12-03T00:00:00,20:32:00,COM VÍTIMA,FINALIZADA,BOA VIAGEM,AV ENGENHEIRO DOMINGOS FERREIRA,"",RUA ANTONIO FALCAO,E/F AO CARREFOUR,AV ENGENHEIRO DOMINGOS FERREIRA,"",E/F AO CARREFOUR,BOA VIAGEM,145,SUBURBIO,ABALROAMENTO LONGITUDINAL,DOIS ONIBUS X AUTO PASSEIO X MOTO COM VÍTIMA,1,1,,,,2,,,,7,,Cruzamento,Bom,Sem defeito,Perfeito estado,Seca,Perfeito estado,Faixa de pedestre,R-25d,"",Única,Faixa seccionada,"",""
10992,2019-12-03T00:00:00,21:39:00,SEM VÍTIMA,FINALIZADA,SANTO AMARO,AV CRUZ CABUGA,"","","",AV CRUZ CABUGA,"","",SANTO AMARO,455,CIDADE,ABALROAMENTO LONGITUDINAL,ENTRE AUTO PASSEIO X MOTO S/V,1,1,,,,,,,,0,,Longo da via,Bom,Sem defeito,Perfeito estado,Seca,Perfeito estado,Faixa de pedestre,R-6a,"",Única,Faixa contínua,Faixa seccionada,""
10993,2019-12-03T00:00:00,21:58:00,SEM VÍTIMA,CANCELADA,BOA VIAGEM,RUA ANTONIO FALCAO,472,RUA FRANCISCO DA CUNHA,ENF A COMERCIAL LOSAN HIDROCOR,RUA ANTONIO FALCAO,472,ENF A COMERCIAL LOSAN HIDROCOR,BOA VIAGEM,,"",COLISÃO,ONIBUS VITAL ENGENHARIA X HILUX,1,,,,,1,,,,0,,"","","","","","","","","","","","",""
10994,2019-12-03T00:00:00,22:32:00,SEM VÍTIMA,FINALIZADA,IMBIRIBEIRA,RUA SARGENTO SILVINO DE MACEDO,"",RUA JOSE DA SILVA LUCENA,"",RUA SARGENTO SILVINO DE MACEDO,"","",IMBIRIBEIRA,,SUBURBIO,ABALROAMENTO TRANSVERSAL,SANDERO X PALIO,2,,,,,,,,,0,,Cruzamento,Bom,"","","","",Não existe,Não há placas,"",Dupla,Não existe,"",""
10995,2019-12-03T00:00:00,22:36:00,COM VÍTIMA,FINALIZADA,DOIS IRMÃOS,RUA MANUEL DE MEDEIROS,1360,"",E/F AO CENTRO DE ZOOTECNIA,RUA MANUEL DE MEDEIROS,1360,E/F AO CENTRO DE ZOOTECNIA,DOIS IRMÃOS,,SUBURBIO,COLISÃO FRONTAL,DOIS AUTOS COM VÍTIMA,2,1,,,,,,,,2,,Longo da via,Bom,Não existe,Não existente,Seca,Perfeito estado,Não existe,Não há placas,"",Dupla,Faixa seccionada,"",""
10996,2019-12-03T00:00:00,22:57:00,SEM VÍTIMA,FINALIZADA,ILHA DO RETIRO,RUA SPORT CLUBE DO RECIFE,"",AV JOSE GONCALVES DE MEDEIROS,LOJAS JURANDIR PIRES,RUA SPORT CLUBE DO RECIFE,"",LOJAS JURANDIR PIRES,ILHA DO RETIRO,,SUBURBIO,ABALROAMENTO LONGITUDINAL,ENTRE DOIS AUTOS S/V,2,,,,,,,,,0,,Longo da via,Bom,Não existe,Perfeito estado,Seca,Perfeito estado,Não existe,Não há placas,"",Dupla,Canteiro central,"",""
10997,2019-12-04T00:00:00,01:40:00,SEM VÍTIMA,FINALIZADA,BOA VIAGEM,AV BOA VIAGEM,3296,"","",AV BOA VIAGEM,3296,"",BOA VIAGEM,547,CIDADE,COLISÃO TRASEIRA,"COLISÃO ENTRE DOIS AUTOS, SEM VÍTIMAS",2,,,,,,,,,0,,Longo da via,Bom,Sem defeito,Perfeito estado,Seca,Perfeito estado,Faixa de pedestre,"","",Única,Faixa contínua,Faixa seccionada,""
10998,2019-12-04T00:00:00,05:50:00,COM VÍTIMA,FINALIZADA,ÁGUA FRIA,RUA ALEGRE,355,"",PROX DA J E C MOTO PEÇAS SERVIÇOS,RUA ALEGRE,355,PROX DA J E C MOTO PEÇAS SERVIÇOS,ÁGUA FRIA,,SUBURBIO,CHOQUE OBJETO FIXO,AUTO CHOCOU-SE EM MURO DA RESIDÊNCIA,1,,,,,,,,,1,,Longo da via,Bom,"",Perfeito estado,Seca,Perfeito estado,"","","",Única,Faixa seccionada,"",""
10999,2019-12-04T00:00:00,06:33:00,COM VÍTIMA,FINALIZADA,ESPINHEIRO,VDO INDEPENDENCIA,"","","SOBRE O VIADUTO INDEPENDENCIA ,SENTIDO BOA VIAGEM",VDO INDEPENDENCIA,"","SOBRE O VIADUTO INDEPENDENCIA ,SENTIDO BOA VIAGEM",ESPINHEIRO,,CIDADE,ACID. DE PERCURSO,OLÉO NA VIA,,2,,,,,,,,2,,Longo da via,Bom,Não existe,Perfeito estado,Oleosa,Perfeito estado,Não existe,Não há placas,"",Única,Faixa contínua,"",""
11000,2019-12-04T00:00:00,07:06:00,SEM VÍTIMA,FINALIZADA,CASA AMARELA,AV NORTE,5953,"",EM FRENTE A HONDA MOTOS E A IGREJA BATISTA DO ARRAIAL,AV NORTE,5953,EM FRENTE A HONDA MOTOS E A IGREJA BATISTA DO ARRAIAL,CASA AMARELA,,CIDADE,COLISÃO,COLISÃO SEM VITIMAS,,,,,,,2,,,0,,"","","","","","","","","","","","",""
11001,2019-12-04T00:00:00,07:06:00,SEM VÍTIMA,FINALIZADA,MADALENA,EST DOS REMEDIOS,2226,"",EM FRENTE AO PONTO DE ÔNIBUS,EST DOS REMEDIOS,2226,EM FRENTE AO PONTO DE ÔNIBUS,MADALENA,,"",ABALROAMENTO LONGITUDINAL,ONIBUS E AUTO,1,,,,,1,,,,0,,Longo da via,Bom,Não existe,Perfeito estado,Seca,Perfeito estado,Não existe,Outras,60 km/h,Única,Faixa seccionada,"",""
11002,2019-12-04T00:00:00,07:41:00,SEM VÍTIMA,FINALIZADA,AFOGADOS,AV SUL,"","",POR TRÁS DA LOJA LUMIAÇO,AV SUL,"",POR TRÁS DA LOJA LUMIAÇO,AFOGADOS,,CIDADE,ABALROAMENTO LONGITUDINAL,COLISÃO SEM VITIMAS,1,,,,,,1,,,0,,Longo da via,Bom,Não existe,Perfeito estado,Seca,Perfeito estado,Não existe,Não há placas,"",Única,Faixa contínua,Faixa seccionada,""
11003,2019-12-04T00:00:00,07:51:00,SEM VÍTIMA,FINALIZADA,MADALENA,RUA GALVAO RAPOSO,"",RUA ERNANI BRAGA,AO LADO DO Nº 377,RUA GALVAO RAPOSO,"",AO LADO DO Nº 377,MADALENA,,"",ABALROAMENTO TRANSVERSAL,COLISÃO SEM VITIMAS,2,,,,,,,,,0,,Cruzamento,Bom,Não existe,Perfeito estado,Seca,Perfeito estado,Faixa de retenção,Placas Pare,"",Dupla,Faixa contínua,Faixa seccionada,""
11004,2019-12-04T00:00:00,07:52:00,SEM VÍTIMA,FINALIZADA,SANTO AMARO,AV CRUZ CABUGA,347,RUA DR JOAO VIEIRA DE MENEZES,FACULDADE FAMA,AV CRUZ CABUGA,347,FACULDADE FAMA,SANTO AMARO,,CIDADE,COLISÃO TRASEIRA,SEM VITIMAS,2,,,,,,,,,0,,Cruzamento,Bom,Não existe,Perfeito estado,Seca,Perfeito estado,Faixa de pedestre,Outras,"",Dupla,Faixa contínua,"",""
11005,2019-12-04T00:00:00,07:59:00,COM VÍTIMA,FINALIZADA,MADALENA,RUA NOBRE DE LACERDA,176,RUA MONSENHOR JULIO MARIA,RUA EM FRENTE A NAGEM,RUA NOBRE DE LACERDA,176,RUA EM FRENTE A NAGEM,MADALENA,,"",ABALROAMENTO TRANSVERSAL,AUTO E MOTO,1,1,,,,,,,,1,,Cruzamento,Bom,Não existe,Perfeito estado,Seca,Perfeito estado,Não existe,Placas Pare,"","",Não existe,"",""
11006,2019-12-04T00:00:00,08:13:00,SEM VÍTIMA,EM ABERTO,IMBIRIBEIRA,AV MARECHAL MASCARENHAS DE MORAES,5777,"",EM FRENTE A CAIXA ECONÔMICA FEDERAL,AV MARECHAL MASCARENHAS DE MORAES,5777,EM FRENTE A CAIXA ECONÔMICA FEDERAL,IMBIRIBEIRA,,SUBURBIO,ABALROAMENTO LONGITUDINAL,"",1,,,,,,1,,,0,,Longo da via,Bom,Não existe,Perfeito estado,Seca,Perfeito estado,Não existe,R-6c,60 km/h,Dupla,Canteiro central,"",""
11007,2019-12-04T00:00:00,08:32:00,SEM VÍTIMA,FINALIZADA,AFOGADOS,RUA TURIACU,180,"",RESIDENCIAL TORRES GÊMEAS,RUA TURIACU,180,RESIDENCIAL TORRES GÊMEAS,AFOGADOS,,CIDADE,ABALROAMENTO LONGITUDINAL,SEM VITIMAS,1,,,,,,1,,,0,,Longo da via,Bom,Não existe,Não existente,Seca,Mal conservada,Não existe,Não há placas,"",Dupla,Não existe,"",""
11008,2019-12-04T00:00:00,08:33:00,SEM VÍTIMA,FINALIZADA,SANTO ANTÔNIO,AV MARTINS DE BARROS,593,RUA NOSSA SRA DO CARMO,"AV N S DO CARMO, DIGO FORÚM THOMAZ DE AQUINO C. W",AV MARTINS DE BARROS,593,"AV N S DO CARMO, DIGO FORÚM THOMAZ DE AQUINO C. W",SANTO ANTÔNIO,204,CIDADE,ABALROAMENTO TRANSVERSAL,COLISÃO SEM VITIMAS,2,,,,,,,,,0,,Cruzamento,Bom,Sem defeito,Perfeito estado,Seca,Perfeito estado,Faixa de pedestre,R-6b,"",Dupla,Canteiro central,"",""
11009,2019-12-04T00:00:00,08:43:00,COM VÍTIMA,FINALIZADA,ÁGUA FRIA,AV BEBERIBE,"",RUA ALEGRE,CRUZAMENTO COM A RUA ALEGRE,AV BEBERIBE,"",CRUZAMENTO COM A RUA ALEGRE,ÁGUA FRIA,64,CIDADE,ABALROAMENTO TRANSVERSAL,COLISÃO COM VITIMA SOCORRIDO PELOS BOMBEIROS,1,1,,,,,,,,1,,Cruzamento,Bom,Sem defeito,Perfeito estado,Seca,Perfeito estado,Faixa de pedestre,"","",Dupla,"","",""
11010,2019-12-04T00:00:00,08:46:00,SEM VÍTIMA,FINALIZADA,VÁRZEA,RUA ABATIA,116,RUA PADRE CHAMPAGNAT,EM FRENTE AO EDF. JULIO NOBREGA,RUA ABATIA,116,EM FRENTE AO EDF. JULIO NOBREGA,VÁRZEA,,"",ABALROAMENTO LONGITUDINAL,AUTO E 2 MOTOS,1,2,,,,,,,,0,,Longo da via,Bom,Não existe,Não existente,Seca,Mal conservada,Não existe,Não há placas,"",Dupla,Não existe,"",""
11011,2019-12-04T00:00:00,09:34:00,SEM VÍTIMA,FINALIZADA,MACAXEIRA,AV NORTE,7750,"",ESCOLA ESTADUAL MARIA AMÁLIA,AV NORTE,7750,ESCOLA ESTADUAL MARIA AMÁLIA,MACAXEIRA,451,"",COLISÃO TRASEIRA,SEM VITIMAS,2,,,,,,,,,0,,Longo da via,Bom,Sem defeito,Perfeito estado,Seca,Perfeito estado,Faixa de pedestre,"",60 km/h,Dupla,Canteiro central,"",""
11012,2019-12-04T00:00:00,09:39:00,SEM VÍTIMA,FINALIZADA,BAIRRO DO RECIFE,AV MILITAR,"","",PRÓXIMO A ENTRADA DO PORTO DO RECIFE,AV MILITAR,"",PRÓXIMO A ENTRADA DO PORTO DO RECIFE,BAIRRO DO RECIFE,,SUBURBIO,ABALROAMENTO LONGITUDINAL,COLISÃO S/VITIMAS ENTRE DOIS AUTOS,2,,,,,,,,,0,,Longo da via,Bom,Não existe,Perfeito estado,Seca,Perfeito estado,Não existe,"","",Dupla,Canteiro central,"",""
11013,2019-12-04T00:00:00,09:54:00,SEM VÍTIMA,FINALIZADA,IMBIRIBEIRA,AV MARECHAL MASCARENHAS DE MORAES,201,"",LOJAS FLOR ARTE,AV MARECHAL MASCARENHAS DE MORAES,201,LOJAS FLOR ARTE,IMBIRIBEIRA,,CIDADE,COLISÃO TRASEIRA,COLISÃO SEM VITIMAS,2,,,,,,,,,0,,Longo da via,Bom,Não existe,Perfeito estado,Seca,Perfeito estado,Não existe,Não há placas,60 km/h,Dupla,Canteiro central,"",""
11014,2019-12-04T00:00:00,09:55:00,SEM VÍTIMA,DUPLICIDADE,BAIRRO DO RECIFE,CAIS DO APOLO,"","","APOS A ANTIGA FABRICA DA PILAR, PROX. AO POSTO DE GASOLINA SHELL SENT. OLINDA",CAIS DO APOLO,"","APOS A ANTIGA FABRICA DA PILAR, PROX. AO POSTO DE GASOLINA SHELL SENT. OLINDA",BAIRRO DO RECIFE,,"",COLISÃO,DOIS AUTOS,2,,,,,,,,,0,,"","","","","","","","","","","","",""
11015,2019-12-04T00:00:00,09:59:00,SEM VÍTIMA,FINALIZADA,CORDEIRO,AV MAURICIO DE NASSAU,"","",FRENTE AO CONJ HABITACIONAL DO CORDEIRO,AV MAURICIO DE NASSAU,"",FRENTE AO CONJ HABITACIONAL DO CORDEIRO,CORDEIRO,597,"",COLISÃO TRASEIRA,COLISÃO SEM VITIMAS,2,,,,,,,,,0,,Longo da via,Bom,Sem defeito,Perfeito estado,Seca,"",Faixa de pedestre,Outras,"",Dupla,Não existe,"",""
11016,2019-12-04T00:00:00,11:13:00,COM VÍTIMA,FINALIZADA,SAN MARTIN,AV GENERAL SAN MARTIN,"","",LADO OPOSTO A CAVALARIA DIAS CARDOSO,AV GENERAL SAN MARTIN,"",LADO OPOSTO A CAVALARIA DIAS CARDOSO,SAN MARTIN,,"",COLISÃO COM CICLISTA,COLISÃO COM VÍTIMA/ O VEÍCULO EVADIU-SE DO LOCAL,1,,,1,,,,,,1,,Longo da via,Bom,Não existe,Perfeito estado,Seca,Perfeito estado,Não existe,R-6a,"",Dupla,Faixa contínua,Faixa seccionada,""
11017,2019-12-04T00:00:00,11:29:00,SEM VÍTIMA,FINALIZADA,BOA VIAGEM,RUA ERNESTO DE PAULA SANTOS,"",RUA AMALIA BERNARDINO DE SOUZA,EM FRENTE A FACULDADE MAURICIODE NASSAU,RUA ERNESTO DE PAULA SANTOS,"",EM FRENTE A FACULDADE MAURICIODE NASSAU,BOA VIAGEM,,"",COLISÃO,SEM VITIMAS,1,1,,,,,,,,0,,"","","","","","","","","","","","",""
11018,2019-12-04T00:00:00,11:40:00,SEM VÍTIMA,FINALIZADA,SÃO JOSÉ,RUA IMPERIAL,738,RUA BOA ESPERANCA,EM FRENTE AO MARTELINHO DE OURO,RUA IMPERIAL,738,EM FRENTE AO MARTELINHO DE OURO,SÃO JOSÉ,,SUBURBIO,ABALROAMENTO LONGITUDINAL,COLISÃO SEM VITIMAS,,1,,,,,1,,,0,,Cruzamento,Bom,Não existe,Não existente,Seca,Perfeito estado,Não existe,R-4a,"",Única,Não existe,"",""
11019,2019-12-04T00:00:00,12:04:00,SEM VÍTIMA,CANCELADA,VASCO DA GAMA,RUA ITABORA,885,"",NA RUA DO BAR CABEÇA DE GALO,RUA ITABORA,885,NA RUA DO BAR CABEÇA DE GALO,VASCO DA GAMA,,"",COLISÃO,COLISAO S/ VITIMAS ENTRE UMA MOTO A UM AUTO,1,1,,,,,,,,0,,"","","","","","","","","","","","",""
11020,2019-12-04T00:00:00,12:18:00,SEM VÍTIMA,FINALIZADA,CASA AMARELA,AV NORTE,"",AV PEDRO ALLAIN,RETIFICA PADRÃO,AV NORTE,"",RETIFICA PADRÃO,CASA AMARELA,95,CIDADE,COLISÃO TRASEIRA,COLISÃO S/VITIMAS ENTRE DOIS AUTOS,2,,,,,,,,,0,,Cruzamento,Bom,Sem defeito,Incompleta,Seca,Perfeito estado,Não existe,Não há placas,60 km/h,Única,Canteiro central,"",""
11021,2019-12-04T00:00:00,12:23:00,SEM VÍTIMA,CANCELADA,GUABIRABA,RUA DAS FLORES,6420,"",PROX A UPINHA,RUA DAS FLORES,6420,PROX A UPINHA,GUABIRABA,,"",COLISÃO,COLISAO ENTRE DOIS AUTOS S/V,2,,,,,,,,,0,,"","","","","","","","","","","","",""
11022,2019-12-04T00:00:00,12:30:00,COM VÍTIMA,FINALIZADA,ENCRUZILHADA,AV NORTE,2383,"",E/F AO EDF. SÃO PEDRO,AV NORTE,2383,E/F AO EDF. SÃO PEDRO,ENCRUZILHADA,,CIDADE,ABALROAMENTO LONGITUDINAL,COLISÃO C/VITIMA ENTRE UM AUTO E UMA MOTO,1,1,,,,,,,,1,,Longo da via,Bom,Sem defeito,Perfeito estado,Seca,Perfeito estado,"","","",Dupla,"","",""
11023,2019-12-04T00:00:00,12:53:00,SEM VÍTIMA,CANCELADA,PINA,AV ENCANTA MOCA,540A,"",EM FRENTE AO GEMA GRUPO ESPIRITA,AV ENCANTA MOCA,540A,EM FRENTE AO GEMA GRUPO ESPIRITA,PINA,,"",COLISÃO,COLISÃO SEM VÍTIMA,1,,,,,1,,,,0,,"","","","","","","","","","","","",""