_id,DATA,hora,natureza_acidente,situacao,bairro,endereco,numero,detalhe_endereco_acidente,complemento,endereco_cruzamento,numero_cruzamento,referencia_cruzamento,bairro_cruzamento,num_semaforo,sentido_via,tipo,descricao,auto,moto,ciclom,ciclista,pedestre,onibus,caminhao,viatura,outros,vitimas,vitimasfatais,acidente_verificado,tempo_clima,situacao_semaforo,sinalizacao,condicao_via,conservacao_via,ponto_controle,situacao_placa,velocidade_max_via,mao_direcao,divisao_via1,divisao_via2,divisao_via3
11024,2019-12-04T00:00:00,13:04:00,SEM VÍTIMA,FINALIZADA,MADALENA,RUA JOSE OSORIO,651,AV BEIRA RIO,SOB O SEMÁFORO 387,RUA JOSE OSORIO,651,SOB O SEMÁFORO 387,MADALENA,387,SUBURBIO,ABALROAMENTO LONGITUDINAL,COLISAO ENTRE DOIS AUTOS S/V,2,,,,,,,,,0,,Cruzamento,Bom,Sem defeito,Perfeito estado,Seca,Perfeito estado,Agente,Outras,"",Única,Faixa contínua,"",""
11025,2019-12-04T00:00:00,13:16:00,SEM VÍTIMA,FINALIZADA,SAN MARTIN,AV GENERAL SAN MARTIN,2442,"",FRENTE AO COLEGIO ADVENTISTA,AV GENERAL SAN MARTIN,2442,FRENTE AO COLEGIO ADVENTISTA,SAN MARTIN,371,"",CHOQUE VEÍCULO PARADO,COLISAO ENTRE TRES AUTOS S/V,3,,,,,,,,,0,,Longo da via,Bom,Sem defeito,Perfeito estado,Seca,Perfeito estado,Faixa de pedestre,Outras,"",Dupla,"","",""
11026,2019-12-04T00:00:00,13:18:00,SEM VÍTIMA,FINALIZADA,DERBY,AV GOVERNADOR AGAMENON MAGALHAES,"","",EM FRENTE HOSPITAL PORTUGUÊS,AV GOVERNADOR AGAMENON MAGALHAES,"",EM FRENTE HOSPITAL PORTUGUÊS,DERBY,,SUBURBIO,ABALROAMENTO LONGITUDINAL,COLISÃO S/VITIMAS ENTRE DOIS AUTOS,2,,,,,,,,,0,,Longo da via,Bom,Não existe,Perfeito estado,Seca,Perfeito estado,"",Não há placas,60 km/h,Dupla,Faixa seccionada,Canteiro central,""
11027,2019-12-04T00:00:00,13:21:00,SEM VÍTIMA,FINALIZADA,SAN MARTIN,RUA SENADOR ALBERTO PASQUALINI,2003,AV RECIFE,"",RUA SENADOR ALBERTO PASQUALINI,2003,"",SAN MARTIN,259,CIDADE,COLISÃO FRONTAL,COLISÃO SEM VÍTIMA,3,,,,,,,,,0,,Longo da via,Bom,Sem defeito,Perfeito estado,Seca,Perfeito estado,Não existe,Não há placas,"",Única,Faixa seccionada,"",""
11028,2019-12-04T00:00:00,13:22:00,SEM VÍTIMA,FINALIZADA,GRAÇAS,RUA AMELIA,"",AV RUI BARBOSA,E/F AO POSTO SHELL,RUA AMELIA,"",E/F AO POSTO SHELL,GRAÇAS,,"",COLISÃO,COLISAO ENTRE DOIS AUTOS E UMA MOTO S/V,2,1,,,,,,,,0,,"","","","","","","","","","","","",""
11029,2019-12-04T00:00:00,13:55:00,SEM VÍTIMA,FINALIZADA,BOA VIAGEM,RUA VISCONDE DE JEQUITINHONHA,1144,"","",RUA VISCONDE DE JEQUITINHONHA,1144,"",BOA VIAGEM,129,SUBURBIO,COLISÃO TRASEIRA,COLISÃO S/VITIMAS ENTRE DOIS AUTOS,2,,,,,,,,,0,,Longo da via,Bom,Sem defeito,Perfeito estado,Seca,Perfeito estado,Outros,Outras,"",Única,Faixa seccionada,"",""
11030,2019-12-04T00:00:00,14:04:00,SEM VÍTIMA,FINALIZADA,IMBIRIBEIRA,AV MARECHAL MASCARENHAS DE MORAES,841,RUA DR VALDIR PESSOA,CONCESSIONÁRIA FORD GRANVIA,AV MARECHAL MASCARENHAS DE MORAES,841,CONCESSIONÁRIA FORD GRANVIA,IMBIRIBEIRA,532,CIDADE,ABALROAMENTO LONGITUDINAL,COLISAO ENTRE VT DO DETRAN E AUTOS S/V,2,,,,,,,,,0,,Cruzamento,Bom,Sem defeito,Perfeito estado,Seca,Perfeito estado,Faixa de pedestre,R-6a,"",Dupla,Faixa contínua,Canteiro central,""
11031,2019-12-04T00:00:00,14:06:00,SEM VÍTIMA,FINALIZADA,DERBY,PTE ESTACIO COIMBRA,"","",REFERENCIA POSTE DE ILUMINAÇÃO PÚBLICA B 054604,PTE ESTACIO COIMBRA,"",REFERENCIA POSTE DE ILUMINAÇÃO PÚBLICA B 054604,DERBY,,CIDADE,COLISÃO TRASEIRA,COLISÃO S/VITIMAS ENTRE UM AUTO E UMA MOTO,1,1,,,,,,,,0,,Longo da via,Bom,Não existe,Perfeito estado,Seca,Perfeito estado,Não existe,Não há placas,"",Dupla,Faixa contínua,Blocos,""
11032,2019-12-04T00:00:00,14:16:00,SEM VÍTIMA,FINALIZADA,BOA VIAGEM,AV BOA VIAGEM,178,"","",AV BOA VIAGEM,178,"",BOA VIAGEM,,CIDADE,COLISÃO TRASEIRA,COLISÃO SEM VÍTIMA,1,1,,,,,,,,0,,Longo da via,Bom,Sem defeito,Perfeito estado,Seca,Perfeito estado,Outros,Outras,60 km/h,Única,Faixa seccionada,"",""
11033,2019-12-04T00:00:00,14:21:00,SEM VÍTIMA,FINALIZADA,SANTO AMARO,AV NORTE,68,"",EM FRENTE AO NÚCLEO DE TELEVISÃO E RÁDIOS UNIVERSITÁRIOS,AV NORTE,68,EM FRENTE AO NÚCLEO DE TELEVISÃO E RÁDIOS UNIVERSITÁRIOS,SANTO AMARO,243,CIDADE,ABALROAMENTO LONGITUDINAL,COLISÃO S/VITIMAS ENTRE UM AUTO E UMA MOTO,1,1,,,,,,,,0,,Longo da via,Bom,Sem defeito,Perfeito estado,Seca,Perfeito estado,Faixa de pedestre,Outras,"",Dupla,Faixa seccionada,Canteiro central,""
11034,2019-12-04T00:00:00,14:27:00,SEM VÍTIMA,CANCELADA,GRAÇAS,RUA DO FUTURO,"","",E/F A LIVRARIA JAQUEIRA,RUA DO FUTURO,"",E/F A LIVRARIA JAQUEIRA,GRAÇAS,,"",COLISÃO,COLISAO ENTRE DOIS AUTOS S/V,2,,,,,,,,,0,,"","","","","","","","","","","","",""
11035,2019-12-04T00:00:00,15:02:00,SEM VÍTIMA,FINALIZADA,AFOGADOS,RUA COSME VIANA,"","","",RUA COSME VIANA,"","",AFOGADOS,430,"",ABALROAMENTO LONGITUDINAL,COLISÃO SEM VÍTIMA,1,,,,,,,,1,0,,Cruzamento,Bom,Sem defeito,Perfeito estado,Seca,Perfeito estado,Faixa de pedestre,"","",Única,Não existe,"",""
11036,2019-12-04T00:00:00,16:00:00,SEM VÍTIMA,FINALIZADA,ROSARINHO,AV NORTE,"",RUA GENERAL ABREU E LIMA,"",AV NORTE,"","",ROSARINHO,456,CIDADE,COLISÃO TRASEIRA,COLISAO ENTRE DOIS AUTOS S/V,2,,,,,,,,,0,,Cruzamento,Bom,Sem defeito,Perfeito estado,Seca,Perfeito estado,Faixa de pedestre,Outras,"",Dupla,Canteiro central,"",""
11037,2019-12-04T00:00:00,16:03:00,SEM VÍTIMA,FINALIZADA,CASA FORTE,AV DEZESSETE DE AGOSTO,"",RUA LAURINDO COELHO,ESQUINA DA CAOA CHERY,AV DEZESSETE DE AGOSTO,"",ESQUINA DA CAOA CHERY,CASA FORTE,,SUBURBIO,ABALROAMENTO TRANSVERSAL,COLISAO ENTRE DOIS AUTOS S/V,2,,,,,,,,,0,,"",Bom,Não existe,Ilegível,Seca,Perfeito estado,Não existe,Placas Pare,"",Dupla,Faixa seccionada,"",""
11038,2019-12-04T00:00:00,16:39:00,SEM VÍTIMA,FINALIZADA,CASA FORTE,AV DEZESSETE DE AGOSTO,"","",ESTRADA DO ARRAIAL,AV DEZESSETE DE AGOSTO,"",ESTRADA DO ARRAIAL,CASA FORTE,107,"",ABALROAMENTO LONGITUDINAL,COLISAO ENTRE DOIS AUTOS S/V,2,,,,,,,,,0,,"",Bom,Sem defeito,Perfeito estado,Seca,Perfeito estado,Faixa de pedestre,Outras,40 km/h,Dupla,Faixa contínua,"",""
11039,2019-12-04T00:00:00,16:42:00,SEM VÍTIMA,FINALIZADA,SOLEDADE,RUA BISPO CARDOSO AYRES,65,"",EM FRENTE AO Nº 65,RUA BISPO CARDOSO AYRES,65,EM FRENTE AO Nº 65,SOLEDADE,,SUBURBIO,COLISÃO TRASEIRA,COLISÃO SEM VÍTIMA,2,,,,,,,,,0,,Longo da via,Bom,Não existe,Perfeito estado,Seca,Perfeito estado,Não existe,Outras,30 km/h,Única,Não existe,"",""
11040,2019-12-04T00:00:00,16:44:00,SEM VÍTIMA,FINALIZADA,BAIRRO DO RECIFE,TRV DO AMORIM,"",RUA MADRE DEUS,LADO OPOSTO AO SHOPPING PAÇO ALFÂNDEGA,TRV DO AMORIM,"",LADO OPOSTO AO SHOPPING PAÇO ALFÂNDEGA,BAIRRO DO RECIFE,,CIDADE,ABALROAMENTO TRANSVERSAL,COLISÃO S/VITIMAS ENTRE DOIS AUTOS,2,,,,,,,,,0,,"",Bom,Não existe,Perfeito estado,Seca,Perfeito estado,Não existe,Placas Pare,30 km/h,Dupla,Não existe,"",""
11041,2019-12-04T00:00:00,17:15:00,SEM VÍTIMA,FINALIZADA,BEBERIBE,PRC DA CONVENCAO,"","",EM FRENTE AO MERCADO PÚBLICO DE BEBERIBE,PRC DA CONVENCAO,"",EM FRENTE AO MERCADO PÚBLICO DE BEBERIBE,BEBERIBE,,SUBURBIO,ABALROAMENTO LONGITUDINAL,COLISÃO SEM VÍTIMA,,,,,,1,,,,0,,"",Bom,Não existe,"","","",Não existe,Não há placas,"",Dupla,"","",""
11042,2019-12-04T00:00:00,17:17:00,SEM VÍTIMA,FINALIZADA,PINA,AV ANTONIO DE GOES,"","","",AV ANTONIO DE GOES,"","",PINA,103,CIDADE,ABALROAMENTO LONGITUDINAL,COLISAO ENTRE ONIBUS E AUTO S/V,1,,,,,1,,,,0,,Longo da via,Bom,Sem defeito,Perfeito estado,Seca,Perfeito estado,Agente,"",60 km/h,Única,Faixa contínua,Faixa seccionada,Canteiro central
11043,2019-12-04T00:00:00,17:20:00,SEM VÍTIMA,FINALIZADA,GRAÇAS,RUA ALBERTO PAIVA,"",AV RUI BARBOSA,FRENTE DO MUSEU DO ESTADO DE PERNAMBUCO,RUA ALBERTO PAIVA,"",FRENTE DO MUSEU DO ESTADO DE PERNAMBUCO,GRAÇAS,305,"",ABALROAMENTO TRANSVERSAL,COLISÃO SEM VÍTIMA,2,,,,,,,,,0,,Cruzamento,Bom,Sem defeito,Perfeito estado,Seca,Perfeito estado,Não existe,R-6a,"",Única,Faixa contínua,"",""
11044,2019-12-04T00:00:00,17:25:00,SEM VÍTIMA,FINALIZADA,ROSARINHO,AV DR MALAQUIAS,"",AV CONS ROSA E SILVA,E/F AO POSTO SHELL,AV DR MALAQUIAS,"",E/F AO POSTO SHELL,ROSARINHO,214,"",COLISÃO,COLISÃO S/VITIMAS ENTRE DOIS AUTOS,2,,,,,,,,,0,,"","","","","","","","","","","","",""
11045,2019-12-04T00:00:00,17:41:00,COM VÍTIMA,FINALIZADA,DERBY,AV GOVERNADOR AGAMENON MAGALHAES,2291,"","EM FRENTE AO MEMORIAL SÃO JOSÉ, COLISÃO ENTRE DUAS MOTOCICLETAS, O ORIENTADOR INFORMOU QUE UMA DAS MOTOCOCLETAS EVADIU-SE DO LOCAL,PERMANECENDO A DE PLACA: ---, NOME DA VÍTIMA NÃO INFORMADO.",AV GOVERNADOR AGAMENON MAGALHAES,2291,"EM FRENTE AO MEMORIAL SÃO JOSÉ, COLISÃO ENTRE DUAS MOTOCICLETAS, O ORIENTADOR INFORMOU QUE UMA DAS MOTOCOCLETAS EVADIU-SE DO LOCAL,PERMANECENDO A DE PLACA: -, NOME DA VÍTIMA NÃO INFORMADO.",DERBY,,CIDADE,COLISÃO,"",,1,,,,,,,,1,,Longo da via,Bom,"",Perfeito estado,Seca,Perfeito estado,"",Não há placas,60 km/h,Única,Faixa seccionada,"",""
11046,2019-12-04T00:00:00,17:57:00,SEM VÍTIMA,FINALIZADA,MADALENA,RUA JOSE OSORIO,"",AV BEIRA RIO,PONTE DA CAPUNGA,RUA JOSE OSORIO,"",PONTE DA CAPUNGA,MADALENA,387,SUBURBIO,COLISÃO TRASEIRA,COLISÃO SEM VÍTIMA,1,,,,,1,,,,0,,Ponte,Bom,Sem defeito,Perfeito estado,Seca,Perfeito estado,Faixa de retenção,"",50 km/h,Única,Faixa contínua,"",""
11047,2019-12-04T00:00:00,18:08:00,SEM VÍTIMA,CANCELADA,ESPINHEIRO,PRC DO ENTRONCAMENTO,"","",ENF. AO BANCO ITAU SENTIDO AFLITOS,PRC DO ENTRONCAMENTO,"",ENF. AO BANCO ITAU SENTIDO AFLITOS,ESPINHEIRO,,"",COLISÃO,NISSAN X SANDERO,2,,,,,,,,,0,,"","","","","","","","","","","","",""
11048,2019-12-04T00:00:00,18:41:00,SEM VÍTIMA,FINALIZADA,MACAXEIRA,AV NORTE,7136,"","",AV NORTE,7136,"",MACAXEIRA,424,SUBURBIO,COLISÃO TRASEIRA,VIATURA DA PM X AUTO PASSEIO S/V,2,,,,,,,,1,0,,Longo da via,Bom,Sem defeito,Perfeito estado,Seca,Perfeito estado,Faixa de pedestre,Não há placas,"",Dupla,Canal,"",""
11049,2019-12-04T00:00:00,18:50:00,SEM VÍTIMA,CANCELADA,BOA VIAGEM,AV ENGENHEIRO DOMINGOS FERREIRA,"",RUA TOME GIBSON,ENF A ESCOLA MUNICIPAL OSVALDO LIMA FILHO,AV ENGENHEIRO DOMINGOS FERREIRA,"",ENF A ESCOLA MUNICIPAL OSVALDO LIMA FILHO,BOA VIAGEM,,"",COLISÃO,MOTO X CITROEN C 3,1,1,,,,,,,,0,,"","","","","","","","","","","","",""
11050,2019-12-04T00:00:00,19:45:00,SEM VÍTIMA,CANCELADA,CASA AMARELA,AV DR EURICO CHAVES,510,"",E/F AO BREGOSO BURGUER,AV DR EURICO CHAVES,510,E/F AO BREGOSO BURGUER,CASA AMARELA,,"",COLISÃO,ENTRE DOIS AUTOS S/V,2,,,,,,,,,0,,"","","","","","","","","","","","",""
11051,2019-12-04T00:00:00,19:46:00,SEM VÍTIMA,CANCELADA,AREIAS,AV RECIFE,"",AV TENENTE FELIPE BANDEIRA DE MELO,SENTIDO AEROPORTO / ENF HM VEICULOS,AV RECIFE,"",SENTIDO AEROPORTO / ENF HM VEICULOS,AREIAS,494,"",COLISÃO,ECOSPORT X MOTO,1,1,,,,,,,,0,,"","","","","","","","","","","","",""
11052,2019-12-04T00:00:00,19:48:00,SEM VÍTIMA,CANCELADA,AFOGADOS,RUA DA PAZ,"","",E/F A ASA,RUA DA PAZ,"",E/F A ASA,AFOGADOS,73,"",COLISÃO,ENTRE DOIS AUTOS S/V,2,,,,,,,,,0,,"","","","","","","","","","","","",""
11053,2019-12-04T00:00:00,21:05:00,SEM VÍTIMA,FINALIZADA,SÃO JOSÉ,RUA IMPERIAL,"",AV DANTAS BARRETO,EM FRENTE AO Nº 249,RUA IMPERIAL,"",EM FRENTE AO Nº 249,SÃO JOSÉ,35,SUBURBIO,ABALROAMENTO LONGITUDINAL,PRISMA X SANDERO,2,,,,,,,,,0,,Cruzamento,Bom,Sem defeito,Ilegível,Seca,Perfeito estado,Faixa de pedestre,Não há placas,"",Única,Canteiro central,"",""
11054,2019-12-04T00:00:00,21:09:00,SEM VÍTIMA,FINALIZADA,MUSTARDINHA,AV MUSTARDINHA,282,"","",AV MUSTARDINHA,282,"",MUSTARDINHA,,"",ABALROAMENTO TRANSVERSAL,ENTRE AUTO PASSEIO X CAMINHÃO,1,,,,,,1,,,0,,Longo da via,Bom,Não existe,"",Seca,"","","","",Dupla,"","",""
11055,2019-12-04T00:00:00,21:40:00,SEM VÍTIMA,FINALIZADA,BOA VIAGEM,RUA SETUBAL,"","",AO LADO DO PARQUE DONA LINDU,RUA SETUBAL,"",AO LADO DO PARQUE DONA LINDU,BOA VIAGEM,,CIDADE,CHOQUE VEÍCULO PARADO,MOTO X PRISMA,1,1,,,,,,,,0,,"",Bom,Não existe,Não existente,Seca,Perfeito estado,Não existe,Não há placas,"",Dupla,Não existe,"",""
11056,2019-12-05T00:00:00,07:40:00,SEM VÍTIMA,FINALIZADA,MADALENA,RUA ARLINDO GOUVEIA,"","","",RUA ARLINDO GOUVEIA,"","",MADALENA,629,SUBURBIO,COLISÃO TRASEIRA,DOIS AUTOS,2,,,,,,,,,0,,Cruzamento,Bom,Sem defeito,Perfeito estado,Seca,Perfeito estado,"","",60 km/h,Única,Faixa seccionada,"",""
11057,2019-12-05T00:00:00,08:00:00,SEM VÍTIMA,FINALIZADA,MADALENA,AV ENGENHEIRO ABDIAS DE CARVALHO,"",RUA SANTA EDWIRGES,"",AV ENGENHEIRO ABDIAS DE CARVALHO,"","",MADALENA,354,CIDADE,ABALROAMENTO LONGITUDINAL,MOTO E AUTO,1,,1,,,,,,,0,,"",Bom,Sem defeito,Perfeito estado,Seca,Perfeito estado,Faixa de pedestre,R-6a,"",Dupla,Não existe,"",""
11058,2019-12-05T00:00:00,08:03:00,SEM VÍTIMA,FINALIZADA,PINA,AV ANTONIO DE GOES,109,"",EM FRENTE A SUL AMÉRICA,AV ANTONIO DE GOES,109,EM FRENTE A SUL AMÉRICA,PINA,538,CIDADE,ABALROAMENTO TRANSVERSAL,ONIBUS E AUTO PASSEIO,1,,,,,1,,,,0,,Longo da via,Bom,Sem defeito,Perfeito estado,Seca,Perfeito estado,Agente,"",60 km/h,Única,Faixa seccionada,"",""
11059,2019-12-05T00:00:00,08:06:00,SEM VÍTIMA,FINALIZADA,FUNDÃO,AV BEBERIBE,2969,"",ASSEMBLEIA DE DEUS,AV BEBERIBE,2969,ASSEMBLEIA DE DEUS,FUNDÃO,,SUBURBIO,ABALROAMENTO LONGITUDINAL,SEM VITIMAS,1,,,,,1,,,,0,,Longo da via,Bom,Não existe,Perfeito estado,Seca,Perfeito estado,Não existe,Outras,"",Dupla,Canteiro central,"",""
11060,2019-12-05T00:00:00,08:08:00,SEM VÍTIMA,FINALIZADA,IPSEP,"","",RUA HELIO BRANDAO,"","","","",IPSEP,505,SUBURBIO,ABALROAMENTO TRANSVERSAL,ONIBUS E AUTO PASSEIO,1,,,,,1,,,,0,,Cruzamento,Bom,Sem defeito,Perfeito estado,Seca,Perfeito estado,Faixa de pedestre,"",40 km/h,Única,Não existe,"",""
11061,2019-12-05T00:00:00,08:12:00,SEM VÍTIMA,FINALIZADA,MANGABEIRA,AV NORTE,4664,"","",AV NORTE,4664,"",MANGABEIRA,,SUBURBIO,COLISÃO TRASEIRA,SEM VITIMAS,4,,,,,,,,,0,,Longo da via,Bom,Não existe,Perfeito estado,Seca,Perfeito estado,Outros,Outras,60 km/h,Dupla,Faixa seccionada,"",""
11062,2019-12-05T00:00:00,08:22:00,SEM VÍTIMA,CANCELADA,TORRE,RUA JOSE BONIFACIO,664,"",EM FRENTE A CARLITOS BURGUER,RUA JOSE BONIFACIO,664,EM FRENTE A CARLITOS BURGUER,TORRE,,"",COLISÃO,SEM VITIMAS,2,,,,,,,,,0,,"","","","","","","","","","","","",""
11063,2019-12-05T00:00:00,08:56:00,SEM VÍTIMA,FINALIZADA,SANTO AMARO,RUA ALVARES DE AZEVEDO,180,"",LADO OPOSTO DIRETÓRIO DO PARTIDO DOS TRABALHADORES,RUA ALVARES DE AZEVEDO,180,LADO OPOSTO DIRETÓRIO DO PARTIDO DOS TRABALHADORES,SANTO AMARO,93,CIDADE,ABALROAMENTO LONGITUDINAL,SEM VITIMAS,2,,,,,,,,,0,,Longo da via,Bom,Sem defeito,Perfeito estado,Seca,Perfeito estado,Não existe,Não há placas,"",Única,Não existe,"",""
11064,2019-12-05T00:00:00,09:00:00,SEM VÍTIMA,FINALIZADA,SANTO AMARO,AV GOVERNADOR AGAMENON MAGALHAES,151,"",EM SOB O SEMÁFORO Nº 379,AV GOVERNADOR AGAMENON MAGALHAES,151,EM SOB O SEMÁFORO Nº 379,SANTO AMARO,379,"",ABALROAMENTO LONGITUDINAL,DOIS AUTOS,2,,,,,,,,,0,,"",Bom,Não existe,Perfeito estado,Seca,Perfeito estado,Não existe,"","",Dupla,Canal,"",""
11065,2019-12-05T00:00:00,09:18:00,SEM VÍTIMA,FINALIZADA,BOA VISTA,RUA DO HOSPICIO,"","",PRÓX. AO HMAR,RUA DO HOSPICIO,"",PRÓX. AO HMAR,BOA VISTA,31,CIDADE,ABALROAMENTO LONGITUDINAL,AUTO E MOTO BATEDORES NO LOCAL,1,1,,,,,,,,0,,Longo da via,Bom,Sem defeito,Perfeito estado,Seca,Perfeito estado,Faixa de pedestre,Outras,"",Única,Faixa contínua,"",""
11066,2019-12-05T00:00:00,09:29:00,SEM VÍTIMA,FINALIZADA,BOA VIAGEM,AV BOA VIAGEM,6599,"","",AV BOA VIAGEM,6599,"",BOA VIAGEM,,CIDADE,COLISÃO TRASEIRA,TRES AUTOS,3,,,,,,,,,0,,Longo da via,Bom,Sem defeito,Perfeito estado,Seca,Mal iluminada,Não existe,Não há placas,"",Única,Faixa contínua,"",""
11067,2019-12-05T00:00:00,09:47:00,SEM VÍTIMA,FINALIZADA,FUNDÃO,AV BEBERIBE,2693,"","",AV BEBERIBE,2693,"",FUNDÃO,,CIDADE,COLISÃO TRASEIRA,COLISÃO SEM VITIMAS,1,1,,,,,,,,0,,Longo da via,Bom,Não existe,Incompleta,Seca,Perfeito estado,Não existe,Outras,60 km/h,Dupla,Faixa contínua,"",""
11068,2019-12-05T00:00:00,09:50:00,SEM VÍTIMA,FINALIZADA,IMBIRIBEIRA,AV MARECHAL MASCARENHAS DE MORAES,2931,"",HONDA MARAVILHA MOTOS,AV MARECHAL MASCARENHAS DE MORAES,2931,HONDA MARAVILHA MOTOS,IMBIRIBEIRA,631,CIDADE,COLISÃO TRASEIRA,SEM VITIMAS,3,,,,,,,,,0,,Longo da via,Bom,Sem defeito,Perfeito estado,Seca,Perfeito estado,Faixa de retenção,Não há placas,60 km/h,Dupla,Canteiro central,"",""
11069,2019-12-05T00:00:00,10:00:00,SEM VÍTIMA,FINALIZADA,GRAÇAS,RUA CARDEAL ARCOVERDE,357,"","",RUA CARDEAL ARCOVERDE,357,"",GRAÇAS,,CIDADE,COLISÃO TRASEIRA,CAMINHÃO E AUTO,1,,,,,,1,,,0,,Longo da via,Bom,Sem defeito,Perfeito estado,Seca,Perfeito estado,Faixa de pedestre,R-6a,"",Única,Não existe,"",""
11070,2019-12-05T00:00:00,10:29:00,SEM VÍTIMA,FINALIZADA,MONTEIRO,AV DEZESSETE DE AGOSTO,"","",EM FRENTE AO COLEGIO SILVA JARDIM,AV DEZESSETE DE AGOSTO,"",EM FRENTE AO COLEGIO SILVA JARDIM,MONTEIRO,,"",COLISÃO,COLISÃO SEM VITIMAS,2,,,,,,,,,0,,"","","","","","","","","","","","",""
11071,2019-12-05T00:00:00,10:42:00,SEM VÍTIMA,FINALIZADA,BOA VIAGEM,RUA ERNESTO DE PAULA SANTOS,"",RUA DOS NAVEGANTES,"",RUA ERNESTO DE PAULA SANTOS,"","",BOA VIAGEM,,SUBURBIO,ABALROAMENTO LONGITUDINAL,MOTO E AUTO,1,1,,,,,,,,0,,Cruzamento,Bom,Não existe,Perfeito estado,Seca,Perfeito estado,Não existe,Placas Pare,"",Única,"","",""
11072,2019-12-05T00:00:00,10:47:00,SEM VÍTIMA,FINALIZADA,MADALENA,RUA BENFICA,352,"","",RUA BENFICA,352,"",MADALENA,,"",ABALROAMENTO LONGITUDINAL,SEM VITIMAS,1,,,,,1,,,,0,,"",Bom,"",Perfeito estado,Seca,Perfeito estado,Faixa de retenção,"","",Única,"","",""
11073,2019-12-05T00:00:00,10:57:00,SEM VÍTIMA,FINALIZADA,BOA VISTA,RUA DR JOSE MARIANO,"","",MADE CENTER,RUA DR JOSE MARIANO,"",MADE CENTER,BOA VISTA,,CIDADE,COLISÃO TRASEIRA,COLISÃO SEM VITIMAS,2,,,,,,,,,0,,Longo da via,Bom,"","",Seca,Perfeito estado,"","","",Única,"","",""
11074,2019-12-05T00:00:00,11:24:00,SEM VÍTIMA,CANCELADA,IPUTINGA,RUA SAO MATEUS,950,"",RUA DA ASSEMBLEIA DE DEUS,RUA SAO MATEUS,950,RUA DA ASSEMBLEIA DE DEUS,IPUTINGA,,"",COLISÃO,DOIS AUTOS,,,,,,,,,,0,,"","","","","","","","","","","","",""
11075,2019-12-05T00:00:00,11:36:00,SEM VÍTIMA,FINALIZADA,ILHA DO LEITE,AV GOVERNADOR AGAMENON MAGALHAES,"","",LADO OPOSTO AO HOSPITAL PORTUGUÊS,AV GOVERNADOR AGAMENON MAGALHAES,"",LADO OPOSTO AO HOSPITAL PORTUGUÊS,ILHA DO LEITE,672,CIDADE,COLISÃO TRASEIRA,DOIS AUTOS,2,,,,,,,,,0,,Longo da via,Bom,Sem defeito,Perfeito estado,Seca,Perfeito estado,Agente,Outras,60 km/h,Dupla,Faixa seccionada,Canteiro central,""
11076,2019-12-05T00:00:00,11:46:00,SEM VÍTIMA,FINALIZADA,ESPINHEIRO,AV JOAO DE BARROS,"","",AMERICA FORD,AV JOAO DE BARROS,"",AMERICA FORD,ESPINHEIRO,,SUBURBIO,COLISÃO TRASEIRA,SEM VITIMAS,1,1,,,,,,,,0,,Longo da via,Bom,Não existe,Perfeito estado,Seca,Perfeito estado,Faixa de pedestre,Outras,40 km/h,Única,Não existe,"",""
11077,2019-12-05T00:00:00,12:27:00,SEM VÍTIMA,FINALIZADA,GRAÇAS,RUA AMELIA,879,AV RUI BARBOSA,EM FRENTE AO POSTO SHELL Nº 879,RUA AMELIA,879,EM FRENTE AO POSTO SHELL Nº 879,GRAÇAS,48,SUBURBIO,COLISÃO TRASEIRA,DOIS AUTOS E MOTO PONTO,2,1,,,,,,,,0,,Longo da via,Bom,Sem defeito,Perfeito estado,Seca,Perfeito estado,Agente,"","",Única,Faixa contínua,"",""
11078,2019-12-05T00:00:00,12:40:00,SEM VÍTIMA,FINALIZADA,SANTO ANTÔNIO,RUA FLORIANO PEIXOTO,"",RUA TOBIAS BARRETO,CASA DA CULTURA,RUA FLORIANO PEIXOTO,"",CASA DA CULTURA,SANTO ANTÔNIO,,SUBURBIO,ABALROAMENTO TRANSVERSAL,COLISÃO SEM VÍTIMA,1,1,,,,,,,,0,,Cruzamento,Bom,Não existe,Perfeito estado,Seca,Perfeito estado,Outros,Outras,"",Única,Outros,"",""
11079,2019-12-05T00:00:00,12:55:00,SEM VÍTIMA,FINALIZADA,BOA VIAGEM,AV ENGENHEIRO DOMINGOS FERREIRA,"","",E/F AO BIG BOMPREÇO,AV ENGENHEIRO DOMINGOS FERREIRA,"",E/F AO BIG BOMPREÇO,BOA VIAGEM,,"",COLISÃO,ENTRES DOIS AUTOS S/V,2,,,,,,,,,0,,"","","","","","","","","","","","",""
11080,2019-12-05T00:00:00,13:27:00,SEM VÍTIMA,FINALIZADA,CASA AMARELA,AV NORTE,6629,"",EM FRENTE AO PALACIO ATACADO,AV NORTE,6629,EM FRENTE AO PALACIO ATACADO,CASA AMARELA,,CIDADE,COLISÃO TRASEIRA,COLISAO ENTRE AUTO E CAMINHAO S/V,1,,,,,,,,2,0,,Longo da via,Bom,Não existe,Perfeito estado,Seca,Perfeito estado,Outros,R-6a,"",Dupla,Faixa seccionada,Canteiro central,""
11081,2019-12-05T00:00:00,13:36:00,SEM VÍTIMA,FINALIZADA,BOA VIAGEM,RUA VISCONDE DE JEQUITINHONHA,"","","",RUA VISCONDE DE JEQUITINHONHA,"","",BOA VIAGEM,154,SUBURBIO,COLISÃO TRASEIRA,CHOQUE ENTRE TRES AUTOS S/V,3,,,,,,,,,0,,Longo da via,Bom,Sem defeito,Perfeito estado,Seca,Perfeito estado,Faixa de pedestre,Não há placas,"",Única,Faixa contínua,"",""