_id,DATA,hora,natureza_acidente,situacao,bairro,endereco,numero,detalhe_endereco_acidente,complemento,endereco_cruzamento,numero_cruzamento,referencia_cruzamento,bairro_cruzamento,num_semaforo,sentido_via,tipo,descricao,auto,moto,ciclom,ciclista,pedestre,onibus,caminhao,viatura,outros,vitimas,vitimasfatais,acidente_verificado,tempo_clima,situacao_semaforo,sinalizacao,condicao_via,conservacao_via,ponto_controle,situacao_placa,velocidade_max_via,mao_direcao,divisao_via1,divisao_via2,divisao_via3
11138,2019-12-06T00:00:00,12:32:00,COM VÍTIMA,FINALIZADA,MANGABEIRA,AV NORTE,"","",ARMAZEM CORAL,AV NORTE,"",ARMAZEM CORAL,MANGABEIRA,,CIDADE,TOMBAMENTO,COM VÍTIMA,,1,,,,,,,,1,,Longo da via,Bom,Não existe,Perfeito estado,Seca,Perfeito estado,Não existe,Outras,"",Dupla,Canteiro central,"",""
11139,2019-12-06T00:00:00,12:57:00,COM VÍTIMA,FINALIZADA,AREIAS,AV DR JOSE RUFINO,1122,"",LADO OPOSTO AO SENAI.,AV DR JOSE RUFINO,1122,LADO OPOSTO AO SENAI.,AREIAS,,SUBURBIO,COLISÃO TRASEIRA,AUTO E MOTO.,1,1,,,,,,,,1,,Longo da via,Bom,Sem defeito,Perfeito estado,Seca,Perfeito estado,Não existe,Não há placas,40 km/h,Dupla,Faixa seccionada,"",""
11140,2019-12-06T00:00:00,13:07:00,SEM VÍTIMA,CANCELADA,SÃO JOSÉ,RUA IMPERIAL,"","","PROX. A PONTE , DEPOSITO DE GAS SUPER GAS BRAZ",RUA IMPERIAL,"","PROX. A PONTE , DEPOSITO DE GAS SUPER GAS BRAZ",SÃO JOSÉ,,SUBURBIO,COLISÃO,COLISÃO SEM VITIMA,2,,,,,,,,,0,,"","","","","","","","","","","","",""
11141,2019-12-06T00:00:00,13:26:00,SEM VÍTIMA,FINALIZADA,CÓRREGO DO JENIPAPO,RUA DA DEMOCRACIA,35,"",MAZINHO CELULAR,RUA DA DEMOCRACIA,35,MAZINHO CELULAR,CÓRREGO DO JENIPAPO,,SUBURBIO,ABALROAMENTO TRANSVERSAL,COLISÃO SEM VÍTIMA,1,,,,,1,,,,0,,Longo da via,Bom,Não existe,Não existente,Seca,"",Não existe,Não há placas,"",Dupla,Não existe,"",""
11142,2019-12-06T00:00:00,13:30:00,SEM VÍTIMA,FINALIZADA,BOA VIAGEM,AV BOA VIAGEM,4000,"",EDF. VANIA,AV BOA VIAGEM,4000,EDF. VANIA,BOA VIAGEM,,CIDADE,ABALROAMENTO LONGITUDINAL,COLISAO ENTRE DOIS AUTOS S/V,2,,,,,,,,,0,,Longo da via,Bom,Não existe,Perfeito estado,Seca,Perfeito estado,Não existe,Não há placas,60 km/h,Única,Faixa seccionada,"",""
11143,2019-12-06T00:00:00,13:47:00,SEM VÍTIMA,FINALIZADA,FUNDÃO,AV BEBERIBE,3060,"","",AV BEBERIBE,3060,"",FUNDÃO,,SUBURBIO,COLISÃO TRASEIRA,COLISÃO SEM VÍTIMA,2,,,,,,,,,0,,Longo da via,Bom,Não existe,Perfeito estado,Seca,Perfeito estado,Não existe,Não há placas,"",Dupla,Canteiro central,"",""
11144,2019-12-06T00:00:00,14:00:00,SEM VÍTIMA,FINALIZADA,ENGENHO DO MEIO,RUA GOVERNADOR LOPO GARRO,"",RUA ANTONIO BORGES UCHOA,AO LADO DO Nº 374,RUA GOVERNADOR LOPO GARRO,"",AO LADO DO Nº 374,ENGENHO DO MEIO,,"",ABALROAMENTO TRANSVERSAL,COLISAO ENTRE DOIS AUTOS S/V,2,,,,,,,,,0,,Cruzamento,Bom,Não existe,Não existente,Seca,Perfeito estado,Não existe,Não há placas,"",Dupla,Não existe,"",""
11145,2019-12-06T00:00:00,14:47:00,SEM VÍTIMA,FINALIZADA,SÃO JOSÉ,C SANTA RITA,"","",TERMINAL CAIS SANTA RITA,C SANTA RITA,"",TERMINAL CAIS SANTA RITA,SÃO JOSÉ,571,SUBURBIO,COLISÃO TRASEIRA,COLISÃO SEM VITIMA,1,1,,,,,,,,0,,Longo da via,Bom,Sem defeito,Perfeito estado,Seca,Perfeito estado,Não existe,Não há placas,40 km/h,Única,Faixa seccionada,"",""
11146,2019-12-06T00:00:00,14:50:00,COM VÍTIMA,FINALIZADA,TORRE,RUA PROFESSOR TRAJANO DE MENDONCA,"",RUA VERMELHA,POR TRAS DO ATACADO DOS PRESENTES,RUA PROFESSOR TRAJANO DE MENDONCA,"",POR TRAS DO ATACADO DOS PRESENTES,TORRE,,CIDADE,ABALROAMENTO TRANSVERSAL,COLISAO ENTRE DUAS MOTO COM UMA VITIMA. HOUVE EVASÃO DE UM VEÍCULO FIAT UNO DE PLACA -,1,2,,,,,,,,1,,Longo da via,Bom,Não existe,Incompleta,Seca,Perfeito estado,Não existe,Não há placas,"",Única,"","",""
11147,2019-12-06T00:00:00,14:51:00,SEM VÍTIMA,FINALIZADA,ILHA DO RETIRO,RUA SPORT CLUBE DO RECIFE,"","",EM FRENTE AO SPORT CLUBE DO RECIFE,RUA SPORT CLUBE DO RECIFE,"",EM FRENTE AO SPORT CLUBE DO RECIFE,ILHA DO RETIRO,387,SUBURBIO,ABALROAMENTO LONGITUDINAL,COLISÃO SEM VITIMA,2,,,,,,,,,0,,Longo da via,Bom,Sem defeito,Perfeito estado,Seca,Perfeito estado,Faixa de pedestre,"","",Única,Canteiro central,"",""
11148,2019-12-06T00:00:00,14:53:00,SEM VÍTIMA,FINALIZADA,BOA VISTA,AV MANOEL BORBA,545,"",SOB O SEMÁFORO Nº 220,AV MANOEL BORBA,545,SOB O SEMÁFORO Nº 220,BOA VISTA,,"",ABALROAMENTO LONGITUDINAL,COLISAO ENTRE CAMINHAO E AUTOS S/V,1,,,,,,1,,,0,,Cruzamento,Bom,Sem defeito,Perfeito estado,Seca,Perfeito estado,Faixa de pedestre,"","",Única,Faixa contínua,"",""
11149,2019-12-06T00:00:00,15:18:00,SEM VÍTIMA,FINALIZADA,AFOGADOS,RUA DA PAZ,396,"",EM FRENTE AO ITAÚ,RUA DA PAZ,396,EM FRENTE AO ITAÚ,AFOGADOS,,"",ABALROAMENTO LONGITUDINAL,COLISÃO SEM VÍTIMA,2,,,,,,,,,0,,Longo da via,Bom,Não existe,Perfeito estado,Seca,Perfeito estado,Não existe,R-6a,"",Única,Faixa seccionada,"",""
11150,2019-12-06T00:00:00,15:55:00,COM VÍTIMA,FINALIZADA,BOA VISTA,AV CONDE DA BOA VISTA,"","",EM FRENTE A MICROLINS/ SENTIDO CENTRO,AV CONDE DA BOA VISTA,"",EM FRENTE A MICROLINS/ SENTIDO CENTRO,BOA VISTA,,CIDADE,ATROPELAMENTO,MOTO E PEDESTRES.,,1,,,2,,,,,2,,Longo da via,Bom,Não existe,Ilegível,Seca,Perfeito estado,Faixa de pedestre,Não há placas,"",Dupla,Faixa contínua,"",""
11151,2019-12-06T00:00:00,16:39:00,SEM VÍTIMA,FINALIZADA,AFOGADOS,RUA DA PAZ,243,RUA ANTONIO MACARIO,IGREJA UNIVERSAL DO REINO DE DEUS,RUA DA PAZ,243,IGREJA UNIVERSAL DO REINO DE DEUS,AFOGADOS,528,SUBURBIO,ABALROAMENTO LONGITUDINAL,COLISÃO SEM VÍTIMA,2,,,,,,,,,0,,Longo da via,Bom,Sem defeito,Perfeito estado,Seca,Perfeito estado,Faixa de pedestre,Outras,"",Única,Faixa seccionada,"",""
11152,2019-12-06T00:00:00,17:01:00,COM VÍTIMA,FINALIZADA,BOA VISTA,PRC OSWALDO CRUZ,"","",EM FRENTE A FUSAN.,PRC OSWALDO CRUZ,"",EM FRENTE A FUSAN.,BOA VISTA,,"",ABALROAMENTO LONGITUDINAL,AUTO E MOTO.,1,1,,,,,,,,1,,Longo da via,Bom,Não existe,Não existente,Seca,Perfeito estado,Não existe,Outras,"",Única,Não existe,"",""
11153,2019-12-06T00:00:00,17:13:00,COM VÍTIMA,FINALIZADA,SANTANA,RUA AFONSO DE ALBUQUERQUE MELO,420,RUA AGRESTINA,PROX AO COLEGIO EXIMIUS POR TRAS DO BOMPREÇO DE CASA FORTE. EDF BARONEZA GURJAHÚ.,RUA AFONSO DE ALBUQUERQUE MELO,420,PROX AO COLEGIO EXIMIUS POR TRAS DO BOMPREÇO DE CASA FORTE. EDF BARONEZA GURJAHÚ.,SANTANA,,SUBURBIO,COLISÃO FRONTAL,COLISAO ENTRE AUTO E MOTO COM UMA VITIMA,1,1,,,,,,,,1,,Cruzamento,Bom,Não existe,Não existente,Seca,Perfeito estado,Não existe,R-25d,30 km/h,Dupla,Não existe,"",""
11154,2019-12-06T00:00:00,17:44:00,COM VÍTIMA,FINALIZADA,IPSEP,AV RECIFE,"",AV DOM HELDER CAMARA,EM FRENTE AO NUCLEO DA PM. AO LADO DA CASA DA BETERIA.,AV RECIFE,"",EM FRENTE AO NUCLEO DA PM. AO LADO DA CASA DA BETERIA.,IPSEP,16,CIDADE,ABALROAMENTO LONGITUDINAL,AUTO E MOTO.,1,1,,,,,,,,1,,Cruzamento,Bom,Sem defeito,Perfeito estado,Seca,Perfeito estado,Faixa de pedestre,Não há placas,"",Dupla,Canteiro central,"",""
11155,2019-12-06T00:00:00,17:59:00,SEM VÍTIMA,FINALIZADA,PRADO,AV ENGENHEIRO ABDIAS DE CARVALHO,"",RUA JOAO IVO DA SILVA,AO LADO DA AUTOLINE HONDA / AFOGADOS,AV ENGENHEIRO ABDIAS DE CARVALHO,"",AO LADO DA AUTOLINE HONDA / AFOGADOS,PRADO,132,CIDADE,COLISÃO TRASEIRA,COLISAO ENVOLVENDO AUTO E ONIBUS SEM VITIMA,1,,,,,1,,,,0,,Cruzamento,Bom,Sem defeito,Perfeito estado,Seca,Perfeito estado,Faixa de pedestre,Não há placas,60 km/h,Dupla,Canteiro central,"",""
11156,2019-12-06T00:00:00,18:25:00,SEM VÍTIMA,FINALIZADA,JIQUIÁ,RUA SAO MIGUEL,1428,RUA VEREADOR FRANCISCO DE PAULA SANTANA CHICO DA MANOLA,"",RUA SAO MIGUEL,1428,"",JIQUIÁ,,SUBURBIO,COLISÃO FRONTAL,ONIBUS METROPOLITANA X ONIX,1,,,,,1,,,,0,,"",Bom,Não existe,Perfeito estado,Seca,Perfeito estado,Não existe,Não há placas,"",Dupla,Faixa contínua,"",""
11157,2019-12-06T00:00:00,18:32:00,SEM VÍTIMA,FINALIZADA,BOA VIAGEM,RUA SETUBAL,20,RUA DR VICENTE GOMES,PROX A DANDARA FLORES,RUA SETUBAL,20,PROX A DANDARA FLORES,BOA VIAGEM,60,"",COLISÃO,FIAT X TAXI,2,,,,,,,,,0,,"","","","","","","","","","","","",""
11158,2019-12-06T00:00:00,19:21:00,SEM VÍTIMA,FINALIZADA,BOA VIAGEM,RUA CAPITAO ZUZINHA,"","",EM FRENTE A AUTO ESCOLA PILOTO,RUA CAPITAO ZUZINHA,"",EM FRENTE A AUTO ESCOLA PILOTO,BOA VIAGEM,,"",ABALROAMENTO LONGITUDINAL,COLISAO SEM VITIMAS,1,,,,,1,,,,0,,Longo da via,Bom,Sem defeito,Perfeito estado,Seca,Perfeito estado,Não existe,Não há placas,"",Única,Faixa seccionada,"",""
11159,2019-12-06T00:00:00,19:35:00,SEM VÍTIMA,FINALIZADA,"",RUA MAJOR ARMANDO DE SOUZA MELLO,207,"",EDF VIA MARZONI,RUA MAJOR ARMANDO DE SOUZA MELLO,207,EDF VIA MARZONI,"",,CIDADE,ABALROAMENTO TRANSVERSAL,COLISAO SEM VITIMAS,2,,,,,,,,,0,,Longo da via,Bom,Não existe,Incompleta,Seca,Perfeito estado,Não existe,Não há placas,"",Dupla,Não existe,"",""
11160,2019-12-06T00:00:00,19:42:00,COM VÍTIMA,FINALIZADA,IMBIRIBEIRA,AV MARECHAL MASCARENHAS DE MORAES,7935,"",ENF ANAC AGENCIA NACIONAL DE AVIAÇAO CIVIL //SENTIDO AEROPORTO,AV MARECHAL MASCARENHAS DE MORAES,7935,ENF ANAC AGENCIA NACIONAL DE AVIAÇAO CIVIL //SENTIDO AEROPORTO,IMBIRIBEIRA,,CIDADE,ABALROAMENTO LONGITUDINAL,AUTO E MOTO.,1,1,,,,,,,,1,,Longo da via,Bom,Não existe,Perfeito estado,Seca,Perfeito estado,"","","","","","",""
11161,2019-12-06T00:00:00,19:55:00,COM VÍTIMA,CANCELADA,IMBIRIBEIRA,RUA JOAQUIM BANDEIRA,"","",EMBAIXO DO PONTILHAO,RUA JOAQUIM BANDEIRA,"",EMBAIXO DO PONTILHAO,IMBIRIBEIRA,,"",ATROPELAMENTO,ATROPELAMENTO COM VITIMAS,,1,,,1,,,,,1,,"","","","","","","","","","","","",""
11162,2019-12-06T00:00:00,20:52:00,SEM VÍTIMA,FINALIZADA,ESTÂNCIA,AV DR JOSE RUFINO,43,RUA MORAIS E SILVA,"",AV DR JOSE RUFINO,43,"",ESTÂNCIA,,SUBURBIO,ABALROAMENTO LONGITUDINAL,COLISAO SEM VITIMAS,2,,,,,,,,,0,,Longo da via,Bom,Não existe,Não existente,Seca,Perfeito estado,Não existe,Não há placas,"",Dupla,Faixa contínua,"",""
11163,2019-12-06T00:00:00,21:31:00,COM VÍTIMA,FINALIZADA,SANTO AMARO,AV JOAO DE BARROS,"","",POR BAIXO DO VIADUTO JOAO DE BARROS,AV JOAO DE BARROS,"",POR BAIXO DO VIADUTO JOAO DE BARROS,SANTO AMARO,,"",COLISÃO,AUTO X MOTO OBS VEICULO SE EVADIU,,1,,,,,,,,1,,"","","","","","","","","","","","",""
11164,2019-12-06T00:00:00,21:38:00,COM VÍTIMA,FINALIZADA,IPSEP,RUA ITACARI,"",RUA ITAMARACA,ESQUINA Nº 369,RUA ITACARI,"",ESQUINA Nº 369,IPSEP,,SUBURBIO,ABALROAMENTO TRANSVERSAL,DOIS AUTOS,2,,,,,,,,,1,,Cruzamento,Bom,Não existe,Perfeito estado,Seca,Perfeito estado,Não existe,Não há placas,"",Única,Não existe,"",""
11165,2019-12-06T00:00:00,22:10:00,SEM VÍTIMA,FINALIZADA,BOA VIAGEM,AV CONSELHEIRO AGUIAR,"",RUA JORNALISTA ADETH LEITE,EM FRENTE A GALERIA CENTRO SUL,AV CONSELHEIRO AGUIAR,"",EM FRENTE A GALERIA CENTRO SUL,BOA VIAGEM,,CIDADE,ABALROAMENTO LONGITUDINAL,COLISAO SEM VITIMAS,1,1,,,,,,,,0,,Longo da via,Bom,Sem defeito,Perfeito estado,Seca,Perfeito estado,Faixa de pedestre,Não há placas,60 km/h,Única,Faixa seccionada,"",""
11166,2019-12-06T00:00:00,22:14:00,COM VÍTIMA,FINALIZADA,AFOGADOS,RUA SAO MIGUEL,113C,RUA PEDRO CABRAL DE OLIVEIRA,PROX AO DEPATRI,RUA SAO MIGUEL,113C,PROX AO DEPATRI,AFOGADOS,,CIDADE,ABALROAMENTO TRANSVERSAL,AUTO E MOTO.,,1,,,,1,,,,1,,Cruzamento,Bom,Não existe,Perfeito estado,Seca,Perfeito estado,Outros,Não há placas,"",Dupla,Faixa contínua,"",""
11167,2019-12-06T00:00:00,22:43:00,SEM VÍTIMA,CANCELADA,BOA VIAGEM,AV ENGENHEIRO DOMINGOS FERREIRA,3704,RUA JOSE TRAJANO,PROX AO LAÇA BURGUER,AV ENGENHEIRO DOMINGOS FERREIRA,3704,PROX AO LAÇA BURGUER,BOA VIAGEM,,"",COLISÃO,DOIS ONIBUS DA BORBOREMA,,,,,,2,,,,0,,"","","","","","","","","","","","",""
11168,2019-12-06T00:00:00,23:34:00,SEM VÍTIMA,FINALIZADA,BOA VIAGEM,RUA SETUBAL,156,RUA BARAO DE SOUZA LEAO,OPOSTO A PRAÇA DE BOA VIAGEM,RUA SETUBAL,156,OPOSTO A PRAÇA DE BOA VIAGEM,BOA VIAGEM,414,CIDADE,ABALROAMENTO LONGITUDINAL,ARGO X ETIOS,2,,,,,,,,,0,,Longo da via,Bom,Sem defeito,Perfeito estado,Seca,Perfeito estado,"",Não há placas,"",Única,Faixa seccionada,"",""
11169,2019-12-07T00:00:00,02:16:00,SEM VÍTIMA,FINALIZADA,BOA VISTA,RUA DOM BOSCO,908,RUA HENRIQUE DIAS,MERCADO EXTRA,RUA DOM BOSCO,908,MERCADO EXTRA,BOA VISTA,294,SUBURBIO,ABALROAMENTO LONGITUDINAL,ENTRE DOIS AUTOS S/V,2,,,,,,,,,0,,"",Bom,Sem defeito,Perfeito estado,Seca,Perfeito estado,Faixa de pedestre,Outras,"",Única,Faixa seccionada,"",""
11170,2019-12-07T00:00:00,04:29:00,SEM VÍTIMA,FINALIZADA,BOA VIAGEM,AV DOM JOAO VI,"",RUA ANTONIO FALCAO,AO LADO DO EDF MARIA EMÍLIA,AV DOM JOAO VI,"",AO LADO DO EDF MARIA EMÍLIA,BOA VIAGEM,,SUBURBIO,CHOQUE OBJETO FIXO,VEICULO CAI EM UM BURRACO NA VIA,1,,,,,,,,,0,,"",Bom,Não existe,Incompleta,Seca,"",Não existe,Outras,"",Única,Não existe,"",""
11171,2019-12-07T00:00:00,07:51:00,COM VÍTIMA,FINALIZADA,BOA VIAGEM,RUA BALTAZAR PASSOS,"",RUA VISCONDE DE JEQUITINHONHA,APOS O LINDU,RUA BALTAZAR PASSOS,"",APOS O LINDU,BOA VIAGEM,154,ORLA BV,ABALROAMENTO TRANSVERSAL,AUTO E MOTO.,1,1,,,,,,,,1,,Cruzamento,Bom,Sem defeito,Perfeito estado,Seca,Perfeito estado,Faixa de pedestre,"","",Dupla,Faixa contínua,"",""
11172,2019-12-07T00:00:00,07:54:00,COM VÍTIMA,FINALIZADA,CAMPO GRANDE,EST DE BELEM,516,"",PROX DO ARMAZEM DA STAMPA. EDF. AQUILES.,EST DE BELEM,516,PROX DO ARMAZEM DA STAMPA. EDF. AQUILES.,CAMPO GRANDE,,SUBURBIO,COLISÃO COM CICLISTA,AUTO E BICICLETA.,1,,,1,,,,,,1,,Longo da via,Bom,Não existe,Perfeito estado,Seca,Perfeito estado,Não existe,R-6a,"",Dupla,Faixa contínua,"",""
11173,2019-12-07T00:00:00,08:56:00,SEM VÍTIMA,FINALIZADA,MANGABEIRA,RUA GUIMARAES PEIXOTO,"",AV NORTE,"",RUA GUIMARAES PEIXOTO,"","",MANGABEIRA,96,CIDADE,ABALROAMENTO LONGITUDINAL,CAMINHAO E AUTO,1,,,,,,1,,,0,,Cruzamento,Bom,Sem defeito,Perfeito estado,Seca,Perfeito estado,Faixa de pedestre,Outras,"",Única,Não existe,"",""
11174,2019-12-07T00:00:00,10:33:00,SEM VÍTIMA,FINALIZADA,CASA AMARELA,EST DO ARRAIAL,3574,"",EM FRENTE AO EDIFÍCIO BARÃO DE VERA CRUZ,EST DO ARRAIAL,3574,EM FRENTE AO EDIFÍCIO BARÃO DE VERA CRUZ,CASA AMARELA,,SUBURBIO,ABALROAMENTO LONGITUDINAL,COLISÃO SEM VITIMA,1,1,,,,,,,,0,,Longo da via,Bom,Não existe,Perfeito estado,Seca,Perfeito estado,Não existe,R-6a,40 km/h,Única,Faixa seccionada,"",""
11175,2019-12-07T00:00:00,10:41:00,COM VÍTIMA,FINALIZADA,PASSARINHO,EST DO PASSARINHO,1238,"",PROX AO TRMINAL,EST DO PASSARINHO,1238,PROX AO TRMINAL,PASSARINHO,,SUBURBIO,ABALROAMENTO LONGITUDINAL,DUAS MOTOS,,2,,,,,,,,2,,Longo da via,Bom,Não existe,Incompleta,Seca,Perfeito estado,Não existe,Não há placas,"",Dupla,Não existe,"",""
11176,2019-12-07T00:00:00,11:17:00,SEM VÍTIMA,FINALIZADA,PINA,AV ENGENHEIRO DOMINGOS FERREIRA,"",RUA TOME GIBSON,ESCOLA OSVALDO LIMA FILHO,AV ENGENHEIRO DOMINGOS FERREIRA,"",ESCOLA OSVALDO LIMA FILHO,PINA,200,"",ABALROAMENTO TRANSVERSAL,SEM VITIMAS,1,,,,,1,,,,0,,Cruzamento,Bom,Sem defeito,Perfeito estado,Seca,Perfeito estado,Faixa de pedestre,Não há placas,60 km/h,Única,Faixa contínua,"",""
11177,2019-12-07T00:00:00,11:22:00,SEM VÍTIMA,FINALIZADA,AFLITOS,RUA CONS PORTELA,"",RUA SANTO ELIAS,"",RUA CONS PORTELA,"","",AFLITOS,,SUBURBIO,ABALROAMENTO LONGITUDINAL,SEM VITIMAS,1,1,,,,,,,,0,,Cruzamento,Bom,Não existe,Perfeito estado,Seca,Perfeito estado,Não existe,Não há placas,"",Única,Faixa seccionada,"",""
11178,2019-12-07T00:00:00,11:33:00,SEM VÍTIMA,FINALIZADA,TORRE,RUA DIOGO ALVARES,68,"",OPOSTO AO CONDOMÍNIO ARLINDO CUNHA,RUA DIOGO ALVARES,68,OPOSTO AO CONDOMÍNIO ARLINDO CUNHA,TORRE,,SUBURBIO,COLISÃO TRASEIRA,DOIS AUTOS,2,,,,,,,,,0,,Longo da via,Bom,Não existe,Não existente,Seca,Perfeito estado,Outros,Placas Pare,"",Dupla,Não existe,"",""
11179,2019-12-07T00:00:00,11:36:00,SEM VÍTIMA,DUPLICIDADE,TORRE,RUA DIOGO ALVARES,"","",EM FERNTE AO EDUCANDARIO ANA RAQUEL,RUA DIOGO ALVARES,"",EM FERNTE AO EDUCANDARIO ANA RAQUEL,TORRE,,"",COLISÃO,COLISÃO SEM VITIMA,2,,,,,,,,,0,,"","","","","","","","","","","","",""
11180,2019-12-07T00:00:00,11:41:00,SEM VÍTIMA,FINALIZADA,ILHA DO RETIRO,AV BEIRA RIO,240,"",EDIFÍCIO ILHA DO RETIRO,AV BEIRA RIO,240,EDIFÍCIO ILHA DO RETIRO,ILHA DO RETIRO,,CIDADE,COLISÃO TRASEIRA,SEM VITIMAS,3,,,,,,,,,0,,Longo da via,Bom,Não existe,Perfeito estado,Seca,Perfeito estado,Faixa de pedestre,R-6a,"",Dupla,Faixa contínua,"",""
11181,2019-12-07T00:00:00,11:47:00,SEM VÍTIMA,PENDENTE,CASA FORTE,AV DEZESSETE DE AGOSTO,92,"",EM FERNTE A FUNDAÇÃO JOAQUIM NABUCO,AV DEZESSETE DE AGOSTO,92,EM FERNTE A FUNDAÇÃO JOAQUIM NABUCO,CASA FORTE,,"",COLISÃO,COLISÃO SEM VITIMA,1,1,,,,,,,,0,,"","","","","","","","","","","","",""
11182,2019-12-07T00:00:00,11:52:00,SEM VÍTIMA,CANCELADA,TAMARINEIRA,AV NORTE,4011,"",AO LADO DO AUTO POSTO NORTE,AV NORTE,4011,AO LADO DO AUTO POSTO NORTE,TAMARINEIRA,,CIDADE,COLISÃO,"",2,,,,,,,,,0,,"","","","","","","","","","","","",""
11183,2019-12-07T00:00:00,11:52:00,SEM VÍTIMA,FINALIZADA,"",EST DOS REMEDIOS,"","",POSTO SHELL / BIG BOMPREÇO,EST DOS REMEDIOS,"",POSTO SHELL / BIG BOMPREÇO,"",51,"",COLISÃO TRASEIRA,COLISÃO SEM VITIMA,2,,,,,,,,,0,,Longo da via,Bom,Sem defeito,Perfeito estado,Seca,Perfeito estado,"","","",Única,"","",""
11184,2019-12-07T00:00:00,11:57:00,COM VÍTIMA,FINALIZADA,BOA VISTA,AV CONDE DA BOA VISTA,770,"",EM FRENTE A LOJAS LEADER.,AV CONDE DA BOA VISTA,770,EM FRENTE A LOJAS LEADER.,BOA VISTA,,SUBURBIO,ABALROAMENTO LONGITUDINAL,ÔNIBUS E MOTONETA.,,1,,,,1,,,,1,,Longo da via,Bom,Não existe,Perfeito estado,Seca,Perfeito estado,Não existe,R-6c,"",Dupla,Faixa contínua,"",""
11185,2019-12-07T00:00:00,12:37:00,SEM VÍTIMA,FINALIZADA,BOA VIAGEM,RUA DHALIA,"","",E/F AO LAVA JATO GUAIAMUM,RUA DHALIA,"",E/F AO LAVA JATO GUAIAMUM,BOA VIAGEM,,"",COLISÃO,ENTRE DOIS AUTOS S/V,2,,,,,,,,,0,,"","","","","","","","","","","","",""
11186,2019-12-07T00:00:00,12:54:00,SEM VÍTIMA,FINALIZADA,BREJO DA GUABIRABA,AV VEREADOR OTACILIO AZEVEDO,4662,"",GARAGEM DE ÔNIBUS DA GLOBO,AV VEREADOR OTACILIO AZEVEDO,4662,GARAGEM DE ÔNIBUS DA GLOBO,BREJO DA GUABIRABA,,SUBURBIO,ABALROAMENTO LONGITUDINAL,ENTRE TRÊS AUTOS S/V,3,,,,,,,,,0,,Longo da via,Bom,Não existe,Ilegível,Seca,Perfeito estado,Não existe,Não há placas,"",Dupla,Não existe,"",""
11187,2019-12-07T00:00:00,13:30:00,COM VÍTIMA,CANCELADA,PORTO DA MADEIRA,AV BEBERIBE,3433,"",E/F AO CONJUNTO RESIDENCIAL INOCOP AO LADO DO POSTO SIVINI,AV BEBERIBE,3433,E/F AO CONJUNTO RESIDENCIAL INOCOP AO LADO DO POSTO SIVINI,PORTO DA MADEIRA,,"",COLISÃO,COLISAO ENTRE AUTO E MOTO COM UMA VITIMA,1,1,,,,,,,,1,,"","","","","","","","","","","","",""
11188,2019-12-07T00:00:00,13:52:00,SEM VÍTIMA,FINALIZADA,PAISSANDU,AV GOVERNADOR AGAMENON MAGALHAES,"","",EM FRENTE AO HOSPITAL PORTUGUÊS,AV GOVERNADOR AGAMENON MAGALHAES,"",EM FRENTE AO HOSPITAL PORTUGUÊS,PAISSANDU,,SUBURBIO,COLISÃO TRASEIRA,COLISÃO SEM VITIMA,1,1,,,,,,,,0,,Longo da via,Bom,Sem defeito,Perfeito estado,Seca,Perfeito estado,Não existe,R-6a,"",Dupla,Canal,"",""
11189,2019-12-07T00:00:00,14:27:00,SEM VÍTIMA,CANCELADA,AREIAS,AV DR JOSE RUFINO,"","",E/F AO HOTEL MALIBU S/T AFOGADOS,AV DR JOSE RUFINO,"",E/F AO HOTEL MALIBU S/T AFOGADOS,AREIAS,,"",COLISÃO,COLISAO ENTRE AUTO E MOTO S/V,1,1,,,,,,,,0,,"","","","","","","","","","","","",""
11190,2019-12-07T00:00:00,14:30:00,SEM VÍTIMA,FINALIZADA,TORRE,RUA CONDE DE IRAJA,195,AV BEIRA RIO,AO LADO PRAÇA JOSE SALES FILHO,RUA CONDE DE IRAJA,195,AO LADO PRAÇA JOSE SALES FILHO,TORRE,630,SUBURBIO,COLISÃO TRASEIRA,ENTRE DOIS AUTOS S/V,2,,,,,,,,,0,,Cruzamento,Bom,Sem defeito,Perfeito estado,Seca,Perfeito estado,"",Placas Pare,"",Dupla,Faixa contínua,"",""
11191,2019-12-07T00:00:00,15:05:00,SEM VÍTIMA,FINALIZADA,IMBIRIBEIRA,AV MARECHAL MASCARENHAS DE MORAES,"","",EM FRENTE A LOCALIZA,AV MARECHAL MASCARENHAS DE MORAES,"",EM FRENTE A LOCALIZA,IMBIRIBEIRA,,"",COLISÃO,EM FRENTE A LOCALIZA,0,,,,,,,,,0,,"","","","","","","","","","","","",""
11192,2019-12-07T00:00:00,15:47:00,SEM VÍTIMA,FINALIZADA,MADALENA,AV BEIRA RIO,825,RUA DR VICENTE GOMES,EDIFÍCIO RIVER TOWER,AV BEIRA RIO,825,EDIFÍCIO RIVER TOWER,MADALENA,,"",ABALROAMENTO TRANSVERSAL,ENTRE AUTO PASSEIO X ONIBUS S/V,2,,,,,,,,,0,,"",Bom,Não existe,Perfeito estado,Seca,Perfeito estado,"",Placas Pare,"",Dupla,Faixa seccionada,"",""
11193,2019-12-07T00:00:00,16:01:00,SEM VÍTIMA,FINALIZADA,VÁRZEA,AV PROFESSOR ARTUR DE SA,1953,"",EM FRENTE AO CEMITÉRIO DA VÁRZEA,AV PROFESSOR ARTUR DE SA,1953,EM FRENTE AO CEMITÉRIO DA VÁRZEA,VÁRZEA,,SUBURBIO,ABALROAMENTO LONGITUDINAL,ENTRE DOIS AUTOS S/V,3,,,,,,,,,0,,Longo da via,Bom,Não existe,Não existente,Seca,Perfeito estado,Não existe,Não há placas,"",Dupla,Não existe,"",""