_id,DATA,hora,natureza_acidente,situacao,bairro,endereco,numero,detalhe_endereco_acidente,complemento,endereco_cruzamento,numero_cruzamento,referencia_cruzamento,bairro_cruzamento,num_semaforo,sentido_via,tipo,descricao,auto,moto,ciclom,ciclista,pedestre,onibus,caminhao,viatura,outros,vitimas,vitimasfatais,acidente_verificado,tempo_clima,situacao_semaforo,sinalizacao,condicao_via,conservacao_via,ponto_controle,situacao_placa,velocidade_max_via,mao_direcao,divisao_via1,divisao_via2,divisao_via3
11194,2019-12-07T00:00:00,16:29:00,COM VÍTIMA,FINALIZADA,BOMBA DO HEMETÉRIO,AV PROFESSOR JOSE DOS ANJOS,"",EST VELHA DE AGUA FRIA,"",AV PROFESSOR JOSE DOS ANJOS,"","",BOMBA DO HEMETÉRIO,306,SUBURBIO,ABALROAMENTO LONGITUDINAL,AUTO PASSEIO X MOTO COM VÍTIMA,1,1,,,,,,,,1,,Cruzamento,Bom,Sem defeito,Perfeito estado,Seca,Perfeito estado,Faixa de pedestre,R-4a,40 km/h,Dupla,Canal,"",""
11195,2019-12-07T00:00:00,17:16:00,SEM VÍTIMA,FINALIZADA,IMBIRIBEIRA,RUA SARGENTO SILVINO DE MACEDO,273,RUA JOSE DA SILVA LUCENA,EM FRENTE A LACOMEX,RUA SARGENTO SILVINO DE MACEDO,273,EM FRENTE A LACOMEX,IMBIRIBEIRA,,"",ABALROAMENTO TRANSVERSAL,COLISÃO SEM VITIMA,2,,,,,,,,,0,,Cruzamento,Bom,Sem defeito,Perfeito estado,Seca,Perfeito estado,Não existe,Não há placas,"",Única,Não existe,"",""
11196,2019-12-07T00:00:00,17:22:00,SEM VÍTIMA,FINALIZADA,CAXANGÁ,AV JOAQUIM RIBEIRO,"","",OPOSTO A UPA,AV JOAQUIM RIBEIRO,"",OPOSTO A UPA,CAXANGÁ,281,"",COLISÃO,ONIBUS X AUTO PASSEIO S/V,1,,,,,1,,,,0,,Longo da via,Bom,Sem defeito,Perfeito estado,Seca,Perfeito estado,Não existe,Outras,60 km/h,Dupla,Canteiro central,"",""
11197,2019-12-07T00:00:00,17:25:00,COM VÍTIMA,FINALIZADA,SÃO JOSÉ,AV SUL,"",PRC SERGIO LORETO,PROX A SEDE DO GALO. PRAÇA SÉRGIO LORETO.,AV SUL,"",PROX A SEDE DO GALO. PRAÇA SÉRGIO LORETO.,SÃO JOSÉ,311,CIDADE,ABALROAMENTO LONGITUDINAL,COLISAO ENTRE AUTO E MOTO.,1,1,,,,,,,,1,,Longo da via,Bom,Sem defeito,Perfeito estado,Seca,Perfeito estado,"",Outras,"",Dupla,Canteiro central,"",""
11198,2019-12-07T00:00:00,17:37:00,SEM VÍTIMA,FINALIZADA,MADALENA,RUA BENFICA,"","",SOB O SEMÁFORO Nº 257,RUA BENFICA,"",SOB O SEMÁFORO Nº 257,MADALENA,257,CIDADE,ABALROAMENTO LONGITUDINAL,COLISÃO SEM VITIMA,1,,,,,1,,,,0,,Longo da via,Bom,Sem defeito,Perfeito estado,Seca,Perfeito estado,"",Outras,"",Única,Faixa contínua,"",""
11199,2019-12-07T00:00:00,19:04:00,SEM VÍTIMA,FINALIZADA,IMBIRIBEIRA,RUA ARQUITETO LUIZ NUNES,517,"","",RUA ARQUITETO LUIZ NUNES,517,"",IMBIRIBEIRA,,SUBURBIO,ABALROAMENTO LONGITUDINAL,COLISAO SEM VITIMAS,2,,,,,,,,,0,,Longo da via,Bom,Não existe,Perfeito estado,Seca,Perfeito estado,Não existe,Outras,"",Dupla,Faixa contínua,"",""
11200,2019-12-07T00:00:00,20:22:00,SEM VÍTIMA,FINALIZADA,CAXANGÁ,AV CAXANGA,"","",GOLF CLUB,AV CAXANGA,"",GOLF CLUB,CAXANGÁ,,SUBURBIO,ABALROAMENTO LONGITUDINAL,COLISAO SEM VITIMAS,2,,,,,,,,,0,,Longo da via,Bom,Não existe,Perfeito estado,Seca,Perfeito estado,Não existe,R-6a,"",Única,Faixa seccionada,"",""
11201,2019-12-07T00:00:00,20:25:00,SEM VÍTIMA,FINALIZADA,JORDÃO,AV DONA CARENTINA,22,"","",AV DONA CARENTINA,22,"",JORDÃO,,SUBURBIO,CHOQUE VEÍCULO PARADO,COLISAO SEM VITIMAS,1,,,,,,1,,,0,,Longo da via,Bom,Não existe,Não existente,Seca,Mal conservada,Não existe,Não há placas,"",Dupla,Não existe,"",""
11202,2019-12-07T00:00:00,22:59:00,SEM VÍTIMA,CANCELADA,BOA VIAGEM,RUA VISCONDE DE JEQUITINHONHA,"","",NA ENTRADA DO SHOPPING RECIFE,RUA VISCONDE DE JEQUITINHONHA,"",NA ENTRADA DO SHOPPING RECIFE,BOA VIAGEM,,"",COLISÃO,COLISAO SEM VITIMAS,1,,,,,1,,,,0,,"","","","","","","","","","","","",""
11203,2019-12-08T00:00:00,00:39:00,SEM VÍTIMA,CANCELADA,IBURA,RUA DR PAULO DE BIASE,"",RUA DR BENIGNO JORDAO DE VASCONCELOS,EM FRENTE AO EREM LAGOA ENCANTADA,RUA DR PAULO DE BIASE,"",EM FRENTE AO EREM LAGOA ENCANTADA,IBURA,,"",CHOQUE OBJETO FIXO,AUTO CHOCOU-SE COM UMA MURETA DE PROTEÇÃO DA VIA,1,,,,,,,,,0,,"","","","","","","","","","","","",""
11204,2019-12-08T00:00:00,01:34:00,COM VÍTIMA,FINALIZADA,BOA VIAGEM,RUA PROFESSOR JULIO FERREIRA DE MELO,474,RUA FELIX DE BRITO E MELO,EDF. GAGO COUTINHO,RUA PROFESSOR JULIO FERREIRA DE MELO,474,EDF. GAGO COUTINHO,BOA VIAGEM,,"",CHOQUE OBJETO FIXO,"VEÍCULO CHOCOU-SE CONTRA UM POSTE, EM SEGUIDA COM UM SEGUNDO VEÍCULO.",2,,,,,,,,,1,,Longo da via,Bom,Não existe,Incompleta,Seca,Mal iluminada,Não existe,Outras,"",Única,Não existe,"",""
11205,2019-12-08T00:00:00,01:46:00,SEM VÍTIMA,CANCELADA,BOA VIAGEM,RUA CORONEL BENEDITO CHAVES,"",AV CONSELHEIRO AGUIAR,PONTO DO AÇAÍ,RUA CORONEL BENEDITO CHAVES,"",PONTO DO AÇAÍ,BOA VIAGEM,114,"",COLISÃO,"COLISÃO ENTRE DOIS AUTOS, S/V",2,,,,,,,,,0,,"","","","","","","","","","","","",""
11206,2019-12-08T00:00:00,03:40:00,SEM VÍTIMA,FINALIZADA,BOA VISTA,RUA DO RIACHUELO,"",RUA GERVASIO PIRES,"",RUA DO RIACHUELO,"","",BOA VISTA,175,CIDADE,ABALROAMENTO TRANSVERSAL,"COLISÃO ENTRE DOIS AUTOS, UM DOS AUTOS VEIO A CAPOTAR C/V",2,,,,,,,,,0,,Cruzamento,Bom,Sem defeito,Perfeito estado,Seca,Perfeito estado,Não existe,Outras,"",Única,Não existe,"",""
11207,2019-12-08T00:00:00,06:52:00,SEM VÍTIMA,FINALIZADA,CASA AMARELA,RUA ENGENHEIRO OSCAR FERREIRA,355,EST DO ARRAIAL,POSTE DE ILUMINAÇÃO CELPE Nº 032235,RUA ENGENHEIRO OSCAR FERREIRA,355,POSTE DE ILUMINAÇÃO CELPE Nº 032235,CASA AMARELA,,SUBURBIO,ABALROAMENTO LONGITUDINAL,COLISÃO SEM VITIMA,1,,,,,1,,,,0,,Cruzamento,Bom,Não existe,Perfeito estado,Seca,Perfeito estado,Não existe,R-3,40 km/h,Única,Faixa contínua,"",""
11208,2019-12-08T00:00:00,08:53:00,SEM VÍTIMA,FINALIZADA,VÁRZEA,RUA MATA GRANDE,102,"","",RUA MATA GRANDE,102,"",VÁRZEA,,SUBURBIO,ABALROAMENTO LONGITUDINAL,SEM VITIMAS,2,,,,,,,,,0,,Longo da via,Bom,Não existe,Não existente,Seca,Mal conservada,Não existe,Não há placas,30 km/h,Dupla,Não existe,"",""
11209,2019-12-08T00:00:00,09:10:00,SEM VÍTIMA,FINALIZADA,AFOGADOS,RUA DA PAZ,"",RUA NICOLAU PEREIRA,"",RUA DA PAZ,"","",AFOGADOS,73,"",ABALROAMENTO LONGITUDINAL,COLISÃO SEM VITIMAS,1,,,,,,1,,,0,,Longo da via,Bom,Sem defeito,Perfeito estado,Seca,Perfeito estado,Faixa de pedestre,R-6a,60 km/h,Única,Faixa contínua,"",""
11210,2019-12-08T00:00:00,"",COM VÍTIMA,FINALIZADA,BOA VIAGEM,AV BOA VIAGEM,3278,RUA FELIX DE BRITO E MELO,EM FRENTE AO EDIFICIO MARIA HILDA,AV BOA VIAGEM,3278,EM FRENTE AO EDIFICIO MARIA HILDA,BOA VIAGEM,547,CIDADE,ABALROAMENTO LONGITUDINAL,DOIS AUTOS E UMA MOTO.,2,1,,,,,,,,1,,Cruzamento,Bom,Sem defeito,Perfeito estado,Seca,Perfeito estado,Faixa de pedestre,Outras,40 km/h,Única,Faixa seccionada,"",""
11211,2019-12-08T00:00:00,09:32:00,COM VÍTIMA,FINALIZADA,ALTO JOSÉ DO PINHO,COR DO BARTOLOMEU,170,"","AO LADO DA PADARIA ANDREIA,E ENTRADA DO BECO DO PAVÃO",COR DO BARTOLOMEU,170,"AO LADO DA PADARIA ANDREIA,E ENTRADA DO BECO DO PAVÃO",ALTO JOSÉ DO PINHO,,SUBURBIO,ABALROAMENTO LONGITUDINAL,COM UMA VITIMA,1,1,,,,,,,,1,,Longo da via,Bom,Não existe,Perfeito estado,Seca,Perfeito estado,"","","",Dupla,"","",""
11212,2019-12-08T00:00:00,10:27:00,SEM VÍTIMA,FINALIZADA,TOTÓ,RUA JUVENCIO MARQUES DA CUNHA,590,RUA PIO XII,"",RUA JUVENCIO MARQUES DA CUNHA,590,"",TOTÓ,,SUBURBIO,ABALROAMENTO TRANSVERSAL,COLISÃO SEM VÍTIMA,1,1,,,,,,,,0,,Cruzamento,Bom,Não existe,Incompleta,Seca,Perfeito estado,Outros,Outras,"",Dupla,Não existe,"",""
11213,2019-12-08T00:00:00,10:46:00,SEM VÍTIMA,FINALIZADA,CASA AMARELA,AV NORTE,5887,"","",AV NORTE,5887,"",CASA AMARELA,95,CIDADE,ABALROAMENTO LONGITUDINAL,COLISÃO SEM VÍTIMAS,1,1,,,,,,,,0,,Longo da via,Bom,Sem defeito,Perfeito estado,Seca,Perfeito estado,Faixa de pedestre,Não há placas,"",Dupla,Canteiro central,"",""
11214,2019-12-08T00:00:00,12:30:00,SEM VÍTIMA,CANCELADA,ESTÂNCIA,AV RECIFE,353,RUA MARQUES DE ITANHAEM,E/F A IGREJA BATISTA DA ESTÂNCIA (SENT. BR 232),AV RECIFE,353,E/F A IGREJA BATISTA DA ESTÂNCIA (SENT. BR 232),ESTÂNCIA,261,"",COLISÃO,COLISÃO S/VITIMAS ENTRE DOIS AUTOS,2,,,,,,,,,0,,"","","","","","","","","","","","",""
11215,2019-12-08T00:00:00,12:50:00,SEM VÍTIMA,FINALIZADA,BOA VIAGEM,RUA BARAO DE SOUZA LEAO,"","",PRACINHA DE BOA VIAGEM,RUA BARAO DE SOUZA LEAO,"",PRACINHA DE BOA VIAGEM,BOA VIAGEM,419,SUBURBIO,ABALROAMENTO LONGITUDINAL,COLISÃO SEM VITIMA,2,,,,,,,,,0,,Longo da via,Bom,Sem defeito,Perfeito estado,Seca,Mal conservada,Faixa de pedestre,Não há placas,"",Única,Não existe,"",""
11216,2019-12-08T00:00:00,12:59:00,SEM VÍTIMA,FINALIZADA,BOA VIAGEM,RUA DEZ DE JULHO,"",AV VINTE E TRES DE OUTUBRO,EM FRENTE AO POSTE Nº H 018085,RUA DEZ DE JULHO,"",EM FRENTE AO POSTE Nº H 018085,BOA VIAGEM,,"",ABALROAMENTO LONGITUDINAL,COLISÃO S/VITIMAS ENTRE DOIS AUTOS,2,,,,,,,,,0,,Cruzamento,Bom,Não existe,Não existente,Seca,Perfeito estado,Não existe,Não há placas,60 km/h,Única,Não existe,"",""
11217,2019-12-08T00:00:00,13:14:00,SEM VÍTIMA,FINALIZADA,SÃO JOSÉ,AV GUARARAPES,"","",EM FRENTE AOS CORREIOS,AV GUARARAPES,"",EM FRENTE AOS CORREIOS,SÃO JOSÉ,,SUBURBIO,ABALROAMENTO LONGITUDINAL,COLISÃO S/VITIMAS ENTRE UM AUTO E UM ONIBUS,1,,,,,1,,,,0,,Longo da via,Bom,Sem defeito,Perfeito estado,Seca,Perfeito estado,Não existe,Não há placas,"",Dupla,Canteiro central,"",""
11218,2019-12-08T00:00:00,13:29:00,COM VÍTIMA,FINALIZADA,IMBIRIBEIRA,AV MARECHAL MASCARENHAS DE MORAES,2716,RUA JORNALISTA CLEOFHAS DE OLIVEIRA,EM FRENTE A FARMACIA PAGUE MENOS. INTER HOTEL.,AV MARECHAL MASCARENHAS DE MORAES,2716,EM FRENTE A FARMACIA PAGUE MENOS. INTER HOTEL.,IMBIRIBEIRA,290,SUBURBIO,COLISÃO TRASEIRA,AUTO E MOTO.,1,1,,,,,,,,1,,Longo da via,Bom,Sem defeito,Perfeito estado,Seca,Perfeito estado,Faixa de pedestre,R-32,60 km/h,Dupla,Canteiro central,"",""
11219,2019-12-08T00:00:00,13:40:00,SEM VÍTIMA,FINALIZADA,CORDEIRO,RUA DR GASTAO DA SILVEIRA,126,"",PRÓXIMO AO PARQUE DE EXPOSIÇÃO DE ANIMAIS,RUA DR GASTAO DA SILVEIRA,126,PRÓXIMO AO PARQUE DE EXPOSIÇÃO DE ANIMAIS,CORDEIRO,,"",CHOQUE VEÍCULO PARADO,COLISÃO SEM VITIMA,2,,,,,,,,,0,,Longo da via,Bom,Não existe,Perfeito estado,Seca,Perfeito estado,"",Placas Pare,30 km/h,"",Não existe,"",""
11220,2019-12-08T00:00:00,14:08:00,SEM VÍTIMA,FINALIZADA,JARDIM SÃO PAULO,RUA LEANDRO BARRETO,7006B,"",AUTO PEÇAS,RUA LEANDRO BARRETO,7006B,AUTO PEÇAS,JARDIM SÃO PAULO,,SUBURBIO,COLISÃO TRASEIRA,COLISÃO SEM VITIMA,1,,,,,1,,,,0,,Longo da via,Bom,Sem defeito,Não existente,Seca,Perfeito estado,Não existe,Não há placas,"",Dupla,Não existe,"",""
11221,2019-12-08T00:00:00,14:38:00,SEM VÍTIMA,CANCELADA,ENCRUZILHADA,RUA AFONSO BATISTA,2145,AV NORTE,AO LADO DO CHINA BAR,RUA AFONSO BATISTA,2145,AO LADO DO CHINA BAR,ENCRUZILHADA,,"",COLISÃO,COLISÃO ENTRE UM ÔNIBUS E UM AUTO,1,,,,,1,,,,0,,"","","","","","","","","","","","",""
11222,2019-12-08T00:00:00,14:56:00,SEM VÍTIMA,EQUIPE EM DESLOCAMENTO,BOA VIAGEM,RUA BARAO DE SOUZA LEAO,626,"",EDF. COSTA DOURADA,RUA BARAO DE SOUZA LEAO,626,EDF. COSTA DOURADA,BOA VIAGEM,,"",ABALROAMENTO LONGITUDINAL,COLISÃO S/VITIMAS ENTRE UM ONIBUS E UM AUTO,1,,,,,1,,,,0,,Longo da via,Bom,Não existe,Perfeito estado,Seca,Perfeito estado,Não existe,Outras,40 km/h,Única,Faixa seccionada,"",""
11223,2019-12-08T00:00:00,15:00:00,COM VÍTIMA,FINALIZADA,VÁRZEA,RUA GASTAO VIDIGAL,1060,"","",RUA GASTAO VIDIGAL,1060,"",VÁRZEA,,SUBURBIO,COLISÃO TRASEIRA,COLISÃO COM VITIMA,1,1,,,,,,,,1,,Longo da via,Bom,Não existe,Perfeito estado,Seca,Perfeito estado,Outros,Outras,"",Dupla,Faixa contínua,"",""
11224,2019-12-08T00:00:00,15:04:00,COM VÍTIMA,FINALIZADA,IBURA,AV DOIS RIOS,191,RUA RIO UNA,E/F IGREJA BATISTA VALE DOIS RIOS. AUTOESCOLA ARCO-ÍRIS,AV DOIS RIOS,191,E/F IGREJA BATISTA VALE DOIS RIOS. AUTOESCOLA ARCO-ÍRIS,IBURA,,SUBURBIO,ABALROAMENTO LONGITUDINAL,COLISÃO C/VITIMA ENTRE UM AUTO E UMA MOTO,1,1,,,,,,,,1,,Cruzamento,Bom,Sem defeito,Perfeito estado,Seca,Perfeito estado,Não existe,R-6a,"",Dupla,Faixa contínua,"",""
11225,2019-12-08T00:00:00,15:10:00,SEM VÍTIMA,FINALIZADA,MACAXEIRA,AV NORTE,7368,"",ACADEMIA DA SAÚDE,AV NORTE,7368,ACADEMIA DA SAÚDE,MACAXEIRA,,SUBURBIO,ABALROAMENTO LONGITUDINAL,COLISÃO SEM VÍTIMA,1,,,,,1,,,,0,,Longo da via,Bom,Não existe,Perfeito estado,Seca,Perfeito estado,Não existe,Outras,"",Dupla,Canteiro central,"",""
11226,2019-12-08T00:00:00,15:21:00,SEM VÍTIMA,FINALIZADA,IMBIRIBEIRA,RUA JOAQUIM BANDEIRA,492,RUA SARGENTO SILVINO DE MACEDO,ANATEL,RUA JOAQUIM BANDEIRA,492,ANATEL,IMBIRIBEIRA,,CIDADE,ABALROAMENTO TRANSVERSAL,COLISÃO SEM VÍTIMA,2,,,,,,,,,0,,Cruzamento,Bom,Não existe,Não existente,Seca,Perfeito estado,Não existe,Não há placas,"","","","",""
11227,2019-12-08T00:00:00,15:55:00,SEM VÍTIMA,FINALIZADA,AFOGADOS,RUA JOAQUIM DE VASCONCELOS PEREIRA,"",RUA SAO MIGUEL,AO LADO DA ESCOLA AMAURY DE MEDEIROS,RUA JOAQUIM DE VASCONCELOS PEREIRA,"",AO LADO DA ESCOLA AMAURY DE MEDEIROS,AFOGADOS,,"",ABALROAMENTO TRANSVERSAL,SEM VITIMA,1,,,,,1,,,,0,,Cruzamento,Bom,Não existe,Não existente,Seca,Perfeito estado,Não existe,Não há placas,40 km/h,"",Não existe,"",""
11228,2019-12-08T00:00:00,16:02:00,SEM VÍTIMA,FINALIZADA,MADALENA,RUA ENGENHEIRO LEONARDO ARCOVERDE,464,RUA JOSE OSORIO,"",RUA ENGENHEIRO LEONARDO ARCOVERDE,464,"",MADALENA,,SUBURBIO,CHOQUE VEÍCULO PARADO,COLISÃO S/VITIMAS ENTRE DOIS AUTOS,2,,,,,,,,,0,,Cruzamento,Bom,Não existe,Perfeito estado,Seca,Perfeito estado,Faixa de pedestre,Outras,60 km/h,Única,Faixa contínua,"",""
11229,2019-12-08T00:00:00,16:15:00,SEM VÍTIMA,FINALIZADA,CASA FORTE,RUA JOAO TUDE DE MELO,91,RUA VIRGINIA LORETO,POSTO DE COMBUSTÍVEL IPIRANGA,RUA JOAO TUDE DE MELO,91,POSTO DE COMBUSTÍVEL IPIRANGA,CASA FORTE,,SUBURBIO,COLISÃO TRASEIRA,COLISÃO SEM VÍTIMA,2,,,,,,,,,0,,Longo da via,Bom,Sem defeito,Perfeito estado,Seca,Perfeito estado,Faixa de pedestre,Outras,"",Dupla,Canal,"",""
11230,2019-12-08T00:00:00,16:56:00,SEM VÍTIMA,FINALIZADA,SANTO AMARO,RUA FRANCISCO JACINTO,380,AV NORTE,BEL GALETOS,RUA FRANCISCO JACINTO,380,BEL GALETOS,SANTO AMARO,,SUBURBIO,ABALROAMENTO LONGITUDINAL,COLISÃO SEM VÍTIMA,2,,,,,,,,,0,,Longo da via,Bom,Não existe,Perfeito estado,Seca,Perfeito estado,Não existe,Não há placas,"",Dupla,Não existe,"",""
11231,2019-12-08T00:00:00,18:39:00,SEM VÍTIMA,FINALIZADA,CASA FORTE,"EST DAS UBAIAS,","",EST DO ENCANAMENTO,DROGASIL,"EST DAS UBAIAS,","",DROGASIL,CASA FORTE,593,"",ABALROAMENTO TRANSVERSAL,COLISAO SEM VITIMAS,1,1,,,,,,,,0,,Cruzamento,Bom,Sem defeito,Perfeito estado,Seca,Perfeito estado,Faixa de pedestre,Não há placas,"",Dupla,Faixa contínua,"",""
11232,2019-12-08T00:00:00,19:16:00,SEM VÍTIMA,FINALIZADA,PINA,AV REPUBLICA DO LIBANO,"",RUA BARAO DE SANTO ANGELO,"",AV REPUBLICA DO LIBANO,"","",PINA,,SUBURBIO,ABALROAMENTO LONGITUDINAL,CAMINHÃO X AUTO PASSEIO S/V,1,,,,,,1,,,0,,"",Bom,Não existe,"","","",Não existe,Não há placas,"",Única,Faixa seccionada,"",""
11233,2019-12-08T00:00:00,19:31:00,COM VÍTIMA,CANCELADA,BOMBA DO HEMETÉRIO,RUA CHA DE ALEGRIA,"",RUA TAMBOARA,E/F A PERNAMBUCO PIZZA,RUA CHA DE ALEGRIA,"",E/F A PERNAMBUCO PIZZA,BOMBA DO HEMETÉRIO,,"",COLISÃO,ENTRE DOIS AUTOS X MOTO COM VÍTIMA,2,1,,,,,,,,1,,"","","","","","","","","","","","",""
11234,2019-12-08T00:00:00,20:01:00,SEM VÍTIMA,FINALIZADA,CURADO,AV PREFEITO ANTONIO PEREIRA,"",RUA MINISTRO MARIO ANDREAZZA,B 067125 ( POSTE ILUMINAÇÃO PÚBLICA),AV PREFEITO ANTONIO PEREIRA,"",B 067125 ( POSTE ILUMINAÇÃO PÚBLICA),CURADO,,SUBURBIO,ABALROAMENTO TRANSVERSAL,COLISAO SEM VITIMAS,1,,,,,1,,,,0,,Cruzamento,Bom,Não existe,Perfeito estado,Seca,Perfeito estado,Não existe,Não há placas,"",Única,Não existe,"",""
11235,2019-12-08T00:00:00,20:11:00,COM VÍTIMA,CANCELADA,BOA VIAGEM,RUA DOS NAVEGANTES,3440,"",PROX A PADARIA DIPLOMATA,RUA DOS NAVEGANTES,3440,PROX A PADARIA DIPLOMATA,BOA VIAGEM,,"",COLISÃO,COLISAO COM VITIMAS,1,1,,,,,,,,1,,"","","","","","","","","","","","",""
11236,2019-12-08T00:00:00,20:34:00,SEM VÍTIMA,FINALIZADA,BOA VIAGEM,AV BOA VIAGEM,58,"",IGREJA FAMILIA 61,AV BOA VIAGEM,58,IGREJA FAMILIA 61,BOA VIAGEM,84,"",CHOQUE VEÍCULO PARADO,TRÊS AUTOS S/V,3,,,,,,,,,0,,Longo da via,Bom,Sem defeito,Perfeito estado,Seca,Perfeito estado,Faixa de pedestre,Não há placas,"",Única,Faixa contínua,"",""
11237,2019-12-08T00:00:00,21:16:00,SEM VÍTIMA,CANCELADA,PASSARINHO,EST DO PASSARINHO,330,"",PROX A FABRICA DA FRUTA PLUS,EST DO PASSARINHO,330,PROX A FABRICA DA FRUTA PLUS,PASSARINHO,,"",COLISÃO,ENTRE DOIS AUTOS S/V,2,,,,,,,,,0,,"","","","","","","","","","","","",""
11238,2019-12-08T00:00:00,21:34:00,COM VÍTIMA,FINALIZADA,BOA VIAGEM,RUA RIBEIRO DE BRITO,397,RUA HELIO BRANDAO,PROX AO EMPRESARIAL BLUE TOWER,RUA RIBEIRO DE BRITO,397,PROX AO EMPRESARIAL BLUE TOWER,BOA VIAGEM,,SUBURBIO,COLISÃO,VAN X MOTO COM VÍTIMA. PLACA DE UM DOS VEÍCULO NÃO FOI IDENTIFICADA.,,1,,,,,,,1,1,,Longo da via,Bom,Não existe,Não existente,Seca,Perfeito estado,Não existe,Não há placas,"",Única,Faixa seccionada,"",""
11239,2019-12-08T00:00:00,23:25:00,SEM VÍTIMA,FINALIZADA,DERBY,AV GOVERNADOR AGAMENON MAGALHAES,"","",SEMÁFORO 075,AV GOVERNADOR AGAMENON MAGALHAES,"",SEMÁFORO 075,DERBY,,SUBURBIO,COLISÃO TRASEIRA,MOTO X AUTO PASSEIO S/V,1,1,,,,,,,,0,,Cruzamento,Bom,Sem defeito,Perfeito estado,Seca,Perfeito estado,Faixa de pedestre,Não há placas,"",Dupla,Canal,"",""
11240,2019-12-09T00:00:00,01:52:00,SEM VÍTIMA,FINALIZADA,ESPINHEIRO,AV GOVERNADOR AGAMENON MAGALHAES,"",RUA BUENOS AYRES,SEMÁFORO 078,AV GOVERNADOR AGAMENON MAGALHAES,"",SEMÁFORO 078,ESPINHEIRO,78,SUBURBIO,ABALROAMENTO TRANSVERSAL,"COLISÃO ENTRE DOIS AUTOS, S/V",2,,,,,,,,,0,,Cruzamento,Bom,Sem defeito,Perfeito estado,Seca,Perfeito estado,Faixa de pedestre,Placas Pare,"",Dupla,Canteiro central,"",""
11241,2019-12-09T00:00:00,02:44:00,SEM VÍTIMA,FINALIZADA,BOMBA DO HEMETÉRIO,RUA BOMBA DO HEMETERIO,135,RUA DAS CRIANCAS,LADO OPOSTO AO NÚMERO 135,RUA BOMBA DO HEMETERIO,135,LADO OPOSTO AO NÚMERO 135,BOMBA DO HEMETÉRIO,,SUBURBIO,COLISÃO TRASEIRA,ENTRE DOIS AUTOS S/V,2,,,,,,,,,0,,Longo da via,Bom,Não existe,Perfeito estado,Seca,Mal iluminada,Não existe,Não há placas,40 km/h,Dupla,Não existe,"",""
11242,2019-12-09T00:00:00,04:17:00,SEM VÍTIMA,FINALIZADA,AREIAS,AV DR JOSE RUFINO,"","","EM BAIXO DO VIADUTO DA AV RECIFE, AO LADO DO ARMAZEM CORAL",AV DR JOSE RUFINO,"","EM BAIXO DO VIADUTO DA AV RECIFE, AO LADO DO ARMAZEM CORAL",AREIAS,,"",CHOQUE,"S/V, AUTO CHOCOU-SE EM UM POSTE QUE ESTA TOMBADO EM CIMA DE UM MURO",1,,,,,,,,,0,,"","","","","","","","","","","","",""
11243,2019-12-09T00:00:00,06:39:00,SEM VÍTIMA,FINALIZADA,AFOGADOS,AV SUL,"","",ESTAÇÃO LARGO DA PAZ,AV SUL,"",ESTAÇÃO LARGO DA PAZ,AFOGADOS,73,CIDADE,ABALROAMENTO LONGITUDINAL,MOTO E AUTO PASSEIO,1,1,,,,,,,,0,,Longo da via,Bom,Sem defeito,Perfeito estado,Seca,Perfeito estado,Não existe,Não há placas,"",Única,Faixa seccionada,"",""
11244,2019-12-09T00:00:00,07:39:00,COM VÍTIMA,FINALIZADA,SANTO ANTÔNIO,RUA IMPERADOR PEDRO SEGUNDO,"","",SECRETARIA DA FAZENDA DO ESTADO,RUA IMPERADOR PEDRO SEGUNDO,"",SECRETARIA DA FAZENDA DO ESTADO,SANTO ANTÔNIO,,CIDADE,ABALROAMENTO LONGITUDINAL,MOTO E AUTO PASSEIO,1,1,,,,,,,,1,,Longo da via,Bom,Não existe,Perfeito estado,Seca,Perfeito estado,Não existe,Outras,"",Única,Faixa seccionada,"",""
11245,2019-12-09T00:00:00,07:46:00,SEM VÍTIMA,FINALIZADA,AFOGADOS,AV SUL,"",RUA NICOLAU PEREIRA,ESTAÇÃO LARGO DA PAZ,AV SUL,"",ESTAÇÃO LARGO DA PAZ,AFOGADOS,73,SUBURBIO,ABALROAMENTO LONGITUDINAL,ONIBUS E AUTO PASSEIO,1,,,,,1,,,,0,,Cruzamento,Bom,Sem defeito,Perfeito estado,Seca,Perfeito estado,Agente,Não há placas,"",Única,Faixa seccionada,"",""
11246,2019-12-09T00:00:00,07:52:00,SEM VÍTIMA,FINALIZADA,VÁRZEA,PTE MARECHAL HUMBERTO CASTELO BRANCO,"","",SOBRE A PONTE,PTE MARECHAL HUMBERTO CASTELO BRANCO,"",SOBRE A PONTE,VÁRZEA,,SUBURBIO,COLISÃO TRASEIRA,COLISAO SEM VITIMAS,2,,,,,,,,,0,,Ponte,Bom,Não existe,Perfeito estado,Seca,Perfeito estado,Não existe,Outras,"",Dupla,Faixa contínua,Faixa seccionada,Canteiro central
11247,2019-12-09T00:00:00,08:46:00,COM VÍTIMA,FINALIZADA,SAN MARTIN,AV JOAO CABRAL DE MELO NETO,2702,RUA TENENTE MINDELO,RUA RESIDENCIAL,AV JOAO CABRAL DE MELO NETO,2702,RUA RESIDENCIAL,SAN MARTIN,250,CIDADE,ABALROAMENTO LONGITUDINAL,COLISÃO C/ VITIMAS ENTRE UM AUTO E UMA MOTO,1,1,,,,,,,,2,,Cruzamento,Bom,Sem defeito,Perfeito estado,Seca,Perfeito estado,Faixa de pedestre,Não há placas,"",Dupla,Não existe,"",""