_id,DATA,hora,natureza_acidente,situacao,bairro,endereco,numero,detalhe_endereco_acidente,complemento,endereco_cruzamento,numero_cruzamento,referencia_cruzamento,bairro_cruzamento,num_semaforo,sentido_via,tipo,descricao,auto,moto,ciclom,ciclista,pedestre,onibus,caminhao,viatura,outros,vitimas,vitimasfatais,acidente_verificado,tempo_clima,situacao_semaforo,sinalizacao,condicao_via,conservacao_via,ponto_controle,situacao_placa,velocidade_max_via,mao_direcao,divisao_via1,divisao_via2,divisao_via3
11304,2019-12-10T00:00:00,13:41:00,SEM VÍTIMA,FINALIZADA,MACAXEIRA,RUA FLAVIO GUERRA,"","",EM FRENTE AO PARANABAR,RUA FLAVIO GUERRA,"",EM FRENTE AO PARANABAR,MACAXEIRA,,"",CHOQUE VEÍCULO PARADO,COLISÃO S/VITIMA ENTRE DOIS AUTOS E UMA CARRETA,2,,,,,,,,1,0,,Longo da via,Bom,Não existe,Não existente,Seca,Perfeito estado,Não existe,Placas Pare,30 km/h,Dupla,Não existe,"",""
11305,2019-12-10T00:00:00,13:57:00,SEM VÍTIMA,FINALIZADA,IMBIRIBEIRA,AV MARECHAL MASCARENHAS DE MORAES,7935,"",AO LADO OPOSTO AO NÚMERO 7935,AV MARECHAL MASCARENHAS DE MORAES,7935,AO LADO OPOSTO AO NÚMERO 7935,IMBIRIBEIRA,625,SUBURBIO,COLISÃO TRASEIRA,COLISAO ENTRE CAMINHAO E AUTO S/V,1,,,,,,1,,,0,,Longo da via,Bom,Sem defeito,Incompleta,Seca,Perfeito estado,Não existe,Não há placas,"",Única,Canteiro central,"",""
11306,2019-12-10T00:00:00,14:18:00,SEM VÍTIMA,FINALIZADA,BOA VIAGEM,RUA JOSE MARIA DE MIRANDA,"",RUA FRANCISCO DA CUNHA,AO LADO DO DEPÓSITO DA ESQUINA,RUA JOSE MARIA DE MIRANDA,"",AO LADO DO DEPÓSITO DA ESQUINA,BOA VIAGEM,,"",ABALROAMENTO TRANSVERSAL,COLISÃO S/VITIMA ENTRE DOIS AUTOS,2,,,,,,,,,0,,Cruzamento,Bom,Não existe,Perfeito estado,Seca,Perfeito estado,Faixa de retenção,Placas Pare,"",Única,Não existe,"",""
11307,2019-12-10T00:00:00,14:19:00,SEM VÍTIMA,CANCELADA,MADALENA,RUA LOPES DE CARVALHO,"",RUA REAL DA TORRE,AO LADO DA BATERIAS HELIAR,RUA LOPES DE CARVALHO,"",AO LADO DA BATERIAS HELIAR,MADALENA,,"",COLISÃO,COLISÃO SEM VÍTIMA,2,,,,,,,,,0,,"","","","","","","","","","","","",""
11308,2019-12-10T00:00:00,14:45:00,SEM VÍTIMA,FINALIZADA,DERBY,AV GOVERNADOR AGAMENON MAGALHAES,4775,"",EM FRENTE AO BANCO CAIXA ECONÔMICA,AV GOVERNADOR AGAMENON MAGALHAES,4775,EM FRENTE AO BANCO CAIXA ECONÔMICA,DERBY,672,SUBURBIO,ABALROAMENTO LONGITUDINAL,COLISÃO S/VITIMAS ENTRE UMA MOTO E UM AUTO,1,1,,,,,,,,0,,Longo da via,Bom,Sem defeito,Perfeito estado,Seca,Perfeito estado,Agente,Não há placas,60 km/h,Única,Faixa contínua,Faixa seccionada,Canteiro central
11309,2019-12-10T00:00:00,14:57:00,SEM VÍTIMA,FINALIZADA,BOA VIAGEM,AV CONSELHEIRO AGUIAR,355,RUA ONDINA,SENHORITA SHOES,AV CONSELHEIRO AGUIAR,355,SENHORITA SHOES,BOA VIAGEM,,SUBURBIO,ABALROAMENTO TRANSVERSAL,COLISAO ENTRE AUTO E ONIBUS S/V,1,,,,,1,,,,0,,Longo da via,Bom,Não existe,Perfeito estado,Seca,Perfeito estado,Agente,Não há placas,60 km/h,Única,Faixa seccionada,"",""
11310,2019-12-10T00:00:00,14:59:00,SEM VÍTIMA,FINALIZADA,AFOGADOS,RUA SAO MIGUEL,16,"","",RUA SAO MIGUEL,16,"",AFOGADOS,,SUBURBIO,ABALROAMENTO LONGITUDINAL,COLISÃO S/VITIMAS ENTRE UM AUTO E UM CARRO-FORTE,1,,,,,,,,1,0,,Longo da via,Bom,Sem defeito,Perfeito estado,Seca,Perfeito estado,Faixa de pedestre,Outras,60 km/h,"",Faixa contínua,"",""
11311,2019-12-10T00:00:00,15:03:00,SEM VÍTIMA,DUPLICIDADE,BOA VIAGEM,AV CONSELHEIRO AGUIAR,3222,"",EM FRENTE A ELETRIC INK,AV CONSELHEIRO AGUIAR,3222,EM FRENTE A ELETRIC INK,BOA VIAGEM,,"",COLISÃO,COLISÃO SEM VÍTIMA,1,,,,,1,,,,0,,"","","","","","","","","","","","",""
11312,2019-12-10T00:00:00,15:13:00,COM VÍTIMA,FINALIZADA,IPUTINGA,EST DO BARBALHO,960,"",E/F A CONAB,EST DO BARBALHO,960,E/F A CONAB,IPUTINGA,,"",COLISÃO COM CICLISTA,AUTO E BICICLETA.,1,,,1,,,,,,1,,Longo da via,Bom,Não existe,Não existente,Seca,Perfeito estado,Não existe,Não há placas,"",Dupla,Não existe,"",""
11313,2019-12-10T00:00:00,15:21:00,SEM VÍTIMA,FINALIZADA,BOA VIAGEM,AV ENGENHEIRO DOMINGOS FERREIRA,1450,"",BENETTI INTERIORES,AV ENGENHEIRO DOMINGOS FERREIRA,1450,BENETTI INTERIORES,BOA VIAGEM,,SUBURBIO,COLISÃO TRASEIRA,COLISA ENTRE DOIS AUTOS S/V,2,,,,,,,,,0,,Longo da via,Bom,Não existe,Perfeito estado,Seca,Perfeito estado,Não existe,Não há placas,60 km/h,Única,Canteiro central,"",""
11314,2019-12-10T00:00:00,15:37:00,COM VÍTIMA,FINALIZADA,BOA VIAGEM,RUA DOS NAVEGANTES,3962,RUA RIBEIRO DE BRITO,AO LADO DO EDF. QUEEN MARY.,RUA DOS NAVEGANTES,3962,AO LADO DO EDF. QUEEN MARY.,BOA VIAGEM,,SUBURBIO,ABALROAMENTO TRANSVERSAL,COLISAO ENTRE AUTO E MOTO COM UMA VITIMA,1,1,,,,,,,,1,,Cruzamento,Bom,Não existe,Perfeito estado,Seca,Perfeito estado,Faixa de retenção,Placas Pare,"",Única,Faixa seccionada,"",""
11315,2019-12-10T00:00:00,15:38:00,SEM VÍTIMA,FINALIZADA,BOA VIAGEM,AV FERNANDO SIMOES BARBOSA,374,"",EM FRENTE AO Nº 374,AV FERNANDO SIMOES BARBOSA,374,EM FRENTE AO Nº 374,BOA VIAGEM,,SUBURBIO,ABALROAMENTO LONGITUDINAL,COLISÃO SEM VÍTIMA,2,,,,,,,,,0,,Longo da via,Bom,Não existe,Perfeito estado,Seca,Perfeito estado,Não existe,R-6a,60 km/h,Única,Canteiro central,"",""
11316,2019-12-10T00:00:00,15:51:00,SEM VÍTIMA,FINALIZADA,DERBY,PRC DO DERBY,"",RUA JENER DE SOUZA,SOB O SEMÁFORO 418,PRC DO DERBY,"",SOB O SEMÁFORO 418,DERBY,418,"",ABALROAMENTO LONGITUDINAL,COLISÃO S/VITMAS ENTRE DOIS AUTOS,1,,,,,,1,,,0,,Longo da via,Bom,Sem defeito,Perfeito estado,Seca,Perfeito estado,"",Outras,"",Dupla,Blocos,"",""
11317,2019-12-10T00:00:00,16:13:00,COM VÍTIMA,FINALIZADA,AFOGADOS,RUA SAO MIGUEL,"",RUA MANOEL DE ALBUQUERQUE FERNANDES,PANIFICADORA LISBOA.,RUA SAO MIGUEL,"",PANIFICADORA LISBOA.,AFOGADOS,,"",ABALROAMENTO TRANSVERSAL,COLISÃO COM VÍTIMA ENTRE AUTO E MOTO.,1,1,,,,,,,,1,,Cruzamento,Bom,Não existe,Ilegível,Seca,Perfeito estado,Não existe,Não há placas,"",Dupla,Faixa contínua,"",""
11318,2019-12-10T00:00:00,16:25:00,SEM VÍTIMA,FINALIZADA,ARRUDA,RUA MEM DE SA,295,RUA PROFESSOR JERONIMO GUEIROS,"",RUA MEM DE SA,295,"",ARRUDA,495,CIDADE,ABALROAMENTO TRANSVERSAL,COLISAO ENTRE AUTO E CAMINHAO S/V,1,,,,,,1,,,0,,Cruzamento,Bom,Sem defeito,Incompleta,Seca,Perfeito estado,Não existe,Não há placas,30 km/h,Dupla,Não existe,"",""
11319,2019-12-10T00:00:00,16:39:00,SEM VÍTIMA,FINALIZADA,BOA VISTA,AV GOVERNADOR AGAMENON MAGALHAES,"","",EM FRENTE AO BOMPREÇO/ SENTIDO OLINDA,AV GOVERNADOR AGAMENON MAGALHAES,"",EM FRENTE AO BOMPREÇO/ SENTIDO OLINDA,BOA VISTA,,"",COLISÃO,COLISÃO SEM VÍTIMA,1,1,,,,,,,,0,,"","","","","","","","","","","","",""
11320,2019-12-10T00:00:00,17:40:00,SEM VÍTIMA,FINALIZADA,BOA VISTA,RUA DO HOSPICIO,"","",EM FRENTE A ESCOLA LUIZ DELGADO,RUA DO HOSPICIO,"",EM FRENTE A ESCOLA LUIZ DELGADO,BOA VISTA,,"",COLISÃO TRASEIRA,COLISÃO SEM VÍTIMA,2,,,,,1,,,,0,,Longo da via,Bom,Não existe,Perfeito estado,Seca,Perfeito estado,Não existe,Outras,"",Dupla,Blocos,"",""
11321,2019-12-10T00:00:00,17:42:00,SEM VÍTIMA,FINALIZADA,IBURA,AV DOM HELDER CAMARA,"","",POSTE H 022010,AV DOM HELDER CAMARA,"",POSTE H 022010,IBURA,,"",ABALROAMENTO LONGITUDINAL,COLISAO ENTRE DOIS AUTO S/V,2,,,,,,,,,0,,Longo da via,Bom,Não existe,Perfeito estado,Seca,Perfeito estado,Não existe,Não há placas,"",Dupla,Canteiro central,"",""
11322,2019-12-10T00:00:00,17:51:00,SEM VÍTIMA,FINALIZADA,BOA VIAGEM,AV ENGENHEIRO DOMINGOS FERREIRA,3746,"",FARMÁCIA DROGASIL,AV ENGENHEIRO DOMINGOS FERREIRA,3746,FARMÁCIA DROGASIL,BOA VIAGEM,,SUBURBIO,ABALROAMENTO LONGITUDINAL,COLISÃO S/VITMAS ENTRE UM ONIBUS E AUTO,1,,,,,1,,,,0,,Longo da via,Bom,Não existe,Perfeito estado,Seca,Perfeito estado,Outros,Não há placas,60 km/h,Única,Faixa seccionada,Canteiro central,""
11323,2019-12-10T00:00:00,19:31:00,SEM VÍTIMA,FINALIZADA,SANTO AMARO,AV RECIFE,2528,"",E/F AO ATACAMAX,AV RECIFE,2528,E/F AO ATACAMAX,SANTO AMARO,,CIDADE,ABALROAMENTO LONGITUDINAL,ENTRE DOIS AUTOS,2,,,,,,,,,0,,Longo da via,Bom,Não existe,"","","",Não existe,Não há placas,"",Dupla,Faixa contínua,Faixa seccionada,Canteiro central
11324,2019-12-10T00:00:00,19:32:00,COM VÍTIMA,FINALIZADA,IMBIRIBEIRA,RUA ITACARI,130,RUA CACHOEIRA,OBS: O LOCAL SO TEM RESIDENCIA,RUA ITACARI,130,OBS: O LOCAL SO TEM RESIDENCIA,IMBIRIBEIRA,,SUBURBIO,ABALROAMENTO TRANSVERSAL,GOL X MOTO,1,1,,,,,,,,2,,Cruzamento,Bom,Não existe,Perfeito estado,Seca,Perfeito estado,"","","",Única,Faixa seccionada,"",""
11325,2019-12-10T00:00:00,20:28:00,SEM VÍTIMA,CANCELADA,SÍTIO DOS PINTOS,RUA PROF CLAUDIO SELVA,22,"",E/F A CAPELA SÃO PEDRO,RUA PROF CLAUDIO SELVA,22,E/F A CAPELA SÃO PEDRO,SÍTIO DOS PINTOS,,"",COLISÃO,ONIBUS X AUTO PASSEIO S/V,1,,,,,1,,,,0,,"","","","","","","","","","","","",""
11326,2019-12-10T00:00:00,21:34:00,SEM VÍTIMA,FINALIZADA,ARRUDA,RUA DO MACHADO,449,RUA ZEFERINO AGRA,"",RUA DO MACHADO,449,"",ARRUDA,,"",COLISÃO FRONTAL,POLO X PRISMA,2,,,,,,,,,0,,Cruzamento,Bom,Não existe,Perfeito estado,Seca,Perfeito estado,Faixa de retenção,Placas Pare,40 km/h,Dupla,Faixa contínua,"",""
11327,2019-12-10T00:00:00,22:03:00,COM VÍTIMA,FINALIZADA,ARRUDA,AV BEBERIBE,"","",EM FRENTE AO ESTÁDIO DO ARRUDA.,AV BEBERIBE,"",EM FRENTE AO ESTÁDIO DO ARRUDA.,ARRUDA,,"",ABALROAMENTO TRANSVERSAL,AUTO PASSEIO X MOTO COM VÍTIMA,1,1,,,,,,,,2,,Longo da via,Bom,Não existe,Perfeito estado,Seca,Perfeito estado,Não existe,Não há placas,"",Dupla,Faixa contínua,"",""
11328,2019-12-10T00:00:00,22:48:00,COM VÍTIMA,FINALIZADA,SANTO AMARO,AV CRUZ CABUGA,"",RUA DR JOAO VIEIRA DE MENEZES,E/F A FACULDADE FAMAS,AV CRUZ CABUGA,"",E/F A FACULDADE FAMAS,SANTO AMARO,,CIDADE,ABALROAMENTO TRANSVERSAL,AUTO PASSEIO X MOTO COM VÍTIMA,1,1,,,,,,,,1,,Cruzamento,Bom,Não existe,Perfeito estado,Seca,Perfeito estado,"","","",Dupla,"","",""
11329,2019-12-11T00:00:00,01:43:00,COM VÍTIMA,FINALIZADA,VÁRZEA,RUA RODRIGO DELAMARE,202,"",EM FRENTE A PRAÇA DA PERIQUITA,RUA RODRIGO DELAMARE,202,EM FRENTE A PRAÇA DA PERIQUITA,VÁRZEA,,CIDADE,CHOQUE OBJETO FIXO,"MOTO CHOCOU-SE CONTRA GELO-BAIANO, C/V SOCORRIDA PELO SAMU",,1,,,,,,,,1,,Longo da via,Bom,Não existe,Incompleta,Seca,Perfeito estado,Não existe,Outras,"",Dupla,Faixa seccionada,"",""
11330,2019-12-11T00:00:00,05:52:00,COM VÍTIMA,FINALIZADA,ILHA DO LEITE,RUA SENADOR JOSE HENRIQUE,"",AV FREI MATIAS TEVES,"",RUA SENADOR JOSE HENRIQUE,"","",ILHA DO LEITE,,CIDADE,ABALROAMENTO TRANSVERSAL,COLISÃO ENTRE DOIS AUTOS C/V,2,,,,,,,,,1,,Cruzamento,Bom,Não existe,Perfeito estado,Seca,Perfeito estado,Faixa de retenção,Não há placas,"",Única,Faixa seccionada,"",""
11331,2019-12-11T00:00:00,07:23:00,SEM VÍTIMA,FINALIZADA,IBURA,AV DOIS RIOS,383,"",IBM MADEREIRA E ARMAZENAGEM,AV DOIS RIOS,383,IBM MADEREIRA E ARMAZENAGEM,IBURA,,CIDADE,COLISÃO TRASEIRA,COLISÃO SEM VITIMAS,1,,,,,,1,,,0,,Longo da via,Chuvoso,Não existe,Perfeito estado,Molhada,Perfeito estado,Não existe,"","",Dupla,Faixa contínua,"",""
11332,2019-12-11T00:00:00,08:13:00,SEM VÍTIMA,FINALIZADA,IPSEP,RUA DR RAPOSO PINTO,465 B,RUA ADERBAL DE MELO,ANTIGO 19º BPM,RUA DR RAPOSO PINTO,465 B,ANTIGO 19º BPM,IPSEP,,CIDADE,ABALROAMENTO LONGITUDINAL,SEM VITIMAS,2,,,,,,,,,0,,Cruzamento,Bom,Não existe,Incompleta,Seca,Perfeito estado,Não existe,Placas Pare,30 km/h,Dupla,Não existe,"",""
11333,2019-12-11T00:00:00,08:28:00,COM VÍTIMA,FINALIZADA,IMBIRIBEIRA,AV MARECHAL MASCARENHAS DE MORAES,"",PRC MINISTRO SALGADO FILHO,EM FRENTE AO ANTIGO AEROPORTO.,AV MARECHAL MASCARENHAS DE MORAES,"",EM FRENTE AO ANTIGO AEROPORTO.,IMBIRIBEIRA,,SUBURBIO,TOMBAMENTO,MOTOCICLISTA PERDEU O CONTROLE NA CURVA,,1,,,,,,,,1,,Longo da via,Bom,Não existe,Perfeito estado,Seca,Perfeito estado,Não existe,R-6a,"",Única,Não existe,"",""
11334,2019-12-11T00:00:00,09:10:00,SEM VÍTIMA,FINALIZADA,ILHA DO RETIRO,AV BEIRA RIO,230,"",EDIFÍCIO PORTAL DO CAPIBARIBE,AV BEIRA RIO,230,EDIFÍCIO PORTAL DO CAPIBARIBE,ILHA DO RETIRO,,SUBURBIO,ABALROAMENTO LONGITUDINAL,MOTO E AUTO,1,1,,,,,,,,0,,Longo da via,Bom,Não existe,Perfeito estado,Seca,Perfeito estado,Não existe,Não há placas,"",Dupla,Faixa seccionada,"",""
11335,2019-12-11T00:00:00,09:34:00,COM VÍTIMA,FINALIZADA,APIPUCOS,RUA DE APIPUCOS,"",RUA MANDACARU,EM BAIXO DO SEMAFORO 500,RUA DE APIPUCOS,"",EM BAIXO DO SEMAFORO 500,APIPUCOS,500,CIDADE,COLISÃO TRASEIRA,COLISÃO COM VITIMA SOCORRIDA PELOS BOMBEIROS,1,1,,,,,,,,1,,Longo da via,Bom,Sem defeito,Perfeito estado,Seca,Perfeito estado,Faixa de pedestre,R-6a,"",Dupla,Faixa contínua,"",""
11336,2019-12-11T00:00:00,09:34:00,SEM VÍTIMA,FINALIZADA,PINA,AVENIDA CELSO FURTADO (VIA MANGUE),"","",ALTURA DO POSTE DE NÚMERO H 026015/ EM FRENTE AO 19º BPM,AVENIDA CELSO FURTADO (VIA MANGUE),"",ALTURA DO POSTE DE NÚMERO H 026015/ EM FRENTE AO 19º BPM,PINA,,CIDADE,COLISÃO FRONTAL,COLISÃO S/VITIMAS ENTRE TRES AUTOS,3,,,,,,,,,0,,"",Bom,Não existe,Não existente,Seca,Perfeito estado,Não existe,Não há placas,60 km/h,Única,Faixa seccionada,"",""
11337,2019-12-11T00:00:00,09:43:00,COM VÍTIMA,FINALIZADA,SANTO ANTÔNIO,RUA DO SOL,143,"",EM FRENTE A PROCURADORIA,RUA DO SOL,143,EM FRENTE A PROCURADORIA,SANTO ANTÔNIO,,CIDADE,ATROPELAMENTO,MOTO E PEDESTRE- PEDESTRE ATROPELADO SE EVADIU,,1,,,1,,,,,1,,Longo da via,Bom,Sem defeito,Perfeito estado,Seca,"","","","",Única,Faixa seccionada,"",""
11338,2019-12-11T00:00:00,09:43:00,SEM VÍTIMA,FINALIZADA,IPSEP,RUA JEAN EMILE FAVRE,557,"",UNIFBV WYDEN FACULDADE,RUA JEAN EMILE FAVRE,557,UNIFBV WYDEN FACULDADE,IPSEP,,SUBURBIO,ABALROAMENTO LONGITUDINAL,SEM VITIMAS,2,,,,,,,,,0,,Longo da via,Bom,Não existe,Perfeito estado,Seca,Perfeito estado,Não existe,Não há placas,"",Dupla,Faixa contínua,Faixa seccionada,""
11339,2019-12-11T00:00:00,09:49:00,SEM VÍTIMA,FINALIZADA,IMBIRIBEIRA,AV MARECHAL MASCARENHAS DE MORAES,"","",UPA DA IMBIRIBEIRA,AV MARECHAL MASCARENHAS DE MORAES,"",UPA DA IMBIRIBEIRA,IMBIRIBEIRA,276,CIDADE,ABALROAMENTO LONGITUDINAL,COLISÃO S/VITIMAS ENTRE UM ONIBS E UM AUTO,1,,,,,1,,,,0,,Longo da via,Bom,Sem defeito,Perfeito estado,Seca,Perfeito estado,"",R-6a,"",Dupla,Faixa seccionada,Canteiro central,""
11340,2019-12-11T00:00:00,10:00:00,SEM VÍTIMA,FINALIZADA,AREIAS,AV RECIFE,"","",LADO OPOSTO AO HOTEL MALIBÚ,AV RECIFE,"",LADO OPOSTO AO HOTEL MALIBÚ,AREIAS,,"",COLISÃO TRASEIRA,COLISÃO SEM VITIMAS,2,,,,,,,,,0,,Viaduto,Bom,Não existe,Incompleta,Seca,Mal conservada,Não existe,Não há placas,"",Dupla,Canteiro central,"",""
11341,2019-12-11T00:00:00,10:21:00,SEM VÍTIMA,FINALIZADA,GRAÇAS,RUA PAULINO GOMES DE SOUZA,249,"","",RUA PAULINO GOMES DE SOUZA,249,"",GRAÇAS,,"",CHOQUE OBJETO FIXO,"CAMINHÃO CHOCOU-SE COM POSTE, O MESMO SE ENCONTRA ATRAVESSADO NA VIA",,,,,,,1,,,0,,Longo da via,Bom,Sem defeito,Perfeito estado,Seca,Perfeito estado,Faixa de pedestre,Outras,"",Dupla,Não existe,"",""
11342,2019-12-11T00:00:00,10:45:00,SEM VÍTIMA,FINALIZADA,PINA,RUA ONDINA,51 A,"",AIKA SUSHI,RUA ONDINA,51 A,AIKA SUSHI,PINA,,CIDADE,ABALROAMENTO LONGITUDINAL,COLISÃO SEM VITIMAS,2,,,,,,,,,0,,Cruzamento,Bom,Não existe,Perfeito estado,Seca,Perfeito estado,Não existe,Não há placas,20 km/h,Única,Não existe,"",""
11343,2019-12-11T00:00:00,11:05:00,SEM VÍTIMA,FINALIZADA,DERBY,RUA HENRIQUE DIAS,"",AV GOVERNADOR AGAMENON MAGALHAES,SOB O SEMÁFORO Nº 068 / AO LADO DA FARMÁCIA PAGUE MENOS,RUA HENRIQUE DIAS,"",SOB O SEMÁFORO Nº 068 / AO LADO DA FARMÁCIA PAGUE MENOS,DERBY,68,"",ABALROAMENTO LONGITUDINAL,COLISÃO SEM VITIMAS,2,,,,,,,,,0,,Cruzamento,Bom,Sem defeito,Perfeito estado,Seca,Perfeito estado,Faixa de pedestre,Outras,60 km/h,Dupla,Não existe,"",""
11344,2019-12-11T00:00:00,11:26:00,SEM VÍTIMA,FINALIZADA,SÃO JOSÉ,RUA IMPERIAL,1287,"",PRÓXIMO AO VIADUTO CAPITÃO TEMUDO,RUA IMPERIAL,1287,PRÓXIMO AO VIADUTO CAPITÃO TEMUDO,SÃO JOSÉ,,SUBURBIO,ABALROAMENTO LONGITUDINAL,SEM VITIMAS,1,1,,,,,,,,0,,Longo da via,Bom,Não existe,Perfeito estado,Seca,Perfeito estado,Não existe,Não há placas,"",Única,Faixa seccionada,"",""
11345,2019-12-11T00:00:00,11:32:00,SEM VÍTIMA,FINALIZADA,MADALENA,AV VISCONDE DE ALBUQUERQUE,796,"","",AV VISCONDE DE ALBUQUERQUE,796,"",MADALENA,,SUBURBIO,COLISÃO TRASEIRA,COLISÃO SEM VITIMAS,1,,,,,,1,,,0,,Longo da via,Bom,Não existe,Perfeito estado,Seca,Perfeito estado,Não existe,R-6a,"",Única,Faixa seccionada,"",""
11346,2019-12-11T00:00:00,11:42:00,SEM VÍTIMA,FINALIZADA,IMBIRIBEIRA,AV SUL,268,RUA JOAQUIM BANDEIRA,"",AV SUL,268,"",IMBIRIBEIRA,,CIDADE,ABALROAMENTO LONGITUDINAL,DOIS AUTOS,2,,,,,,,,,0,,Cruzamento,Bom,Não existe,Incompleta,Seca,Perfeito estado,Não existe,Não há placas,"",Única,Faixa seccionada,"",""
11347,2019-12-11T00:00:00,12:05:00,SEM VÍTIMA,FINALIZADA,BOA VIAGEM,AV CONSELHEIRO AGUIAR,5025,RUA BARAO DE SOUZA LEAO,PRAÇA DE BOA VIAGEM,AV CONSELHEIRO AGUIAR,5025,PRAÇA DE BOA VIAGEM,BOA VIAGEM,,CIDADE,ABALROAMENTO LONGITUDINAL,COLISÃO SEM VITIMA,1,,,,,,,,,0,,Longo da via,Bom,Não existe,Perfeito estado,Seca,Perfeito estado,Não existe,Não há placas,40 km/h,Única,Faixa seccionada,"",""
11348,2019-12-11T00:00:00,12:08:00,COM VÍTIMA,FINALIZADA,IBURA,AV DOIS RIOS,790-A,"",PROX AO SUPERMERCADO SERVE BEM,AV DOIS RIOS,790-A,PROX AO SUPERMERCADO SERVE BEM,IBURA,,CIDADE,TOMBAMENTO,CONDUTOR PERDEU O CONTROLE E CAIU DA MOTOCICLETA,,1,,,,,,,,2,,Longo da via,Bom,Não existe,Perfeito estado,Seca,Mal conservada,Não existe,R-6a,"",Dupla,Faixa contínua,"",""
11349,2019-12-11T00:00:00,12:17:00,SEM VÍTIMA,FINALIZADA,TORRE,RUA VITORIANO PALHARES,148,RUA PROFESSOR TRAJANO DE MENDONCA,RESTAURANTE DOM GALETUS,RUA VITORIANO PALHARES,148,RESTAURANTE DOM GALETUS,TORRE,,"",ABALROAMENTO TRANSVERSAL,COLISÃO SEM VITIMA,2,,,,,,,,,0,,"",Bom,Não existe,Perfeito estado,Seca,Perfeito estado,Não existe,Outras,"",Dupla,Não existe,"",""
11350,2019-12-11T00:00:00,12:26:00,COM VÍTIMA,FINALIZADA,TORRE,RUA ANA NERY,6,"",PROX. AO ATACADO DOS PRESENTES. AO LADO DA BARBEARIA MEU CHEFE.,RUA ANA NERY,6,PROX. AO ATACADO DOS PRESENTES. AO LADO DA BARBEARIA MEU CHEFE.,TORRE,,NORTE,ABALROAMENTO LONGITUDINAL,AUTO E MOTO.,1,1,,,,,,,,1,,Longo da via,Bom,Não existe,Incompleta,Seca,Perfeito estado,Outros,Não há placas,"",Dupla,Não existe,"",""
11351,2019-12-11T00:00:00,12:56:00,SEM VÍTIMA,FINALIZADA,BOA VISTA,RUA JOAO FERNANDES VIEIRA,769,"",EM FRENTE A IGREJA DA CAPUNGA,RUA JOAO FERNANDES VIEIRA,769,EM FRENTE A IGREJA DA CAPUNGA,BOA VISTA,,CIDADE,ABALROAMENTO LONGITUDINAL,COLISÃO SEM VÍTIMA,,,,,,2,,,,0,,Longo da via,Bom,Não existe,Perfeito estado,Seca,Perfeito estado,Não existe,R-6a,40 km/h,Única,Não existe,"",""
11352,2019-12-11T00:00:00,13:00:00,SEM VÍTIMA,CANCELADA,ÁGUA FRIA,AV BEBERIBE,"","",EM FRENTE DO SUPERMERCADO SOBERANO,AV BEBERIBE,"",EM FRENTE DO SUPERMERCADO SOBERANO,ÁGUA FRIA,,"",COLISÃO,COLISÃO SEM VITIMA,1,1,,,,,,,,0,,"","","","","","","","","","","","",""
11353,2019-12-11T00:00:00,13:03:00,SEM VÍTIMA,FINALIZADA,SANTANA,RUA JORGE GOMES DE SA,"",RUA SAMUEL FARIAS,ESQUINA DAS RUAS,RUA JORGE GOMES DE SA,"",ESQUINA DAS RUAS,SANTANA,,"",ABALROAMENTO TRANSVERSAL,COLISAO ENTRE AUTO E TAXI S/V,2,,,,,,,,,0,,"",Bom,Não existe,Perfeito estado,Seca,Perfeito estado,"",Outras,"",Dupla,Não existe,"",""
11354,2019-12-11T00:00:00,13:04:00,COM VÍTIMA,FINALIZADA,ARRUDA,AV PROFESSOR JOSE DOS ANJOS,186,RUA PETRONILA BOTELHO,NO SEMÁFORO 554/ SENTIDO AV NORTE,AV PROFESSOR JOSE DOS ANJOS,186,NO SEMÁFORO 554/ SENTIDO AV NORTE,ARRUDA,554,CIDADE,COLISÃO TRASEIRA,COLISÃO COM VÍTIMA ENTRE MICRO-ÔNIBUS E MOTOCICLETA.,,1,,,,1,,,,1,,Cruzamento,Bom,Sem defeito,Perfeito estado,Seca,Perfeito estado,Faixa de pedestre,R-6a,40 km/h,Dupla,Faixa seccionada,"",""
11355,2019-12-11T00:00:00,13:06:00,SEM VÍTIMA,FINALIZADA,DERBY,AV GOVERNADOR AGAMENON MAGALHAES,"",AV GOVERNADOR CARLOS DE LIMA CAVALCANTI,EM FRENTE A CLÍNICA PRONTO PELE,AV GOVERNADOR AGAMENON MAGALHAES,"",EM FRENTE A CLÍNICA PRONTO PELE,DERBY,75,SUBURBIO,COLISÃO TRASEIRA,COLISÃO SEM VITIMA,3,,,,,,,,,0,,Longo da via,Bom,Sem defeito,Perfeito estado,Seca,Perfeito estado,"",Não há placas,60 km/h,Única,Faixa seccionada,"",""
11356,2019-12-11T00:00:00,13:28:00,SEM VÍTIMA,CANCELADA,ILHA DO LEITE,AV GOVERNADOR AGAMENON MAGALHAES,"","",LADO OPOSTO DO HOSP. PORTUGUES / NA DESCIDA DO VIA DULTO,AV GOVERNADOR AGAMENON MAGALHAES,"",LADO OPOSTO DO HOSP. PORTUGUES / NA DESCIDA DO VIA DULTO,ILHA DO LEITE,,CIDADE,COLISÃO,COLISÃO SEM VITIMA,1,1,,,,,,,,0,,"","","","","","","","","","","","",""