_id,DATA,hora,natureza_acidente,situacao,bairro,endereco,numero,detalhe_endereco_acidente,complemento,endereco_cruzamento,numero_cruzamento,referencia_cruzamento,bairro_cruzamento,num_semaforo,sentido_via,tipo,descricao,auto,moto,ciclom,ciclista,pedestre,onibus,caminhao,viatura,outros,vitimas,vitimasfatais,acidente_verificado,tempo_clima,situacao_semaforo,sinalizacao,condicao_via,conservacao_via,ponto_controle,situacao_placa,velocidade_max_via,mao_direcao,divisao_via1,divisao_via2,divisao_via3
11357,2019-12-11T00:00:00,14:03:00,SEM VÍTIMA,FINALIZADA,PINA,AV HERCULANO BANDEIRA,"",AV CONSELHEIRO AGUIAR,SEMÁFORO 138,AV HERCULANO BANDEIRA,"",SEMÁFORO 138,PINA,,"",ABALROAMENTO LONGITUDINAL,COLISÃO SEM VITIMA,1,,,,,,1,,,0,,Cruzamento,Bom,Sem defeito,Perfeito estado,Seca,Perfeito estado,Agente,"",60 km/h,Única,Canteiro central,"",""
11358,2019-12-11T00:00:00,14:09:00,SEM VÍTIMA,FINALIZADA,PINA,AV CONSELHEIRO AGUIAR,323,RUA ONDINA,"",AV CONSELHEIRO AGUIAR,323,"",PINA,,CIDADE,COLISÃO TRASEIRA,COLISAO ENTRE ONIBUS E AUTO S/V,1,,,,,1,,,,0,,"",Bom,Não existe,Perfeito estado,Seca,Perfeito estado,Não existe,R-6a,60 km/h,Única,Faixa contínua,Faixa seccionada,""
11359,2019-12-11T00:00:00,14:12:00,SEM VÍTIMA,FINALIZADA,LINHA DO TIRO,RUA PROFESSOR JOSE AMARINO DOS REIS,112,"",IGREJA ASSEMBLEIA DE DEUS,RUA PROFESSOR JOSE AMARINO DOS REIS,112,IGREJA ASSEMBLEIA DE DEUS,LINHA DO TIRO,,SUBURBIO,ABALROAMENTO LONGITUDINAL,COLISÃO SEM VITIMA,1,,,,,1,,,,0,,Longo da via,Bom,Não existe,Perfeito estado,Seca,Perfeito estado,Não existe,Outras,"",Dupla,Não existe,"",""
11360,2019-12-11T00:00:00,14:40:00,SEM VÍTIMA,FINALIZADA,SOLEDADE,AV JOAO DE BARROS,960,"",LADO OPOSTO AO EMPRESARIAL BURLE MARX,AV JOAO DE BARROS,960,LADO OPOSTO AO EMPRESARIAL BURLE MARX,SOLEDADE,,SUBURBIO,COLISÃO TRASEIRA,COLISÃO SEM VITIMA,2,,,,,,,,,0,,Longo da via,Bom,Sem defeito,Perfeito estado,Seca,Perfeito estado,Faixa de pedestre,"","",Dupla,Canteiro central,"",""
11361,2019-12-11T00:00:00,14:42:00,SEM VÍTIMA,FINALIZADA,SANTO ANTÔNIO,PRC DA REPUBLICA,"","",EM FRENTE AO BATALHÃO DE GUARDA,PRC DA REPUBLICA,"",EM FRENTE AO BATALHÃO DE GUARDA,SANTO ANTÔNIO,,"",COLISÃO,COLISÃO SEM VÍTIMA,1,,,,,,,,1,0,,"","","","","","","","","","","","",""
11362,2019-12-11T00:00:00,15:44:00,SEM VÍTIMA,FINALIZADA,IMBIRIBEIRA,AV MARECHAL MASCARENHAS DE MORAES,"",RUA CAFESOPOLIS,"",AV MARECHAL MASCARENHAS DE MORAES,"","",IMBIRIBEIRA,288,CIDADE,ABALROAMENTO TRANSVERSAL,COLISÃO SEM VITIMA,1,,,,,1,,,,0,,"",Bom,Sem defeito,Perfeito estado,Seca,Perfeito estado,"",Outras,60 km/h,Dupla,Canteiro central,"",""
11363,2019-12-11T00:00:00,15:45:00,SEM VÍTIMA,FINALIZADA,CASA AMARELA,LGO DE CASA AMARELA,"","",M E S COLCHÕES,LGO DE CASA AMARELA,"",M E S COLCHÕES,CASA AMARELA,,SUBURBIO,ABALROAMENTO TRANSVERSAL,COLISAO ENTRE DOIS AUTOS S/V,2,,,,,,,,,0,,Longo da via,Bom,Não existe,Incompleta,Seca,Perfeito estado,Não existe,Outras,20 km/h,Única,Não existe,"",""
11364,2019-12-11T00:00:00,15:47:00,SEM VÍTIMA,FINALIZADA,BOA VIAGEM,AV CONSELHEIRO AGUIAR,"","",EM FRENTE AO ESTACIONAMENTO SANPARK,AV CONSELHEIRO AGUIAR,"",EM FRENTE AO ESTACIONAMENTO SANPARK,BOA VIAGEM,,"",COLISÃO,COLISÃO SEM VITIMA,2,,,,,,,,,0,,"","","","","","","","","","","","",""
11365,2019-12-11T00:00:00,16:05:00,SEM VÍTIMA,FINALIZADA,SÃO JOSÉ,C SANTA RITA,"","",APÓS AS TORRES GEMEAS,C SANTA RITA,"",APÓS AS TORRES GEMEAS,SÃO JOSÉ,,SUBURBIO,COLISÃO TRASEIRA,COLISÃO SEM VITIMA,1,,,,,,1,,,0,,Longo da via,Bom,Não existe,Perfeito estado,Seca,Perfeito estado,"",Não há placas,"",Dupla,Faixa seccionada,"",""
11366,2019-12-11T00:00:00,16:09:00,SEM VÍTIMA,CANCELADA,PAISSANDU,RUA PAISSANDU,"",AV GOVERNADOR AGAMENON MAGALHAES,PROX AO HOSPITAL PORTUGUES NO SEMAFORO 069,RUA PAISSANDU,"",PROX AO HOSPITAL PORTUGUES NO SEMAFORO 069,PAISSANDU,,"",COLISÃO,COLISAO ENTRE DOIS AUTOS S/V,2,,,,,,,,,0,,"","","","","","","","","","","","",""
11367,2019-12-11T00:00:00,16:52:00,SEM VÍTIMA,FINALIZADA,SANTO AMARO,AV CRUZ CABUGA,"","",PRÓXIMO A PARADA DO BRT,AV CRUZ CABUGA,"",PRÓXIMO A PARADA DO BRT,SANTO AMARO,457,CIDADE,ABALROAMENTO TRANSVERSAL,COLISÃO SEM VITIMA,1,1,,,,,,,,0,,Longo da via,Bom,Sem defeito,Perfeito estado,Seca,Perfeito estado,Faixa de pedestre,R-6a,"",Dupla,Faixa contínua,"",""
11368,2019-12-11T00:00:00,16:57:00,SEM VÍTIMA,FINALIZADA,ILHA DO LEITE,RUA GENERAL JOAQUIM INACIO,"","",EM FRENTE AO POSTO DE GASOLINA IPIRANGA,RUA GENERAL JOAQUIM INACIO,"",EM FRENTE AO POSTO DE GASOLINA IPIRANGA,ILHA DO LEITE,653,SUBURBIO,ABALROAMENTO LONGITUDINAL,COLISAO NETRE AUTO E ONIBUS S/V,1,,,,,1,,,,0,,Longo da via,Bom,Sem defeito,Perfeito estado,Seca,Perfeito estado,Faixa de pedestre,"","",Única,Faixa seccionada,"",""
11369,2019-12-11T00:00:00,17:00:00,SEM VÍTIMA,CANCELADA,ESPINHEIRO,RUA DO ESPINHEIRO,195,"",EM FRENTE AO EDIF. PRAIA DAS OLIVEIRAS E A CLINICA DE FRATURAS,RUA DO ESPINHEIRO,195,EM FRENTE AO EDIF. PRAIA DAS OLIVEIRAS E A CLINICA DE FRATURAS,ESPINHEIRO,,"",COLISÃO,COLISÃO SEM VITIMA,2,,,,,,,,,0,,"","","","","","","","","","","","",""
11370,2019-12-11T00:00:00,17:04:00,SEM VÍTIMA,FINALIZADA,CORDEIRO,AV CAXANGA,2544,"",AO LADO DA FARMÁCIA DROGASIL,AV CAXANGA,2544,AO LADO DA FARMÁCIA DROGASIL,CORDEIRO,,SUBURBIO,COLISÃO TRASEIRA,COLISÃO SEM VITIMA,1,1,,,,,,,,0,,Longo da via,Bom,Sem defeito,Perfeito estado,Seca,Perfeito estado,Não existe,R-6a,"",Dupla,Canteiro central,"",""
11371,2019-12-11T00:00:00,17:17:00,SEM VÍTIMA,FINALIZADA,TORRE,RUA JOSE BONIFACIO,339,"",ASFABE,RUA JOSE BONIFACIO,339,ASFABE,TORRE,,SUBURBIO,ABALROAMENTO LONGITUDINAL,COLISAO ENTRE ONIBUS E AUTO S/V,1,,,,,1,,,,0,,Longo da via,Bom,Não existe,Perfeito estado,Seca,Perfeito estado,Não existe,Outras,"",Única,Faixa contínua,Faixa seccionada,""
11372,2019-12-11T00:00:00,17:30:00,SEM VÍTIMA,FINALIZADA,BOA VIAGEM,AV ENGENHEIRO DOMINGOS FERREIRA,4650,"","",AV ENGENHEIRO DOMINGOS FERREIRA,4650,"",BOA VIAGEM,,SUBURBIO,ABALROAMENTO LONGITUDINAL,COLISÃO SEM VÍTIMA,1,,,,,1,,,,0,,Longo da via,Bom,Não existe,Perfeito estado,Seca,Perfeito estado,Não existe,Não há placas,"",Única,Faixa seccionada,"",""
11373,2019-12-11T00:00:00,18:39:00,SEM VÍTIMA,CANCELADA,TAMARINEIRA,EST DO ARRAIAL,2405,RUA JOSEPH TURTON,ENF A FARMACIA SANDRA,EST DO ARRAIAL,2405,ENF A FARMACIA SANDRA,TAMARINEIRA,,"",COLISÃO,TRAIBLAZER X VIRTUS,2,,,,,,,,,0,,"","","","","","","","","","","","",""
11374,2019-12-11T00:00:00,18:53:00,SEM VÍTIMA,FINALIZADA,IPSEP,AV RECIFE,"",AV SENADOR ROBERT KENNEDY,"",AV RECIFE,"","",IPSEP,319,"",COLISÃO TRASEIRA,VERSA X PRISMA,2,,,,,,,,,0,,Cruzamento,Bom,Sem defeito,Perfeito estado,Seca,Perfeito estado,Faixa de retenção,Não há placas,"",Dupla,Faixa seccionada,Canteiro central,""
11375,2019-12-11T00:00:00,18:59:00,SEM VÍTIMA,FINALIZADA,MADALENA,RUA JANUARIO BARBOSA,"",RUA J A DA SILVEIRA,EM FRENTE A BARBEARIA SÃO JORGE,RUA JANUARIO BARBOSA,"",EM FRENTE A BARBEARIA SÃO JORGE,MADALENA,,"",ABALROAMENTO TRANSVERSAL,COLISAO SEM VITIMAS,2,,,,,,,,,0,,Cruzamento,Bom,Não existe,Perfeito estado,Seca,Perfeito estado,Não existe,Placas Pare,"",Dupla,Não existe,"",""
11376,2019-12-11T00:00:00,20:09:00,SEM VÍTIMA,FINALIZADA,BOA VIAGEM,RUA BARAO DE SOUZA LEAO,"",AV BOA VIAGEM,PRACINHA DE BOA VIAGEM,RUA BARAO DE SOUZA LEAO,"",PRACINHA DE BOA VIAGEM,BOA VIAGEM,,SUBURBIO,ABALROAMENTO LONGITUDINAL,COLISAO SEM VITIMAS,1,,,,,1,,,,0,,Longo da via,Bom,Não existe,Perfeito estado,Seca,Perfeito estado,Não existe,Não há placas,"",Única,Faixa seccionada,"",""
11377,2019-12-11T00:00:00,20:35:00,SEM VÍTIMA,FINALIZADA,SAN MARTIN,AV GENERAL SAN MARTIN,"",RUA MINEIROLANDIA,"",AV GENERAL SAN MARTIN,"","",SAN MARTIN,250,SUBURBIO,ABALROAMENTO TRANSVERSAL,ONIX X MOBI,2,,,,,,,,,0,,Cruzamento,Bom,Sem defeito,Ilegível,Seca,Mal conservada,Faixa de pedestre,Não há placas,"",Única,Faixa seccionada,"",""
11378,2019-12-11T00:00:00,23:22:00,SEM VÍTIMA,FINALIZADA,JOANA BEZERRA,RUA DOM PAULO II,"","",CAPITÃO TEMUDO AO LADO DA ACADEMIA DA CIDADE,RUA DOM PAULO II,"",CAPITÃO TEMUDO AO LADO DA ACADEMIA DA CIDADE,JOANA BEZERRA,,"",COLISÃO TRASEIRA,CLASSIC X HB 20,2,,,,,,,,,0,,Longo da via,Bom,Não existe,Perfeito estado,Seca,Perfeito estado,Não existe,Outras,"",Dupla,Faixa seccionada,"",""
11379,2019-12-11T00:00:00,23:49:00,SEM VÍTIMA,FINALIZADA,DOIS UNIDOS,AV HILDEBRANDO DE VASCONCELOS,"","","",AV HILDEBRANDO DE VASCONCELOS,"","",DOIS UNIDOS,,SUBURBIO,COLISÃO FRONTAL,HONDA CIVIC X,2,,,,,,,,,0,,Longo da via,Bom,Não existe,Ilegível,Seca,Mal conservada,Não existe,Não há placas,"",Dupla,Não existe,"",""
11380,2019-12-12T00:00:00,07:09:00,COM VÍTIMA,FINALIZADA,TAMARINEIRA,RUA CONEGO BARATA,"","",EM FRENTE A FERRERA COSTA / SENT AFOGADOS,RUA CONEGO BARATA,"",EM FRENTE A FERRERA COSTA / SENT AFOGADOS,TAMARINEIRA,,SUBURBIO,COLISÃO COM CICLISTA,MOTO E BICICLETA,1,,,1,,,,,,1,,Longo da via,Bom,Não existe,Perfeito estado,Seca,Perfeito estado,"","","",Dupla,Canteiro central,"",""
11381,2019-12-12T00:00:00,08:09:00,COM VÍTIMA,FINALIZADA,TAMARINEIRA,RUA CONEGO BARATA,"","",E/F AO HOSPITAL CORREIA PICANSSO,RUA CONEGO BARATA,"",E/F AO HOSPITAL CORREIA PICANSSO,TAMARINEIRA,,"",COLISÃO COM CICLISTA,COLISÃO C/VITIMA ENTRE UMA MOTO E UM CICLISTA,,1,,1,,,,,,1,,"","","","","","","","","","","","",""
11382,2019-12-12T00:00:00,08:10:00,SEM VÍTIMA,FINALIZADA,BOA VISTA,AV JOAO DE BARROS,668,"","EM FRENTE A ASSEMBLEIA LEGISLATIVA ANEXO 4, SENT. CIDADE",AV JOAO DE BARROS,668,"EM FRENTE A ASSEMBLEIA LEGISLATIVA ANEXO 4, SENT. CIDADE",BOA VISTA,,"",COLISÃO,DOIS AUTOS,2,,,,,,,,,0,,"","","","","","","","","","","","",""
11383,2019-12-12T00:00:00,08:14:00,SEM VÍTIMA,FINALIZADA,DERBY,AV GOVERNADOR AGAMENON MAGALHAES,"","",E/F AO HOSPITAL DA RESTAURAÇÃO,AV GOVERNADOR AGAMENON MAGALHAES,"",E/F AO HOSPITAL DA RESTAURAÇÃO,DERBY,,"",ABALROAMENTO LONGITUDINAL,COLISÃO S/VITIMA ENTRE UM CAMINHÃO E UM AUTO,1,,,,,,1,,,0,,Longo da via,Bom,"",Perfeito estado,Seca,Perfeito estado,"","",60 km/h,Dupla,Faixa seccionada,"",""
11384,2019-12-12T00:00:00,08:19:00,SEM VÍTIMA,FINALIZADA,IMBIRIBEIRA,AV MARECHAL MASCARENHAS DE MORAES,"","",HONDA MARAVILHA MOTOS,AV MARECHAL MASCARENHAS DE MORAES,"",HONDA MARAVILHA MOTOS,IMBIRIBEIRA,631,CIDADE,COLISÃO TRASEIRA,DOIS AUTOS,2,,,,,,,,,0,,Longo da via,Bom,Sem defeito,Perfeito estado,Seca,Perfeito estado,Faixa de retenção,Não há placas,60 km/h,Dupla,Canteiro central,"",""
11385,2019-12-12T00:00:00,08:44:00,SEM VÍTIMA,FINALIZADA,CASA AMARELA,AV NORTE,6500,"",LADO OPOSTO AO HOSPITAL BARROS LIMA,AV NORTE,6500,LADO OPOSTO AO HOSPITAL BARROS LIMA,CASA AMARELA,256,SUBURBIO,COLISÃO TRASEIRA,DOIS AUTOS,2,,,,,,,,,0,,Longo da via,Bom,Sem defeito,Perfeito estado,Seca,Perfeito estado,Faixa de pedestre,Outras,"",Dupla,Canteiro central,"",""
11386,2019-12-12T00:00:00,09:08:00,SEM VÍTIMA,FINALIZADA,AFOGADOS,RUA PROFESSOR AUGUSTO WANDERLEY FILHO,60,RUA MOTOCOLOMBO,TRT TRIBUNAL REGIONAL DO TRABALHO,RUA PROFESSOR AUGUSTO WANDERLEY FILHO,60,TRT TRIBUNAL REGIONAL DO TRABALHO,AFOGADOS,,CIDADE,ABALROAMENTO LONGITUDINAL,CAMINHÃO E AUTO,1,,,,,,1,,,0,,Longo da via,Bom,Sem defeito,Perfeito estado,Seca,Perfeito estado,Faixa de pedestre,Não há placas,"",Única,Faixa seccionada,"",""
11387,2019-12-12T00:00:00,09:12:00,SEM VÍTIMA,FINALIZADA,BOA VIAGEM,RUA AMALIA BERNARDINO DE SOUZA,1326,RUA RIBEIRO DE BRITO,PRÓXIMO A UNINASSAU,RUA AMALIA BERNARDINO DE SOUZA,1326,PRÓXIMO A UNINASSAU,BOA VIAGEM,,SUBURBIO,ABALROAMENTO LONGITUDINAL,SEM VITIMAS,1,1,,,,,,,,0,,Longo da via,Bom,Não existe,Não existente,Seca,Perfeito estado,Agente,Não há placas,30 km/h,Dupla,Não existe,"",""
11388,2019-12-12T00:00:00,09:30:00,SEM VÍTIMA,FINALIZADA,GRAÇAS,AV GOVERNADOR AGAMENON MAGALHAES,172,"",EM FRENTE AO CLUBE PORTUGUÊS,AV GOVERNADOR AGAMENON MAGALHAES,172,EM FRENTE AO CLUBE PORTUGUÊS,GRAÇAS,173,SUBURBIO,ABALROAMENTO LONGITUDINAL,COLISÃO S/ VITIMAS ENTRE DOIS AUTOS,2,,,,,,,,,0,,Longo da via,Bom,Sem defeito,Perfeito estado,Seca,Perfeito estado,Agente,Outras,60 km/h,Dupla,Faixa seccionada,"",""
11389,2019-12-12T00:00:00,09:43:00,SEM VÍTIMA,FINALIZADA,SANTO ANTÔNIO,RUA SIQUEIRA CAMPOS,"","",AO LADO DOS CORREIOS,RUA SIQUEIRA CAMPOS,"",AO LADO DOS CORREIOS,SANTO ANTÔNIO,,"",COLISÃO,DOIS AUTOS,2,,,,,,,,,0,,Longo da via,Bom,Não existe,Não existente,Seca,Perfeito estado,Não existe,R-6b,"",Única,Não existe,"",""
11390,2019-12-12T00:00:00,09:50:00,SEM VÍTIMA,FINALIZADA,BOA VISTA,AV GOVERNADOR AGAMENON MAGALHAES,"",AV RUI BARBOSA,"",AV GOVERNADOR AGAMENON MAGALHAES,"","",BOA VISTA,37,"",ABALROAMENTO TRANSVERSAL,ONIBUS E AUTO GM,1,,,,,1,,,,0,,Cruzamento,Bom,Sem defeito,Perfeito estado,Seca,Perfeito estado,Faixa de pedestre,"",60 km/h,Dupla,Canteiro central,"",""
11391,2019-12-12T00:00:00,10:02:00,SEM VÍTIMA,FINALIZADA,DERBY,AV ENGENHEIRO AGAMENON DE MAGALHAES MELO,"","",EM FRENTE AO CLUBE PORTUGUÊS,AV ENGENHEIRO AGAMENON DE MAGALHAES MELO,"",EM FRENTE AO CLUBE PORTUGUÊS,DERBY,,"",COLISÃO,COLISÃO SEM VÍTIMA,2,,,,,,,,,0,,"","","","","","","","","","","","",""
11392,2019-12-12T00:00:00,10:35:00,SEM VÍTIMA,FINALIZADA,ESPINHEIRO,RUA CONS PORTELA,210,"",POSTO PETRONAL,RUA CONS PORTELA,210,POSTO PETRONAL,ESPINHEIRO,,CIDADE,COLISÃO TRASEIRA,SEM VITIMAS,2,,,,,,,,,0,,Longo da via,Bom,Não existe,Perfeito estado,Seca,Perfeito estado,Não existe,R-6a,"",Única,Faixa seccionada,"",""
11393,2019-12-12T00:00:00,10:45:00,COM VÍTIMA,FINALIZADA,IMBIRIBEIRA,PRC MINISTRO SALGADO FILHO,"","",EM FRENTE AO AEROPORTO ANTIGO,PRC MINISTRO SALGADO FILHO,"",EM FRENTE AO AEROPORTO ANTIGO,IMBIRIBEIRA,,SUBURBIO,ABALROAMENTO LONGITUDINAL,"COM DUAS VITIMAS,CTTU NO LOCAL, O SEGUNDO VEÍCULO EVADIU-SE DO LOCAL.",,1,,,,,,,,2,,Longo da via,Bom,Não existe,Perfeito estado,Seca,Perfeito estado,"",Não há placas,40 km/h,Única,Faixa seccionada,"",""
11394,2019-12-12T00:00:00,11:17:00,SEM VÍTIMA,FINALIZADA,AREIAS,AV DR JOSE RUFINO,1807,"",EM FRENTE AO Nº 1807,AV DR JOSE RUFINO,1807,EM FRENTE AO Nº 1807,AREIAS,,"",COLISÃO TRASEIRA,MOTO E AUTO,1,1,,,,,,,,0,,Longo da via,Bom,Não existe,Perfeito estado,Seca,Perfeito estado,Não existe,"",60 km/h,Dupla,Faixa contínua,Faixa seccionada,""
11395,2019-12-12T00:00:00,11:27:00,SEM VÍTIMA,FINALIZADA,BOA VISTA,AV GOVERNADOR AGAMENON MAGALHAES,"",AV RUI BARBOSA,SOB O SEMÁFORO 037,AV GOVERNADOR AGAMENON MAGALHAES,"",SOB O SEMÁFORO 037,BOA VISTA,37,"",ABALROAMENTO TRANSVERSAL,COLISÃO S/VITIMAS ENTRE DOIS AUTOS,2,,,,,,,,,0,,Cruzamento,Bom,Sem defeito,Perfeito estado,Seca,Perfeito estado,Faixa de pedestre,"","",Dupla,Canteiro central,"",""
11396,2019-12-12T00:00:00,11:42:00,SEM VÍTIMA,FINALIZADA,MADALENA,RUA BENFICA,197,"",ESCOLA CONECTA,RUA BENFICA,197,ESCOLA CONECTA,MADALENA,,CIDADE,ABALROAMENTO LONGITUDINAL,DOIS AUTOS,2,,,,,,,,,0,,Longo da via,Bom,Sem defeito,Perfeito estado,Seca,"",Faixa de pedestre,Outras,"",Única,Faixa seccionada,"",""
11397,2019-12-12T00:00:00,11:44:00,COM VÍTIMA,FINALIZADA,TAMARINEIRA,EST DO ARRAIAL,2405,RUA JOSEPH TURTON,EM FRENTE AO EDIFICIO VITORIA COLONIAL,EST DO ARRAIAL,2405,EM FRENTE AO EDIFICIO VITORIA COLONIAL,TAMARINEIRA,,SUBURBIO,ABALROAMENTO LONGITUDINAL,AUTO X MOTO,1,1,,,,,,,,1,,Longo da via,Bom,Não existe,Perfeito estado,Seca,Perfeito estado,Não existe,R-6a,40 km/h,"",Faixa seccionada,"",""
11398,2019-12-12T00:00:00,12:04:00,SEM VÍTIMA,FINALIZADA,IMBIRIBEIRA,AV GENERAL MAC ARTHUR,"",AV SUL,AO LADO DA IGREJA ASSEMBLEIA DE DEUS,AV GENERAL MAC ARTHUR,"",AO LADO DA IGREJA ASSEMBLEIA DE DEUS,IMBIRIBEIRA,,SUBURBIO,ABALROAMENTO LONGITUDINAL,COLISÃO SEM VITIMA,1,1,,,,,,,,0,,Cruzamento,Bom,Não existe,Perfeito estado,Seca,Perfeito estado,Faixa de pedestre,Placas Pare,"",Única,Faixa seccionada,"",""
11399,2019-12-12T00:00:00,12:07:00,COM VÍTIMA,DUPLICIDADE,TAMARINEIRA,EST DO ARRAIAL,2405,"",EM FRENTE AO EDIFICIO VITORIA COLONIAL,EST DO ARRAIAL,2405,EM FRENTE AO EDIFICIO VITORIA COLONIAL,TAMARINEIRA,,"",COLISÃO,COLISÃO COM VÍTIMA,1,1,,,,,,,,1,,"","","","","","","","","","","","",""
11400,2019-12-12T00:00:00,12:14:00,SEM VÍTIMA,FINALIZADA,MADALENA,RUA REAL DA TORRE,535,"",PADARIA PÃO MASSA,RUA REAL DA TORRE,535,PADARIA PÃO MASSA,MADALENA,,"",ABALROAMENTO TRANSVERSAL,COLISÃO SEM VITIMA,2,,,,,,,,,0,,Longo da via,Bom,Não existe,Perfeito estado,Seca,Perfeito estado,Faixa de pedestre,"",30 km/h,Única,Não existe,"",""
11401,2019-12-12T00:00:00,12:19:00,SEM VÍTIMA,CANCELADA,CORDEIRO,AV MARIO ALVARES PEREIRA DE LYRA,"","",NO SEMÁFORO 134,AV MARIO ALVARES PEREIRA DE LYRA,"",NO SEMÁFORO 134,CORDEIRO,134,"",COLISÃO,COLISÃO SEM VITIMA,1,1,,,,,,,,0,,"","","","","","","","","","","","",""
11402,2019-12-12T00:00:00,12:27:00,SEM VÍTIMA,FINALIZADA,CASA AMARELA,RUA PADRE LEMOS,"",EST DO ARRAIAL,SEMÁFORO 404 - MERCADO DE CASA AMARELA,RUA PADRE LEMOS,"",SEMÁFORO 404 - MERCADO DE CASA AMARELA,CASA AMARELA,404,SUBURBIO,COLISÃO TRASEIRA,COLISÃO SEM VITIMA,2,,,,,,,,,0,,Longo da via,Bom,Sem defeito,Perfeito estado,Seca,Perfeito estado,Faixa de pedestre,"",40 km/h,Dupla,Faixa contínua,"",""
11403,2019-12-12T00:00:00,12:30:00,SEM VÍTIMA,FINALIZADA,BOA VIAGEM,AV BOA VIAGEM,306,"","",AV BOA VIAGEM,306,"",BOA VIAGEM,119,CIDADE,COLISÃO TRASEIRA,COLISÃO SEM VITIMA,1,,,,,,1,,,0,,Longo da via,Bom,Sem defeito,Perfeito estado,Seca,Perfeito estado,Outros,Outras,60 km/h,Única,Faixa seccionada,"",""
11404,2019-12-12T00:00:00,12:39:00,SEM VÍTIMA,FINALIZADA,DERBY,RUA GUILHERME PINTO,325,"","",RUA GUILHERME PINTO,325,"",DERBY,,CIDADE,COLISÃO TRASEIRA,COLISAO ENTRE DOIS AUTOS S/V,2,,,,,,,,,0,,Longo da via,Bom,Não existe,Incompleta,Seca,Perfeito estado,Não existe,R-6a,20 km/h,Única,Não existe,"",""
11405,2019-12-12T00:00:00,13:23:00,SEM VÍTIMA,FINALIZADA,BOA VIAGEM,RUA RIBEIRO DE BRITO,"",AV ENGENHEIRO DOMINGOS FERREIRA,"",RUA RIBEIRO DE BRITO,"","",BOA VIAGEM,155,"",ABALROAMENTO LONGITUDINAL,COLISÃO SEM VITIMA,2,,,,,,,,,0,,Cruzamento,Bom,Sem defeito,Perfeito estado,Seca,Perfeito estado,Faixa de pedestre,R-6a,"",Única,Faixa contínua,"",""
11406,2019-12-12T00:00:00,13:25:00,SEM VÍTIMA,FINALIZADA,CAMPO GRANDE,RUA ODORICO MENDES,839,AV GOVERNADOR AGAMENON MAGALHAES,ORLANDO PEÇAS,RUA ODORICO MENDES,839,ORLANDO PEÇAS,CAMPO GRANDE,,SUBURBIO,ABALROAMENTO TRANSVERSAL,COLISÃO SEM VITIMA,2,,,,,,,,,0,,Cruzamento,Bom,Não existe,Perfeito estado,Seca,Perfeito estado,Faixa de retenção,R-19,30 km/h,Única,Não existe,"",""
11407,2019-12-12T00:00:00,13:49:00,SEM VÍTIMA,CANCELADA,IMBIRIBEIRA,AV MARECHAL MASCARENHAS DE MORAES,440,"",AO LADO DA FLOR ARTE,AV MARECHAL MASCARENHAS DE MORAES,440,AO LADO DA FLOR ARTE,IMBIRIBEIRA,316,"",COLISÃO,COLISÃO SEM VITIMA,,2,,,,,,,,0,,"","","","","","","","","","","","",""
11408,2019-12-12T00:00:00,13:57:00,SEM VÍTIMA,FINALIZADA,DERBY,AV GOVERNADOR AGAMENON MAGALHAES,"","",SOB O SEMÁFORO Nº 174,AV GOVERNADOR AGAMENON MAGALHAES,"",SOB O SEMÁFORO Nº 174,DERBY,174,"",ABALROAMENTO LONGITUDINAL,COISAO ENTRE AUTO E VAN S/T,1,,,,,,1,,,0,,Longo da via,Bom,Sem defeito,Perfeito estado,Seca,Perfeito estado,Faixa de pedestre,Outras,60 km/h,Dupla,Faixa seccionada,Canteiro central,Blocos
11409,2019-12-12T00:00:00,13:58:00,SEM VÍTIMA,FINALIZADA,BOA VIAGEM,RUA DR JOAO GUILHERME DE P SOBRINHO,940,RUA ERNESTO DE PAULA SANTOS,EM FRENTE AO Nº 940 ( HOSPITAL UNIMED),RUA DR JOAO GUILHERME DE P SOBRINHO,940,EM FRENTE AO Nº 940 ( HOSPITAL UNIMED),BOA VIAGEM,,"",ABALROAMENTO LONGITUDINAL,COLISÃO SEM VITIMA,2,,,,,,,,,0,,"",Bom,Não existe,Não existente,Seca,Mal conservada,Não existe,R-6a,"",Única,Não existe,"",""
11410,2019-12-12T00:00:00,14:01:00,SEM VÍTIMA,FINALIZADA,PAISSANDU,AV PORTUGAL,25,RUA PACIFICO DOS SANTOS,AO LADO DO Nº 25,AV PORTUGAL,25,AO LADO DO Nº 25,PAISSANDU,,CIDADE,ABALROAMENTO TRANSVERSAL,COLISAO ENTRE DOIS AUTOS S/V VT 15 NO LOCAL,2,,,,,,,,,0,,Cruzamento,Bom,Não existe,Perfeito estado,Seca,Perfeito estado,Outros,Outras,"",Dupla,Não existe,"",""
11411,2019-12-12T00:00:00,14:11:00,SEM VÍTIMA,FINALIZADA,BOA VISTA,AV GOVERNADOR AGAMENON MAGALHAES,1387,"",DROGASIL,AV GOVERNADOR AGAMENON MAGALHAES,1387,DROGASIL,BOA VISTA,174,"",COLISÃO TRASEIRA,COLISÃO SEM VITIMA,2,,,,,,,,,0,,Longo da via,Bom,Sem defeito,Perfeito estado,Seca,Perfeito estado,Faixa de retenção,Não há placas,60 km/h,Dupla,Canteiro central,"",""