_id,DATA,hora,natureza_acidente,situacao,bairro,endereco,numero,detalhe_endereco_acidente,complemento,endereco_cruzamento,numero_cruzamento,referencia_cruzamento,bairro_cruzamento,num_semaforo,sentido_via,tipo,descricao,auto,moto,ciclom,ciclista,pedestre,onibus,caminhao,viatura,outros,vitimas,vitimasfatais,acidente_verificado,tempo_clima,situacao_semaforo,sinalizacao,condicao_via,conservacao_via,ponto_controle,situacao_placa,velocidade_max_via,mao_direcao,divisao_via1,divisao_via2,divisao_via3
11412,2019-12-12T00:00:00,14:36:00,SEM VÍTIMA,CANCELADA,SANTO AMARO,RUA DR CARLOS CHAGAS,136,"",EM FRENTE A CENTRAL DE ALERGOLOGIA E PROXIMO AO OSWALDO CRUZ,RUA DR CARLOS CHAGAS,136,EM FRENTE A CENTRAL DE ALERGOLOGIA E PROXIMO AO OSWALDO CRUZ,SANTO AMARO,,"",COLISÃO,COLISÃO SEM VÍTIMA,1,,,,,1,,,,0,,"","","","","","","","","","","","",""
11413,2019-12-12T00:00:00,14:43:00,SEM VÍTIMA,FINALIZADA,BOA VIAGEM,AV BOA VIAGEM,2514,"","",AV BOA VIAGEM,2514,"",BOA VIAGEM,,CIDADE,COLISÃO TRASEIRA,COLISÃO SEM VITIMA,3,,,,,,,,,0,,Longo da via,Bom,Sem defeito,Perfeito estado,Seca,Perfeito estado,Não existe,Não há placas,60 km/h,Única,Faixa seccionada,"",""
11414,2019-12-12T00:00:00,14:39:00,SEM VÍTIMA,FINALIZADA,PINA,AV DR DIRCEU VELLOSO TOSCANO DE BRITO,49,"",PADARIA PANE,AV DR DIRCEU VELLOSO TOSCANO DE BRITO,49,PADARIA PANE,PINA,,SUBURBIO,ABALROAMENTO LONGITUDINAL,COLISAO ENTRE AUTO E MOTO S/V,1,1,,,,,,,,0,,Longo da via,Bom,Não existe,Perfeito estado,Seca,Perfeito estado,Faixa de pedestre,"","",Única,Não existe,"",""
11415,2019-12-12T00:00:00,14:51:00,COM VÍTIMA,FINALIZADA,SANTO AMARO,AV CRUZ CABUGA,1200,"",EM FRENTE AO HOSPITAL NAVAL.,AV CRUZ CABUGA,1200,EM FRENTE AO HOSPITAL NAVAL.,SANTO AMARO,,SUBURBIO,ABALROAMENTO TRANSVERSAL,COLISAO ENTRE AUTO E MOTO COM VITIMA,1,1,,,,,,,,1,,Longo da via,Bom,Não existe,Perfeito estado,Seca,Perfeito estado,Não existe,Não há placas,"",Dupla,Faixa contínua,Faixa seccionada,""
11416,2019-12-12T00:00:00,14:55:00,SEM VÍTIMA,FINALIZADA,IMBIRIBEIRA,AV MARECHAL MASCARENHAS DE MORAES,4204,"",EM FRENTE A UPA DA IMBIRIBEIRA,AV MARECHAL MASCARENHAS DE MORAES,4204,EM FRENTE A UPA DA IMBIRIBEIRA,IMBIRIBEIRA,310,CIDADE,COLISÃO TRASEIRA,COLISAO ENTRE CAMINHAO E AUTO S/V,1,,,,,,1,,,0,,Longo da via,Bom,Sem defeito,Perfeito estado,Seca,Perfeito estado,Faixa de pedestre,"","",Dupla,Canteiro central,"",""
11417,2019-12-12T00:00:00,15:17:00,SEM VÍTIMA,FINALIZADA,IMBIRIBEIRA,AV MARECHAL MASCARENHAS DE MORAES,"","",FIAT ITALIANA,AV MARECHAL MASCARENHAS DE MORAES,"",FIAT ITALIANA,IMBIRIBEIRA,502,SUBURBIO,COLISÃO TRASEIRA,COLISÃO SEM VITIMA,2,,,,,,,,,0,,Longo da via,Bom,Sem defeito,Perfeito estado,Seca,Perfeito estado,Faixa de pedestre,Não há placas,60 km/h,Dupla,Canteiro central,"",""
11418,2019-12-12T00:00:00,15:36:00,SEM VÍTIMA,FINALIZADA,BAIRRO DO RECIFE,CAIS DO APOLO,"","",ESTACIONAMENTO ANEXO AO TRIBUNAL,CAIS DO APOLO,"",ESTACIONAMENTO ANEXO AO TRIBUNAL,BAIRRO DO RECIFE,,SUBURBIO,ABALROAMENTO LONGITUDINAL,COLISÃO SEM VÍTIMA,1,,,,,1,,,,0,,Longo da via,Bom,Não existe,Perfeito estado,Seca,Perfeito estado,Não existe,Não há placas,40 km/h,Única,Faixa seccionada,"",""
11419,2019-12-12T00:00:00,16:25:00,SEM VÍTIMA,FINALIZADA,ESTÂNCIA,AV RECIFE,5586,"",POSTO BR,AV RECIFE,5586,POSTO BR,ESTÂNCIA,,SUBURBIO,ABALROAMENTO LONGITUDINAL,COLISÃO SEM VITIMA,2,,,,,,,,,0,,Longo da via,Bom,Não existe,Perfeito estado,Seca,Perfeito estado,Não existe,Não há placas,"",Dupla,Canteiro central,"",""
11420,2019-12-12T00:00:00,16:56:00,SEM VÍTIMA,CANCELADA,BONGI,AV GENERAL SAN MARTIN,1083,"",EM FRENTE A CENTRAL DE DISTRIBUIÇÃO DOS CORREIOS,AV GENERAL SAN MARTIN,1083,EM FRENTE A CENTRAL DE DISTRIBUIÇÃO DOS CORREIOS,BONGI,,"",COLISÃO,COLISÃO SEM VÍTIMA,2,,,,,,,,,0,,"","","","","","","","","","","","",""
11421,2019-12-12T00:00:00,17:30:00,SEM VÍTIMA,CANCELADA,MADALENA,RUA LOPES DE CARVALHO,117,"",AO LADO DO MADALENA CENTER,RUA LOPES DE CARVALHO,117,AO LADO DO MADALENA CENTER,MADALENA,,"",COLISÃO,COLISÃO SEM VÍTIMA,1,,1,,,,,,,0,,"","","","","","","","","","","","",""
11422,2019-12-12T00:00:00,17:44:00,SEM VÍTIMA,FINALIZADA,ÁGUA FRIA,RUA SAO BENTO,106,"",JF RAÇÕES,RUA SAO BENTO,106,JF RAÇÕES,ÁGUA FRIA,,"",COLISÃO TRASEIRA,COLISAO ENTRE DOIS ONIBUS S/V,,,,,,2,,,,0,,Longo da via,Bom,Não existe,Perfeito estado,Seca,Perfeito estado,Não existe,Não há placas,30 km/h,Única,Faixa seccionada,"",""
11423,2019-12-12T00:00:00,18:23:00,SEM VÍTIMA,CANCELADA,AFOGADOS,RUA DA PAZ,241,"",E/F A IGREJA UNIVERSAL,RUA DA PAZ,241,E/F A IGREJA UNIVERSAL,AFOGADOS,,"",COLISÃO,COLISAO SEM VITIMAS,1,,,,,1,,,,0,,"","","","","","","","","","","","",""
11424,2019-12-12T00:00:00,18:30:00,SEM VÍTIMA,FINALIZADA,MADALENA,AV ENGENHEIRO ABDIAS DE CARVALHO,252,RUA SENADOR FABIO DE BARROS,POSTO IPIRANGA DEPOIS DO MEC DONALD´S,AV ENGENHEIRO ABDIAS DE CARVALHO,252,POSTO IPIRANGA DEPOIS DO MEC DONALD´S,MADALENA,,"",COLISÃO,NISSAN FRONTIER X STRADA,2,,,,,,,,,0,,"","","","","","","","","","","","",""
11425,2019-12-12T00:00:00,18:46:00,SEM VÍTIMA,FINALIZADA,ESPINHEIRO,AV JOAO DE BARROS,1323,RUA MARQUES DO PARANA,"",AV JOAO DE BARROS,1323,"",ESPINHEIRO,339,SUBURBIO,ABALROAMENTO LONGITUDINAL,ONIBUS GLOBO X HB 20,1,,,,,1,,,,0,,Longo da via,Bom,Sem defeito,Perfeito estado,Seca,Perfeito estado,Faixa de pedestre,Não há placas,"",Única,Faixa seccionada,"",""
11426,2019-12-12T00:00:00,19:08:00,SEM VÍTIMA,FINALIZADA,IMBIRIBEIRA,AV MARECHAL MASCARENHAS DE MORAES,2657,RUA CONDE PEREIRA CARNEIRO,EM FRENTE A TROLLER,AV MARECHAL MASCARENHAS DE MORAES,2657,EM FRENTE A TROLLER,IMBIRIBEIRA,,CIDADE,ABALROAMENTO TRANSVERSAL,CAMINHAO CAÇAMBA X HB 20,1,,,,,,1,,,0,,"",Bom,Não existe,Perfeito estado,Seca,Perfeito estado,Não existe,Não há placas,"",Dupla,Canteiro central,"",""
11427,2019-12-12T00:00:00,21:14:00,SEM VÍTIMA,FINALIZADA,BOA VIAGEM,AV DES JOSE NEVES,91,"","",AV DES JOSE NEVES,91,"",BOA VIAGEM,,SUBURBIO,COLISÃO TRASEIRA,COLISAO SEM VITIMAS,1,1,,,,,,,,0,,Longo da via,Bom,Não existe,Perfeito estado,Seca,Perfeito estado,Não existe,Não há placas,"",Dupla,Canal,"",""
11428,2019-12-12T00:00:00,19:50:00,SEM VÍTIMA,FINALIZADA,ILHA DO RETIRO,TUNEL CHICO SCIENCE,"","",SOB O TÚNEL SCHICO SCIENCE / TÚNEL DO SPORT,TUNEL CHICO SCIENCE,"",SOB O TÚNEL SCHICO SCIENCE / TÚNEL DO SPORT,ILHA DO RETIRO,,"",ABALROAMENTO LONGITUDINAL,COLISAO SEM VITIMAS,1,,,,,,,,1,0,,Longo da via,Bom,Não existe,Perfeito estado,Seca,Perfeito estado,Não existe,Não há placas,"",Única,Faixa contínua,"",""
11429,2019-12-12T00:00:00,22:06:00,SEM VÍTIMA,FINALIZADA,CASA FORTE,RUA JADER DE ANDRADE,"","EST DAS UBAIAS,",LADO OPOSTO AO DONOVAN'S IBISH PUB,RUA JADER DE ANDRADE,"",LADO OPOSTO AO DONOVAN'S IBISH PUB,CASA FORTE,469,"",ABALROAMENTO LONGITUDINAL,CLASSIC X PEUGEOT,2,,,,,,,,,0,,Cruzamento,Bom,Sem defeito,Incompleta,Seca,Perfeito estado,Faixa de pedestre,Não há placas,30 km/h,Dupla,Faixa contínua,Canteiro central,""
11430,2019-12-13T00:00:00,00:57:00,COM VÍTIMA,FINALIZADA,PAISSANDU,RUA PAISSANDU,"",AV GOVERNADOR AGAMENON MAGALHAES,SENTIDO BOA VIAGEM,RUA PAISSANDU,"",SENTIDO BOA VIAGEM,PAISSANDU,69,SUBURBIO,COLISÃO FRONTAL,COLISÃO ENTRE AUTO E MOTO C/V,1,1,,,,,,,,1,,Cruzamento,Bom,Sem defeito,Perfeito estado,Seca,Perfeito estado,Faixa de pedestre,"",60 km/h,Dupla,Canal,"",""
11431,2019-12-13T00:00:00,01:22:00,COM VÍTIMA,FINALIZADA,BOA VIAGEM,AV CONSELHEIRO AGUIAR,"",RUA FELIX DE BRITO E MELO,"",AV CONSELHEIRO AGUIAR,"","",BOA VIAGEM,546,CIDADE,ABALROAMENTO TRANSVERSAL,"COLISÃO ENTRE DOIS AUTOS C/V, UM DOS VEÍCULOS VEIO A CAPOTAR",2,,,,,,,,,4,,Cruzamento,Bom,Sem defeito,Perfeito estado,Seca,Perfeito estado,Faixa de pedestre,Não há placas,"",Única,Faixa contínua,"",""
11432,2019-12-13T00:00:00,03:33:00,SEM VÍTIMA,FINALIZADA,CAJUEIRO,RUA CORONEL URBANO RIBEIRO DE SENA,999,RUA JACUI,ACADEMIA DA CIDADE,RUA CORONEL URBANO RIBEIRO DE SENA,999,ACADEMIA DA CIDADE,CAJUEIRO,,SUBURBIO,CHOQUE VEÍCULO PARADO,CHOQUE EM VEÍCULO PARADO S/V,2,,,,,,,,1,0,,Longo da via,Bom,Não existe,Incompleta,Seca,Perfeito estado,Não existe,Outras,"",Dupla,Faixa seccionada,"",""
11433,2019-12-13T00:00:00,05:41:00,SEM VÍTIMA,FINALIZADA,BARRO,AV CENTRAL,304,"",ESTAÇÃO DO BARRO,AV CENTRAL,304,ESTAÇÃO DO BARRO,BARRO,,SUBURBIO,ABALROAMENTO TRANSVERSAL,COLISÃO ENTRE ÔNIBUS E AUTO S/V,1,,,,,1,,,,0,,Longo da via,Bom,Não existe,Perfeito estado,Seca,Perfeito estado,Não existe,Não há placas,"",Dupla,Não existe,"",""
11434,2019-12-13T00:00:00,07:32:00,SEM VÍTIMA,FINALIZADA,CORDEIRO,AV ENGENHEIRO ABDIAS DE CARVALHO,"","",LADO OPOSTO AO COMPAZ,AV ENGENHEIRO ABDIAS DE CARVALHO,"",LADO OPOSTO AO COMPAZ,CORDEIRO,58,CIDADE,COLISÃO TRASEIRA,DOIS AUTOS,2,,,,,,,,,0,,Longo da via,Bom,Sem defeito,Perfeito estado,Seca,Perfeito estado,Faixa de pedestre,Não há placas,60 km/h,Dupla,Canteiro central,"",""
11435,2019-12-13T00:00:00,08:11:00,SEM VÍTIMA,FINALIZADA,CORDEIRO,RUA JOAQUIM ALHEIROS,457,RUA ODETE MONTEIRO,"",RUA JOAQUIM ALHEIROS,457,"",CORDEIRO,,SUBURBIO,ABALROAMENTO LONGITUDINAL,SEM VITIMAS,1,1,,,,,,,,0,,Cruzamento,Bom,Não existe,Não existente,Seca,Perfeito estado,Não existe,Não há placas,"",Dupla,Faixa contínua,"",""
11436,2019-12-13T00:00:00,08:18:00,SEM VÍTIMA,FINALIZADA,BOA VIAGEM,AV ENGENHEIRO DOMINGOS FERREIRA,"","",EM FRENTE AO SPETTUS,AV ENGENHEIRO DOMINGOS FERREIRA,"",EM FRENTE AO SPETTUS,BOA VIAGEM,380,SUBURBIO,COLISÃO TRASEIRA,DOIS AUTOS,2,,,,,,,,,0,,Longo da via,Bom,Sem defeito,Perfeito estado,Seca,Perfeito estado,Não existe,Outras,60 km/h,Única,Faixa contínua,Canteiro central,""
11437,2019-12-13T00:00:00,08:19:00,SEM VÍTIMA,CANCELADA,BOA VIAGEM,RUA PROFESSOR JOAO MEDEIROS,"","",NA RUA DO CANAL EM FRENTE AO SHOPPING CENTER RECIFE,RUA PROFESSOR JOAO MEDEIROS,"",NA RUA DO CANAL EM FRENTE AO SHOPPING CENTER RECIFE,BOA VIAGEM,,PINA,COLISÃO,COLISÃO SEM VITIMAS,2,,,,,,,,,0,,"","","","","","","","","","","","",""
11438,2019-12-13T00:00:00,08:19:00,SEM VÍTIMA,FINALIZADA,BOA VIAGEM,RUA ERNESTO DE PAULA SANTOS,465,"",POSTO DE GASOLINA PETROBRAS,RUA ERNESTO DE PAULA SANTOS,465,POSTO DE GASOLINA PETROBRAS,BOA VIAGEM,,"",ABALROAMENTO LONGITUDINAL,DOIS AUTOS,2,,,,,,,,,0,,Cruzamento,Bom,Não existe,Perfeito estado,Seca,Perfeito estado,Não existe,"","",Única,Faixa seccionada,"",""
11439,2019-12-13T00:00:00,09:02:00,SEM VÍTIMA,FINALIZADA,CASA AMARELA,RUA FERREIRA LOPES,3139,EST DO ARRAIAL,"",RUA FERREIRA LOPES,3139,"",CASA AMARELA,,SUBURBIO,ABALROAMENTO TRANSVERSAL,"",2,,,,,,,,,0,,"",Bom,Não existe,Perfeito estado,Seca,Perfeito estado,Outros,R-6a,"",Única,Faixa seccionada,"",""
11440,2019-12-13T00:00:00,09:19:00,SEM VÍTIMA,FINALIZADA,BOA VIAGEM,RUA ERNESTO DE PAULA SANTOS,"",RUA AMALIA BERNARDINO DE SOUZA,POSTO BR,RUA ERNESTO DE PAULA SANTOS,"",POSTO BR,BOA VIAGEM,,CIDADE,ABALROAMENTO LONGITUDINAL,DOIS AUTOS,2,,,,,,,,,0,,Cruzamento,Bom,Não existe,Incompleta,Seca,Perfeito estado,Não existe,Não há placas,"",Única,Faixa seccionada,"",""
11441,2019-12-13T00:00:00,09:20:00,SEM VÍTIMA,FINALIZADA,BOA VISTA,AV CONDE DA BOA VISTA,"","",LADO OPOSTO A FACULDADE FAFIRE,AV CONDE DA BOA VISTA,"",LADO OPOSTO A FACULDADE FAFIRE,BOA VISTA,,SUBURBIO,COLISÃO COM CICLISTA,AUTO E CILISTA,1,,,1,,,,,,0,,Longo da via,Bom,Não existe,Perfeito estado,Seca,Perfeito estado,Faixa de pedestre,Não há placas,40 km/h,Dupla,Faixa contínua,Faixa seccionada,""
11442,2019-12-13T00:00:00,10:02:00,SEM VÍTIMA,FINALIZADA,ESTÂNCIA,AV DR JOSE RUFINO,"",RUA MORAIS E SILVA,LADO OPOSTO A GALERIA MARGARIDA,AV DR JOSE RUFINO,"",LADO OPOSTO A GALERIA MARGARIDA,ESTÂNCIA,,SUBURBIO,COLISÃO FRONTAL,DOIS AUTOS,1,,,,,1,,,,0,,Longo da via,Bom,Não existe,Perfeito estado,Seca,Perfeito estado,Não existe,R-6a,"",Dupla,Faixa contínua,"",""
11443,2019-12-13T00:00:00,10:13:00,SEM VÍTIMA,CANCELADA,AFOGADOS,AV MANOEL GONCALVES DA LUZ,"",RUA VINTE E UM DE ABRIL,EM FRENTE A FARMACIA INDEPENDENTE,AV MANOEL GONCALVES DA LUZ,"",EM FRENTE A FARMACIA INDEPENDENTE,AFOGADOS,245,"",COLISÃO,AUTO E MOTO,1,1,,,,,,,,0,,"","","","","","","","","","","","",""
11444,2019-12-13T00:00:00,10:13:00,SEM VÍTIMA,DUPLICIDADE,ESTÂNCIA,RUA MORAIS E SILVA,548,AV DR JOSE RUFINO,RUA EM FRENTE AO CENTRO COMERCIAL MARGARIDA,RUA MORAIS E SILVA,548,RUA EM FRENTE AO CENTRO COMERCIAL MARGARIDA,ESTÂNCIA,,"",COLISÃO,SEM VITIMAS,2,,,,,,,,,0,,"","","","","","","","","","","","",""
11445,2019-12-13T00:00:00,10:44:00,SEM VÍTIMA,FINALIZADA,IMBIRIBEIRA,AV ANTONIO TORRES GALVAO,281,"",EM FRENTE A CONCESSIONÁRIA AUDI,AV ANTONIO TORRES GALVAO,281,EM FRENTE A CONCESSIONÁRIA AUDI,IMBIRIBEIRA,,CIDADE,COLISÃO TRASEIRA,SEM VITIMAS,2,,,,,,,,,0,,Longo da via,Bom,Não existe,Incompleta,Seca,Mal conservada,Não existe,Outras,60 km/h,Única,Faixa seccionada,"",""
11446,2019-12-13T00:00:00,11:18:00,SEM VÍTIMA,CANCELADA,ALTO JOSÉ BONIFÁCIO,RUA ARAXA,140,"",EM FRENTE A LOJA CASA PEREIRA,RUA ARAXA,140,EM FRENTE A LOJA CASA PEREIRA,ALTO JOSÉ BONIFÁCIO,,"",COLISÃO,ONIBUS E AUTO PASSEIO,1,,,,,1,,,,0,,"","","","","","","","","","","","",""
11447,2019-12-13T00:00:00,11:20:00,SEM VÍTIMA,FINALIZADA,MADALENA,RUA SPORT CLUBE DO RECIFE,2244,"",EM FRENTE A JURANDIR PIRES,RUA SPORT CLUBE DO RECIFE,2244,EM FRENTE A JURANDIR PIRES,MADALENA,355,SUBURBIO,COLISÃO FRONTAL,COLISÃO SEM VITIMAS,1,,,,,,1,,,0,,Longo da via,Bom,Sem defeito,Perfeito estado,Seca,Perfeito estado,Agente,Não há placas,"",Única,Faixa seccionada,"",""
11448,2019-12-13T00:00:00,11:45:00,SEM VÍTIMA,FINALIZADA,IMBIRIBEIRA,RUA JOAQUIM BANDEIRA,136,AV MARECHAL MASCARENHAS DE MORAES,MITSUBISHI MOTOS,RUA JOAQUIM BANDEIRA,136,MITSUBISHI MOTOS,IMBIRIBEIRA,531,CIDADE,ABALROAMENTO LONGITUDINAL,COLISÃO SEM VITIMAS,1,,,,,1,,,,0,,Cruzamento,Bom,Sem defeito,Perfeito estado,Seca,Perfeito estado,Faixa de pedestre,Não há placas,"",Dupla,Canteiro central,"",""
11449,2019-12-13T00:00:00,11:53:00,SEM VÍTIMA,CANCELADA,PARNAMIRIM,AV RUI BARBOSA,"","",EM FRENTE AO HOSPITAL MARIA LUCINDA,AV RUI BARBOSA,"",EM FRENTE AO HOSPITAL MARIA LUCINDA,PARNAMIRIM,,"",COLISÃO,DOIS AUTOS,2,,,,,,,,,0,,"","","","","","","","","","","","",""
11450,2019-12-13T00:00:00,12:08:00,SEM VÍTIMA,FINALIZADA,IPSEP,AV RECIFE,"",RUA PINTOR ANTONIO ALBUQUERQUE,"",AV RECIFE,"","",IPSEP,55,"",ABALROAMENTO LONGITUDINAL,COLISÃO SEM VITIMAS COM 2 AUTOS,2,,,,,,,,,0,,Cruzamento,Bom,Sem defeito,Perfeito estado,Seca,Perfeito estado,Faixa de retenção,R-6a,"",Dupla,Canteiro central,"",""
11451,2019-12-13T00:00:00,12:55:00,SEM VÍTIMA,CANCELADA,GRAÇAS,RUA BRUNO MAIA,"",RUA ESMERALDINO BANDEIRA,POR TRAS DA PIZZARIA ATLANTICO,RUA BRUNO MAIA,"",POR TRAS DA PIZZARIA ATLANTICO,GRAÇAS,,"",COLISÃO,COLISAO ENTRE DOIS AUTOS S/V,2,,,,,,,,,0,,"","","","","","","","","","","","",""
11452,2019-12-13T00:00:00,13:17:00,SEM VÍTIMA,FINALIZADA,IPUTINGA,AV CAXANGA,3967,EST DO BARBALHO,BIG BOMPREÇO,AV CAXANGA,3967,BIG BOMPREÇO,IPUTINGA,533,CIDADE,COLISÃO TRASEIRA,COLISAO ENTRE DOIS AUTOS S/V S/T CID,1,,,,,,,,,0,,Longo da via,Bom,Sem defeito,Perfeito estado,Seca,Perfeito estado,Faixa de pedestre,Outras,"",Dupla,Faixa contínua,Faixa seccionada,Canteiro central
11453,2019-12-13T00:00:00,13:20:00,SEM VÍTIMA,FINALIZADA,DERBY,AV GOVERNADOR AGAMENON MAGALHAES,219,"",BRADESCO,AV GOVERNADOR AGAMENON MAGALHAES,219,BRADESCO,DERBY,,"",COLISÃO TRASEIRA,ENTRE DOIS AUTOS S/V,2,,,,,,,,,0,,Longo da via,Bom,Não existe,Perfeito estado,Seca,Perfeito estado,Não existe,Não há placas,60 km/h,Única,Faixa seccionada,"",""
11454,2019-12-13T00:00:00,13:23:00,SEM VÍTIMA,CANCELADA,JARDIM SÃO PAULO,AV RECIFE,"","",EM FRENTE AO CERPE,AV RECIFE,"",EM FRENTE AO CERPE,JARDIM SÃO PAULO,,"",COLISÃO,COLISÃO SEM VITIMA,3,,,,,,,,,0,,"","","","","","","","","","","","",""
11455,2019-12-13T00:00:00,14:22:00,SEM VÍTIMA,FINALIZADA,IBURA,RUA VALE DO ITAJAI,5,"",UPA DO IBURA,RUA VALE DO ITAJAI,5,UPA DO IBURA,IBURA,,"",ABALROAMENTO LONGITUDINAL,COLISÃO SEM VITIMA,1,,,,,,1,,1,0,,Longo da via,Bom,Não existe,Não existente,Seca,Perfeito estado,Não existe,Não há placas,"",Dupla,Não existe,"",""
11456,2019-12-13T00:00:00,14:41:00,SEM VÍTIMA,FINALIZADA,BOA VISTA,RUA DO PRINCIPE,482,"",PRÓXIMO A UNIVERSIDADE CATOLICA,RUA DO PRINCIPE,482,PRÓXIMO A UNIVERSIDADE CATOLICA,BOA VISTA,,CIDADE,COLISÃO TRASEIRA,SEM VITIMA,2,,,,,1,,,,0,,Longo da via,Bom,Não existe,Perfeito estado,Seca,Perfeito estado,Não existe,Não há placas,"",Única,Faixa seccionada,"",""
11457,2019-12-13T00:00:00,14:53:00,SEM VÍTIMA,FINALIZADA,TORRE,RUA REAL DA TORRE,"",RUA PADRE ANCHIETA,"",RUA REAL DA TORRE,"","",TORRE,192,CIDADE,ABALROAMENTO TRANSVERSAL,ENTRE DOIS AUTOS S/V,2,,,,,,,,,0,,Longo da via,Bom,Sem defeito,Perfeito estado,Seca,Perfeito estado,"",R-6a,"",Única,"","",""
11458,2019-12-13T00:00:00,14:54:00,SEM VÍTIMA,FINALIZADA,BAIRRO DO RECIFE,CAIS DO APOLO,"",AV RIO BRANCO,SOB O SEMÁFORO 019,CAIS DO APOLO,"",SOB O SEMÁFORO 019,BAIRRO DO RECIFE,,CIDADE,ABALROAMENTO LONGITUDINAL,SEM VITIMA,1,,,,,,1,,,0,,Cruzamento,Bom,Sem defeito,Perfeito estado,Seca,Perfeito estado,Faixa de pedestre,"","",Dupla,Canteiro central,"",""
11459,2019-12-13T00:00:00,15:00:00,SEM VÍTIMA,FINALIZADA,IPSEP,RUA ADERBAL DE MELO,169,RUA HELIO BRANDAO,CHAMBARIL E FEIJOADA DO JOÃO,RUA ADERBAL DE MELO,169,CHAMBARIL E FEIJOADA DO JOÃO,IPSEP,,SUBURBIO,ABALROAMENTO TRANSVERSAL,ENTRE DOIS AUTOS S/V,2,,,,,,,,,0,,Cruzamento,Bom,Não existe,Perfeito estado,Seca,Perfeito estado,Não existe,Placas Pare,"",Dupla,Não existe,"",""
11460,2019-12-13T00:00:00,15:01:00,SEM VÍTIMA,CANCELADA,SANTO AMARO,AV CRUZ CABUGA,"","",EM FRENTE A SANTA CASA,AV CRUZ CABUGA,"",EM FRENTE A SANTA CASA,SANTO AMARO,,"",COLISÃO,COLISÃO SEM VITIMA,2,,,,,,,,,0,,"","","","","","","","","","","","",""
11461,2019-12-13T00:00:00,15:05:00,SEM VÍTIMA,FINALIZADA,MACAXEIRA,AV NORTE,"","",ROTATÓRIA,AV NORTE,"",ROTATÓRIA,MACAXEIRA,,SUBURBIO,ABALROAMENTO LONGITUDINAL,COLISAO ENTREONIBUS E AUTOS S/V,1,,,,,1,,,,0,,"",Bom,Não existe,Incompleta,Seca,Perfeito estado,Não existe,Não há placas,"",Dupla,Não existe,"",""
11462,2019-12-13T00:00:00,15:40:00,COM VÍTIMA,EQUIPE EM DESLOCAMENTO,IPSEP,RUA ITACARI,301,RUA ITAJAI,PROXIMO A PRAÇA DA MAURICEIA,RUA ITACARI,301,PROXIMO A PRAÇA DA MAURICEIA,IPSEP,,"",ABALROAMENTO TRANSVERSAL,APOIO AO SI KLEBER E COLISÃO COM VITIMA,2,,,,,,,,,2,,Cruzamento,Bom,Não existe,Ilegível,Seca,Mal iluminada,Não existe,Placas Pare,"",Dupla,Não existe,"",""
11463,2019-12-13T00:00:00,16:00:00,SEM VÍTIMA,FINALIZADA,TORRE,RUA DOM MANOEL DA COSTA,"",RUA PADRE LANDIM,"",RUA DOM MANOEL DA COSTA,"","",TORRE,252,CIDADE,ABALROAMENTO LONGITUDINAL,COLISÃO SEM VITIMA,1,,1,,,,,,,0,,Cruzamento,Bom,Sem defeito,Perfeito estado,Seca,Perfeito estado,Faixa de pedestre,R-6a,"",Única,Faixa contínua,"",""
11464,2019-12-13T00:00:00,17:09:00,SEM VÍTIMA,FINALIZADA,IPSEP,AV RECIFE,"",RUA PINTOR ANTONIO ALBUQUERQUE,LADO OPOSTO SHELL E EXTRAFARMA,AV RECIFE,"",LADO OPOSTO SHELL E EXTRAFARMA,IPSEP,55,"",COLISÃO TRASEIRA,ENTRE DOIS AUTOS S/V,2,,,,,,,,,0,,Longo da via,Bom,Sem defeito,Perfeito estado,Seca,Perfeito estado,Faixa de pedestre,Outras,"",Dupla,Faixa seccionada,Canteiro central,""
11465,2019-12-13T00:00:00,17:12:00,SEM VÍTIMA,FINALIZADA,IPSEP,AV PRESIDENTE DUTRA,"","","",AV PRESIDENTE DUTRA,"","",IPSEP,393,"",COLISÃO TRASEIRA,COLISAO ENTRE DOIS AUTOS S/V,2,,,,,,,,,0,,Longo da via,Bom,Sem defeito,Perfeito estado,Seca,Perfeito estado,Faixa de pedestre,R-6a,"",Dupla,Canteiro central,"",""
11466,2019-12-13T00:00:00,17:20:00,SEM VÍTIMA,FINALIZADA,SÃO JOSÉ,RUA DA CONCORDIA,575,RUA PASSO DA PATRIA,AO LADO DO Nº 575,RUA DA CONCORDIA,575,AO LADO DO Nº 575,SÃO JOSÉ,,CIDADE,ABALROAMENTO TRANSVERSAL,ENTRE DOIS AUTOS S/V,2,,,,,,,,,0,,Longo da via,Bom,Não existe,Perfeito estado,Seca,Perfeito estado,Não existe,R-6a,"",Única,Não existe,"",""
11467,2019-12-13T00:00:00,17:53:00,SEM VÍTIMA,FINALIZADA,DERBY,RUA DOM BOSCO,"",AV GOVERNADOR AGAMENON MAGALHAES,EM FRENTE AO AMERICANO BATISTA,RUA DOM BOSCO,"",EM FRENTE AO AMERICANO BATISTA,DERBY,174,SUBURBIO,ABALROAMENTO LONGITUDINAL,COLISÃO SEM VITIMA,1,,,,,1,,,,0,,Cruzamento,Bom,Sem defeito,Perfeito estado,Seca,Perfeito estado,"",Outras,40 km/h,Única,Faixa seccionada,"",""