_id,DATA,hora,natureza_acidente,situacao,bairro,endereco,numero,detalhe_endereco_acidente,complemento,endereco_cruzamento,numero_cruzamento,referencia_cruzamento,bairro_cruzamento,num_semaforo,sentido_via,tipo,descricao,auto,moto,ciclom,ciclista,pedestre,onibus,caminhao,viatura,outros,vitimas,vitimasfatais,acidente_verificado,tempo_clima,situacao_semaforo,sinalizacao,condicao_via,conservacao_via,ponto_controle,situacao_placa,velocidade_max_via,mao_direcao,divisao_via1,divisao_via2,divisao_via3
11468,2019-12-13T00:00:00,17:53:00,SEM VÍTIMA,FINALIZADA,IBURA,AV DOIS RIOS,"",RUA RIO XINGU,POSTO BR,AV DOIS RIOS,"",POSTO BR,IBURA,351,"",COLISÃO TRASEIRA,COLISAO ENTRE AUTOI E MOTO S/V,1,1,,,,,,,,0,,Longo da via,Bom,Sem defeito,Perfeito estado,Seca,Perfeito estado,"","","",Dupla,"","",""
11469,2019-12-13T00:00:00,18:03:00,COM VÍTIMA,FINALIZADA,IPSEP,AV RECIFE,657,AV TAPAJOS,ANTES DO CRUZAMENTO PROX AOS CONDOMINIOS RESIDENCIAL,AV RECIFE,657,ANTES DO CRUZAMENTO PROX AOS CONDOMINIOS RESIDENCIAL,IPSEP,,CIDADE,COLISÃO,ONIX X MOTO,1,1,,,,,,,,2,,"","","","","","","","","","","","",""
11470,2019-12-13T00:00:00,18:09:00,SEM VÍTIMA,FINALIZADA,MADALENA,AV BEIRA RIO,165,"","",AV BEIRA RIO,165,"",MADALENA,,"",ABALROAMENTO LONGITUDINAL,ENTRE DOIS AUTOS S/V,2,,,,,,,,,0,,Longo da via,Bom,Não existe,Perfeito estado,Seca,Perfeito estado,Não existe,R-6a,"",Única,Faixa seccionada,"",""
11471,2019-12-13T00:00:00,19:11:00,SEM VÍTIMA,FINALIZADA,ESTÂNCIA,AV DR JOSE RUFINO,"","","",AV DR JOSE RUFINO,"","",ESTÂNCIA,491,SUBURBIO,COLISÃO TRASEIRA,ENTRE DOIS AUTOS S/V,2,,,,,,,,,0,,Longo da via,Bom,Sem defeito,Perfeito estado,Seca,Perfeito estado,Faixa de pedestre,Não há placas,"",Dupla,Faixa contínua,Faixa seccionada,""
11472,2019-12-13T00:00:00,19:13:00,VÍTIMA FATAL,FINALIZADA,SOLEDADE,AV CONDE DA BOA VISTA,"",RUA DAS NINFAS,EM FRENTE A PARADA DO BRT - SOLEDADE 1,AV CONDE DA BOA VISTA,"",EM FRENTE A PARADA DO BRT - SOLEDADE 1,SOLEDADE,,CIDADE,ATROPELAMENTO,COLISÃO COM VÍTIMA FATAL ENTRE ÔNIBUS E PEDESTRE.,,,,,1,1,,,,0,1,Longo da via,Bom,Não existe,Perfeito estado,Seca,Perfeito estado,Não existe,Não há placas,40 km/h,Dupla,Faixa contínua,"",""
11473,2019-12-13T00:00:00,19:27:00,SEM VÍTIMA,FINALIZADA,IMBIRIBEIRA,AV MARECHAL MASCARENHAS DE MORAES,7935,"",AV. MAL. MASCARENHAS DE MORAIS,AV MARECHAL MASCARENHAS DE MORAES,7935,AV. MAL. MASCARENHAS DE MORAIS,IMBIRIBEIRA,,SUBURBIO,COLISÃO TRASEIRA,ONIX X KA,2,,,,,,,,,0,,Longo da via,Bom,Não existe,Perfeito estado,Seca,Perfeito estado,Não existe,Não há placas,60 km/h,Única,Faixa seccionada,"",""
11474,2019-12-13T00:00:00,19:51:00,SEM VÍTIMA,FINALIZADA,ROSARINHO,RUA DR JOSE MARIA,230,RUA NETO DE MENDONCA,QUINTAS DA JAQUEIRA,RUA DR JOSE MARIA,230,QUINTAS DA JAQUEIRA,ROSARINHO,,CIDADE,ABALROAMENTO LONGITUDINAL,COROLA X AUTO,2,,,,,,,,,0,,Cruzamento,Bom,Não existe,Ilegível,Seca,Perfeito estado,Não existe,Não há placas,"",Dupla,Não existe,"",""
11475,2019-12-13T00:00:00,21:56:00,SEM VÍTIMA,FINALIZADA,BOA VIAGEM,RUA CAMBOIM,481,RUA DEZ DE JULHO,"",RUA CAMBOIM,481,"",BOA VIAGEM,,CIDADE,CAPOTAMENTO,COLISAO SEM VITIMAS - VEICULO CAPOTADO - BOMBEIROS NO LOCAL.,2,,,,,,,,,0,,Cruzamento,Bom,Não existe,Perfeito estado,Seca,Perfeito estado,Não existe,Placas Pare,"",Dupla,Faixa contínua,"",""
11476,2019-12-13T00:00:00,22:09:00,SEM VÍTIMA,FINALIZADA,ARRUDA,AV PROFESSOR JOSE DOS ANJOS,"",RUA JERONIMO VILELA,"",AV PROFESSOR JOSE DOS ANJOS,"","",ARRUDA,642,SUBURBIO,ABALROAMENTO TRANSVERSAL,COLISAO SEM VITIMAS,2,,,,,,,,,0,,Cruzamento,Bom,Sem defeito,Perfeito estado,Seca,Perfeito estado,Faixa de pedestre,"","",Única,"","",""
11477,2019-12-13T00:00:00,23:45:00,SEM VÍTIMA,FINALIZADA,PINA,AV ANTONIO DE GOES,"","",LADO OPOSTO A PRF,AV ANTONIO DE GOES,"",LADO OPOSTO A PRF,PINA,,CIDADE,ABALROAMENTO LONGITUDINAL,COLISAO SEM VITIMAS,1,,,,,1,,,,0,,Longo da via,Bom,Sem defeito,Perfeito estado,Seca,Perfeito estado,Não existe,Outras,"",Única,Canteiro central,"",""
11478,2019-12-14T00:00:00,01:51:00,SEM VÍTIMA,FINALIZADA,DERBY,PRC DO DERBY,115,RUA BARAO DE GOIANA,CEMUPE,PRC DO DERBY,115,CEMUPE,DERBY,,CIDADE,ABALROAMENTO LONGITUDINAL,"COLISÃO ENTRE DOIS AUTOS, SEM VÍTIMAS",2,,,,,,,,,0,,Longo da via,Bom,Não existe,Perfeito estado,Seca,Perfeito estado,Não existe,R-6a,"",Única,Faixa seccionada,"",""
11479,2019-12-14T00:00:00,03:39:00,SEM VÍTIMA,FINALIZADA,BOA VIAGEM,AV BOA VIAGEM,5274,"",FRENTE AO EDIFÍCIO ESTAÇÃO DO MAR,AV BOA VIAGEM,5274,FRENTE AO EDIFÍCIO ESTAÇÃO DO MAR,BOA VIAGEM,438,CIDADE,CHOQUE VEÍCULO PARADO,COLISAO SEM VITIMAS,3,,,,,,,,,0,,Longo da via,Bom,Sem defeito,Perfeito estado,Seca,Perfeito estado,Faixa de pedestre,Não há placas,"",Única,Faixa contínua,Faixa seccionada,""
11480,2019-12-14T00:00:00,07:41:00,SEM VÍTIMA,FINALIZADA,ESPINHEIRO,RUA CONS PORTELA,"",RUA QUARENTA E OITO,FARMÁCIA PAGUE MENOS,RUA CONS PORTELA,"",FARMÁCIA PAGUE MENOS,ESPINHEIRO,11,SUBURBIO,ABALROAMENTO LONGITUDINAL,DOIS AUTOS,2,,,,,,,,,0,,Longo da via,Bom,Sem defeito,Perfeito estado,Seca,"",Faixa de pedestre,Outras,"",Única,Faixa seccionada,"",""
11481,2019-12-14T00:00:00,07:45:00,SEM VÍTIMA,FINALIZADA,BOA VIAGEM,AV ENGENHEIRO DOMINGOS FERREIRA,"",RUA FELIX DE BRITO E MELO,"",AV ENGENHEIRO DOMINGOS FERREIRA,"","",BOA VIAGEM,545,"",ABALROAMENTO TRANSVERSAL,COLISÃO SEM VITIMAS,3,,,,,,,,,0,,Cruzamento,Bom,Sem defeito,Perfeito estado,Seca,Perfeito estado,Faixa de pedestre,Não há placas,60 km/h,Única,Faixa seccionada,"",""
11482,2019-12-14T00:00:00,07:53:00,SEM VÍTIMA,FINALIZADA,AFOGADOS,RUA JOAO IVO DA SILVA,220,"",EM FRENTE A AUTOPARVI,RUA JOAO IVO DA SILVA,220,EM FRENTE A AUTOPARVI,AFOGADOS,,SUBURBIO,COLISÃO TRASEIRA,DOIS AUTOS,2,,,,,,,,,0,,Longo da via,Bom,Não existe,Perfeito estado,Seca,Perfeito estado,Não existe,"","",Única,Faixa seccionada,"",""
11483,2019-12-14T00:00:00,08:15:00,SEM VÍTIMA,FINALIZADA,JARDIM SÃO PAULO,RUA DR DEVALDO BORGES,"","",ESCOLA MUNICIÁL PE JOSE MATHIAS DELGADO,RUA DR DEVALDO BORGES,"",ESCOLA MUNICIÁL PE JOSE MATHIAS DELGADO,JARDIM SÃO PAULO,,SUBURBIO,CHOQUE VEÍCULO PARADO,COLISÃO SEM VITIMAS,2,,,,,,,,,0,,Longo da via,Bom,Não existe,Perfeito estado,Seca,Perfeito estado,Não existe,Outras,"",Dupla,Não existe,"",""
11484,2019-12-14T00:00:00,08:33:00,COM VÍTIMA,FINALIZADA,IMBIRIBEIRA,RUA JOAQUIM BANDEIRA,"",AV SUL,"EMBAIXO DO PONTILHÃO DA ESTAÇÃO ANTONIO FALCÃO, SENT. BOA VIAGEM",RUA JOAQUIM BANDEIRA,"","EMBAIXO DO PONTILHÃO DA ESTAÇÃO ANTONIO FALCÃO, SENT. BOA VIAGEM",IMBIRIBEIRA,,"",ABALROAMENTO TRANSVERSAL,DOIS AUTOS E MOTO,2,1,,,,,,,,1,,Cruzamento,Bom,Não existe,Não existente,Seca,Perfeito estado,Não existe,Não há placas,"",Única,Faixa seccionada,"",""
11485,2019-12-14T00:00:00,09:18:00,COM VÍTIMA,FINALIZADA,SAN MARTIN,AV CONSUL VILARES FRAGOSO,380,RUA ITAPEMIRIM,AO LADO DO BATALHÃO DA CAVALARIA,AV CONSUL VILARES FRAGOSO,380,AO LADO DO BATALHÃO DA CAVALARIA,SAN MARTIN,,SUBURBIO,ABALROAMENTO LONGITUDINAL,COLISÃO COM VITIMA A ESPERA DO SAMU,,1,,,,,1,,,1,,"","","","","","","","","","","","",""
11486,2019-12-14T00:00:00,09:19:00,SEM VÍTIMA,FINALIZADA,AFOGADOS,AV MARECHAL MASCARENHAS DE MORAES,"","",LADO OPOSTO A IGREJA BATISTA DE LARGO DA PAZ,AV MARECHAL MASCARENHAS DE MORAES,"",LADO OPOSTO A IGREJA BATISTA DE LARGO DA PAZ,AFOGADOS,,CIDADE,COLISÃO TRASEIRA,SEM VITIMAS,2,,,,,,,,,0,,Ponte,Bom,Não existe,Não existente,Seca,Perfeito estado,Não existe,Não há placas,"",Dupla,Canteiro central,"",""
11487,2019-12-14T00:00:00,09:28:00,SEM VÍTIMA,FINALIZADA,IMBIRIBEIRA,RUA PAMPULHA,"",AV MARECHAL MASCARENHAS DE MORAES,EUROVIA,RUA PAMPULHA,"",EUROVIA,IMBIRIBEIRA,534,CIDADE,COLISÃO TRASEIRA,COLISÃO SEM VITIMAS,2,,,,,,,,,0,,Longo da via,Bom,Sem defeito,Perfeito estado,Seca,"",Faixa de pedestre,Não há placas,"",Única,Faixa seccionada,"",""
11488,2019-12-14T00:00:00,09:57:00,SEM VÍTIMA,FINALIZADA,ESTÂNCIA,AV RECIFE,5586,"",POSTO BR,AV RECIFE,5586,POSTO BR,ESTÂNCIA,,SUBURBIO,COLISÃO TRASEIRA,SEM VTIMAS,2,,,,,,,,,0,,Longo da via,Bom,Não existe,Perfeito estado,Seca,Perfeito estado,Não existe,Não há placas,50 km/h,Dupla,Canteiro central,"",""
11489,2019-12-14T00:00:00,10:04:00,COM VÍTIMA,FINALIZADA,JIQUIÁ,AV DR JOSE RUFINO,392,"",EM FRENTE AO COLEGIO ESPAÇO ABERTO.,AV DR JOSE RUFINO,392,EM FRENTE AO COLEGIO ESPAÇO ABERTO.,JIQUIÁ,,SUBURBIO,ABALROAMENTO LONGITUDINAL,AUTO E MOTO.,1,1,,,,,,,,1,,Longo da via,Bom,Não existe,Perfeito estado,Seca,Perfeito estado,Não existe,Outras,"",Dupla,Faixa contínua,"",""
11490,2019-12-14T00:00:00,10:40:00,COM VÍTIMA,FINALIZADA,CASA AMARELA,AV NORTE,"",AV PROFESSOR JOSE DOS ANJOS,"EM FRENTE AO SESC, SENTIDO CIDADE SUBÚRBIO",AV NORTE,"","EM FRENTE AO SESC, SENTIDO CIDADE SUBÚRBIO",CASA AMARELA,364,SUBURBIO,ABALROAMENTO LONGITUDINAL,AUTO E MOTO.,1,1,,,,,,,,2,,Cruzamento,Bom,Sem defeito,Perfeito estado,Seca,Perfeito estado,Faixa de pedestre,R-6a,"",Dupla,Canteiro central,"",""
11491,2019-12-14T00:00:00,10:43:00,SEM VÍTIMA,FINALIZADA,ESPINHEIRO,RUA DO ESPINHEIRO,685,"",EDF. IGARASSU COLONIAL,RUA DO ESPINHEIRO,685,EDF. IGARASSU COLONIAL,ESPINHEIRO,,SUBURBIO,COLISÃO TRASEIRA,SEM VITIMAS,2,,,,,,,,,0,,Longo da via,Bom,Não existe,Perfeito estado,Seca,Perfeito estado,Não existe,Não há placas,"",Única,Faixa seccionada,"",""
11492,2019-12-14T00:00:00,11:35:00,SEM VÍTIMA,FINALIZADA,CORDEIRO,AV CAXANGA,"","",AO LADO DA PANIFICADORA REP. DO PÃO,AV CAXANGA,"",AO LADO DA PANIFICADORA REP. DO PÃO,CORDEIRO,235,SUBURBIO,COLISÃO TRASEIRA,COLISÃO SEM VITIMAS,2,,,,,,,,,0,,Longo da via,Bom,Sem defeito,Perfeito estado,Seca,Perfeito estado,Faixa de pedestre,Outras,60 km/h,Única,Faixa contínua,"",""
11493,2019-12-14T00:00:00,12:24:00,SEM VÍTIMA,FINALIZADA,IMBIRIBEIRA,RUA SARGENTO SILVINO DE MACEDO,"",RUA ALAMEDA DAS HORTENCIAS,OPOSTO AO POSTE B 007918,RUA SARGENTO SILVINO DE MACEDO,"",OPOSTO AO POSTE B 007918,IMBIRIBEIRA,,"",ABALROAMENTO LONGITUDINAL,COLISAO ENTRE ONIBUS E AUTOS S/V,1,,,,,1,,,,0,,"",Bom,Não existe,Não existente,Seca,Perfeito estado,Não existe,Não há placas,30 km/h,Dupla,Não existe,"",""
11494,2019-12-14T00:00:00,12:27:00,SEM VÍTIMA,FINALIZADA,SAN MARTIN,AV ENGENHEIRO ABDIAS DE CARVALHO,1836,"",LADO OPOSTO A BF CAR AUTOMOTIVA (SENT. BR - 232),AV ENGENHEIRO ABDIAS DE CARVALHO,1836,LADO OPOSTO A BF CAR AUTOMOTIVA (SENT. BR - 232),SAN MARTIN,,"",COLISÃO,COLISÃO S/VITIMAS ENTRE DOIS AUTOS,2,,,,,,,,,0,,"","","","","","","","","","","","",""
11495,2019-12-14T00:00:00,13:12:00,COM VÍTIMA,FINALIZADA,BEBERIBE,AV BEBERIBE,3780,RUA DALVA DE OLIVEIRA,EM FRENTE AO POSTO DE COMBUSTÍVEIS PETROL,AV BEBERIBE,3780,EM FRENTE AO POSTO DE COMBUSTÍVEIS PETROL,BEBERIBE,575,SUBURBIO,ABALROAMENTO TRANSVERSAL,AUTO E MOTO.,1,1,,,,,,,,2,,Longo da via,Bom,Sem defeito,Ilegível,Seca,Perfeito estado,Faixa de pedestre,R-6a,"",Dupla,Faixa contínua,"",""
11496,2019-12-14T00:00:00,13:28:00,SEM VÍTIMA,CANCELADA,BOA VIAGEM,AV BOA VIAGEM,7058,"",E/F AO EDF. BRGADEIRO EDUARDO GOMES,AV BOA VIAGEM,7058,E/F AO EDF. BRGADEIRO EDUARDO GOMES,BOA VIAGEM,,"",COLISÃO,COLISÃO S/VITIMAS ENTRE DOIS AUTOS,2,,,,,,,,,0,,"","","","","","","","","","","","",""
11497,2019-12-14T00:00:00,13:55:00,SEM VÍTIMA,FINALIZADA,IPSEP,RUA JAMAICA,306,"",EM FRENTE AO EDIFÍCIO SAFIRA,RUA JAMAICA,306,EM FRENTE AO EDIFÍCIO SAFIRA,IPSEP,,SUBURBIO,ABALROAMENTO LONGITUDINAL,SEM VITIMAS,2,,,,,,,,,0,,Longo da via,Bom,Não existe,Perfeito estado,Seca,Perfeito estado,Não existe,R-6a,"",Única,Faixa seccionada,"",""
11498,2019-12-14T00:00:00,14:09:00,SEM VÍTIMA,FINALIZADA,TORRE,RUA PROFESSOR TRAJANO DE MENDONCA,"",RUA VERMELHA,EM FRENTE AO RESTAURANTE SEUCELÉ,RUA PROFESSOR TRAJANO DE MENDONCA,"",EM FRENTE AO RESTAURANTE SEUCELÉ,TORRE,,"",ABALROAMENTO LONGITUDINAL,COLISÃO S/VITIMAS ENTRE UMA MOTO E UM AUTO,1,1,,,,,,,,0,,"",Bom,Não existe,Não existente,Seca,Perfeito estado,Não existe,Outras,"",Única,Não existe,"",""
11499,2019-12-14T00:00:00,14:50:00,SEM VÍTIMA,CANCELADA,ARRUDA,RUA DAS MOCAS,245,"",AO LADO DO CAMPO DO SANTA CRUZ,RUA DAS MOCAS,245,AO LADO DO CAMPO DO SANTA CRUZ,ARRUDA,,"",COLISÃO,COLISÃO SEM VÍTIMA,3,,,,,,,,,0,,"","","","","","","","","","","","",""
11500,2019-12-14T00:00:00,15:57:00,COM VÍTIMA,FINALIZADA,IPSEP,RUA JEAN EMILE FAVRE,1212,RUA RIO AMAZONAS,AO LADO DA FARMACIA EXTRAFARMA. MENOR PREÇO LUBRIFICANTES / CENTRO AUTOMOTIVO.,RUA JEAN EMILE FAVRE,1212,AO LADO DA FARMACIA EXTRAFARMA. MENOR PREÇO LUBRIFICANTES / CENTRO AUTOMOTIVO.,IPSEP,527,SUBURBIO,COLISÃO COM CICLISTA,AUTO E BICICLETA.,1,,,1,,,,,,1,,Longo da via,Bom,Não existe,Perfeito estado,Seca,Perfeito estado,Não existe,R-6a,"",Dupla,Faixa seccionada,"",""
11501,2019-12-14T00:00:00,16:35:00,SEM VÍTIMA,FINALIZADA,ESPINHEIRO,RUA DR FERNANDO ALLAIN,159,"",EDIFÍCIO DE GUARAQUEÇABA,RUA DR FERNANDO ALLAIN,159,EDIFÍCIO DE GUARAQUEÇABA,ESPINHEIRO,,CIDADE,ABALROAMENTO TRANSVERSAL,COLISÃO S/VITIMAS ENTRE UMA MOTO E UM AUTO,1,1,,,,,,,,0,,Longo da via,Bom,Não existe,Perfeito estado,Seca,Perfeito estado,Não existe,Outras,"",Única,Não existe,"",""
11502,2019-12-14T00:00:00,16:40:00,SEM VÍTIMA,FINALIZADA,"",AV RECIFE,5436,"",EM FRENTE AO Nº 5436,AV RECIFE,5436,EM FRENTE AO Nº 5436,"",,SUBURBIO,COLISÃO TRASEIRA,COLISÃO SEM VÍTIMA,2,,,,,,,,,0,,Longo da via,Bom,Não existe,Perfeito estado,Seca,Perfeito estado,Não existe,Não há placas,"",Dupla,Faixa seccionada,Canteiro central,""
11503,2019-12-14T00:00:00,16:46:00,SEM VÍTIMA,FINALIZADA,TAMARINEIRA,RUA PADRE ROMA,"","",HOSPITAL CORREIA PICANÇO,RUA PADRE ROMA,"",HOSPITAL CORREIA PICANÇO,TAMARINEIRA,,SUBURBIO,ABALROAMENTO LONGITUDINAL,COLISÃO S/VITIMAS ENTRE DOIS AUTOS,2,,,,,,,,,0,,Longo da via,Bom,Não existe,Perfeito estado,Seca,Perfeito estado,Não existe,Não há placas,"",Dupla,Canteiro central,"",""
11504,2019-12-14T00:00:00,17:12:00,SEM VÍTIMA,FINALIZADA,ÁGUA FRIA,AV BEBERIBE,2224,"",FARMÁCIA DROGAMUNDO,AV BEBERIBE,2224,FARMÁCIA DROGAMUNDO,ÁGUA FRIA,,SUBURBIO,ABALROAMENTO LONGITUDINAL,COLISÃO S/VITIMAS ENTRE UM AUTO E UM CAMINHÃO,1,,,,,,1,,,0,,"",Bom,Não existe,Perfeito estado,Seca,Perfeito estado,Não existe,R-6a,"",Dupla,Faixa contínua,"",""
11505,2019-12-14T00:00:00,18:29:00,COM VÍTIMA,FINALIZADA,BOA VISTA,AV VISCONDE DE SUASSUNA,196,RUA DO SOSSEGO,E/F A SAUDENTAL,AV VISCONDE DE SUASSUNA,196,E/F A SAUDENTAL,BOA VISTA,,SUBURBIO,ABALROAMENTO LONGITUDINAL,ENTRE DOIS AUTOS COM VITIMA,2,,,,,,,,,1,,Esquina,Bom,Não existe,Perfeito estado,Seca,Perfeito estado,"","","","","","",""
11506,2019-12-14T00:00:00,18:40:00,SEM VÍTIMA,FINALIZADA,BOA VIAGEM,RUA RIBEIRO DE BRITO,1326,RUA AMALIA BERNARDINO DE SOUZA,NA BASE DA PONTE,RUA RIBEIRO DE BRITO,1326,NA BASE DA PONTE,BOA VIAGEM,,SUBURBIO,ABALROAMENTO TRANSVERSAL,COLISAO SEM VITIMAS,2,,,,,,,,,0,,Longo da via,Bom,Não existe,Perfeito estado,Seca,Perfeito estado,Não existe,Não há placas,"",Única,Faixa seccionada,"",""
11507,2019-12-14T00:00:00,19:46:00,COM VÍTIMA,FINALIZADA,BOA VISTA,AV CONDE DA BOA VISTA,"",RUA GERVASIO PIRES,PRÓXIMO AO SHOPPING BOA VISTA,AV CONDE DA BOA VISTA,"",PRÓXIMO AO SHOPPING BOA VISTA,BOA VISTA,24,CIDADE,ATROPELAMENTO,ATROPELAMENTO ENTRE ÔNIBUS E PEDESTRE.,,,,,1,1,,,,1,,Cruzamento,Bom,Sem defeito,Perfeito estado,Seca,Perfeito estado,Não existe,Não há placas,"",Dupla,Faixa contínua,"",""
11508,2019-12-14T00:00:00,20:36:00,COM VÍTIMA,FINALIZADA,SANTO AMARO,RUA DOS PALMARES,"","",EM FRENTE AO RM EXPRESS.,RUA DOS PALMARES,"",EM FRENTE AO RM EXPRESS.,SANTO AMARO,,CIDADE,COLISÃO TRASEIRA,ENTRE DOIS AUTOS COM VÍTIMA,2,,,,,,,,,2,,Longo da via,Bom,Não existe,Perfeito estado,Seca,Perfeito estado,Não existe,Não há placas,40 km/h,Dupla,Canteiro central,"",""
11509,2019-12-14T00:00:00,21:35:00,SEM VÍTIMA,FINALIZADA,BOA VIAGEM,AV CONSELHEIRO AGUIAR,3595,"",AMERICANAS EXPRESS,AV CONSELHEIRO AGUIAR,3595,AMERICANAS EXPRESS,BOA VIAGEM,,CIDADE,COLISÃO TRASEIRA,ENTRE DOIS AUTOS S/V,2,,,,,,,,,0,,Longo da via,Bom,Não existe,Perfeito estado,Seca,Perfeito estado,Não existe,R-6a,60 km/h,Única,Faixa seccionada,"",""
11510,2019-12-14T00:00:00,23:34:00,SEM VÍTIMA,FINALIZADA,MACAXEIRA,AV JOSE AMERICO DE ALMEIDA,"","",AO LADO OPOSTO 161,AV JOSE AMERICO DE ALMEIDA,"",AO LADO OPOSTO 161,MACAXEIRA,,SUBURBIO,COLISÃO FRONTAL,ENTRE AUTO PASSEIO X MOTO COM VÍTIMA,1,1,,,,,,,,0,,Longo da via,Bom,Não existe,Perfeito estado,Seca,Perfeito estado,Não existe,Não há placas,"",Dupla,Canteiro central,"",""
11511,2019-12-15T00:00:00,08:42:00,COM VÍTIMA,FINALIZADA,MONTEIRO,AV DEZESSETE DE AGOSTO,50,"",EM FRENTE AO CONDOMINIO ALAMEDA IMPERIAL,AV DEZESSETE DE AGOSTO,50,EM FRENTE AO CONDOMINIO ALAMEDA IMPERIAL,MONTEIRO,,SUBURBIO,TOMBAMENTO,"VEÍCULO, APÓS O CONDUTOR PERDER O CONTROLE NA VIA, TOMBOU, ATINGINDO UM PEDESTRE.",1,,,,1,,,,,1,,Longo da via,Bom,Não existe,Perfeito estado,Seca,Perfeito estado,Não existe,Outras,"",Dupla,Faixa seccionada,"",""
11512,2019-12-15T00:00:00,09:14:00,SEM VÍTIMA,FINALIZADA,IMBIRIBEIRA,VIADUTO TANCREDO NEVES,"","",AO LADO DO TI GOV. CARLOS WILSON CAMPOS,VIADUTO TANCREDO NEVES,"",AO LADO DO TI GOV. CARLOS WILSON CAMPOS,IMBIRIBEIRA,,SUBURBIO,CHOQUE OBJETO FIXO,VEICULO CHOCOU-SE COM O PRISMA,1,,,,,,,,,0,,Viaduto,Bom,Não existe,Incompleta,Seca,Mal conservada,Não existe,R-24b,"",Única,Blocos,"",""
11513,2019-12-15T00:00:00,09:24:00,SEM VÍTIMA,FINALIZADA,BOA VISTA,RUA PRINCESA IZABEL,83,"",LOTÉRICA PRINCESA IZABEL,RUA PRINCESA IZABEL,83,LOTÉRICA PRINCESA IZABEL,BOA VISTA,167,CIDADE,COLISÃO TRASEIRA,COLISÃO SEM VITIMAS,2,1,,,,,,,,0,,Cruzamento,Chuvoso,Sem defeito,Perfeito estado,Seca,Perfeito estado,Faixa de pedestre,Outras,"",Única,Faixa seccionada,"",""
11514,2019-12-15T00:00:00,09:27:00,SEM VÍTIMA,FINALIZADA,IBURA,RUA JOAO CORDEIRO DE SOUZA,627,"","",RUA JOAO CORDEIRO DE SOUZA,627,"",IBURA,,"",CHOQUE VEÍCULO PARADO,COLISÃO S/VITIMAS ENTRE DOIS AUTOS,2,,,,,,,,,0,,Longo da via,Bom,Não existe,Não existente,Seca,Perfeito estado,"","","",Dupla,Não existe,"",""
11515,2019-12-15T00:00:00,11:04:00,SEM VÍTIMA,FINALIZADA,IMBIRIBEIRA,AV MARECHAL MASCARENHAS DE MORAES,"","",AO LADO DO SUPERMERCADO ASSAÍ,AV MARECHAL MASCARENHAS DE MORAES,"",AO LADO DO SUPERMERCADO ASSAÍ,IMBIRIBEIRA,,SUBURBIO,ABALROAMENTO LONGITUDINAL,COLISÃO SEM VITIMAS,1,,,,,1,,,,0,,Longo da via,Bom,Não existe,Perfeito estado,Seca,Perfeito estado,Não existe,R-6a,"",Dupla,Canteiro central,"",""
11516,2019-12-15T00:00:00,12:10:00,COM VÍTIMA,FINALIZADA,DERBY,RUA JENER DE SOUZA,"",RUA DA BAIXA VERDE,E/F AO QUARTEL DO DERBY/ PROX A PRC DO DERBY,RUA JENER DE SOUZA,"",E/F AO QUARTEL DO DERBY/ PROX A PRC DO DERBY,DERBY,,"",ABALROAMENTO TRANSVERSAL,AUTO PASSEIO X MOTO COM VÍTIMA,1,1,,,,,,,,1,,Cruzamento,Bom,Não existe,Perfeito estado,Seca,Perfeito estado,Faixa de pedestre,Não há placas,"",Dupla,Faixa seccionada,"",""
11517,2019-12-15T00:00:00,12:56:00,COM VÍTIMA,FINALIZADA,PINA,RUA MANOEL DE BRITO,"","",SOB TÚNEL DO PINA.,RUA MANOEL DE BRITO,"",SOB TÚNEL DO PINA.,PINA,,CIDADE,COLISÃO TRASEIRA,AUTO E MOTO.,1,1,,,,,,,,1,,Outros,Bom,Não existe,Perfeito estado,Seca,Perfeito estado,"",Não há placas,"",Única,Faixa,"",""
11518,2019-12-15T00:00:00,12:58:00,SEM VÍTIMA,FINALIZADA,SAN MARTIN,RUA DUARTE FILHO,105,RUA COMENDADOR FRANCO FERREIRA,"",RUA DUARTE FILHO,105,"",SAN MARTIN,,SUBURBIO,ABALROAMENTO LONGITUDINAL,ENTRE DOIS AUTOS S/V,2,,,,,,,,,0,,Cruzamento,Bom,Não existe,Incompleta,Seca,Perfeito estado,Outros,Placas Pare,30 km/h,Dupla,Não existe,"",""
11519,2019-12-15T00:00:00,13:16:00,SEM VÍTIMA,FINALIZADA,ILHA DO RETIRO,AV ENGENHEIRO ABDIAS DE CARVALHO,"","",MC DONALD'S,AV ENGENHEIRO ABDIAS DE CARVALHO,"",MC DONALD'S,ILHA DO RETIRO,355,SUBURBIO,COLISÃO TRASEIRA,ENTRE DOIS AUTOS S/V,2,,,,,,,,,0,,Longo da via,Bom,Sem defeito,Perfeito estado,Seca,Perfeito estado,Faixa de pedestre,Outras,"",Dupla,Faixa contínua,Faixa seccionada,Canteiro central
11520,2019-12-15T00:00:00,13:21:00,SEM VÍTIMA,FINALIZADA,PONTO DE PARADA,AV BEBERIBE,825,RUA COUTO MAGALHAES,"",AV BEBERIBE,825,"",PONTO DE PARADA,63,CIDADE,ABALROAMENTO LONGITUDINAL,AUTO E VEICULO DO SAMU OFICIAL,1,,,,,,1,,,0,,Cruzamento,Bom,Sem defeito,Perfeito estado,Seca,Perfeito estado,Não existe,Outras,"",Dupla,Faixa contínua,"",""
11521,2019-12-15T00:00:00,13:22:00,SEM VÍTIMA,CANCELADA,ZUMBI,RUA PARAGUASSU,"","",PROX AO COLEGIO LUBIENSKA,RUA PARAGUASSU,"",PROX AO COLEGIO LUBIENSKA,ZUMBI,,"",ENGAVETAMENTO,TRES AUTOS S/V,3,,,,,,,,,0,,"","","","","","","","","","","","",""