_id,DATA,hora,natureza_acidente,situacao,bairro,endereco,numero,detalhe_endereco_acidente,complemento,endereco_cruzamento,numero_cruzamento,referencia_cruzamento,bairro_cruzamento,num_semaforo,sentido_via,tipo,descricao,auto,moto,ciclom,ciclista,pedestre,onibus,caminhao,viatura,outros,vitimas,vitimasfatais,acidente_verificado,tempo_clima,situacao_semaforo,sinalizacao,condicao_via,conservacao_via,ponto_controle,situacao_placa,velocidade_max_via,mao_direcao,divisao_via1,divisao_via2,divisao_via3
11522,2019-12-15T00:00:00,13:30:00,SEM VÍTIMA,FINALIZADA,ILHA DO RETIRO,AV ENGENHEIRO ABDIAS DE CARVALHO,"","",MC DONALD'S,AV ENGENHEIRO ABDIAS DE CARVALHO,"",MC DONALD'S,ILHA DO RETIRO,355,SUBURBIO,COLISÃO TRASEIRA,DOIS AUTOS,2,,,,,,,,,0,,Longo da via,Bom,Sem defeito,Perfeito estado,Seca,Perfeito estado,Faixa de pedestre,Outras,"",Dupla,Faixa contínua,Faixa seccionada,Canteiro central
11523,2019-12-15T00:00:00,13:33:00,SEM VÍTIMA,FINALIZADA,BEBERIBE,PRC DA CONVENCAO,4665,"","",PRC DA CONVENCAO,4665,"",BEBERIBE,,CIDADE,ABALROAMENTO LONGITUDINAL,ONIBUS E AUTO,1,,,,,1,,,,0,,"",Bom,Não existe,Perfeito estado,Seca,Perfeito estado,"","","",Dupla,"","",""
11524,2019-12-15T00:00:00,15:20:00,COM VÍTIMA,FINALIZADA,ENCRUZILHADA,AV NORTE,"","","EM FRENTE AO EXTRABOM, SENT. RECIFE",AV NORTE,"","EM FRENTE AO EXTRABOM, SENT. RECIFE",ENCRUZILHADA,45,CIDADE,CHOQUE OBJETO FIXO,VEICULO CHOCOU-SE COM PRISMA E MOTO,1,1,,,,,,,,1,,Longo da via,Bom,Sem defeito,Perfeito estado,Seca,Perfeito estado,Faixa de pedestre,R-6a,"",Dupla,Faixa contínua,Faixa seccionada,Canteiro central
11525,2019-12-15T00:00:00,15:55:00,SEM VÍTIMA,FINALIZADA,BOA VIAGEM,RUA PADRE CARAPUCEIRO,"",RUA FRANCISCO DA CUNHA,"",RUA PADRE CARAPUCEIRO,"","",BOA VIAGEM,,SUBURBIO,ABALROAMENTO TRANSVERSAL,MOTO E AUTO,1,1,,,,,,,,0,,Cruzamento,Bom,Não existe,Incompleta,Seca,Perfeito estado,Não existe,"",40 km/h,Única,Não existe,"",""
11526,2019-12-15T00:00:00,17:24:00,SEM VÍTIMA,FINALIZADA,ESPINHEIRO,RUA DO ESPINHEIRO,"",RUA SANTO ELIAS,POSTO IPIRANGA,RUA DO ESPINHEIRO,"",POSTO IPIRANGA,ESPINHEIRO,,CIDADE,ABALROAMENTO TRANSVERSAL,ENTRE DOIS AUTOS S/V,2,,,,,,,,,0,,Cruzamento,Bom,Não existe,Perfeito estado,Seca,Perfeito estado,Faixa de pedestre,"","",Única,"","",""
11527,2019-12-15T00:00:00,18:46:00,SEM VÍTIMA,FINALIZADA,ESTÂNCIA,AV RECIFE,"","","",AV RECIFE,"","",ESTÂNCIA,261,SUBURBIO,COLISÃO TRASEIRA,COISÃO ENTRE DOIS AUTOS S/V,2,,,,,,,,,0,,Longo da via,Bom,Sem defeito,Perfeito estado,Seca,Perfeito estado,Faixa de pedestre,Não há placas,60 km/h,Única,Faixa contínua,"",""
11528,2019-12-15T00:00:00,19:45:00,SEM VÍTIMA,FINALIZADA,CASA FORTE,RUA LEONARDO BEZERRA CAVALCANTE,855,"",EM FRENTE AO Nº 855 AO LADO DA PRAÇA JORNAL DO COMERCIO,RUA LEONARDO BEZERRA CAVALCANTE,855,EM FRENTE AO Nº 855 AO LADO DA PRAÇA JORNAL DO COMERCIO,CASA FORTE,346,SUBURBIO,COLISÃO TRASEIRA,PRISMA X FIAT ARGO,2,,,,,,,,,0,,Longo da via,Bom,Sem defeito,Perfeito estado,Seca,Perfeito estado,Faixa de pedestre,"",40 km/h,Dupla,Faixa contínua,"",""
11529,2019-12-15T00:00:00,21:08:00,SEM VÍTIMA,CANCELADA,IBURA,AV DOIS RIOS,"",RUA RIO XINGU,EM FRENTE AO POSTO DE GASOLINA BR,AV DOIS RIOS,"",EM FRENTE AO POSTO DE GASOLINA BR,IBURA,,"",COLISÃO,COLISÃO ENTRE DOIS AUTOS S/V,2,,,,,,,,,0,,"","","","","","","","","","","","",""
11530,2019-12-15T00:00:00,21:36:00,COM VÍTIMA,FINALIZADA,ARRUDA,RUA PROFESSOR JERONIMO GUEIROS,"",RUA MEM DE SA,CRUZAMENTO COM A RUA MEN DE SÁ / PROX AO CANAL DO ARRUDA,RUA PROFESSOR JERONIMO GUEIROS,"",CRUZAMENTO COM A RUA MEN DE SÁ / PROX AO CANAL DO ARRUDA,ARRUDA,495,SUBURBIO,COLISÃO FRONTAL,GOL X PALIO,2,,,,,,,,,1,,Longo da via,Bom,Sem defeito,Não existente,Seca,Mal iluminada,Não existe,Não há placas,"",Dupla,Não existe,"",""
11531,2019-12-16T00:00:00,00:36:00,SEM VÍTIMA,CANCELADA,IPUTINGA,AV HISTORIAD JORDAO EMERENCIANO,"","",PRÓX AO ATACADÃO // EM FRENTE A DIUNOR,AV HISTORIAD JORDAO EMERENCIANO,"",PRÓX AO ATACADÃO // EM FRENTE A DIUNOR,IPUTINGA,,"",COLISÃO,"COLISÃO ENTRE AUTO E MOTO, SEM VÍTIMAS",1,1,,,,,,,,0,,"","","","","","","","","","","","",""
11532,2019-12-16T00:00:00,05:50:00,SEM VÍTIMA,FINALIZADA,IMBIRIBEIRA,AV MARECHAL MASCARENHAS DE MORAES,"","",EM FRENTE AO GERALDÃO,AV MARECHAL MASCARENHAS DE MORAES,"",EM FRENTE AO GERALDÃO,IMBIRIBEIRA,,CIDADE,COLISÃO TRASEIRA,COLISÃO ENTRE DOIS AUTOS S/V,2,,,,,,,,,0,,Longo da via,Bom,Sem defeito,Perfeito estado,Seca,Perfeito estado,Faixa de pedestre,Não há placas,"",Dupla,Canteiro central,"",""
11533,2019-12-16T00:00:00,05:53:00,SEM VÍTIMA,FINALIZADA,TORRE,"","","",ESCOLA ESTADUAL MACIEL PINHEIRO,"","",ESCOLA ESTADUAL MACIEL PINHEIRO,TORRE,409,SUBURBIO,ABALROAMENTO TRANSVERSAL,"COLISÃO ENTRE DOIS AUTOS, SEM VÍTIMAS",2,,,,,,,,,0,,Longo da via,Chuvoso,Sem defeito,Perfeito estado,Molhada,Perfeito estado,Faixa de pedestre,Não há placas,"",Única,Faixa contínua,"",""
11534,2019-12-16T00:00:00,06:18:00,SEM VÍTIMA,FINALIZADA,CAXANGÁ,AV PROFESSOR ESTEVAO FRANCISCO DA COSTA,"","",LADO OPOSTO GETÚLIO VARGAS,AV PROFESSOR ESTEVAO FRANCISCO DA COSTA,"",LADO OPOSTO GETÚLIO VARGAS,CAXANGÁ,,CIDADE,COLISÃO TRASEIRA,DOIS AUTOS,2,,,,,,,,,0,,Longo da via,Chuvoso,Sem defeito,Perfeito estado,Molhada,Perfeito estado,Faixa de pedestre,Outras,"",Única,Não existe,"",""
11535,2019-12-16T00:00:00,06:18:00,SEM VÍTIMA,FINALIZADA,SANTO AMARO,AV CRUZ CABUGA,859,"",CEMITERIO DOS INGLESES,AV CRUZ CABUGA,859,CEMITERIO DOS INGLESES,SANTO AMARO,34,CIDADE,ABALROAMENTO LONGITUDINAL,COLISÃO SEM VITIMAS,1,,,,,1,,,,0,,Longo da via,Chuvoso,Sem defeito,Perfeito estado,Molhada,Perfeito estado,Agente,Não há placas,60 km/h,Dupla,Faixa contínua,"",""
11536,2019-12-16T00:00:00,06:54:00,VÍTIMA FATAL,FINALIZADA,IPSEP,AV RECIFE,3021,"",LADO OPOSTO AO POSTO FEDERAL - PROXIMO AO ANTIGO BOMPREÇO,AV RECIFE,3021,LADO OPOSTO AO POSTO FEDERAL - PROXIMO AO ANTIGO BOMPREÇO,IPSEP,,SUBURBIO,COLISÃO COM CICLISTA,COLISÃO 2 AUTOS + BICICLETA - C/VITIMA,2,,,1,,,,,,3,1,Longo da via,Bom,Não existe,Perfeito estado,Seca,Perfeito estado,Não existe,Não há placas,"",Dupla,Canteiro central,"",""
11537,2019-12-16T00:00:00,07:17:00,COM VÍTIMA,FINALIZADA,BOA VIAGEM,AV ENGENHEIRO DOMINGOS FERREIRA,"",RUA PADRE CARAPUCEIRO,EM FRENTE A FAMARCIA DO TRABALHADOR E SORVETES FRI-SABOR,AV ENGENHEIRO DOMINGOS FERREIRA,"",EM FRENTE A FAMARCIA DO TRABALHADOR E SORVETES FRI-SABOR,BOA VIAGEM,216,SUBURBIO,ABALROAMENTO TRANSVERSAL,VÍTIMA SOCORRIDO POR FAMILIARES PARA A UPA,1,1,,,,,,,,1,,Cruzamento,Chuvoso,Sem defeito,Perfeito estado,Molhada,Perfeito estado,Faixa de pedestre,Não há placas,60 km/h,Única,Canteiro central,"",""
11538,2019-12-16T00:00:00,07:22:00,COM VÍTIMA,CANCELADA,SAN MARTIN,AV GENERAL SAN MARTIN,2456,"",AO LADO DO COLEGIO ADVENTISTA,AV GENERAL SAN MARTIN,2456,AO LADO DO COLEGIO ADVENTISTA,SAN MARTIN,,AV RECIFE,COLISÃO,COM UMA VITIMA AGUARDANDO,1,1,,,,,,,,1,,"","","","","","","","","","","","",""
11539,2019-12-16T00:00:00,07:33:00,SEM VÍTIMA,FINALIZADA,SANTO AMARO,AV GOVERNADOR AGAMENON MAGALHAES,"","",EM FRENTE AO ECO ESTAÇÃO,AV GOVERNADOR AGAMENON MAGALHAES,"",EM FRENTE AO ECO ESTAÇÃO,SANTO AMARO,49,CIDADE,ABALROAMENTO LONGITUDINAL,SEM VITIMAS,2,2,,,,,,,,0,,Longo da via,Bom,Sem defeito,Perfeito estado,Seca,Perfeito estado,Faixa de pedestre,Não há placas,60 km/h,Única,Faixa seccionada,"",""
11540,2019-12-16T00:00:00,07:44:00,SEM VÍTIMA,FINALIZADA,TORRE,RUA REAL DA TORRE,"",RUA VISCONDE DE ITAPARICA,AO LADO DA ESCOLA DESPERTAR,RUA REAL DA TORRE,"",AO LADO DA ESCOLA DESPERTAR,TORRE,,"",ABALROAMENTO LONGITUDINAL,COLISÃO S/VITIMAS ENTRE DOIS AUTOS,2,,,,,,,,,0,,Cruzamento,Chuvoso,Não existe,Não existente,Molhada,Mal conservada,Não existe,Não há placas,"",Única,Não existe,"",""
11541,2019-12-16T00:00:00,07:44:00,SEM VÍTIMA,FINALIZADA,ROSARINHO,AV NORTE,"",RUA TREZE DE JUNHO,"",AV NORTE,"","",ROSARINHO,456,SUBURBIO,ABALROAMENTO LONGITUDINAL,SEM VITIMAS,1,,,,,1,,,,0,,Cruzamento,Chuvoso,Sem defeito,Perfeito estado,Molhada,Perfeito estado,Faixa de pedestre,R-6a,60 km/h,Única,Faixa contínua,"",""
11542,2019-12-16T00:00:00,07:57:00,SEM VÍTIMA,FINALIZADA,GRAÇAS,RUA ALBERTO PAIVA,"","",POR TRÁS DO NÚMERO 965 - CONCESSIONÁRIA PEDRAGON,RUA ALBERTO PAIVA,"",POR TRÁS DO NÚMERO 965 - CONCESSIONÁRIA PEDRAGON,GRAÇAS,,"",CHOQUE OBJETO FIXO,CONDUTORA CHOCOU SE CONTRA ARVORE,1,,,,,,,,,0,,"",Chuvoso,Não existe,Perfeito estado,Molhada,Perfeito estado,Não existe,R-6a,40 km/h,Única,Faixa contínua,"",""
11543,2019-12-16T00:00:00,07:58:00,COM VÍTIMA,FINALIZADA,ILHA DO LEITE,AV FREI MATIAS TEVES,"","",AO LADO DO HOSPITAL ALBERTO SABIN,AV FREI MATIAS TEVES,"",AO LADO DO HOSPITAL ALBERTO SABIN,ILHA DO LEITE,,"",CHOQUE OBJETO FIXO,MOTORISTA CHOCOU-SE COM UM POSTE,1,,,,,,,,,1,,Longo da via,Bom,Não existe,Perfeito estado,Seca,Perfeito estado,Faixa de pedestre,R-6a,30 km/h,Única,Faixa seccionada,"",""
11544,2019-12-16T00:00:00,08:50:00,SEM VÍTIMA,FINALIZADA,IMBIRIBEIRA,RUA PRESIDENTE NILO PECANHA,"","","",RUA PRESIDENTE NILO PECANHA,"","",IMBIRIBEIRA,,"",ABALROAMENTO LONGITUDINAL,COLISÃO S/VITIMAS ENTRE UM AUTO E UMA MOTO,1,1,,,,,,,,0,,Cruzamento,Chuvoso,Não existe,"",Molhada,Mal conservada,Outros,Outras,30 km/h,Única,Não existe,"",""
11545,2019-12-16T00:00:00,09:00:00,COM VÍTIMA,FINALIZADA,ESPINHEIRO,RUA SANTO ELIAS,38,"",PROX. AO POSTO DE GASOLINA PORTELA. EM FRENTE A ORTTA SALADERIA.,RUA SANTO ELIAS,38,PROX. AO POSTO DE GASOLINA PORTELA. EM FRENTE A ORTTA SALADERIA.,ESPINHEIRO,,SUBURBIO,COLISÃO FRONTAL,MOTO E AUTO,1,1,,,,,,,,2,,Longo da via,Chuvoso,Não existe,Incompleta,Molhada,Mal conservada,Não existe,R-6a,30 km/h,Dupla,Não existe,"",""
11546,2019-12-16T00:00:00,09:01:00,SEM VÍTIMA,FINALIZADA,BOA VIAGEM,AV FERNANDO SIMOES BARBOSA,"",RUA RIBEIRO DE BRITO,"",AV FERNANDO SIMOES BARBOSA,"","",BOA VIAGEM,332,SUBURBIO,ABALROAMENTO LONGITUDINAL,COLISÃO S/VITIMAS ENTRE UM CAMINHAO E UM AUTO,1,,,,,,1,,,0,,Longo da via,Bom,Sem defeito,Perfeito estado,Seca,Perfeito estado,Faixa de pedestre,R-6a,"",Única,Faixa contínua,"",""
11547,2019-12-16T00:00:00,09:25:00,COM VÍTIMA,DUPLICIDADE,IPSEP,AV RECIFE,"","",EM FRENTE AO POSTO DE GASOLINA FEDERAL,AV RECIFE,"",EM FRENTE AO POSTO DE GASOLINA FEDERAL,IPSEP,,"",COLISÃO COM CICLISTA,COLISÃO COM VITIMAS SOCORRIDAS PELO SAMU,,,,,,,,,,,,"","","","","","","","","","","","",""
11548,2019-12-16T00:00:00,09:40:00,SEM VÍTIMA,FINALIZADA,BOA VIAGEM,RUA RIBEIRO DE BRITO,465,RUA AMALIA BERNARDINO DE SOUZA,POSTO PETROBRAS,RUA RIBEIRO DE BRITO,465,POSTO PETROBRAS,BOA VIAGEM,,CIDADE,ABALROAMENTO TRANSVERSAL,COLISÃO SEM VITIMAS,2,,,,,,,,,0,,Cruzamento,Bom,Não existe,Não existente,Seca,Perfeito estado,Não existe,Não há placas,"",Única,Faixa seccionada,"",""
11549,2019-12-16T00:00:00,09:50:00,SEM VÍTIMA,FINALIZADA,CASA FORTE,AV DEZESSETE DE AGOSTO,"","",PRAÇA DE CASA FORTE,AV DEZESSETE DE AGOSTO,"",PRAÇA DE CASA FORTE,CASA FORTE,,CIDADE,ABALROAMENTO LONGITUDINAL,COLISÃO SEM VITIMAS,1,,,,,1,,,,0,,Longo da via,Bom,Sem defeito,Perfeito estado,Seca,Perfeito estado,"","","",Dupla,Faixa contínua,"",""
11550,2019-12-16T00:00:00,10:06:00,SEM VÍTIMA,FINALIZADA,DOIS IRMÃOS,RUA DOIS IRMAOS,"","",E/F AO LAFEPE,RUA DOIS IRMAOS,"",E/F AO LAFEPE,DOIS IRMÃOS,,"",COLISÃO TRASEIRA,COLISÃO S/VITIMAS ENTRE DOIS AUTOS,2,,,,,,,,,0,,Longo da via,Bom,Sem defeito,Perfeito estado,Seca,Perfeito estado,Faixa de pedestre,Não há placas,"",Dupla,Faixa contínua,"",""
11551,2019-12-16T00:00:00,11:19:00,SEM VÍTIMA,CANCELADA,SÃO JOSÉ,RUA IMPERIAL,1600,"",EM FRENTE A JUCEPE,RUA IMPERIAL,1600,EM FRENTE A JUCEPE,SÃO JOSÉ,,"",COLISÃO,SEM VITIMAS,2,,,,,,,,,0,,"","","","","","","","","","","","",""
11552,2019-12-16T00:00:00,11:28:00,SEM VÍTIMA,FINALIZADA,BOA VIAGEM,RUA RIO AZUL,"",RUA DEZ DE JULHO,AO LADO DO VAREJÃO DO CÔCO,RUA RIO AZUL,"",AO LADO DO VAREJÃO DO CÔCO,BOA VIAGEM,437,CIDADE,COLISÃO TRASEIRA,SEM VITIMAS,2,,,,,,,,,0,,Longo da via,Bom,Sem defeito,Perfeito estado,Seca,Perfeito estado,Agente,Não há placas,40 km/h,Única,Faixa contínua,"",""
11553,2019-12-16T00:00:00,11:34:00,SEM VÍTIMA,CANCELADA,PINA,AV ANTONIO DE GOES,534,"",E/F A SULAMÉRICA,AV ANTONIO DE GOES,534,E/F A SULAMÉRICA,PINA,,"",COLISÃO,COLISÃO S/VITIMAS ENTRE UMA MOTO E UM AUTO,1,1,,,,,,,,0,,"","","","","","","","","","","","",""
11554,2019-12-16T00:00:00,12:39:00,SEM VÍTIMA,FINALIZADA,BOA VIAGEM,AV ENGENHEIRO DOMINGOS FERREIRA,"","",LADO OPOSTO AO Nº 1967,AV ENGENHEIRO DOMINGOS FERREIRA,"",LADO OPOSTO AO Nº 1967,BOA VIAGEM,,SUBURBIO,ABALROAMENTO LONGITUDINAL,COLISAO ENTRE ONIBUS E AUTOS S/V,1,,,,,1,,,,0,,Longo da via,Bom,"",Perfeito estado,Seca,Perfeito estado,Não existe,"","",Única,Canteiro central,"",""
11555,2019-12-16T00:00:00,12:42:00,COM VÍTIMA,FINALIZADA,TAMARINEIRA,RUA CONEGO BARATA,"","",EM FRENTE A FERREIRA COSTA,RUA CONEGO BARATA,"",EM FRENTE A FERREIRA COSTA,TAMARINEIRA,,SUBURBIO,ATROPELAMENTO,GM INFORMOU QUE: O CONDUTOR DO VEICULO PASSOU POR CIMA DA SENHORA E SE EVADIU DO LOCAL ...,1,,,,1,,,,,1,,Longo da via,Bom,Não existe,Perfeito estado,Seca,Perfeito estado,Não existe,R-6a,50 km/h,Dupla,Canteiro central,"",""
11556,2019-12-16T00:00:00,13:03:00,SEM VÍTIMA,FINALIZADA,ESPINHEIRO,AV JOAO DE BARROS,"",RUA DA HORA,POSTO SHELL,AV JOAO DE BARROS,"",POSTO SHELL,ESPINHEIRO,656,SUBURBIO,COLISÃO TRASEIRA,COLISÃOS SEM VITIMA,2,,,,,,,,,0,,Cruzamento,Bom,Sem defeito,Incompleta,Seca,Perfeito estado,Faixa de pedestre,R-6a,"",Única,Não existe,"",""
11557,2019-12-16T00:00:00,14:16:00,SEM VÍTIMA,FINALIZADA,BOA VISTA,RUA DA AURORA,"","",EM FRENTE AO Nº 101,RUA DA AURORA,"",EM FRENTE AO Nº 101,BOA VISTA,,CIDADE,ABALROAMENTO LONGITUDINAL,COLISÃO SEM VITIMA,2,1,,,,,,,,0,,Longo da via,Bom,Não existe,Incompleta,Seca,Mal conservada,Agente,Outras,"",Única,Faixa contínua,Faixa seccionada,""
11558,2019-12-16T00:00:00,14:32:00,SEM VÍTIMA,FINALIZADA,AFOGADOS,EST DOS REMEDIOS,1955,"",L.O CHURRASCARIA PONTO DO GAÚCHO,EST DOS REMEDIOS,1955,L.O CHURRASCARIA PONTO DO GAÚCHO,AFOGADOS,,CIDADE,ABALROAMENTO LONGITUDINAL,COLISAO ENTRE ONIBUS E DOIS AUTOS S?V,1,,,,,1,,,,0,,Longo da via,Bom,Não existe,Perfeito estado,Seca,"",Não existe,R-6a,"",Única,Faixa contínua,"",""
11559,2019-12-16T00:00:00,14:46:00,SEM VÍTIMA,FINALIZADA,TORRÕES,EST DO FORTE DO ARRAIAL N. DO B. JESUS,1668,"",EM FRENTE AO SEMÁFORO Nº 375,EST DO FORTE DO ARRAIAL N. DO B. JESUS,1668,EM FRENTE AO SEMÁFORO Nº 375,TORRÕES,375,"",COLISÃO TRASEIRA,COLISÃO SEM VITIMA,2,,,,,,,,,0,,Longo da via,Bom,Sem defeito,Incompleta,Seca,Perfeito estado,Faixa de pedestre,Não há placas,"",Única,Não existe,"",""
11560,2019-12-16T00:00:00,14:48:00,SEM VÍTIMA,FINALIZADA,AFOGADOS,RUA SAO MIGUEL,"",RUA MANOEL DE ALBUQUERQUE FERNANDES,BAR DO BODE,RUA SAO MIGUEL,"",BAR DO BODE,AFOGADOS,392,"",ABALROAMENTO TRANSVERSAL,COLISAO ENTRE AUTO E MOTO S/V,1,1,,,,,,,,0,,Cruzamento,Bom,Sem defeito,Perfeito estado,Seca,Perfeito estado,Não existe,Outras,"",Dupla,Faixa contínua,Faixa seccionada,""
11561,2019-12-16T00:00:00,15:19:00,SEM VÍTIMA,FINALIZADA,BAIRRO DO RECIFE,RUA JOAQUIM FELIPE,"","",CELPE,RUA JOAQUIM FELIPE,"",CELPE,BAIRRO DO RECIFE,365,CIDADE,COLISÃO TRASEIRA,COLISAO ENTRE DOIS AUTOS S/V,2,,,,,,,,,0,,Longo da via,Bom,Sem defeito,Perfeito estado,Seca,Perfeito estado,Não existe,Não há placas,"",Única,Faixa seccionada,"",""
11562,2019-12-16T00:00:00,15:41:00,SEM VÍTIMA,CANCELADA,VÁRZEA,AV PROFESSOR ARTUR DE SA,"","",E/F AO CEMITERIO DA VARZEA,AV PROFESSOR ARTUR DE SA,"",E/F AO CEMITERIO DA VARZEA,VÁRZEA,,"",COLISÃO COM CICLISTA,COLISAO ENTRE AUTO E CICLISTA,1,,,1,,,,,,0,,"","","","","","","","","","","","",""
11563,2019-12-16T00:00:00,15:57:00,SEM VÍTIMA,FINALIZADA,ILHA DO RETIRO,AV GOVERNADOR AGAMENON MAGALHAES,"",RUA PAISSANDU,"",AV GOVERNADOR AGAMENON MAGALHAES,"","",ILHA DO RETIRO,69,SUBURBIO,ABALROAMENTO LONGITUDINAL,COLISÃO SEM VITIMA,1,,,,,1,,,,0,,Cruzamento,Bom,Sem defeito,Perfeito estado,Seca,Perfeito estado,Faixa de pedestre,"",60 km/h,Dupla,Faixa seccionada,"",""
11564,2019-12-16T00:00:00,16:04:00,SEM VÍTIMA,FINALIZADA,SANTO AMARO,RUA DO HOSPICIO,"","",EM FRENTE AO COLÉGIO SIGISMUNDO SILVEIRA,RUA DO HOSPICIO,"",EM FRENTE AO COLÉGIO SIGISMUNDO SILVEIRA,SANTO AMARO,171,"",COLISÃO TRASEIRA,COLISÃO SEM VITIMA,1,,,,,1,,,,0,,Longo da via,Bom,Sem defeito,Perfeito estado,Seca,Perfeito estado,Faixa de pedestre,Outras,"",Dupla,Faixa seccionada,"",""
11565,2019-12-16T00:00:00,16:35:00,SEM VÍTIMA,FINALIZADA,PARNAMIRIM,AV PARNAMIRIM,448,"",EM FRENTE A GALERIA PARNAMIRIM CENTER,AV PARNAMIRIM,448,EM FRENTE A GALERIA PARNAMIRIM CENTER,PARNAMIRIM,,CIDADE,COLISÃO TRASEIRA,COLISÃO SEM VITIMA,2,,,,,,,,,0,,Longo da via,Bom,Não existe,Perfeito estado,Seca,Perfeito estado,"",Outras,40 km/h,Única,Faixa seccionada,"",""
11566,2019-12-16T00:00:00,16:53:00,SEM VÍTIMA,FINALIZADA,SANTO ANTÔNIO,C SANTA RITA,695,"",CONDOMÍNIO MAURÍCIO DE NASSAU,C SANTA RITA,695,CONDOMÍNIO MAURÍCIO DE NASSAU,SANTO ANTÔNIO,,CIDADE,ABALROAMENTO LONGITUDINAL,COLISÃO SEM VITIMA,1,,,,,1,,,,0,,Longo da via,Bom,Não existe,Não existente,Seca,Perfeito estado,Não existe,Não há placas,60 km/h,Dupla,Canteiro central,"",""
11567,2019-12-16T00:00:00,17:13:00,COM VÍTIMA,FINALIZADA,SÃO JOSÉ,AV SUL,783,"",EM FRENTE A ACRI SUL E PROXIMO AO GALPÃO DO GALO. EM FRENTE A CRIS HOTEL.,AV SUL,783,EM FRENTE A ACRI SUL E PROXIMO AO GALPÃO DO GALO. EM FRENTE A CRIS HOTEL.,SÃO JOSÉ,,SUBURBIO,COLISÃO COM CICLISTA,COLISÃO ENTRE ÔNIBUS E BICICLETA.,,,,1,,1,,,,1,,Longo da via,Bom,Não existe,Perfeito estado,Seca,Perfeito estado,Não existe,Não há placas,"",Dupla,Canteiro central,"",""
11568,2019-12-16T00:00:00,17:23:00,SEM VÍTIMA,FINALIZADA,ILHA DO RETIRO,RUA ASTORGA,436,RUA COMENDADOR BENTO AGUIAR,CRUZAMENTO,RUA ASTORGA,436,CRUZAMENTO,ILHA DO RETIRO,,"",ABALROAMENTO TRANSVERSAL,COLISAO ENTRE DOIS AUTOS S/V,2,,,,,,,,,0,,Cruzamento,Bom,Não existe,Não existente,Seca,Perfeito estado,Não existe,Não há placas,"",Dupla,Não existe,"",""
11569,2019-12-16T00:00:00,18:30:00,COM VÍTIMA,FINALIZADA,BOA VISTA,RUA DO HOSPICIO,"",RUA PRINCESA IZABEL,CÂMARA MUNICIPAL DO RECIFE,RUA DO HOSPICIO,"",CÂMARA MUNICIPAL DO RECIFE,BOA VISTA,31,CIDADE,ATROPELAMENTO,ATROPELAMENTO COM CHOQUE,1,1,,,1,,,,,1,,Cruzamento,Bom,Sem defeito,Incompleta,Seca,Perfeito estado,Agente,Não há placas,"",Dupla,Faixa contínua,"",""
11570,2019-12-16T00:00:00,18:43:00,COM VÍTIMA,FINALIZADA,IMBIRIBEIRA,RUA JACY,"",RUA JOAQUIM BANDEIRA,PROX A UNIBLOCO ALINHAMENTO TÉCNICO. POR TRÁS DA MITSUBISHI.,RUA JACY,"",PROX A UNIBLOCO ALINHAMENTO TÉCNICO. POR TRÁS DA MITSUBISHI.,IMBIRIBEIRA,,SUBURBIO,ABALROAMENTO LONGITUDINAL,MOTO X ONIBUS COM VÍTIMA,,1,,,,1,,,,1,,Longo da via,Bom,Não existe,Perfeito estado,Seca,Perfeito estado,Não existe,Não há placas,"",Única,Não existe,"",""
11571,2019-12-16T00:00:00,18:52:00,SEM VÍTIMA,FINALIZADA,ESPINHEIRO,AV GOVERNADOR AGAMENON MAGALHAES,"","",EM FRENTE A DELEGACIA DA RECEITA FEDERAL DO BRASIL,AV GOVERNADOR AGAMENON MAGALHAES,"",EM FRENTE A DELEGACIA DA RECEITA FEDERAL DO BRASIL,ESPINHEIRO,,"",COLISÃO TRASEIRA,VIATURA DA PM X AUTO PASSEIO S/V,2,,,,,,,,,0,,Longo da via,Bom,Sem defeito,Perfeito estado,Seca,Perfeito estado,Não existe,Não há placas,60 km/h,Dupla,Faixa seccionada,"",""
11572,2019-12-16T00:00:00,18:55:00,SEM VÍTIMA,CANCELADA,CABANGA,RUA COMANDANTE ANTONIO MANHAES DE MATTOS,"",AV SATURNINO DE BRITO,E/F A COMPESA,RUA COMANDANTE ANTONIO MANHAES DE MATTOS,"",E/F A COMPESA,CABANGA,,"",COLISÃO,AUTO PASSEIO X CAMINHÃO,1,,,,,1,,,,0,,"","","","","","","","","","","","",""
11573,2019-12-16T00:00:00,19:16:00,SEM VÍTIMA,FINALIZADA,BOA VISTA,RUA DOM BOSCO,"","",SOB O SEMÁFORO Nº 027,RUA DOM BOSCO,"",SOB O SEMÁFORO Nº 027,BOA VISTA,27,SUBURBIO,ABALROAMENTO LONGITUDINAL,"ENTRE DOIS AUTOS S/V (OUTRA PARTE SE EVADIU, MAS GCM CONÇEIÇÃO PRESENCIOU A SITUAÇÃO)",2,,,,,,,,,0,,Cruzamento,Bom,Sem defeito,Perfeito estado,Seca,Perfeito estado,"","",40 km/h,Única,Faixa contínua,"",""
11574,2019-12-16T00:00:00,19:43:00,COM VÍTIMA,FINALIZADA,AFOGADOS,RUA SAO MIGUEL,1758,"",LADO OPOSTO AO ATACAREJO SHOP.,RUA SAO MIGUEL,1758,LADO OPOSTO AO ATACAREJO SHOP.,AFOGADOS,,CIDADE,COLISÃO TRASEIRA,ENTRE AUTO PASSEIO X MOTO COM VÍTIMA,1,1,,,,,,,,1,,Longo da via,Bom,Não existe,Perfeito estado,Seca,Perfeito estado,Não existe,Não há placas,"",Dupla,Faixa contínua,Faixa seccionada,""