_id,DATA,hora,natureza_acidente,situacao,bairro,endereco,numero,detalhe_endereco_acidente,complemento,endereco_cruzamento,numero_cruzamento,referencia_cruzamento,bairro_cruzamento,num_semaforo,sentido_via,tipo,descricao,auto,moto,ciclom,ciclista,pedestre,onibus,caminhao,viatura,outros,vitimas,vitimasfatais,acidente_verificado,tempo_clima,situacao_semaforo,sinalizacao,condicao_via,conservacao_via,ponto_controle,situacao_placa,velocidade_max_via,mao_direcao,divisao_via1,divisao_via2,divisao_via3
11575,2019-12-16T00:00:00,20:00:00,COM VÍTIMA,FINALIZADA,SÃO JOSÉ,RUA DOS COELHOS,"","",E/F AO IMIP,RUA DOS COELHOS,"",E/F AO IMIP,SÃO JOSÉ,359,CIDADE,ABALROAMENTO LONGITUDINAL,ENTRE AUTO PASSEIO X MOTO COM VÍTIMA,1,1,,,,,,,,1,,Longo da via,Bom,Sem defeito,Perfeito estado,Seca,Perfeito estado,Faixa de pedestre,Não há placas,"",Dupla,Faixa contínua,"",""
11576,2019-12-16T00:00:00,20:12:00,SEM VÍTIMA,FINALIZADA,ILHA DO LEITE,AV GOVERNADOR AGAMENON MAGALHAES,"","",CAIXA ECONÔMICA AG. ILHA DO LEITE,AV GOVERNADOR AGAMENON MAGALHAES,"",CAIXA ECONÔMICA AG. ILHA DO LEITE,ILHA DO LEITE,,"",COLISÃO FRONTAL,ENTRE DOIS AUTOS S/V,2,,,,,,,,,0,,Longo da via,Bom,Sem defeito,Perfeito estado,Seca,Perfeito estado,Não existe,Não há placas,60 km/h,Dupla,Faixa seccionada,"",""
11577,2019-12-16T00:00:00,20:16:00,COM VÍTIMA,FINALIZADA,IPUTINGA,EST DO BARBALHO,"","",AO LADO DO DETRAN,EST DO BARBALHO,"",AO LADO DO DETRAN,IPUTINGA,,CIDADE,COLISÃO COM CICLISTA,MOTO X CICLISTA COM VÍTIMA,,1,,1,,,,,,3,,Longo da via,Bom,Não existe,Incompleta,Seca,Perfeito estado,Não existe,R-6a,"",Dupla,Não existe,"",""
11578,2019-12-16T00:00:00,21:38:00,SEM VÍTIMA,FINALIZADA,IMBIRIBEIRA,VIADUTO TANCREDO NEVES,"","",TERMINAL INTEGRADO TANCREDO NEVES,VIADUTO TANCREDO NEVES,"",TERMINAL INTEGRADO TANCREDO NEVES,IMBIRIBEIRA,,SUBURBIO,COLISÃO TRASEIRA,ENTRE DOIS AUTOS S/V,2,,,,,,,,,0,,Viaduto,Chuvoso,Não existe,Perfeito estado,Molhada,Perfeito estado,Não existe,Não há placas,"",Dupla,"","",""
11579,2019-12-17T00:00:00,03:36:00,SEM VÍTIMA,FINALIZADA,MADALENA,AV ENGENHEIRO ABDIAS DE CARVALHO,"",RUA JOAO IVO DA SILVA,SEMÁFORO 132,AV ENGENHEIRO ABDIAS DE CARVALHO,"",SEMÁFORO 132,MADALENA,132,SUBURBIO,ABALROAMENTO TRANSVERSAL,COLISÃO ENTRE DOIS AUTOS S/V,2,,,,,,,,,0,,Cruzamento,Bom,Sem defeito,Perfeito estado,Seca,Perfeito estado,Faixa de pedestre,Outras,"",Dupla,Canteiro central,"",""
11580,2019-12-17T00:00:00,06:57:00,SEM VÍTIMA,EM ABERTO,BOA VIAGEM,AV ENGENHEIRO DOMINGOS FERREIRA,"",RUA PADRE CARAPUCEIRO,SORVETES FRI SABOR,AV ENGENHEIRO DOMINGOS FERREIRA,"",SORVETES FRI SABOR,BOA VIAGEM,216,SUBURBIO,ABALROAMENTO LONGITUDINAL,"",1,,,,,,,,1,0,,Cruzamento,Bom,Sem defeito,Perfeito estado,Seca,Perfeito estado,Faixa de pedestre,Não há placas,60 km/h,Única,Canteiro central,"",""
11581,2019-12-17T00:00:00,07:28:00,COM VÍTIMA,FINALIZADA,IPSEP,RUA CACHOEIRA,10,RUA JAMAICA,EM FRENTE A FACULDADE DE BOA VIAGEM E A OFICINA CENTRO AUTOMOTIVO MECANICA E GERAL,RUA CACHOEIRA,10,EM FRENTE A FACULDADE DE BOA VIAGEM E A OFICINA CENTRO AUTOMOTIVO MECANICA E GERAL,IPSEP,,CIDADE,ABALROAMENTO TRANSVERSAL,AUTO E MOTO.,1,1,,,,,,,,1,,Cruzamento,Bom,Não existe,Perfeito estado,Seca,Perfeito estado,Não existe,Não há placas,"",Única,Faixa seccionada,"",""
11582,2019-12-17T00:00:00,09:12:00,SEM VÍTIMA,FINALIZADA,SANTO AMARO,AV GOVERNADOR AGAMENON MAGALHAES,"","",AO LADO DO EDF. GARAGEM DO SHOPPING TACARUNA,AV GOVERNADOR AGAMENON MAGALHAES,"",AO LADO DO EDF. GARAGEM DO SHOPPING TACARUNA,SANTO AMARO,,SUBURBIO,COLISÃO TRASEIRA,COLISÃO SEM VITIMAS,2,,,,,,1,,,0,,Longo da via,Bom,Não existe,Perfeito estado,Seca,Perfeito estado,Não existe,Outras,60 km/h,Dupla,Canteiro central,"",""
11583,2019-12-17T00:00:00,09:22:00,SEM VÍTIMA,FINALIZADA,MADALENA,RUA BENFICA,"",AV JOSE GONCALVES DE MEDEIROS,LADO OPOSTO A OFICINA MAX TROC,RUA BENFICA,"",LADO OPOSTO A OFICINA MAX TROC,MADALENA,,"",ABALROAMENTO LONGITUDINAL,COLISAO S/VITIMA DOIS AUTOS,2,,,,,,,,,0,,Longo da via,Bom,Não existe,Não existente,Seca,Perfeito estado,Não existe,Não há placas,60 km/h,Dupla,"","",""
11584,2019-12-17T00:00:00,09:35:00,SEM VÍTIMA,CANCELADA,BOA VIAGEM,RUA VISCONDE DE JEQUITINHONHA,"",RUA BARAO DE SOUZA LEAO,EM FRENTE AO HOSPITAL NOSSA SENHORA DAS GRAÇAS,RUA VISCONDE DE JEQUITINHONHA,"",EM FRENTE AO HOSPITAL NOSSA SENHORA DAS GRAÇAS,BOA VIAGEM,129,"",COLISÃO,ONIBUS E MOTO,,1,,,,1,,,,0,,"","","","","","","","","","","","",""
11585,2019-12-17T00:00:00,09:37:00,SEM VÍTIMA,FINALIZADA,IMBIRIBEIRA,AV MARECHAL MASCARENHAS DE MORAES,"","",SOB O SEMÁFORO 386,AV MARECHAL MASCARENHAS DE MORAES,"",SOB O SEMÁFORO 386,IMBIRIBEIRA,386,SUBURBIO,COLISÃO TRASEIRA,COLISÃO SEM VITIMAS,2,,,,,,,,,0,,Longo da via,Bom,Sem defeito,Perfeito estado,Seca,Perfeito estado,"","",60 km/h,Dupla,Canteiro central,"",""
11586,2019-12-17T00:00:00,09:53:00,SEM VÍTIMA,CANCELADA,ÁGUA FRIA,RUA SAO BENTO,195,"",PROX A IGREJA DE PEDRA/ NA RUA DO POSTO QUEIMADO,RUA SAO BENTO,195,PROX A IGREJA DE PEDRA/ NA RUA DO POSTO QUEIMADO,ÁGUA FRIA,,"",COLISÃO,COLISÃO S/ VITIMA. ENTRE UM AUTO E UMA MOTO,1,1,,,,,,,,0,,"","","","","","","","","","","","",""
11587,2019-12-17T00:00:00,09:53:00,COM VÍTIMA,FINALIZADA,IMBIRIBEIRA,AV ENGENHEIRO ALVES DE SOUZA,"",RUA ARQUITETO LUIZ NUNES,FARMÁCIA DROGASIL,AV ENGENHEIRO ALVES DE SOUZA,"",FARMÁCIA DROGASIL,IMBIRIBEIRA,634,SUBURBIO,ABALROAMENTO TRANSVERSAL,COLISÃO COM VITIMA A ESPERA DO SAMU,1,1,,,,,,,,1,,Cruzamento,Bom,Sem defeito,Perfeito estado,Seca,Perfeito estado,Faixa de pedestre,Não há placas,"",Dupla,Faixa contínua,"",""
11588,2019-12-17T00:00:00,09:56:00,SEM VÍTIMA,FINALIZADA,CORDEIRO,AV ENGENHEIRO ABDIAS DE CARVALHO,"",AV GENERAL SAN MARTIN,"",AV ENGENHEIRO ABDIAS DE CARVALHO,"","",CORDEIRO,58,SUBURBIO,ABALROAMENTO LONGITUDINAL,CAMINHÃO E AUTO,1,,,,,,1,,,0,,Cruzamento,Bom,Sem defeito,Perfeito estado,Seca,Perfeito estado,Faixa de pedestre,"",60 km/h,Dupla,Canteiro central,"",""
11589,2019-12-17T00:00:00,10:21:00,SEM VÍTIMA,FINALIZADA,CAXANGÁ,AV CAXANGA,"",RUA PAUL HARRIS,"",AV CAXANGA,"","",CAXANGÁ,230,SUBURBIO,ABALROAMENTO LONGITUDINAL,COLISÃO SEM VITIMAS,2,,,,,,,,,0,,Cruzamento,Bom,Sem defeito,Perfeito estado,Seca,Perfeito estado,Faixa de pedestre,R-6a,"",Dupla,Não existe,"",""
11590,2019-12-17T00:00:00,10:52:00,SEM VÍTIMA,FINALIZADA,GRAÇAS,AV GOVERNADOR AGAMENON MAGALHAES,"",RUA DR BANDEIRA FILHO,MC DONALDS,AV GOVERNADOR AGAMENON MAGALHAES,"",MC DONALDS,GRAÇAS,173,"",COLISÃO TRASEIRA,DOIS AUTOS,1,,,,,,,,1,0,,Longo da via,Bom,Sem defeito,Perfeito estado,Seca,Perfeito estado,Faixa de pedestre,"",60 km/h,Dupla,Canal,"",""
11591,2019-12-17T00:00:00,10:56:00,COM VÍTIMA,FINALIZADA,IMBIRIBEIRA,AV MARECHAL MASCARENHAS DE MORAES,1818,AV ENGENHEIRO ALVES DE SOUZA,EM FRENTE A CONCESSIONARIA AUTOLINE E JUIZADOS ESPECIAIS DO RECIFE.,AV MARECHAL MASCARENHAS DE MORAES,1818,EM FRENTE A CONCESSIONARIA AUTOLINE E JUIZADOS ESPECIAIS DO RECIFE.,IMBIRIBEIRA,288,CIDADE,ATROPELAMENTO,AUTO E PEDESTRE.,1,,,,1,,,,,1,,Longo da via,Bom,Sem defeito,Perfeito estado,Seca,Perfeito estado,Faixa de pedestre,Não há placas,60 km/h,Dupla,Canteiro central,"",""
11592,2019-12-17T00:00:00,11:01:00,SEM VÍTIMA,FINALIZADA,BOA VIAGEM,RUA DOS NAVEGANTES,1979,"",EM FRENTE AO EDIFICIO LUIZ DE CAMÕES,RUA DOS NAVEGANTES,1979,EM FRENTE AO EDIFICIO LUIZ DE CAMÕES,BOA VIAGEM,,SUBURBIO,ABALROAMENTO LONGITUDINAL,COLISÃO SEM VITIMAS,2,,,,,,,,,0,,Longo da via,Bom,Não existe,Não existente,Seca,Perfeito estado,Não existe,Não há placas,30 km/h,Única,Não existe,"",""
11593,2019-12-17T00:00:00,11:10:00,SEM VÍTIMA,FINALIZADA,DERBY,AV GOVERNADOR AGAMENON MAGALHAES,"","",VIA PRINCIPAL LADO OPOSTO A PARADA DE ÔNIBUS Nº 180162,AV GOVERNADOR AGAMENON MAGALHAES,"",VIA PRINCIPAL LADO OPOSTO A PARADA DE ÔNIBUS Nº 180162,DERBY,,"",COLISÃO TRASEIRA,COLISÃO S/ VITIMA. DOIS CARROS,2,,,,,,,,,0,,Longo da via,Bom,Sem defeito,Perfeito estado,Seca,Perfeito estado,Não existe,Não há placas,60 km/h,Dupla,Faixa seccionada,"",""
11594,2019-12-17T00:00:00,11:10:00,COM VÍTIMA,FINALIZADA,CAMPO GRANDE,RUA PROFESSOR FRANCISCO DA TRINDADE,"",RUA CATULO DA PAIXAO CEARENSE,PROX. A IGREJA UNIVERSAL E A PRAÇA DE CAMPO GRANDE,RUA PROFESSOR FRANCISCO DA TRINDADE,"",PROX. A IGREJA UNIVERSAL E A PRAÇA DE CAMPO GRANDE,CAMPO GRANDE,,SUBURBIO,ABALROAMENTO TRANSVERSAL,ONIBUS E AUTO,1,,,,,1,,,,2,,Cruzamento,Bom,Não existe,Perfeito estado,Seca,Perfeito estado,Faixa de pedestre,Placas Pare,"",Dupla,Faixa seccionada,"",""
11595,2019-12-17T00:00:00,11:20:00,COM VÍTIMA,FINALIZADA,MADALENA,EST DOS REMEDIOS,2464,RUA BENFICA,EM FRENTE AO POSTO EXTRA.,EST DOS REMEDIOS,2464,EM FRENTE AO POSTO EXTRA.,MADALENA,51,SUBURBIO,ABALROAMENTO LONGITUDINAL,COLISÃO COM VÍTIMA. A OUTRA PARTE SE EVADIU DO LOCAL SEGUNDO O GCM MARCILIO,,1,,,,,,,,1,,Esquina,Bom,Sem defeito,Perfeito estado,Seca,Perfeito estado,Agente,R-4a,60 km/h,Única,Faixa contínua,"",""
11596,2019-12-17T00:00:00,11:26:00,SEM VÍTIMA,FINALIZADA,AREIAS,RUA IPOJUCA,618,"","",RUA IPOJUCA,618,"",AREIAS,,SUBURBIO,CHOQUE VEÍCULO PARADO,COLISAO S/ VITIMA. ENTRE UM CARRETA UM AUTO,1,,,,,,1,,1,0,,Longo da via,Bom,Não existe,Perfeito estado,Seca,Perfeito estado,Não existe,Outras,"",Dupla,Não existe,"",""
11597,2019-12-17T00:00:00,11:30:00,SEM VÍTIMA,FINALIZADA,AREIAS,AV DR JOSE RUFINO,757,"","",AV DR JOSE RUFINO,757,"",AREIAS,,CIDADE,COLISÃO TRASEIRA,TRES AUTOS,3,,,,,,,,,0,,Longo da via,Bom,Não existe,Perfeito estado,Seca,Perfeito estado,Não existe,Não há placas,"",Dupla,Faixa contínua,"",""
11598,2019-12-17T00:00:00,11:31:00,SEM VÍTIMA,FINALIZADA,ENCRUZILHADA,AV JOAO DE BARROS,1817,"",APÓS O CRUZAMENTO DA AV NORTE,AV JOAO DE BARROS,1817,APÓS O CRUZAMENTO DA AV NORTE,ENCRUZILHADA,43,CIDADE,COLISÃO TRASEIRA,COLISÃO SEM VITIMAS,2,,,,,,,,,0,,Longo da via,Bom,Sem defeito,Perfeito estado,Seca,Perfeito estado,Faixa de pedestre,Não há placas,"",Única,Não existe,"",""
11599,2019-12-17T00:00:00,11:47:00,SEM VÍTIMA,EQUIPE EM DESLOCAMENTO,ILHA DO LEITE,RUA SENADOR JOSE HENRIQUE,"","","",RUA SENADOR JOSE HENRIQUE,"","",ILHA DO LEITE,,"",COLISÃO,COLISÃO ENTRE DOIS AUTOS SEM VÍTIMA,2,,,,,,,,,0,,"","","","","","","","","","","","",""
11600,2019-12-17T00:00:00,11:50:00,SEM VÍTIMA,FINALIZADA,"",AV PROFESSOR JOSE DOS ANJOS,"","",EM FRENTE A ACADEMIA DA CIDADE DE CHÃO DE ESTRELAS,AV PROFESSOR JOSE DOS ANJOS,"",EM FRENTE A ACADEMIA DA CIDADE DE CHÃO DE ESTRELAS,"",,CIDADE,COLISÃO TRASEIRA,COLISÃO SEM VITIMAS,2,,,,,,,,,0,,Longo da via,Bom,Não existe,Perfeito estado,Seca,Perfeito estado,Não existe,Outras,"",Dupla,Faixa seccionada,"",""
11601,2019-12-17T00:00:00,11:51:00,SEM VÍTIMA,FINALIZADA,IMBIRIBEIRA,AV MARECHAL MASCARENHAS DE MORAES,"","",EM FRENTE AO EDIFÍCIO GARAGEM DO AEROPORTO,AV MARECHAL MASCARENHAS DE MORAES,"",EM FRENTE AO EDIFÍCIO GARAGEM DO AEROPORTO,IMBIRIBEIRA,,SUBURBIO,COLISÃO TRASEIRA,DOIS AUTOS,2,,,,,,,,,0,,Longo da via,Bom,Não existe,Perfeito estado,Seca,Perfeito estado,Não existe,Outras,60 km/h,Dupla,Canteiro central,"",""
11602,2019-12-17T00:00:00,12:18:00,SEM VÍTIMA,FINALIZADA,AREIAS,RUA RIO SOLIMOES,105,RUA SANTA JOANA D'ARC,"",RUA RIO SOLIMOES,105,"",AREIAS,,CIDADE,CHOQUE VEÍCULO PARADO,COLISÃO SEM VITIMA,1,,,,,,1,,1,0,,"",Bom,Não existe,Perfeito estado,Seca,Perfeito estado,Não existe,Outras,"",Dupla,Não existe,"",""
11603,2019-12-17T00:00:00,12:32:00,SEM VÍTIMA,FINALIZADA,BONGI,RUA DELMIRO GOUVEIA,"","",CHESF,RUA DELMIRO GOUVEIA,"",CHESF,BONGI,586,"",COLISÃO TRASEIRA,COLISAO ENTRE DOIS AUTOS S/V,2,,,,,,,,,0,,Longo da via,Bom,Sem defeito,Perfeito estado,Seca,Perfeito estado,Faixa de pedestre,"","",Dupla,Faixa contínua,"",""
11604,2019-12-17T00:00:00,12:35:00,SEM VÍTIMA,FINALIZADA,IBURA,LAD DA COHAB,"","",AO LADO DO ANTIGO MOTEL GIRADOR,LAD DA COHAB,"",AO LADO DO ANTIGO MOTEL GIRADOR,IBURA,,SUBURBIO,ABALROAMENTO TRANSVERSAL,COLISAO SEM VÍTIMA,1,,,,,,1,,,0,,Longo da via,Bom,Não existe,Perfeito estado,Seca,Perfeito estado,Não existe,Não há placas,"",Dupla,Não existe,"",""
11605,2019-12-17T00:00:00,12:39:00,SEM VÍTIMA,CANCELADA,BAIRRO DO RECIFE,CAIS DO APOLO,"","",PROX A PREFEITURA NO GIRADOURO AO LADO DA FABRICA DA PILAR,CAIS DO APOLO,"",PROX A PREFEITURA NO GIRADOURO AO LADO DA FABRICA DA PILAR,BAIRRO DO RECIFE,,"",COLISÃO,COLISAO ENTRE CARRETA E AUTOS S/V,1,,,,,,1,,,0,,"","","","","","","","","","","","",""
11606,2019-12-17T00:00:00,13:00:00,SEM VÍTIMA,FINALIZADA,JARDIM SÃO PAULO,AV SAO PAULO,400,"",SUPERMERCADO RENDE MAIS,AV SAO PAULO,400,SUPERMERCADO RENDE MAIS,JARDIM SÃO PAULO,,SUBURBIO,ABALROAMENTO LONGITUDINAL,COLISÃO SEM VITIMA,2,,,,,,,,,0,,Longo da via,Bom,Não existe,Perfeito estado,Seca,Perfeito estado,Não existe,Outras,"",Dupla,Faixa contínua,Faixa seccionada,""
11607,2019-12-17T00:00:00,13:04:00,SEM VÍTIMA,FINALIZADA,BOA VIAGEM,RUA PROFESSOR MARIO CASTRO,508,RUA SA E SOUZA,EM FRENTE A ESCOLA AMERICANA,RUA PROFESSOR MARIO CASTRO,508,EM FRENTE A ESCOLA AMERICANA,BOA VIAGEM,,"",CHOQUE VEÍCULO PARADO,COLISAO ENTRE DOIS AUTOS S/V,2,,,,,,,,,0,,Longo da via,Bom,Não existe,Perfeito estado,Seca,Perfeito estado,Não existe,Placas Pare,30 km/h,Dupla,Faixa seccionada,"",""
11608,2019-12-17T00:00:00,13:57:00,SEM VÍTIMA,FINALIZADA,BOA VIAGEM,AV BOA VIAGEM,3402,"","",AV BOA VIAGEM,3402,"",BOA VIAGEM,,"",ABALROAMENTO LONGITUDINAL,COLISÃO SEM VITIMA,2,,,,,,,,,0,,Longo da via,Bom,Não existe,Perfeito estado,Seca,Perfeito estado,Não existe,Não há placas,60 km/h,Única,Faixa seccionada,"",""
11609,2019-12-17T00:00:00,14:10:00,SEM VÍTIMA,FINALIZADA,TAMARINEIRA,RUA CONEGO BARATA,"","",LADO OPOSTO AO SEMÁFORO DE Nº 347,RUA CONEGO BARATA,"",LADO OPOSTO AO SEMÁFORO DE Nº 347,TAMARINEIRA,347,"",COLISÃO TRASEIRA,COLISÃO SEM VÍTIMA,1,,,,,,1,,,0,,Longo da via,Bom,Sem defeito,Perfeito estado,Seca,Perfeito estado,Faixa de pedestre,R-6a,50 km/h,Dupla,Faixa contínua,Faixa seccionada,Canteiro central
11610,2019-12-17T00:00:00,14:46:00,SEM VÍTIMA,FINALIZADA,PINA,RUA FREIRE DE ANDRADE,"","",SHOPING RIO MAR,RUA FREIRE DE ANDRADE,"",SHOPING RIO MAR,PINA,,"",TOMBAMENTO,CAMINHÃO TOMBADO NA VIA,0,,,,,,,,,0,,"","","","","","","","","","","","",""
11611,2019-12-17T00:00:00,15:07:00,SEM VÍTIMA,FINALIZADA,BOA VIAGEM,AV CONSELHEIRO AGUIAR,60,"","",AV CONSELHEIRO AGUIAR,60,"",BOA VIAGEM,,"",ABALROAMENTO LONGITUDINAL,COLISÃO SEM VÍTIMA,2,,,,,,,,,0,,Longo da via,Bom,Não existe,Perfeito estado,Seca,Perfeito estado,"",Placas Pare,60 km/h,Única,Faixa seccionada,"",""
11612,2019-12-17T00:00:00,15:27:00,SEM VÍTIMA,FINALIZADA,ILHA DO RETIRO,AV BEIRA RIO,302,"",EM FRENTE AO EDF VILLA BEIRA RIO,AV BEIRA RIO,302,EM FRENTE AO EDF VILLA BEIRA RIO,ILHA DO RETIRO,,"",COLISÃO TRASEIRA,COLISÃO SEM VÍTIMA,2,,,,,,,,,0,,Longo da via,Bom,Não existe,Perfeito estado,Seca,Perfeito estado,Não existe,Não há placas,"",Dupla,Faixa seccionada,"",""
11613,2019-12-17T00:00:00,15:29:00,SEM VÍTIMA,CANCELADA,SANCHO,RUA APRIGIO GUIMARAES,554,"",E/F AO HOSPITAL OTAVIO DE FREITAS,RUA APRIGIO GUIMARAES,554,E/F AO HOSPITAL OTAVIO DE FREITAS,SANCHO,,"",COLISÃO,COLISAO ENTRE AMBULANCIA E ONIBUS S/V,,,,,,1,,,1,0,,"","","","","","","","","","","","",""
11614,2019-12-17T00:00:00,15:33:00,SEM VÍTIMA,FINALIZADA,SANTO AMARO,RUA CAPITAO LIMA,"",AV CRUZ CABUGA,EM FRENTE AO POSTE B 030367,RUA CAPITAO LIMA,"",EM FRENTE AO POSTE B 030367,SANTO AMARO,,CIDADE,ABALROAMENTO TRANSVERSAL,COLISÃO SEM VITIMA,2,,,,,,,,,0,,Longo da via,Bom,Não existe,Perfeito estado,Seca,Perfeito estado,Faixa de pedestre,Placas Pare,"",Dupla,Faixa seccionada,"",""
11615,2019-12-17T00:00:00,16:26:00,COM VÍTIMA,FINALIZADA,GUABIRABA,AV DA RECUPERACAO,2691,"",EM FRENTE AO ARMAZEM DE CONSTRUÇÃO JENIPAPO,AV DA RECUPERACAO,2691,EM FRENTE AO ARMAZEM DE CONSTRUÇÃO JENIPAPO,GUABIRABA,,"",COLISÃO,COLISÃO COM VÍTIMA,1,1,,,,,,,,1,,"","","","","","","","","","","","",""
11616,2019-12-17T00:00:00,16:30:00,COM VÍTIMA,FINALIZADA,MADALENA,RUA JOSE OSORIO,680,RUA ERNANI BRAGA,E/F A TEIXEIRA VEICULOS,RUA JOSE OSORIO,680,E/F A TEIXEIRA VEICULOS,MADALENA,,SUBURBIO,ABALROAMENTO LONGITUDINAL,COLISAO ENTRE DUAS MOTOS COM DUAS VITIMAS,,2,,,,,,,,2,,Esquina,Bom,Não existe,Perfeito estado,Seca,Perfeito estado,Não existe,Placas Pare,30 e 40 km/h,Dupla,Faixa contínua,Faixa seccionada,""
11617,2019-12-17T00:00:00,16:54:00,SEM VÍTIMA,CANCELADA,BOA VIAGEM,RUA COSMORAMA,350,"",AO LADO DO COLEGIO MADRE DE DEUS,RUA COSMORAMA,350,AO LADO DO COLEGIO MADRE DE DEUS,BOA VIAGEM,,"",COLISÃO,COLISAO ENTRE DOIS AUTOS S/V,2,,,,,,,,,0,,"","","","","","","","","","","","",""
11618,2019-12-17T00:00:00,17:41:00,SEM VÍTIMA,FINALIZADA,IPUTINGA,AV CAXANGA,"",RUA PROFESSOR ANTONIO COELHO,EM FRENTE A CHEVROLET,AV CAXANGA,"",EM FRENTE A CHEVROLET,IPUTINGA,,CIDADE,ABALROAMENTO LONGITUDINAL,COLISAO ENTRE ONIBUS E AUTOS S/V,1,,,,,1,,,,0,,"",Bom,Não existe,Incompleta,Seca,Perfeito estado,Não existe,R-6a,"",Dupla,Canteiro central,"",""
11619,2019-12-17T00:00:00,17:51:00,SEM VÍTIMA,FINALIZADA,JOANA BEZERRA,VDO PAPA JOAO PAULO II,"","",SOBRE O VIADUTO CAP TEMUDO,VDO PAPA JOAO PAULO II,"",SOBRE O VIADUTO CAP TEMUDO,JOANA BEZERRA,,SUBURBIO,COLISÃO TRASEIRA,COLISÃO SEM VÍTIMA,2,,,,,,,,,0,,Viaduto,Bom,Não existe,Perfeito estado,Seca,Perfeito estado,Não existe,Não há placas,"",Dupla,Canteiro central,"",""
11620,2019-12-17T00:00:00,17:53:00,SEM VÍTIMA,FINALIZADA,CASA AMARELA,AV PROFESSOR JOSE DOS ANJOS,"",AV NORTE,SOB O SEMÁFORO Nº 364,AV PROFESSOR JOSE DOS ANJOS,"",SOB O SEMÁFORO Nº 364,CASA AMARELA,364,"",ABALROAMENTO LONGITUDINAL,COLISÃO SEM VITIMA,2,,,,,,,,,0,,Cruzamento,Bom,Sem defeito,Perfeito estado,Seca,Perfeito estado,Faixa de pedestre,"","",Única,Não existe,"",""
11621,2019-12-17T00:00:00,18:07:00,SEM VÍTIMA,FINALIZADA,IBURA,AV DOM HELDER CAMARA,"","",NÚCLEO DA POLÍCIA MILITAR,AV DOM HELDER CAMARA,"",NÚCLEO DA POLÍCIA MILITAR,IBURA,,"",ABALROAMENTO LONGITUDINAL,COLISAO SEM VITIMAS,2,,,,,,,,,0,,Longo da via,Bom,Não existe,Não existente,Seca,Perfeito estado,Não existe,Não há placas,60 km/h,Única,Não existe,"",""
11622,2019-12-17T00:00:00,18:51:00,SEM VÍTIMA,FINALIZADA,BOA VIAGEM,AV MARECHAL JUAREZ TAVORA,"",RUA PROF AURELIO DE CASTRO CAVALCANTI,"",AV MARECHAL JUAREZ TAVORA,"","",BOA VIAGEM,656,SUBURBIO,COLISÃO TRASEIRA,COLISÃO ENTRE DOIS AUTOS SEM VÍTIMA,2,,,,,,,,,0,,Cruzamento,Bom,Sem defeito,Perfeito estado,Seca,Perfeito estado,Faixa de pedestre,"","",Dupla,Canteiro central,"",""
11623,2019-12-17T00:00:00,19:40:00,SEM VÍTIMA,FINALIZADA,VÁRZEA,RUA EMILIANO BRAGA,"","","",RUA EMILIANO BRAGA,"","",VÁRZEA,,SUBURBIO,ABALROAMENTO LONGITUDINAL,COLISAO SEM VITIMAS,2,,,,,,,,,0,,Cruzamento,Bom,Sem defeito,Perfeito estado,Seca,Perfeito estado,Faixa de pedestre,"","",Única,Faixa seccionada,"",""
11624,2019-12-17T00:00:00,19:46:00,COM VÍTIMA,FINALIZADA,CAMPO GRANDE,RUA JERONIMO VILELA,581,"",PROX AO CLUBE DAS PAS. CLUBE SOCIETY VITAL.,RUA JERONIMO VILELA,581,PROX AO CLUBE DAS PAS. CLUBE SOCIETY VITAL.,CAMPO GRANDE,,"",COLISÃO FRONTAL,COLISAO COM DUAS VITIMAS ENTRE AUTO E MOTO.,1,1,,,,,,,,2,,Longo da via,Bom,Não existe,Incompleta,Seca,Perfeito estado,Não existe,R-6a,"",Dupla,Faixa seccionada,"",""
11625,2019-12-17T00:00:00,19:50:00,SEM VÍTIMA,FINALIZADA,SANTO AMARO,RUA DO SOSSEGO,"",RUA FREI CASSIMIRO,EM FRENTE AO SINDICATO DOS POLICIAIS CIVIS DE PERNAMBUCO,RUA DO SOSSEGO,"",EM FRENTE AO SINDICATO DOS POLICIAIS CIVIS DE PERNAMBUCO,SANTO AMARO,,SUBURBIO,ABALROAMENTO TRANSVERSAL,COLISAO ENTRE DOS AUTOS PASSEIO.,2,,,,,,,,,0,,Cruzamento,Bom,Não existe,Perfeito estado,Seca,Perfeito estado,Faixa de retenção,Placas Pare,"",Dupla,"","",""
11626,2019-12-17T00:00:00,21:50:00,SEM VÍTIMA,FINALIZADA,BREJO DE BEBERIBE,AV VEREADOR OTACILIO AZEVEDO,955,"",APÓS A UPA,AV VEREADOR OTACILIO AZEVEDO,955,APÓS A UPA,BREJO DE BEBERIBE,,CIDADE,COLISÃO TRASEIRA,COLISÃO ENTRE DOIS AUTOS PASSEIO,2,,,,,,,,,0,,Longo da via,Bom,Não existe,Não existente,Seca,Perfeito estado,Não existe,Não há placas,"",Dupla,Faixa seccionada,"",""
11627,2019-12-17T00:00:00,22:06:00,SEM VÍTIMA,FINALIZADA,PINA,RUA ARQUITETO AUGUSTO REINALDO,"","",ATACADO DA CONSTRUÇÕES,RUA ARQUITETO AUGUSTO REINALDO,"",ATACADO DA CONSTRUÇÕES,PINA,,SUBURBIO,COLISÃO TRASEIRA,COLISAO SEM VITIMAS,1,1,,,,,,,,0,,Longo da via,Bom,Não existe,Perfeito estado,Seca,Perfeito estado,Faixa de retenção,Outras,"",Única,Não existe,"",""