_id,DATA,hora,natureza_acidente,situacao,bairro,endereco,numero,detalhe_endereco_acidente,complemento,endereco_cruzamento,numero_cruzamento,referencia_cruzamento,bairro_cruzamento,num_semaforo,sentido_via,tipo,descricao,auto,moto,ciclom,ciclista,pedestre,onibus,caminhao,viatura,outros,vitimas,vitimasfatais,acidente_verificado,tempo_clima,situacao_semaforo,sinalizacao,condicao_via,conservacao_via,ponto_controle,situacao_placa,velocidade_max_via,mao_direcao,divisao_via1,divisao_via2,divisao_via3
11628,2019-12-17T00:00:00,23:29:00,SEM VÍTIMA,FINALIZADA,CAMPO GRANDE,RUA DR MACHADO,353,RUA VOLUNTARIOS DA PATRIA,"",RUA DR MACHADO,353,"",CAMPO GRANDE,,SUBURBIO,ABALROAMENTO TRANSVERSAL,COLISAO SEM VITIMAS,2,,,,,,,,,0,,Cruzamento,Bom,Não existe,Ilegível,Seca,Mal iluminada,Não existe,Placas Pare,"",Dupla,Não existe,"",""
11629,2019-12-18T00:00:00,07:32:00,SEM VÍTIMA,FINALIZADA,BOA VISTA,RUA DR LEOPOLDO LINS,124,"",PRÓX. A ADLUX COSMÉTICOS,RUA DR LEOPOLDO LINS,124,PRÓX. A ADLUX COSMÉTICOS,BOA VISTA,,SUBURBIO,CHOQUE OBJETO FIXO,CARRETA DANIFICA FIOS QUE FICAM NA VIA DIFICULTANDO A PASSAGEM DE VEÍCULOS - TAMBÉM DEIXOU O POSTE NA IMINENCIA DE QUEDA E DANIFICOU O MURO DA RESIDÊNCIA LATERAL - APÓS A SITUAÇÃO O POSTE CHEGOU A CAIR NA VIA,,,,,,,1,,,0,,Longo da via,Bom,Não existe,Incompleta,Seca,Perfeito estado,Não existe,Não há placas,"",Única,Faixa contínua,"",""
11630,2019-12-18T00:00:00,07:48:00,SEM VÍTIMA,FINALIZADA,CORDEIRO,RUA GREGORIO JUNIOR,178,RUA HONORIO CORREIA,"",RUA GREGORIO JUNIOR,178,"",CORDEIRO,,CIDADE,ABALROAMENTO TRANSVERSAL,DOIS AUTOS,2,,,,,,,,,0,,Cruzamento,Bom,Não existe,Perfeito estado,Seca,Perfeito estado,Outros,Outras,"",Única,Faixa seccionada,"",""
11631,2019-12-18T00:00:00,07:56:00,COM VÍTIMA,FINALIZADA,BOA VISTA,AV VISCONDE DE SUASSUNA,923,RUA DO HOSPICIO,EM FRENTE A ESCOLA SIZENANDO SILVEIRA.,AV VISCONDE DE SUASSUNA,923,EM FRENTE A ESCOLA SIZENANDO SILVEIRA.,BOA VISTA,32,CIDADE,ABALROAMENTO LONGITUDINAL,COLIÃO ENTRE DUAS MOTOS. COM VITIMA. GM NO LOCAL,,2,,,,,,,,2,,Longo da via,Bom,Sem defeito,Perfeito estado,Seca,Perfeito estado,Agente,Outras,"",Dupla,Faixa contínua,"",""
11632,2019-12-18T00:00:00,08:48:00,SEM VÍTIMA,FINALIZADA,IBURA,LAD DA COHAB,"","",AV. DOIS RIOS,LAD DA COHAB,"",AV. DOIS RIOS,IBURA,,CIDADE,COLISÃO TRASEIRA,DOIS AUTOS,2,,,,,,,,,0,,Longo da via,Bom,Não existe,Não existente,Seca,Perfeito estado,Agente,Não há placas,"",Dupla,Não existe,"",""
11633,2019-12-18T00:00:00,09:25:00,SEM VÍTIMA,CANCELADA,SANTO AMARO,RUA TREZE DE MAIO,1008,"",PROX. A CAPOTARIA AUTO MARCAS,RUA TREZE DE MAIO,1008,PROX. A CAPOTARIA AUTO MARCAS,SANTO AMARO,,"",COLISÃO,DOIS AUTOS,2,,,,,,,,,0,,"","","","","","","","","","","","",""
11634,2019-12-18T00:00:00,09:45:00,SEM VÍTIMA,FINALIZADA,IMBIRIBEIRA,AV MARECHAL MASCARENHAS DE MORAES,3563,"",GERALDÃO,AV MARECHAL MASCARENHAS DE MORAES,3563,GERALDÃO,IMBIRIBEIRA,,CIDADE,ABALROAMENTO LONGITUDINAL,MOTO E AUTO (BATEDOR NO LOCAL),1,1,,,,,,,,0,,Longo da via,Bom,Sem defeito,Perfeito estado,Seca,Perfeito estado,Faixa de pedestre,Outras,60 km/h,Dupla,Canteiro central,"",""
11635,2019-12-18T00:00:00,10:18:00,SEM VÍTIMA,FINALIZADA,BOA VIAGEM,RUA VISCONDE DE JEQUITINHONHA,"",RUA DR LUIZ INACIO PESSOA DE MELO,RECIFE FLAT,RUA VISCONDE DE JEQUITINHONHA,"",RECIFE FLAT,BOA VIAGEM,,"",CHOQUE VEÍCULO PARADO,COLISÃO SEM VITIMAS,2,,,,,,,,,0,,Longo da via,Bom,Não existe,Perfeito estado,Seca,Perfeito estado,Faixa de pedestre,R-6a,"",Única,Não existe,"",""
11636,2019-12-18T00:00:00,10:22:00,SEM VÍTIMA,CANCELADA,IPSEP,RUA ITAJAI,162,RUA JEAN EMILE FAVRE,DE ESQUINA A CLINICA CENTER MAIS SAÚDE,RUA ITAJAI,162,DE ESQUINA A CLINICA CENTER MAIS SAÚDE,IPSEP,,"",COLISÃO,SEM VITIMAS,2,,,,,,,,,0,,"","","","","","","","","","","","",""
11637,2019-12-18T00:00:00,10:38:00,SEM VÍTIMA,FINALIZADA,DERBY,AV GOVERNADOR AGAMENON MAGALHAES,55,"",EM FRENTE AO CEAM,AV GOVERNADOR AGAMENON MAGALHAES,55,EM FRENTE AO CEAM,DERBY,,SUBURBIO,COLISÃO TRASEIRA,COLISÃO SEM VITIMAS,2,,,,,,,,,0,,Longo da via,Bom,Não existe,Perfeito estado,Seca,Perfeito estado,Não existe,Não há placas,60 km/h,Única,Faixa seccionada,"",""
11638,2019-12-18T00:00:00,10:43:00,SEM VÍTIMA,FINALIZADA,BOA VIAGEM,AV BOA VIAGEM,2388,RUA DONA BENVINDA DE FARIAS,POSTO 05 DO CORPO DE BOMBEIRO,AV BOA VIAGEM,2388,POSTO 05 DO CORPO DE BOMBEIRO,BOA VIAGEM,123,"",ABALROAMENTO LONGITUDINAL,COLISAO S/ VITIMA. ENTRE CAMINHÃO DO LIXO E UM VEICULO PARTICULA,1,,,,,,1,,,0,,Longo da via,Bom,Sem defeito,Perfeito estado,Seca,Perfeito estado,Faixa de pedestre,Não há placas,"",Única,Faixa seccionada,"",""
11639,2019-12-18T00:00:00,11:51:00,SEM VÍTIMA,FINALIZADA,CASA AMARELA,EST DO ARRAIAL,3863,"",BANCO BRADESCO,EST DO ARRAIAL,3863,BANCO BRADESCO,CASA AMARELA,,SUBURBIO,ABALROAMENTO LONGITUDINAL,COLISÃO SEM VITIMAS,1,,,,,1,,,,0,,Longo da via,Bom,Não existe,Perfeito estado,Seca,Perfeito estado,Não existe,R-6c,40 km/h,Única,Faixa seccionada,"",""
11640,2019-12-18T00:00:00,12:11:00,SEM VÍTIMA,CANCELADA,AFOGADOS,RUA COSME VIANA,"",RUA PADRE TEOFILO TWORZ,E/F A TUPAN,RUA COSME VIANA,"",E/F A TUPAN,AFOGADOS,,"",COLISÃO,COLISAO ENTRE AUTO E MOTO S/V,1,1,,,,,,,,0,,"","","","","","","","","","","","",""
11641,2019-12-18T00:00:00,12:40:00,SEM VÍTIMA,FINALIZADA,PINA,AV ANTONIO DE GOES,"","",EM FRENTE A PRF,AV ANTONIO DE GOES,"",EM FRENTE A PRF,PINA,,CIDADE,COLISÃO TRASEIRA,COLISÃO SEM VÍTIMA,3,,,,,,,,,0,,Longo da via,Bom,Sem defeito,Perfeito estado,Seca,"",Agente,Placas Pare,60 km/h,Única,Faixa seccionada,"",""
11642,2019-12-18T00:00:00,12:46:00,SEM VÍTIMA,FINALIZADA,"",AV ENGENHEIRO ABDIAS DE CARVALHO,807,"",EM FRENTE AO EMPRESARIAL ABDIAS DE CARVALHO,AV ENGENHEIRO ABDIAS DE CARVALHO,807,EM FRENTE AO EMPRESARIAL ABDIAS DE CARVALHO,"",,CIDADE,COLISÃO TRASEIRA,COLISÃO SEM VÍTIMA,1,,,,,1,,,,0,,Longo da via,Bom,Sem defeito,Incompleta,Seca,Perfeito estado,Não existe,R-6a,"",Dupla,Canteiro central,"",""
11643,2019-12-18T00:00:00,13:17:00,SEM VÍTIMA,FINALIZADA,PAISSANDU,AV GOVERNADOR AGAMENON MAGALHAES,"","",EM FRENTE A PARADA DE ÔNIBUS Nº 180178 PISTA PRINCIPAL SENTIDO OLINDA,AV GOVERNADOR AGAMENON MAGALHAES,"",EM FRENTE A PARADA DE ÔNIBUS Nº 180178 PISTA PRINCIPAL SENTIDO OLINDA,PAISSANDU,,"",COLISÃO TRASEIRA,COLISÃO SEM VÍTIMA,3,,,,,,,,,0,,Longo da via,Bom,Não existe,Perfeito estado,Seca,Perfeito estado,Não existe,Não há placas,60 km/h,Dupla,Canal,"",""
11644,2019-12-18T00:00:00,13:49:00,COM VÍTIMA,FINALIZADA,ROSARINHO,RUA DR JOSE MARIA,900,RUA CAPITAO SAMPAIO XAVIER,E/F AO PORTAL DA PICANHA,RUA DR JOSE MARIA,900,E/F AO PORTAL DA PICANHA,ROSARINHO,,SUBURBIO,ABALROAMENTO TRANSVERSAL,COLISAO ENTRE AUTO E MOTO COM UMA VITIMA,1,1,,,,,,,,1,,Cruzamento,Bom,Não existe,Perfeito estado,Seca,Perfeito estado,Não existe,R-19,30 km/h,Dupla,Faixa seccionada,"",""
11645,2019-12-18T00:00:00,14:31:00,SEM VÍTIMA,FINALIZADA,MADALENA,AV BEIRA RIO,879,RUA JANUARIO BARBOSA,EM FRENTE AO EDIFÍCIO QUATRO ESTAÇÕES,AV BEIRA RIO,879,EM FRENTE AO EDIFÍCIO QUATRO ESTAÇÕES,MADALENA,,SUBURBIO,ABALROAMENTO LONGITUDINAL,COLISÃO SEM VÍTIMA,2,,,,,,,,,0,,Longo da via,Bom,Não existe,Perfeito estado,Seca,Perfeito estado,Não existe,Não há placas,"",Dupla,Faixa seccionada,"",""
11646,2019-12-18T00:00:00,14:55:00,SEM VÍTIMA,FINALIZADA,CURADO,AV PROFESSOR LUIZ FREIRE,163,"",COLEGIO MILITAR,AV PROFESSOR LUIZ FREIRE,163,COLEGIO MILITAR,CURADO,,"",COLISÃO TRASEIRA,COLISAO ENTRE DOIS AUTOS S/V,2,,,,,,,,,0,,Longo da via,Bom,Não existe,"",Seca,"",Não existe,Não há placas,"",Dupla,Faixa seccionada,"",""
11647,2019-12-18T00:00:00,15:28:00,SEM VÍTIMA,FINALIZADA,JORDÃO,RUA DR ALVARO FERRAZ,71,"",MIDY CELL,RUA DR ALVARO FERRAZ,71,MIDY CELL,JORDÃO,,SUBURBIO,ABALROAMENTO LONGITUDINAL,COLISÃO SEM VÍTIMA,1,,,,,1,,,,0,,Longo da via,Bom,Não existe,Perfeito estado,Seca,Perfeito estado,Não existe,Não há placas,"",Única,Não existe,"",""
11648,2019-12-18T00:00:00,15:59:00,SEM VÍTIMA,CANCELADA,GRAÇAS,RUA AMELIA,"","",E/F A DROGASIL,RUA AMELIA,"",E/F A DROGASIL,GRAÇAS,,"",COLISÃO,COLISAO ENTRE MOTO E AUTOS S/V,1,1,,,,,,,,0,,"","","","","","","","","","","","",""
11649,2019-12-18T00:00:00,16:17:00,SEM VÍTIMA,CANCELADA,JOANA BEZERRA,AV DES GUERRA BARRETO,"","",AO LADO DO FORUM JOANA BEZERRA,AV DES GUERRA BARRETO,"",AO LADO DO FORUM JOANA BEZERRA,JOANA BEZERRA,,"",COLISÃO,COLISÃO SEM VÍTIMA,2,,,,,,,,,0,,"","","","","","","","","","","","",""
11650,2019-12-18T00:00:00,16:30:00,SEM VÍTIMA,CANCELADA,JORDÃO,RUA JOSE MARTORANO,"","",NO TERMINAL DO JORDAO BAIXO,RUA JOSE MARTORANO,"",NO TERMINAL DO JORDAO BAIXO,JORDÃO,,"",COLISÃO,COLISAO ENTRE AUTO E ONIBUS S/V BATEDOR DA MOTO 27/19 NO LOCAL,1,,,,,1,,,,0,,"","","","","","","","","","","","",""
11651,2019-12-18T00:00:00,16:36:00,SEM VÍTIMA,CANCELADA,CORDEIRO,AV PROFESSOR ESTEVAO FRANCISCO DA COSTA,121,"",MERC FRUTE NOSSA SENHORA DAS GRAÇAS/ HOSP GERTULIO VARGAS,AV PROFESSOR ESTEVAO FRANCISCO DA COSTA,121,MERC FRUTE NOSSA SENHORA DAS GRAÇAS/ HOSP GERTULIO VARGAS,CORDEIRO,,"",COLISÃO,COLISÃO SEM VÍTIMA,2,,,,,,,,,0,,"","","","","","","","","","","","",""
11652,2019-12-18T00:00:00,16:42:00,COM VÍTIMA,FINALIZADA,TORRÕES,AV ENGENHEIRO ABDIAS DE CARVALHO,3311,"",EM FRENTE AO PLANETA SHOW/ CIDADE,AV ENGENHEIRO ABDIAS DE CARVALHO,3311,EM FRENTE AO PLANETA SHOW/ CIDADE,TORRÕES,,CIDADE,ATROPELAMENTO,COM VÍTIMA,1,,,,1,,,,,1,,Longo da via,Bom,Sem defeito,Perfeito estado,Seca,Perfeito estado,Não existe,Não há placas,60 km/h,Dupla,Canteiro central,"",""
11653,2019-12-18T00:00:00,16:49:00,COM VÍTIMA,FINALIZADA,AFOGADOS,RUA SAO MIGUEL,"",EST DOS REMEDIOS,SOB O SEMÁFORO 053,RUA SAO MIGUEL,"",SOB O SEMÁFORO 053,AFOGADOS,53,CIDADE,COLISÃO,01 VÍTIMA CONDUTORA DA MOTOCICLETA,,1,,,,1,,,,1,,Cruzamento,Bom,Sem defeito,Perfeito estado,Seca,Perfeito estado,Faixa de pedestre,Outras,"",Dupla,Faixa seccionada,"",""
11654,2019-12-18T00:00:00,17:00:00,SEM VÍTIMA,FINALIZADA,JORDÃO,AV MARIA IRENE,25,"",LOJA SERRA MILITAR,AV MARIA IRENE,25,LOJA SERRA MILITAR,JORDÃO,,SUBURBIO,COLISÃO TRASEIRA,COLISÃO SEM VÍTIMA,1,,,,,1,,,,0,,Longo da via,Bom,Não existe,Perfeito estado,Seca,Perfeito estado,Agente,Não há placas,"",Dupla,Faixa contínua,"",""
11655,2019-12-18T00:00:00,17:03:00,SEM VÍTIMA,FINALIZADA,ESTÂNCIA,AV DR JOSE RUFINO,2626,"",PRÓXIMO AO VIADUTO DA BR 101,AV DR JOSE RUFINO,2626,PRÓXIMO AO VIADUTO DA BR 101,ESTÂNCIA,,CIDADE,COLISÃO TRASEIRA,COLISAO ENTRE DOIS AUTOS S/V,2,,,,,,,,,0,,Longo da via,Bom,Não existe,Perfeito estado,Seca,Perfeito estado,Não existe,Não há placas,"",Dupla,Faixa contínua,"",""
11656,2019-12-18T00:00:00,17:12:00,SEM VÍTIMA,FINALIZADA,MADALENA,AV BEIRA RIO,879,RUA JANUARIO BARBOSA,EM FRENTE AO EDIFÍCIO QUATRO ESTAÇÕES,AV BEIRA RIO,879,EM FRENTE AO EDIFÍCIO QUATRO ESTAÇÕES,MADALENA,,SUBURBIO,ABALROAMENTO TRANSVERSAL,"",2,,,,,,,,,0,,Cruzamento,Bom,Não existe,Perfeito estado,Seca,Perfeito estado,Faixa de pedestre,Placas Pare,40 km/h,Dupla,Faixa seccionada,"",""
11657,2019-12-18T00:00:00,18:08:00,SEM VÍTIMA,FINALIZADA,SÃO JOSÉ,RUA IMPERIAL,"","",EM FRENTE AO POSTE B 018862,RUA IMPERIAL,"",EM FRENTE AO POSTE B 018862,SÃO JOSÉ,,SUBURBIO,ABALROAMENTO LONGITUDINAL,ENTRE AUTO E CAMINHÃO. S/V,1,,,,,,1,,,0,,Longo da via,Bom,Não existe,Perfeito estado,Seca,Mal iluminada,Não existe,Outras,60 km/h,Única,Faixa seccionada,"",""
11658,2019-12-18T00:00:00,18:15:00,SEM VÍTIMA,FINALIZADA,ARRUDA,AV BEBERIBE,1303,RUA BOLIVAR,POSTO DO ARMAZÉM CORAL ACHAQUI,AV BEBERIBE,1303,POSTO DO ARMAZÉM CORAL ACHAQUI,ARRUDA,,CIDADE,ABALROAMENTO LONGITUDINAL,ENTRE AUTO E ÔNIBUS. S/V,1,,,,,1,,,,0,,Cruzamento,Bom,Não existe,"","","",Não existe,Não há placas,"",Dupla,Faixa contínua,"",""
11659,2019-12-18T00:00:00,18:28:00,SEM VÍTIMA,DUPLICIDADE,JORDÃO,RUA JOSE MARTORANO,"","",NO TERMINAL DO JORDAO BAIXO,RUA JOSE MARTORANO,"",NO TERMINAL DO JORDAO BAIXO,JORDÃO,,"",COLISÃO,COLISAO ENTRE AUTO E ONIBUS S/V BATEDOR NO LOCAL,1,,,,,1,,,,0,,"","","","","","","","","","","","",""
11660,2019-12-18T00:00:00,19:06:00,SEM VÍTIMA,FINALIZADA,MADALENA,AV ENGENHEIRO ABDIAS DE CARVALHO,"",RUA JOAO IVO DA SILVA,PRÓX. AO POSTO BR,AV ENGENHEIRO ABDIAS DE CARVALHO,"",PRÓX. AO POSTO BR,MADALENA,132,CIDADE,ABALROAMENTO LONGITUDINAL,ENTRE 2 AUTOS. S/V,2,,,,,,,,,0,,Longo da via,Bom,Sem defeito,Perfeito estado,Seca,Perfeito estado,Faixa de pedestre,Não há placas,60 km/h,Dupla,Canteiro central,"",""
11661,2019-12-18T00:00:00,19:12:00,COM VÍTIMA,FINALIZADA,SANTO ANTÔNIO,RUA SIQUEIRA CAMPOS,"",AV DANTAS BARRETO,E/F AO ANTIGO PRÉDIO DO INSS JK / SICREDI.,RUA SIQUEIRA CAMPOS,"",E/F AO ANTIGO PRÉDIO DO INSS JK / SICREDI.,SANTO ANTÔNIO,141,SUBURBIO,ATROPELAMENTO,AUTO PASSEIO E PEDESTRE. C/V,1,,,,1,,,,,1,,Cruzamento,Bom,Sem defeito,Perfeito estado,Seca,Perfeito estado,Não existe,Não há placas,"",Dupla,Canteiro central,"",""
11662,2019-12-18T00:00:00,19:22:00,SEM VÍTIMA,FINALIZADA,CORDEIRO,AV ENGENHEIRO ABDIAS DE CARVALHO,1909,"",POSTO A BFCAR,AV ENGENHEIRO ABDIAS DE CARVALHO,1909,POSTO A BFCAR,CORDEIRO,,SUBURBIO,COLISÃO TRASEIRA,COLISAO SEM VITIMAS,1,,,,,1,,,,0,,Longo da via,Bom,Não existe,Perfeito estado,Seca,Perfeito estado,Não existe,Não há placas,"",Única,Faixa seccionada,"",""
11663,2019-12-18T00:00:00,19:31:00,SEM VÍTIMA,FINALIZADA,IMBIRIBEIRA,AV MARECHAL MASCARENHAS DE MORAES,2560,RUA JAMAICA,"",AV MARECHAL MASCARENHAS DE MORAES,2560,"",IMBIRIBEIRA,7,SUBURBIO,COLISÃO TRASEIRA,COLISAO SEM VITIMAS,2,,,,,,,,,0,,Cruzamento,Bom,Sem defeito,Perfeito estado,Seca,Perfeito estado,Faixa de pedestre,Outras,"",Única,Faixa contínua,"",""
11664,2019-12-18T00:00:00,20:35:00,SEM VÍTIMA,FINALIZADA,PINA,AV HERCULANO BANDEIRA,"","","",AV HERCULANO BANDEIRA,"","",PINA,657,SUBURBIO,COLISÃO TRASEIRA,ENTRE 2 AUTOS .S/V,2,,,,,,,,,0,,Longo da via,Bom,Sem defeito,Perfeito estado,Seca,Perfeito estado,Faixa de pedestre,"","",Única,Faixa contínua,"",""
11665,2019-12-18T00:00:00,20:44:00,COM VÍTIMA,FINALIZADA,MADALENA,RUA BENFICA,1103,"",E/F AO MUSEU DA ABOLIÇÃO E DPCA.,RUA BENFICA,1103,E/F AO MUSEU DA ABOLIÇÃO E DPCA.,MADALENA,,SUBURBIO,COLISÃO COM CICLISTA,ÔNIBUS E BICICLETA.,,,,1,,1,,,,1,,Longo da via,Bom,Não existe,Perfeito estado,Seca,Perfeito estado,Não existe,Não há placas,"",Dupla,Faixa contínua,"",""
11666,2019-12-18T00:00:00,23:30:00,SEM VÍTIMA,FINALIZADA,ESPINHEIRO,RUA QUARENTA E OITO,434,"",EM FRENTE NICOLAU II,RUA QUARENTA E OITO,434,EM FRENTE NICOLAU II,ESPINHEIRO,,CIDADE,ABALROAMENTO LONGITUDINAL,ENTRE ÔNIBUS E AUTO PASSEIO. S/V,1,,,,,1,,,,0,,Longo da via,Bom,Não existe,Perfeito estado,Seca,Perfeito estado,Não existe,Não há placas,"",Única,Faixa seccionada,"",""
11667,2019-12-19T00:00:00,06:13:00,COM VÍTIMA,FINALIZADA,AREIAS,AV DR JOSE RUFINO,1495,RUA IPOJUCA,E/F A IGREJA PRESBITERIANA DE AREIAS,AV DR JOSE RUFINO,1495,E/F A IGREJA PRESBITERIANA DE AREIAS,AREIAS,44,CIDADE,ABALROAMENTO LONGITUDINAL,COLISÃO C/VITIMA ENTRE UM AUTO E UM CAMINHÃO,1,,,,,,1,,,1,,Longo da via,Bom,Sem defeito,Perfeito estado,Seca,Perfeito estado,Faixa de pedestre,Não há placas,60 km/h,Dupla,Faixa contínua,"",""
11668,2019-12-19T00:00:00,06:58:00,SEM VÍTIMA,FINALIZADA,DERBY,AV GOVERNADOR AGAMENON MAGALHAES,241,"",PRAÇA DO DERBY / AV. BOA VISTA,AV GOVERNADOR AGAMENON MAGALHAES,241,PRAÇA DO DERBY / AV. BOA VISTA,DERBY,75,"",COLISÃO TRASEIRA,DOIS AUTOS PONTO FIXO JOAO VICTOR E ANDRE PINHEIRO,2,,,,,,,,,0,,Cruzamento,Bom,Sem defeito,Perfeito estado,Seca,Perfeito estado,Agente,"",60 km/h,Dupla,Faixa seccionada,Canteiro central,""
11669,2019-12-19T00:00:00,07:01:00,SEM VÍTIMA,FINALIZADA,MADALENA,EST DOS REMEDIOS,2162,"",EM FRENTE AO EDF FLORENTINO MEDEIROS,EST DOS REMEDIOS,2162,EM FRENTE AO EDF FLORENTINO MEDEIROS,MADALENA,,CIDADE,ABALROAMENTO LONGITUDINAL,COLISÃO SEM VÍTIMA,1,,,,,,1,,,0,,Longo da via,Bom,Não existe,Perfeito estado,Seca,Perfeito estado,Não existe,"","",Única,Faixa seccionada,"",""
11670,2019-12-19T00:00:00,07:41:00,SEM VÍTIMA,FINALIZADA,AFOGADOS,RUA DA PAZ,91,"","",RUA DA PAZ,91,"",AFOGADOS,,"",ABALROAMENTO LONGITUDINAL,ONIBUS E AUTO,1,,,,,1,,,,0,,Longo da via,Chuvoso,"",Perfeito estado,Molhada,Perfeito estado,"","","",Única,Faixa contínua,"",""
11671,2019-12-19T00:00:00,08:20:00,SEM VÍTIMA,FINALIZADA,IMBIRIBEIRA,AV MARECHAL MASCARENHAS DE MORAES,820,RUA CONEGO JULIO CABRAL,"",AV MARECHAL MASCARENHAS DE MORAES,820,"",IMBIRIBEIRA,532,SUBURBIO,COLISÃO TRASEIRA,COLISAO S/VITIMA. CAMINHONETE E CAMINHAO,1,,,,,,1,,,0,,Longo da via,Bom,Sem defeito,Perfeito estado,Molhada,Perfeito estado,Faixa de retenção,Não há placas,"",Dupla,Canteiro central,"",""
11672,2019-12-19T00:00:00,08:36:00,SEM VÍTIMA,CANCELADA,BOA VISTA,AV CONDE DA BOA VISTA,918,"",EM FRENTE A CAIXA ECONOMICA,AV CONDE DA BOA VISTA,918,EM FRENTE A CAIXA ECONOMICA,BOA VISTA,,"",COLISÃO,COLISAO S/ VITIMA. MOTO E UM AUTO GM NO LOCAL,1,1,,,,,,,,0,,"","","","","","","","","","","","",""
11673,2019-12-19T00:00:00,08:39:00,SEM VÍTIMA,FINALIZADA,BOA VISTA,RUA BARAO DE SAO BORJA,"",RUA JOSE DE ALENCAR,"",RUA BARAO DE SAO BORJA,"","",BOA VISTA,,SUBURBIO,ABALROAMENTO TRANSVERSAL,COLISÃO SEM VÍTIMA,2,,,,,,,,,0,,Cruzamento,Chuvoso,Não existe,Perfeito estado,Molhada,Perfeito estado,Não existe,Placas Pare,"",Única,Não existe,"",""
11674,2019-12-19T00:00:00,08:39:00,SEM VÍTIMA,FINALIZADA,SANTO AMARO,AV CRUZ CABUGA,1419,"",EM FRENTE AO SEFAZ,AV CRUZ CABUGA,1419,EM FRENTE AO SEFAZ,SANTO AMARO,,SUBURBIO,COLISÃO TRASEIRA,TRES AUTOS,3,,,,,,,,,0,,Longo da via,Chuvoso,Sem defeito,Não existente,Molhada,Perfeito estado,Outros,Não há placas,"",Dupla,Faixa seccionada,"",""
11675,2019-12-19T00:00:00,09:33:00,COM VÍTIMA,FINALIZADA,SANTO AMARO,AV GOVERNADOR AGAMENON MAGALHAES,"","",APÓS O VIADUTO DA AV. NORTE,AV GOVERNADOR AGAMENON MAGALHAES,"",APÓS O VIADUTO DA AV. NORTE,SANTO AMARO,,OLINDA,COLISÃO TRASEIRA,ÔNIBUS E MOTO,,1,,,,1,,,,1,,Longo da via,Bom,Não existe,Perfeito estado,Seca,Perfeito estado,Não existe,Não há placas,"",Dupla,Canal,"",""
11676,2019-12-19T00:00:00,09:46:00,SEM VÍTIMA,DUPLICIDADE,SANTO AMARO,RUA DO POMBAL,"",RUA FREI CASSIMIRO,"",RUA DO POMBAL,"","",SANTO AMARO,,"",COLISÃO,"",,,,,,,,,,0,,"","","","","","","","","","","","",""
11677,2019-12-19T00:00:00,09:47:00,SEM VÍTIMA,CANCELADA,IBURA,AV DOIS RIOS,"","",PROX :POLICLINICA ARNADOL MARQUES,AV DOIS RIOS,"",PROX :POLICLINICA ARNADOL MARQUES,IBURA,,"",COLISÃO,COLISÃO S/ VITIMA. DOIS AUTOS,2,,,,,,,,,0,,"","","","","","","","","","","","",""
11678,2019-12-19T00:00:00,09:56:00,SEM VÍTIMA,FINALIZADA,SANTO AMARO,RUA DO POMBAL,"",RUA FREI CASSIMIRO,EM FRENTE AIGREJA VERBO DA VIDA,RUA DO POMBAL,"",EM FRENTE AIGREJA VERBO DA VIDA,SANTO AMARO,,CIDADE,COLISÃO TRASEIRA,COLISAO S/VITMA. ONIBUS E MOTO,,1,,,,1,,,,0,,Cruzamento,Bom,Não existe,Perfeito estado,Seca,Perfeito estado,Faixa de retenção,Placas Pare,"",Única,Não existe,"",""
11679,2019-12-19T00:00:00,10:10:00,SEM VÍTIMA,FINALIZADA,CABANGA,AV ENGENHEIRO JOSE ESTELITA,"","",EM FRENTE AO CABANGA IATE CLUBE DE PERNAMBUCO,AV ENGENHEIRO JOSE ESTELITA,"",EM FRENTE AO CABANGA IATE CLUBE DE PERNAMBUCO,CABANGA,,CIDADE,COLISÃO TRASEIRA,COLISÃO SEM VÍTIMA,3,,,,,,,,,0,,Longo da via,Bom,Não existe,Perfeito estado,Seca,Perfeito estado,Não existe,Outras,60 km/h,Dupla,Faixa contínua,"",""
11680,2019-12-19T00:00:00,10:44:00,SEM VÍTIMA,FINALIZADA,NOVA DESCOBERTA,RUA TEREZA CARNEIRO,23,"","",RUA TEREZA CARNEIRO,23,"",NOVA DESCOBERTA,,SUBURBIO,CHOQUE VEÍCULO PARADO,COLISAO S/ VITIMA. DOIS CARROS E UM ONIBUS,2,,,,,1,,,,0,,Longo da via,Bom,Não existe,Não existente,Seca,Perfeito estado,Não existe,Não há placas,20 km/h,Dupla,Não existe,"",""
11681,2019-12-19T00:00:00,11:10:00,SEM VÍTIMA,FINALIZADA,JOANA BEZERRA,VIADUTO CAPITAO TEMUDO,"","",NA ALÇA DE ACESSO AO CABANGA,VIADUTO CAPITAO TEMUDO,"",NA ALÇA DE ACESSO AO CABANGA,JOANA BEZERRA,,SUBURBIO,COLISÃO TRASEIRA,COLISÃO S/VITIMAS ENTRE UM ONIBUS E UM AUTO,1,,,,,1,,,,0,,Longo da via,Bom,Não existe,Perfeito estado,Seca,Perfeito estado,Não existe,Não há placas,60 km/h,Dupla,Faixa seccionada,"",""