_id,DATA,hora,natureza_acidente,situacao,bairro,endereco,numero,detalhe_endereco_acidente,complemento,endereco_cruzamento,numero_cruzamento,referencia_cruzamento,bairro_cruzamento,num_semaforo,sentido_via,tipo,descricao,auto,moto,ciclom,ciclista,pedestre,onibus,caminhao,viatura,outros,vitimas,vitimasfatais,acidente_verificado,tempo_clima,situacao_semaforo,sinalizacao,condicao_via,conservacao_via,ponto_controle,situacao_placa,velocidade_max_via,mao_direcao,divisao_via1,divisao_via2,divisao_via3
11737,2019-12-20T00:00:00,13:57:00,SEM VÍTIMA,FINALIZADA,ILHA DO RETIRO,AV JOSE GONCALVES DE MEDEIROS,"","",CRUZAMENTO COM RUA SENADOR FÁBIO DE BARROS,AV JOSE GONCALVES DE MEDEIROS,"",CRUZAMENTO COM RUA SENADOR FÁBIO DE BARROS,ILHA DO RETIRO,,CIDADE,ABALROAMENTO LONGITUDINAL,SEM VITIMA,1,,,,,,1,,,0,,Cruzamento,Bom,Não existe,Perfeito estado,Seca,Perfeito estado,Não existe,Não há placas,"",Dupla,Faixa seccionada,"",""
11738,2019-12-20T00:00:00,14:08:00,SEM VÍTIMA,FINALIZADA,BOA VIAGEM,RUA ERNESTO DE PAULA SANTOS,316,RUA VISCONDE DE JEQUITINHONHA,"",RUA ERNESTO DE PAULA SANTOS,316,"",BOA VIAGEM,304,SUBURBIO,ABALROAMENTO LONGITUDINAL,COLISAO ENTRE DOIS AUTOS S/V,2,,,,,,,,,0,,Longo da via,Bom,Sem defeito,Perfeito estado,Seca,Perfeito estado,Agente,Não há placas,40 km/h,Única,Faixa contínua,"",""
11739,2019-12-20T00:00:00,14:28:00,SEM VÍTIMA,FINALIZADA,MADALENA,RUA SPORT CLUBE DO RECIFE,"","",SPORT CLUB RECIFE ( CAMPEÃO DE 1987),RUA SPORT CLUBE DO RECIFE,"",SPORT CLUB RECIFE ( CAMPEÃO DE 1987),MADALENA,,CIDADE,COLISÃO TRASEIRA,COLISÃO SEM VÍTIMA,1,1,,,,,,,,0,,Longo da via,Bom,Sem defeito,Perfeito estado,Seca,Perfeito estado,Faixa de pedestre,"","",Dupla,Faixa seccionada,Canteiro central,""
11740,2019-12-20T00:00:00,14:32:00,SEM VÍTIMA,FINALIZADA,CASA FORTE,RUA LEONARDO BEZERRA CAVALCANTE,366,"",MUSEU MURILLO LA GRECA,RUA LEONARDO BEZERRA CAVALCANTE,366,MUSEU MURILLO LA GRECA,CASA FORTE,,SUBURBIO,COLISÃO TRASEIRA,COLISAO ENTRE DOIS AUTOS S/V,2,,,,,,,,,0,,Longo da via,Bom,Não existe,Perfeito estado,Seca,Perfeito estado,Não existe,Outras,"",Dupla,"","",""
11741,2019-12-20T00:00:00,14:45:00,SEM VÍTIMA,FINALIZADA,BAIRRO DO RECIFE,RUA MARIZ E BARROS,"","",CRUZAMENTO COM AV MARQUES DE OLINDA,RUA MARIZ E BARROS,"",CRUZAMENTO COM AV MARQUES DE OLINDA,BAIRRO DO RECIFE,,"",ABALROAMENTO LONGITUDINAL,COLISÃO SEM VÍTIMA,1,,,,,,1,,,0,,Longo da via,Bom,Não existe,Perfeito estado,Seca,Perfeito estado,Não existe,R-6b,30 km/h,Única,Outros,"",""
11742,2019-12-20T00:00:00,14:57:00,SEM VÍTIMA,FINALIZADA,BOA VISTA,AV GOVERNADOR AGAMENON MAGALHAES,2805,"",EM FRENTE AO EDIFICIO HENRIQUE DIAS,AV GOVERNADOR AGAMENON MAGALHAES,2805,EM FRENTE AO EDIFICIO HENRIQUE DIAS,BOA VISTA,,"",ABALROAMENTO LONGITUDINAL,COLISÃO SEM VÍTIMA,1,,,,,1,,,,0,,Longo da via,Bom,Não existe,Incompleta,Seca,Perfeito estado,Não existe,Não há placas,"",Dupla,Canteiro central,"",""
11743,2019-12-20T00:00:00,15:02:00,SEM VÍTIMA,CANCELADA,MADALENA,AV VISCONDE DE ALBUQUERQUE,241,"",EM FRENTE AO BANCO ITAÚ,AV VISCONDE DE ALBUQUERQUE,241,EM FRENTE AO BANCO ITAÚ,MADALENA,,"",COLISÃO,COLISÃO SEM VÍTIMA,2,,,,,,,,,0,,"","","","","","","","","","","","",""
11744,2019-12-20T00:00:00,15:45:00,SEM VÍTIMA,CANCELADA,SÃO JOSÉ,C SANTA RITA,595,"",EM FRENTE AS TORRES GEMEAS / SENTIDO RECIFE ANTIGO,C SANTA RITA,595,EM FRENTE AS TORRES GEMEAS / SENTIDO RECIFE ANTIGO,SÃO JOSÉ,,"",COLISÃO,COLISÃO SEM VÍTIMA,2,,,,,,,,,0,,"","","","","","","","","","","","",""
11745,2019-12-20T00:00:00,16:11:00,SEM VÍTIMA,FINALIZADA,JAQUEIRA,RUA ANTENOR NAVARRO,138,"",LIVRARIA JAQUEIRA,RUA ANTENOR NAVARRO,138,LIVRARIA JAQUEIRA,JAQUEIRA,,CIDADE,COLISÃO TRASEIRA,COLISÃO SEM VÍTIMA,2,,,,,,,,,0,,Longo da via,Bom,Não existe,Perfeito estado,Seca,Perfeito estado,Não existe,Não há placas,"",Única,Faixa seccionada,"",""
11746,2019-12-20T00:00:00,16:34:00,SEM VÍTIMA,FINALIZADA,BOA VISTA,RUA DOS COELHOS,300,"",IMIP,RUA DOS COELHOS,300,IMIP,BOA VISTA,,SUBURBIO,ABALROAMENTO LONGITUDINAL,COLISAO ENTRE AUTO E AMINHAO S/V,1,,,,,,1,,,0,,Longo da via,Bom,Não existe,Perfeito estado,Seca,Perfeito estado,Não existe,Não há placas,30 km/h,Dupla,Faixa contínua,"",""
11747,2019-12-20T00:00:00,17:14:00,SEM VÍTIMA,FINALIZADA,PINA,RUA SAO LUIZ,591,AV HERCULANO BANDEIRA,AO LADO DA FARMÁCIA DO TRABALHADOR,RUA SAO LUIZ,591,AO LADO DA FARMÁCIA DO TRABALHADOR,PINA,,SUBURBIO,ABALROAMENTO TRANSVERSAL,COLISÃO SEM VÍTIMA,1,,,,,1,,,,0,,"",Bom,Não existe,Perfeito estado,Seca,Perfeito estado,Não existe,Placas Pare,"",Dupla,Não existe,"",""
11748,2019-12-20T00:00:00,17:29:00,SEM VÍTIMA,FINALIZADA,CIDADE UNIVERSITÁRIA,AV CAXANGA,"","",EM FRENTE AO GOLF CLUB,AV CAXANGA,"",EM FRENTE AO GOLF CLUB,CIDADE UNIVERSITÁRIA,,SUBURBIO,COLISÃO TRASEIRA,COLISÃO SEM VÍTIMA,3,,,,,,,,,0,,Longo da via,Bom,Sem defeito,Perfeito estado,Seca,Perfeito estado,Outros,Outras,60 km/h,Única,Faixa seccionada,"",""
11749,2019-12-20T00:00:00,17:34:00,SEM VÍTIMA,FINALIZADA,BOA VIAGEM,RUA RIBEIRO DE BRITO,"","",EM FRENTE A PADARIA RIO TÉJIO,RUA RIBEIRO DE BRITO,"",EM FRENTE A PADARIA RIO TÉJIO,BOA VIAGEM,,SUBURBIO,COLISÃO,COLISÃO SEM VÍTIMA,1,,,,,1,,,,0,,Cruzamento,Bom,Sem defeito,Perfeito estado,Seca,Perfeito estado,Faixa de pedestre,Não há placas,10 km/h,Única,Faixa contínua,"",""
11750,2019-12-20T00:00:00,18:10:00,COM VÍTIMA,FINALIZADA,SÃO JOSÉ,C SANTA RITA,"","",PRÓXIMO AO ARMAZÉM AGEMAR.,C SANTA RITA,"",PRÓXIMO AO ARMAZÉM AGEMAR.,SÃO JOSÉ,97,CIDADE,TOMBAMENTO,ACIDENTE DE PERCUSO COM VITIMA,,1,,,,,,,,1,,Longo da via,Bom,Sem defeito,Perfeito estado,Seca,Perfeito estado,Não existe,Não há placas,"",Dupla,Canteiro central,"",""
11751,2019-12-20T00:00:00,18:18:00,SEM VÍTIMA,CANCELADA,TEJIPIÓ,AV DR JOSE RUFINO,"","",E/ F AO 4 BCOM,AV DR JOSE RUFINO,"",E/ F AO 4 BCOM,TEJIPIÓ,,JABOATAO,COLISÃO,COLISAO SEM VITMAS,2,,,,,,,,,0,,"","","","","","","","","","","","",""
11752,2019-12-20T00:00:00,18:35:00,SEM VÍTIMA,CANCELADA,SANTO AMARO,AV CRUZ CABUGA,"","",AO LADO DO SHOPPING TACARUNA E E/F A PARADA DO BRT,AV CRUZ CABUGA,"",AO LADO DO SHOPPING TACARUNA E E/F A PARADA DO BRT,SANTO AMARO,202,"",COLISÃO,COLISAO SEM VITMAS,2,,,,,,,,,0,,"","","","","","","","","","","","",""
11753,2019-12-20T00:00:00,18:37:00,SEM VÍTIMA,FINALIZADA,GRAÇAS,RUA DO ESPINHEIRO,"",RUA AMELIA,"",RUA DO ESPINHEIRO,"","",GRAÇAS,195,CIDADE,ABALROAMENTO LONGITUDINAL,COLISAO SEM VITMAS,2,,,,,,,,,0,,Cruzamento,Bom,Sem defeito,Perfeito estado,Seca,Perfeito estado,Faixa de pedestre,R-6a,"",Única,Faixa contínua,"",""
11754,2019-12-20T00:00:00,18:58:00,SEM VÍTIMA,FINALIZADA,PAISSANDU,AV GOVERNADOR AGAMENON MAGALHAES,"","",AO LADO DO HOSPITAL MEMORIAL SÃO JOSÉ,AV GOVERNADOR AGAMENON MAGALHAES,"",AO LADO DO HOSPITAL MEMORIAL SÃO JOSÉ,PAISSANDU,,"",COLISÃO TRASEIRA,COLISAO SEM VITIMAS,2,,,,,,,,,0,,Longo da via,Bom,Não existe,Perfeito estado,Seca,Perfeito estado,Não existe,Não há placas,"",Dupla,Canteiro central,"",""
11755,2019-12-20T00:00:00,19:01:00,COM VÍTIMA,FINALIZADA,PINA,AV ENGENHEIRO DOMINGOS FERREIRA,890,"","",AV ENGENHEIRO DOMINGOS FERREIRA,890,"",PINA,,SUBURBIO,ATROPELAMENTO,"",,1,,,3,,,,,4,,Longo da via,Bom,Não existe,Perfeito estado,Seca,Perfeito estado,Não existe,Não há placas,60 km/h,Única,Faixa seccionada,"",""
11756,2019-12-20T00:00:00,19:26:00,SEM VÍTIMA,CANCELADA,MADALENA,AV BEIRA RIO,825,"",E/F AO EDFC RIVER TOWER,AV BEIRA RIO,825,E/F AO EDFC RIVER TOWER,MADALENA,,"",COLISÃO,COLISAO SEM VITIMAS,2,,,,,,,,,0,,"","","","","","","","","","","","",""
11757,2019-12-20T00:00:00,20:26:00,COM VÍTIMA,FINALIZADA,IPSEP,RUA JEAN EMILE FAVRE,1717,RUA DAVID PERNETA,E/F A PANIFICADORA VILA DO PAO,RUA JEAN EMILE FAVRE,1717,E/F A PANIFICADORA VILA DO PAO,IPSEP,,SUBURBIO,ABALROAMENTO LONGITUDINAL,COLISAO COM VITIMAS,1,1,,,,,,,,1,,Esquina,Bom,Não existe,Perfeito estado,Seca,Perfeito estado,Não existe,Não há placas,"",Dupla,Faixa seccionada,"",""
11758,2019-12-20T00:00:00,21:19:00,SEM VÍTIMA,FINALIZADA,TEJIPIÓ,AV DR JOSE RUFINO,3726,"",POSTE Nº H 033925,AV DR JOSE RUFINO,3726,POSTE Nº H 033925,TEJIPIÓ,,SUBURBIO,COLISÃO TRASEIRA,COLISAO SEM VITIMAS,2,,,,,,,,,0,,Longo da via,Bom,Não existe,Perfeito estado,Seca,Perfeito estado,Não existe,Não há placas,"",Dupla,Faixa contínua,"",""
11759,2019-12-20T00:00:00,22:10:00,SEM VÍTIMA,FINALIZADA,COQUEIRAL,RUA GENERAL MANUEL RABELO,"","",SEMÁFORO Nº 285,RUA GENERAL MANUEL RABELO,"",SEMÁFORO Nº 285,COQUEIRAL,285,SUBURBIO,ABALROAMENTO LONGITUDINAL,COLISAO SEM VITIMAS,1,,,,,1,,,,0,,Longo da via,Bom,Sem defeito,Perfeito estado,Seca,Perfeito estado,Faixa de pedestre,Não há placas,"",Dupla,Faixa contínua,"",""
11760,2019-12-20T00:00:00,22:50:00,SEM VÍTIMA,FINALIZADA,IBURA,RUA EXP FRANCISCO VITORIANO,"",RUA VALE DO CARIRI,"",RUA EXP FRANCISCO VITORIANO,"","",IBURA,,"",ABALROAMENTO TRANSVERSAL,COLISAO SEM VITIMAS,1,1,,,,,,,,0,,Cruzamento,Bom,Não existe,Não existente,Seca,Mal iluminada,Não existe,Não há placas,30 km/h,Dupla,Não existe,"",""
11761,2019-12-20T00:00:00,22:55:00,COM VÍTIMA,CANCELADA,BOA VISTA,AV CONDE DA BOA VISTA,"",AV GUARARAPES,"",AV CONDE DA BOA VISTA,"","",BOA VISTA,,"",COLISÃO,"",1,1,,,,,,,,1,,"","","","","","","","","","","","",""
11762,2019-12-20T00:00:00,23:32:00,COM VÍTIMA,FINALIZADA,IMBIRIBEIRA,RUA ANTONIO FALCAO,80,"",E/F A MUNDO CABELEREIRO E LAFITTE.,RUA ANTONIO FALCAO,80,E/F A MUNDO CABELEREIRO E LAFITTE.,IMBIRIBEIRA,,SUBURBIO,ABALROAMENTO TRANSVERSAL,COLISAO COM VITIMAS,1,1,,,,,,,,1,,Longo da via,Bom,Não existe,Perfeito estado,Seca,Perfeito estado,Não existe,"","",Única,Faixa seccionada,Canteiro central,""
11763,2019-12-20T00:00:00,23:40:00,SEM VÍTIMA,FINALIZADA,BARRO,AV DR JOSE RUFINO,2642,"",PONTE,AV DR JOSE RUFINO,2642,PONTE,BARRO,,CIDADE,COLISÃO FRONTAL,COLISAO SEM VITIMAS,2,,,,,,,,,0,,Ponte,Bom,Não existe,Perfeito estado,Seca,Perfeito estado,Não existe,Não há placas,60 km/h,Dupla,Faixa contínua,"",""
11764,2019-12-21T00:00:00,00:35:00,SEM VÍTIMA,FINALIZADA,CORDEIRO,AV ENGENHEIRO ABDIAS DE CARVALHO,"","",SEMÁFORO Nº 375,AV ENGENHEIRO ABDIAS DE CARVALHO,"",SEMÁFORO Nº 375,CORDEIRO,375,SUBURBIO,CHOQUE VEÍCULO PARADO,COLISÃO ENTRE DOIS AUTOS S/V,2,,,,,,,,,0,,Longo da via,Bom,Sem defeito,Perfeito estado,Seca,Perfeito estado,Faixa de pedestre,Não há placas,"",Única,Faixa seccionada,Canteiro central,""
11765,2019-12-21T00:00:00,05:40:00,SEM VÍTIMA,FINALIZADA,AFOGADOS,RUA MOTOCOLOMBO,"",RUA PROFESSOR AUGUSTO WANDERLEY FILHO,TROCÃO,RUA MOTOCOLOMBO,"",TROCÃO,AFOGADOS,39,SUBURBIO,ABALROAMENTO TRANSVERSAL,COLISÃO ENTRE DOIS AUTOS S/V,2,,,,,,,,,0,,Cruzamento,Bom,Sem defeito,Perfeito estado,Seca,Perfeito estado,Faixa de pedestre,R-6a,"",Única,Não existe,"",""
11766,2019-12-21T00:00:00,02:04:00,SEM VÍTIMA,FINALIZADA,AFOGADOS,RUA DA PAZ,"",RUA NICOLAU PEREIRA,"",RUA DA PAZ,"","",AFOGADOS,73,"",COLISÃO FRONTAL,COLISÃO ENTRE DOIS AUTOS S/V,2,,,,,,,,,0,,Cruzamento,Bom,Sem defeito,Perfeito estado,Seca,Perfeito estado,Faixa de pedestre,Não há placas,40 km/h,Única,Faixa seccionada,"",""
11767,2019-12-21T00:00:00,08:06:00,SEM VÍTIMA,FINALIZADA,GRAÇAS,RUA AMELIA,"",AV RUI BARBOSA,MUSEU DO ESTADO DE PERNAMBUCO (MEPE).,RUA AMELIA,"",MUSEU DO ESTADO DE PERNAMBUCO (MEPE).,GRAÇAS,48,"",ABALROAMENTO LONGITUDINAL,COLISAO S/ VITIMA ENTRE VEICULO E UM ONIBUS. GM NO LOCAL,1,,,,,1,,,,0,,Cruzamento,Bom,Sem defeito,Perfeito estado,Seca,Perfeito estado,Faixa de pedestre,Outras,40 km/h,Única,Faixa seccionada,"",""
11768,2019-12-21T00:00:00,09:16:00,COM VÍTIMA,FINALIZADA,IMBIRIBEIRA,RUA JULIO VERNE,71,RUA ENGENHEIRO JOSE APOLINARIO,SINDICATO DOS TAXISTAS,RUA JULIO VERNE,71,SINDICATO DOS TAXISTAS,IMBIRIBEIRA,,CIDADE,ABALROAMENTO LONGITUDINAL,AUTO E MOTO,1,1,,,,,,,,1,,Longo da via,Bom,Não existe,Perfeito estado,Seca,Perfeito estado,"","","",Dupla,"","",""
11769,2019-12-21T00:00:00,09:32:00,SEM VÍTIMA,CANCELADA,JARDIM SÃO PAULO,AV RECIFE,"","",EM FRENTE: IMPERIO EQUIPAMENTO,AV RECIFE,"",EM FRENTE: IMPERIO EQUIPAMENTO,JARDIM SÃO PAULO,261,CIDADE,COLISÃO,COLISAO S/ VITIMA ENTRE VEICULO E MOTO.,,,,,,,,,,0,,"","","","","","","","","","","","",""
11770,2019-12-21T00:00:00,10:29:00,SEM VÍTIMA,FINALIZADA,GRAÇAS,AV CONS ROSA E SILVA,1715,RUA JOSE CLEMENTINO,AO LADO DA FARMÁCIA DROGASIL,AV CONS ROSA E SILVA,1715,AO LADO DA FARMÁCIA DROGASIL,GRAÇAS,,"",ABALROAMENTO TRANSVERSAL,COLISAO S/VITIMA. VEICULO E MOTO,1,1,,,,,,,,0,,Cruzamento,Bom,Não existe,Perfeito estado,Seca,Perfeito estado,Não existe,Placas Pare,"",Dupla,Não existe,"",""
11771,2019-12-21T00:00:00,11:21:00,SEM VÍTIMA,FINALIZADA,DERBY,RUA DAS CREOULAS,294,"",EM FRENTE AO MACUNAÍMA,RUA DAS CREOULAS,294,EM FRENTE AO MACUNAÍMA,DERBY,,SUBURBIO,COLISÃO TRASEIRA,COLISÃO SEM VITIMAS,2,,,,,,,,,0,,Longo da via,Bom,Não existe,Perfeito estado,Seca,Perfeito estado,Faixa de pedestre,R-6a,"",Única,Faixa seccionada,"",""
11772,2019-12-21T00:00:00,11:25:00,SEM VÍTIMA,FINALIZADA,BOA VIAGEM,RUA SETUBAL,542,"",EM FRENTE AO EDIFÍCIO PLAZA VERSAILLES,RUA SETUBAL,542,EM FRENTE AO EDIFÍCIO PLAZA VERSAILLES,BOA VIAGEM,,SUBURBIO,ABALROAMENTO LONGITUDINAL,COLISAO S/VITIMA.ENTRE DOIS VEICULOS,2,,,,,,,,,0,,Longo da via,Bom,Não existe,Não existente,Seca,Perfeito estado,Não existe,"","",Única,Não existe,"",""
11773,2019-12-21T00:00:00,11:50:00,COM VÍTIMA,FINALIZADA,VÁRZEA,AV AFONSO OLINDENSE,962,RUA APULEU VIEIRA,PROX A LOMBADA ELETRONICA EM FRENTE A IGREJA BATISTA DA VARZEA,AV AFONSO OLINDENSE,962,PROX A LOMBADA ELETRONICA EM FRENTE A IGREJA BATISTA DA VARZEA,VÁRZEA,,SUBURBIO,ABALROAMENTO LONGITUDINAL,COLISÃO COM VITIMA,2,1,,,,,,,,1,,Longo da via,Bom,"",Perfeito estado,Seca,Perfeito estado,Outros,Outras,"",Dupla,Faixa seccionada,"",""
11774,2019-12-21T00:00:00,12:12:00,SEM VÍTIMA,FINALIZADA,ALTO JOSÉ BONIFÁCIO,RUA ALTO JOSE BONIFACIO,682,RUA DA TAPA,"",RUA ALTO JOSE BONIFACIO,682,"",ALTO JOSÉ BONIFÁCIO,,SUBURBIO,COLISÃO FRONTAL,COLISÃO SEM VÍTIMA,1,,,,,1,,,,0,,Longo da via,Chuvoso,Não existe,Não existente,Molhada,Perfeito estado,Não existe,Não há placas,40 km/h,Dupla,Faixa contínua,"",""
11775,2019-12-21T00:00:00,12:23:00,SEM VÍTIMA,FINALIZADA,TAMARINEIRA,EST VELHA DE AGUA FRIA,655A,"",EM FRENTE A QUITANDA DO BAIRRO,EST VELHA DE AGUA FRIA,655A,EM FRENTE A QUITANDA DO BAIRRO,TAMARINEIRA,,CIDADE,ABALROAMENTO LONGITUDINAL,COLISAO ENTRE AUTO E MOTO S/V,1,1,,,,,,,,0,,Longo da via,Bom,Não existe,Perfeito estado,Seca,Perfeito estado,Não existe,Outras,"",Dupla,Faixa contínua,"",""
11776,2019-12-21T00:00:00,12:30:00,SEM VÍTIMA,PENDENTE,CORDEIRO,AV CAXANGA,2421,"",EM FRENTE A TOP CAR,AV CAXANGA,2421,EM FRENTE A TOP CAR,CORDEIRO,,CIDADE,COLISÃO,COLISÃO SEM VÍTIMA,2,,,,,,,,,0,,"","","","","","","","","","","","",""
11777,2019-12-21T00:00:00,12:51:00,COM VÍTIMA,FINALIZADA,SÃO JOSÉ,AV SUL,619,"",E/F A MINEIRO RODAS,AV SUL,619,E/F A MINEIRO RODAS,SÃO JOSÉ,,CIDADE,ABALROAMENTO LONGITUDINAL,COLISAO ENTRE AUTO E MOTO COM DUAS VITIMAS,1,1,,,,,,,,2,,Longo da via,Bom,Não existe,Perfeito estado,Seca,Perfeito estado,Não existe,Outras,"",Única,Faixa seccionada,Canteiro central,""
11778,2019-12-21T00:00:00,13:06:00,SEM VÍTIMA,FINALIZADA,IBURA,RUA EXP FRANCISCO VITORIANO,116,"","",RUA EXP FRANCISCO VITORIANO,116,"",IBURA,,CIDADE,ABALROAMENTO LONGITUDINAL,COLISAO ENTRE DOIS AUTOS S/V,1,,,,,,1,,,0,,Longo da via,Bom,Não existe,Incompleta,Seca,Mal conservada,Não existe,R-6a,"",Dupla,Não existe,"",""
11779,2019-12-21T00:00:00,13:35:00,SEM VÍTIMA,CANCELADA,BOA VIAGEM,RUA RAYMUNDO GOMES GONDIN,350,RUA PADRE GIORDANO,EM FRENTE A IGREJA NOSSA SENHORA DE FÁTIMA,RUA RAYMUNDO GOMES GONDIN,350,EM FRENTE A IGREJA NOSSA SENHORA DE FÁTIMA,BOA VIAGEM,,"",COLISÃO,COLISÃO ENTRE DOIS AUTOS S/V,2,,,,,,,,,0,,"","","","","","","","","","","","",""
11780,2019-12-21T00:00:00,13:49:00,COM VÍTIMA,FINALIZADA,VÁRZEA,RUA AGRICOLANDIA,"",RUA PROFESSOR ANTONIO COELHO,PROXIMO A PADARIA CDU,RUA AGRICOLANDIA,"",PROXIMO A PADARIA CDU,VÁRZEA,,SUBURBIO,ABALROAMENTO TRANSVERSAL,COLISÃO COM VÍTIMA,1,1,,,,,,,,1,,Cruzamento,Bom,Não existe,Perfeito estado,Seca,Perfeito estado,"","","",Dupla,"","",""
11781,2019-12-21T00:00:00,14:28:00,SEM VÍTIMA,CANCELADA,JORDÃO,AV MARIA IRENE,865,"",EM FRENTE AO POSTO ESTRELA,AV MARIA IRENE,865,EM FRENTE AO POSTO ESTRELA,JORDÃO,,"",COLISÃO,COLISÃO SEM VÍTIMA,1,1,,,,,,,,0,,"","","","","","","","","","","","",""
11782,2019-12-21T00:00:00,15:05:00,SEM VÍTIMA,FINALIZADA,SANTO AMARO,AV GOVERNADOR AGAMENON MAGALHAES,315,"",EM FRENTE AO Nº 115,AV GOVERNADOR AGAMENON MAGALHAES,315,EM FRENTE AO Nº 115,SANTO AMARO,,SUBURBIO,ABALROAMENTO LONGITUDINAL,COLISAO ENTRE DOIS AUTOS S/V,2,,,,,,,,,0,,Longo da via,Bom,Não existe,Não existente,Seca,Perfeito estado,Não existe,Não há placas,60 km/h,"",Canteiro central,"",""
11783,2019-12-21T00:00:00,15:08:00,SEM VÍTIMA,FINALIZADA,COELHOS,RUA DOS COELHOS,441,"",EM FRENTE AO IMIP,RUA DOS COELHOS,441,EM FRENTE AO IMIP,COELHOS,,SUBURBIO,ABALROAMENTO LONGITUDINAL,COLISÃO SEM VÍTIMA,1,,,,,1,,,,0,,Longo da via,Bom,Não existe,Perfeito estado,Seca,Perfeito estado,Não existe,R-6c,"",Dupla,Faixa contínua,"",""
11784,2019-12-21T00:00:00,15:33:00,COM VÍTIMA,FINALIZADA,TEJIPIÓ,AV DR JOSE RUFINO,"","",EM CIMA DO VIADUTO DA AV DR JOSE RUFINO QUE CRUZA A BR 101,AV DR JOSE RUFINO,"",EM CIMA DO VIADUTO DA AV DR JOSE RUFINO QUE CRUZA A BR 101,TEJIPIÓ,,SUBURBIO,ABALROAMENTO TRANSVERSAL,COLISÃO ENTRE ATO E MOTO C/V,1,1,,,,,,,,1,,Longo da via,Bom,Não existe,Perfeito estado,Seca,Perfeito estado,Não existe,Não há placas,"",Dupla,Faixa seccionada,"",""
11785,2019-12-21T00:00:00,15:45:00,COM VÍTIMA,FINALIZADA,JAQUEIRA,RUA DEPUTADO PEDRO PIRES FERREIRA,95,"","EM FRENTE AO EDIFICIO STUDIO PARQUE PRINCE, AO LADO DO AÇAI NO PONTO",RUA DEPUTADO PEDRO PIRES FERREIRA,95,"EM FRENTE AO EDIFICIO STUDIO PARQUE PRINCE, AO LADO DO AÇAI NO PONTO",JAQUEIRA,,SUBURBIO,COLISÃO COM CICLISTA,COLISÃO ENTRE AUTO E CICLISTA C/V. NO Q11857BOLETIM FÍSICO CONSTA COMO NATUREZA: COLISÃO TRASEIRA E NÃO HOUVE IDENTIFICAÇÃO DA VÍTIMA NEM DO OUTRO VEÍCULO ENVOLVIDO.,1,,,1,,,,,,1,,Longo da via,Bom,Não existe,Perfeito estado,Seca,Perfeito estado,Não existe,Não há placas,40 km/h,Dupla,Faixa seccionada,"",""
11786,2019-12-21T00:00:00,16:18:00,SEM VÍTIMA,CANCELADA,GUABIRABA,EST DA MUMBECA,20,"","PROX DA COMPORTA MÓVEIS PLANEJADOS, PROX DO SABOR DA CASA BOLO DE ROLO",EST DA MUMBECA,20,"PROX DA COMPORTA MÓVEIS PLANEJADOS, PROX DO SABOR DA CASA BOLO DE ROLO",GUABIRABA,,"",COLISÃO,COLISÃO ENTRE DOIS AUTOS S/V,2,,,,,,,,,0,,"","","","","","","","","","","","",""
11787,2019-12-21T00:00:00,17:27:00,COM VÍTIMA,FINALIZADA,JIQUIÁ,AV JOAO CABRAL DE MELO NETO,271,"",PROX DA PIZZARIA JARDIM DO ÉDEN,AV JOAO CABRAL DE MELO NETO,271,PROX DA PIZZARIA JARDIM DO ÉDEN,JIQUIÁ,,CIDADE,ATROPELAMENTO,ATROPELAMENTO ENVOLVENDO MOTO E PEDESTRE,,1,,,1,,,,,1,,Longo da via,Bom,Não existe,Perfeito estado,Seca,Perfeito estado,Não existe,"","",Dupla,Canteiro central,"",""
11788,2019-12-21T00:00:00,17:43:00,SEM VÍTIMA,CANCELADA,JARDIM SÃO PAULO,RUA LEOBINA PEREIRA,347,"",RUA RESIDENCIAL,RUA LEOBINA PEREIRA,347,RUA RESIDENCIAL,JARDIM SÃO PAULO,,"",COLISÃO,COLISÃO SEM VÍTIMA,2,,,,,,,,,0,,"","","","","","","","","","","","",""
11789,2019-12-21T00:00:00,19:26:00,SEM VÍTIMA,FINALIZADA,CASA AMARELA,RUA PADRE LEMOS,391,AV PEDRO ALLAIN,"",RUA PADRE LEMOS,391,"",CASA AMARELA,,SUBURBIO,ABALROAMENTO TRANSVERSAL,COLISAO SEM VITIMAS,1,,,,,1,,,,0,,Cruzamento,Bom,Não existe,Incompleta,Seca,Perfeito estado,Faixa de pedestre,Outras,"",Dupla,Não existe,"",""
11790,2019-12-21T00:00:00,20:00:00,SEM VÍTIMA,FINALIZADA,IPSEP,RUA ADERBAL DE MELO,"",RUA HELIO BRANDAO,"",RUA ADERBAL DE MELO,"","",IPSEP,,SUBURBIO,ABALROAMENTO TRANSVERSAL,ENTRE 3 AUTOS. S/V,3,,,,,,,,,0,,Cruzamento,Bom,Não existe,Perfeito estado,Seca,Perfeito estado,Não existe,Placas Pare,"",Dupla,Não existe,"",""
11791,2019-12-21T00:00:00,21:01:00,SEM VÍTIMA,FINALIZADA,ARRUDA,AV PROFESSOR JOSE DOS ANJOS,"",RUA JERONIMO VILELA,"",AV PROFESSOR JOSE DOS ANJOS,"","",ARRUDA,642,"",ABALROAMENTO LONGITUDINAL,COLISAO SEM VITIMAS,1,,,,,,1,,,0,,Cruzamento,Bom,Sem defeito,Perfeito estado,Seca,Perfeito estado,Faixa de pedestre,Outras,"",Dupla,Não existe,"",""