_id,DATA,hora,natureza_acidente,situacao,bairro,endereco,numero,detalhe_endereco_acidente,complemento,endereco_cruzamento,numero_cruzamento,referencia_cruzamento,bairro_cruzamento,num_semaforo,sentido_via,tipo,descricao,auto,moto,ciclom,ciclista,pedestre,onibus,caminhao,viatura,outros,vitimas,vitimasfatais,acidente_verificado,tempo_clima,situacao_semaforo,sinalizacao,condicao_via,conservacao_via,ponto_controle,situacao_placa,velocidade_max_via,mao_direcao,divisao_via1,divisao_via2,divisao_via3
11845,2019-12-23T00:00:00,14:50:00,SEM VÍTIMA,FINALIZADA,IBURA,AV DOIS RIOS,903,RUA RIO CHUI,JT CONFECÇÕES / FARMÁCIA HIPERMED,AV DOIS RIOS,903,JT CONFECÇÕES / FARMÁCIA HIPERMED,IBURA,475,CIDADE,COLISÃO TRASEIRA,COLISAO ENTRE DOIS AUTOS S/V,2,,,,,,,,,0,,Longo da via,Bom,Sem defeito,Perfeito estado,Seca,Perfeito estado,Faixa de pedestre,Outras,"",Dupla,Faixa contínua,Faixa seccionada,""
11846,2019-12-23T00:00:00,14:51:00,SEM VÍTIMA,FINALIZADA,AFOGADOS,RUA VINTE E UM DE ABRIL,"","",EM FRENTE AO Nº 39 A . SENTIDO ÚNICO,RUA VINTE E UM DE ABRIL,"",EM FRENTE AO Nº 39 A . SENTIDO ÚNICO,AFOGADOS,,CIDADE,COLISÃO TRASEIRA,COLISÃO SEM VÍTIMA,1,,,,,1,,,,0,,Longo da via,Bom,Não existe,Perfeito estado,Seca,Perfeito estado,Não existe,Não há placas,"",Única,Não existe,"",""
11847,2019-12-23T00:00:00,15:38:00,SEM VÍTIMA,CANCELADA,IBURA,RUA PINTOR AGENOR DE ALBUQUERQUE CESAR,"","",VILA DO SESI,RUA PINTOR AGENOR DE ALBUQUERQUE CESAR,"",VILA DO SESI,IBURA,,"",COLISÃO,COLISÃO SEM VITIMA,2,,,,,,,,,0,,"","","","","","","","","","","","",""
11848,2019-12-23T00:00:00,15:45:00,SEM VÍTIMA,FINALIZADA,AFOGADOS,AV SUL,"","","",AV SUL,"","",AFOGADOS,320,CIDADE,COLISÃO TRASEIRA,COLISAO ENTRE DOIS AUTOS S/V,2,,,,,,,,,0,,Longo da via,Bom,Sem defeito,Perfeito estado,Seca,Perfeito estado,Faixa de retenção,Outras,"",Dupla,Faixa contínua,Faixa seccionada,Canteiro central
11849,2019-12-23T00:00:00,16:03:00,SEM VÍTIMA,FINALIZADA,MADALENA,AV VISCONDE DE ALBUQUERQUE,300,"",ASTRAL VEÍCULOS,AV VISCONDE DE ALBUQUERQUE,300,ASTRAL VEÍCULOS,MADALENA,,"",ABALROAMENTO LONGITUDINAL,COLISAO ENTRE AUTO E CAMINHAO S/V,1,,,,,,1,,,0,,Longo da via,Bom,"",Perfeito estado,Seca,Perfeito estado,"",R-6a,"",Única,Faixa seccionada,"",""
11850,2019-12-23T00:00:00,17:02:00,COM VÍTIMA,FINALIZADA,CORDEIRO,AV CAXANGA,1319,"",E/F AO BRADESCO S/T CID,AV CAXANGA,1319,E/F AO BRADESCO S/T CID,CORDEIRO,,CIDADE,TOMBAMENTO,AUTO E MOTO.,1,1,,,,,,,,1,,Longo da via,Bom,Sem defeito,Perfeito estado,Seca,Perfeito estado,Não existe,Não há placas,50 km/h,Dupla,Canteiro central,"",""
11851,2019-12-23T00:00:00,17:12:00,SEM VÍTIMA,FINALIZADA,MACAXEIRA,RUA DOIS IRMAOS,"","",SOBRE O VIADUTO DA BR 101,RUA DOIS IRMAOS,"",SOBRE O VIADUTO DA BR 101,MACAXEIRA,416,SUBURBIO,COLISÃO TRASEIRA,COLISÃO SEM VÍTIMA,1,,,,,1,,,,0,,Viaduto,Bom,Sem defeito,Perfeito estado,Seca,Perfeito estado,Outros,Outras,"",Dupla,Faixa seccionada,"",""
11852,2019-12-23T00:00:00,18:20:00,SEM VÍTIMA,FINALIZADA,IMBIRIBEIRA,AV GENERAL MAC ARTHUR,114,"",Nº 114/ AO LADO ART LED,AV GENERAL MAC ARTHUR,114,Nº 114/ AO LADO ART LED,IMBIRIBEIRA,,SUBURBIO,ABALROAMENTO LONGITUDINAL,COLISAO ENTRE DOIS AUTOS S/V,2,,,,,,,,,0,,Longo da via,Bom,Não existe,Perfeito estado,Seca,Perfeito estado,Não existe,Não há placas,"",Única,Faixa seccionada,"",""
11853,2019-12-23T00:00:00,18:22:00,SEM VÍTIMA,FINALIZADA,JAQUEIRA,RUA DO FUTURO,"","","",RUA DO FUTURO,"","",JAQUEIRA,,"",ABALROAMENTO LONGITUDINAL,"ENTRE AUTO PASSEIO E CAMINHÃO DO LIXO, S/V",1,,,,,,1,,,0,,Longo da via,Bom,Não existe,Perfeito estado,Seca,Perfeito estado,"",Não há placas,40 km/h,Única,Não existe,"",""
11854,2019-12-23T00:00:00,18:57:00,SEM VÍTIMA,FINALIZADA,BOA VIAGEM,RUA VISCONDE DE JEQUITINHONHA,"","",EM FRENTE AO HOSP. ALFA,RUA VISCONDE DE JEQUITINHONHA,"",EM FRENTE AO HOSP. ALFA,BOA VIAGEM,,"",ABALROAMENTO LONGITUDINAL,COLISAO SEM VITIMAS,1,,,,,1,,,,0,,Longo da via,Bom,Sem defeito,Perfeito estado,Seca,Perfeito estado,"",Outras,"",Única,Faixa seccionada,"",""
11855,2019-12-23T00:00:00,19:08:00,SEM VÍTIMA,FINALIZADA,JORDÃO,AV MARIA IRENE,718,"",IGREJA DE DEUS NOVO TEMPLO,AV MARIA IRENE,718,IGREJA DE DEUS NOVO TEMPLO,JORDÃO,,SUBURBIO,COLISÃO TRASEIRA,ENTRE 2 AUTOS. S/ V,2,,,,,,,,,0,,Longo da via,Bom,Não existe,Incompleta,Seca,Mal iluminada,Não existe,Outras,"",Dupla,Faixa contínua,"",""
11856,2019-12-23T00:00:00,19:19:00,COM VÍTIMA,FINALIZADA,IMBIRIBEIRA,AV MARECHAL MASCARENHAS DE MORAES,"","",NO FINAL DO MURO DO AEROPORTO,AV MARECHAL MASCARENHAS DE MORAES,"",NO FINAL DO MURO DO AEROPORTO,IMBIRIBEIRA,,SUBURBIO,ABALROAMENTO TRANSVERSAL,COLISAO COM VITIMAS. UM SEGUNDO VEÍCULO NÃO PRESTOU SOCORRO ÀS VÍTIMAS E EVADIU-SE DO LOCAL.,,1,,,,,,,,2,,Outros,Bom,Não existe,Perfeito estado,Seca,Perfeito estado,Não existe,Não há placas,60 km/h,Única,Faixa seccionada,"",""
11857,2019-12-23T00:00:00,19:37:00,SEM VÍTIMA,FINALIZADA,BOA VIAGEM,RUA RIBEIRO DE BRITO,1326,RUA AMALIA BERNARDINO DE SOUZA,UNIDADE DE SAÚDE DA FAMÍLIA - BEIRA DO RIO,RUA RIBEIRO DE BRITO,1326,UNIDADE DE SAÚDE DA FAMÍLIA - BEIRA DO RIO,BOA VIAGEM,,CIDADE,ABALROAMENTO TRANSVERSAL,COLISAO SEM VITIMAS,2,,,,,,,,,0,,Longo da via,Bom,Não existe,Incompleta,Seca,"",Não existe,Outras,"",Única,Faixa seccionada,"",""
11858,2019-12-23T00:00:00,20:16:00,SEM VÍTIMA,FINALIZADA,SANTO AMARO,RUA DO SOSSEGO,"",RUA PEDRO AFONSO,"",RUA DO SOSSEGO,"","",SANTO AMARO,,CIDADE,ABALROAMENTO TRANSVERSAL,COLISAO SEM VITIMAS,2,,,,,,,,,0,,Cruzamento,Bom,Não existe,Perfeito estado,Seca,Perfeito estado,Faixa de pedestre,Placas Pare,40 km/h,Dupla,Faixa seccionada,"",""
11859,2019-12-23T00:00:00,20:17:00,SEM VÍTIMA,CANCELADA,SANTO AMARO,RUA OLIMPIO BONALD,315,"",POR TRÁS DA CASA DA INDÚSTRIA,RUA OLIMPIO BONALD,315,POR TRÁS DA CASA DA INDÚSTRIA,SANTO AMARO,,"",COLISÃO,ENTRE 2 AUTOS. S/V,2,,,,,,,,,0,,"","","","","","","","","","","","",""
11860,2019-12-23T00:00:00,20:32:00,SEM VÍTIMA,FINALIZADA,BOA VIAGEM,AV ENGENHEIRO DOMINGOS FERREIRA,801,"",ARTESINA FIORI,AV ENGENHEIRO DOMINGOS FERREIRA,801,ARTESINA FIORI,BOA VIAGEM,,SUBURBIO,CHOQUE OBJETO FIXO,VEICULO E EDFC,1,,,,,,,,,0,,Longo da via,Bom,Não existe,Perfeito estado,Seca,Perfeito estado,Não existe,Não há placas,60 km/h,Única,Faixa seccionada,"",""
11861,2019-12-24T00:00:00,18:30:00,SEM VÍTIMA,FINALIZADA,CORDEIRO,AV GENERAL SAN MARTIN,"",RUA GOMES TABORDA,"",AV GENERAL SAN MARTIN,"","",CORDEIRO,67,"",ABALROAMENTO TRANSVERSAL,ENTRE 2 AUTOS. S/V,2,,,,,,,,,0,,Cruzamento,Bom,Sem defeito,Perfeito estado,Seca,Perfeito estado,Faixa de pedestre,Outras,"",Dupla,Faixa contínua,Faixa seccionada,""
11862,2019-12-23T00:00:00,23:21:00,COM VÍTIMA,FINALIZADA,BOA VIAGEM,AV BOA VIAGEM,2846,"",AO LADO DA PADARIA BOA VIAGEM / SEMÁFORO 548,AV BOA VIAGEM,2846,AO LADO DA PADARIA BOA VIAGEM / SEMÁFORO 548,BOA VIAGEM,,CIDADE,COLISÃO TRASEIRA,ENTRE AUTO E MOTO. C/V,1,1,,,,,,,,2,,Longo da via,Bom,Sem defeito,Perfeito estado,Seca,Perfeito estado,Faixa de pedestre,"",60 km/h,Única,Faixa seccionada,"",""
11863,2019-12-24T00:00:00,07:19:00,SEM VÍTIMA,FINALIZADA,CORDEIRO,RUA GREGORIO JUNIOR,161,RUA HONORIO CORREIA,AO LADO DO Nº 161,RUA GREGORIO JUNIOR,161,AO LADO DO Nº 161,CORDEIRO,,"",ABALROAMENTO LONGITUDINAL,SEM VITIMAS,2,,,,,,,,,0,,"",Bom,Não existe,Perfeito estado,Seca,Perfeito estado,Não existe,Não há placas,"",Única,Faixa contínua,"",""
11864,2019-12-24T00:00:00,07:45:00,SEM VÍTIMA,FINALIZADA,COELHOS,TRV DO RAPOSO,"","",AO LADO DA CM PRODUTOS SIDERÚRGICOS Nº 1006,TRV DO RAPOSO,"",AO LADO DA CM PRODUTOS SIDERÚRGICOS Nº 1006,COELHOS,,"",CHOQUE VEÍCULO PARADO,COLISÃO SEM VITIMAS,2,,,,,,,,,0,,Longo da via,Bom,Sem defeito,Perfeito estado,Seca,Perfeito estado,Faixa de pedestre,R-4a,40 km/h,Única,Não existe,"",""
11865,2019-12-24T00:00:00,09:15:00,SEM VÍTIMA,FINALIZADA,ESPINHEIRO,AV NORTE,"","",EM FRENTE AO ESCHALIAM,AV NORTE,"",EM FRENTE AO ESCHALIAM,ESPINHEIRO,,CIDADE,CHOQUE VEÍCULO PARADO,sem vitimas/CTTU NO LOCAL,4,4,,,,,1,,,0,,Longo da via,Bom,Sem defeito,Perfeito estado,Seca,Perfeito estado,Não existe,Não há placas,60 km/h,Dupla,Canteiro central,"",""
11866,2019-12-24T00:00:00,09:45:00,SEM VÍTIMA,FINALIZADA,SANTO AMARO,AV CRUZ CABUGA,1387,"",EM FRENTE A COMPESA,AV CRUZ CABUGA,1387,EM FRENTE A COMPESA,SANTO AMARO,,CIDADE,ABALROAMENTO LONGITUDINAL,SEM VITIMAS.,1,,,,,1,,,,0,,Longo da via,Bom,Sem defeito,Perfeito estado,Seca,Perfeito estado,"","","",Dupla,"","",""
11867,2019-12-24T00:00:00,09:56:00,SEM VÍTIMA,FINALIZADA,CASA AMARELA,RUA VISCONDE DE TAUNAY,230,AV NORTE,RESTAURANTE PAJE,RUA VISCONDE DE TAUNAY,230,RESTAURANTE PAJE,CASA AMARELA,,CIDADE,COLISÃO FRONTAL,DOIS AUTOS,2,,,,,,,,,0,,Longo da via,Bom,Não existe,Perfeito estado,Seca,Perfeito estado,Não existe,Não há placas,"",Dupla,Não existe,"",""
11868,2019-12-24T00:00:00,10:58:00,COM VÍTIMA,FINALIZADA,ROSARINHO,AV NORTE,"",AV SANTOS DUMONT,PADARIA ROSARINHO,AV NORTE,"",PADARIA ROSARINHO,ROSARINHO,81,CIDADE,ATROPELAMENTO,CARRO SE EVADIU E NÃO PEGARAM A PLACA,1,,,,1,,,,,1,,Cruzamento,Bom,Sem defeito,Perfeito estado,Seca,Perfeito estado,Faixa de pedestre,Outras,"",Dupla,Canteiro central,"",""
11869,2019-12-24T00:00:00,11:02:00,SEM VÍTIMA,FINALIZADA,BOA VIAGEM,RUA FRANCISCO DA CUNHA,440,RUA PROFESSOR JOSE BRANDAO,EMPRESARIAL MASTER,RUA FRANCISCO DA CUNHA,440,EMPRESARIAL MASTER,BOA VIAGEM,,SUBURBIO,ABALROAMENTO TRANSVERSAL,COLISAO S/ VITIMA. DOIS VEICULOS,2,,,,,,,,,0,,Cruzamento,Bom,Não existe,Incompleta,Seca,Perfeito estado,Não existe,Placas Pare,"",Única,Faixa seccionada,"",""
11870,2019-12-24T00:00:00,11:13:00,SEM VÍTIMA,FINALIZADA,IMBIRIBEIRA,AV MARECHAL MASCARENHAS DE MORAES,4996,"","",AV MARECHAL MASCARENHAS DE MORAES,4996,"",IMBIRIBEIRA,,"",COLISÃO TRASEIRA,COLISAO S/ VITIMA. TRES VEICULOS. VT 30 NO LOCAL,3,,,,,,,,,0,,Longo da via,Bom,Sem defeito,Perfeito estado,Seca,Perfeito estado,"",R-6a,"",Única,Faixa seccionada,"",""
11871,2019-12-24T00:00:00,11:41:00,SEM VÍTIMA,FINALIZADA,IMBIRIBEIRA,RUA ITAJAI,479,"","",RUA ITAJAI,479,"",IMBIRIBEIRA,,CIDADE,CHOQUE VEÍCULO PARADO,SEM VITIMAS.,2,,,,,,,,,0,,Longo da via,Bom,Não existe,Não existente,Seca,Perfeito estado,Não existe,Não há placas,"",Dupla,Não existe,"",""
11872,2019-12-24T00:00:00,12:04:00,SEM VÍTIMA,FINALIZADA,JORDÃO,RUA ALBERTO LUNDGREN,"",RUA DR ALVARO FERRAZ,MERCADO PUBLICO DO JORDAO,RUA ALBERTO LUNDGREN,"",MERCADO PUBLICO DO JORDAO,JORDÃO,,"",ABALROAMENTO TRANSVERSAL,COLISAO S/ VITIMA. UM VEICULO E UM MOTO,1,1,,,,,,,,0,,Cruzamento,Bom,Não existe,Ilegível,Seca,Perfeito estado,Faixa de pedestre,"","","","","",""
11873,2019-12-24T00:00:00,12:41:00,SEM VÍTIMA,FINALIZADA,BONGI,EST DO BONGI,"","",EM FRENTE AO SEMÁFORO Nº 233,EST DO BONGI,"",EM FRENTE AO SEMÁFORO Nº 233,BONGI,233,"",COLISÃO TRASEIRA,COLISAO ENTRE ONIBUS E AUTO S/V,1,,,,,1,,,,0,,Longo da via,Bom,Sem defeito,Perfeito estado,Seca,Perfeito estado,Faixa de pedestre,R-6a,40 km/h,Dupla,Faixa contínua,"",""
11874,2019-12-24T00:00:00,12:58:00,COM VÍTIMA,CANCELADA,SÃO JOSÉ,C SANTA RITA,382,"",EM FRENTE A JUNIOR DISTRIBUIÇÃO,C SANTA RITA,382,EM FRENTE A JUNIOR DISTRIBUIÇÃO,SÃO JOSÉ,,"",COLISÃO,COLISÃO COM VÍTIMA,1,1,,,,,,,,1,,"","","","","","","","","","","","",""
11875,2019-12-24T00:00:00,13:07:00,SEM VÍTIMA,FINALIZADA,TORRE,RUA REAL DA TORRE,"",RUA CONDE DE IRAJA,E/F AO EXTRABOM,RUA REAL DA TORRE,"",E/F AO EXTRABOM,TORRE,,"",COLISÃO,COLISAO ENTRE CAMINHAO E AUTO S/V,1,,,,,,1,,,0,,"","","","","","","","","","","","",""
11876,2019-12-24T00:00:00,13:10:00,SEM VÍTIMA,CANCELADA,ENCRUZILHADA,AV NORTE,"","",DO MESMO LADO DO SANTANDER,AV NORTE,"",DO MESMO LADO DO SANTANDER,ENCRUZILHADA,,"",COLISÃO,COLISÃO SEM VITIMA,2,,,,,,,,,0,,"","","","","","","","","","","","",""
11877,2019-12-24T00:00:00,13:11:00,COM VÍTIMA,FINALIZADA,CAMPO GRANDE,RUA FRANKLIN TAVORA,650,RUA OLIVEIRA FONSECA,PROXIMO A ESCOLA MARIO MELO. EDF. KORINTHIOS.,RUA FRANKLIN TAVORA,650,PROXIMO A ESCOLA MARIO MELO. EDF. KORINTHIOS.,CAMPO GRANDE,,SUBURBIO,ABALROAMENTO TRANSVERSAL,COLISÃO COM VÍTIMA,1,1,,,,,,,,1,,Cruzamento,Bom,Não existe,Perfeito estado,Seca,Perfeito estado,Faixa de pedestre,Placas Pare,"",Dupla,Não existe,"",""
11878,2019-12-24T00:00:00,13:24:00,SEM VÍTIMA,FINALIZADA,BOA VIAGEM,RUA VISCONDE DE JEQUITINHONHA,3800,"",ZECA MONTEIRO REBOQUE,RUA VISCONDE DE JEQUITINHONHA,3800,ZECA MONTEIRO REBOQUE,BOA VIAGEM,,SUBURBIO,ABALROAMENTO LONGITUDINAL,COLISAO ENTRE DOIS AUTOS S/V,2,,,,,,,,,0,,Longo da via,Bom,Não existe,Perfeito estado,Seca,Mal conservada,Não existe,Não há placas,"",Única,Canal,"",""
11879,2019-12-24T00:00:00,13:45:00,SEM VÍTIMA,FINALIZADA,"",RUA CARLOS MARIGHELLA,566,"",APÓS A SUBIDA DO CAMPO DA UNIÃO,RUA CARLOS MARIGHELLA,566,APÓS A SUBIDA DO CAMPO DA UNIÃO,"",,"",COLISÃO TRASEIRA,COLISAO ENTRE DOIS AUTO S/V,2,,,,,,,,,0,,"",Bom,Não existe,Não existente,Seca,Perfeito estado,Não existe,Não há placas,30 km/h,Dupla,Não existe,"",""
11880,2019-12-24T00:00:00,13:50:00,SEM VÍTIMA,CANCELADA,CAXANGÁ,AV JOAQUIM RIBEIRO,714,"","APOS A UPA, EM FRENTE AO RESIDENCIAL MARCOS FREIRE, SENTIDO CAMARAGIBE",AV JOAQUIM RIBEIRO,714,"APOS A UPA, EM FRENTE AO RESIDENCIAL MARCOS FREIRE, SENTIDO CAMARAGIBE",CAXANGÁ,,"",ENGAVETAMENTO,SEM VITIMA,4,,,,,,,,,0,,"","","","","","","","","","","","",""
11881,2019-12-24T00:00:00,"",COM VÍTIMA,FINALIZADA,BOA VISTA,AV VISCONDE DE SUASSUNA,164,"",APOS O MINISTERIO PUBLICO E/F A DELEGACIA DE POLICIA,AV VISCONDE DE SUASSUNA,164,APOS O MINISTERIO PUBLICO E/F A DELEGACIA DE POLICIA,BOA VISTA,,SUBURBIO,ABALROAMENTO LONGITUDINAL,COLISAO ENTRE AUTO E MOTO COM DUAS VITIMAS,1,1,,,,,,,,2,,Longo da via,Bom,Sem defeito,Perfeito estado,Seca,Perfeito estado,Outros,Outras,40 km/h,Única,Faixa seccionada,"",""
11882,2019-12-24T00:00:00,14:46:00,SEM VÍTIMA,FINALIZADA,BOA VIAGEM,AV DOM JOAO VI,"",RUA ALFREDO MARCONDES,POR TRAS DO HIPER BOMPREÇO,AV DOM JOAO VI,"",POR TRAS DO HIPER BOMPREÇO,BOA VIAGEM,543,SUBURBIO,COLISÃO TRASEIRA,COLISÃO SEM VÍTIMA,2,,,,,,,,,0,,Longo da via,Bom,Sem defeito,Perfeito estado,Seca,Perfeito estado,Não existe,"","",Dupla,Canal,"",""
11883,2019-12-24T00:00:00,14:49:00,SEM VÍTIMA,FINALIZADA,AREIAS,RUA DA VILA,226,RUA BARROS SOBRINHO,PRÓXIMO AO GRUPO DOS ALCCÓLCOS ANÔNIMOS,RUA DA VILA,226,PRÓXIMO AO GRUPO DOS ALCCÓLCOS ANÔNIMOS,AREIAS,,"",ABALROAMENTO TRANSVERSAL,COLISAO ENTRE AUTO E MOTO S/V,1,1,,,,,,,,0,,Cruzamento,Bom,Não existe,Não existente,Seca,Perfeito estado,Não existe,Não há placas,"",Dupla,Não existe,"",""
11884,2019-12-24T00:00:00,14:56:00,SEM VÍTIMA,CANCELADA,ÁGUA FRIA,AV BEBERIBE,"","",POSTO DE COMBUSTIVEL IPIRANGA,AV BEBERIBE,"",POSTO DE COMBUSTIVEL IPIRANGA,ÁGUA FRIA,,"",COLISÃO,COLISÃO SEM VÍTIMA,1,,,,,,1,,,0,,"","","","","","","","","","","","",""
11885,2019-12-24T00:00:00,15:26:00,SEM VÍTIMA,FINALIZADA,CORDEIRO,AV PROFESSOR ESTEVAO FRANCISCO DA COSTA,121,RUA TOMAZ GONZAGA,MERCFRUTI NOSSA SENHORA DAS GRAÇAS,AV PROFESSOR ESTEVAO FRANCISCO DA COSTA,121,MERCFRUTI NOSSA SENHORA DAS GRAÇAS,CORDEIRO,,SUBURBIO,CHOQUE OBJETO FIXO,CARRO CHOCOU SE COM ÁVORE / SEM VÍTIMA,1,,,,,,,,,0,,Longo da via,Bom,Não existe,Incompleta,Seca,Perfeito estado,Não existe,Não há placas,"",Única,Canal,"",""
11886,2019-12-24T00:00:00,15:28:00,SEM VÍTIMA,CANCELADA,ÁGUA FRIA,AV BEBERIBE,"","",EM FRENTE AO MERCADO DE ÁGUA FRIA,AV BEBERIBE,"",EM FRENTE AO MERCADO DE ÁGUA FRIA,ÁGUA FRIA,,"",COLISÃO,COLISÃO SEM VÍTIMA,1,,,,,1,,,,0,,"","","","","","","","","","","","",""
11887,2019-12-24T00:00:00,15:32:00,SEM VÍTIMA,CANCELADA,CASA AMARELA,RUA MAJOR NEREU GUERRA,131,RUA DR CARLOS MAVIGNIER,ANTES DA ESCOLA PADRE MACHADO,RUA MAJOR NEREU GUERRA,131,ANTES DA ESCOLA PADRE MACHADO,CASA AMARELA,,"",COLISÃO,COLISAO ENTRE DOIS AUTOS S/V,2,,,,,,,,,0,,"","","","","","","","","","","","",""
11888,2019-12-24T00:00:00,16:11:00,COM VÍTIMA,FINALIZADA,BOA VIAGEM,RUA FRANCISCO DA CUNHA,440,RUA PROFESSOR JOSE BRANDAO,PROX. AO RESTAURANTE AMADEU,RUA FRANCISCO DA CUNHA,440,PROX. AO RESTAURANTE AMADEU,BOA VIAGEM,,CIDADE,ABALROAMENTO TRANSVERSAL,AUTO E MOTO.,1,1,,,,,,,,1,,Cruzamento,Bom,Não existe,Incompleta,Seca,Perfeito estado,Não existe,Placas Pare,"",Única,Faixa seccionada,"",""
11889,2019-12-24T00:00:00,18:16:00,SEM VÍTIMA,CANCELADA,ENCRUZILHADA,av norte,"","",EM FRENTE A OS CORREIOS,av norte,"",EM FRENTE A OS CORREIOS,ENCRUZILHADA,,CIDADE,COLISÃO,sem vitimas/CTTU NO LOCAL,3,,,,,,1,,,0,,"","","","","","","","","","","","",""
11890,2019-12-24T00:00:00,18:16:00,SEM VÍTIMA,FINALIZADA,BOA VIAGEM,RUA ERNESTO DE PAULA SANTOS,75,RUA DOS NAVEGANTES,"",RUA ERNESTO DE PAULA SANTOS,75,"",BOA VIAGEM,,SUBURBIO,ABALROAMENTO LONGITUDINAL,COLISAO SEM VITIMAS,2,,,,,,,,,0,,Cruzamento,Bom,Não existe,Perfeito estado,Seca,Perfeito estado,Não existe,Placas Pare,"",Única,Faixa seccionada,"",""
11891,2019-12-24T00:00:00,18:56:00,SEM VÍTIMA,FINALIZADA,BOA VIAGEM,RUA TENENTE DOMINGOS DE BRITO,"",RUA RIBEIRO DE BRITO,AO LADO DO EMPRESARIAL 1002,RUA TENENTE DOMINGOS DE BRITO,"",AO LADO DO EMPRESARIAL 1002,BOA VIAGEM,331,"",ABALROAMENTO LONGITUDINAL,COLISAO SEM VITIMAS,1,,,,,1,,,,0,,Longo da via,Bom,Sem defeito,Não existente,Seca,Mal conservada,Não existe,Não há placas,"",Única,Não existe,"",""
11892,2019-12-24T00:00:00,19:01:00,COM VÍTIMA,FINALIZADA,SANTO ANTÔNIO,AV GUARARAPES,120,"",E/F A FARMACIA SUPER FARMA,AV GUARARAPES,120,E/F A FARMACIA SUPER FARMA,SANTO ANTÔNIO,,"",ATROPELAMENTO,ATROPELAMENTO ENTRE ONIBUS E PEDESTRE,,,,,1,1,,,,1,,Longo da via,Bom,Sem defeito,Perfeito estado,Seca,Perfeito estado,Faixa de pedestre,Outras,"",Dupla,Canteiro central,"",""
11893,2019-12-24T00:00:00,19:16:00,SEM VÍTIMA,FINALIZADA,SAN MARTIN,AV GENERAL SAN MARTIN,"","",AO LADO DA ESCOLA ADVENTISTA / SEMÁFORO 371,AV GENERAL SAN MARTIN,"",AO LADO DA ESCOLA ADVENTISTA / SEMÁFORO 371,SAN MARTIN,371,SUBURBIO,COLISÃO TRASEIRA,COLISAO SEM VITIMAS,2,,,,,,,,,0,,Longo da via,Bom,Sem defeito,Perfeito estado,Seca,Perfeito estado,Faixa de pedestre,Não há placas,"",Dupla,Faixa contínua,Faixa seccionada,""
11894,2019-12-24T00:00:00,20:20:00,SEM VÍTIMA,FINALIZADA,AREIAS,AV RECIFE,"","",POSTO SHELL,AV RECIFE,"",POSTO SHELL,AREIAS,,SUBURBIO,CHOQUE VEÍCULO PARADO,COLISAO SEM VITIMAS,2,,,,,,,,,0,,"",Bom,Não existe,Perfeito estado,Seca,Perfeito estado,Não existe,Não há placas,"",Dupla,Faixa seccionada,"",""
11895,2019-12-25T00:00:00,04:59:00,COM VÍTIMA,FINALIZADA,BOA VIAGEM,RUA PROFESSOR ARNALDO CARNEIRO LEAO,"",RUA PEDRO PAES MENDONCA,EM FRENTE AO BIG BOMPREÇO,RUA PROFESSOR ARNALDO CARNEIRO LEAO,"",EM FRENTE AO BIG BOMPREÇO,BOA VIAGEM,544,SUBURBIO,COLISÃO TRASEIRA,AUTO E MOTO,1,1,,,,,,,,2,,Longo da via,Bom,Sem defeito,Perfeito estado,Seca,Perfeito estado,"",Não há placas,"",Única,Faixa contínua,"",""
11896,2019-12-25T00:00:00,05:27:00,COM VÍTIMA,FINALIZADA,ESTÂNCIA,AV ESTANCIA,43,RUA MORAIS E SILVA,PROX DA PADARIA SITIENCE,AV ESTANCIA,43,PROX DA PADARIA SITIENCE,ESTÂNCIA,,SUBURBIO,ABALROAMENTO TRANSVERSAL,COLISÃO ENTRE DOIS CARROS C/V,2,,,,,,,,,2,,Cruzamento,Bom,Não existe,Ilegível,Seca,Perfeito estado,Não existe,"","",Única,Faixa seccionada,"",""
11897,2019-12-25T00:00:00,07:16:00,COM VÍTIMA,FINALIZADA,GRAÇAS,AV RUI BARBOSA,500,"",EM FRENTE AO EXTRABOM SUPERMERCADOS.,AV RUI BARBOSA,500,EM FRENTE AO EXTRABOM SUPERMERCADOS.,GRAÇAS,126,"",COLISÃO TRASEIRA,DOIS AUTOS E MOTO,2,1,,,,,,,,1,,Cruzamento,Bom,Sem defeito,Perfeito estado,Seca,Perfeito estado,Faixa de pedestre,Outras,"",Única,Faixa contínua,"",""
11898,2019-12-25T00:00:00,07:49:00,COM VÍTIMA,FINALIZADA,IBURA,RUA DR OTAVIO DE MORAES VASCONCELOS,5B,RUA VALE DO ITAJAI,EM FRENTE A PANIFICADORA DOIS RIOS E PRAÇA DO UR-05,RUA DR OTAVIO DE MORAES VASCONCELOS,5B,EM FRENTE A PANIFICADORA DOIS RIOS E PRAÇA DO UR-05,IBURA,,SUBURBIO,COLISÃO FRONTAL,MOTO E AUTO,1,1,,,,,,,,1,,Esquina,Bom,Não existe,Não existente,Seca,Mal conservada,"",Não há placas,"",Dupla,Não existe,"",""
11899,2019-12-25T00:00:00,10:04:00,SEM VÍTIMA,CANCELADA,NOVA DESCOBERTA,AV VEREADOR OTACILIO AZEVEDO,2827,"",EM FRENTE AO ARMAZEM BARBOSÃO,AV VEREADOR OTACILIO AZEVEDO,2827,EM FRENTE AO ARMAZEM BARBOSÃO,NOVA DESCOBERTA,,"",COLISÃO,SEM VITIMAS,1,,,,,1,,,,0,,"","","","","","","","","","","","",""
11900,2019-12-25T00:00:00,11:34:00,SEM VÍTIMA,FINALIZADA,JAQUEIRA,RUA DO FUTURO,913,RUA DEPUTADO PEDRO PIRES FERREIRA,EM FRENTE A JAQUEIRA PARK CENTER,RUA DO FUTURO,913,EM FRENTE A JAQUEIRA PARK CENTER,JAQUEIRA,,CIDADE,ABALROAMENTO TRANSVERSAL,SEM VITIMAS,1,,,,,1,,,,0,,Cruzamento,Bom,Não existe,Perfeito estado,Seca,Perfeito estado,Não existe,Outras,40 km/h,Única,Não existe,"",""