_id,DATA,hora,natureza_acidente,situacao,bairro,endereco,numero,detalhe_endereco_acidente,complemento,endereco_cruzamento,numero_cruzamento,referencia_cruzamento,bairro_cruzamento,num_semaforo,sentido_via,tipo,descricao,auto,moto,ciclom,ciclista,pedestre,onibus,caminhao,viatura,outros,vitimas,vitimasfatais,acidente_verificado,tempo_clima,situacao_semaforo,sinalizacao,condicao_via,conservacao_via,ponto_controle,situacao_placa,velocidade_max_via,mao_direcao,divisao_via1,divisao_via2,divisao_via3
12008,2019-12-28T00:00:00,17:03:00,SEM VÍTIMA,FINALIZADA,BOA VIAGEM,RUA DES JOAO PAES,561,RUA GENERAL AMERICANO FREIRE,EDIFÍCIO VILA MAKUTA,RUA DES JOAO PAES,561,EDIFÍCIO VILA MAKUTA,BOA VIAGEM,,"",ABALROAMENTO LONGITUDINAL,COISAO ENTRE DOIS AUTOS S/V,2,,,,,,,,,0,,Cruzamento,Bom,Não existe,Ilegível,Seca,Perfeito estado,Não existe,"","",Única,Não existe,"",""
12009,2019-12-28T00:00:00,17:39:00,SEM VÍTIMA,DUPLICIDADE,IPSEP,AV RECIFE,"","",PRÓX. PAN DE AREIAS,AV RECIFE,"",PRÓX. PAN DE AREIAS,IPSEP,,212,COLISÃO,COLISÃO SEM VITIMA,2,,,,,,,,,0,,"","","","","","","","","","","","",""
12010,2019-12-28T00:00:00,17:40:00,SEM VÍTIMA,FINALIZADA,IPSEP,AV RECIFE,"",AV PRESIDENTE KENNEDY,"",AV RECIFE,"","",IPSEP,212,"",COLISÃO TRASEIRA,COLISÃO SEM VITIMA,2,,,,,,,,,0,,"",Bom,Sem defeito,Perfeito estado,Seca,Perfeito estado,"",Não há placas,60 km/h,Dupla,Canteiro central,"",""
12011,2019-12-28T00:00:00,18:54:00,SEM VÍTIMA,FINALIZADA,BOA VIAGEM,RUA DEZ DE JULHO,184,RUA CAMBOIM,"",RUA DEZ DE JULHO,184,"",BOA VIAGEM,,SUBURBIO,ABALROAMENTO TRANSVERSAL,ENTRE DOIS AUTOS S/V,2,,,,,,,,,0,,Cruzamento,Bom,Não existe,Perfeito estado,Seca,Perfeito estado,Não existe,Placas Pare,"",Única,Faixa seccionada,"",""
12012,2019-12-28T00:00:00,22:54:00,SEM VÍTIMA,FINALIZADA,JARDIM SÃO PAULO,RUA MADRE ROSA,182,RUA SENADOR ALBERTO PASQUALINI,"",RUA MADRE ROSA,182,"",JARDIM SÃO PAULO,,SUBURBIO,ABALROAMENTO LONGITUDINAL,CAMINHÃO X AUTO PASSEIO S/V,1,,,,,,1,,,0,,Longo da via,Bom,Sem defeito,Perfeito estado,Seca,Perfeito estado,Não existe,Não há placas,"",Única,Não existe,"",""
12013,2019-12-28T00:00:00,23:11:00,COM VÍTIMA,FINALIZADA,BOA VIAGEM,RUA JOSE DOMINGUES DA SILVA,113,RUA BELMONTE,E/F AO EDIFICIO VIA SPAZIO,RUA JOSE DOMINGUES DA SILVA,113,E/F AO EDIFICIO VIA SPAZIO,BOA VIAGEM,,SUBURBIO,COLISÃO FRONTAL,TAXI X MOTO COM VÍTIMA,1,1,,,,,1,,,1,,Cruzamento,Bom,Não existe,Perfeito estado,Seca,Perfeito estado,Outros,Placas Pare,"",Dupla,Faixa seccionada,"",""
12014,2019-12-28T00:00:00,23:17:00,COM VÍTIMA,CANCELADA,ENCRUZILHADA,RUA DONA JULIETA,"","",E/F AO CONFRARIA DO MAR,RUA DONA JULIETA,"",E/F AO CONFRARIA DO MAR,ENCRUZILHADA,,"",COLISÃO,AUTO PASSEIO X MOTO COM VÍTIMA,1,1,,,,,,,,1,,"","","","","","","","","","","","",""
12015,2019-12-29T00:00:00,06:45:00,COM VÍTIMA,FINALIZADA,ÁGUA FRIA,RUA DO MACHADO,862,RUA MANOEL SILVA,EM FRENTE AO EMPÓRIO DA CERVEJA,RUA DO MACHADO,862,EM FRENTE AO EMPÓRIO DA CERVEJA,ÁGUA FRIA,,"",ABALROAMENTO TRANSVERSAL,AUTO E MOTO,1,1,,,,,,,,1,,Cruzamento,Bom,Não existe,Perfeito estado,Seca,Perfeito estado,Faixa de retenção,Placas Pare,40 km/h,Dupla,Faixa seccionada,"",""
12016,2019-12-29T00:00:00,07:04:00,SEM VÍTIMA,CANCELADA,MORRO DA CONCEIÇÃO,PRC DA CONCEICAO,250,"",EM FRENTE A BINA BURGUER,PRC DA CONCEICAO,250,EM FRENTE A BINA BURGUER,MORRO DA CONCEIÇÃO,,"",COLISÃO,SEM VITIMAS,2,,,,,,,,,0,,"","","","","","","","","","","","",""
12017,2019-12-29T00:00:00,07:20:00,SEM VÍTIMA,FINALIZADA,SÃO JOSÉ,AV SUL,"","",LADO OPOSTO AO GALPÃO DO AGEMAR,AV SUL,"",LADO OPOSTO AO GALPÃO DO AGEMAR,SÃO JOSÉ,473,CIDADE,ABALROAMENTO LONGITUDINAL,AUTO E ONIBUS,1,,,,,1,,,,0,,Longo da via,Bom,Sem defeito,Perfeito estado,Seca,Perfeito estado,Faixa de retenção,Outras,"",Dupla,Faixa contínua,Faixa seccionada,Canteiro central
12018,2019-12-29T00:00:00,08:32:00,COM VÍTIMA,FINALIZADA,CAMPO GRANDE,RUA ODORICO MENDES,166,RUA VISCONDE DE CAIRU,RESIDENCIA PROX AO CLUBE DAS PÁS,RUA ODORICO MENDES,166,RESIDENCIA PROX AO CLUBE DAS PÁS,CAMPO GRANDE,,CIDADE,ABALROAMENTO LONGITUDINAL,COLISÃO COM VITIMAS SOCORRIDA PELO SAMU,1,1,,,,,,,,1,,Cruzamento,Bom,Não existe,Perfeito estado,Seca,Perfeito estado,Não existe,Outras,"",Dupla,Não existe,"",""
12019,2019-12-29T00:00:00,10:04:00,SEM VÍTIMA,FINALIZADA,DERBY,AV GOVERNADOR AGAMENON MAGALHAES,"","",EM FRENTE AO HOSPITAL DA RESTAURAÇÃO,AV GOVERNADOR AGAMENON MAGALHAES,"",EM FRENTE AO HOSPITAL DA RESTAURAÇÃO,DERBY,650,"",COLISÃO TRASEIRA,COLISÃO SEM VITIMAS,,1,,,,1,,,,0,,Longo da via,Bom,Sem defeito,Perfeito estado,Seca,Perfeito estado,Faixa de pedestre,Outras,"",Dupla,Canal,"",""
12020,2019-12-29T00:00:00,12:23:00,SEM VÍTIMA,FINALIZADA,PONTO DE PARADA,RUA FREDERICO,10,AV BEBERIBE,EM FRENTE A IGREJA PRESBITERIANA,RUA FREDERICO,10,EM FRENTE A IGREJA PRESBITERIANA,PONTO DE PARADA,238,"",ABALROAMENTO LONGITUDINAL,COLISÃO SEM VITIMAS,3,,,,,,,,,0,,Longo da via,Bom,Sem defeito,Perfeito estado,Seca,Perfeito estado,Faixa de pedestre,Não há placas,"",Única,Faixa contínua,"",""
12021,2019-12-29T00:00:00,13:03:00,SEM VÍTIMA,CANCELADA,TORRE,RUA DIOGO ALVARES,"","",NO FINAL DA PRAÇA DA TORRE,RUA DIOGO ALVARES,"",NO FINAL DA PRAÇA DA TORRE,TORRE,,"",COLISÃO,COLISÃO SEM VITIMAS,1,1,,,,,,,,0,,"","","","","","","","","","","","",""
12022,2019-12-29T00:00:00,13:28:00,COM VÍTIMA,FINALIZADA,TORRE,RUA REAL DA TORRE,1485,"",EM FRENTE AO EDIFICIO CAROLANS. JOANA D'ARC CABELEIREIRA,RUA REAL DA TORRE,1485,EM FRENTE AO EDIFICIO CAROLANS. JOANA D'ARC CABELEIREIRA,TORRE,,SUL,ABALROAMENTO LONGITUDINAL,COLISÃO COM VÍTIMA,1,1,,,,,,,,1,,Longo da via,Bom,Não existe,Não existente,Seca,Perfeito estado,"","","","","","",""
12023,2019-12-29T00:00:00,15:04:00,SEM VÍTIMA,FINALIZADA,"",RUA IMPERIAL,1198,RUA LOURENCO DA SILVA,"",RUA IMPERIAL,1198,"","",,SUBURBIO,ABALROAMENTO TRANSVERSAL,COLISÃO SEM VÍTIMA,2,,,,,,,,,0,,Cruzamento,Bom,Não existe,Perfeito estado,Seca,Perfeito estado,Não existe,Placas Pare,"",Única,Faixa contínua,Faixa seccionada,""
12024,2019-12-29T00:00:00,15:55:00,SEM VÍTIMA,FINALIZADA,BOA VIAGEM,RUA BRUNO VELOSO,"","",EM FRENTE A ENTRADA 7 DO SHOPPING RECIFE,RUA BRUNO VELOSO,"",EM FRENTE A ENTRADA 7 DO SHOPPING RECIFE,BOA VIAGEM,,"",ABALROAMENTO LONGITUDINAL,COLISÃO SEM VITIMA,2,,,,,,,,,0,,Longo da via,Bom,Não existe,Perfeito estado,Seca,Perfeito estado,Não existe,Não há placas,"",Única,Faixa contínua,"",""
12025,2019-12-29T00:00:00,16:13:00,SEM VÍTIMA,CANCELADA,BOA VIAGEM,RUA RIBEIRO DE BRITO,1326,"",APÓS A MAURICIO DE NASSAU,RUA RIBEIRO DE BRITO,1326,APÓS A MAURICIO DE NASSAU,BOA VIAGEM,,"",COLISÃO,COLISÃO SEM VÍTIMA,2,,,,,,,,,0,,"","","","","","","","","","","","",""
12026,2019-12-29T00:00:00,17:28:00,SEM VÍTIMA,FINALIZADA,IPUTINGA,EST DO BARBALHO,236,"","","",236,"",IPUTINGA,,SUBURBIO,CHOQUE VEÍCULO PARADO,COLISÃO SEM VÍTIMA,2,,,,,,,,,0,,Longo da via,Bom,Não existe,Perfeito estado,Seca,Perfeito estado,Não existe,Outras,30 km/h,Única,Não existe,"",""
12027,2019-12-29T00:00:00,17:32:00,COM VÍTIMA,FINALIZADA,DOIS IRMÃOS,RUA DOIS IRMAOS,414,"",PRÓX A ROSE BELTRÃO,EST DO BARBALHO,414,PRÓX A ROSE BELTRÃO,DOIS IRMÃOS,535,SUBURBIO,ABALROAMENTO LONGITUDINAL,ENTRE AUTO E MOTO. C/V,1,1,,,,,,,,1,,Longo da via,Bom,Sem defeito,Perfeito estado,Seca,Perfeito estado,Outros,Outras,"",Dupla,Faixa seccionada,"",""
12028,2019-12-29T00:00:00,19:44:00,SEM VÍTIMA,FINALIZADA,VÁRZEA,AV AFONSO OLINDENSE,1147,RUA SITIO DOS COQUEIROS,"",AV AFONSO OLINDENSE,1147,"",VÁRZEA,,SUBURBIO,ABALROAMENTO TRANSVERSAL,ENTRE 2 AUTOS. S/V,2,,,,,,,,,0,,Longo da via,Bom,Não existe,Perfeito estado,Seca,Perfeito estado,Outros,Outras,"",Dupla,Faixa seccionada,"",""
12029,2019-12-29T00:00:00,21:03:00,SEM VÍTIMA,CANCELADA,IMBIRIBEIRA,AV MARECHAL MASCARENHAS DE MORAES,3402,"","E/F AO SUPERMERCADO SAM'S CLUB E AO POSTO BR, SNT AEROPORTO",AV MARECHAL MASCARENHAS DE MORAES,3402,"E/F AO SUPERMERCADO SAM'S CLUB E AO POSTO BR, SNT AEROPORTO",IMBIRIBEIRA,,"",COLISÃO,ENTRE AUTO PASSEIO E ÔNIBUS. S/V,1,,,,,1,,,,0,,"","","","","","","","","","","","",""
12030,2019-12-30T00:00:00,01:22:00,COM VÍTIMA,FINALIZADA,IBURA,RUA RIO XINGU,262,"","PRÓX A BIG VALE, NA RUA DO POSTO BR",RUA RIO XINGU,262,"PRÓX A BIG VALE, NA RUA DO POSTO BR",IBURA,,CIDADE,COLISÃO TRASEIRA,"COLISÃO ENTRE AUTO E MOTO, C/V",1,1,,,,,,,,1,,Longo da via,Bom,Não existe,Perfeito estado,Seca,Perfeito estado,Não existe,Não há placas,30 km/h,Dupla,Faixa seccionada,"",""
12031,2019-12-30T00:00:00,07:11:00,SEM VÍTIMA,FINALIZADA,SANTO ANTÔNIO,RUA DR JOSE MARIANO,"","",SOB O SEMÁFORO 209,RUA DR JOSE MARIANO,"",SOB O SEMÁFORO 209,SANTO ANTÔNIO,209,CIDADE,ABALROAMENTO LONGITUDINAL,AUTO E ONIBUS,1,,,,,1,,,,0,,Longo da via,Bom,Sem defeito,Perfeito estado,Seca,Perfeito estado,Não existe,Outras,"",Única,Não existe,"",""
12032,2019-12-30T00:00:00,07:12:00,SEM VÍTIMA,FINALIZADA,TORREÃO,AV NORTE,"",RUA AUGUSTO RODRIGUES,PRAÇA DA PICANHA,AV NORTE,"",PRAÇA DA PICANHA,TORREÃO,376,CIDADE,CHOQUE OBJETO FIXO,CONDUTOR CHOCOU SE CONTRA PRISMA DE CONCRETO,1,,,,,,,,,0,,Cruzamento,Bom,Sem defeito,Perfeito estado,Seca,Perfeito estado,Faixa de pedestre,R-6c,60 km/h,Dupla,Faixa contínua,Canteiro central,""
12033,2019-12-30T00:00:00,08:41:00,SEM VÍTIMA,FINALIZADA,SÃO JOSÉ,RUA DA CONCORDIA,404,"","",RUA DA CONCORDIA,404,"",SÃO JOSÉ,,CIDADE,COLISÃO TRASEIRA,COLISAO S/ VITIMA. DOIS VEICULOS,2,,,,,,,,,0,,Longo da via,Bom,Sem defeito,Perfeito estado,Seca,Perfeito estado,"",Não há placas,"",Única,Faixa seccionada,"",""
12034,2019-12-30T00:00:00,09:39:00,SEM VÍTIMA,FINALIZADA,BOA VISTA,PRC PARQUE AMORIM,"","",EM FRENTE AO BOMPREÇO SUPER,PRC PARQUE AMORIM,"",EM FRENTE AO BOMPREÇO SUPER,BOA VISTA,,SUBURBIO,ABALROAMENTO LONGITUDINAL,ONIBUS E AUTO,1,,,,,1,,,,0,,Longo da via,Bom,Não existe,Perfeito estado,Seca,Perfeito estado,Não existe,Outras,40 km/h,Única,Não existe,"",""
12035,2019-12-30T00:00:00,09:52:00,SEM VÍTIMA,FINALIZADA,PINA,AV ENCANTA MOCA,11,RUA SAO LUIZ,"",AV ENCANTA MOCA,11,"",PINA,,SUBURBIO,ABALROAMENTO LONGITUDINAL,COLISAO S/ VITIMA. VEICULO E UM ONIBUS,1,,,,,1,,,,0,,Cruzamento,Bom,Não existe,Não existente,Seca,Perfeito estado,Não existe,Não há placas,"",Dupla,Não existe,"",""
12036,2019-12-30T00:00:00,10:07:00,SEM VÍTIMA,CANCELADA,ÁGUA FRIA,EST VELHA DE AGUA FRIA,1569,RUA RAUL POMPEIA,PROX: AO RESTAURANTE SR CALISTO,EST VELHA DE AGUA FRIA,1569,PROX: AO RESTAURANTE SR CALISTO,ÁGUA FRIA,,"",COLISÃO,COLISAO S/ VITIMA. DUAS MOTOS,,2,,,,,,,,0,,"","","","","","","","","","","","",""
12037,2019-12-30T00:00:00,10:48:00,SEM VÍTIMA,FINALIZADA,JORDÃO,RUA DR ALVARO FERRAZ,"",AV DONA ALICE MONTENEGRO LESSA,AO LADO DO CENTRO SOCIAL GUARARAPES,RUA DR ALVARO FERRAZ,"",AO LADO DO CENTRO SOCIAL GUARARAPES,JORDÃO,,"",ABALROAMENTO TRANSVERSAL,COLISÃO SEM VITIMAS,2,,,,,,,,,0,,Cruzamento,Bom,Não existe,Incompleta,Seca,Perfeito estado,Não existe,Placas Pare,30 km/h,Única,Não existe,"",""
12038,2019-12-30T00:00:00,10:56:00,SEM VÍTIMA,FINALIZADA,"",RUA DEZ DE JULHO,520,AV VINTE DE JANEIRO,VILA DOS SARGENTOS DA AERONÁUTICA,RUA DEZ DE JULHO,520,VILA DOS SARGENTOS DA AERONÁUTICA,"",,"",ABALROAMENTO TRANSVERSAL,SEM VITIMAS,1,,,,,,1,,,0,,Cruzamento,Bom,Sem defeito,Perfeito estado,Seca,Perfeito estado,Faixa de pedestre,Não há placas,40 km/h,Única,Faixa contínua,"",""
12039,2019-12-30T00:00:00,11:26:00,COM VÍTIMA,FINALIZADA,ROSARINHO,RUA CONEGO BARATA,"",AV NORTE,PROX: TRIALTO,RUA CONEGO BARATA,"",PROX: TRIALTO,ROSARINHO,62,SUBURBIO,COLISÃO TRASEIRA,COLISAO COM VTIMA. ENTRE VEICULO E MOTO. VT 06 NO LOCAL,1,1,,,,,,,,1,,Cruzamento,Bom,Sem defeito,Perfeito estado,Seca,Perfeito estado,Agente,Outras,60 km/h,Dupla,Canteiro central,"",""
12040,2019-12-30T00:00:00,11:38:00,SEM VÍTIMA,FINALIZADA,AFOGADOS,AV SUL,"","",EM FRENTE A CAIXA ECONOMICA FEDERAL,AV SUL,"",EM FRENTE A CAIXA ECONOMICA FEDERAL,AFOGADOS,,CIDADE,ABALROAMENTO LONGITUDINAL,SEM VITIMAS,1,,,,,,1,,,0,,Longo da via,Bom,Não existe,Perfeito estado,Seca,Perfeito estado,Não existe,"",40 km/h,Única,Faixa contínua,"",""
12041,2019-12-30T00:00:00,11:42:00,SEM VÍTIMA,FINALIZADA,IMBIRIBEIRA,AV PRESIDENTE DUTRA,"","",AO LADO DA CHURRASCARIA SAL E BRASA,AV PRESIDENTE DUTRA,"",AO LADO DA CHURRASCARIA SAL E BRASA,IMBIRIBEIRA,,SUBURBIO,COLISÃO TRASEIRA,DOIS CAMINHÕES,,,,,,,2,,,0,,Longo da via,Bom,Não existe,Não existente,Seca,Perfeito estado,Não existe,Não há placas,"",Dupla,Não existe,"",""
12042,2019-12-30T00:00:00,12:46:00,COM VÍTIMA,FINALIZADA,COELHOS,LGO DOS COELHOS,84,"",AO LADO DA ANTIGA FABRIGA MATARAZO E PROX. ADO IMIP,LGO DOS COELHOS,84,AO LADO DA ANTIGA FABRIGA MATARAZO E PROX. ADO IMIP,COELHOS,,SUBURBIO,COLISÃO COM CICLISTA,ATROPELAMENTO A CICLISTA,1,,,1,,,,,,1,,Longo da via,Bom,Não existe,"","","",Não existe,Não há placas,"",Dupla,Faixa seccionada,"",""
12043,2019-12-30T00:00:00,13:30:00,SEM VÍTIMA,FINALIZADA,IPUTINGA,AV JOAQUIM RIBEIRO,"","",PRÓXIMO A ESTÁTUA DO PADRE CÍCERO,AV JOAQUIM RIBEIRO,"",PRÓXIMO A ESTÁTUA DO PADRE CÍCERO,IPUTINGA,,CIDADE,ABALROAMENTO LONGITUDINAL,COLISÃO SEM VÍTIMA,2,,,,,,,,,0,,Longo da via,Bom,Não existe,Perfeito estado,Seca,Perfeito estado,Não existe,Outras,"",Dupla,Faixa contínua,Faixa seccionada,Canteiro central
12044,2019-12-30T00:00:00,14:46:00,SEM VÍTIMA,FINALIZADA,SANTO AMARO,AV CRUZ CABUGA,"","",EM FRENTE AO ARES CISNES,AV CRUZ CABUGA,"",EM FRENTE AO ARES CISNES,SANTO AMARO,,SUBURBIO,ABALROAMENTO LONGITUDINAL,COLISÃO SEM VÍTIMA,1,1,,,,,,,,0,,Longo da via,Bom,Não existe,Perfeito estado,Seca,Perfeito estado,Não existe,Não há placas,50 km/h,Única,Faixa seccionada,"",""
12045,2019-12-30T00:00:00,15:29:00,SEM VÍTIMA,FINALIZADA,TORRE,RUA PROFESSOR TRAJANO DE MENDONCA,"",RUA VITORIANO PALHARES,AO LADO DO ATACADO DOS PRESENTES,RUA PROFESSOR TRAJANO DE MENDONCA,"",AO LADO DO ATACADO DOS PRESENTES,TORRE,,"",ABALROAMENTO LONGITUDINAL,COLISÃO SEM VÍTIMA,2,,,,,,,,,0,,Cruzamento,Bom,Não existe,Perfeito estado,Seca,Perfeito estado,Não existe,Outras,40 km/h,Única,Faixa seccionada,"",""
12046,2019-12-30T00:00:00,15:33:00,SEM VÍTIMA,FINALIZADA,JOANA BEZERRA,VDO PAPA JOAO PAULO II,"","",SOBRE O VIADUTO,VDO PAPA JOAO PAULO II,"",SOBRE O VIADUTO,JOANA BEZERRA,,"",COLISÃO TRASEIRA,COLISÃO SEM VÍTIMA,3,,,,,,,,,0,,Viaduto,Bom,Não existe,Perfeito estado,Seca,Perfeito estado,Não existe,Não há placas,60 km/h,Dupla,"","",""
12047,2019-12-30T00:00:00,17:08:00,SEM VÍTIMA,FINALIZADA,BOA VISTA,RUA DA SANTA CRUZ,212,"","",RUA DA SANTA CRUZ,212,"",BOA VISTA,,SUBURBIO,ABALROAMENTO LONGITUDINAL,COLISÃO SEM VÍTIMA,1,,,,,1,,,,0,,Longo da via,Bom,Não existe,"",Seca,Perfeito estado,Não existe,R-6a,"",Única,Faixa seccionada,"",""
12048,2019-12-30T00:00:00,17:19:00,COM VÍTIMA,FINALIZADA,JORDÃO,RUA EMILIO MONTEIRO FONSECA,1560,RUA MUNIZ FERREIRA,EM FRENTE A OFICINA MECANICA DO IRMAO SANDRO,RUA EMILIO MONTEIRO FONSECA,1560,EM FRENTE A OFICINA MECANICA DO IRMAO SANDRO,JORDÃO,,BR 101,ABALROAMENTO LONGITUDINAL,COLISÃO COM VÍTIMA,,1,,,,1,,,,1,,Longo da via,Bom,Não existe,Perfeito estado,Seca,Perfeito estado,Não existe,R-6a,30 km/h,Dupla,Faixa seccionada,"",""
12049,2019-12-30T00:00:00,17:48:00,COM VÍTIMA,DUPLICIDADE,JORDÃO,RUA EMILIO MONTEIRO FONSECA,1560,"",APÓS O TERMINAL DE JORDÃO BAIXO / E/F AO ARMAZÉM DE MIRO,RUA EMILIO MONTEIRO FONSECA,1560,APÓS O TERMINAL DE JORDÃO BAIXO / E/F AO ARMAZÉM DE MIRO,JORDÃO,,"",COLISÃO,ENTRE MICRO ÔNIBUS E MOTO. C/V,,1,,,,1,,,,1,,"","","","","","","","","","","","",""
12050,2019-12-30T00:00:00,18:17:00,SEM VÍTIMA,FINALIZADA,BEBERIBE,AV BEBERIBE,"","",EM FRENTE A PRAÇA DA CONVENÇÃO,AV BEBERIBE,"",EM FRENTE A PRAÇA DA CONVENÇÃO,BEBERIBE,,SUBURBIO,ABALROAMENTO LONGITUDINAL,ENTRE ONIBUS X AUTO PASSEIO S/V,1,,,,,1,,,,0,,"",Bom,Não existe,Incompleta,Seca,Mal conservada,Não existe,Não há placas,"",Dupla,Canteiro central,"",""
12051,2019-12-30T00:00:00,18:26:00,COM VÍTIMA,CANCELADA,ROSARINHO,AV NORTE,"",AV SANTOS DUMONT,E/F A PADARIA ROSARINHO DELICATESSEN E POSTO BR --- SEMÁFORO 081,AV NORTE,"",E/F A PADARIA ROSARINHO DELICATESSEN E POSTO BR --- SEMÁFORO 081,ROSARINHO,,"",COLISÃO,ENTRE AUTO E MOTO. C/V,1,1,,,,,,,,1,,"","","","","","","","","","","","",""
12052,2019-12-30T00:00:00,20:30:00,SEM VÍTIMA,FINALIZADA,NOVA DESCOBERTA,RUA DR ALTO CAETE,883,"","",RUA DR ALTO CAETE,883,"",NOVA DESCOBERTA,,SUBURBIO,CHOQUE OBJETO FIXO,CONDUTOR DA VAN PERDEU O CONTROLE DO VEÍCULO E ACABOU SE CHOCANDO CONTRA O CONTADOR DA BARBEARIA,,,,,,1,,,,0,,Longo da via,Bom,Não existe,Não existente,Seca,Mal iluminada,Não existe,Não há placas,"",Dupla,Não existe,"",""
12053,2019-12-31T00:00:00,00:48:00,COM VÍTIMA,FINALIZADA,AFOGADOS,RUA MOTOCOLOMBO,"",RUA PROFESSOR AUGUSTO WANDERLEY FILHO,AO LADO DO JUCA MÓVEIS,RUA MOTOCOLOMBO,"",AO LADO DO JUCA MÓVEIS,AFOGADOS,39,SUBURBIO,ABALROAMENTO TRANSVERSAL,COLISÃO ENTRE AUTO E VIATURA DO SAMU C/V,1,,,,,,,1,,1,,Cruzamento,Bom,Sem defeito,Perfeito estado,Seca,Perfeito estado,Faixa de pedestre,"","","",Faixa seccionada,"",""
12054,2019-12-31T00:00:00,03:59:00,COM VÍTIMA,FINALIZADA,BOA VIAGEM,AV ENGENHEIRO DOMINGOS FERREIRA,2655,RUA PROFESSOR JOSE BRANDAO,LADO OPOSTO AO POSTO BR,AV ENGENHEIRO DOMINGOS FERREIRA,2655,LADO OPOSTO AO POSTO BR,BOA VIAGEM,550,SUBURBIO,CHOQUE OBJETO FIXO,"AUTO CHOCOU-SE EM UMA ÁRVORE C/V, VEÍCULO ESTÁ ATRAVESSADO NA VIA",1,,,,,,,,,1,,Longo da via,Bom,Sem defeito,Perfeito estado,Seca,Perfeito estado,Outros,Não há placas,"",Única,Faixa seccionada,"",""
12055,2019-12-31T00:00:00,07:31:00,SEM VÍTIMA,FINALIZADA,BOA VIAGEM,AV ENGENHEIRO DOMINGOS FERREIRA,"","",EM FRENTE A WIZARD,AV ENGENHEIRO DOMINGOS FERREIRA,"",EM FRENTE A WIZARD,BOA VIAGEM,,SUBURBIO,ABALROAMENTO LONGITUDINAL,SEM VITIMAS,1,1,,,,,,,,0,,Longo da via,Chuvoso,Sem defeito,Perfeito estado,Molhada,Perfeito estado,Faixa de pedestre,Não há placas,"",Única,Faixa contínua,"",""
12056,2019-12-31T00:00:00,10:53:00,SEM VÍTIMA,CANCELADA,TORRÕES,AV ENGENHEIRO ABDIAS DE CARVALHO,"","",PROX: SOS ALTO PEÇAS,AV ENGENHEIRO ABDIAS DE CARVALHO,"",PROX: SOS ALTO PEÇAS,TORRÕES,,CURADO,COLISÃO,COLISAO S/VITIMA. MOTO E CAMINHAO,,1,,,,,1,,,0,,"","","","","","","","","","","","",""
12057,2019-12-31T00:00:00,12:52:00,SEM VÍTIMA,FINALIZADA,ESTÂNCIA,AV RECIFE,"","",PICANHA REAL,AV RECIFE,"",PICANHA REAL,ESTÂNCIA,261,"",COLISÃO TRASEIRA,COLISAO ENTRE DOIS AUTOS S/V,2,,,,,,,,,0,,Longo da via,Bom,Sem defeito,Perfeito estado,Seca,Perfeito estado,Faixa de pedestre,"","",Dupla,Faixa seccionada,"",""
12058,2019-12-31T00:00:00,13:37:00,SEM VÍTIMA,PENDENTE,VÁRZEA,AV AFONSO OLINDENSE,"","",PROX. A PADARIA CAXANGÁ,AV AFONSO OLINDENSE,"",PROX. A PADARIA CAXANGÁ,VÁRZEA,,"",COLISÃO,COLISÃO SEM VITIMA,1,1,,,,,,,,0,,"","","","","","","","","","","","",""
12059,2019-12-31T00:00:00,13:39:00,SEM VÍTIMA,CANCELADA,BOA VIAGEM,RUA TENENTE DOMINGOS DE BRITO,1002,"",E/F AO EMPRESARIAL 1002,RUA TENENTE DOMINGOS DE BRITO,1002,E/F AO EMPRESARIAL 1002,BOA VIAGEM,,"",COLISÃO,ONIBUS X AUTO PASSEIO S/V,1,,,,,1,,,,0,,"","","","","","","","","","","","",""
12060,2019-12-31T00:00:00,14:30:00,SEM VÍTIMA,FINALIZADA,CASA AMARELA,RUA XAVANTES,"",RUA OSCAR DE BARROS,"",RUA XAVANTES,"","",CASA AMARELA,,"",ABALROAMENTO TRANSVERSAL,ENTRE DOIS AUTOS,2,,,,,,,,,0,,Cruzamento,Bom,Não existe,Perfeito estado,Seca,Perfeito estado,Não existe,Placas Pare,40 km/h,Dupla,Faixa seccionada,"",""
12061,2019-12-31T00:00:00,15:40:00,SEM VÍTIMA,CANCELADA,BARRO,RUA DA ESPERANCA,"",AV DR JOSE RUFINO,E/F AO MOTEL SUITE 9,RUA DA ESPERANCA,"",E/F AO MOTEL SUITE 9,BARRO,,"",COLISÃO,ENTRE DOIS AUTOS,2,,,,,,,,,0,,"","","","","","","","","","","","",""
12062,2019-12-31T00:00:00,22:17:00,COM VÍTIMA,FINALIZADA,PORTO DA MADEIRA,LAD DO SAPOTI,105,"",PRÓX AO SESC SENAC E PADARIA ALTO CÉU,LAD DO SAPOTI,105,PRÓX AO SESC SENAC E PADARIA ALTO CÉU,PORTO DA MADEIRA,,SUBURBIO,ATROPELAMENTO,"SEGUNDO AS INFORMAÇÕES REPASSADAS PELO USUÁRIO, AS DUAS PEDESTRES SE ENCONTRAVAM PARADAS NA CALÇADA E O CARRO BASTANTE ACELERADO E SEM CONTROLE, ACABOU SE CHOCANDO CONTRA AMBAS. AS DUAS SE MACHUCARAM, PORÉM APENAS UMA FOI SOCORRIDA.",1,,,,2,,,,,2,,Longo da via,Chuvoso,Não existe,Não existente,Molhada,Perfeito estado,Não existe,Não há placas,"",Dupla,Não existe,"",""